{"type":"FeatureCollection","features":[{"type":"Feature","properties":{"unit_id":"12086000610","name":"Census Tract 6.10","native_id":"12086000610","source":"census_tract_2025","adm3_name":"Miami-Dade County","adm3_id":"12086","area_sqm":619701,"split":false,"population":2185.5913505972926,"days_covered":18,"daytime_peak_f":102.6,"heat_anomaly_f":4.5,"extreme_pct":28.0,"nighttime_stress_f":-4.7,"daytime_peak_f_climrel":0.6666,"heat_anomaly_f_climrel":0.6666,"nighttime_stress_f_climrel":-0.3,"extreme_pct_climrel":0.7,"ref_daytime_hi_mean":98.0,"ref_daytime_hi_p95":103.2,"rwi_mean":null,"health_per_10k":0.0,"built_frac":0.914,"tree_frac":0.079,"canopy_frac_over_3m":0.117,"viirs_mean":77.0,"gdl_hdi":0.936,"gdl_region":"Florida","ghsl_smod":30,"lst_anomaly_c":2.08,"lst_anomaly_c_climrel":0.26,"worldpop_pop_total":2128.0,"frac_under5":3.2,"frac_elderly_65plus":27.2,"frac_elderly_75plus":13.7,"old_age_dependency_ratio":0.437,"has_data":true},"geometry":{"type":"Polygon","coordinates":[[[-80.278747,25.861476],[-80.272652,25.861654],[-80.272642,25.859829],[-80.272639,25.857046],[-80.272645,25.856127],[-80.272623,25.852421],[-80.278593,25.852233],[-80.278681,25.856842],[-80.278747,25.861476]]]}},{"type":"Feature","properties":{"unit_id":"12086017401","name":"Census Tract 174.01","native_id":"12086017401","source":"census_tract_2025","adm3_name":"Miami-Dade County","adm3_id":"12086","area_sqm":692855,"split":false,"population":1471.0,"days_covered":18,"daytime_peak_f":102.4,"heat_anomaly_f":4.6,"extreme_pct":33.0,"nighttime_stress_f":-5.5,"daytime_peak_f_climrel":0.6622,"heat_anomaly_f_climrel":0.6622,"nighttime_stress_f_climrel":-0.3,"extreme_pct_climrel":0.825,"ref_daytime_hi_mean":97.8,"ref_daytime_hi_p95":103.3,"rwi_mean":null,"health_per_10k":0.0,"built_frac":0.58,"tree_frac":0.191,"canopy_frac_over_3m":0.161,"viirs_mean":38.4,"gdl_hdi":0.936,"gdl_region":"Florida","ghsl_smod":30,"lst_anomaly_c":-0.36,"lst_anomaly_c_climrel":0,"worldpop_pop_total":1735.0,"frac_under5":4.1,"frac_elderly_65plus":23.6,"frac_elderly_75plus":10.4,"old_age_dependency_ratio":0.38,"has_data":true},"geometry":{"type":"Polygon","coordinates":[[[-80.424796,25.693511],[-80.422723,25.697919],[-80.422519,25.699714],[-80.414508,25.699951],[-80.414495,25.697229],[-80.415711,25.693067],[-80.415677,25.690353],[-80.415705,25.689963],[-80.418949,25.692342],[-80.419826,25.69248],[-80.424441,25.691406],[-80.424796,25.693511]]]}},{"type":"Feature","properties":{"unit_id":"12086000710","name":"Census Tract 7.10","native_id":"12086000710","source":"census_tract_2025","adm3_name":"Miami-Dade County","adm3_id":"12086","area_sqm":622906,"split":false,"population":4514.0,"days_covered":18,"daytime_peak_f":102.1,"heat_anomaly_f":4.6,"extreme_pct":44.0,"nighttime_stress_f":-4.1,"daytime_peak_f_climrel":0.6814,"heat_anomaly_f_climrel":0.6814,"nighttime_stress_f_climrel":-0.3,"extreme_pct_climrel":1,"ref_daytime_hi_mean":97.5,"ref_daytime_hi_p95":102.7,"rwi_mean":null,"health_per_10k":0.0,"built_frac":0.898,"tree_frac":0.037,"canopy_frac_over_3m":0.059,"viirs_mean":125.6,"gdl_hdi":0.936,"gdl_region":"Florida","ghsl_smod":30,"lst_anomaly_c":3.23,"lst_anomaly_c_climrel":0.4037,"worldpop_pop_total":5617.0,"frac_under5":4.4,"frac_elderly_65plus":28.7,"frac_elderly_75plus":15.3,"old_age_dependency_ratio":0.484,"has_data":true},"geometry":{"type":"Polygon","coordinates":[[[-80.314363,25.84797],[-80.310328,25.847991],[-80.306304,25.847986],[-80.30229,25.847996],[-80.302118,25.84109],[-80.304089,25.839986],[-80.304249,25.840061],[-80.304862,25.84051],[-80.306335,25.841593],[-80.310222,25.844505],[-80.314341,25.847584],[-80.314345,25.847719],[-80.314363,25.84797]]]}},{"type":"Feature","properties":{"unit_id":"12086008416","name":"Census Tract 84.16","native_id":"12086008416","source":"census_tract_2025","adm3_name":"Miami-Dade County","adm3_id":"12086","area_sqm":1394828,"split":false,"population":1127.0,"days_covered":18,"daytime_peak_f":102.4,"heat_anomaly_f":4.6,"extreme_pct":33.0,"nighttime_stress_f":-5.5,"daytime_peak_f_climrel":0.6622,"heat_anomaly_f_climrel":0.6622,"nighttime_stress_f_climrel":-0.3,"extreme_pct_climrel":0.825,"ref_daytime_hi_mean":97.8,"ref_daytime_hi_p95":103.3,"rwi_mean":null,"health_per_10k":26.619343389529725,"built_frac":0.562,"tree_frac":0.28,"canopy_frac_over_3m":0.194,"viirs_mean":60.2,"gdl_hdi":0.936,"gdl_region":"Florida","ghsl_smod":30,"lst_anomaly_c":-0.41,"lst_anomaly_c_climrel":0,"worldpop_pop_total":4394.0,"frac_under5":4.1,"frac_elderly_65plus":24.5,"frac_elderly_75plus":12.8,"old_age_dependency_ratio":0.393,"has_data":true},"geometry":{"type":"Polygon","coordinates":[[[-80.368054,25.682647],[-80.365995,25.685565],[-80.365855,25.686978],[-80.360746,25.687169],[-80.360199,25.687202],[-80.352019,25.68745],[-80.358637,25.680054],[-80.359111,25.679526],[-80.359159,25.679472],[-80.365707,25.672156],[-80.367697,25.672411],[-80.368064,25.679694],[-80.368054,25.682647]]]}},{"type":"Feature","properties":{"unit_id":"12086000806","name":"Census Tract 8.06","native_id":"12086000806","source":"census_tract_2025","adm3_name":"Miami-Dade County","adm3_id":"12086","area_sqm":1916984,"split":false,"population":4058.0,"days_covered":18,"daytime_peak_f":102.1,"heat_anomaly_f":4.6,"extreme_pct":44.0,"nighttime_stress_f":-4.1,"daytime_peak_f_climrel":0.6814,"heat_anomaly_f_climrel":0.6814,"nighttime_stress_f_climrel":-0.3,"extreme_pct_climrel":1,"ref_daytime_hi_mean":97.5,"ref_daytime_hi_p95":102.7,"rwi_mean":null,"health_per_10k":4.9285362247412525,"built_frac":0.65,"tree_frac":0.092,"canopy_frac_over_3m":0.104,"viirs_mean":114.9,"gdl_hdi":0.936,"gdl_region":"Florida","ghsl_smod":30,"lst_anomaly_c":2.59,"lst_anomaly_c_climrel":0.3237,"worldpop_pop_total":3955.0,"frac_under5":3.3,"frac_elderly_65plus":30.9,"frac_elderly_75plus":17.3,"old_age_dependency_ratio":0.528,"has_data":true},"geometry":{"type":"Polygon","coordinates":[[[-80.290155,25.848014],[-80.282349,25.848324],[-80.28246,25.851173],[-80.274627,25.851432],[-80.274233,25.844699],[-80.272214,25.844743],[-80.268226,25.844895],[-80.266181,25.845229],[-80.260112,25.845428],[-80.259614,25.845478],[-80.259525,25.842171],[-80.272046,25.841741],[-80.274041,25.841678],[-80.279997,25.841487],[-80.290033,25.841167],[-80.290155,25.848014]]]}},{"type":"Feature","properties":{"unit_id":"12086010019","name":"Census Tract 100.19","native_id":"12086010019","source":"census_tract_2025","adm3_name":"Miami-Dade County","adm3_id":"12086","area_sqm":1260279,"split":false,"population":3639.0,"days_covered":18,"daytime_peak_f":103.3,"heat_anomaly_f":5.4,"extreme_pct":33.0,"nighttime_stress_f":-5.5,"daytime_peak_f_climrel":0.7702,"heat_anomaly_f_climrel":0.7702,"nighttime_stress_f_climrel":-0.3,"extreme_pct_climrel":0.825,"ref_daytime_hi_mean":97.9,"ref_daytime_hi_p95":103.4,"rwi_mean":null,"health_per_10k":0.0,"built_frac":0.77,"tree_frac":0.101,"canopy_frac_over_3m":0.127,"viirs_mean":40.0,"gdl_hdi":0.936,"gdl_region":"Florida","ghsl_smod":30,"lst_anomaly_c":1.43,"lst_anomaly_c_climrel":0.1787,"worldpop_pop_total":4362.0,"frac_under5":4.0,"frac_elderly_65plus":22.3,"frac_elderly_75plus":10.7,"old_age_dependency_ratio":0.342,"has_data":true},"geometry":{"type":"Polygon","coordinates":[[[-80.278209,25.954172],[-80.270057,25.954524],[-80.262051,25.954797],[-80.261705,25.947598],[-80.269706,25.947278],[-80.274368,25.947089],[-80.277792,25.946962],[-80.278209,25.954172]]]}},{"type":"Feature","properties":{"unit_id":"12086006717","name":"Census Tract 67.17","native_id":"12086006717","source":"census_tract_2025","adm3_name":"Miami-Dade County","adm3_id":"12086","area_sqm":47423,"split":false,"population":1001.7933463866468,"days_covered":18,"daytime_peak_f":101.9,"heat_anomaly_f":5.5,"extreme_pct":39.0,"nighttime_stress_f":-3.1,"daytime_peak_f_climrel":0.8322,"heat_anomaly_f_climrel":0.8322,"nighttime_stress_f_climrel":-0.3,"extreme_pct_climrel":0.975,"ref_daytime_hi_mean":96.4,"ref_daytime_hi_p95":101.7,"rwi_mean":null,"health_per_10k":0.0,"built_frac":0.926,"tree_frac":0.018,"canopy_frac_over_3m":0.109,"viirs_mean":235.6,"gdl_hdi":0.936,"gdl_region":"Florida","ghsl_smod":30,"lst_anomaly_c":-4.12,"lst_anomaly_c_climrel":0,"worldpop_pop_total":3057.0,"frac_under5":4.2,"frac_elderly_65plus":4.5,"frac_elderly_75plus":1.4,"old_age_dependency_ratio":0.051,"has_data":true},"geometry":{"type":"Polygon","coordinates":[[[-80.195402,25.76347],[-80.193208,25.76351],[-80.193114,25.762517],[-80.193278,25.761585],[-80.19512,25.76154],[-80.195379,25.76248],[-80.195402,25.76347]]]}},{"type":"Feature","properties":{"unit_id":"12086007801","name":"Census Tract 78.01","native_id":"12086007801","source":"census_tract_2025","adm3_name":"Miami-Dade County","adm3_id":"12086","area_sqm":2264881,"split":false,"population":717.0,"days_covered":18,"daytime_peak_f":102.2,"heat_anomaly_f":5.2,"extreme_pct":28.0,"nighttime_stress_f":-3.6,"daytime_peak_f_climrel":0.7489,"heat_anomaly_f_climrel":0.7489,"nighttime_stress_f_climrel":-0.3,"extreme_pct_climrel":0.7,"ref_daytime_hi_mean":97.0,"ref_daytime_hi_p95":102.0,"rwi_mean":null,"health_per_10k":0.0,"built_frac":0.066,"tree_frac":0.821,"canopy_frac_over_3m":0.634,"viirs_mean":25.2,"gdl_hdi":0.936,"gdl_region":"Florida","ghsl_smod":30,"lst_anomaly_c":-6.58,"lst_anomaly_c_climrel":0,"worldpop_pop_total":944.0,"frac_under5":2.4,"frac_elderly_65plus":28.7,"frac_elderly_75plus":10.4,"old_age_dependency_ratio":0.503,"has_data":true},"geometry":{"type":"Polygon","coordinates":[[[-80.284856,25.689672],[-80.269925,25.69015],[-80.270464,25.688227],[-80.271174,25.686974],[-80.272434,25.685259],[-80.27297,25.681892],[-80.2744,25.679387],[-80.27706,25.67636],[-80.278179,25.67382],[-80.279649,25.666298],[-80.280133,25.665112],[-80.280658,25.664538],[-80.281134,25.6642],[-80.2816,25.663966],[-80.28218,25.663777],[-80.28393,25.663668],[-80.283934,25.663756],[-80.283961,25.664289],[-80.284106,25.668367],[-80.28439,25.676675],[-80.284843,25.689064],[-80.284856,25.689672]]]}},{"type":"Feature","properties":{"unit_id":"12086002001","name":"Census Tract 20.01","native_id":"12086002001","source":"census_tract_2025","adm3_name":"Miami-Dade County","adm3_id":"12086","area_sqm":1066693,"split":false,"population":2609.0,"days_covered":18,"daytime_peak_f":101.9,"heat_anomaly_f":5.5,"extreme_pct":39.0,"nighttime_stress_f":-3.1,"daytime_peak_f_climrel":0.8322,"heat_anomaly_f_climrel":0.8322,"nighttime_stress_f_climrel":-0.3,"extreme_pct_climrel":0.975,"ref_daytime_hi_mean":96.4,"ref_daytime_hi_p95":101.7,"rwi_mean":null,"health_per_10k":0.0,"built_frac":0.727,"tree_frac":0.2,"canopy_frac_over_3m":0.173,"viirs_mean":96.2,"gdl_hdi":0.936,"gdl_region":"Florida","ghsl_smod":30,"lst_anomaly_c":4.14,"lst_anomaly_c_climrel":0.5175,"worldpop_pop_total":4099.0,"frac_under5":5.7,"frac_elderly_65plus":23.5,"frac_elderly_75plus":9.6,"old_age_dependency_ratio":0.394,"has_data":true},"geometry":{"type":"Polygon","coordinates":[[[-80.206181,25.836075],[-80.200516,25.836208],[-80.196419,25.836333],[-80.196587,25.840039],[-80.192513,25.840159],[-80.18835,25.840243],[-80.188147,25.836509],[-80.187971,25.833222],[-80.19223,25.832699],[-80.192831,25.832725],[-80.196244,25.832622],[-80.200363,25.832502],[-80.206009,25.83232],[-80.206181,25.836075]]]}},{"type":"Feature","properties":{"unit_id":"12086009101","name":"Census Tract 91.01","native_id":"12086009101","source":"census_tract_2025","adm3_name":"Miami-Dade County","adm3_id":"12086","area_sqm":924911,"split":false,"population":5085.0,"days_covered":18,"daytime_peak_f":102.1,"heat_anomaly_f":4.6,"extreme_pct":44.0,"nighttime_stress_f":-4.1,"daytime_peak_f_climrel":0.6814,"heat_anomaly_f_climrel":0.6814,"nighttime_stress_f_climrel":-0.3,"extreme_pct_climrel":1,"ref_daytime_hi_mean":97.5,"ref_daytime_hi_p95":102.7,"rwi_mean":null,"health_per_10k":0.0,"built_frac":0.758,"tree_frac":0.089,"canopy_frac_over_3m":0.127,"viirs_mean":96.4,"gdl_hdi":0.936,"gdl_region":"Florida","ghsl_smod":30,"lst_anomaly_c":2.03,"lst_anomaly_c_climrel":0.2537,"worldpop_pop_total":3251.0,"frac_under5":4.7,"frac_elderly_65plus":23.8,"frac_elderly_75plus":12.2,"old_age_dependency_ratio":0.373,"has_data":true},"geometry":{"type":"Polygon","coordinates":[[[-80.320871,25.762398],[-80.320468,25.764791],[-80.320638,25.769881],[-80.320714,25.776917],[-80.319993,25.776889],[-80.31985,25.776934],[-80.312458,25.777166],[-80.312234,25.77074],[-80.313045,25.770141],[-80.315774,25.768089],[-80.317774,25.76264],[-80.320598,25.762415],[-80.320871,25.762398]]]}},{"type":"Feature","properties":{"unit_id":"12086009020","name":"Census Tract 90.20","native_id":"12086009020","source":"census_tract_2025","adm3_name":"Miami-Dade County","adm3_id":"12086","area_sqm":312716,"split":false,"population":7668.0,"days_covered":18,"daytime_peak_f":102.3,"heat_anomaly_f":4.1,"extreme_pct":33.0,"nighttime_stress_f":-5.1,"daytime_peak_f_climrel":0.6155,"heat_anomaly_f_climrel":0.6155,"nighttime_stress_f_climrel":-0.3,"extreme_pct_climrel":0.825,"ref_daytime_hi_mean":98.1,"ref_daytime_hi_p95":103.4,"rwi_mean":null,"health_per_10k":1.3041210224308815,"built_frac":0.924,"tree_frac":0.042,"canopy_frac_over_3m":0.1,"viirs_mean":119.8,"gdl_hdi":0.936,"gdl_region":"Florida","ghsl_smod":30,"lst_anomaly_c":1.01,"lst_anomaly_c_climrel":0.1263,"worldpop_pop_total":3261.0,"frac_under5":4.0,"frac_elderly_65plus":21.2,"frac_elderly_75plus":9.5,"old_age_dependency_ratio":0.316,"has_data":true},"geometry":{"type":"Polygon","coordinates":[[[-80.372998,25.768379],[-80.368995,25.76845],[-80.368691,25.764861],[-80.368454,25.761827],[-80.368408,25.7613],[-80.372466,25.761229],[-80.372454,25.76173],[-80.372692,25.764808],[-80.372998,25.768379]]]}},{"type":"Feature","properties":{"unit_id":"12086011011","name":"Census Tract 110.11","native_id":"12086011011","source":"census_tract_2025","adm3_name":"Miami-Dade County","adm3_id":"12086","area_sqm":2130165,"split":false,"population":4816.0,"days_covered":18,"daytime_peak_f":100.7,"heat_anomaly_f":3.0,"extreme_pct":17.0,"nighttime_stress_f":-8.0,"daytime_peak_f_climrel":0.4742,"heat_anomaly_f_climrel":0.4742,"nighttime_stress_f_climrel":-0.3,"extreme_pct_climrel":0.425,"ref_daytime_hi_mean":97.7,"ref_daytime_hi_p95":102.5,"rwi_mean":null,"health_per_10k":2.0764119601328903,"built_frac":0.6,"tree_frac":0.117,"canopy_frac_over_3m":0.162,"viirs_mean":85.7,"gdl_hdi":0.936,"gdl_region":"Florida","ghsl_smod":30,"lst_anomaly_c":null,"lst_anomaly_c_climrel":null,"worldpop_pop_total":5428.0,"frac_under5":5.7,"frac_elderly_65plus":16.3,"frac_elderly_75plus":5.8,"old_age_dependency_ratio":0.249,"has_data":true},"geometry":{"type":"Polygon","coordinates":[[[-80.469567,25.477229],[-80.46515,25.48185],[-80.462376,25.484583],[-80.461002,25.484584],[-80.453823,25.491978],[-80.451981,25.491994],[-80.451779,25.490921],[-80.447875,25.486506],[-80.447851,25.484691],[-80.447765,25.482329],[-80.447596,25.481066],[-80.447013,25.479051],[-80.446864,25.477387],[-80.452778,25.477374],[-80.460356,25.477301],[-80.460901,25.477313],[-80.465081,25.477256],[-80.468087,25.477218],[-80.469567,25.477229]]]}},{"type":"Feature","properties":{"unit_id":"12086012105","name":"Census Tract 121.05","native_id":"12086012105","source":"census_tract_2025","adm3_name":"Miami-Dade County","adm3_id":"12086","area_sqm":379543,"split":false,"population":4196.0,"days_covered":18,"daytime_peak_f":102.6,"heat_anomaly_f":4.5,"extreme_pct":28.0,"nighttime_stress_f":-4.7,"daytime_peak_f_climrel":0.6666,"heat_anomaly_f_climrel":0.6666,"nighttime_stress_f_climrel":-0.3,"extreme_pct_climrel":0.7,"ref_daytime_hi_mean":98.0,"ref_daytime_hi_p95":103.2,"rwi_mean":null,"health_per_10k":0.0,"built_frac":0.649,"tree_frac":0.014,"canopy_frac_over_3m":0.11,"viirs_mean":62.2,"gdl_hdi":0.936,"gdl_region":"Florida","ghsl_smod":30,"lst_anomaly_c":0.2,"lst_anomaly_c_climrel":0.025,"worldpop_pop_total":4267.0,"frac_under5":5.8,"frac_elderly_65plus":12.6,"frac_elderly_75plus":4.7,"old_age_dependency_ratio":0.185,"has_data":true},"geometry":{"type":"Polygon","coordinates":[[[-80.322879,25.931789],[-80.322325,25.933588],[-80.317628,25.932913],[-80.317293,25.933104],[-80.317147,25.932006],[-80.316225,25.932025],[-80.314904,25.931827],[-80.314584,25.931333],[-80.314759,25.928844],[-80.323868,25.928578],[-80.322879,25.931789]]]}},{"type":"Feature","properties":{"unit_id":"12086011012","name":"Census Tract 110.12","native_id":"12086011012","source":"census_tract_2025","adm3_name":"Miami-Dade County","adm3_id":"12086","area_sqm":1002113,"split":false,"population":3088.0,"days_covered":18,"daytime_peak_f":101.3,"heat_anomaly_f":3.8,"extreme_pct":28.0,"nighttime_stress_f":-6.7,"daytime_peak_f_climrel":0.5456,"heat_anomaly_f_climrel":0.5456,"nighttime_stress_f_climrel":-0.3,"extreme_pct_climrel":0.7,"ref_daytime_hi_mean":97.6,"ref_daytime_hi_p95":102.6,"rwi_mean":null,"health_per_10k":0.0,"built_frac":0.693,"tree_frac":0.066,"canopy_frac_over_3m":0.106,"viirs_mean":42.9,"gdl_hdi":0.936,"gdl_region":"Florida","ghsl_smod":30,"lst_anomaly_c":null,"lst_anomaly_c_climrel":null,"worldpop_pop_total":3022.0,"frac_under5":5.3,"frac_elderly_65plus":19.0,"frac_elderly_75plus":7.5,"old_age_dependency_ratio":0.302,"has_data":true},"geometry":{"type":"Polygon","coordinates":[[[-80.442271,25.478685],[-80.43872,25.478947],[-80.436689,25.480266],[-80.436372,25.481208],[-80.436484,25.484843],[-80.436542,25.486977],[-80.436551,25.487583],[-80.436683,25.492123],[-80.428638,25.49219],[-80.428505,25.486843],[-80.428441,25.484302],[-80.433948,25.480839],[-80.439348,25.477495],[-80.442281,25.477423],[-80.442271,25.478685]]]}},{"type":"Feature","properties":{"unit_id":"12086010023","name":"Census Tract 100.23","native_id":"12086010023","source":"census_tract_2025","adm3_name":"Miami-Dade County","adm3_id":"12086","area_sqm":657679,"split":false,"population":1552.2984976636067,"days_covered":18,"daytime_peak_f":102.0,"heat_anomaly_f":5.1,"extreme_pct":33.0,"nighttime_stress_f":-3.1,"daytime_peak_f_climrel":0.7587,"heat_anomaly_f_climrel":0.7587,"nighttime_stress_f_climrel":-0.3,"extreme_pct_climrel":0.825,"ref_daytime_hi_mean":96.8,"ref_daytime_hi_p95":102.3,"rwi_mean":null,"health_per_10k":0.0,"built_frac":0.662,"tree_frac":0.046,"canopy_frac_over_3m":0.117,"viirs_mean":62.0,"gdl_hdi":0.936,"gdl_region":"Florida","ghsl_smod":30,"lst_anomaly_c":3.31,"lst_anomaly_c_climrel":0.4138,"worldpop_pop_total":2576.0,"frac_under5":6.8,"frac_elderly_65plus":13.7,"frac_elderly_75plus":5.2,"old_age_dependency_ratio":0.213,"has_data":true},"geometry":{"type":"Polygon","coordinates":[[[-80.253912,25.953036],[-80.25031,25.953541],[-80.248317,25.955367],[-80.248323,25.960593],[-80.247697,25.961147],[-80.246512,25.961126],[-80.246092,25.955472],[-80.245659,25.948172],[-80.248014,25.948094],[-80.253668,25.947885],[-80.253912,25.953036]]]}},{"type":"Feature","properties":{"unit_id":"12086002900","name":"Census Tract 29","native_id":"12086002900","source":"census_tract_2025","adm3_name":"Miami-Dade County","adm3_id":"12086","area_sqm":1427840,"split":false,"population":9970.0,"days_covered":18,"daytime_peak_f":101.9,"heat_anomaly_f":5.5,"extreme_pct":39.0,"nighttime_stress_f":-3.1,"daytime_peak_f_climrel":0.8322,"heat_anomaly_f_climrel":0.8322,"nighttime_stress_f_climrel":-0.3,"extreme_pct_climrel":0.975,"ref_daytime_hi_mean":96.4,"ref_daytime_hi_p95":101.7,"rwi_mean":null,"health_per_10k":1.0030090270812437,"built_frac":0.895,"tree_frac":0.079,"canopy_frac_over_3m":0.113,"viirs_mean":130.4,"gdl_hdi":0.936,"gdl_region":"Florida","ghsl_smod":30,"lst_anomaly_c":4.24,"lst_anomaly_c_climrel":0.53,"worldpop_pop_total":6029.0,"frac_under5":5.3,"frac_elderly_65plus":19.8,"frac_elderly_75plus":7.8,"old_age_dependency_ratio":0.313,"has_data":true},"geometry":{"type":"Polygon","coordinates":[[[-80.223561,25.802147],[-80.217392,25.802336],[-80.215439,25.802362],[-80.213314,25.802432],[-80.21137,25.80251],[-80.207291,25.802595],[-80.205841,25.802673],[-80.205542,25.802669],[-80.205359,25.797128],[-80.207076,25.797092],[-80.207018,25.79524],[-80.213117,25.795072],[-80.215166,25.795],[-80.217118,25.79493],[-80.22167,25.794804],[-80.223257,25.794741],[-80.223561,25.802147]]]}},{"type":"Feature","properties":{"unit_id":"12086009317","name":"Census Tract 93.17","native_id":"12086009317","source":"census_tract_2025","adm3_name":"Miami-Dade County","adm3_id":"12086","area_sqm":1117071,"split":false,"population":4205.0,"days_covered":18,"daytime_peak_f":102.6,"heat_anomaly_f":4.5,"extreme_pct":28.0,"nighttime_stress_f":-4.7,"daytime_peak_f_climrel":0.6666,"heat_anomaly_f_climrel":0.6666,"nighttime_stress_f_climrel":-0.3,"extreme_pct_climrel":0.7,"ref_daytime_hi_mean":98.0,"ref_daytime_hi_p95":103.2,"rwi_mean":null,"health_per_10k":0.0,"built_frac":0.772,"tree_frac":0.025,"canopy_frac_over_3m":0.122,"viirs_mean":75.2,"gdl_hdi":0.936,"gdl_region":"Florida","ghsl_smod":30,"lst_anomaly_c":1.42,"lst_anomaly_c_climrel":0.1775,"worldpop_pop_total":4916.0,"frac_under5":3.7,"frac_elderly_65plus":24.0,"frac_elderly_75plus":12.2,"old_age_dependency_ratio":0.375,"has_data":true},"geometry":{"type":"Polygon","coordinates":[[[-80.316231,25.8988],[-80.308213,25.898794],[-80.307952,25.892455],[-80.307864,25.891569],[-80.307779,25.889748],[-80.307574,25.88417],[-80.3156,25.884168],[-80.315941,25.891574],[-80.316231,25.8988]]]}},{"type":"Feature","properties":{"unit_id":"12086008421","name":"Census Tract 84.21","native_id":"12086008421","source":"census_tract_2025","adm3_name":"Miami-Dade County","adm3_id":"12086","area_sqm":1897306,"split":false,"population":3105.0,"days_covered":18,"daytime_peak_f":102.4,"heat_anomaly_f":4.6,"extreme_pct":33.0,"nighttime_stress_f":-5.5,"daytime_peak_f_climrel":0.6622,"heat_anomaly_f_climrel":0.6622,"nighttime_stress_f_climrel":-0.3,"extreme_pct_climrel":0.825,"ref_daytime_hi_mean":97.8,"ref_daytime_hi_p95":103.3,"rwi_mean":null,"health_per_10k":3.2206119162640903,"built_frac":0.606,"tree_frac":0.297,"canopy_frac_over_3m":0.221,"viirs_mean":59.4,"gdl_hdi":0.936,"gdl_region":"Florida","ghsl_smod":30,"lst_anomaly_c":0.73,"lst_anomaly_c_climrel":0.0912,"worldpop_pop_total":4774.0,"frac_under5":3.7,"frac_elderly_65plus":25.2,"frac_elderly_75plus":9.8,"old_age_dependency_ratio":0.409,"has_data":true},"geometry":{"type":"Polygon","coordinates":[[[-80.389221,25.686131],[-80.384575,25.686395],[-80.376411,25.68665],[-80.376186,25.680318],[-80.37613,25.678771],[-80.37775,25.678],[-80.378445,25.675027],[-80.378294,25.672062],[-80.383995,25.671858],[-80.384144,25.671853],[-80.388651,25.671717],[-80.388896,25.677632],[-80.389221,25.686131]]]}},{"type":"Feature","properties":{"unit_id":"12086009065","name":"Census Tract 90.65","native_id":"12086009065","source":"census_tract_2025","adm3_name":"Miami-Dade County","adm3_id":"12086","area_sqm":1226084,"split":false,"population":2740.0,"days_covered":18,"daytime_peak_f":102.1,"heat_anomaly_f":4.6,"extreme_pct":44.0,"nighttime_stress_f":-4.1,"daytime_peak_f_climrel":0.6814,"heat_anomaly_f_climrel":0.6814,"nighttime_stress_f_climrel":-0.3,"extreme_pct_climrel":1,"ref_daytime_hi_mean":97.5,"ref_daytime_hi_p95":102.7,"rwi_mean":null,"health_per_10k":0.0,"built_frac":0.709,"tree_frac":0.017,"canopy_frac_over_3m":0.077,"viirs_mean":128.1,"gdl_hdi":0.936,"gdl_region":"Florida","ghsl_smod":30,"lst_anomaly_c":null,"lst_anomaly_c_climrel":null,"worldpop_pop_total":4172.0,"frac_under5":7.2,"frac_elderly_65plus":8.3,"frac_elderly_75plus":2.7,"old_age_dependency_ratio":0.115,"has_data":true},"geometry":{"type":"Polygon","coordinates":[[[-80.337586,25.817154],[-80.32948,25.817096],[-80.32551,25.816454],[-80.321487,25.816482],[-80.321275,25.809492],[-80.321273,25.809324],[-80.325319,25.809317],[-80.328246,25.809802],[-80.33739,25.809895],[-80.337586,25.817154]]]}},{"type":"Feature","properties":{"unit_id":"12086000140","name":"Census Tract 1.40","native_id":"12086000140","source":"census_tract_2025","adm3_name":"Miami-Dade County","adm3_id":"12086","area_sqm":320083,"split":false,"population":1124.2426031260695,"days_covered":18,"daytime_peak_f":102.4,"heat_anomaly_f":5.5,"extreme_pct":33.0,"nighttime_stress_f":-3.2,"daytime_peak_f_climrel":0.8247,"heat_anomaly_f_climrel":0.8247,"nighttime_stress_f_climrel":-0.3,"extreme_pct_climrel":0.825,"ref_daytime_hi_mean":96.9,"ref_daytime_hi_p95":102.4,"rwi_mean":null,"health_per_10k":35.579509163570194,"built_frac":0.883,"tree_frac":0.078,"canopy_frac_over_3m":0.152,"viirs_mean":87.6,"gdl_hdi":0.936,"gdl_region":"Florida","ghsl_smod":30,"lst_anomaly_c":-0.26,"lst_anomaly_c_climrel":0,"worldpop_pop_total":3332.0,"frac_under5":5.1,"frac_elderly_65plus":14.4,"frac_elderly_75plus":5.1,"old_age_dependency_ratio":0.206,"has_data":true},"geometry":{"type":"Polygon","coordinates":[[[-80.129764,25.92978],[-80.125901,25.930605],[-80.127728,25.931704],[-80.126469,25.932987],[-80.126518,25.934074],[-80.126192,25.935253],[-80.12167,25.935431],[-80.12182,25.93314],[-80.122037,25.929891],[-80.128176,25.929676],[-80.129764,25.92978]]]}},{"type":"Feature","properties":{"unit_id":"12086012402","name":"Census Tract 124.02","native_id":"12086012402","source":"census_tract_2025","adm3_name":"Miami-Dade County","adm3_id":"12086","area_sqm":1332303,"split":false,"population":4631.0,"days_covered":18,"daytime_peak_f":102.6,"heat_anomaly_f":4.5,"extreme_pct":28.0,"nighttime_stress_f":-4.7,"daytime_peak_f_climrel":0.6666,"heat_anomaly_f_climrel":0.6666,"nighttime_stress_f_climrel":-0.3,"extreme_pct_climrel":0.7,"ref_daytime_hi_mean":98.0,"ref_daytime_hi_p95":103.2,"rwi_mean":null,"health_per_10k":0.0,"built_frac":0.705,"tree_frac":0.09,"canopy_frac_over_3m":0.159,"viirs_mean":53.2,"gdl_hdi":0.936,"gdl_region":"Florida","ghsl_smod":30,"lst_anomaly_c":-0.2,"lst_anomaly_c_climrel":0,"worldpop_pop_total":4063.0,"frac_under5":4.6,"frac_elderly_65plus":14.3,"frac_elderly_75plus":6.5,"old_age_dependency_ratio":0.211,"has_data":true},"geometry":{"type":"Polygon","coordinates":[[[-80.350719,25.942207],[-80.342308,25.942285],[-80.341941,25.935058],[-80.341605,25.927926],[-80.341766,25.927928],[-80.349711,25.927919],[-80.350064,25.927917],[-80.350393,25.935073],[-80.350719,25.942207]]]}},{"type":"Feature","properties":{"unit_id":"12086010803","name":"Census Tract 108.03","native_id":"12086010803","source":"census_tract_2025","adm3_name":"Miami-Dade County","adm3_id":"12086","area_sqm":984283,"split":false,"population":1963.3684717437545,"days_covered":18,"daytime_peak_f":101.3,"heat_anomaly_f":3.8,"extreme_pct":28.0,"nighttime_stress_f":-6.7,"daytime_peak_f_climrel":0.5456,"heat_anomaly_f_climrel":0.5456,"nighttime_stress_f_climrel":-0.3,"extreme_pct_climrel":0.7,"ref_daytime_hi_mean":97.6,"ref_daytime_hi_p95":102.6,"rwi_mean":null,"health_per_10k":0.0,"built_frac":0.59,"tree_frac":0.058,"canopy_frac_over_3m":0.106,"viirs_mean":89.9,"gdl_hdi":0.936,"gdl_region":"Florida","ghsl_smod":30,"lst_anomaly_c":0.52,"lst_anomaly_c_climrel":0.065,"worldpop_pop_total":4969.0,"frac_under5":8.4,"frac_elderly_65plus":8.5,"frac_elderly_75plus":2.3,"old_age_dependency_ratio":0.126,"has_data":true},"geometry":{"type":"Polygon","coordinates":[[[-80.425882,25.521665],[-80.422237,25.525435],[-80.412978,25.534848],[-80.412816,25.534608],[-80.41262,25.525451],[-80.412511,25.521784],[-80.42455,25.52167],[-80.425882,25.521665]]]}},{"type":"Feature","properties":{"unit_id":"12086007807","name":"Census Tract 78.07","native_id":"12086007807","source":"census_tract_2025","adm3_name":"Miami-Dade County","adm3_id":"12086","area_sqm":3543928,"split":false,"population":6673.0,"days_covered":18,"daytime_peak_f":102.2,"heat_anomaly_f":5.2,"extreme_pct":28.0,"nighttime_stress_f":-3.6,"daytime_peak_f_climrel":0.7489,"heat_anomaly_f_climrel":0.7489,"nighttime_stress_f_climrel":-0.3,"extreme_pct_climrel":0.7,"ref_daytime_hi_mean":97.0,"ref_daytime_hi_p95":102.0,"rwi_mean":null,"health_per_10k":2.997152704930316,"built_frac":0.292,"tree_frac":0.647,"canopy_frac_over_3m":0.43,"viirs_mean":62.2,"gdl_hdi":0.936,"gdl_region":"Florida","ghsl_smod":30,"lst_anomaly_c":-1.83,"lst_anomaly_c_climrel":0,"worldpop_pop_total":5057.0,"frac_under5":3.7,"frac_elderly_65plus":22.0,"frac_elderly_75plus":9.2,"old_age_dependency_ratio":0.351,"has_data":true},"geometry":{"type":"Polygon","coordinates":[[[-80.320185,25.673866],[-80.318233,25.677617],[-80.314859,25.68249],[-80.313902,25.683707],[-80.312747,25.684929],[-80.311195,25.686473],[-80.308846,25.688521],[-80.30836,25.688869],[-80.303035,25.689009],[-80.303114,25.688467],[-80.303026,25.685369],[-80.302687,25.676151],[-80.302594,25.674335],[-80.302379,25.666998],[-80.310466,25.666824],[-80.314519,25.666701],[-80.323627,25.666401],[-80.320185,25.673866]]]}},{"type":"Feature","properties":{"unit_id":"12086003801","name":"Census Tract 38.01","native_id":"12086003801","source":"census_tract_2025","adm3_name":"Miami-Dade County","adm3_id":"12086","area_sqm":2129076,"split":false,"population":4520.0,"days_covered":18,"daytime_peak_f":102.4,"heat_anomaly_f":5.5,"extreme_pct":33.0,"nighttime_stress_f":-3.2,"daytime_peak_f_climrel":0.8247,"heat_anomaly_f_climrel":0.8247,"nighttime_stress_f_climrel":-0.3,"extreme_pct_climrel":0.825,"ref_daytime_hi_mean":96.9,"ref_daytime_hi_p95":102.4,"rwi_mean":null,"health_per_10k":35.39823008849557,"built_frac":0.221,"tree_frac":0.064,"canopy_frac_over_3m":0.094,"viirs_mean":28.7,"gdl_hdi":0.936,"gdl_region":"Florida","ghsl_smod":30,"lst_anomaly_c":-6.18,"lst_anomaly_c_climrel":0,"worldpop_pop_total":6893.0,"frac_under5":4.4,"frac_elderly_65plus":20.3,"frac_elderly_75plus":8.9,"old_age_dependency_ratio":0.325,"has_data":true},"geometry":{"type":"Polygon","coordinates":[[[-80.155805,25.872563],[-80.154928,25.874494],[-80.153668,25.877273],[-80.150968,25.880872],[-80.143256,25.886665],[-80.142578,25.887329],[-80.140467,25.889872],[-80.1345,25.895539],[-80.131765,25.898326],[-80.128145,25.88686],[-80.128656,25.886843],[-80.128256,25.883569],[-80.12828,25.88318],[-80.128518,25.882502],[-80.129711,25.880855],[-80.130075,25.88011],[-80.130216,25.879823],[-80.130899,25.878619],[-80.131029,25.87807],[-80.131048,25.877748],[-80.131535,25.876528],[-80.1311,25.876142],[-80.134147,25.872053],[-80.145771,25.871651],[-80.156701,25.870587],[-80.155805,25.872563]]]}},{"type":"Feature","properties":{"unit_id":"12086006203","name":"Census Tract 62.03","native_id":"12086006203","source":"census_tract_2025","adm3_name":"Miami-Dade County","adm3_id":"12086","area_sqm":959260,"split":false,"population":5784.0,"days_covered":18,"daytime_peak_f":102.2,"heat_anomaly_f":5.2,"extreme_pct":28.0,"nighttime_stress_f":-3.6,"daytime_peak_f_climrel":0.7489,"heat_anomaly_f_climrel":0.7489,"nighttime_stress_f_climrel":-0.3,"extreme_pct_climrel":0.7,"ref_daytime_hi_mean":97.0,"ref_daytime_hi_p95":102.0,"rwi_mean":null,"health_per_10k":6.915629322268327,"built_frac":0.789,"tree_frac":0.185,"canopy_frac_over_3m":0.202,"viirs_mean":143.3,"gdl_hdi":0.936,"gdl_region":"Florida","ghsl_smod":30,"lst_anomaly_c":1.07,"lst_anomaly_c_climrel":0.1338,"worldpop_pop_total":2490.0,"frac_under5":3.6,"frac_elderly_65plus":30.8,"frac_elderly_75plus":17.4,"old_age_dependency_ratio":0.521,"has_data":true},"geometry":{"type":"Polygon","coordinates":[[[-80.266844,25.749326],[-80.266506,25.749279],[-80.262766,25.749454],[-80.260691,25.749455],[-80.254953,25.749804],[-80.254569,25.749862],[-80.254462,25.746135],[-80.254332,25.742986],[-80.254322,25.742552],[-80.26133,25.742529],[-80.262408,25.742068],[-80.266418,25.741916],[-80.266655,25.746388],[-80.266844,25.749326]]]}},{"type":"Feature","properties":{"unit_id":"12086004703","name":"Census Tract 47.03","native_id":"12086004703","source":"census_tract_2025","adm3_name":"Miami-Dade County","adm3_id":"12086","area_sqm":2146442,"split":false,"population":7177.0,"days_covered":18,"daytime_peak_f":102.1,"heat_anomaly_f":4.6,"extreme_pct":44.0,"nighttime_stress_f":-4.1,"daytime_peak_f_climrel":0.6814,"heat_anomaly_f_climrel":0.6814,"nighttime_stress_f_climrel":-0.3,"extreme_pct_climrel":1,"ref_daytime_hi_mean":97.5,"ref_daytime_hi_p95":102.7,"rwi_mean":null,"health_per_10k":2.786679671171799,"built_frac":0.475,"tree_frac":0.4,"canopy_frac_over_3m":0.286,"viirs_mean":81.1,"gdl_hdi":0.936,"gdl_region":"Florida","ghsl_smod":30,"lst_anomaly_c":-1.93,"lst_anomaly_c_climrel":0,"worldpop_pop_total":5469.0,"frac_under5":3.6,"frac_elderly_65plus":26.0,"frac_elderly_75plus":13.2,"old_age_dependency_ratio":0.419,"has_data":true},"geometry":{"type":"Polygon","coordinates":[[[-80.287463,25.820799],[-80.284699,25.823848],[-80.281785,25.821657],[-80.280542,25.822404],[-80.273072,25.816893],[-80.271061,25.815425],[-80.261872,25.808468],[-80.262673,25.808437],[-80.268871,25.808263],[-80.277578,25.807996],[-80.28092,25.807872],[-80.2811,25.813454],[-80.282672,25.813149],[-80.286498,25.816141],[-80.289576,25.818476],[-80.287463,25.820799]]]}},{"type":"Feature","properties":{"unit_id":"12086006722","name":"Census Tract 67.22","native_id":"12086006722","source":"census_tract_2025","adm3_name":"Miami-Dade County","adm3_id":"12086","area_sqm":47175,"split":false,"population":947.7802196618643,"days_covered":18,"daytime_peak_f":101.9,"heat_anomaly_f":5.5,"extreme_pct":39.0,"nighttime_stress_f":-3.1,"daytime_peak_f_climrel":0.8322,"heat_anomaly_f_climrel":0.8322,"nighttime_stress_f_climrel":-0.3,"extreme_pct_climrel":0.975,"ref_daytime_hi_mean":96.4,"ref_daytime_hi_p95":101.7,"rwi_mean":null,"health_per_10k":0.0,"built_frac":0.82,"tree_frac":0.028,"canopy_frac_over_3m":0.093,"viirs_mean":184.2,"gdl_hdi":0.936,"gdl_region":"Florida","ghsl_smod":30,"lst_anomaly_c":-1.63,"lst_anomaly_c_climrel":0,"worldpop_pop_total":1949.0,"frac_under5":4.1,"frac_elderly_65plus":15.6,"frac_elderly_75plus":6.5,"old_age_dependency_ratio":0.21,"has_data":true},"geometry":{"type":"Polygon","coordinates":[[[-80.190074,25.763514],[-80.18947,25.765907],[-80.188213,25.765622],[-80.188734,25.76381],[-80.188622,25.762516],[-80.189682,25.762716],[-80.190074,25.763514]]]}},{"type":"Feature","properties":{"unit_id":"12086010205","name":"Census Tract 102.05","native_id":"12086010205","source":"census_tract_2025","adm3_name":"Miami-Dade County","adm3_id":"12086","area_sqm":1526946,"split":false,"population":4481.0,"days_covered":18,"daytime_peak_f":101.6,"heat_anomaly_f":4.2,"extreme_pct":22.0,"nighttime_stress_f":-6.1,"daytime_peak_f_climrel":0.5768,"heat_anomaly_f_climrel":0.5768,"nighttime_stress_f_climrel":-0.3,"extreme_pct_climrel":0.55,"ref_daytime_hi_mean":97.4,"ref_daytime_hi_p95":103.0,"rwi_mean":null,"health_per_10k":0.0,"built_frac":0.797,"tree_frac":0.093,"canopy_frac_over_3m":0.11,"viirs_mean":38.3,"gdl_hdi":0.936,"gdl_region":"Florida","ghsl_smod":30,"lst_anomaly_c":2.64,"lst_anomaly_c_climrel":0.33,"worldpop_pop_total":5329.0,"frac_under5":3.7,"frac_elderly_65plus":28.9,"frac_elderly_75plus":15.7,"old_age_dependency_ratio":0.493,"has_data":true},"geometry":{"type":"Polygon","coordinates":[[[-80.389014,25.59733],[-80.384948,25.597473],[-80.380917,25.59759],[-80.38084,25.591782],[-80.3807,25.591007],[-80.380571,25.589802],[-80.380527,25.584832],[-80.380557,25.584244],[-80.380495,25.580884],[-80.38894,25.580896],[-80.388972,25.584326],[-80.388963,25.5864],[-80.38898,25.588601],[-80.389014,25.59733]]]}},{"type":"Feature","properties":{"unit_id":"12086006605","name":"Census Tract 66.05","native_id":"12086006605","source":"census_tract_2025","adm3_name":"Miami-Dade County","adm3_id":"12086","area_sqm":151691,"split":false,"population":2323.661482114516,"days_covered":18,"daytime_peak_f":101.9,"heat_anomaly_f":5.5,"extreme_pct":39.0,"nighttime_stress_f":-3.1,"daytime_peak_f_climrel":0.8322,"heat_anomaly_f_climrel":0.8322,"nighttime_stress_f_climrel":-0.3,"extreme_pct_climrel":0.975,"ref_daytime_hi_mean":96.4,"ref_daytime_hi_p95":101.7,"rwi_mean":null,"health_per_10k":0.0,"built_frac":0.775,"tree_frac":0.088,"canopy_frac_over_3m":0.152,"viirs_mean":248.8,"gdl_hdi":0.936,"gdl_region":"Florida","ghsl_smod":30,"lst_anomaly_c":-3.01,"lst_anomaly_c_climrel":0,"worldpop_pop_total":1837.0,"frac_under5":2.6,"frac_elderly_65plus":9.5,"frac_elderly_75plus":3.1,"old_age_dependency_ratio":0.112,"has_data":true},"geometry":{"type":"Polygon","coordinates":[[[-80.20082,25.768127],[-80.197465,25.76789],[-80.197508,25.768804],[-80.195641,25.768781],[-80.195491,25.76635],[-80.197422,25.766282],[-80.199058,25.766239],[-80.199724,25.763327],[-80.199898,25.763322],[-80.200726,25.765207],[-80.20082,25.768127]]]}},{"type":"Feature","properties":{"unit_id":"12086005303","name":"Census Tract 53.03","native_id":"12086005303","source":"census_tract_2025","adm3_name":"Miami-Dade County","adm3_id":"12086","area_sqm":350634,"split":false,"population":7006.0,"days_covered":18,"daytime_peak_f":101.9,"heat_anomaly_f":5.5,"extreme_pct":39.0,"nighttime_stress_f":-3.1,"daytime_peak_f_climrel":0.8322,"heat_anomaly_f_climrel":0.8322,"nighttime_stress_f_climrel":-0.3,"extreme_pct_climrel":0.975,"ref_daytime_hi_mean":96.4,"ref_daytime_hi_p95":101.7,"rwi_mean":null,"health_per_10k":0.0,"built_frac":0.931,"tree_frac":0.053,"canopy_frac_over_3m":0.147,"viirs_mean":150.6,"gdl_hdi":0.936,"gdl_region":"Florida","ghsl_smod":30,"lst_anomaly_c":2.09,"lst_anomaly_c_climrel":0.2612,"worldpop_pop_total":4165.0,"frac_under5":4.2,"frac_elderly_65plus":19.4,"frac_elderly_75plus":8.2,"old_age_dependency_ratio":0.293,"has_data":true},"geometry":{"type":"Polygon","coordinates":[[[-80.222861,25.773095],[-80.222182,25.773272],[-80.219693,25.773332],[-80.218005,25.773403],[-80.21466,25.773527],[-80.214554,25.769598],[-80.216248,25.769545],[-80.219605,25.769481],[-80.222658,25.769376],[-80.222794,25.772211],[-80.222861,25.773095]]]}},{"type":"Feature","properties":{"unit_id":"12086001101","name":"Census Tract 11.01","native_id":"12086001101","source":"census_tract_2025","adm3_name":"Miami-Dade County","adm3_id":"12086","area_sqm":1515386,"split":false,"population":1581.0,"days_covered":18,"daytime_peak_f":102.2,"heat_anomaly_f":5.4,"extreme_pct":33.0,"nighttime_stress_f":-2.9,"daytime_peak_f_climrel":0.8011,"heat_anomaly_f_climrel":0.8011,"nighttime_stress_f_climrel":-0.3,"extreme_pct_climrel":0.825,"ref_daytime_hi_mean":96.9,"ref_daytime_hi_p95":102.4,"rwi_mean":null,"health_per_10k":0.0,"built_frac":0.567,"tree_frac":0.364,"canopy_frac_over_3m":0.236,"viirs_mean":49.6,"gdl_hdi":0.936,"gdl_region":"Florida","ghsl_smod":30,"lst_anomaly_c":0.99,"lst_anomaly_c_climrel":0.1237,"worldpop_pop_total":5664.0,"frac_under5":4.6,"frac_elderly_65plus":19.4,"frac_elderly_75plus":6.8,"old_age_dependency_ratio":0.295,"has_data":true},"geometry":{"type":"Polygon","coordinates":[[[-80.209131,25.883816],[-80.202474,25.884116],[-80.194386,25.884468],[-80.193094,25.884306],[-80.191094,25.88642],[-80.191095,25.886144],[-80.1858,25.878256],[-80.185953,25.87764],[-80.185742,25.873669],[-80.193841,25.872932],[-80.194039,25.877394],[-80.194186,25.880818],[-80.198239,25.880604],[-80.202299,25.880442],[-80.206363,25.880297],[-80.208793,25.88017],[-80.209235,25.880183],[-80.209131,25.883816]]]}},{"type":"Feature","properties":{"unit_id":"12086016502","name":"Census Tract 165.02","native_id":"12086016502","source":"census_tract_2025","adm3_name":"Miami-Dade County","adm3_id":"12086","area_sqm":3931555,"split":false,"population":2164.0,"days_covered":18,"daytime_peak_f":102.5,"heat_anomaly_f":4.0,"extreme_pct":28.0,"nighttime_stress_f":-7.5,"daytime_peak_f_climrel":0.5775,"heat_anomaly_f_climrel":0.5775,"nighttime_stress_f_climrel":-0.3,"extreme_pct_climrel":0.7,"ref_daytime_hi_mean":98.6,"ref_daytime_hi_p95":103.5,"rwi_mean":null,"health_per_10k":0.0,"built_frac":0.236,"tree_frac":0.123,"canopy_frac_over_3m":0.217,"viirs_mean":12.7,"gdl_hdi":0.936,"gdl_region":"Florida","ghsl_smod":11,"lst_anomaly_c":-8.43,"lst_anomaly_c_climrel":0,"worldpop_pop_total":5363.0,"frac_under5":4.1,"frac_elderly_65plus":14.0,"frac_elderly_75plus":5.7,"old_age_dependency_ratio":0.204,"has_data":true},"geometry":{"type":"Polygon","coordinates":[[[-80.479539,25.712371],[-80.463059,25.712917],[-80.457548,25.713154],[-80.455153,25.713179],[-80.454831,25.705827],[-80.454536,25.698589],[-80.46254,25.698382],[-80.47868,25.697933],[-80.479163,25.703747],[-80.479539,25.712371]]]}},{"type":"Feature","properties":{"unit_id":"12086011105","name":"Census Tract 111.05","native_id":"12086011105","source":"census_tract_2025","adm3_name":"Miami-Dade County","adm3_id":"12086","area_sqm":4829440,"split":false,"population":5326.0,"days_covered":18,"daytime_peak_f":100.7,"heat_anomaly_f":3.0,"extreme_pct":17.0,"nighttime_stress_f":-8.0,"daytime_peak_f_climrel":0.4742,"heat_anomaly_f_climrel":0.4742,"nighttime_stress_f_climrel":-0.3,"extreme_pct_climrel":0.425,"ref_daytime_hi_mean":97.7,"ref_daytime_hi_p95":102.5,"rwi_mean":null,"health_per_10k":1.877581674802854,"built_frac":0.232,"tree_frac":0.327,"canopy_frac_over_3m":0.226,"viirs_mean":26.9,"gdl_hdi":0.936,"gdl_region":"Florida","ghsl_smod":30,"lst_anomaly_c":null,"lst_anomaly_c_climrel":null,"worldpop_pop_total":4274.0,"frac_under5":3.9,"frac_elderly_65plus":19.1,"frac_elderly_75plus":6.9,"old_age_dependency_ratio":0.291,"has_data":true},"geometry":{"type":"Polygon","coordinates":[[[-80.469627,25.513805],[-80.461392,25.513877],[-80.457431,25.51389],[-80.433447,25.514202],[-80.440807,25.506679],[-80.439044,25.50669],[-80.446247,25.499338],[-80.457136,25.499281],[-80.469407,25.499144],[-80.469627,25.513805]]]}},{"type":"Feature","properties":{"unit_id":"12086002600","name":"Census Tract 26","native_id":"12086002600","source":"census_tract_2025","adm3_name":"Miami-Dade County","adm3_id":"12086","area_sqm":1370937,"split":false,"population":7069.0,"days_covered":18,"daytime_peak_f":101.9,"heat_anomaly_f":5.5,"extreme_pct":39.0,"nighttime_stress_f":-3.1,"daytime_peak_f_climrel":0.8322,"heat_anomaly_f_climrel":0.8322,"nighttime_stress_f_climrel":-0.3,"extreme_pct_climrel":0.975,"ref_daytime_hi_mean":96.4,"ref_daytime_hi_p95":101.7,"rwi_mean":null,"health_per_10k":0.0,"built_frac":0.796,"tree_frac":0.129,"canopy_frac_over_3m":0.175,"viirs_mean":157.3,"gdl_hdi":0.936,"gdl_region":"Florida","ghsl_smod":30,"lst_anomaly_c":3.15,"lst_anomaly_c_climrel":0.3937,"worldpop_pop_total":7181.0,"frac_under5":4.8,"frac_elderly_65plus":12.3,"frac_elderly_75plus":4.6,"old_age_dependency_ratio":0.165,"has_data":true},"geometry":{"type":"Polygon","coordinates":[[[-80.206151,25.812448],[-80.2015,25.811629],[-80.197448,25.811429],[-80.195358,25.81141],[-80.19084,25.811338],[-80.191015,25.810601],[-80.192649,25.803312],[-80.195098,25.803244],[-80.197153,25.802976],[-80.199163,25.802928],[-80.203209,25.80276],[-80.205542,25.802669],[-80.205841,25.802673],[-80.20596,25.806412],[-80.206065,25.809544],[-80.206151,25.812448]]]}},{"type":"Feature","properties":{"unit_id":"12086010213","name":"Census Tract 102.13","native_id":"12086010213","source":"census_tract_2025","adm3_name":"Miami-Dade County","adm3_id":"12086","area_sqm":1499877,"split":false,"population":6176.0,"days_covered":18,"daytime_peak_f":101.6,"heat_anomaly_f":4.2,"extreme_pct":22.0,"nighttime_stress_f":-6.1,"daytime_peak_f_climrel":0.5768,"heat_anomaly_f_climrel":0.5768,"nighttime_stress_f_climrel":-0.3,"extreme_pct_climrel":0.55,"ref_daytime_hi_mean":97.4,"ref_daytime_hi_p95":103.0,"rwi_mean":null,"health_per_10k":0.0,"built_frac":0.627,"tree_frac":0.087,"canopy_frac_over_3m":0.116,"viirs_mean":46.2,"gdl_hdi":0.936,"gdl_region":"Florida","ghsl_smod":30,"lst_anomaly_c":null,"lst_anomaly_c_climrel":null,"worldpop_pop_total":5251.0,"frac_under5":4.8,"frac_elderly_65plus":17.6,"frac_elderly_75plus":6.7,"old_age_dependency_ratio":0.269,"has_data":true},"geometry":{"type":"Polygon","coordinates":[[[-80.38894,25.580896],[-80.380495,25.580884],[-80.380431,25.577585],[-80.380293,25.575802],[-80.379165,25.574222],[-80.378306,25.573336],[-80.376297,25.571719],[-80.377667,25.570351],[-80.378853,25.569108],[-80.381577,25.566256],[-80.38867,25.566192],[-80.388727,25.570022],[-80.38882,25.573491],[-80.388875,25.577169],[-80.38894,25.580896]]]}},{"type":"Feature","properties":{"unit_id":"12086001903","name":"Census Tract 19.03","native_id":"12086001903","source":"census_tract_2025","adm3_name":"Miami-Dade County","adm3_id":"12086","area_sqm":674423,"split":false,"population":2827.0,"days_covered":18,"daytime_peak_f":101.9,"heat_anomaly_f":5.5,"extreme_pct":39.0,"nighttime_stress_f":-3.1,"daytime_peak_f_climrel":0.8322,"heat_anomaly_f_climrel":0.8322,"nighttime_stress_f_climrel":-0.3,"extreme_pct_climrel":0.975,"ref_daytime_hi_mean":96.4,"ref_daytime_hi_p95":101.7,"rwi_mean":null,"health_per_10k":0.0,"built_frac":0.715,"tree_frac":0.22,"canopy_frac_over_3m":0.172,"viirs_mean":77.0,"gdl_hdi":0.936,"gdl_region":"Florida","ghsl_smod":30,"lst_anomaly_c":3.39,"lst_anomaly_c_climrel":0.4238,"worldpop_pop_total":3762.0,"frac_under5":6.8,"frac_elderly_65plus":13.0,"frac_elderly_75plus":4.5,"old_age_dependency_ratio":0.202,"has_data":true},"geometry":{"type":"Polygon","coordinates":[[[-80.224902,25.831729],[-80.222882,25.83176],[-80.220765,25.831835],[-80.216592,25.831979],[-80.21645,25.828319],[-80.216249,25.824667],[-80.224552,25.82443],[-80.224747,25.828089],[-80.224902,25.831729]]]}},{"type":"Feature","properties":{"unit_id":"12086008309","name":"Census Tract 83.09","native_id":"12086008309","source":"census_tract_2025","adm3_name":"Miami-Dade County","adm3_id":"12086","area_sqm":2456093,"split":false,"population":6454.0,"days_covered":18,"daytime_peak_f":101.6,"heat_anomaly_f":4.2,"extreme_pct":22.0,"nighttime_stress_f":-6.1,"daytime_peak_f_climrel":0.5768,"heat_anomaly_f_climrel":0.5768,"nighttime_stress_f_climrel":-0.3,"extreme_pct_climrel":0.55,"ref_daytime_hi_mean":97.4,"ref_daytime_hi_p95":103.0,"rwi_mean":null,"health_per_10k":1.549426712116517,"built_frac":0.58,"tree_frac":0.138,"canopy_frac_over_3m":0.14,"viirs_mean":81.4,"gdl_hdi":0.936,"gdl_region":"Florida","ghsl_smod":30,"lst_anomaly_c":-2.26,"lst_anomaly_c_climrel":0,"worldpop_pop_total":5608.0,"frac_under5":6.1,"frac_elderly_65plus":13.9,"frac_elderly_75plus":5.2,"old_age_dependency_ratio":0.217,"has_data":true},"geometry":{"type":"Polygon","coordinates":[[[-80.365477,25.613227],[-80.361349,25.613371],[-80.357284,25.613555],[-80.347173,25.613923],[-80.349635,25.608579],[-80.351568,25.604413],[-80.354181,25.598591],[-80.355343,25.596089],[-80.356633,25.596127],[-80.356742,25.598512],[-80.364464,25.598293],[-80.364965,25.605749],[-80.365477,25.613227]]]}},{"type":"Feature","properties":{"unit_id":"12086009804","name":"Census Tract 98.04","native_id":"12086009804","source":"census_tract_2025","adm3_name":"Miami-Dade County","adm3_id":"12086","area_sqm":1434152,"split":false,"population":3513.0,"days_covered":18,"daytime_peak_f":102.0,"heat_anomaly_f":5.1,"extreme_pct":33.0,"nighttime_stress_f":-3.1,"daytime_peak_f_climrel":0.7587,"heat_anomaly_f_climrel":0.7587,"nighttime_stress_f_climrel":-0.3,"extreme_pct_climrel":0.825,"ref_daytime_hi_mean":96.8,"ref_daytime_hi_p95":102.3,"rwi_mean":null,"health_per_10k":0.0,"built_frac":0.723,"tree_frac":0.195,"canopy_frac_over_3m":0.165,"viirs_mean":57.1,"gdl_hdi":0.936,"gdl_region":"Florida","ghsl_smod":30,"lst_anomaly_c":2.11,"lst_anomaly_c_climrel":0.2637,"worldpop_pop_total":4060.0,"frac_under5":3.9,"frac_elderly_65plus":21.2,"frac_elderly_75plus":7.1,"old_age_dependency_ratio":0.328,"has_data":true},"geometry":{"type":"Polygon","coordinates":[[[-80.183474,25.964268],[-80.18034,25.96483],[-80.1783,25.96486],[-80.168301,25.964532],[-80.165638,25.963995],[-80.167078,25.961115],[-80.16943,25.959136],[-80.176255,25.954724],[-80.177465,25.955683],[-80.181956,25.955835],[-80.182125,25.958768],[-80.182407,25.959796],[-80.185658,25.963081],[-80.183474,25.964268]]]}},{"type":"Feature","properties":{"unit_id":"12086013301","name":"Census Tract 133.01","native_id":"12086013301","source":"census_tract_2025","adm3_name":"Miami-Dade County","adm3_id":"12086","area_sqm":475585,"split":false,"population":4147.0,"days_covered":18,"daytime_peak_f":102.6,"heat_anomaly_f":4.5,"extreme_pct":28.0,"nighttime_stress_f":-4.7,"daytime_peak_f_climrel":0.6666,"heat_anomaly_f_climrel":0.6666,"nighttime_stress_f_climrel":-0.3,"extreme_pct_climrel":0.7,"ref_daytime_hi_mean":98.0,"ref_daytime_hi_p95":103.2,"rwi_mean":null,"health_per_10k":2.411381721726549,"built_frac":0.955,"tree_frac":0.005,"canopy_frac_over_3m":0.083,"viirs_mean":87.4,"gdl_hdi":0.936,"gdl_region":"Florida","ghsl_smod":30,"lst_anomaly_c":4.3,"lst_anomaly_c_climrel":0.5375,"worldpop_pop_total":3141.0,"frac_under5":3.7,"frac_elderly_65plus":23.1,"frac_elderly_75plus":10.0,"old_age_dependency_ratio":0.362,"has_data":true},"geometry":{"type":"Polygon","coordinates":[[[-80.347744,25.884096],[-80.343725,25.88411],[-80.339586,25.884173],[-80.339314,25.878821],[-80.343465,25.878807],[-80.34746,25.878797],[-80.347744,25.884096]]]}},{"type":"Feature","properties":{"unit_id":"12086010620","name":"Census Tract 106.20","native_id":"12086010620","source":"census_tract_2025","adm3_name":"Miami-Dade County","adm3_id":"12086","area_sqm":922874,"split":false,"population":2127.555034495696,"days_covered":18,"daytime_peak_f":101.6,"heat_anomaly_f":5.0,"extreme_pct":44.0,"nighttime_stress_f":-3.3,"daytime_peak_f_climrel":0.7446,"heat_anomaly_f_climrel":0.7446,"nighttime_stress_f_climrel":-0.3,"extreme_pct_climrel":1,"ref_daytime_hi_mean":96.5,"ref_daytime_hi_p95":101.7,"rwi_mean":null,"health_per_10k":0.0,"built_frac":0.581,"tree_frac":0.16,"canopy_frac_over_3m":0.178,"viirs_mean":36.2,"gdl_hdi":0.936,"gdl_region":"Florida","ghsl_smod":30,"lst_anomaly_c":null,"lst_anomaly_c_climrel":null,"worldpop_pop_total":3594.0,"frac_under5":4.8,"frac_elderly_65plus":15.2,"frac_elderly_75plus":5.8,"old_age_dependency_ratio":0.226,"has_data":true},"geometry":{"type":"Polygon","coordinates":[[[-80.347918,25.570226],[-80.347347,25.570201],[-80.339665,25.570335],[-80.331584,25.570415],[-80.331451,25.563915],[-80.33694,25.563821],[-80.339494,25.563965],[-80.341685,25.56515],[-80.343231,25.566151],[-80.345771,25.566593],[-80.351774,25.566598],[-80.347918,25.570226]]]}},{"type":"Feature","properties":{"unit_id":"12086018601","name":"Census Tract 186.01","native_id":"12086018601","source":"census_tract_2025","adm3_name":"Miami-Dade County","adm3_id":"12086","area_sqm":854006,"split":false,"population":2295.0,"days_covered":18,"daytime_peak_f":102.4,"heat_anomaly_f":4.6,"extreme_pct":33.0,"nighttime_stress_f":-5.5,"daytime_peak_f_climrel":0.6622,"heat_anomaly_f_climrel":0.6622,"nighttime_stress_f_climrel":-0.3,"extreme_pct_climrel":0.825,"ref_daytime_hi_mean":97.8,"ref_daytime_hi_p95":103.3,"rwi_mean":null,"health_per_10k":4.357298474945534,"built_frac":0.772,"tree_frac":0.14,"canopy_frac_over_3m":0.185,"viirs_mean":41.6,"gdl_hdi":0.936,"gdl_region":"Florida","ghsl_smod":30,"lst_anomaly_c":2.46,"lst_anomaly_c_climrel":0.3075,"worldpop_pop_total":3853.0,"frac_under5":4.1,"frac_elderly_65plus":22.1,"frac_elderly_75plus":8.4,"old_age_dependency_ratio":0.341,"has_data":true},"geometry":{"type":"Polygon","coordinates":[[[-80.432773,25.677516],[-80.430677,25.677334],[-80.42836,25.677197],[-80.426325,25.67831],[-80.425647,25.678743],[-80.42413,25.679301],[-80.420432,25.67815],[-80.421008,25.676114],[-80.423304,25.673965],[-80.424365,25.672403],[-80.424414,25.670572],[-80.427483,25.670459],[-80.43257,25.670249],[-80.432773,25.677516]]]}},{"type":"Feature","properties":{"unit_id":"12086000417","name":"Census Tract 4.17","native_id":"12086000417","source":"census_tract_2025","adm3_name":"Miami-Dade County","adm3_id":"12086","area_sqm":1569174,"split":false,"population":3096.0,"days_covered":18,"daytime_peak_f":102.2,"heat_anomaly_f":5.4,"extreme_pct":33.0,"nighttime_stress_f":-2.9,"daytime_peak_f_climrel":0.8011,"heat_anomaly_f_climrel":0.8011,"nighttime_stress_f_climrel":-0.3,"extreme_pct_climrel":0.825,"ref_daytime_hi_mean":96.9,"ref_daytime_hi_p95":102.4,"rwi_mean":null,"health_per_10k":0.0,"built_frac":0.812,"tree_frac":0.094,"canopy_frac_over_3m":0.114,"viirs_mean":75.8,"gdl_hdi":0.936,"gdl_region":"Florida","ghsl_smod":30,"lst_anomaly_c":3.53,"lst_anomaly_c_climrel":0.4412,"worldpop_pop_total":4816.0,"frac_under5":6.0,"frac_elderly_65plus":22.0,"frac_elderly_75plus":8.7,"old_age_dependency_ratio":0.372,"has_data":true},"geometry":{"type":"Polygon","coordinates":[[[-80.244309,25.915448],[-80.236208,25.915704],[-80.236122,25.912027],[-80.235933,25.908303],[-80.235737,25.903397],[-80.236456,25.903046],[-80.236294,25.89818],[-80.235475,25.897446],[-80.24362,25.897269],[-80.243797,25.901084],[-80.243875,25.904371],[-80.244037,25.9091],[-80.244164,25.911825],[-80.244309,25.915448]]]}},{"type":"Feature","properties":{"unit_id":"12086003917","name":"Census Tract 39.17","native_id":"12086003917","source":"census_tract_2025","adm3_name":"Miami-Dade County","adm3_id":"12086","area_sqm":605701,"split":false,"population":5026.0,"days_covered":18,"daytime_peak_f":101.9,"heat_anomaly_f":5.5,"extreme_pct":39.0,"nighttime_stress_f":-3.1,"daytime_peak_f_climrel":0.8322,"heat_anomaly_f_climrel":0.8322,"nighttime_stress_f_climrel":-0.3,"extreme_pct_climrel":0.975,"ref_daytime_hi_mean":96.4,"ref_daytime_hi_p95":101.7,"rwi_mean":null,"health_per_10k":0.0,"built_frac":0.554,"tree_frac":0.013,"canopy_frac_over_3m":0.064,"viirs_mean":46.9,"gdl_hdi":0.936,"gdl_region":"Florida","ghsl_smod":30,"lst_anomaly_c":-4.0,"lst_anomaly_c_climrel":0,"worldpop_pop_total":5853.0,"frac_under5":3.5,"frac_elderly_65plus":18.0,"frac_elderly_75plus":7.1,"old_age_dependency_ratio":0.249,"has_data":true},"geometry":{"type":"Polygon","coordinates":[[[-80.161107,25.848432],[-80.160214,25.848443],[-80.160042,25.844121],[-80.15962,25.843883],[-80.157086,25.843964],[-80.156817,25.844175],[-80.156992,25.848554],[-80.155485,25.848593],[-80.155547,25.850455],[-80.154277,25.849321],[-80.148466,25.849567],[-80.148464,25.849489],[-80.145833,25.848732],[-80.14508,25.84926],[-80.143452,25.847583],[-80.143168,25.843374],[-80.150634,25.843031],[-80.160935,25.842783],[-80.161107,25.848432]]]}},{"type":"Feature","properties":{"unit_id":"12086003400","name":"Census Tract 34","native_id":"12086003400","source":"census_tract_2025","adm3_name":"Miami-Dade County","adm3_id":"12086","area_sqm":854078,"split":false,"population":1795.0,"days_covered":18,"daytime_peak_f":101.9,"heat_anomaly_f":5.5,"extreme_pct":39.0,"nighttime_stress_f":-3.1,"daytime_peak_f_climrel":0.8322,"heat_anomaly_f_climrel":0.8322,"nighttime_stress_f_climrel":-0.3,"extreme_pct_climrel":0.975,"ref_daytime_hi_mean":96.4,"ref_daytime_hi_p95":101.7,"rwi_mean":null,"health_per_10k":11.142061281337048,"built_frac":0.803,"tree_frac":0.109,"canopy_frac_over_3m":0.142,"viirs_mean":139.2,"gdl_hdi":0.936,"gdl_region":"Florida","ghsl_smod":30,"lst_anomaly_c":0.42,"lst_anomaly_c_climrel":0.0525,"worldpop_pop_total":3979.0,"frac_under5":7.4,"frac_elderly_65plus":12.3,"frac_elderly_75plus":4.0,"old_age_dependency_ratio":0.182,"has_data":true},"geometry":{"type":"Polygon","coordinates":[[[-80.206912,25.787879],[-80.199941,25.788088],[-80.198798,25.788139],[-80.198692,25.788143],[-80.198032,25.788129],[-80.196204,25.788213],[-80.196285,25.787032],[-80.196202,25.784674],[-80.196165,25.783705],[-80.196055,25.781766],[-80.196261,25.781758],[-80.196148,25.77888],[-80.202912,25.778697],[-80.203003,25.781519],[-80.203101,25.784471],[-80.206794,25.784347],[-80.206912,25.787879]]]}},{"type":"Feature","properties":{"unit_id":"12086009050","name":"Census Tract 90.50","native_id":"12086009050","source":"census_tract_2025","adm3_name":"Miami-Dade County","adm3_id":"12086","area_sqm":663658,"split":false,"population":2314.0,"days_covered":18,"daytime_peak_f":101.7,"heat_anomaly_f":3.6,"extreme_pct":17.0,"nighttime_stress_f":-4.8,"daytime_peak_f_climrel":0.5257,"heat_anomaly_f_climrel":0.5257,"nighttime_stress_f_climrel":-0.3,"extreme_pct_climrel":0.425,"ref_daytime_hi_mean":98.1,"ref_daytime_hi_p95":103.0,"rwi_mean":null,"health_per_10k":0.0,"built_frac":0.76,"tree_frac":0.029,"canopy_frac_over_3m":0.096,"viirs_mean":63.4,"gdl_hdi":0.936,"gdl_region":"Florida","ghsl_smod":30,"lst_anomaly_c":-0.17,"lst_anomaly_c_climrel":0,"worldpop_pop_total":6059.0,"frac_under5":4.6,"frac_elderly_65plus":8.3,"frac_elderly_75plus":3.6,"old_age_dependency_ratio":0.116,"has_data":true},"geometry":{"type":"Polygon","coordinates":[[[-80.37905,25.849436],[-80.378603,25.85154],[-80.378707,25.855203],[-80.374771,25.855241],[-80.370773,25.855194],[-80.370791,25.855089],[-80.370704,25.851532],[-80.370591,25.847902],[-80.378549,25.847955],[-80.380193,25.847959],[-80.37905,25.849436]]]}},{"type":"Feature","properties":{"unit_id":"12086017600","name":"Census Tract 176","native_id":"12086017600","source":"census_tract_2025","adm3_name":"Miami-Dade County","adm3_id":"12086","area_sqm":772049,"split":false,"population":4313.0,"days_covered":18,"daytime_peak_f":102.4,"heat_anomaly_f":4.6,"extreme_pct":33.0,"nighttime_stress_f":-5.5,"daytime_peak_f_climrel":0.6622,"heat_anomaly_f_climrel":0.6622,"nighttime_stress_f_climrel":-0.3,"extreme_pct_climrel":0.825,"ref_daytime_hi_mean":97.8,"ref_daytime_hi_p95":103.3,"rwi_mean":null,"health_per_10k":0.0,"built_frac":0.714,"tree_frac":0.13,"canopy_frac_over_3m":0.12,"viirs_mean":70.0,"gdl_hdi":0.936,"gdl_region":"Florida","ghsl_smod":30,"lst_anomaly_c":-0.42,"lst_anomaly_c_climrel":0,"worldpop_pop_total":7817.0,"frac_under5":4.9,"frac_elderly_65plus":16.6,"frac_elderly_75plus":6.8,"old_age_dependency_ratio":0.246,"has_data":true},"geometry":{"type":"Polygon","coordinates":[[[-80.441122,25.685538],[-80.439856,25.689966],[-80.439718,25.69028],[-80.4391,25.69243],[-80.43639,25.691991],[-80.43629,25.691993],[-80.434227,25.692039],[-80.430195,25.692125],[-80.430168,25.691015],[-80.429937,25.68497],[-80.433079,25.684846],[-80.43706,25.684697],[-80.441127,25.684607],[-80.441122,25.685538]]]}},{"type":"Feature","properties":{"unit_id":"12086007901","name":"Census Tract 79.01","native_id":"12086007901","source":"census_tract_2025","adm3_name":"Miami-Dade County","adm3_id":"12086","area_sqm":2293329,"split":false,"population":10556.0,"days_covered":18,"daytime_peak_f":102.2,"heat_anomaly_f":5.2,"extreme_pct":28.0,"nighttime_stress_f":-3.6,"daytime_peak_f_climrel":0.7489,"heat_anomaly_f_climrel":0.7489,"nighttime_stress_f_climrel":-0.3,"extreme_pct_climrel":0.7,"ref_daytime_hi_mean":97.0,"ref_daytime_hi_p95":102.0,"rwi_mean":null,"health_per_10k":2.8419856006062907,"built_frac":0.302,"tree_frac":0.648,"canopy_frac_over_3m":0.466,"viirs_mean":55.4,"gdl_hdi":0.936,"gdl_region":"Florida","ghsl_smod":30,"lst_anomaly_c":-1.87,"lst_anomaly_c_climrel":0,"worldpop_pop_total":4205.0,"frac_under5":4.7,"frac_elderly_65plus":24.5,"frac_elderly_75plus":11.7,"old_age_dependency_ratio":0.418,"has_data":true},"geometry":{"type":"Polygon","coordinates":[[[-80.285515,25.707511],[-80.279147,25.712705],[-80.278164,25.711998],[-80.273354,25.712169],[-80.268037,25.712423],[-80.261105,25.712671],[-80.261003,25.709042],[-80.260937,25.707904],[-80.260866,25.706189],[-80.261118,25.7054],[-80.263168,25.701224],[-80.265701,25.697704],[-80.266696,25.69578],[-80.268685,25.695717],[-80.268775,25.697637],[-80.269006,25.704517],[-80.269027,25.705115],[-80.271034,25.705031],[-80.272053,25.704992],[-80.273104,25.704951],[-80.277208,25.70478],[-80.279031,25.704732],[-80.279228,25.704697],[-80.285398,25.704445],[-80.285515,25.707511]]]}},{"type":"Feature","properties":{"unit_id":"12086004406","name":"Census Tract 44.06","native_id":"12086004406","source":"census_tract_2025","adm3_name":"Miami-Dade County","adm3_id":"12086","area_sqm":193223,"split":false,"population":854.5690606011619,"days_covered":18,"daytime_peak_f":102.9,"heat_anomaly_f":6.1,"extreme_pct":44.0,"nighttime_stress_f":-3.1,"daytime_peak_f_climrel":0.9278,"heat_anomaly_f_climrel":0.9278,"nighttime_stress_f_climrel":-0.3,"extreme_pct_climrel":1,"ref_daytime_hi_mean":96.9,"ref_daytime_hi_p95":102.1,"rwi_mean":null,"health_per_10k":0.0,"built_frac":0.933,"tree_frac":0.022,"canopy_frac_over_3m":0.161,"viirs_mean":88.4,"gdl_hdi":0.936,"gdl_region":"Florida","ghsl_smod":30,"lst_anomaly_c":-0.03,"lst_anomaly_c_climrel":0,"worldpop_pop_total":2380.0,"frac_under5":3.2,"frac_elderly_65plus":17.3,"frac_elderly_75plus":7.9,"old_age_dependency_ratio":0.229,"has_data":true},"geometry":{"type":"Polygon","coordinates":[[[-80.14312,25.780417],[-80.140896,25.780522],[-80.136235,25.780629],[-80.136208,25.779393],[-80.140877,25.779271],[-80.140832,25.778172],[-80.140649,25.77442],[-80.141932,25.774408],[-80.14243,25.775785],[-80.142843,25.7775],[-80.14312,25.780417]]]}},{"type":"Feature","properties":{"unit_id":"12086013802","name":"Census Tract 138.02","native_id":"12086013802","source":"census_tract_2025","adm3_name":"Miami-Dade County","adm3_id":"12086","area_sqm":337608,"split":false,"population":2409.211079003439,"days_covered":18,"daytime_peak_f":102.6,"heat_anomaly_f":4.5,"extreme_pct":28.0,"nighttime_stress_f":-4.7,"daytime_peak_f_climrel":0.6666,"heat_anomaly_f_climrel":0.6666,"nighttime_stress_f_climrel":-0.3,"extreme_pct_climrel":0.7,"ref_daytime_hi_mean":98.0,"ref_daytime_hi_p95":103.2,"rwi_mean":null,"health_per_10k":0.0,"built_frac":0.875,"tree_frac":0.05,"canopy_frac_over_3m":0.112,"viirs_mean":110.0,"gdl_hdi":0.936,"gdl_region":"Florida","ghsl_smod":30,"lst_anomaly_c":4.34,"lst_anomaly_c_climrel":0.5425,"worldpop_pop_total":4282.0,"frac_under5":4.9,"frac_elderly_65plus":17.9,"frac_elderly_75plus":7.8,"old_age_dependency_ratio":0.267,"has_data":true},"geometry":{"type":"Polygon","coordinates":[[[-80.335361,25.877012],[-80.33135,25.877029],[-80.331177,25.875179],[-80.331186,25.873392],[-80.33104,25.869828],[-80.33101,25.869297],[-80.335082,25.869309],[-80.335035,25.869832],[-80.335197,25.873384],[-80.335361,25.877012]]]}},{"type":"Feature","properties":{"unit_id":"12086007004","name":"Census Tract 70.04","native_id":"12086007004","source":"census_tract_2025","adm3_name":"Miami-Dade County","adm3_id":"12086","area_sqm":628570,"split":false,"population":5325.0,"days_covered":18,"daytime_peak_f":102.2,"heat_anomaly_f":5.2,"extreme_pct":28.0,"nighttime_stress_f":-3.6,"daytime_peak_f_climrel":0.7489,"heat_anomaly_f_climrel":0.7489,"nighttime_stress_f_climrel":-0.3,"extreme_pct_climrel":0.7,"ref_daytime_hi_mean":97.0,"ref_daytime_hi_p95":102.0,"rwi_mean":null,"health_per_10k":1.8779342723004695,"built_frac":0.881,"tree_frac":0.105,"canopy_frac_over_3m":0.168,"viirs_mean":113.7,"gdl_hdi":0.936,"gdl_region":"Florida","ghsl_smod":30,"lst_anomaly_c":4.51,"lst_anomaly_c_climrel":0.5637,"worldpop_pop_total":5946.0,"frac_under5":3.9,"frac_elderly_65plus":21.1,"frac_elderly_75plus":9.9,"old_age_dependency_ratio":0.309,"has_data":true},"geometry":{"type":"Polygon","coordinates":[[[-80.254569,25.749862],[-80.252093,25.749954],[-80.249603,25.750013],[-80.246402,25.750119],[-80.246377,25.749183],[-80.24627,25.746409],[-80.246154,25.743631],[-80.24616,25.743211],[-80.248008,25.74316],[-80.254332,25.742986],[-80.254462,25.746135],[-80.254569,25.749862]]]}},{"type":"Feature","properties":{"unit_id":"12086006721","name":"Census Tract 67.21","native_id":"12086006721","source":"census_tract_2025","adm3_name":"Miami-Dade County","adm3_id":"12086","area_sqm":48789,"split":false,"population":1028.989045347113,"days_covered":18,"daytime_peak_f":101.9,"heat_anomaly_f":5.5,"extreme_pct":39.0,"nighttime_stress_f":-3.1,"daytime_peak_f_climrel":0.8322,"heat_anomaly_f_climrel":0.8322,"nighttime_stress_f_climrel":-0.3,"extreme_pct_climrel":0.975,"ref_daytime_hi_mean":96.4,"ref_daytime_hi_p95":101.7,"rwi_mean":null,"health_per_10k":0.0,"built_frac":0.862,"tree_frac":0.055,"canopy_frac_over_3m":0.15,"viirs_mean":210.3,"gdl_hdi":0.936,"gdl_region":"Florida","ghsl_smod":30,"lst_anomaly_c":-2.75,"lst_anomaly_c_climrel":0,"worldpop_pop_total":3248.0,"frac_under5":3.9,"frac_elderly_65plus":5.9,"frac_elderly_75plus":1.7,"old_age_dependency_ratio":0.068,"has_data":true},"geometry":{"type":"Polygon","coordinates":[[[-80.191207,25.764177],[-80.190688,25.766184],[-80.18947,25.765907],[-80.190074,25.763514],[-80.189682,25.762716],[-80.191538,25.762967],[-80.191207,25.764177]]]}},{"type":"Feature","properties":{"unit_id":"12086006401","name":"Census Tract 64.01","native_id":"12086006401","source":"census_tract_2025","adm3_name":"Miami-Dade County","adm3_id":"12086","area_sqm":666538,"split":false,"population":4670.0,"days_covered":18,"daytime_peak_f":101.9,"heat_anomaly_f":5.5,"extreme_pct":39.0,"nighttime_stress_f":-3.1,"daytime_peak_f_climrel":0.8322,"heat_anomaly_f_climrel":0.8322,"nighttime_stress_f_climrel":-0.3,"extreme_pct_climrel":0.975,"ref_daytime_hi_mean":96.4,"ref_daytime_hi_p95":101.7,"rwi_mean":null,"health_per_10k":0.0,"built_frac":0.789,"tree_frac":0.19,"canopy_frac_over_3m":0.205,"viirs_mean":83.6,"gdl_hdi":0.936,"gdl_region":"Florida","ghsl_smod":30,"lst_anomaly_c":2.9,"lst_anomaly_c_climrel":0.3625,"worldpop_pop_total":2603.0,"frac_under5":3.7,"frac_elderly_65plus":24.1,"frac_elderly_75plus":12.0,"old_age_dependency_ratio":0.375,"has_data":true},"geometry":{"type":"Polygon","coordinates":[[[-80.238845,25.765173],[-80.232736,25.765368],[-80.230675,25.765403],[-80.230521,25.761274],[-80.230397,25.758123],[-80.232454,25.758043],[-80.238557,25.757777],[-80.238603,25.758701],[-80.238695,25.761467],[-80.238845,25.765173]]]}},{"type":"Feature","properties":{"unit_id":"12086000310","name":"Census Tract 3.10","native_id":"12086000310","source":"census_tract_2025","adm3_name":"Miami-Dade County","adm3_id":"12086","area_sqm":1558740,"split":false,"population":6248.0,"days_covered":18,"daytime_peak_f":102.2,"heat_anomaly_f":5.4,"extreme_pct":33.0,"nighttime_stress_f":-2.9,"daytime_peak_f_climrel":0.8011,"heat_anomaly_f_climrel":0.8011,"nighttime_stress_f_climrel":-0.3,"extreme_pct_climrel":0.825,"ref_daytime_hi_mean":96.9,"ref_daytime_hi_p95":102.4,"rwi_mean":null,"health_per_10k":0.0,"built_frac":0.405,"tree_frac":0.503,"canopy_frac_over_3m":0.285,"viirs_mean":46.1,"gdl_hdi":0.936,"gdl_region":"Florida","ghsl_smod":30,"lst_anomaly_c":-0.69,"lst_anomaly_c_climrel":0,"worldpop_pop_total":4549.0,"frac_under5":4.8,"frac_elderly_65plus":18.1,"frac_elderly_75plus":6.9,"old_age_dependency_ratio":0.277,"has_data":true},"geometry":{"type":"Polygon","coordinates":[[[-80.199735,25.910341],[-80.199572,25.910764],[-80.199791,25.916227],[-80.19577,25.916408],[-80.187701,25.916666],[-80.18766,25.915856],[-80.187514,25.912936],[-80.187473,25.912117],[-80.187392,25.910303],[-80.187226,25.9067],[-80.187124,25.905],[-80.18881,25.904818],[-80.19114,25.904711],[-80.19215,25.904683],[-80.193985,25.904583],[-80.193886,25.902267],[-80.193746,25.899082],[-80.19485,25.899031],[-80.195472,25.903543],[-80.196855,25.90586],[-80.197137,25.906279],[-80.199805,25.910096],[-80.199735,25.910341]]]}},{"type":"Feature","properties":{"unit_id":"12086006302","name":"Census Tract 63.02","native_id":"12086006302","source":"census_tract_2025","adm3_name":"Miami-Dade County","adm3_id":"12086","area_sqm":1385212,"split":false,"population":8371.0,"days_covered":18,"daytime_peak_f":101.9,"heat_anomaly_f":5.5,"extreme_pct":39.0,"nighttime_stress_f":-3.1,"daytime_peak_f_climrel":0.8322,"heat_anomaly_f_climrel":0.8322,"nighttime_stress_f_climrel":-0.3,"extreme_pct_climrel":0.975,"ref_daytime_hi_mean":96.4,"ref_daytime_hi_p95":101.7,"rwi_mean":null,"health_per_10k":1.194600406164138,"built_frac":0.763,"tree_frac":0.209,"canopy_frac_over_3m":0.223,"viirs_mean":92.7,"gdl_hdi":0.936,"gdl_region":"Florida","ghsl_smod":30,"lst_anomaly_c":2.38,"lst_anomaly_c_climrel":0.2975,"worldpop_pop_total":5894.0,"frac_under5":4.2,"frac_elderly_65plus":24.1,"frac_elderly_75plus":11.8,"old_age_dependency_ratio":0.38,"has_data":true},"geometry":{"type":"Polygon","coordinates":[[[-80.254832,25.757249],[-80.250392,25.7574],[-80.246788,25.757505],[-80.242661,25.757667],[-80.242708,25.75859],[-80.238603,25.758701],[-80.238557,25.757777],[-80.23842,25.754062],[-80.238255,25.750327],[-80.246402,25.750119],[-80.249603,25.750013],[-80.252093,25.749954],[-80.254569,25.749862],[-80.254738,25.753323],[-80.2548,25.756034],[-80.254832,25.757249]]]}},{"type":"Feature","properties":{"unit_id":"12086009043","name":"Census Tract 90.43","native_id":"12086009043","source":"census_tract_2025","adm3_name":"Miami-Dade County","adm3_id":"12086","area_sqm":1359051,"split":false,"population":3384.0,"days_covered":18,"daytime_peak_f":102.3,"heat_anomaly_f":4.1,"extreme_pct":33.0,"nighttime_stress_f":-5.1,"daytime_peak_f_climrel":0.6155,"heat_anomaly_f_climrel":0.6155,"nighttime_stress_f_climrel":-0.3,"extreme_pct_climrel":0.825,"ref_daytime_hi_mean":98.1,"ref_daytime_hi_p95":103.4,"rwi_mean":null,"health_per_10k":0.0,"built_frac":0.622,"tree_frac":0.055,"canopy_frac_over_3m":0.096,"viirs_mean":54.7,"gdl_hdi":0.936,"gdl_region":"Florida","ghsl_smod":30,"lst_anomaly_c":-1.49,"lst_anomaly_c_climrel":0,"worldpop_pop_total":6952.0,"frac_under5":5.1,"frac_elderly_65plus":7.6,"frac_elderly_75plus":2.6,"old_age_dependency_ratio":0.106,"has_data":true},"geometry":{"type":"Polygon","coordinates":[[[-80.387525,25.847837],[-80.387061,25.847857],[-80.380193,25.847959],[-80.378549,25.847955],[-80.370591,25.847902],[-80.370446,25.845735],[-80.370364,25.840653],[-80.378322,25.840645],[-80.382366,25.840631],[-80.384162,25.840629],[-80.386862,25.840524],[-80.387271,25.840519],[-80.387525,25.847837]]]}},{"type":"Feature","properties":{"unit_id":"12086006303","name":"Census Tract 63.03","native_id":"12086006303","source":"census_tract_2025","adm3_name":"Miami-Dade County","adm3_id":"12086","area_sqm":633615,"split":false,"population":2688.0,"days_covered":18,"daytime_peak_f":101.9,"heat_anomaly_f":5.5,"extreme_pct":39.0,"nighttime_stress_f":-3.1,"daytime_peak_f_climrel":0.8322,"heat_anomaly_f_climrel":0.8322,"nighttime_stress_f_climrel":-0.3,"extreme_pct_climrel":0.975,"ref_daytime_hi_mean":96.4,"ref_daytime_hi_p95":101.7,"rwi_mean":null,"health_per_10k":0.0,"built_frac":0.867,"tree_frac":0.106,"canopy_frac_over_3m":0.167,"viirs_mean":77.3,"gdl_hdi":0.936,"gdl_region":"Florida","ghsl_smod":30,"lst_anomaly_c":1.18,"lst_anomaly_c_climrel":0.1475,"worldpop_pop_total":4415.0,"frac_under5":2.8,"frac_elderly_65plus":31.9,"frac_elderly_75plus":16.3,"old_age_dependency_ratio":0.54,"has_data":true},"geometry":{"type":"Polygon","coordinates":[[[-80.24701,25.764929],[-80.242912,25.765055],[-80.241628,25.765086],[-80.238845,25.765173],[-80.238695,25.761467],[-80.238603,25.758701],[-80.242708,25.75859],[-80.242661,25.757667],[-80.246788,25.757505],[-80.24701,25.764929]]]}},{"type":"Feature","properties":{"unit_id":"12086001208","name":"Census Tract 12.08","native_id":"12086001208","source":"census_tract_2025","adm3_name":"Miami-Dade County","adm3_id":"12086","area_sqm":499208,"split":false,"population":4049.0,"days_covered":18,"daytime_peak_f":102.2,"heat_anomaly_f":5.4,"extreme_pct":33.0,"nighttime_stress_f":-2.9,"daytime_peak_f_climrel":0.8011,"heat_anomaly_f_climrel":0.8011,"nighttime_stress_f_climrel":-0.3,"extreme_pct_climrel":0.825,"ref_daytime_hi_mean":96.9,"ref_daytime_hi_p95":102.4,"rwi_mean":null,"health_per_10k":7.409236848604594,"built_frac":0.828,"tree_frac":0.105,"canopy_frac_over_3m":0.162,"viirs_mean":84.1,"gdl_hdi":0.936,"gdl_region":"Florida","ghsl_smod":30,"lst_anomaly_c":3.68,"lst_anomaly_c_climrel":0.46,"worldpop_pop_total":3886.0,"frac_under5":4.4,"frac_elderly_65plus":11.1,"frac_elderly_75plus":4.0,"old_age_dependency_ratio":0.151,"has_data":true},"geometry":{"type":"Polygon","coordinates":[[[-80.172298,25.887188],[-80.17065,25.890751],[-80.170272,25.890601],[-80.167082,25.889251],[-80.166249,25.889285],[-80.163728,25.889408],[-80.164302,25.887554],[-80.165566,25.883773],[-80.166047,25.882641],[-80.166259,25.882701],[-80.166049,25.88467],[-80.167056,25.884169],[-80.173775,25.883986],[-80.172298,25.887188]]]}},{"type":"Feature","properties":{"unit_id":"12086000713","name":"Census Tract 7.13","native_id":"12086000713","source":"census_tract_2025","adm3_name":"Miami-Dade County","adm3_id":"12086","area_sqm":364599,"split":false,"population":2401.882011043429,"days_covered":18,"daytime_peak_f":102.6,"heat_anomaly_f":4.5,"extreme_pct":28.0,"nighttime_stress_f":-4.7,"daytime_peak_f_climrel":0.6666,"heat_anomaly_f_climrel":0.6666,"nighttime_stress_f_climrel":-0.3,"extreme_pct_climrel":0.7,"ref_daytime_hi_mean":98.0,"ref_daytime_hi_p95":103.2,"rwi_mean":null,"health_per_10k":4.163401846561058,"built_frac":0.973,"tree_frac":0.011,"canopy_frac_over_3m":0.076,"viirs_mean":162.4,"gdl_hdi":0.936,"gdl_region":"Florida","ghsl_smod":30,"lst_anomaly_c":4.06,"lst_anomaly_c_climrel":0.5075,"worldpop_pop_total":3120.0,"frac_under5":3.0,"frac_elderly_65plus":33.8,"frac_elderly_75plus":19.4,"old_age_dependency_ratio":0.601,"has_data":true},"geometry":{"type":"Polygon","coordinates":[[[-80.314876,25.866591],[-80.306846,25.866607],[-80.306762,25.863956],[-80.306733,25.862506],[-80.310725,25.862512],[-80.314755,25.862515],[-80.314796,25.863899],[-80.314876,25.866591]]]}},{"type":"Feature","properties":{"unit_id":"12086001007","name":"Census Tract 10.07","native_id":"12086001007","source":"census_tract_2025","adm3_name":"Miami-Dade County","adm3_id":"12086","area_sqm":1254372,"split":false,"population":1553.0,"days_covered":18,"daytime_peak_f":102.2,"heat_anomaly_f":5.4,"extreme_pct":33.0,"nighttime_stress_f":-2.9,"daytime_peak_f_climrel":0.8011,"heat_anomaly_f_climrel":0.8011,"nighttime_stress_f_climrel":-0.3,"extreme_pct_climrel":0.825,"ref_daytime_hi_mean":96.9,"ref_daytime_hi_p95":102.4,"rwi_mean":null,"health_per_10k":0.0,"built_frac":0.562,"tree_frac":0.354,"canopy_frac_over_3m":0.242,"viirs_mean":51.1,"gdl_hdi":0.936,"gdl_region":"Florida","ghsl_smod":30,"lst_anomaly_c":1.0,"lst_anomaly_c_climrel":0.125,"worldpop_pop_total":3911.0,"frac_under5":5.3,"frac_elderly_65plus":17.8,"frac_elderly_75plus":7.2,"old_age_dependency_ratio":0.273,"has_data":true},"geometry":{"type":"Polygon","coordinates":[[[-80.23409,25.860941],[-80.225891,25.861187],[-80.224501,25.861256],[-80.221734,25.856457],[-80.221669,25.855995],[-80.221461,25.850352],[-80.22134,25.846663],[-80.225399,25.846541],[-80.225525,25.850212],[-80.225649,25.853929],[-80.233839,25.853677],[-80.233952,25.857311],[-80.23409,25.860941]]]}},{"type":"Feature","properties":{"unit_id":"12086008418","name":"Census Tract 84.18","native_id":"12086008418","source":"census_tract_2025","adm3_name":"Miami-Dade County","adm3_id":"12086","area_sqm":619856,"split":false,"population":1845.5574674939567,"days_covered":18,"daytime_peak_f":102.4,"heat_anomaly_f":4.6,"extreme_pct":33.0,"nighttime_stress_f":-5.5,"daytime_peak_f_climrel":0.6622,"heat_anomaly_f_climrel":0.6622,"nighttime_stress_f_climrel":-0.3,"extreme_pct_climrel":0.825,"ref_daytime_hi_mean":97.8,"ref_daytime_hi_p95":103.3,"rwi_mean":null,"health_per_10k":5.418417023653449,"built_frac":0.781,"tree_frac":0.148,"canopy_frac_over_3m":0.206,"viirs_mean":68.1,"gdl_hdi":0.936,"gdl_region":"Florida","ghsl_smod":30,"lst_anomaly_c":null,"lst_anomaly_c_climrel":null,"worldpop_pop_total":2385.0,"frac_under5":4.4,"frac_elderly_65plus":23.3,"frac_elderly_75plus":10.6,"old_age_dependency_ratio":0.366,"has_data":true},"geometry":{"type":"Polygon","coordinates":[[[-80.382122,25.700702],[-80.380969,25.700587],[-80.376785,25.700721],[-80.372209,25.700876],[-80.366155,25.701101],[-80.366079,25.69722],[-80.368158,25.697497],[-80.372108,25.69741],[-80.382054,25.697149],[-80.382122,25.700702]]]}},{"type":"Feature","properties":{"unit_id":"12086009315","name":"Census Tract 93.15","native_id":"12086009315","source":"census_tract_2025","adm3_name":"Miami-Dade County","adm3_id":"12086","area_sqm":250749,"split":false,"population":4240.0,"days_covered":18,"daytime_peak_f":102.6,"heat_anomaly_f":4.5,"extreme_pct":28.0,"nighttime_stress_f":-4.7,"daytime_peak_f_climrel":0.6666,"heat_anomaly_f_climrel":0.6666,"nighttime_stress_f_climrel":-0.3,"extreme_pct_climrel":0.7,"ref_daytime_hi_mean":98.0,"ref_daytime_hi_p95":103.2,"rwi_mean":null,"health_per_10k":0.0,"built_frac":0.822,"tree_frac":0.105,"canopy_frac_over_3m":0.125,"viirs_mean":133.0,"gdl_hdi":0.936,"gdl_region":"Florida","ghsl_smod":30,"lst_anomaly_c":2.23,"lst_anomaly_c_climrel":0.2787,"worldpop_pop_total":4127.0,"frac_under5":3.5,"frac_elderly_65plus":34.9,"frac_elderly_75plus":20.0,"old_age_dependency_ratio":0.641,"has_data":true},"geometry":{"type":"Polygon","coordinates":[[[-80.323213,25.875212],[-80.321287,25.875197],[-80.321276,25.8734],[-80.319144,25.873411],[-80.31905,25.871376],[-80.319005,25.870797],[-80.315005,25.870863],[-80.314937,25.869592],[-80.322901,25.869593],[-80.322902,25.869762],[-80.322991,25.872041],[-80.323142,25.873424],[-80.323213,25.875212]]]}},{"type":"Feature","properties":{"unit_id":"12086012401","name":"Census Tract 124.01","native_id":"12086012401","source":"census_tract_2025","adm3_name":"Miami-Dade County","adm3_id":"12086","area_sqm":897082,"split":false,"population":2165.0,"days_covered":18,"daytime_peak_f":102.6,"heat_anomaly_f":4.5,"extreme_pct":28.0,"nighttime_stress_f":-4.7,"daytime_peak_f_climrel":0.6666,"heat_anomaly_f_climrel":0.6666,"nighttime_stress_f_climrel":-0.3,"extreme_pct_climrel":0.7,"ref_daytime_hi_mean":98.0,"ref_daytime_hi_p95":103.2,"rwi_mean":null,"health_per_10k":0.0,"built_frac":0.746,"tree_frac":0.048,"canopy_frac_over_3m":0.119,"viirs_mean":49.2,"gdl_hdi":0.936,"gdl_region":"Florida","ghsl_smod":30,"lst_anomaly_c":1.11,"lst_anomaly_c_climrel":0.1388,"worldpop_pop_total":4638.0,"frac_under5":3.9,"frac_elderly_65plus":19.2,"frac_elderly_75plus":7.0,"old_age_dependency_ratio":0.29,"has_data":true},"geometry":{"type":"Polygon","coordinates":[[[-80.342635,25.94959],[-80.334647,25.949616],[-80.330684,25.949577],[-80.330672,25.949025],[-80.329622,25.946758],[-80.329501,25.942343],[-80.334284,25.94233],[-80.342308,25.942285],[-80.342517,25.947062],[-80.342635,25.94959]]]}},{"type":"Feature","properties":{"unit_id":"12086004204","name":"Census Tract 42.04","native_id":"12086004204","source":"census_tract_2025","adm3_name":"Miami-Dade County","adm3_id":"12086","area_sqm":382890,"split":false,"population":7060.0,"days_covered":18,"daytime_peak_f":102.9,"heat_anomaly_f":6.1,"extreme_pct":44.0,"nighttime_stress_f":-3.1,"daytime_peak_f_climrel":0.9278,"heat_anomaly_f_climrel":0.9278,"nighttime_stress_f_climrel":-0.3,"extreme_pct_climrel":1,"ref_daytime_hi_mean":96.9,"ref_daytime_hi_p95":102.1,"rwi_mean":null,"health_per_10k":2.8328611898016995,"built_frac":0.881,"tree_frac":0.108,"canopy_frac_over_3m":0.225,"viirs_mean":164.2,"gdl_hdi":0.936,"gdl_region":"Florida","ghsl_smod":30,"lst_anomaly_c":2.51,"lst_anomaly_c_climrel":0.3137,"worldpop_pop_total":2308.0,"frac_under5":3.0,"frac_elderly_65plus":12.6,"frac_elderly_75plus":4.8,"old_age_dependency_ratio":0.159,"has_data":true},"geometry":{"type":"Polygon","coordinates":[[[-80.141302,25.793383],[-80.136695,25.795888],[-80.136551,25.790555],[-80.136463,25.787458],[-80.1387,25.787399],[-80.141123,25.78734],[-80.14116,25.788899],[-80.141209,25.790437],[-80.141278,25.79204],[-80.143674,25.79204],[-80.141302,25.793383]]]}},{"type":"Feature","properties":{"unit_id":"12086003703","name":"Census Tract 37.03","native_id":"12086003703","source":"census_tract_2025","adm3_name":"Miami-Dade County","adm3_id":"12086","area_sqm":161623,"split":false,"population":22652.0,"days_covered":18,"daytime_peak_f":101.9,"heat_anomaly_f":5.5,"extreme_pct":39.0,"nighttime_stress_f":-3.1,"daytime_peak_f_climrel":0.8322,"heat_anomaly_f_climrel":0.8322,"nighttime_stress_f_climrel":-0.3,"extreme_pct_climrel":0.975,"ref_daytime_hi_mean":96.4,"ref_daytime_hi_p95":101.7,"rwi_mean":null,"health_per_10k":1.3243863676496557,"built_frac":0.855,"tree_frac":0.001,"canopy_frac_over_3m":0.057,"viirs_mean":193.4,"gdl_hdi":0.936,"gdl_region":"Florida","ghsl_smod":30,"lst_anomaly_c":-4.87,"lst_anomaly_c_climrel":0,"worldpop_pop_total":4256.0,"frac_under5":3.4,"frac_elderly_65plus":5.5,"frac_elderly_75plus":1.4,"old_age_dependency_ratio":0.062,"has_data":true},"geometry":{"type":"Polygon","coordinates":[[[-80.19032,25.775222],[-80.187379,25.77529],[-80.187236,25.774306],[-80.187122,25.772752],[-80.187242,25.771179],[-80.187312,25.770798],[-80.186569,25.769677],[-80.188166,25.769792],[-80.190035,25.769927],[-80.190188,25.772609],[-80.190274,25.774245],[-80.19032,25.775222]]]}},{"type":"Feature","properties":{"unit_id":"12086010013","name":"Census Tract 100.13","native_id":"12086010013","source":"census_tract_2025","adm3_name":"Miami-Dade County","adm3_id":"12086","area_sqm":1280137,"split":false,"population":4499.0,"days_covered":18,"daytime_peak_f":102.6,"heat_anomaly_f":4.5,"extreme_pct":28.0,"nighttime_stress_f":-4.7,"daytime_peak_f_climrel":0.6666,"heat_anomaly_f_climrel":0.6666,"nighttime_stress_f_climrel":-0.3,"extreme_pct_climrel":0.7,"ref_daytime_hi_mean":98.0,"ref_daytime_hi_p95":103.2,"rwi_mean":null,"health_per_10k":0.0,"built_frac":0.787,"tree_frac":0.049,"canopy_frac_over_3m":0.121,"viirs_mean":56.1,"gdl_hdi":0.936,"gdl_region":"Florida","ghsl_smod":30,"lst_anomaly_c":0.59,"lst_anomaly_c_climrel":0.0737,"worldpop_pop_total":4635.0,"frac_under5":4.2,"frac_elderly_65plus":20.0,"frac_elderly_75plus":8.7,"old_age_dependency_ratio":0.304,"has_data":true},"geometry":{"type":"Polygon","coordinates":[[[-80.294283,25.94658],[-80.286172,25.946771],[-80.277792,25.946962],[-80.277447,25.939688],[-80.285718,25.939524],[-80.293856,25.939286],[-80.294099,25.942414],[-80.294283,25.94658]]]}},{"type":"Feature","properties":{"unit_id":"12086003603","name":"Census Tract 36.03","native_id":"12086003603","source":"census_tract_2025","adm3_name":"Miami-Dade County","adm3_id":"12086","area_sqm":185405,"split":false,"population":1927.4190271266204,"days_covered":18,"daytime_peak_f":101.9,"heat_anomaly_f":5.5,"extreme_pct":39.0,"nighttime_stress_f":-3.1,"daytime_peak_f_climrel":0.8322,"heat_anomaly_f_climrel":0.8322,"nighttime_stress_f_climrel":-0.3,"extreme_pct_climrel":0.975,"ref_daytime_hi_mean":96.4,"ref_daytime_hi_p95":101.7,"rwi_mean":null,"health_per_10k":0.0,"built_frac":0.739,"tree_frac":0.128,"canopy_frac_over_3m":0.166,"viirs_mean":135.3,"gdl_hdi":0.936,"gdl_region":"Florida","ghsl_smod":30,"lst_anomaly_c":-4.09,"lst_anomaly_c_climrel":0,"worldpop_pop_total":2447.0,"frac_under5":4.4,"frac_elderly_65plus":17.5,"frac_elderly_75plus":8.6,"old_age_dependency_ratio":0.25,"has_data":true},"geometry":{"type":"Polygon","coordinates":[[[-80.207827,25.776652],[-80.206915,25.778289],[-80.204801,25.777426],[-80.201225,25.774198],[-80.204387,25.773834],[-80.206056,25.773774],[-80.207693,25.773714],[-80.207827,25.776652]]]}},{"type":"Feature","properties":{"unit_id":"12086005103","name":"Census Tract 51.03","native_id":"12086005103","source":"census_tract_2025","adm3_name":"Miami-Dade County","adm3_id":"12086","area_sqm":326645,"split":false,"population":1871.7829073458804,"days_covered":18,"daytime_peak_f":101.9,"heat_anomaly_f":5.5,"extreme_pct":39.0,"nighttime_stress_f":-3.1,"daytime_peak_f_climrel":0.8322,"heat_anomaly_f_climrel":0.8322,"nighttime_stress_f_climrel":-0.3,"extreme_pct_climrel":0.975,"ref_daytime_hi_mean":96.4,"ref_daytime_hi_p95":101.7,"rwi_mean":null,"health_per_10k":0.0,"built_frac":0.892,"tree_frac":0.097,"canopy_frac_over_3m":0.119,"viirs_mean":96.1,"gdl_hdi":0.936,"gdl_region":"Florida","ghsl_smod":30,"lst_anomaly_c":0.02,"lst_anomaly_c_climrel":0.0025,"worldpop_pop_total":2774.0,"frac_under5":4.0,"frac_elderly_65plus":26.8,"frac_elderly_75plus":15.0,"old_age_dependency_ratio":0.442,"has_data":true},"geometry":{"type":"Polygon","coordinates":[[[-80.239467,25.783085],[-80.232713,25.783206],[-80.231263,25.783262],[-80.231221,25.78265],[-80.23121,25.779694],[-80.235753,25.779567],[-80.239339,25.779465],[-80.239467,25.783085]]]}},{"type":"Feature","properties":{"unit_id":"12086002502","name":"Census Tract 25.02","native_id":"12086002502","source":"census_tract_2025","adm3_name":"Miami-Dade County","adm3_id":"12086","area_sqm":1038666,"split":false,"population":2205.0,"days_covered":18,"daytime_peak_f":101.9,"heat_anomaly_f":5.5,"extreme_pct":39.0,"nighttime_stress_f":-3.1,"daytime_peak_f_climrel":0.8322,"heat_anomaly_f_climrel":0.8322,"nighttime_stress_f_climrel":-0.3,"extreme_pct_climrel":0.975,"ref_daytime_hi_mean":96.4,"ref_daytime_hi_p95":101.7,"rwi_mean":null,"health_per_10k":0.0,"built_frac":0.743,"tree_frac":0.198,"canopy_frac_over_3m":0.183,"viirs_mean":91.9,"gdl_hdi":0.936,"gdl_region":"Florida","ghsl_smod":30,"lst_anomaly_c":3.65,"lst_anomaly_c_climrel":0.4562,"worldpop_pop_total":3779.0,"frac_under5":5.9,"frac_elderly_65plus":20.0,"frac_elderly_75plus":7.1,"old_age_dependency_ratio":0.324,"has_data":true},"geometry":{"type":"Polygon","coordinates":[[[-80.224021,25.812211],[-80.215787,25.812395],[-80.209003,25.812632],[-80.206903,25.812529],[-80.206151,25.812448],[-80.206065,25.809544],[-80.20596,25.806412],[-80.205841,25.802673],[-80.207291,25.802595],[-80.21137,25.80251],[-80.211506,25.806226],[-80.213076,25.806177],[-80.213183,25.809926],[-80.215713,25.809797],[-80.223877,25.809529],[-80.224021,25.812211]]]}},{"type":"Feature","properties":{"unit_id":"12086008313","name":"Census Tract 83.13","native_id":"12086008313","source":"census_tract_2025","adm3_name":"Miami-Dade County","adm3_id":"12086","area_sqm":2088185,"split":false,"population":7636.0,"days_covered":18,"daytime_peak_f":101.6,"heat_anomaly_f":4.2,"extreme_pct":22.0,"nighttime_stress_f":-6.1,"daytime_peak_f_climrel":0.5768,"heat_anomaly_f_climrel":0.5768,"nighttime_stress_f_climrel":-0.3,"extreme_pct_climrel":0.55,"ref_daytime_hi_mean":97.4,"ref_daytime_hi_p95":103.0,"rwi_mean":null,"health_per_10k":0.0,"built_frac":0.593,"tree_frac":0.073,"canopy_frac_over_3m":0.097,"viirs_mean":36.8,"gdl_hdi":0.936,"gdl_region":"Florida","ghsl_smod":30,"lst_anomaly_c":-0.16,"lst_anomaly_c_climrel":0,"worldpop_pop_total":5340.0,"frac_under5":4.5,"frac_elderly_65plus":25.6,"frac_elderly_75plus":11.2,"old_age_dependency_ratio":0.429,"has_data":true},"geometry":{"type":"Polygon","coordinates":[[[-80.377124,25.642279],[-80.376234,25.642427],[-80.375972,25.641727],[-80.368169,25.638559],[-80.365507,25.638196],[-80.362222,25.635649],[-80.359819,25.635628],[-80.358243,25.634681],[-80.352423,25.631187],[-80.349816,25.63117],[-80.348941,25.630951],[-80.348102,25.628742],[-80.353881,25.628571],[-80.358002,25.6284],[-80.360076,25.628322],[-80.366223,25.628035],[-80.370523,25.627866],[-80.372112,25.627797],[-80.372392,25.63142],[-80.374628,25.634948],[-80.373877,25.636842],[-80.374888,25.639299],[-80.376852,25.639177],[-80.377124,25.642279]]]}},{"type":"Feature","properties":{"unit_id":"12086008704","name":"Census Tract 87.04","native_id":"12086008704","source":"census_tract_2025","adm3_name":"Miami-Dade County","adm3_id":"12086","area_sqm":1296134,"split":false,"population":3067.0,"days_covered":18,"daytime_peak_f":102.4,"heat_anomaly_f":4.6,"extreme_pct":33.0,"nighttime_stress_f":-5.5,"daytime_peak_f_climrel":0.6622,"heat_anomaly_f_climrel":0.6622,"nighttime_stress_f_climrel":-0.3,"extreme_pct_climrel":0.825,"ref_daytime_hi_mean":97.8,"ref_daytime_hi_p95":103.3,"rwi_mean":null,"health_per_10k":3.2605151613955003,"built_frac":0.702,"tree_frac":0.049,"canopy_frac_over_3m":0.097,"viirs_mean":43.8,"gdl_hdi":0.936,"gdl_region":"Florida","ghsl_smod":30,"lst_anomaly_c":0.91,"lst_anomaly_c_climrel":0.1138,"worldpop_pop_total":3624.0,"frac_under5":4.1,"frac_elderly_65plus":27.1,"frac_elderly_75plus":13.0,"old_age_dependency_ratio":0.448,"has_data":true},"geometry":{"type":"Polygon","coordinates":[[[-80.384019,25.722867],[-80.375292,25.723038],[-80.368587,25.723119],[-80.367296,25.722707],[-80.366908,25.715442],[-80.372104,25.715255],[-80.374925,25.715141],[-80.382583,25.714857],[-80.382869,25.714919],[-80.383709,25.715147],[-80.384249,25.721433],[-80.384019,25.722867]]]}},{"type":"Feature","properties":{"unit_id":"12086019901","name":"Census Tract 199.01","native_id":"12086019901","source":"census_tract_2025","adm3_name":"Miami-Dade County","adm3_id":"12086","area_sqm":1038980,"split":false,"population":1268.0,"days_covered":18,"daytime_peak_f":101.6,"heat_anomaly_f":4.2,"extreme_pct":22.0,"nighttime_stress_f":-6.1,"daytime_peak_f_climrel":0.5768,"heat_anomaly_f_climrel":0.5768,"nighttime_stress_f_climrel":-0.3,"extreme_pct_climrel":0.55,"ref_daytime_hi_mean":97.4,"ref_daytime_hi_p95":103.0,"rwi_mean":null,"health_per_10k":0.0,"built_frac":0.83,"tree_frac":0.063,"canopy_frac_over_3m":0.122,"viirs_mean":38.6,"gdl_hdi":0.936,"gdl_region":"Florida","ghsl_smod":30,"lst_anomaly_c":null,"lst_anomaly_c_climrel":null,"worldpop_pop_total":4665.0,"frac_under5":4.2,"frac_elderly_65plus":18.0,"frac_elderly_75plus":7.1,"old_age_dependency_ratio":0.271,"has_data":true},"geometry":{"type":"Polygon","coordinates":[[[-80.429776,25.599893],[-80.421687,25.600176],[-80.413646,25.600497],[-80.413784,25.602958],[-80.41383,25.604167],[-80.410118,25.60423],[-80.409709,25.603926],[-80.409303,25.596685],[-80.413035,25.596561],[-80.413447,25.596531],[-80.429685,25.595954],[-80.429776,25.599893]]]}},{"type":"Feature","properties":{"unit_id":"12086004904","name":"Census Tract 49.04","native_id":"12086004904","source":"census_tract_2025","adm3_name":"Miami-Dade County","adm3_id":"12086","area_sqm":649557,"split":false,"population":2959.468622935034,"days_covered":18,"daytime_peak_f":102.1,"heat_anomaly_f":4.6,"extreme_pct":44.0,"nighttime_stress_f":-4.1,"daytime_peak_f_climrel":0.6814,"heat_anomaly_f_climrel":0.6814,"nighttime_stress_f_climrel":-0.3,"extreme_pct_climrel":1,"ref_daytime_hi_mean":97.5,"ref_daytime_hi_p95":102.7,"rwi_mean":null,"health_per_10k":0.0,"built_frac":0.905,"tree_frac":0.057,"canopy_frac_over_3m":0.132,"viirs_mean":122.6,"gdl_hdi":0.936,"gdl_region":"Florida","ghsl_smod":30,"lst_anomaly_c":3.43,"lst_anomaly_c_climrel":0.4288,"worldpop_pop_total":2779.0,"frac_under5":3.7,"frac_elderly_65plus":26.9,"frac_elderly_75plus":14.3,"old_age_dependency_ratio":0.429,"has_data":true},"geometry":{"type":"Polygon","coordinates":[[[-80.264004,25.778715],[-80.262387,25.778753],[-80.255714,25.778936],[-80.255574,25.775449],[-80.255457,25.771834],[-80.262022,25.771709],[-80.263684,25.771681],[-80.264004,25.778715]]]}},{"type":"Feature","properties":{"unit_id":"12086009040","name":"Census Tract 90.40","native_id":"12086009040","source":"census_tract_2025","adm3_name":"Miami-Dade County","adm3_id":"12086","area_sqm":11323580,"split":false,"population":10050.0,"days_covered":18,"daytime_peak_f":101.7,"heat_anomaly_f":3.6,"extreme_pct":17.0,"nighttime_stress_f":-4.8,"daytime_peak_f_climrel":0.5257,"heat_anomaly_f_climrel":0.5257,"nighttime_stress_f_climrel":-0.3,"extreme_pct_climrel":0.425,"ref_daytime_hi_mean":98.1,"ref_daytime_hi_p95":103.0,"rwi_mean":null,"health_per_10k":1.990049751243781,"built_frac":0.442,"tree_frac":0.038,"canopy_frac_over_3m":0.048,"viirs_mean":60.3,"gdl_hdi":0.936,"gdl_region":"Florida","ghsl_smod":30,"lst_anomaly_c":-2.42,"lst_anomaly_c_climrel":0,"worldpop_pop_total":29755.0,"frac_under5":7.4,"frac_elderly_65plus":7.8,"frac_elderly_75plus":3.2,"old_age_dependency_ratio":0.112,"has_data":true},"geometry":{"type":"Polygon","coordinates":[[[-80.388074,25.869839],[-80.387219,25.869871],[-80.371142,25.869779],[-80.370991,25.869816],[-80.344616,25.869754],[-80.341114,25.867059],[-80.339546,25.866223],[-80.323062,25.854061],[-80.322561,25.853659],[-80.322093,25.840736],[-80.334187,25.840763],[-80.3382,25.840733],[-80.35435,25.840694],[-80.362329,25.840673],[-80.370364,25.840653],[-80.370446,25.845735],[-80.370591,25.847902],[-80.370704,25.851532],[-80.370791,25.855089],[-80.370773,25.855194],[-80.374771,25.855241],[-80.378707,25.855203],[-80.387242,25.855233],[-80.387658,25.855246],[-80.388074,25.869839]]]}},{"type":"Feature","properties":{"unit_id":"12086011103","name":"Census Tract 111.03","native_id":"12086011103","source":"census_tract_2025","adm3_name":"Miami-Dade County","adm3_id":"12086","area_sqm":1282883,"split":false,"population":2508.0,"days_covered":18,"daytime_peak_f":100.7,"heat_anomaly_f":3.0,"extreme_pct":17.0,"nighttime_stress_f":-8.0,"daytime_peak_f_climrel":0.4742,"heat_anomaly_f_climrel":0.4742,"nighttime_stress_f_climrel":-0.3,"extreme_pct_climrel":0.425,"ref_daytime_hi_mean":97.7,"ref_daytime_hi_p95":102.5,"rwi_mean":null,"health_per_10k":0.0,"built_frac":0.373,"tree_frac":0.063,"canopy_frac_over_3m":0.114,"viirs_mean":62.1,"gdl_hdi":0.936,"gdl_region":"Florida","ghsl_smod":30,"lst_anomaly_c":null,"lst_anomaly_c_climrel":null,"worldpop_pop_total":3781.0,"frac_under5":6.5,"frac_elderly_65plus":10.8,"frac_elderly_75plus":3.6,"old_age_dependency_ratio":0.161,"has_data":true},"geometry":{"type":"Polygon","coordinates":[[[-80.469016,25.472346],[-80.468942,25.475801],[-80.468087,25.477218],[-80.465081,25.477256],[-80.460901,25.477313],[-80.460769,25.470065],[-80.460763,25.464382],[-80.46174,25.463415],[-80.46275,25.463075],[-80.462972,25.462542],[-80.469013,25.462454],[-80.468993,25.46994],[-80.469016,25.472346]]]}},{"type":"Feature","properties":{"unit_id":"12086017200","name":"Census Tract 172","native_id":"12086017200","source":"census_tract_2025","adm3_name":"Miami-Dade County","adm3_id":"12086","area_sqm":1413827,"split":false,"population":5867.0,"days_covered":18,"daytime_peak_f":102.4,"heat_anomaly_f":4.6,"extreme_pct":33.0,"nighttime_stress_f":-5.5,"daytime_peak_f_climrel":0.6622,"heat_anomaly_f_climrel":0.6622,"nighttime_stress_f_climrel":-0.3,"extreme_pct_climrel":0.825,"ref_daytime_hi_mean":97.8,"ref_daytime_hi_p95":103.3,"rwi_mean":null,"health_per_10k":0.0,"built_frac":0.742,"tree_frac":0.142,"canopy_frac_over_3m":0.144,"viirs_mean":42.5,"gdl_hdi":0.936,"gdl_region":"Florida","ghsl_smod":30,"lst_anomaly_c":0.87,"lst_anomaly_c_climrel":0.1087,"worldpop_pop_total":4068.0,"frac_under5":3.6,"frac_elderly_65plus":26.3,"frac_elderly_75plus":11.6,"old_age_dependency_ratio":0.438,"has_data":true},"geometry":{"type":"Polygon","coordinates":[[[-80.414495,25.697229],[-80.414508,25.699951],[-80.406501,25.700196],[-80.398474,25.700454],[-80.398662,25.695472],[-80.40052,25.693734],[-80.401538,25.692854],[-80.402135,25.691671],[-80.402131,25.689798],[-80.400657,25.685886],[-80.403733,25.685786],[-80.404617,25.688006],[-80.405564,25.692231],[-80.406488,25.69384],[-80.40573,25.696558],[-80.409245,25.694085],[-80.411638,25.693511],[-80.413966,25.693098],[-80.415711,25.693067],[-80.414495,25.697229]]]}},{"type":"Feature","properties":{"unit_id":"12086000413","name":"Census Tract 4.13","native_id":"12086000413","source":"census_tract_2025","adm3_name":"Miami-Dade County","adm3_id":"12086","area_sqm":2618117,"split":false,"population":3602.0,"days_covered":18,"daytime_peak_f":102.2,"heat_anomaly_f":5.4,"extreme_pct":33.0,"nighttime_stress_f":-2.9,"daytime_peak_f_climrel":0.8011,"heat_anomaly_f_climrel":0.8011,"nighttime_stress_f_climrel":-0.3,"extreme_pct_climrel":0.825,"ref_daytime_hi_mean":96.9,"ref_daytime_hi_p95":102.4,"rwi_mean":null,"health_per_10k":2.77623542476402,"built_frac":0.514,"tree_frac":0.21,"canopy_frac_over_3m":0.171,"viirs_mean":50.0,"gdl_hdi":0.936,"gdl_region":"Florida","ghsl_smod":30,"lst_anomaly_c":-0.54,"lst_anomaly_c_climrel":0,"worldpop_pop_total":5273.0,"frac_under5":5.7,"frac_elderly_65plus":17.7,"frac_elderly_75plus":5.5,"old_age_dependency_ratio":0.277,"has_data":true},"geometry":{"type":"Polygon","coordinates":[[[-80.236456,25.903046],[-80.235737,25.903397],[-80.230856,25.906001],[-80.2283,25.908276],[-80.227727,25.908551],[-80.222883,25.912764],[-80.221742,25.913647],[-80.220664,25.912427],[-80.223125,25.910381],[-80.221384,25.908855],[-80.211653,25.909281],[-80.211728,25.912977],[-80.2102,25.91309],[-80.210196,25.905633],[-80.209859,25.898328],[-80.211278,25.898268],[-80.215291,25.898108],[-80.215356,25.899571],[-80.219372,25.899422],[-80.227433,25.899095],[-80.227372,25.89761],[-80.231428,25.89754],[-80.235475,25.897446],[-80.236294,25.89818],[-80.236456,25.903046]]]}},{"type":"Feature","properties":{"unit_id":"12086009506","name":"Census Tract 95.06","native_id":"12086009506","source":"census_tract_2025","adm3_name":"Miami-Dade County","adm3_id":"12086","area_sqm":980890,"split":false,"population":3223.0,"days_covered":18,"daytime_peak_f":102.2,"heat_anomaly_f":5.4,"extreme_pct":33.0,"nighttime_stress_f":-2.9,"daytime_peak_f_climrel":0.8011,"heat_anomaly_f_climrel":0.8011,"nighttime_stress_f_climrel":-0.3,"extreme_pct_climrel":0.825,"ref_daytime_hi_mean":96.9,"ref_daytime_hi_p95":102.4,"rwi_mean":null,"health_per_10k":3.1026993484331364,"built_frac":0.766,"tree_frac":0.163,"canopy_frac_over_3m":0.135,"viirs_mean":64.9,"gdl_hdi":0.936,"gdl_region":"Florida","ghsl_smod":30,"lst_anomaly_c":3.08,"lst_anomaly_c_climrel":0.385,"worldpop_pop_total":4779.0,"frac_under5":6.2,"frac_elderly_65plus":16.8,"frac_elderly_75plus":5.6,"old_age_dependency_ratio":0.26,"has_data":true},"geometry":{"type":"Polygon","coordinates":[[[-80.221208,25.941882],[-80.213189,25.9422],[-80.20519,25.942555],[-80.20498,25.938895],[-80.204895,25.937151],[-80.212901,25.936731],[-80.212781,25.934866],[-80.215885,25.9351],[-80.215966,25.935178],[-80.222683,25.941822],[-80.221208,25.941882]]]}},{"type":"Feature","properties":{"unit_id":"12086005600","name":"Census Tract 56","native_id":"12086005600","source":"census_tract_2025","adm3_name":"Miami-Dade County","adm3_id":"12086","area_sqm":1313019,"split":false,"population":8140.0,"days_covered":18,"daytime_peak_f":102.1,"heat_anomaly_f":4.6,"extreme_pct":44.0,"nighttime_stress_f":-4.1,"daytime_peak_f_climrel":0.6814,"heat_anomaly_f_climrel":0.6814,"nighttime_stress_f_climrel":-0.3,"extreme_pct_climrel":1,"ref_daytime_hi_mean":97.5,"ref_daytime_hi_p95":102.7,"rwi_mean":null,"health_per_10k":2.457002457002457,"built_frac":0.796,"tree_frac":0.184,"canopy_frac_over_3m":0.21,"viirs_mean":86.5,"gdl_hdi":0.936,"gdl_region":"Florida","ghsl_smod":30,"lst_anomaly_c":2.12,"lst_anomaly_c_climrel":0.265,"worldpop_pop_total":5096.0,"frac_under5":3.5,"frac_elderly_65plus":26.7,"frac_elderly_75plus":13.1,"old_age_dependency_ratio":0.428,"has_data":true},"geometry":{"type":"Polygon","coordinates":[[[-80.271697,25.771465],[-80.2692,25.771538],[-80.267699,25.771581],[-80.265687,25.771624],[-80.263684,25.771681],[-80.262022,25.771709],[-80.255457,25.771834],[-80.255447,25.771356],[-80.255407,25.77064],[-80.255365,25.770026],[-80.255285,25.768201],[-80.25514,25.764687],[-80.259217,25.764573],[-80.260852,25.76451],[-80.261263,25.764496],[-80.263309,25.764424],[-80.267005,25.764305],[-80.267378,25.764282],[-80.270446,25.764205],[-80.271464,25.76417],[-80.271697,25.771465]]]}},{"type":"Feature","properties":{"unit_id":"12086019200","name":"Census Tract 192","native_id":"12086019200","source":"census_tract_2025","adm3_name":"Miami-Dade County","adm3_id":"12086","area_sqm":2053881,"split":false,"population":4458.0,"days_covered":18,"daytime_peak_f":102.4,"heat_anomaly_f":4.6,"extreme_pct":33.0,"nighttime_stress_f":-5.5,"daytime_peak_f_climrel":0.6622,"heat_anomaly_f_climrel":0.6622,"nighttime_stress_f_climrel":-0.3,"extreme_pct_climrel":0.825,"ref_daytime_hi_mean":97.8,"ref_daytime_hi_p95":103.3,"rwi_mean":null,"health_per_10k":0.0,"built_frac":0.622,"tree_frac":0.106,"canopy_frac_over_3m":0.099,"viirs_mean":45.9,"gdl_hdi":0.936,"gdl_region":"Florida","ghsl_smod":30,"lst_anomaly_c":1.4,"lst_anomaly_c_climrel":0.175,"worldpop_pop_total":5637.0,"frac_under5":4.0,"frac_elderly_65plus":22.6,"frac_elderly_75plus":8.7,"old_age_dependency_ratio":0.354,"has_data":true},"geometry":{"type":"Polygon","coordinates":[[[-80.400247,25.671325],[-80.392117,25.671602],[-80.388651,25.671717],[-80.388571,25.67108],[-80.388679,25.668415],[-80.385898,25.663106],[-80.385476,25.659593],[-80.385521,25.657297],[-80.387852,25.657159],[-80.39023,25.657095],[-80.391812,25.65668],[-80.394303,25.656029],[-80.399573,25.656836],[-80.399973,25.664097],[-80.40003,25.66571],[-80.400247,25.671325]]]}},{"type":"Feature","properties":{"unit_id":"12086009305","name":"Census Tract 93.05","native_id":"12086009305","source":"census_tract_2025","adm3_name":"Miami-Dade County","adm3_id":"12086","area_sqm":3535294,"split":false,"population":5660.0,"days_covered":18,"daytime_peak_f":102.6,"heat_anomaly_f":4.5,"extreme_pct":28.0,"nighttime_stress_f":-4.7,"daytime_peak_f_climrel":0.6666,"heat_anomaly_f_climrel":0.6666,"nighttime_stress_f_climrel":-0.3,"extreme_pct_climrel":0.7,"ref_daytime_hi_mean":98.0,"ref_daytime_hi_p95":103.2,"rwi_mean":null,"health_per_10k":0.0,"built_frac":0.48,"tree_frac":0.219,"canopy_frac_over_3m":0.254,"viirs_mean":62.6,"gdl_hdi":0.936,"gdl_region":"Florida","ghsl_smod":30,"lst_anomaly_c":-0.66,"lst_anomaly_c_climrel":0,"worldpop_pop_total":5821.0,"frac_under5":4.0,"frac_elderly_65plus":24.3,"frac_elderly_75plus":11.2,"old_age_dependency_ratio":0.392,"has_data":true},"geometry":{"type":"Polygon","coordinates":[[[-80.324858,25.913311],[-80.32281,25.913054],[-80.321127,25.911674],[-80.320062,25.9107],[-80.318476,25.909914],[-80.316804,25.909989],[-80.313486,25.911029],[-80.312936,25.910883],[-80.310208,25.908824],[-80.30823,25.908702],[-80.306741,25.909001],[-80.305361,25.911058],[-80.301572,25.910514],[-80.298302,25.909758],[-80.292514,25.909864],[-80.292017,25.898841],[-80.300188,25.898823],[-80.308213,25.898794],[-80.316231,25.8988],[-80.324268,25.89875],[-80.324373,25.906064],[-80.324858,25.913311]]]}},{"type":"Feature","properties":{"unit_id":"12086000131","name":"Census Tract 1.31","native_id":"12086000131","source":"census_tract_2025","adm3_name":"Miami-Dade County","adm3_id":"12086","area_sqm":498525,"split":false,"population":8546.0,"days_covered":18,"daytime_peak_f":102.4,"heat_anomaly_f":5.5,"extreme_pct":33.0,"nighttime_stress_f":-3.2,"daytime_peak_f_climrel":0.8247,"heat_anomaly_f_climrel":0.8247,"nighttime_stress_f_climrel":-0.3,"extreme_pct_climrel":0.825,"ref_daytime_hi_mean":96.9,"ref_daytime_hi_p95":102.4,"rwi_mean":null,"health_per_10k":1.1701380762930025,"built_frac":0.716,"tree_frac":0.128,"canopy_frac_over_3m":0.185,"viirs_mean":97.6,"gdl_hdi":0.936,"gdl_region":"Florida","ghsl_smod":30,"lst_anomaly_c":-1.24,"lst_anomaly_c_climrel":0,"worldpop_pop_total":6869.0,"frac_under5":6.1,"frac_elderly_65plus":21.2,"frac_elderly_75plus":10.7,"old_age_dependency_ratio":0.346,"has_data":true},"geometry":{"type":"Polygon","coordinates":[[[-80.147543,25.945349],[-80.146978,25.947401],[-80.146813,25.948434],[-80.142976,25.948568],[-80.142636,25.949226],[-80.142232,25.94924],[-80.134463,25.94941],[-80.134753,25.948689],[-80.135383,25.948154],[-80.135376,25.946602],[-80.13531,25.94525],[-80.137164,25.945183],[-80.137142,25.943894],[-80.137638,25.945111],[-80.138432,25.945038],[-80.14277,25.944728],[-80.143787,25.945132],[-80.14676,25.945164],[-80.147251,25.94528],[-80.147543,25.945349]]]}},{"type":"Feature","properties":{"unit_id":"12086000212","name":"Census Tract 2.12","native_id":"12086000212","source":"census_tract_2025","adm3_name":"Miami-Dade County","adm3_id":"12086","area_sqm":630645,"split":false,"population":2212.3963497361356,"days_covered":18,"daytime_peak_f":102.2,"heat_anomaly_f":5.4,"extreme_pct":33.0,"nighttime_stress_f":-2.9,"daytime_peak_f_climrel":0.8011,"heat_anomaly_f_climrel":0.8011,"nighttime_stress_f_climrel":-0.3,"extreme_pct_climrel":0.825,"ref_daytime_hi_mean":96.9,"ref_daytime_hi_p95":102.4,"rwi_mean":null,"health_per_10k":0.0,"built_frac":0.84,"tree_frac":0.12,"canopy_frac_over_3m":0.178,"viirs_mean":83.7,"gdl_hdi":0.936,"gdl_region":"Florida","ghsl_smod":30,"lst_anomaly_c":2.63,"lst_anomaly_c_climrel":0.3287,"worldpop_pop_total":6247.0,"frac_under5":5.4,"frac_elderly_65plus":15.6,"frac_elderly_75plus":5.5,"old_age_dependency_ratio":0.232,"has_data":true},"geometry":{"type":"Polygon","coordinates":[[[-80.162399,25.935222],[-80.154272,25.935596],[-80.151487,25.93573],[-80.151947,25.934737],[-80.152652,25.933261],[-80.15604,25.929741],[-80.156048,25.928684],[-80.162096,25.928605],[-80.162154,25.929606],[-80.162348,25.934314],[-80.162399,25.935222]]]}},{"type":"Feature","properties":{"unit_id":"12086003914","name":"Census Tract 39.14","native_id":"12086003914","source":"census_tract_2025","adm3_name":"Miami-Dade County","adm3_id":"12086","area_sqm":433076,"split":false,"population":6849.0,"days_covered":18,"daytime_peak_f":102.4,"heat_anomaly_f":5.5,"extreme_pct":33.0,"nighttime_stress_f":-3.2,"daytime_peak_f_climrel":0.8247,"heat_anomaly_f_climrel":0.8247,"nighttime_stress_f_climrel":-0.3,"extreme_pct_climrel":0.825,"ref_daytime_hi_mean":96.9,"ref_daytime_hi_p95":102.4,"rwi_mean":null,"health_per_10k":7.300335815447511,"built_frac":0.777,"tree_frac":0.008,"canopy_frac_over_3m":0.08,"viirs_mean":81.8,"gdl_hdi":0.936,"gdl_region":"Florida","ghsl_smod":30,"lst_anomaly_c":-0.82,"lst_anomaly_c_climrel":0,"worldpop_pop_total":4883.0,"frac_under5":2.5,"frac_elderly_65plus":26.9,"frac_elderly_75plus":11.5,"old_age_dependency_ratio":0.406,"has_data":true},"geometry":{"type":"Polygon","coordinates":[[[-80.125056,25.855999],[-80.12049,25.856125],[-80.1189087238546,25.8561420524322],[-80.1188553164362,25.851304968886],[-80.120342,25.851285],[-80.120324,25.850601],[-80.120237,25.845671],[-80.12075,25.844557],[-80.121992,25.8444],[-80.121965,25.845578],[-80.123367,25.851573],[-80.126909,25.855958],[-80.125056,25.855999]]]}},{"type":"Feature","properties":{"unit_id":"12086007605","name":"Census Tract 76.05","native_id":"12086007605","source":"census_tract_2025","adm3_name":"Miami-Dade County","adm3_id":"12086","area_sqm":1570468,"split":false,"population":8171.0,"days_covered":18,"daytime_peak_f":102.2,"heat_anomaly_f":5.2,"extreme_pct":28.0,"nighttime_stress_f":-3.6,"daytime_peak_f_climrel":0.7489,"heat_anomaly_f_climrel":0.7489,"nighttime_stress_f_climrel":-0.3,"extreme_pct_climrel":0.7,"ref_daytime_hi_mean":97.0,"ref_daytime_hi_p95":102.0,"rwi_mean":null,"health_per_10k":1.2238404112103782,"built_frac":0.463,"tree_frac":0.425,"canopy_frac_over_3m":0.308,"viirs_mean":58.2,"gdl_hdi":0.936,"gdl_region":"Florida","ghsl_smod":30,"lst_anomaly_c":-0.48,"lst_anomaly_c_climrel":0,"worldpop_pop_total":4608.0,"frac_under5":4.5,"frac_elderly_65plus":19.8,"frac_elderly_75plus":8.3,"old_age_dependency_ratio":0.293,"has_data":true},"geometry":{"type":"Polygon","coordinates":[[[-80.307335,25.733283],[-80.302878,25.733403],[-80.302742,25.729648],[-80.302592,25.725901],[-80.302278,25.71833],[-80.302116,25.714667],[-80.301923,25.710964],[-80.30141,25.703757],[-80.305568,25.703554],[-80.30666,25.703484],[-80.306821,25.710778],[-80.306991,25.718153],[-80.307248,25.729534],[-80.307335,25.733283]]]}},{"type":"Feature","properties":{"unit_id":"12086009905","name":"Census Tract 99.05","native_id":"12086009905","source":"census_tract_2025","adm3_name":"Miami-Dade County","adm3_id":"12086","area_sqm":2166392,"split":false,"population":4362.0,"days_covered":18,"daytime_peak_f":102.2,"heat_anomaly_f":5.4,"extreme_pct":33.0,"nighttime_stress_f":-2.9,"daytime_peak_f_climrel":0.8011,"heat_anomaly_f_climrel":0.8011,"nighttime_stress_f_climrel":-0.3,"extreme_pct_climrel":0.825,"ref_daytime_hi_mean":96.9,"ref_daytime_hi_p95":102.4,"rwi_mean":null,"health_per_10k":0.0,"built_frac":0.636,"tree_frac":0.233,"canopy_frac_over_3m":0.155,"viirs_mean":43.2,"gdl_hdi":0.936,"gdl_region":"Florida","ghsl_smod":30,"lst_anomaly_c":1.32,"lst_anomaly_c_climrel":0.165,"worldpop_pop_total":6010.0,"frac_under5":5.0,"frac_elderly_65plus":20.3,"frac_elderly_75plus":7.3,"old_age_dependency_ratio":0.324,"has_data":true},"geometry":{"type":"Polygon","coordinates":[[[-80.228962,25.956114],[-80.221893,25.956443],[-80.213843,25.956784],[-80.21368,25.952752],[-80.213512,25.949497],[-80.213189,25.9422],[-80.221208,25.941882],[-80.222683,25.941822],[-80.225137,25.944663],[-80.227632,25.949225],[-80.228624,25.952539],[-80.228962,25.956114]]]}},{"type":"Feature","properties":{"unit_id":"12086001102","name":"Census Tract 11.02","native_id":"12086001102","source":"census_tract_2025","adm3_name":"Miami-Dade County","adm3_id":"12086","area_sqm":1840479,"split":false,"population":11310.0,"days_covered":18,"daytime_peak_f":102.2,"heat_anomaly_f":5.4,"extreme_pct":33.0,"nighttime_stress_f":-2.9,"daytime_peak_f_climrel":0.8011,"heat_anomaly_f_climrel":0.8011,"nighttime_stress_f_climrel":-0.3,"extreme_pct_climrel":0.825,"ref_daytime_hi_mean":96.9,"ref_daytime_hi_p95":102.4,"rwi_mean":null,"health_per_10k":0.0,"built_frac":0.504,"tree_frac":0.407,"canopy_frac_over_3m":0.276,"viirs_mean":57.8,"gdl_hdi":0.936,"gdl_region":"Florida","ghsl_smod":30,"lst_anomaly_c":1.15,"lst_anomaly_c_climrel":0.1437,"worldpop_pop_total":6302.0,"frac_under5":4.2,"frac_elderly_65plus":14.7,"frac_elderly_75plus":5.5,"old_age_dependency_ratio":0.2,"has_data":true},"geometry":{"type":"Polygon","coordinates":[[[-80.209235,25.880183],[-80.208793,25.88017],[-80.206363,25.880297],[-80.202299,25.880442],[-80.198239,25.880604],[-80.194186,25.880818],[-80.194039,25.877394],[-80.193841,25.872932],[-80.193691,25.869662],[-80.197764,25.869551],[-80.201867,25.869448],[-80.202358,25.869437],[-80.205894,25.86933],[-80.208652,25.869239],[-80.209063,25.876542],[-80.209235,25.880183]]]}},{"type":"Feature","properties":{"unit_id":"12086003100","name":"Census Tract 31","native_id":"12086003100","source":"census_tract_2025","adm3_name":"Miami-Dade County","adm3_id":"12086","area_sqm":1081600,"split":false,"population":2549.0,"days_covered":18,"daytime_peak_f":101.9,"heat_anomaly_f":5.5,"extreme_pct":39.0,"nighttime_stress_f":-3.1,"daytime_peak_f_climrel":0.8322,"heat_anomaly_f_climrel":0.8322,"nighttime_stress_f_climrel":-0.3,"extreme_pct_climrel":0.975,"ref_daytime_hi_mean":96.4,"ref_daytime_hi_p95":101.7,"rwi_mean":null,"health_per_10k":0.0,"built_frac":0.757,"tree_frac":0.134,"canopy_frac_over_3m":0.164,"viirs_mean":130.9,"gdl_hdi":0.936,"gdl_region":"Florida","ghsl_smod":30,"lst_anomaly_c":0.33,"lst_anomaly_c_climrel":0.0413,"worldpop_pop_total":5384.0,"frac_under5":7.9,"frac_elderly_65plus":14.3,"frac_elderly_75plus":4.7,"old_age_dependency_ratio":0.221,"has_data":true},"geometry":{"type":"Polygon","coordinates":[[[-80.207076,25.797092],[-80.205359,25.797128],[-80.200462,25.797676],[-80.200353,25.795431],[-80.198872,25.795429],[-80.194455,25.795623],[-80.195976,25.789303],[-80.196204,25.788213],[-80.198032,25.788129],[-80.198692,25.788143],[-80.198798,25.788139],[-80.199941,25.788088],[-80.206912,25.787879],[-80.206952,25.788971],[-80.206966,25.79157],[-80.207018,25.79524],[-80.207076,25.797092]]]}},{"type":"Feature","properties":{"unit_id":"12086006608","name":"Census Tract 66.08","native_id":"12086006608","source":"census_tract_2025","adm3_name":"Miami-Dade County","adm3_id":"12086","area_sqm":1112524,"split":false,"population":8732.0,"days_covered":18,"daytime_peak_f":101.9,"heat_anomaly_f":5.5,"extreme_pct":39.0,"nighttime_stress_f":-3.1,"daytime_peak_f_climrel":0.8322,"heat_anomaly_f_climrel":0.8322,"nighttime_stress_f_climrel":-0.3,"extreme_pct_climrel":0.975,"ref_daytime_hi_mean":96.4,"ref_daytime_hi_p95":101.7,"rwi_mean":null,"health_per_10k":0.0,"built_frac":0.694,"tree_frac":0.238,"canopy_frac_over_3m":0.274,"viirs_mean":92.4,"gdl_hdi":0.936,"gdl_region":"Florida","ghsl_smod":30,"lst_anomaly_c":-0.94,"lst_anomaly_c_climrel":0,"worldpop_pop_total":3854.0,"frac_under5":4.8,"frac_elderly_65plus":20.9,"frac_elderly_75plus":10.9,"old_age_dependency_ratio":0.322,"has_data":true},"geometry":{"type":"Polygon","coordinates":[[[-80.214326,25.762935],[-80.207888,25.763094],[-80.205673,25.763141],[-80.199898,25.763322],[-80.199724,25.763327],[-80.199679,25.762903],[-80.199655,25.76125],[-80.203979,25.758277],[-80.207291,25.756015],[-80.209042,25.754792],[-80.214167,25.751283],[-80.214214,25.754712],[-80.214223,25.757208],[-80.21424,25.757774],[-80.214287,25.762017],[-80.214326,25.762935]]]}},{"type":"Feature","properties":{"unit_id":"12086000125","name":"Census Tract 1.25","native_id":"12086000125","source":"census_tract_2025","adm3_name":"Miami-Dade County","adm3_id":"12086","area_sqm":207486,"split":false,"population":1691.069580096714,"days_covered":18,"daytime_peak_f":102.4,"heat_anomaly_f":5.5,"extreme_pct":33.0,"nighttime_stress_f":-3.2,"daytime_peak_f_climrel":0.8247,"heat_anomaly_f_climrel":0.8247,"nighttime_stress_f_climrel":-0.3,"extreme_pct_climrel":0.825,"ref_daytime_hi_mean":96.9,"ref_daytime_hi_p95":102.4,"rwi_mean":null,"health_per_10k":0.0,"built_frac":0.355,"tree_frac":0.018,"canopy_frac_over_3m":0.13,"viirs_mean":67.9,"gdl_hdi":0.936,"gdl_region":"Florida","ghsl_smod":30,"lst_anomaly_c":-5.14,"lst_anomaly_c_climrel":0,"worldpop_pop_total":4620.0,"frac_under5":4.3,"frac_elderly_65plus":29.0,"frac_elderly_75plus":13.8,"old_age_dependency_ratio":0.508,"has_data":true},"geometry":{"type":"Polygon","coordinates":[[[-80.131345,25.936822],[-80.129791,25.936826],[-80.126627,25.937026],[-80.124425,25.937189],[-80.123654,25.937554],[-80.123516,25.937569],[-80.121539,25.937656],[-80.12167,25.935431],[-80.126192,25.935253],[-80.126518,25.934074],[-80.126469,25.932987],[-80.127728,25.931704],[-80.125901,25.930605],[-80.129764,25.92978],[-80.130466,25.929818],[-80.130973,25.930212],[-80.130336,25.930271],[-80.130435,25.932908],[-80.130568,25.933675],[-80.130832,25.934817],[-80.131107,25.935892],[-80.131345,25.936822]]]}},{"type":"Feature","properties":{"unit_id":"12086006604","name":"Census Tract 66.04","native_id":"12086006604","source":"census_tract_2025","adm3_name":"Miami-Dade County","adm3_id":"12086","area_sqm":120506,"split":false,"population":2746.389126982709,"days_covered":18,"daytime_peak_f":101.9,"heat_anomaly_f":5.5,"extreme_pct":39.0,"nighttime_stress_f":-3.1,"daytime_peak_f_climrel":0.8322,"heat_anomaly_f_climrel":0.8322,"nighttime_stress_f_climrel":-0.3,"extreme_pct_climrel":0.975,"ref_daytime_hi_mean":96.4,"ref_daytime_hi_p95":101.7,"rwi_mean":null,"health_per_10k":3.6411446221338606,"built_frac":0.901,"tree_frac":0.079,"canopy_frac_over_3m":0.121,"viirs_mean":228.5,"gdl_hdi":0.936,"gdl_region":"Florida","ghsl_smod":30,"lst_anomaly_c":-1.1,"lst_anomaly_c_climrel":0,"worldpop_pop_total":2964.0,"frac_under5":2.7,"frac_elderly_65plus":21.2,"frac_elderly_75plus":9.1,"old_age_dependency_ratio":0.292,"has_data":true},"geometry":{"type":"Polygon","coordinates":[[[-80.199724,25.763327],[-80.199058,25.766239],[-80.197422,25.766282],[-80.197312,25.763389],[-80.197164,25.760478],[-80.198856,25.761454],[-80.199655,25.76125],[-80.199679,25.762903],[-80.199724,25.763327]]]}},{"type":"Feature","properties":{"unit_id":"12086010211","name":"Census Tract 102.11","native_id":"12086010211","source":"census_tract_2025","adm3_name":"Miami-Dade County","adm3_id":"12086","area_sqm":1430586,"split":false,"population":2511.0,"days_covered":18,"daytime_peak_f":101.6,"heat_anomaly_f":4.2,"extreme_pct":22.0,"nighttime_stress_f":-6.1,"daytime_peak_f_climrel":0.5768,"heat_anomaly_f_climrel":0.5768,"nighttime_stress_f_climrel":-0.3,"extreme_pct_climrel":0.55,"ref_daytime_hi_mean":97.4,"ref_daytime_hi_p95":103.0,"rwi_mean":null,"health_per_10k":0.0,"built_frac":0.831,"tree_frac":0.063,"canopy_frac_over_3m":0.096,"viirs_mean":36.9,"gdl_hdi":0.936,"gdl_region":"Florida","ghsl_smod":30,"lst_anomaly_c":null,"lst_anomaly_c_climrel":null,"worldpop_pop_total":4996.0,"frac_under5":4.2,"frac_elderly_65plus":21.6,"frac_elderly_75plus":8.8,"old_age_dependency_ratio":0.335,"has_data":true},"geometry":{"type":"Polygon","coordinates":[[[-80.397065,25.597083],[-80.389014,25.59733],[-80.38898,25.588601],[-80.388963,25.5864],[-80.388972,25.584326],[-80.38894,25.580896],[-80.392763,25.581221],[-80.393789,25.581121],[-80.394643,25.580883],[-80.39699,25.580835],[-80.397033,25.587446],[-80.397063,25.591391],[-80.397065,25.597083]]]}},{"type":"Feature","properties":{"unit_id":"12086010805","name":"Census Tract 108.05","native_id":"12086010805","source":"census_tract_2025","adm3_name":"Miami-Dade County","adm3_id":"12086","area_sqm":1375244,"split":false,"population":3501.0,"days_covered":18,"daytime_peak_f":101.3,"heat_anomaly_f":3.8,"extreme_pct":28.0,"nighttime_stress_f":-6.7,"daytime_peak_f_climrel":0.5456,"heat_anomaly_f_climrel":0.5456,"nighttime_stress_f_climrel":-0.3,"extreme_pct_climrel":0.7,"ref_daytime_hi_mean":97.6,"ref_daytime_hi_p95":102.6,"rwi_mean":null,"health_per_10k":0.0,"built_frac":0.555,"tree_frac":0.066,"canopy_frac_over_3m":0.112,"viirs_mean":42.7,"gdl_hdi":0.936,"gdl_region":"Florida","ghsl_smod":30,"lst_anomaly_c":null,"lst_anomaly_c_climrel":null,"worldpop_pop_total":7354.0,"frac_under5":7.3,"frac_elderly_65plus":13.4,"frac_elderly_75plus":5.2,"old_age_dependency_ratio":0.204,"has_data":true},"geometry":{"type":"Polygon","coordinates":[[[-80.436914,25.503076],[-80.436908,25.506757],[-80.421467,25.506964],[-80.42088,25.507166],[-80.420746,25.503925],[-80.420433,25.503269],[-80.419036,25.501051],[-80.419011,25.49957],[-80.424702,25.499529],[-80.428858,25.499505],[-80.436951,25.499448],[-80.436914,25.503076]]]}},{"type":"Feature","properties":{"unit_id":"12086018802","name":"Census Tract 188.02","native_id":"12086018802","source":"census_tract_2025","adm3_name":"Miami-Dade County","adm3_id":"12086","area_sqm":472638,"split":false,"population":1480.8872824078162,"days_covered":18,"daytime_peak_f":102.4,"heat_anomaly_f":4.6,"extreme_pct":33.0,"nighttime_stress_f":-5.5,"daytime_peak_f_climrel":0.6622,"heat_anomaly_f_climrel":0.6622,"nighttime_stress_f_climrel":-0.3,"extreme_pct_climrel":0.825,"ref_daytime_hi_mean":97.8,"ref_daytime_hi_p95":103.3,"rwi_mean":null,"health_per_10k":13.505416811657291,"built_frac":0.448,"tree_frac":0.455,"canopy_frac_over_3m":0.323,"viirs_mean":92.7,"gdl_hdi":0.936,"gdl_region":"Florida","ghsl_smod":30,"lst_anomaly_c":-0.95,"lst_anomaly_c_climrel":0,"worldpop_pop_total":3230.0,"frac_under5":4.5,"frac_elderly_65plus":18.1,"frac_elderly_75plus":8.8,"old_age_dependency_ratio":0.259,"has_data":true},"geometry":{"type":"Polygon","coordinates":[[[-80.424863,25.685028],[-80.420758,25.685189],[-80.416552,25.685339],[-80.416478,25.67777],[-80.417379,25.67776],[-80.419305,25.677793],[-80.420432,25.67815],[-80.420661,25.679543],[-80.421153,25.680446],[-80.424588,25.683686],[-80.424863,25.685028]]]}},{"type":"Feature","properties":{"unit_id":"12086011408","name":"Census Tract 114.08","native_id":"12086011408","source":"census_tract_2025","adm3_name":"Miami-Dade County","adm3_id":"12086","area_sqm":864575946,"split":false,"population":4728.0,"days_covered":18,"daytime_peak_f":101.3,"heat_anomaly_f":3.9,"extreme_pct":17.0,"nighttime_stress_f":-6.0,"daytime_peak_f_climrel":0.5905,"heat_anomaly_f_climrel":0.5905,"nighttime_stress_f_climrel":-0.3,"extreme_pct_climrel":0.425,"ref_daytime_hi_mean":97.4,"ref_daytime_hi_p95":102.4,"rwi_mean":null,"health_per_10k":2.1150592216582065,"built_frac":0.001,"tree_frac":0.016,"canopy_frac_over_3m":0.134,"viirs_mean":0.1,"gdl_hdi":0.936,"gdl_region":"Florida","ghsl_smod":11,"lst_anomaly_c":-7.61,"lst_anomaly_c_climrel":0,"worldpop_pop_total":5901.0,"frac_under5":4.5,"frac_elderly_65plus":8.4,"frac_elderly_75plus":2.3,"old_age_dependency_ratio":0.11,"has_data":true},"geometry":{"type":"MultiPolygon","coordinates":[[[[-80.624794,25.182807],[-80.622893,25.182807],[-80.621467,25.183668],[-80.620159,25.182915],[-80.617094,25.182464],[-80.614481,25.182312],[-80.612322,25.18174],[-80.609847,25.182407],[-80.610637,25.180263],[-80.6109402224694,25.1796515246424],[-80.611722,25.178075],[-80.6125,25.176424],[-80.614448,25.175779],[-80.617693,25.176784],[-80.6192440109265,25.1779343257974],[-80.619462,25.178096],[-80.618005,25.180132],[-80.619622,25.181164],[-80.621451,25.180667],[-80.6215462452318,25.1806880881179],[-80.624319,25.181302],[-80.624794,25.182807]]],[[[-80.858107,25.211138],[-80.802137,25.245236],[-80.799701,25.247593],[-80.798488,25.250488],[-80.798291,25.322346],[-80.7987,25.326275],[-80.800993,25.331367],[-80.80214,25.332883],[-80.804629,25.335172],[-80.812221,25.339546],[-80.815866,25.342584],[-80.818342,25.345782],[-80.819499,25.347944],[-80.821192,25.353347],[-80.821369,25.357131],[-80.820984,25.360246],[-80.819925,25.364092],[-80.816959,25.370721],[-80.814598,25.375308],[-80.812068,25.379321],[-80.80743,25.385589],[-80.804092,25.389457],[-80.800743,25.392895],[-80.794849,25.398375],[-80.790828,25.402648],[-80.786902,25.407327],[-80.783865,25.411271],[-80.777023,25.421732],[-80.774744,25.424577],[-80.772115,25.427032],[-80.769789,25.428746],[-80.766485,25.430543],[-80.762819,25.432061],[-80.759241,25.433042],[-80.754319,25.433684],[-80.749798,25.433619],[-80.743839,25.432972],[-80.735586,25.432978],[-80.731756,25.433391],[-80.725825,25.434353],[-80.711553,25.436888],[-80.704794,25.437293],[-80.701049,25.43684],[-80.696723,25.435479],[-80.693901,25.434035],[-80.69057,25.431811],[-80.683938,25.425925],[-80.680836,25.423543],[-80.677168,25.421189],[-80.674304,25.419806],[-80.669334,25.41819],[-80.664174,25.417126],[-80.659692,25.416824],[-80.641741,25.417479],[-80.637975,25.417344],[-80.636118,25.416955],[-80.632813,25.415838],[-80.629675,25.414255],[-80.624844,25.411433],[-80.594799,25.396013],[-80.59154,25.394778],[-80.589294,25.394228],[-80.586316,25.394049],[-80.58274,25.394319],[-80.580108,25.394978],[-80.559887,25.403513],[-80.557664,25.403597],[-80.533496,25.403655],[-80.528438,25.403921],[-80.527187,25.404799],[-80.512715,25.418096],[-80.501342,25.418459],[-80.501493,25.433101],[-80.49328,25.43313],[-80.491307,25.433163],[-80.485229,25.43318],[-80.483269,25.433183],[-80.475811,25.433187],[-80.474155,25.433207],[-80.474361,25.427106],[-80.474201,25.425158],[-80.433478,25.236417],[-80.435957,25.235812],[-80.434731,25.238375],[-80.435381,25.240497],[-80.436944,25.240646],[-80.439676,25.239314],[-80.439065,25.242106],[-80.441431,25.243941],[-80.443077,25.244313],[-80.4445,25.244069],[-80.445598,25.242729],[-80.445627,25.241474],[-80.444459,25.240156],[-80.447579,25.240722],[-80.450659,25.240241],[-80.453407,25.238359],[-80.455223,25.239116],[-80.456534,25.238816],[-80.457367,25.23761],[-80.45686,25.235101],[-80.459055,25.23652],[-80.460795,25.236818],[-80.46382,25.235898],[-80.464678,25.23489],[-80.467149,25.234727],[-80.468207,25.233602],[-80.468432,25.230185],[-80.470853,25.230413],[-80.472667,25.228555],[-80.474484,25.230618],[-80.476199,25.230662],[-80.477182,25.229582],[-80.480408,25.228228],[-80.481415,25.226116],[-80.482826,25.224786],[-80.485198,25.22577],[-80.4854,25.22671],[-80.487318,25.228728],[-80.48916,25.228818],[-80.490696,25.227279],[-80.493646,25.227346],[-80.495133,25.226062],[-80.496038,25.222735],[-80.494448,25.221038],[-80.495051,25.21934],[-80.494872,25.216014],[-80.491818,25.213471],[-80.489043,25.213311],[-80.487034,25.212306],[-80.488183,25.209534],[-80.4878663659058,25.2081547368277],[-80.48825,25.207434],[-80.490608,25.208227],[-80.492904,25.207633],[-80.494791,25.20793],[-80.497252,25.209414],[-80.498564,25.211492],[-80.500779,25.211566],[-80.501763,25.210379],[-80.501189,25.208449],[-80.498138,25.207558],[-80.496267,25.205258],[-80.496513,25.203477],[-80.496015,25.20043],[-80.497983,25.199932],[-80.500488,25.202704],[-80.5015662183072,25.2036724595573],[-80.506333,25.207954],[-80.507577,25.211169],[-80.509437,25.212551],[-80.510491,25.216389],[-80.513143,25.217279],[-80.515057,25.219818],[-80.519344,25.222613],[-80.524233,25.2219],[-80.525991,25.218636],[-80.528367,25.217561],[-80.529581,25.215004],[-80.536392,25.214029],[-80.539216,25.214908],[-80.541424,25.212055],[-80.538706,25.205303],[-80.539091,25.204384],[-80.540251,25.204766],[-80.542391,25.206379],[-80.545997,25.206044],[-80.547875,25.206836],[-80.549283,25.208529],[-80.548974,25.210636],[-80.54793,25.21238],[-80.548906,25.214448],[-80.553918,25.214228],[-80.556532,25.212077],[-80.559147,25.211862],[-80.562797,25.212301],[-80.563192,25.211094],[-80.561809,25.20944],[-80.560375,25.205907],[-80.559585,25.204521],[-80.558992,25.199647],[-80.564972,25.196651],[-80.565911,25.194818],[-80.565515,25.192939],[-80.568876,25.193252],[-80.572039,25.196964],[-80.574563,25.197795],[-80.575797,25.198781],[-80.577567,25.201217],[-80.576683181833,25.203617942897],[-80.576498,25.204121],[-80.575547,25.202938],[-80.575309,25.20068],[-80.573527,25.198852],[-80.5710483770659,25.1987244123788],[-80.570341,25.198688],[-80.568777,25.201302],[-80.568728,25.203582],[-80.568036,25.203895],[-80.564477,25.203806],[-80.563291,25.205684],[-80.563291,25.207383],[-80.566257,25.210826],[-80.567937,25.211765],[-80.570318,25.210465],[-80.573764,25.210034],[-80.574953,25.210572],[-80.576616,25.211862],[-80.579561,25.212094],[-80.582083,25.21068],[-80.582915,25.208422],[-80.584508,25.207282],[-80.583628,25.206056],[-80.58339,25.203798],[-80.58339,25.20111],[-80.585156,25.201085],[-80.58762,25.200691],[-80.59158,25.199245],[-80.592841,25.197226],[-80.594166,25.194664],[-80.594016,25.191471],[-80.595543,25.190168],[-80.598856,25.189291],[-80.601786,25.187951],[-80.603159,25.187742],[-80.60373,25.187504],[-80.605118,25.186988],[-80.606475,25.186457],[-80.607015,25.185941],[-80.607555,25.185159],[-80.608018,25.184154],[-80.609179,25.183689],[-80.609653,25.185397],[-80.609468,25.18608],[-80.608357,25.186932],[-80.607478,25.187728],[-80.60683,25.188035],[-80.605272,25.188342],[-80.604054,25.188761],[-80.603175,25.190198],[-80.603159,25.191203],[-80.60395,25.19326],[-80.605851,25.195411],[-80.604425,25.200035],[-80.603628,25.20192],[-80.605038,25.203516],[-80.608989,25.203197],[-80.609773,25.200357],[-80.613433,25.201473],[-80.619518,25.197669],[-80.622039,25.19975],[-80.623677,25.198207],[-80.623915,25.195841],[-80.625222,25.195303],[-80.62877,25.198149],[-80.630952,25.197631],[-80.631164,25.195196],[-80.634525,25.194069],[-80.634254,25.19283],[-80.636393,25.192615],[-80.638888,25.190679],[-80.641622,25.190894],[-80.643768,25.19161],[-80.647207,25.189711],[-80.647207,25.191217],[-80.64821,25.19292],[-80.652231,25.192793],[-80.652912,25.189496],[-80.654338,25.187023],[-80.654219,25.185087],[-80.655051,25.184549],[-80.657451,25.185388],[-80.660343,25.184877],[-80.660874,25.182076],[-80.6621004787551,25.1809659191819],[-80.663013,25.18014],[-80.6639059057628,25.176909202177],[-80.663964,25.176699],[-80.6636649420718,25.1765107488316],[-80.66123,25.174978],[-80.6587108752943,25.1752883129898],[-80.658616,25.1753],[-80.6580117741328,25.1774880942344],[-80.657903,25.177882],[-80.655764,25.176161],[-80.653743,25.176268],[-80.6516472830292,25.1753454382704],[-80.651301,25.175193],[-80.648028,25.176184],[-80.64406,25.177271],[-80.642635,25.177953],[-80.637255,25.17826],[-80.635517,25.178035],[-80.63411,25.176462],[-80.635352,25.176387],[-80.637669,25.176537],[-80.640318,25.176987],[-80.642304,25.175863],[-80.644621,25.175264],[-80.645826,25.174127],[-80.646939,25.172792],[-80.649246,25.168648],[-80.651775,25.162119],[-80.650944,25.15744],[-80.653625,25.156693],[-80.6540669146864,25.1562880897863],[-80.655691,25.1548],[-80.656239,25.152497],[-80.656001,25.150023],[-80.653981,25.148625],[-80.651723,25.147011],[-80.652555,25.145935],[-80.656596,25.144752],[-80.6567970909047,25.1449470358696],[-80.657227,25.145364],[-80.657163,25.14631],[-80.657607,25.146654],[-80.658208,25.146281],[-80.65843,25.145335],[-80.658462,25.144447],[-80.657987,25.143157],[-80.66191,25.141534],[-80.6654192416322,25.1416383753647],[-80.668836,25.14174],[-80.671181027619,25.1401957791358],[-80.671451,25.140018],[-80.673709,25.138297],[-80.675016,25.140234],[-80.674422,25.1426],[-80.672401,25.143891],[-80.6705,25.144322],[-80.66881,25.146934],[-80.666459,25.149055],[-80.6645719245886,25.1512759761943],[-80.661706,25.154649],[-80.658259,25.155402],[-80.6557848412156,25.1574379279056],[-80.655645,25.157553],[-80.654932,25.159704],[-80.653506,25.161748],[-80.653263,25.164549],[-80.655883,25.166911],[-80.65768,25.16956],[-80.659667,25.169021],[-80.662211,25.168019],[-80.665473,25.167315],[-80.666819,25.167071],[-80.668585,25.166963],[-80.669752,25.167206],[-80.668914,25.168154],[-80.667957,25.169102],[-80.667657,25.170592],[-80.668375,25.171919],[-80.669393,25.172515],[-80.670979,25.174519],[-80.672326,25.174709],[-80.673613,25.173788],[-80.673642,25.171242],[-80.674211,25.170132],[-80.674091,25.168561],[-80.672745,25.167992],[-80.672595,25.167613],[-80.674989,25.167098],[-80.676755,25.165446],[-80.677772,25.164335],[-80.679448,25.164173],[-80.680286,25.164742],[-80.679897,25.166177],[-80.67861,25.167938],[-80.677623,25.169346],[-80.677263,25.173246],[-80.678279,25.174698],[-80.681361,25.174404],[-80.683956,25.172349],[-80.688088,25.16874],[-80.691656,25.16832],[-80.69403,25.165943],[-80.695932,25.163899],[-80.698067,25.163394],[-80.6981520804549,25.1626229804421],[-80.698308,25.16121],[-80.697477,25.157876],[-80.6977697290909,25.1552225259091],[-80.697833,25.154649],[-80.700685,25.152928],[-80.703095,25.153558],[-80.704878,25.151336],[-80.705686,25.14906],[-80.704788,25.144507],[-80.704239,25.14388],[-80.703621,25.142556],[-80.70416,25.140808],[-80.706135,25.140483],[-80.707303,25.141743],[-80.708291,25.143938],[-80.708336,25.146011],[-80.708785,25.147759],[-80.710087,25.149385],[-80.710691,25.151817],[-80.713679,25.152922],[-80.715341,25.154344],[-80.717856,25.15597],[-80.719921,25.155482],[-80.72266,25.154629],[-80.725085,25.15345],[-80.726657,25.152881],[-80.726926,25.15345],[-80.726163,25.15471],[-80.726028,25.156051],[-80.724097,25.157921],[-80.722391,25.159547],[-80.723065,25.162514],[-80.724572,25.16519],[-80.727186,25.166266],[-80.729076,25.167496],[-80.732304,25.167616],[-80.7318,25.166509],[-80.729929,25.164522],[-80.729461,25.163121],[-80.729749,25.160581],[-80.730289,25.159832],[-80.734427,25.1612],[-80.736337,25.159382],[-80.737526,25.159167],[-80.738781,25.161819],[-80.741911,25.163871],[-80.74587,25.165662],[-80.747525,25.16488],[-80.747993,25.161135],[-80.747417,25.157975],[-80.744299,25.15637],[-80.744181,25.154971],[-80.741098,25.151629],[-80.73807,25.15034],[-80.735624,25.152067],[-80.731481,25.15179],[-80.72874,25.150228],[-80.723644,25.14776],[-80.721601,25.146473],[-80.722741,25.145407],[-80.726138,25.145503],[-80.728731,25.144106],[-80.732849,25.143187],[-80.737165,25.143416],[-80.74231,25.142525],[-80.747746,25.147441],[-80.751606,25.152758],[-80.754277,25.152274],[-80.755708,25.153035],[-80.754634,25.15566],[-80.754284,25.158428],[-80.75735,25.161044],[-80.762997,25.162578],[-80.768882,25.162269],[-80.771734,25.161044],[-80.77273,25.159],[-80.772531,25.156083],[-80.771019,25.154209],[-80.769018,25.150453],[-80.76878,25.148302],[-80.769493,25.144967],[-80.771472,25.140339],[-80.774627,25.138437],[-80.776821,25.13807],[-80.778056,25.13821],[-80.776975,25.139608],[-80.774814,25.142123],[-80.772962,25.144778],[-80.772036,25.14855],[-80.773334,25.153564],[-80.775586,25.156374],[-80.776358,25.160566],[-80.779238,25.164007],[-80.78315,25.165874],[-80.787438,25.164437],[-80.7886669641694,25.1644855472313],[-80.790172,25.164545],[-80.79363,25.163717],[-80.797243,25.159414],[-80.7983846805951,25.1564310827221],[-80.799048,25.154698],[-80.798894,25.150925],[-80.798003,25.146678],[-80.800526,25.142985],[-80.800978,25.144821],[-80.800658,25.148289],[-80.801981,25.152602],[-80.800488,25.15855],[-80.799535,25.16311],[-80.79831,25.164958],[-80.796403,25.169025],[-80.794633,25.173585],[-80.793544,25.176419],[-80.794497,25.179869],[-80.798037,25.181841],[-80.802122,25.18221],[-80.805935,25.184182],[-80.808543,25.184426],[-80.812506,25.183568],[-80.814593,25.18271],[-80.814104,25.180239],[-80.813696,25.177898],[-80.813696,25.175926],[-80.81179,25.174694],[-80.810019,25.172352],[-80.809883,25.168902],[-80.816419,25.164958],[-80.826359,25.160645],[-80.828129,25.165575],[-80.829899,25.168656],[-80.833167,25.172599],[-80.838886,25.175926],[-80.848553,25.177651],[-80.8578514508822,25.1766112834722],[-80.858107,25.211138]]]]}},{"type":"Feature","properties":{"unit_id":"12086006606","name":"Census Tract 66.06","native_id":"12086006606","source":"census_tract_2025","adm3_name":"Miami-Dade County","adm3_id":"12086","area_sqm":215000,"split":false,"population":1525.5396400608843,"days_covered":18,"daytime_peak_f":101.9,"heat_anomaly_f":5.5,"extreme_pct":39.0,"nighttime_stress_f":-3.1,"daytime_peak_f_climrel":0.8322,"heat_anomaly_f_climrel":0.8322,"nighttime_stress_f_climrel":-0.3,"extreme_pct_climrel":0.975,"ref_daytime_hi_mean":96.4,"ref_daytime_hi_p95":101.7,"rwi_mean":null,"health_per_10k":0.0,"built_frac":0.96,"tree_frac":0.037,"canopy_frac_over_3m":0.136,"viirs_mean":154.1,"gdl_hdi":0.936,"gdl_region":"Florida","ghsl_smod":30,"lst_anomaly_c":-0.2,"lst_anomaly_c_climrel":0,"worldpop_pop_total":1921.0,"frac_under5":3.7,"frac_elderly_65plus":18.8,"frac_elderly_75plus":6.7,"old_age_dependency_ratio":0.278,"has_data":true},"geometry":{"type":"Polygon","coordinates":[[[-80.20752,25.767901],[-80.205842,25.767972],[-80.204171,25.768015],[-80.20082,25.768127],[-80.200726,25.765207],[-80.204074,25.765138],[-80.20575,25.765059],[-80.207397,25.765032],[-80.207436,25.765989],[-80.20752,25.767901]]]}},{"type":"Feature","properties":{"unit_id":"12086009049","name":"Census Tract 90.49","native_id":"12086009049","source":"census_tract_2025","adm3_name":"Miami-Dade County","adm3_id":"12086","area_sqm":1261005,"split":false,"population":5111.0,"days_covered":18,"daytime_peak_f":102.3,"heat_anomaly_f":4.1,"extreme_pct":33.0,"nighttime_stress_f":-5.1,"daytime_peak_f_climrel":0.6155,"heat_anomaly_f_climrel":0.6155,"nighttime_stress_f_climrel":-0.3,"extreme_pct_climrel":0.825,"ref_daytime_hi_mean":98.1,"ref_daytime_hi_p95":103.4,"rwi_mean":null,"health_per_10k":0.0,"built_frac":0.548,"tree_frac":0.095,"canopy_frac_over_3m":0.13,"viirs_mean":38.5,"gdl_hdi":0.936,"gdl_region":"Florida","ghsl_smod":30,"lst_anomaly_c":-2.52,"lst_anomaly_c_climrel":0,"worldpop_pop_total":5854.0,"frac_under5":4.1,"frac_elderly_65plus":11.2,"frac_elderly_75plus":3.8,"old_age_dependency_ratio":0.159,"has_data":true},"geometry":{"type":"Polygon","coordinates":[[[-80.387271,25.840519],[-80.386862,25.840524],[-80.384162,25.840629],[-80.382366,25.840631],[-80.382468,25.838498],[-80.376803,25.837556],[-80.375859,25.837061],[-80.375095,25.834853],[-80.373999,25.833274],[-80.374317,25.830974],[-80.378329,25.827762],[-80.377971,25.826178],[-80.381982,25.82618],[-80.386574,25.826133],[-80.386921,25.826128],[-80.387116,25.835399],[-80.387271,25.840519]]]}},{"type":"Feature","properties":{"unit_id":"12086000309","name":"Census Tract 3.09","native_id":"12086000309","source":"census_tract_2025","adm3_name":"Miami-Dade County","adm3_id":"12086","area_sqm":416706,"split":false,"population":4672.0,"days_covered":18,"daytime_peak_f":102.2,"heat_anomaly_f":5.4,"extreme_pct":33.0,"nighttime_stress_f":-2.9,"daytime_peak_f_climrel":0.8011,"heat_anomaly_f_climrel":0.8011,"nighttime_stress_f_climrel":-0.3,"extreme_pct_climrel":0.825,"ref_daytime_hi_mean":96.9,"ref_daytime_hi_p95":102.4,"rwi_mean":null,"health_per_10k":0.0,"built_frac":0.642,"tree_frac":0.247,"canopy_frac_over_3m":0.2,"viirs_mean":53.5,"gdl_hdi":0.936,"gdl_region":"Florida","ghsl_smod":30,"lst_anomaly_c":2.13,"lst_anomaly_c_climrel":0.2662,"worldpop_pop_total":2804.0,"frac_under5":5.6,"frac_elderly_65plus":21.6,"frac_elderly_75plus":9.6,"old_age_dependency_ratio":0.352,"has_data":true},"geometry":{"type":"Polygon","coordinates":[[[-80.193985,25.904583],[-80.19215,25.904683],[-80.19114,25.904711],[-80.18881,25.904818],[-80.187124,25.905],[-80.18685,25.899457],[-80.191911,25.89916],[-80.193746,25.899082],[-80.193886,25.902267],[-80.193985,25.904583]]]}},{"type":"Feature","properties":{"unit_id":"12086005806","name":"Census Tract 58.06","native_id":"12086005806","source":"census_tract_2025","adm3_name":"Miami-Dade County","adm3_id":"12086","area_sqm":841905,"split":false,"population":2886.686167622749,"days_covered":18,"daytime_peak_f":102.1,"heat_anomaly_f":4.6,"extreme_pct":44.0,"nighttime_stress_f":-4.1,"daytime_peak_f_climrel":0.6814,"heat_anomaly_f_climrel":0.6814,"nighttime_stress_f_climrel":-0.3,"extreme_pct_climrel":1,"ref_daytime_hi_mean":97.5,"ref_daytime_hi_p95":102.7,"rwi_mean":null,"health_per_10k":6.928359661788399,"built_frac":0.887,"tree_frac":0.099,"canopy_frac_over_3m":0.174,"viirs_mean":80.1,"gdl_hdi":0.936,"gdl_region":"Florida","ghsl_smod":30,"lst_anomaly_c":1.87,"lst_anomaly_c_climrel":0.2338,"worldpop_pop_total":3184.0,"frac_under5":3.6,"frac_elderly_65plus":28.1,"frac_elderly_75plus":15.1,"old_age_dependency_ratio":0.46,"has_data":true},"geometry":{"type":"Polygon","coordinates":[[[-80.291681,25.770714],[-80.289865,25.770739],[-80.28812,25.77078],[-80.284007,25.770953],[-80.281962,25.771034],[-80.279902,25.771143],[-80.279662,25.763869],[-80.283797,25.76371],[-80.287852,25.763563],[-80.287974,25.76625],[-80.291533,25.766148],[-80.291681,25.770714]]]}},{"type":"Feature","properties":{"unit_id":"12086015202","name":"Census Tract 152.02","native_id":"12086015202","source":"census_tract_2025","adm3_name":"Miami-Dade County","adm3_id":"12086","area_sqm":971226,"split":false,"population":2151.0,"days_covered":18,"daytime_peak_f":102.4,"heat_anomaly_f":4.6,"extreme_pct":33.0,"nighttime_stress_f":-5.5,"daytime_peak_f_climrel":0.6622,"heat_anomaly_f_climrel":0.6622,"nighttime_stress_f_climrel":-0.3,"extreme_pct_climrel":0.825,"ref_daytime_hi_mean":97.8,"ref_daytime_hi_p95":103.3,"rwi_mean":null,"health_per_10k":0.0,"built_frac":0.755,"tree_frac":0.051,"canopy_frac_over_3m":0.123,"viirs_mean":46.1,"gdl_hdi":0.936,"gdl_region":"Florida","ghsl_smod":30,"lst_anomaly_c":null,"lst_anomaly_c_climrel":null,"worldpop_pop_total":4410.0,"frac_under5":3.6,"frac_elderly_65plus":17.9,"frac_elderly_75plus":7.6,"old_age_dependency_ratio":0.263,"has_data":true},"geometry":{"type":"Polygon","coordinates":[[[-80.444333,25.735278],[-80.443667,25.736843],[-80.440512,25.737278],[-80.440036,25.737297],[-80.439974,25.735465],[-80.431898,25.735677],[-80.431662,25.728577],[-80.439695,25.728287],[-80.443499,25.72815],[-80.443783,25.733625],[-80.444333,25.735278]]]}},{"type":"Feature","properties":{"unit_id":"12086000122","name":"Census Tract 1.22","native_id":"12086000122","source":"census_tract_2025","adm3_name":"Miami-Dade County","adm3_id":"12086","area_sqm":268576,"split":false,"population":1017.9074465243277,"days_covered":18,"daytime_peak_f":100.4,"heat_anomaly_f":3.5,"extreme_pct":17.0,"nighttime_stress_f":-2.0,"daytime_peak_f_climrel":0.5167,"heat_anomaly_f_climrel":0.5167,"nighttime_stress_f_climrel":-0.2713,"extreme_pct_climrel":0.425,"ref_daytime_hi_mean":96.9,"ref_daytime_hi_p95":102.3,"rwi_mean":null,"health_per_10k":0.0,"built_frac":0.56,"tree_frac":0.091,"canopy_frac_over_3m":0.146,"viirs_mean":78.5,"gdl_hdi":0.936,"gdl_region":"Florida","ghsl_smod":30,"lst_anomaly_c":-1.99,"lst_anomaly_c_climrel":0,"worldpop_pop_total":4589.0,"frac_under5":3.3,"frac_elderly_65plus":41.9,"frac_elderly_75plus":22.1,"old_age_dependency_ratio":0.853,"has_data":true},"geometry":{"type":"Polygon","coordinates":[[[-80.133685,25.967578],[-80.133196,25.967683],[-80.131505,25.967737],[-80.124187,25.967769],[-80.12356,25.9675],[-80.123987,25.963174],[-80.123766,25.961908],[-80.126913,25.960853],[-80.126862,25.961955],[-80.126699,25.962483],[-80.126547,25.964399],[-80.127164,25.965456],[-80.127652,25.965723],[-80.129966,25.965975],[-80.131543,25.966045],[-80.133792,25.96638],[-80.133685,25.967578]]]}},{"type":"Feature","properties":{"unit_id":"12086009021","name":"Census Tract 90.21","native_id":"12086009021","source":"census_tract_2025","adm3_name":"Miami-Dade County","adm3_id":"12086","area_sqm":631394,"split":false,"population":4482.0,"days_covered":18,"daytime_peak_f":102.3,"heat_anomaly_f":4.1,"extreme_pct":33.0,"nighttime_stress_f":-5.1,"daytime_peak_f_climrel":0.6155,"heat_anomaly_f_climrel":0.6155,"nighttime_stress_f_climrel":-0.3,"extreme_pct_climrel":0.825,"ref_daytime_hi_mean":98.1,"ref_daytime_hi_p95":103.4,"rwi_mean":null,"health_per_10k":0.0,"built_frac":0.905,"tree_frac":0.035,"canopy_frac_over_3m":0.084,"viirs_mean":82.0,"gdl_hdi":0.936,"gdl_region":"Florida","ghsl_smod":30,"lst_anomaly_c":1.35,"lst_anomaly_c_climrel":0.1688,"worldpop_pop_total":4882.0,"frac_under5":3.8,"frac_elderly_65plus":20.4,"frac_elderly_75plus":9.0,"old_age_dependency_ratio":0.303,"has_data":true},"geometry":{"type":"Polygon","coordinates":[[[-80.381025,25.768282],[-80.37703,25.768371],[-80.374951,25.768343],[-80.372998,25.768379],[-80.372692,25.764808],[-80.372454,25.76173],[-80.372466,25.761229],[-80.376396,25.761141],[-80.380464,25.76107],[-80.380461,25.761581],[-80.381025,25.768282]]]}},{"type":"Feature","properties":{"unit_id":"12086009806","name":"Census Tract 98.06","native_id":"12086009806","source":"census_tract_2025","adm3_name":"Miami-Dade County","adm3_id":"12086","area_sqm":491834,"split":false,"population":1718.85200376796,"days_covered":18,"daytime_peak_f":102.0,"heat_anomaly_f":5.1,"extreme_pct":33.0,"nighttime_stress_f":-3.1,"daytime_peak_f_climrel":0.7587,"heat_anomaly_f_climrel":0.7587,"nighttime_stress_f_climrel":-0.3,"extreme_pct_climrel":0.825,"ref_daytime_hi_mean":96.8,"ref_daytime_hi_p95":102.3,"rwi_mean":null,"health_per_10k":0.0,"built_frac":0.538,"tree_frac":0.186,"canopy_frac_over_3m":0.157,"viirs_mean":58.4,"gdl_hdi":0.936,"gdl_region":"Florida","ghsl_smod":30,"lst_anomaly_c":-1.09,"lst_anomaly_c_climrel":0,"worldpop_pop_total":3440.0,"frac_under5":3.5,"frac_elderly_65plus":26.8,"frac_elderly_75plus":10.9,"old_age_dependency_ratio":0.432,"has_data":true},"geometry":{"type":"Polygon","coordinates":[[[-80.192762,25.958033],[-80.189747,25.959489],[-80.188948,25.960189],[-80.185658,25.963081],[-80.182407,25.959796],[-80.182125,25.958768],[-80.181956,25.955835],[-80.183614,25.954469],[-80.186439,25.955478],[-80.188738,25.95502],[-80.190925,25.955446],[-80.192762,25.958033]]]}},{"type":"Feature","properties":{"unit_id":"12086013302","name":"Census Tract 133.02","native_id":"12086013302","source":"census_tract_2025","adm3_name":"Miami-Dade County","adm3_id":"12086","area_sqm":828375,"split":false,"population":3797.0,"days_covered":18,"daytime_peak_f":101.7,"heat_anomaly_f":3.6,"extreme_pct":17.0,"nighttime_stress_f":-4.8,"daytime_peak_f_climrel":0.5257,"heat_anomaly_f_climrel":0.5257,"nighttime_stress_f_climrel":-0.3,"extreme_pct_climrel":0.425,"ref_daytime_hi_mean":98.1,"ref_daytime_hi_p95":103.0,"rwi_mean":null,"health_per_10k":0.0,"built_frac":0.737,"tree_frac":0.059,"canopy_frac_over_3m":0.061,"viirs_mean":103.5,"gdl_hdi":0.936,"gdl_region":"Florida","ghsl_smod":30,"lst_anomaly_c":3.99,"lst_anomaly_c_climrel":0.4988,"worldpop_pop_total":3646.0,"frac_under5":4.7,"frac_elderly_65plus":14.5,"frac_elderly_75plus":6.1,"old_age_dependency_ratio":0.209,"has_data":true},"geometry":{"type":"Polygon","coordinates":[[[-80.355976,25.879763],[-80.355392,25.880404],[-80.355685,25.884118],[-80.353793,25.884171],[-80.352044,25.884081],[-80.347744,25.884096],[-80.34746,25.878797],[-80.347359,25.876996],[-80.347276,25.875183],[-80.34724,25.87166],[-80.356892,25.878764],[-80.355976,25.879763]]]}},{"type":"Feature","properties":{"unit_id":"12086005104","name":"Census Tract 51.04","native_id":"12086005104","source":"census_tract_2025","adm3_name":"Miami-Dade County","adm3_id":"12086","area_sqm":626661,"split":false,"population":3584.0,"days_covered":18,"daytime_peak_f":101.9,"heat_anomaly_f":5.5,"extreme_pct":39.0,"nighttime_stress_f":-3.1,"daytime_peak_f_climrel":0.8322,"heat_anomaly_f_climrel":0.8322,"nighttime_stress_f_climrel":-0.3,"extreme_pct_climrel":0.975,"ref_daytime_hi_mean":96.4,"ref_daytime_hi_p95":101.7,"rwi_mean":null,"health_per_10k":0.0,"built_frac":0.724,"tree_frac":0.119,"canopy_frac_over_3m":0.155,"viirs_mean":93.3,"gdl_hdi":0.936,"gdl_region":"Florida","ghsl_smod":30,"lst_anomaly_c":-1.03,"lst_anomaly_c_climrel":0,"worldpop_pop_total":5003.0,"frac_under5":5.3,"frac_elderly_65plus":19.5,"frac_elderly_75plus":8.5,"old_age_dependency_ratio":0.294,"has_data":true},"geometry":{"type":"Polygon","coordinates":[[[-80.239702,25.790651],[-80.239631,25.791989],[-80.239647,25.792647],[-80.235647,25.790272],[-80.234221,25.789961],[-80.23134,25.788796],[-80.231292,25.787092],[-80.231354,25.786481],[-80.231263,25.783262],[-80.232713,25.783206],[-80.239467,25.783085],[-80.239521,25.784944],[-80.239576,25.786851],[-80.239696,25.790359],[-80.239702,25.790651]]]}},{"type":"Feature","properties":{"unit_id":"12086005903","name":"Census Tract 59.03","native_id":"12086005903","source":"census_tract_2025","adm3_name":"Miami-Dade County","adm3_id":"12086","area_sqm":1341353,"split":false,"population":4815.0,"days_covered":18,"daytime_peak_f":102.1,"heat_anomaly_f":4.6,"extreme_pct":44.0,"nighttime_stress_f":-4.1,"daytime_peak_f_climrel":0.6814,"heat_anomaly_f_climrel":0.6814,"nighttime_stress_f_climrel":-0.3,"extreme_pct_climrel":1,"ref_daytime_hi_mean":97.5,"ref_daytime_hi_p95":102.7,"rwi_mean":null,"health_per_10k":0.0,"built_frac":0.806,"tree_frac":0.118,"canopy_frac_over_3m":0.133,"viirs_mean":67.4,"gdl_hdi":0.936,"gdl_region":"Florida","ghsl_smod":30,"lst_anomaly_c":-3.32,"lst_anomaly_c_climrel":0,"worldpop_pop_total":5690.0,"frac_under5":3.6,"frac_elderly_65plus":25.7,"frac_elderly_75plus":13.1,"old_age_dependency_ratio":0.409,"has_data":true},"geometry":{"type":"Polygon","coordinates":[[[-80.320053,25.755267],[-80.319019,25.755381],[-80.315707,25.755436],[-80.311684,25.755585],[-80.310525,25.755605],[-80.307256,25.755699],[-80.303716,25.755804],[-80.303612,25.751263],[-80.303543,25.748018],[-80.307666,25.748039],[-80.311553,25.74809],[-80.319777,25.748114],[-80.319903,25.754636],[-80.320053,25.755267]]]}},{"type":"Feature","properties":{"unit_id":"12086005306","name":"Census Tract 53.06","native_id":"12086005306","source":"census_tract_2025","adm3_name":"Miami-Dade County","adm3_id":"12086","area_sqm":295211,"split":false,"population":2163.0359427079597,"days_covered":18,"daytime_peak_f":101.9,"heat_anomaly_f":5.5,"extreme_pct":39.0,"nighttime_stress_f":-3.1,"daytime_peak_f_climrel":0.8322,"heat_anomaly_f_climrel":0.8322,"nighttime_stress_f_climrel":-0.3,"extreme_pct_climrel":0.975,"ref_daytime_hi_mean":96.4,"ref_daytime_hi_p95":101.7,"rwi_mean":null,"health_per_10k":4.623131683831729,"built_frac":0.937,"tree_frac":0.053,"canopy_frac_over_3m":0.142,"viirs_mean":127.5,"gdl_hdi":0.936,"gdl_region":"Florida","ghsl_smod":30,"lst_anomaly_c":1.93,"lst_anomaly_c_climrel":0.2412,"worldpop_pop_total":4550.0,"frac_under5":4.6,"frac_elderly_65plus":22.7,"frac_elderly_75plus":9.7,"old_age_dependency_ratio":0.364,"has_data":true},"geometry":{"type":"Polygon","coordinates":[[[-80.214554,25.769598],[-80.211345,25.769713],[-80.207595,25.769847],[-80.20752,25.767901],[-80.207436,25.765989],[-80.211228,25.765945],[-80.214451,25.765883],[-80.214554,25.769598]]]}},{"type":"Feature","properties":{"unit_id":"12086014200","name":"Census Tract 142","native_id":"12086014200","source":"census_tract_2025","adm3_name":"Miami-Dade County","adm3_id":"12086","area_sqm":1286665,"split":false,"population":3512.0,"days_covered":18,"daytime_peak_f":102.3,"heat_anomaly_f":4.1,"extreme_pct":33.0,"nighttime_stress_f":-5.1,"daytime_peak_f_climrel":0.6155,"heat_anomaly_f_climrel":0.6155,"nighttime_stress_f_climrel":-0.3,"extreme_pct_climrel":0.825,"ref_daytime_hi_mean":98.1,"ref_daytime_hi_p95":103.4,"rwi_mean":null,"health_per_10k":0.0,"built_frac":0.879,"tree_frac":0.037,"canopy_frac_over_3m":0.096,"viirs_mean":42.4,"gdl_hdi":0.936,"gdl_region":"Florida","ghsl_smod":30,"lst_anomaly_c":1.56,"lst_anomaly_c_climrel":0.195,"worldpop_pop_total":5092.0,"frac_under5":3.0,"frac_elderly_65plus":24.0,"frac_elderly_75plus":10.9,"old_age_dependency_ratio":0.37,"has_data":true},"geometry":{"type":"Polygon","coordinates":[[[-80.417249,25.774533],[-80.417048,25.781818],[-80.417035,25.782059],[-80.41706,25.782449],[-80.417073,25.782675],[-80.415824,25.78275],[-80.408787,25.782654],[-80.408789,25.782437],[-80.407524,25.779199],[-80.407463,25.778042],[-80.409,25.77407],[-80.409084,25.772786],[-80.408997,25.769151],[-80.417132,25.768867],[-80.417202,25.772547],[-80.417282,25.773239],[-80.417249,25.774533]]]}},{"type":"Feature","properties":{"unit_id":"12086000714","name":"Census Tract 7.14","native_id":"12086000714","source":"census_tract_2025","adm3_name":"Miami-Dade County","adm3_id":"12086","area_sqm":646668,"split":false,"population":6621.0,"days_covered":18,"daytime_peak_f":102.6,"heat_anomaly_f":4.5,"extreme_pct":28.0,"nighttime_stress_f":-4.7,"daytime_peak_f_climrel":0.6666,"heat_anomaly_f_climrel":0.6666,"nighttime_stress_f_climrel":-0.3,"extreme_pct_climrel":0.7,"ref_daytime_hi_mean":98.0,"ref_daytime_hi_p95":103.2,"rwi_mean":null,"health_per_10k":0.0,"built_frac":0.947,"tree_frac":0.031,"canopy_frac_over_3m":0.093,"viirs_mean":140.6,"gdl_hdi":0.936,"gdl_region":"Florida","ghsl_smod":30,"lst_anomaly_c":5.12,"lst_anomaly_c_climrel":0.64,"worldpop_pop_total":5002.0,"frac_under5":3.8,"frac_elderly_65plus":25.1,"frac_elderly_75plus":13.0,"old_age_dependency_ratio":0.401,"has_data":true},"geometry":{"type":"Polygon","coordinates":[[[-80.314755,25.862515],[-80.310725,25.862512],[-80.306733,25.862506],[-80.30665,25.859867],[-80.306538,25.855245],[-80.310545,25.855267],[-80.314541,25.855275],[-80.314755,25.862515]]]}},{"type":"Feature","properties":{"unit_id":"12086009014","name":"Census Tract 90.14","native_id":"12086009014","source":"census_tract_2025","adm3_name":"Miami-Dade County","adm3_id":"12086","area_sqm":1196616,"split":false,"population":4878.0,"days_covered":18,"daytime_peak_f":102.1,"heat_anomaly_f":4.6,"extreme_pct":44.0,"nighttime_stress_f":-4.1,"daytime_peak_f_climrel":0.6814,"heat_anomaly_f_climrel":0.6814,"nighttime_stress_f_climrel":-0.3,"extreme_pct_climrel":1,"ref_daytime_hi_mean":97.5,"ref_daytime_hi_p95":102.7,"rwi_mean":null,"health_per_10k":10.25010250102501,"built_frac":0.905,"tree_frac":0.011,"canopy_frac_over_3m":0.11,"viirs_mean":137.5,"gdl_hdi":0.936,"gdl_region":"Florida","ghsl_smod":30,"lst_anomaly_c":-0.7,"lst_anomaly_c_climrel":0,"worldpop_pop_total":5042.0,"frac_under5":4.6,"frac_elderly_65plus":16.3,"frac_elderly_75plus":6.5,"old_age_dependency_ratio":0.24,"has_data":true},"geometry":{"type":"Polygon","coordinates":[[[-80.336674,25.776575],[-80.328368,25.776762],[-80.320714,25.776917],[-80.320638,25.769881],[-80.336426,25.769605],[-80.336537,25.773207],[-80.336674,25.776575]]]}},{"type":"Feature","properties":{"unit_id":"12086001005","name":"Census Tract 10.05","native_id":"12086001005","source":"census_tract_2025","adm3_name":"Miami-Dade County","adm3_id":"12086","area_sqm":975554,"split":false,"population":2157.5913646211684,"days_covered":18,"daytime_peak_f":102.2,"heat_anomaly_f":5.4,"extreme_pct":33.0,"nighttime_stress_f":-2.9,"daytime_peak_f_climrel":0.8011,"heat_anomaly_f_climrel":0.8011,"nighttime_stress_f_climrel":-0.3,"extreme_pct_climrel":0.825,"ref_daytime_hi_mean":96.9,"ref_daytime_hi_p95":102.4,"rwi_mean":null,"health_per_10k":13.904393803164586,"built_frac":0.679,"tree_frac":0.09,"canopy_frac_over_3m":0.097,"viirs_mean":70.3,"gdl_hdi":0.936,"gdl_region":"Florida","ghsl_smod":30,"lst_anomaly_c":2.16,"lst_anomaly_c_climrel":0.27,"worldpop_pop_total":2418.0,"frac_under5":3.2,"frac_elderly_65plus":35.4,"frac_elderly_75plus":15.5,"old_age_dependency_ratio":0.659,"has_data":true},"geometry":{"type":"Polygon","coordinates":[[[-80.223612,25.861287],[-80.21979,25.86141],[-80.213777,25.861696],[-80.209687,25.86186],[-80.208409,25.861907],[-80.208282,25.857227],[-80.208165,25.854392],[-80.208152,25.854267],[-80.219626,25.855583],[-80.221111,25.856833],[-80.223746,25.861281],[-80.223612,25.861287]]]}},{"type":"Feature","properties":{"unit_id":"12086980600","name":"Census Tract 9806","native_id":"12086980600","source":"census_tract_2025","adm3_name":"Miami-Dade County","adm3_id":"12086","area_sqm":6223469,"split":false,"population":189.0,"days_covered":18,"daytime_peak_f":99.9,"heat_anomaly_f":3.6,"extreme_pct":22.0,"nighttime_stress_f":-2.1,"daytime_peak_f_climrel":0.5373,"heat_anomaly_f_climrel":0.5373,"nighttime_stress_f_climrel":-0.3,"extreme_pct_climrel":0.55,"ref_daytime_hi_mean":96.3,"ref_daytime_hi_p95":101.5,"rwi_mean":null,"health_per_10k":0.0,"built_frac":0.108,"tree_frac":0.036,"canopy_frac_over_3m":0.274,"viirs_mean":17.8,"gdl_hdi":0.936,"gdl_region":"Florida","ghsl_smod":11,"lst_anomaly_c":null,"lst_anomaly_c_climrel":null,"worldpop_pop_total":null,"frac_under5":null,"frac_elderly_65plus":null,"frac_elderly_75plus":null,"old_age_dependency_ratio":null,"has_data":true},"geometry":{"type":"Polygon","coordinates":[[[-80.347803,25.551791],[-80.323258,25.5521],[-80.319222,25.555885],[-80.31922,25.559524],[-80.316034,25.559591],[-80.311147,25.55988],[-80.310552,25.559916],[-80.3075872644609,25.5596721225799],[-80.307326,25.557955],[-80.308448,25.555895],[-80.311752,25.547003],[-80.313443,25.537376],[-80.31435,25.536174],[-80.324594,25.535605],[-80.3251585898675,25.5352018186519],[-80.3256323530842,25.5348634978577],[-80.325767,25.534959],[-80.33131,25.537539],[-80.347508,25.537415],[-80.347732,25.548852],[-80.347803,25.551791]]]}},{"type":"Feature","properties":{"unit_id":"12086009316","name":"Census Tract 93.16","native_id":"12086009316","source":"census_tract_2025","adm3_name":"Miami-Dade County","adm3_id":"12086","area_sqm":1011013,"split":false,"population":3907.0,"days_covered":18,"daytime_peak_f":102.6,"heat_anomaly_f":4.5,"extreme_pct":28.0,"nighttime_stress_f":-4.7,"daytime_peak_f_climrel":0.6666,"heat_anomaly_f_climrel":0.6666,"nighttime_stress_f_climrel":-0.3,"extreme_pct_climrel":0.7,"ref_daytime_hi_mean":98.0,"ref_daytime_hi_p95":103.2,"rwi_mean":null,"health_per_10k":0.0,"built_frac":0.678,"tree_frac":0.03,"canopy_frac_over_3m":0.1,"viirs_mean":79.1,"gdl_hdi":0.936,"gdl_region":"Florida","ghsl_smod":30,"lst_anomaly_c":0.06,"lst_anomaly_c_climrel":0.0075,"worldpop_pop_total":3232.0,"frac_under5":3.9,"frac_elderly_65plus":23.3,"frac_elderly_75plus":10.3,"old_age_dependency_ratio":0.364,"has_data":true},"geometry":{"type":"Polygon","coordinates":[[[-80.324268,25.89875],[-80.316231,25.8988],[-80.315941,25.891574],[-80.3156,25.884168],[-80.323534,25.884062],[-80.324002,25.891518],[-80.324268,25.89875]]]}},{"type":"Feature","properties":{"unit_id":"12086011407","name":"Census Tract 114.07","native_id":"12086011407","source":"census_tract_2025","adm3_name":"Miami-Dade County","adm3_id":"12086","area_sqm":1517064,"split":false,"population":2419.0,"days_covered":18,"daytime_peak_f":101.2,"heat_anomaly_f":3.2,"extreme_pct":22.0,"nighttime_stress_f":-7.8,"daytime_peak_f_climrel":0.4856,"heat_anomaly_f_climrel":0.4856,"nighttime_stress_f_climrel":-0.3,"extreme_pct_climrel":0.55,"ref_daytime_hi_mean":98.1,"ref_daytime_hi_p95":103.1,"rwi_mean":null,"health_per_10k":0.0,"built_frac":0.324,"tree_frac":0.305,"canopy_frac_over_3m":0.271,"viirs_mean":23.3,"gdl_hdi":0.936,"gdl_region":"Florida","ghsl_smod":12,"lst_anomaly_c":null,"lst_anomaly_c_climrel":null,"worldpop_pop_total":3814.0,"frac_under5":6.7,"frac_elderly_65plus":14.0,"frac_elderly_75plus":5.0,"old_age_dependency_ratio":0.227,"has_data":true},"geometry":{"type":"Polygon","coordinates":[[[-80.493318,25.440485],[-80.491292,25.440497],[-80.485331,25.440582],[-80.483278,25.440641],[-80.483298,25.442655],[-80.480696,25.442688],[-80.48057,25.442311],[-80.47845,25.440519],[-80.477914,25.440066],[-80.477714,25.439911],[-80.477169,25.439492],[-80.476663,25.439102],[-80.474783,25.436475],[-80.474155,25.433207],[-80.475811,25.433187],[-80.483269,25.433183],[-80.485229,25.43318],[-80.491307,25.433163],[-80.49328,25.43313],[-80.493323,25.438822],[-80.493318,25.440485]]]}},{"type":"Feature","properties":{"unit_id":"12086000306","name":"Census Tract 3.06","native_id":"12086000306","source":"census_tract_2025","adm3_name":"Miami-Dade County","adm3_id":"12086","area_sqm":1153643,"split":false,"population":6825.0,"days_covered":18,"daytime_peak_f":102.2,"heat_anomaly_f":5.4,"extreme_pct":33.0,"nighttime_stress_f":-2.9,"daytime_peak_f_climrel":0.8011,"heat_anomaly_f_climrel":0.8011,"nighttime_stress_f_climrel":-0.3,"extreme_pct_climrel":0.825,"ref_daytime_hi_mean":96.9,"ref_daytime_hi_p95":102.4,"rwi_mean":null,"health_per_10k":2.93040293040293,"built_frac":0.51,"tree_frac":0.427,"canopy_frac_over_3m":0.285,"viirs_mean":63.1,"gdl_hdi":0.936,"gdl_region":"Florida","ghsl_smod":30,"lst_anomaly_c":0.75,"lst_anomaly_c_climrel":0.0938,"worldpop_pop_total":4283.0,"frac_under5":5.6,"frac_elderly_65plus":19.2,"frac_elderly_75plus":6.8,"old_age_dependency_ratio":0.297,"has_data":true},"geometry":{"type":"Polygon","coordinates":[[[-80.19485,25.899031],[-80.193746,25.899082],[-80.191911,25.89916],[-80.18685,25.899457],[-80.186595,25.893915],[-80.18649,25.890263],[-80.186311,25.886647],[-80.190243,25.886499],[-80.190575,25.886953],[-80.191003,25.886515],[-80.191094,25.88642],[-80.193094,25.884306],[-80.194386,25.884468],[-80.194587,25.889904],[-80.193213,25.889964],[-80.19423,25.893566],[-80.194542,25.89548],[-80.19485,25.899031]]]}},{"type":"Feature","properties":{"unit_id":"12086000405","name":"Census Tract 4.05","native_id":"12086000405","source":"census_tract_2025","adm3_name":"Miami-Dade County","adm3_id":"12086","area_sqm":1608204,"split":false,"population":3803.0,"days_covered":18,"daytime_peak_f":102.2,"heat_anomaly_f":5.4,"extreme_pct":33.0,"nighttime_stress_f":-2.9,"daytime_peak_f_climrel":0.8011,"heat_anomaly_f_climrel":0.8011,"nighttime_stress_f_climrel":-0.3,"extreme_pct_climrel":0.825,"ref_daytime_hi_mean":96.9,"ref_daytime_hi_p95":102.4,"rwi_mean":null,"health_per_10k":0.0,"built_frac":0.537,"tree_frac":0.346,"canopy_frac_over_3m":0.242,"viirs_mean":46.1,"gdl_hdi":0.936,"gdl_region":"Florida","ghsl_smod":30,"lst_anomaly_c":0.79,"lst_anomaly_c_climrel":0.0988,"worldpop_pop_total":5053.0,"frac_under5":4.5,"frac_elderly_65plus":22.9,"frac_elderly_75plus":8.1,"old_age_dependency_ratio":0.372,"has_data":true},"geometry":{"type":"Polygon","coordinates":[[[-80.227433,25.899095],[-80.219372,25.899422],[-80.215356,25.899571],[-80.215291,25.898108],[-80.211278,25.898268],[-80.209859,25.898328],[-80.209679,25.894711],[-80.209518,25.890899],[-80.210254,25.891031],[-80.219019,25.890684],[-80.226433,25.890393],[-80.227043,25.890375],[-80.227061,25.890829],[-80.227219,25.893995],[-80.227372,25.89761],[-80.227433,25.899095]]]}},{"type":"Feature","properties":{"unit_id":"12086000418","name":"Census Tract 4.18","native_id":"12086000418","source":"census_tract_2025","adm3_name":"Miami-Dade County","adm3_id":"12086","area_sqm":998308,"split":false,"population":1551.0,"days_covered":18,"daytime_peak_f":102.2,"heat_anomaly_f":5.4,"extreme_pct":33.0,"nighttime_stress_f":-2.9,"daytime_peak_f_climrel":0.8011,"heat_anomaly_f_climrel":0.8011,"nighttime_stress_f_climrel":-0.3,"extreme_pct_climrel":0.825,"ref_daytime_hi_mean":96.9,"ref_daytime_hi_p95":102.4,"rwi_mean":null,"health_per_10k":0.0,"built_frac":0.504,"tree_frac":0.137,"canopy_frac_over_3m":0.123,"viirs_mean":49.0,"gdl_hdi":0.936,"gdl_region":"Florida","ghsl_smod":30,"lst_anomaly_c":-1.0,"lst_anomaly_c_climrel":0,"worldpop_pop_total":3311.0,"frac_under5":6.9,"frac_elderly_65plus":15.1,"frac_elderly_75plus":5.5,"old_age_dependency_ratio":0.235,"has_data":true},"geometry":{"type":"Polygon","coordinates":[[[-80.236208,25.915704],[-80.22811,25.915955],[-80.223402,25.916253],[-80.222661,25.916275],[-80.218443,25.916475],[-80.221742,25.913647],[-80.222883,25.912764],[-80.227727,25.908551],[-80.2283,25.908276],[-80.230856,25.906001],[-80.235737,25.903397],[-80.235933,25.908303],[-80.236122,25.912027],[-80.236208,25.915704]]]}},{"type":"Feature","properties":{"unit_id":"12086010018","name":"Census Tract 100.18","native_id":"12086010018","source":"census_tract_2025","adm3_name":"Miami-Dade County","adm3_id":"12086","area_sqm":1058575,"split":false,"population":3384.0,"days_covered":18,"daytime_peak_f":102.6,"heat_anomaly_f":4.5,"extreme_pct":28.0,"nighttime_stress_f":-4.7,"daytime_peak_f_climrel":0.6666,"heat_anomaly_f_climrel":0.6666,"nighttime_stress_f_climrel":-0.3,"extreme_pct_climrel":0.7,"ref_daytime_hi_mean":98.0,"ref_daytime_hi_p95":103.2,"rwi_mean":null,"health_per_10k":0.0,"built_frac":0.888,"tree_frac":0.082,"canopy_frac_over_3m":0.145,"viirs_mean":81.2,"gdl_hdi":0.936,"gdl_region":"Florida","ghsl_smod":30,"lst_anomaly_c":3.32,"lst_anomaly_c_climrel":0.415,"worldpop_pop_total":3136.0,"frac_under5":4.1,"frac_elderly_65plus":25.0,"frac_elderly_75plus":11.7,"old_age_dependency_ratio":0.399,"has_data":true},"geometry":{"type":"Polygon","coordinates":[[[-80.293444,25.930547],[-80.287761,25.931268],[-80.285055,25.931285],[-80.280738,25.931365],[-80.276979,25.931005],[-80.276728,25.925127],[-80.284726,25.92528],[-80.293174,25.925024],[-80.293345,25.92813],[-80.293444,25.930547]]]}},{"type":"Feature","properties":{"unit_id":"12086003919","name":"Census Tract 39.19","native_id":"12086003919","source":"census_tract_2025","adm3_name":"Miami-Dade County","adm3_id":"12086","area_sqm":282165,"split":false,"population":3138.0,"days_covered":18,"daytime_peak_f":102.9,"heat_anomaly_f":6.1,"extreme_pct":44.0,"nighttime_stress_f":-3.1,"daytime_peak_f_climrel":0.9278,"heat_anomaly_f_climrel":0.9278,"nighttime_stress_f_climrel":-0.3,"extreme_pct_climrel":1,"ref_daytime_hi_mean":96.9,"ref_daytime_hi_p95":102.1,"rwi_mean":null,"health_per_10k":0.0,"built_frac":0.568,"tree_frac":0.012,"canopy_frac_over_3m":0.081,"viirs_mean":69.2,"gdl_hdi":0.936,"gdl_region":"Florida","ghsl_smod":30,"lst_anomaly_c":-2.82,"lst_anomaly_c_climrel":0,"worldpop_pop_total":1821.0,"frac_under5":3.7,"frac_elderly_65plus":30.1,"frac_elderly_75plus":13.9,"old_age_dependency_ratio":0.521,"has_data":true},"geometry":{"type":"Polygon","coordinates":[[[-80.123244,25.818869],[-80.122567,25.826274],[-80.122712,25.831462],[-80.122397,25.837105],[-80.121992,25.8444],[-80.12075,25.844557],[-80.120717,25.843744],[-80.120646,25.842725],[-80.1214,25.841066],[-80.121111,25.840427],[-80.121007,25.839065],[-80.120858,25.837101],[-80.120805,25.834852],[-80.120896,25.83413],[-80.121663,25.83243],[-80.122108,25.82974],[-80.122011,25.828754],[-80.121888,25.82598],[-80.122367,25.8236],[-80.1199317770637,25.8234837751533],[-80.1203346805725,25.8196334836788],[-80.1204333018782,25.8186910228551],[-80.122988,25.818843],[-80.123244,25.818869]]]}},{"type":"Feature","properties":{"unit_id":"12086011301","name":"Census Tract 113.01","native_id":"12086011301","source":"census_tract_2025","adm3_name":"Miami-Dade County","adm3_id":"12086","area_sqm":1489110,"split":false,"population":4698.0,"days_covered":18,"daytime_peak_f":100.7,"heat_anomaly_f":3.0,"extreme_pct":17.0,"nighttime_stress_f":-8.0,"daytime_peak_f_climrel":0.4742,"heat_anomaly_f_climrel":0.4742,"nighttime_stress_f_climrel":-0.3,"extreme_pct_climrel":0.425,"ref_daytime_hi_mean":97.7,"ref_daytime_hi_p95":102.5,"rwi_mean":null,"health_per_10k":0.0,"built_frac":0.679,"tree_frac":0.048,"canopy_frac_over_3m":0.106,"viirs_mean":90.7,"gdl_hdi":0.936,"gdl_region":"Florida","ghsl_smod":30,"lst_anomaly_c":null,"lst_anomaly_c_climrel":null,"worldpop_pop_total":4465.0,"frac_under5":8.1,"frac_elderly_65plus":12.3,"frac_elderly_75plus":4.4,"old_age_dependency_ratio":0.189,"has_data":true},"geometry":{"type":"Polygon","coordinates":[[[-80.485543,25.471617],[-80.477376,25.471651],[-80.477286,25.466168],[-80.477287,25.462487],[-80.477197,25.455169],[-80.485336,25.455153],[-80.485363,25.462459],[-80.485438,25.466115],[-80.485509,25.46977],[-80.485543,25.471617]]]}},{"type":"Feature","properties":{"unit_id":"12086008415","name":"Census Tract 84.15","native_id":"12086008415","source":"census_tract_2025","adm3_name":"Miami-Dade County","adm3_id":"12086","area_sqm":4065170,"split":false,"population":5975.0,"days_covered":18,"daytime_peak_f":102.4,"heat_anomaly_f":4.6,"extreme_pct":33.0,"nighttime_stress_f":-5.5,"daytime_peak_f_climrel":0.6622,"heat_anomaly_f_climrel":0.6622,"nighttime_stress_f_climrel":-0.3,"extreme_pct_climrel":0.825,"ref_daytime_hi_mean":97.8,"ref_daytime_hi_p95":103.3,"rwi_mean":null,"health_per_10k":0.0,"built_frac":0.395,"tree_frac":0.462,"canopy_frac_over_3m":0.27,"viirs_mean":30.7,"gdl_hdi":0.936,"gdl_region":"Florida","ghsl_smod":30,"lst_anomaly_c":-2.53,"lst_anomaly_c_climrel":0,"worldpop_pop_total":5705.0,"frac_under5":4.4,"frac_elderly_65plus":25.3,"frac_elderly_75plus":9.4,"old_age_dependency_ratio":0.43,"has_data":true},"geometry":{"type":"Polygon","coordinates":[[[-80.367573,25.66494],[-80.359302,25.66529],[-80.356055,25.66539],[-80.355358,25.665556],[-80.35435,25.665477],[-80.351095,25.665627],[-80.350823,25.658275],[-80.350589,25.650747],[-80.350537,25.649533],[-80.350344,25.643435],[-80.356505,25.643192],[-80.358483,25.643093],[-80.36693,25.642827],[-80.367209,25.650169],[-80.367444,25.657499],[-80.367573,25.66494]]]}},{"type":"Feature","properties":{"unit_id":"12086016501","name":"Census Tract 165.01","native_id":"12086016501","source":"census_tract_2025","adm3_name":"Miami-Dade County","adm3_id":"12086","area_sqm":1215268,"split":false,"population":5386.0,"days_covered":18,"daytime_peak_f":102.5,"heat_anomaly_f":4.0,"extreme_pct":28.0,"nighttime_stress_f":-7.5,"daytime_peak_f_climrel":0.5775,"heat_anomaly_f_climrel":0.5775,"nighttime_stress_f_climrel":-0.3,"extreme_pct_climrel":0.7,"ref_daytime_hi_mean":98.6,"ref_daytime_hi_p95":103.5,"rwi_mean":null,"health_per_10k":1.856665428889714,"built_frac":0.675,"tree_frac":0.035,"canopy_frac_over_3m":0.114,"viirs_mean":42.0,"gdl_hdi":0.936,"gdl_region":"Florida","ghsl_smod":30,"lst_anomaly_c":0.84,"lst_anomaly_c_climrel":0.105,"worldpop_pop_total":3913.0,"frac_under5":3.7,"frac_elderly_65plus":18.2,"frac_elderly_75plus":7.8,"old_age_dependency_ratio":0.271,"has_data":true},"geometry":{"type":"Polygon","coordinates":[[[-80.455153,25.713179],[-80.447127,25.713418],[-80.446774,25.706135],[-80.446537,25.698879],[-80.454536,25.698589],[-80.454831,25.705827],[-80.455153,25.713179]]]}},{"type":"Feature","properties":{"unit_id":"12086003605","name":"Census Tract 36.05","native_id":"12086003605","source":"census_tract_2025","adm3_name":"Miami-Dade County","adm3_id":"12086","area_sqm":297472,"split":false,"population":7846.0,"days_covered":18,"daytime_peak_f":101.9,"heat_anomaly_f":5.5,"extreme_pct":39.0,"nighttime_stress_f":-3.1,"daytime_peak_f_climrel":0.8322,"heat_anomaly_f_climrel":0.8322,"nighttime_stress_f_climrel":-0.3,"extreme_pct_climrel":0.975,"ref_daytime_hi_mean":96.4,"ref_daytime_hi_p95":101.7,"rwi_mean":null,"health_per_10k":0.0,"built_frac":0.833,"tree_frac":0.059,"canopy_frac_over_3m":0.166,"viirs_mean":173.9,"gdl_hdi":0.936,"gdl_region":"Florida","ghsl_smod":30,"lst_anomaly_c":-3.63,"lst_anomaly_c_climrel":0,"worldpop_pop_total":3962.0,"frac_under5":3.6,"frac_elderly_65plus":25.2,"frac_elderly_75plus":11.2,"old_age_dependency_ratio":0.393,"has_data":true},"geometry":{"type":"Polygon","coordinates":[[[-80.204387,25.773834],[-80.201225,25.774198],[-80.200578,25.773039],[-80.199785,25.771049],[-80.199494,25.770661],[-80.197508,25.768804],[-80.197465,25.76789],[-80.20082,25.768127],[-80.204171,25.768015],[-80.204254,25.769916],[-80.204387,25.773834]]]}},{"type":"Feature","properties":{"unit_id":"12086000905","name":"Census Tract 9.05","native_id":"12086000905","source":"census_tract_2025","adm3_name":"Miami-Dade County","adm3_id":"12086","area_sqm":1129455,"split":false,"population":3458.0,"days_covered":18,"daytime_peak_f":102.2,"heat_anomaly_f":5.4,"extreme_pct":33.0,"nighttime_stress_f":-2.9,"daytime_peak_f_climrel":0.8011,"heat_anomaly_f_climrel":0.8011,"nighttime_stress_f_climrel":-0.3,"extreme_pct_climrel":0.825,"ref_daytime_hi_mean":96.9,"ref_daytime_hi_p95":102.4,"rwi_mean":null,"health_per_10k":0.0,"built_frac":0.805,"tree_frac":0.17,"canopy_frac_over_3m":0.192,"viirs_mean":56.1,"gdl_hdi":0.936,"gdl_region":"Florida","ghsl_smod":30,"lst_anomaly_c":2.03,"lst_anomaly_c_climrel":0.2537,"worldpop_pop_total":4646.0,"frac_under5":4.2,"frac_elderly_65plus":23.2,"frac_elderly_75plus":9.9,"old_age_dependency_ratio":0.362,"has_data":true},"geometry":{"type":"Polygon","coordinates":[[[-80.250685,25.865483],[-80.242443,25.865792],[-80.24237,25.86443],[-80.242286,25.862079],[-80.242243,25.86072],[-80.242124,25.857066],[-80.242108,25.856604],[-80.241996,25.853434],[-80.250191,25.853167],[-80.250329,25.856357],[-80.250459,25.859982],[-80.250527,25.861833],[-80.250572,25.862725],[-80.250685,25.865483]]]}},{"type":"Feature","properties":{"unit_id":"12086005202","name":"Census Tract 52.02","native_id":"12086005202","source":"census_tract_2025","adm3_name":"Miami-Dade County","adm3_id":"12086","area_sqm":482216,"split":false,"population":5563.0,"days_covered":18,"daytime_peak_f":101.9,"heat_anomaly_f":5.5,"extreme_pct":39.0,"nighttime_stress_f":-3.1,"daytime_peak_f_climrel":0.8322,"heat_anomaly_f_climrel":0.8322,"nighttime_stress_f_climrel":-0.3,"extreme_pct_climrel":0.975,"ref_daytime_hi_mean":96.4,"ref_daytime_hi_p95":101.7,"rwi_mean":null,"health_per_10k":7.190364911019234,"built_frac":0.875,"tree_frac":0.082,"canopy_frac_over_3m":0.159,"viirs_mean":140.1,"gdl_hdi":0.936,"gdl_region":"Florida","ghsl_smod":30,"lst_anomaly_c":0.9,"lst_anomaly_c_climrel":0.1125,"worldpop_pop_total":4401.0,"frac_under5":5.2,"frac_elderly_65plus":22.0,"frac_elderly_75plus":11.8,"old_age_dependency_ratio":0.357,"has_data":true},"geometry":{"type":"Polygon","coordinates":[[[-80.214829,25.780183],[-80.213197,25.780222],[-80.210877,25.780306],[-80.209938,25.780166],[-80.209301,25.779526],[-80.206915,25.778289],[-80.207827,25.776652],[-80.207693,25.773714],[-80.211448,25.773655],[-80.212977,25.773597],[-80.21466,25.773527],[-80.214746,25.776438],[-80.214829,25.780183]]]}},{"type":"Feature","properties":{"unit_id":"12086000402","name":"Census Tract 4.02","native_id":"12086000402","source":"census_tract_2025","adm3_name":"Miami-Dade County","adm3_id":"12086","area_sqm":1726401,"split":false,"population":1473.0,"days_covered":18,"daytime_peak_f":102.2,"heat_anomaly_f":5.4,"extreme_pct":33.0,"nighttime_stress_f":-2.9,"daytime_peak_f_climrel":0.8011,"heat_anomaly_f_climrel":0.8011,"nighttime_stress_f_climrel":-0.3,"extreme_pct_climrel":0.825,"ref_daytime_hi_mean":96.9,"ref_daytime_hi_p95":102.4,"rwi_mean":null,"health_per_10k":0.0,"built_frac":0.584,"tree_frac":0.222,"canopy_frac_over_3m":0.177,"viirs_mean":48.5,"gdl_hdi":0.936,"gdl_region":"Florida","ghsl_smod":30,"lst_anomaly_c":-0.73,"lst_anomaly_c_climrel":0,"worldpop_pop_total":4262.0,"frac_under5":4.9,"frac_elderly_65plus":16.7,"frac_elderly_75plus":6.4,"old_age_dependency_ratio":0.254,"has_data":true},"geometry":{"type":"Polygon","coordinates":[[[-80.244602,25.926441],[-80.236594,25.926618],[-80.232499,25.926755],[-80.230556,25.926541],[-80.23036,25.920624],[-80.230209,25.917168],[-80.228008,25.917335],[-80.22811,25.915955],[-80.236208,25.915704],[-80.244309,25.915448],[-80.244456,25.92023],[-80.244602,25.926441]]]}},{"type":"Feature","properties":{"unit_id":"12086001006","name":"Census Tract 10.06","native_id":"12086001006","source":"census_tract_2025","adm3_name":"Miami-Dade County","adm3_id":"12086","area_sqm":1296486,"split":false,"population":1804.0,"days_covered":18,"daytime_peak_f":102.2,"heat_anomaly_f":5.4,"extreme_pct":33.0,"nighttime_stress_f":-2.9,"daytime_peak_f_climrel":0.8011,"heat_anomaly_f_climrel":0.8011,"nighttime_stress_f_climrel":-0.3,"extreme_pct_climrel":0.825,"ref_daytime_hi_mean":96.9,"ref_daytime_hi_p95":102.4,"rwi_mean":null,"health_per_10k":0.0,"built_frac":0.501,"tree_frac":0.385,"canopy_frac_over_3m":0.215,"viirs_mean":67.3,"gdl_hdi":0.936,"gdl_region":"Florida","ghsl_smod":30,"lst_anomaly_c":1.3,"lst_anomaly_c_climrel":0.1625,"worldpop_pop_total":5104.0,"frac_under5":5.5,"frac_elderly_65plus":17.3,"frac_elderly_75plus":5.3,"old_age_dependency_ratio":0.27,"has_data":true},"geometry":{"type":"Polygon","coordinates":[[[-80.208282,25.857227],[-80.205413,25.857321],[-80.205468,25.858241],[-80.2034,25.858329],[-80.201388,25.858402],[-80.19729,25.858524],[-80.197286,25.858272],[-80.1971,25.853125],[-80.197098,25.853025],[-80.197087,25.852546],[-80.197028,25.85113],[-80.196928,25.847903],[-80.196918,25.847433],[-80.203491,25.847252],[-80.207786,25.847101],[-80.207821,25.8476],[-80.207903,25.848939],[-80.208145,25.853693],[-80.208152,25.854267],[-80.208165,25.854392],[-80.208282,25.857227]]]}},{"type":"Feature","properties":{"unit_id":"12086008206","name":"Census Tract 82.06","native_id":"12086008206","source":"census_tract_2025","adm3_name":"Miami-Dade County","adm3_id":"12086","area_sqm":2921494,"split":false,"population":3013.0,"days_covered":18,"daytime_peak_f":101.6,"heat_anomaly_f":5.0,"extreme_pct":44.0,"nighttime_stress_f":-3.3,"daytime_peak_f_climrel":0.7446,"heat_anomaly_f_climrel":0.7446,"nighttime_stress_f_climrel":-0.3,"extreme_pct_climrel":1,"ref_daytime_hi_mean":96.5,"ref_daytime_hi_p95":101.7,"rwi_mean":null,"health_per_10k":9.956853634251576,"built_frac":0.424,"tree_frac":0.452,"canopy_frac_over_3m":0.301,"viirs_mean":41.6,"gdl_hdi":0.936,"gdl_region":"Florida","ghsl_smod":30,"lst_anomaly_c":-0.02,"lst_anomaly_c_climrel":0,"worldpop_pop_total":4737.0,"frac_under5":4.1,"frac_elderly_65plus":21.5,"frac_elderly_75plus":8.7,"old_age_dependency_ratio":0.343,"has_data":true},"geometry":{"type":"Polygon","coordinates":[[[-80.337622,25.636332],[-80.335345,25.641227],[-80.335326,25.641267],[-80.334111,25.643851],[-80.317765,25.644307],[-80.317472,25.636061],[-80.319442,25.636024],[-80.320031,25.636813],[-80.321149,25.636776],[-80.321064,25.634957],[-80.319642,25.635001],[-80.319432,25.633229],[-80.323505,25.633047],[-80.323417,25.629386],[-80.327469,25.629277],[-80.333609,25.629095],[-80.341094,25.628907],[-80.337622,25.636332]]]}},{"type":"Feature","properties":{"unit_id":"12086010015","name":"Census Tract 100.15","native_id":"12086010015","source":"census_tract_2025","adm3_name":"Miami-Dade County","adm3_id":"12086","area_sqm":1741442,"split":false,"population":5660.0,"days_covered":18,"daytime_peak_f":103.3,"heat_anomaly_f":5.4,"extreme_pct":33.0,"nighttime_stress_f":-5.5,"daytime_peak_f_climrel":0.7702,"heat_anomaly_f_climrel":0.7702,"nighttime_stress_f_climrel":-0.3,"extreme_pct_climrel":0.825,"ref_daytime_hi_mean":97.9,"ref_daytime_hi_p95":103.4,"rwi_mean":null,"health_per_10k":0.0,"built_frac":0.437,"tree_frac":0.275,"canopy_frac_over_3m":0.275,"viirs_mean":29.8,"gdl_hdi":0.936,"gdl_region":"Florida","ghsl_smod":30,"lst_anomaly_c":null,"lst_anomaly_c_climrel":null,"worldpop_pop_total":5091.0,"frac_under5":3.8,"frac_elderly_65plus":19.0,"frac_elderly_75plus":7.6,"old_age_dependency_ratio":0.283,"has_data":true},"geometry":{"type":"Polygon","coordinates":[[[-80.295072,25.963555],[-80.294664,25.964198],[-80.27965,25.964364],[-80.278266,25.964572],[-80.278447,25.962181],[-80.278331,25.958445],[-80.278209,25.954172],[-80.28668,25.953762],[-80.287838,25.953721],[-80.293868,25.953456],[-80.294604,25.95346],[-80.294544,25.956948],[-80.294976,25.956929],[-80.295072,25.963555]]]}},{"type":"Feature","properties":{"unit_id":"12086006206","name":"Census Tract 62.06","native_id":"12086006206","source":"census_tract_2025","adm3_name":"Miami-Dade County","adm3_id":"12086","area_sqm":858654,"split":false,"population":6902.0,"days_covered":18,"daytime_peak_f":102.1,"heat_anomaly_f":4.6,"extreme_pct":44.0,"nighttime_stress_f":-4.1,"daytime_peak_f_climrel":0.6814,"heat_anomaly_f_climrel":0.6814,"nighttime_stress_f_climrel":-0.3,"extreme_pct_climrel":1,"ref_daytime_hi_mean":97.5,"ref_daytime_hi_p95":102.7,"rwi_mean":null,"health_per_10k":5.795421616922631,"built_frac":0.739,"tree_frac":0.24,"canopy_frac_over_3m":0.259,"viirs_mean":106.1,"gdl_hdi":0.936,"gdl_region":"Florida","ghsl_smod":30,"lst_anomaly_c":1.53,"lst_anomaly_c_climrel":0.1913,"worldpop_pop_total":4805.0,"frac_under5":3.6,"frac_elderly_65plus":21.0,"frac_elderly_75plus":8.6,"old_age_dependency_ratio":0.307,"has_data":true},"geometry":{"type":"Polygon","coordinates":[[[-80.267062,25.755535],[-80.262926,25.755714],[-80.260921,25.75582],[-80.2548,25.756034],[-80.254738,25.753323],[-80.254569,25.749862],[-80.254953,25.749804],[-80.260691,25.749455],[-80.262766,25.749454],[-80.266506,25.749279],[-80.266844,25.749326],[-80.267062,25.755535]]]}},{"type":"Feature","properties":{"unit_id":"12086010212","name":"Census Tract 102.12","native_id":"12086010212","source":"census_tract_2025","adm3_name":"Miami-Dade County","adm3_id":"12086","area_sqm":2135305,"split":false,"population":3080.0,"days_covered":18,"daytime_peak_f":101.6,"heat_anomaly_f":4.2,"extreme_pct":22.0,"nighttime_stress_f":-6.1,"daytime_peak_f_climrel":0.5768,"heat_anomaly_f_climrel":0.5768,"nighttime_stress_f_climrel":-0.3,"extreme_pct_climrel":0.55,"ref_daytime_hi_mean":97.4,"ref_daytime_hi_p95":103.0,"rwi_mean":null,"health_per_10k":0.0,"built_frac":0.437,"tree_frac":0.307,"canopy_frac_over_3m":0.244,"viirs_mean":38.7,"gdl_hdi":0.936,"gdl_region":"Florida","ghsl_smod":30,"lst_anomaly_c":null,"lst_anomaly_c_climrel":null,"worldpop_pop_total":2947.0,"frac_under5":4.4,"frac_elderly_65plus":17.5,"frac_elderly_75plus":6.5,"old_age_dependency_ratio":0.264,"has_data":true},"geometry":{"type":"Polygon","coordinates":[[[-80.413035,25.596561],[-80.409303,25.596685],[-80.397065,25.597083],[-80.397063,25.591391],[-80.397033,25.587446],[-80.39699,25.580835],[-80.403997,25.580832],[-80.404096,25.58185],[-80.408993,25.58778],[-80.409524,25.590252],[-80.412891,25.592819],[-80.413035,25.596561]]]}},{"type":"Feature","properties":{"unit_id":"12086000609","name":"Census Tract 6.09","native_id":"12086000609","source":"census_tract_2025","adm3_name":"Miami-Dade County","adm3_id":"12086","area_sqm":580084,"split":false,"population":1831.022742786939,"days_covered":18,"daytime_peak_f":102.1,"heat_anomaly_f":4.6,"extreme_pct":44.0,"nighttime_stress_f":-4.1,"daytime_peak_f_climrel":0.6814,"heat_anomaly_f_climrel":0.6814,"nighttime_stress_f_climrel":-0.3,"extreme_pct_climrel":1,"ref_daytime_hi_mean":97.5,"ref_daytime_hi_p95":102.7,"rwi_mean":null,"health_per_10k":0.0,"built_frac":0.929,"tree_frac":0.042,"canopy_frac_over_3m":0.106,"viirs_mean":113.7,"gdl_hdi":0.936,"gdl_region":"Florida","ghsl_smod":30,"lst_anomaly_c":3.96,"lst_anomaly_c_climrel":0.495,"worldpop_pop_total":2753.0,"frac_under5":3.7,"frac_elderly_65plus":26.6,"frac_elderly_75plus":13.0,"old_age_dependency_ratio":0.428,"has_data":true},"geometry":{"type":"Polygon","coordinates":[[[-80.290179,25.851776],[-80.286431,25.851962],[-80.282513,25.852076],[-80.278593,25.852233],[-80.272623,25.852421],[-80.272539,25.850583],[-80.272214,25.844743],[-80.274233,25.844699],[-80.274627,25.851432],[-80.28246,25.851173],[-80.282349,25.848324],[-80.290155,25.848014],[-80.290179,25.851776]]]}},{"type":"Feature","properties":{"unit_id":"12086000605","name":"Census Tract 6.05","native_id":"12086000605","source":"census_tract_2025","adm3_name":"Miami-Dade County","adm3_id":"12086","area_sqm":1669807,"split":false,"population":9763.0,"days_covered":18,"daytime_peak_f":102.6,"heat_anomaly_f":4.5,"extreme_pct":28.0,"nighttime_stress_f":-4.7,"daytime_peak_f_climrel":0.6666,"heat_anomaly_f_climrel":0.6666,"nighttime_stress_f_climrel":-0.3,"extreme_pct_climrel":0.7,"ref_daytime_hi_mean":98.0,"ref_daytime_hi_p95":103.2,"rwi_mean":null,"health_per_10k":1.0242753252074157,"built_frac":0.912,"tree_frac":0.067,"canopy_frac_over_3m":0.111,"viirs_mean":95.4,"gdl_hdi":0.936,"gdl_region":"Florida","ghsl_smod":30,"lst_anomaly_c":4.57,"lst_anomaly_c_climrel":0.5713,"worldpop_pop_total":3949.0,"frac_under5":2.9,"frac_elderly_65plus":26.7,"frac_elderly_75plus":14.0,"old_age_dependency_ratio":0.429,"has_data":true},"geometry":{"type":"Polygon","coordinates":[[[-80.272645,25.856127],[-80.266583,25.856292],[-80.262542,25.856401],[-80.26265,25.860046],[-80.260505,25.860125],[-80.260134,25.860131],[-80.259643,25.848226],[-80.259614,25.845478],[-80.260112,25.845428],[-80.266181,25.845229],[-80.268226,25.844895],[-80.272214,25.844743],[-80.272539,25.850583],[-80.272623,25.852421],[-80.272645,25.856127]]]}},{"type":"Feature","properties":{"unit_id":"12086008419","name":"Census Tract 84.19","native_id":"12086008419","source":"census_tract_2025","adm3_name":"Miami-Dade County","adm3_id":"12086","area_sqm":840794,"split":false,"population":6288.0,"days_covered":18,"daytime_peak_f":102.4,"heat_anomaly_f":4.6,"extreme_pct":33.0,"nighttime_stress_f":-5.5,"daytime_peak_f_climrel":0.6622,"heat_anomaly_f_climrel":0.6622,"nighttime_stress_f_climrel":-0.3,"extreme_pct_climrel":0.825,"ref_daytime_hi_mean":97.8,"ref_daytime_hi_p95":103.3,"rwi_mean":null,"health_per_10k":3.180661577608143,"built_frac":0.611,"tree_frac":0.18,"canopy_frac_over_3m":0.213,"viirs_mean":74.1,"gdl_hdi":0.936,"gdl_region":"Florida","ghsl_smod":30,"lst_anomaly_c":0.59,"lst_anomaly_c_climrel":0.0737,"worldpop_pop_total":5729.0,"frac_under5":3.7,"frac_elderly_65plus":24.8,"frac_elderly_75plus":10.9,"old_age_dependency_ratio":0.388,"has_data":true},"geometry":{"type":"Polygon","coordinates":[[[-80.366155,25.701101],[-80.364678,25.701142],[-80.363945,25.700834],[-80.356547,25.696961],[-80.358451,25.694899],[-80.361171,25.694751],[-80.360975,25.694242],[-80.360864,25.690808],[-80.360746,25.687169],[-80.365855,25.686978],[-80.365939,25.690462],[-80.366039,25.695043],[-80.366079,25.69722],[-80.366155,25.701101]]]}},{"type":"Feature","properties":{"unit_id":"12086011702","name":"Census Tract 117.02","native_id":"12086011702","source":"census_tract_2025","adm3_name":"Miami-Dade County","adm3_id":"12086","area_sqm":672336,"split":false,"population":3491.0,"days_covered":18,"daytime_peak_f":102.6,"heat_anomaly_f":4.5,"extreme_pct":28.0,"nighttime_stress_f":-4.7,"daytime_peak_f_climrel":0.6666,"heat_anomaly_f_climrel":0.6666,"nighttime_stress_f_climrel":-0.3,"extreme_pct_climrel":0.7,"ref_daytime_hi_mean":98.0,"ref_daytime_hi_p95":103.2,"rwi_mean":null,"health_per_10k":2.864508736751647,"built_frac":0.598,"tree_frac":0.194,"canopy_frac_over_3m":0.192,"viirs_mean":76.9,"gdl_hdi":0.936,"gdl_region":"Florida","ghsl_smod":30,"lst_anomaly_c":1.1,"lst_anomaly_c_climrel":0.1375,"worldpop_pop_total":5508.0,"frac_under5":5.5,"frac_elderly_65plus":15.7,"frac_elderly_75plus":6.8,"old_age_dependency_ratio":0.234,"has_data":true},"geometry":{"type":"Polygon","coordinates":[[[-80.307057,25.944669],[-80.299362,25.944758],[-80.299424,25.946122],[-80.29958,25.946918],[-80.294297,25.946935],[-80.294283,25.94658],[-80.294099,25.942414],[-80.293856,25.939286],[-80.296618,25.939358],[-80.299839,25.940548],[-80.303576,25.942105],[-80.306939,25.942382],[-80.307057,25.944669]]]}},{"type":"Feature","properties":{"unit_id":"12086008603","name":"Census Tract 86.03","native_id":"12086008603","source":"census_tract_2025","adm3_name":"Miami-Dade County","adm3_id":"12086","area_sqm":1542612,"split":false,"population":3437.0,"days_covered":18,"daytime_peak_f":102.4,"heat_anomaly_f":4.6,"extreme_pct":33.0,"nighttime_stress_f":-5.5,"daytime_peak_f_climrel":0.6622,"heat_anomaly_f_climrel":0.6622,"nighttime_stress_f_climrel":-0.3,"extreme_pct_climrel":0.825,"ref_daytime_hi_mean":97.8,"ref_daytime_hi_p95":103.3,"rwi_mean":null,"health_per_10k":0.0,"built_frac":0.763,"tree_frac":0.088,"canopy_frac_over_3m":0.122,"viirs_mean":42.3,"gdl_hdi":0.936,"gdl_region":"Florida","ghsl_smod":30,"lst_anomaly_c":1.03,"lst_anomaly_c_climrel":0.1288,"worldpop_pop_total":4703.0,"frac_under5":3.7,"frac_elderly_65plus":26.1,"frac_elderly_75plus":12.8,"old_age_dependency_ratio":0.43,"has_data":true},"geometry":{"type":"Polygon","coordinates":[[[-80.382869,25.714919],[-80.382583,25.714857],[-80.374925,25.715141],[-80.372104,25.715255],[-80.366908,25.715442],[-80.366206,25.701895],[-80.367883,25.702751],[-80.374415,25.706135],[-80.377861,25.707916],[-80.382237,25.710204],[-80.382639,25.710599],[-80.382869,25.714919]]]}},{"type":"Feature","properties":{"unit_id":"12086005506","name":"Census Tract 55.06","native_id":"12086005506","source":"census_tract_2025","adm3_name":"Miami-Dade County","adm3_id":"12086","area_sqm":779655,"split":false,"population":3521.0,"days_covered":18,"daytime_peak_f":101.9,"heat_anomaly_f":5.5,"extreme_pct":39.0,"nighttime_stress_f":-3.1,"daytime_peak_f_climrel":0.8322,"heat_anomaly_f_climrel":0.8322,"nighttime_stress_f_climrel":-0.3,"extreme_pct_climrel":0.975,"ref_daytime_hi_mean":96.4,"ref_daytime_hi_p95":101.7,"rwi_mean":null,"health_per_10k":0.0,"built_frac":0.852,"tree_frac":0.122,"canopy_frac_over_3m":0.173,"viirs_mean":86.4,"gdl_hdi":0.936,"gdl_region":"Florida","ghsl_smod":30,"lst_anomaly_c":2.01,"lst_anomaly_c_climrel":0.2512,"worldpop_pop_total":2407.0,"frac_under5":3.1,"frac_elderly_65plus":27.9,"frac_elderly_75plus":13.8,"old_age_dependency_ratio":0.45,"has_data":true},"geometry":{"type":"Polygon","coordinates":[[[-80.249064,25.779144],[-80.247506,25.779198],[-80.239339,25.779465],[-80.239246,25.776334],[-80.239102,25.772338],[-80.24371,25.772199],[-80.248948,25.772034],[-80.249062,25.775559],[-80.249064,25.779144]]]}},{"type":"Feature","properties":{"unit_id":"12086012601","name":"Census Tract 126.01","native_id":"12086012601","source":"census_tract_2025","adm3_name":"Miami-Dade County","adm3_id":"12086","area_sqm":392956,"split":false,"population":3147.0,"days_covered":18,"daytime_peak_f":101.7,"heat_anomaly_f":3.6,"extreme_pct":17.0,"nighttime_stress_f":-4.8,"daytime_peak_f_climrel":0.5257,"heat_anomaly_f_climrel":0.5257,"nighttime_stress_f_climrel":-0.3,"extreme_pct_climrel":0.425,"ref_daytime_hi_mean":98.1,"ref_daytime_hi_p95":103.0,"rwi_mean":null,"health_per_10k":0.0,"built_frac":0.989,"tree_frac":0.004,"canopy_frac_over_3m":0.054,"viirs_mean":93.3,"gdl_hdi":0.936,"gdl_region":"Florida","ghsl_smod":30,"lst_anomaly_c":3.78,"lst_anomaly_c_climrel":0.4725,"worldpop_pop_total":4190.0,"frac_under5":4.6,"frac_elderly_65plus":16.3,"frac_elderly_75plus":6.5,"old_age_dependency_ratio":0.241,"has_data":true},"geometry":{"type":"Polygon","coordinates":[[[-80.356417,25.898747],[-80.354225,25.898644],[-80.351322,25.898686],[-80.351292,25.897563],[-80.351276,25.896803],[-80.351261,25.895145],[-80.351101,25.891496],[-80.355996,25.891501],[-80.356167,25.895155],[-80.356417,25.898747]]]}},{"type":"Feature","properties":{"unit_id":"12086008426","name":"Census Tract 84.26","native_id":"12086008426","source":"census_tract_2025","adm3_name":"Miami-Dade County","adm3_id":"12086","area_sqm":3208978,"split":false,"population":5566.0,"days_covered":18,"daytime_peak_f":102.4,"heat_anomaly_f":4.6,"extreme_pct":33.0,"nighttime_stress_f":-5.5,"daytime_peak_f_climrel":0.6622,"heat_anomaly_f_climrel":0.6622,"nighttime_stress_f_climrel":-0.3,"extreme_pct_climrel":0.825,"ref_daytime_hi_mean":97.8,"ref_daytime_hi_p95":103.3,"rwi_mean":null,"health_per_10k":0.0,"built_frac":0.377,"tree_frac":0.399,"canopy_frac_over_3m":0.195,"viirs_mean":37.4,"gdl_hdi":0.936,"gdl_region":"Florida","ghsl_smod":30,"lst_anomaly_c":-1.77,"lst_anomaly_c_climrel":0,"worldpop_pop_total":5158.0,"frac_under5":3.6,"frac_elderly_65plus":24.2,"frac_elderly_75plus":9.6,"old_age_dependency_ratio":0.395,"has_data":true},"geometry":{"type":"Polygon","coordinates":[[[-80.385298,25.645041],[-80.38507,25.64598],[-80.384374,25.649369],[-80.38491,25.650718],[-80.383362,25.652445],[-80.383283,25.652534],[-80.379429,25.656837],[-80.372361,25.664733],[-80.371773,25.664761],[-80.367573,25.66494],[-80.367444,25.657499],[-80.367209,25.650169],[-80.36693,25.642827],[-80.376234,25.642427],[-80.377124,25.642279],[-80.382814,25.641859],[-80.383046,25.644743],[-80.385396,25.643505],[-80.385298,25.645041]]]}},{"type":"Feature","properties":{"unit_id":"12086018500","name":"Census Tract 185","native_id":"12086018500","source":"census_tract_2025","adm3_name":"Miami-Dade County","adm3_id":"12086","area_sqm":904383,"split":false,"population":2087.0,"days_covered":18,"daytime_peak_f":102.4,"heat_anomaly_f":4.6,"extreme_pct":33.0,"nighttime_stress_f":-5.5,"daytime_peak_f_climrel":0.6622,"heat_anomaly_f_climrel":0.6622,"nighttime_stress_f_climrel":-0.3,"extreme_pct_climrel":0.825,"ref_daytime_hi_mean":97.8,"ref_daytime_hi_p95":103.3,"rwi_mean":null,"health_per_10k":0.0,"built_frac":0.447,"tree_frac":0.277,"canopy_frac_over_3m":0.245,"viirs_mean":37.6,"gdl_hdi":0.936,"gdl_region":"Florida","ghsl_smod":30,"lst_anomaly_c":0.36,"lst_anomaly_c_climrel":0.045,"worldpop_pop_total":5561.0,"frac_under5":5.0,"frac_elderly_65plus":16.4,"frac_elderly_75plus":6.3,"old_age_dependency_ratio":0.241,"has_data":true},"geometry":{"type":"Polygon","coordinates":[[[-80.443871,25.669894],[-80.43819,25.670086],[-80.437956,25.670091],[-80.43257,25.670249],[-80.432419,25.666581],[-80.432278,25.662897],[-80.432123,25.659186],[-80.434963,25.658931],[-80.438125,25.661068],[-80.439362,25.661814],[-80.440145,25.662902],[-80.441027,25.665103],[-80.441973,25.666219],[-80.443653,25.668219],[-80.443871,25.669894]]]}},{"type":"Feature","properties":{"unit_id":"12086001606","name":"Census Tract 16.06","native_id":"12086001606","source":"census_tract_2025","adm3_name":"Miami-Dade County","adm3_id":"12086","area_sqm":686952,"split":false,"population":9701.0,"days_covered":18,"daytime_peak_f":102.1,"heat_anomaly_f":4.6,"extreme_pct":44.0,"nighttime_stress_f":-4.1,"daytime_peak_f_climrel":0.6814,"heat_anomaly_f_climrel":0.6814,"nighttime_stress_f_climrel":-0.3,"extreme_pct_climrel":1,"ref_daytime_hi_mean":97.5,"ref_daytime_hi_p95":102.7,"rwi_mean":null,"health_per_10k":0.0,"built_frac":0.876,"tree_frac":0.032,"canopy_frac_over_3m":0.098,"viirs_mean":130.6,"gdl_hdi":0.936,"gdl_region":"Florida","ghsl_smod":30,"lst_anomaly_c":2.39,"lst_anomaly_c_climrel":0.2988,"worldpop_pop_total":5058.0,"frac_under5":3.9,"frac_elderly_65plus":23.1,"frac_elderly_75plus":10.6,"old_age_dependency_ratio":0.362,"has_data":true},"geometry":{"type":"Polygon","coordinates":[[[-80.279631,25.829955],[-80.275598,25.83011],[-80.271533,25.830236],[-80.269564,25.830323],[-80.269352,25.825811],[-80.273423,25.825651],[-80.273303,25.822873],[-80.275332,25.822859],[-80.279338,25.822735],[-80.279631,25.829955]]]}},{"type":"Feature","properties":{"unit_id":"12086007005","name":"Census Tract 70.05","native_id":"12086007005","source":"census_tract_2025","adm3_name":"Miami-Dade County","adm3_id":"12086","area_sqm":442831,"split":false,"population":3728.0,"days_covered":18,"daytime_peak_f":100.3,"heat_anomaly_f":3.9,"extreme_pct":22.0,"nighttime_stress_f":-1.6,"daytime_peak_f_climrel":0.5895,"heat_anomaly_f_climrel":0.5895,"nighttime_stress_f_climrel":-0.2482,"extreme_pct_climrel":0.55,"ref_daytime_hi_mean":96.4,"ref_daytime_hi_p95":101.7,"rwi_mean":null,"health_per_10k":0.0,"built_frac":0.854,"tree_frac":0.101,"canopy_frac_over_3m":0.191,"viirs_mean":100.2,"gdl_hdi":0.936,"gdl_region":"Florida","ghsl_smod":30,"lst_anomaly_c":3.16,"lst_anomaly_c_climrel":0.395,"worldpop_pop_total":2646.0,"frac_under5":4.0,"frac_elderly_65plus":19.4,"frac_elderly_75plus":8.5,"old_age_dependency_ratio":0.281,"has_data":true},"geometry":{"type":"Polygon","coordinates":[[[-80.246154,25.743631],[-80.245176,25.743215],[-80.237979,25.743412],[-80.237842,25.739931],[-80.241865,25.738459],[-80.245915,25.736973],[-80.246084,25.741741],[-80.24616,25.743211],[-80.246154,25.743631]]]}},{"type":"Feature","properties":{"unit_id":"12086000410","name":"Census Tract 4.10","native_id":"12086000410","source":"census_tract_2025","adm3_name":"Miami-Dade County","adm3_id":"12086","area_sqm":1412913,"split":false,"population":3250.0,"days_covered":18,"daytime_peak_f":102.2,"heat_anomaly_f":5.4,"extreme_pct":33.0,"nighttime_stress_f":-2.9,"daytime_peak_f_climrel":0.8011,"heat_anomaly_f_climrel":0.8011,"nighttime_stress_f_climrel":-0.3,"extreme_pct_climrel":0.825,"ref_daytime_hi_mean":96.9,"ref_daytime_hi_p95":102.4,"rwi_mean":null,"health_per_10k":0.0,"built_frac":0.553,"tree_frac":0.398,"canopy_frac_over_3m":0.267,"viirs_mean":55.5,"gdl_hdi":0.936,"gdl_region":"Florida","ghsl_smod":30,"lst_anomaly_c":1.66,"lst_anomaly_c_climrel":0.2075,"worldpop_pop_total":3289.0,"frac_under5":5.1,"frac_elderly_65plus":20.7,"frac_elderly_75plus":7.5,"old_age_dependency_ratio":0.329,"has_data":true},"geometry":{"type":"Polygon","coordinates":[[[-80.227043,25.890375],[-80.226433,25.890393],[-80.219019,25.890684],[-80.210254,25.891031],[-80.209518,25.890899],[-80.209391,25.889262],[-80.209241,25.885619],[-80.20942,25.883802],[-80.210586,25.883735],[-80.214613,25.883581],[-80.218685,25.883418],[-80.226737,25.883098],[-80.226881,25.886722],[-80.227043,25.890375]]]}},{"type":"Feature","properties":{"unit_id":"12086005705","name":"Census Tract 57.05","native_id":"12086005705","source":"census_tract_2025","adm3_name":"Miami-Dade County","adm3_id":"12086","area_sqm":217687,"split":false,"population":5638.0,"days_covered":18,"daytime_peak_f":102.1,"heat_anomaly_f":4.6,"extreme_pct":44.0,"nighttime_stress_f":-4.1,"daytime_peak_f_climrel":0.6814,"heat_anomaly_f_climrel":0.6814,"nighttime_stress_f_climrel":-0.3,"extreme_pct_climrel":1,"ref_daytime_hi_mean":97.5,"ref_daytime_hi_p95":102.7,"rwi_mean":null,"health_per_10k":0.0,"built_frac":0.554,"tree_frac":0.086,"canopy_frac_over_3m":0.131,"viirs_mean":106.2,"gdl_hdi":0.936,"gdl_region":"Florida","ghsl_smod":30,"lst_anomaly_c":-4.01,"lst_anomaly_c_climrel":0,"worldpop_pop_total":4631.0,"frac_under5":4.0,"frac_elderly_65plus":24.2,"frac_elderly_75plus":12.5,"old_age_dependency_ratio":0.377,"has_data":true},"geometry":{"type":"Polygon","coordinates":[[[-80.276399,25.781158],[-80.274274,25.783517],[-80.274254,25.783561],[-80.271976,25.783075],[-80.269647,25.783159],[-80.269581,25.780868],[-80.269538,25.778713],[-80.271918,25.778704],[-80.275357,25.778544],[-80.276396,25.779363],[-80.276399,25.781158]]]}},{"type":"Feature","properties":{"unit_id":"12086001803","name":"Census Tract 18.03","native_id":"12086001803","source":"census_tract_2025","adm3_name":"Miami-Dade County","adm3_id":"12086","area_sqm":1078474,"split":false,"population":3847.0,"days_covered":18,"daytime_peak_f":101.9,"heat_anomaly_f":5.5,"extreme_pct":39.0,"nighttime_stress_f":-3.1,"daytime_peak_f_climrel":0.8322,"heat_anomaly_f_climrel":0.8322,"nighttime_stress_f_climrel":-0.3,"extreme_pct_climrel":0.975,"ref_daytime_hi_mean":96.4,"ref_daytime_hi_p95":101.7,"rwi_mean":null,"health_per_10k":0.0,"built_frac":0.658,"tree_frac":0.221,"canopy_frac_over_3m":0.173,"viirs_mean":94.7,"gdl_hdi":0.936,"gdl_region":"Florida","ghsl_smod":30,"lst_anomaly_c":3.23,"lst_anomaly_c_climrel":0.4037,"worldpop_pop_total":2873.0,"frac_under5":5.0,"frac_elderly_65plus":28.2,"frac_elderly_75plus":13.5,"old_age_dependency_ratio":0.515,"has_data":true},"geometry":{"type":"Polygon","coordinates":[[[-80.240772,25.823939],[-80.236731,25.824042],[-80.232667,25.824177],[-80.232484,25.819494],[-80.232163,25.812038],[-80.236069,25.812062],[-80.240419,25.812307],[-80.240379,25.812817],[-80.240458,25.814662],[-80.240625,25.819276],[-80.240644,25.820217],[-80.240772,25.823939]]]}},{"type":"Feature","properties":{"unit_id":"12086009401","name":"Census Tract 94.01","native_id":"12086009401","source":"census_tract_2025","adm3_name":"Miami-Dade County","adm3_id":"12086","area_sqm":1252451,"split":false,"population":2772.0,"days_covered":18,"daytime_peak_f":102.2,"heat_anomaly_f":5.4,"extreme_pct":33.0,"nighttime_stress_f":-2.9,"daytime_peak_f_climrel":0.8011,"heat_anomaly_f_climrel":0.8011,"nighttime_stress_f_climrel":-0.3,"extreme_pct_climrel":0.825,"ref_daytime_hi_mean":96.9,"ref_daytime_hi_p95":102.4,"rwi_mean":null,"health_per_10k":0.0,"built_frac":0.656,"tree_frac":0.19,"canopy_frac_over_3m":0.17,"viirs_mean":61.7,"gdl_hdi":0.936,"gdl_region":"Florida","ghsl_smod":30,"lst_anomaly_c":0.4,"lst_anomaly_c_climrel":0.05,"worldpop_pop_total":2729.0,"frac_under5":4.5,"frac_elderly_65plus":21.3,"frac_elderly_75plus":7.7,"old_age_dependency_ratio":0.336,"has_data":true},"geometry":{"type":"Polygon","coordinates":[[[-80.253349,25.940633],[-80.245317,25.940953],[-80.244947,25.933654],[-80.244602,25.926441],[-80.248839,25.926137],[-80.252665,25.926003],[-80.252977,25.933377],[-80.253349,25.940633]]]}},{"type":"Feature","properties":{"unit_id":"12086010619","name":"Census Tract 106.19","native_id":"12086010619","source":"census_tract_2025","adm3_name":"Miami-Dade County","adm3_id":"12086","area_sqm":1037881,"split":false,"population":3253.0,"days_covered":18,"daytime_peak_f":101.6,"heat_anomaly_f":5.0,"extreme_pct":44.0,"nighttime_stress_f":-3.3,"daytime_peak_f_climrel":0.7446,"heat_anomaly_f_climrel":0.7446,"nighttime_stress_f_climrel":-0.3,"extreme_pct_climrel":1,"ref_daytime_hi_mean":96.5,"ref_daytime_hi_p95":101.7,"rwi_mean":null,"health_per_10k":12.296341838303103,"built_frac":0.609,"tree_frac":0.049,"canopy_frac_over_3m":0.137,"viirs_mean":52.6,"gdl_hdi":0.936,"gdl_region":"Florida","ghsl_smod":30,"lst_anomaly_c":null,"lst_anomaly_c_climrel":null,"worldpop_pop_total":3099.0,"frac_under5":4.2,"frac_elderly_65plus":13.3,"frac_elderly_75plus":5.6,"old_age_dependency_ratio":0.195,"has_data":true},"geometry":{"type":"Polygon","coordinates":[[[-80.347918,25.570226],[-80.343828,25.57366],[-80.343248,25.574127],[-80.338986,25.577201],[-80.335604,25.578804],[-80.333086,25.579407],[-80.331798,25.579927],[-80.331631,25.574069],[-80.331584,25.570415],[-80.339665,25.570335],[-80.347347,25.570201],[-80.347918,25.570226]]]}},{"type":"Feature","properties":{"unit_id":"12086001209","name":"Census Tract 12.09","native_id":"12086001209","source":"census_tract_2025","adm3_name":"Miami-Dade County","adm3_id":"12086","area_sqm":876904,"split":false,"population":2663.0,"days_covered":18,"daytime_peak_f":102.2,"heat_anomaly_f":5.4,"extreme_pct":33.0,"nighttime_stress_f":-2.9,"daytime_peak_f_climrel":0.8011,"heat_anomaly_f_climrel":0.8011,"nighttime_stress_f_climrel":-0.3,"extreme_pct_climrel":0.825,"ref_daytime_hi_mean":96.9,"ref_daytime_hi_p95":102.4,"rwi_mean":null,"health_per_10k":0.0,"built_frac":0.549,"tree_frac":0.318,"canopy_frac_over_3m":0.199,"viirs_mean":55.1,"gdl_hdi":0.936,"gdl_region":"Florida","ghsl_smod":30,"lst_anomaly_c":1.92,"lst_anomaly_c_climrel":0.24,"worldpop_pop_total":4523.0,"frac_under5":6.0,"frac_elderly_65plus":15.5,"frac_elderly_75plus":4.7,"old_age_dependency_ratio":0.235,"has_data":true},"geometry":{"type":"Polygon","coordinates":[[[-80.17842,25.873936],[-80.173775,25.883986],[-80.167056,25.884169],[-80.166049,25.88467],[-80.166259,25.882701],[-80.166047,25.882641],[-80.167363,25.879627],[-80.168268,25.877582],[-80.168736,25.876732],[-80.170294,25.874815],[-80.17373,25.874729],[-80.175282,25.874456],[-80.17694,25.874023],[-80.17842,25.873936]]]}},{"type":"Feature","properties":{"unit_id":"12086016700","name":"Census Tract 167","native_id":"12086016700","source":"census_tract_2025","adm3_name":"Miami-Dade County","adm3_id":"12086","area_sqm":1456088,"split":false,"population":3915.0,"days_covered":18,"daytime_peak_f":102.4,"heat_anomaly_f":4.6,"extreme_pct":33.0,"nighttime_stress_f":-5.5,"daytime_peak_f_climrel":0.6622,"heat_anomaly_f_climrel":0.6622,"nighttime_stress_f_climrel":-0.3,"extreme_pct_climrel":0.825,"ref_daytime_hi_mean":97.8,"ref_daytime_hi_p95":103.3,"rwi_mean":null,"health_per_10k":0.0,"built_frac":0.711,"tree_frac":0.076,"canopy_frac_over_3m":0.112,"viirs_mean":47.0,"gdl_hdi":0.936,"gdl_region":"Florida","ghsl_smod":30,"lst_anomaly_c":0.76,"lst_anomaly_c_climrel":0.095,"worldpop_pop_total":4983.0,"frac_under5":3.1,"frac_elderly_65plus":25.0,"frac_elderly_75plus":10.8,"old_age_dependency_ratio":0.39,"has_data":true},"geometry":{"type":"Polygon","coordinates":[[[-80.442966,25.707003],[-80.439525,25.710098],[-80.439065,25.711253],[-80.439129,25.713638],[-80.431068,25.713879],[-80.430643,25.703276],[-80.430489,25.699445],[-80.438563,25.699148],[-80.43876,25.70089],[-80.442849,25.704439],[-80.443183,25.70609],[-80.442966,25.707003]]]}},{"type":"Feature","properties":{"unit_id":"12086000221","name":"Census Tract 2.21","native_id":"12086000221","source":"census_tract_2025","adm3_name":"Miami-Dade County","adm3_id":"12086","area_sqm":708763,"split":false,"population":4759.0,"days_covered":18,"daytime_peak_f":102.2,"heat_anomaly_f":5.4,"extreme_pct":33.0,"nighttime_stress_f":-2.9,"daytime_peak_f_climrel":0.8011,"heat_anomaly_f_climrel":0.8011,"nighttime_stress_f_climrel":-0.3,"extreme_pct_climrel":0.825,"ref_daytime_hi_mean":96.9,"ref_daytime_hi_p95":102.4,"rwi_mean":null,"health_per_10k":0.0,"built_frac":0.568,"tree_frac":0.234,"canopy_frac_over_3m":0.186,"viirs_mean":77.2,"gdl_hdi":0.936,"gdl_region":"Florida","ghsl_smod":30,"lst_anomaly_c":1.71,"lst_anomaly_c_climrel":0.2137,"worldpop_pop_total":2110.0,"frac_under5":4.6,"frac_elderly_65plus":20.6,"frac_elderly_75plus":8.2,"old_age_dependency_ratio":0.314,"has_data":true},"geometry":{"type":"Polygon","coordinates":[[[-80.172466,25.936627],[-80.166526,25.936854],[-80.162465,25.937058],[-80.162399,25.935222],[-80.162348,25.934314],[-80.162154,25.929606],[-80.162096,25.928605],[-80.166456,25.928328],[-80.167879,25.929396],[-80.171695,25.93382],[-80.174156,25.936711],[-80.172466,25.936627]]]}},{"type":"Feature","properties":{"unit_id":"12086004207","name":"Census Tract 42.07","native_id":"12086004207","source":"census_tract_2025","adm3_name":"Miami-Dade County","adm3_id":"12086","area_sqm":116888,"split":false,"population":738.0658124413751,"days_covered":18,"daytime_peak_f":102.9,"heat_anomaly_f":6.1,"extreme_pct":44.0,"nighttime_stress_f":-3.1,"daytime_peak_f_climrel":0.9278,"heat_anomaly_f_climrel":0.9278,"nighttime_stress_f_climrel":-0.3,"extreme_pct_climrel":1,"ref_daytime_hi_mean":96.9,"ref_daytime_hi_p95":102.1,"rwi_mean":null,"health_per_10k":0.0,"built_frac":0.836,"tree_frac":0.049,"canopy_frac_over_3m":0.195,"viirs_mean":124.5,"gdl_hdi":0.936,"gdl_region":"Florida","ghsl_smod":30,"lst_anomaly_c":-2.9,"lst_anomaly_c_climrel":0,"worldpop_pop_total":1389.0,"frac_under5":3.4,"frac_elderly_65plus":9.7,"frac_elderly_75plus":3.9,"old_age_dependency_ratio":0.121,"has_data":true},"geometry":{"type":"Polygon","coordinates":[[[-80.145192,25.7885],[-80.145025,25.788884],[-80.143573,25.788854],[-80.14116,25.788899],[-80.141123,25.78734],[-80.143545,25.787301],[-80.143522,25.785124],[-80.144406,25.785094],[-80.145743,25.787629],[-80.145192,25.7885]]]}},{"type":"Feature","properties":{"unit_id":"12086006714","name":"Census Tract 67.14","native_id":"12086006714","source":"census_tract_2025","adm3_name":"Miami-Dade County","adm3_id":"12086","area_sqm":112216,"split":false,"population":1347.1590330961556,"days_covered":18,"daytime_peak_f":101.9,"heat_anomaly_f":5.5,"extreme_pct":39.0,"nighttime_stress_f":-3.1,"daytime_peak_f_climrel":0.8322,"heat_anomaly_f_climrel":0.8322,"nighttime_stress_f_climrel":-0.3,"extreme_pct_climrel":0.975,"ref_daytime_hi_mean":96.4,"ref_daytime_hi_p95":101.7,"rwi_mean":null,"health_per_10k":0.0,"built_frac":0.944,"tree_frac":0.029,"canopy_frac_over_3m":0.205,"viirs_mean":121.1,"gdl_hdi":0.936,"gdl_region":"Florida","ghsl_smod":30,"lst_anomaly_c":-4.46,"lst_anomaly_c_climrel":0,"worldpop_pop_total":2963.0,"frac_under5":3.3,"frac_elderly_65plus":21.1,"frac_elderly_75plus":9.7,"old_age_dependency_ratio":0.295,"has_data":true},"geometry":{"type":"Polygon","coordinates":[[[-80.192443,25.759441],[-80.192184,25.760348],[-80.189171,25.759673],[-80.188926,25.758382],[-80.189155,25.757744],[-80.190048,25.75688],[-80.190795,25.756792],[-80.192879,25.758009],[-80.192443,25.759441]]]}},{"type":"Feature","properties":{"unit_id":"12086008702","name":"Census Tract 87.02","native_id":"12086008702","source":"census_tract_2025","adm3_name":"Miami-Dade County","adm3_id":"12086","area_sqm":2141055,"split":false,"population":5988.0,"days_covered":18,"daytime_peak_f":102.4,"heat_anomaly_f":4.6,"extreme_pct":33.0,"nighttime_stress_f":-5.5,"daytime_peak_f_climrel":0.6622,"heat_anomaly_f_climrel":0.6622,"nighttime_stress_f_climrel":-0.3,"extreme_pct_climrel":0.825,"ref_daytime_hi_mean":97.8,"ref_daytime_hi_p95":103.3,"rwi_mean":null,"health_per_10k":0.0,"built_frac":0.727,"tree_frac":0.069,"canopy_frac_over_3m":0.106,"viirs_mean":44.6,"gdl_hdi":0.936,"gdl_region":"Florida","ghsl_smod":30,"lst_anomaly_c":0.97,"lst_anomaly_c_climrel":0.1212,"worldpop_pop_total":6043.0,"frac_under5":3.7,"frac_elderly_65plus":27.1,"frac_elderly_75plus":14.0,"old_age_dependency_ratio":0.447,"has_data":true},"geometry":{"type":"Polygon","coordinates":[[[-80.375694,25.732175],[-80.373702,25.732206],[-80.367778,25.732308],[-80.363777,25.732405],[-80.359765,25.732522],[-80.359239,25.723074],[-80.358887,25.715757],[-80.366908,25.715442],[-80.367296,25.722707],[-80.368587,25.723119],[-80.375292,25.723038],[-80.37548,25.727192],[-80.375694,25.732175]]]}},{"type":"Feature","properties":{"unit_id":"12086008808","name":"Census Tract 88.08","native_id":"12086008808","source":"census_tract_2025","adm3_name":"Miami-Dade County","adm3_id":"12086","area_sqm":1294033,"split":false,"population":3558.0,"days_covered":18,"daytime_peak_f":102.4,"heat_anomaly_f":4.6,"extreme_pct":33.0,"nighttime_stress_f":-5.5,"daytime_peak_f_climrel":0.6622,"heat_anomaly_f_climrel":0.6622,"nighttime_stress_f_climrel":-0.3,"extreme_pct_climrel":0.825,"ref_daytime_hi_mean":97.8,"ref_daytime_hi_p95":103.3,"rwi_mean":null,"health_per_10k":2.810567734682406,"built_frac":0.801,"tree_frac":0.072,"canopy_frac_over_3m":0.101,"viirs_mean":66.7,"gdl_hdi":0.936,"gdl_region":"Florida","ghsl_smod":30,"lst_anomaly_c":1.8,"lst_anomaly_c_climrel":0.225,"worldpop_pop_total":4413.0,"frac_under5":3.7,"frac_elderly_65plus":27.6,"frac_elderly_75plus":13.8,"old_age_dependency_ratio":0.453,"has_data":true},"geometry":{"type":"Polygon","coordinates":[[[-80.367718,25.739572],[-80.363741,25.739668],[-80.359745,25.739784],[-80.356333,25.739845],[-80.351695,25.739959],[-80.351736,25.732711],[-80.359765,25.732522],[-80.363777,25.732405],[-80.367778,25.732308],[-80.367718,25.739572]]]}},{"type":"Feature","properties":{"unit_id":"12086012301","name":"Census Tract 123.01","native_id":"12086012301","source":"census_tract_2025","adm3_name":"Miami-Dade County","adm3_id":"12086","area_sqm":558255,"split":false,"population":2252.0,"days_covered":18,"daytime_peak_f":103.3,"heat_anomaly_f":5.4,"extreme_pct":33.0,"nighttime_stress_f":-5.5,"daytime_peak_f_climrel":0.7702,"heat_anomaly_f_climrel":0.7702,"nighttime_stress_f_climrel":-0.3,"extreme_pct_climrel":0.825,"ref_daytime_hi_mean":97.9,"ref_daytime_hi_p95":103.4,"rwi_mean":null,"health_per_10k":0.0,"built_frac":0.646,"tree_frac":0.108,"canopy_frac_over_3m":0.162,"viirs_mean":35.0,"gdl_hdi":0.936,"gdl_region":"Florida","ghsl_smod":30,"lst_anomaly_c":-1.89,"lst_anomaly_c_climrel":0,"worldpop_pop_total":2518.0,"frac_under5":3.8,"frac_elderly_65plus":16.4,"frac_elderly_75plus":6.0,"old_age_dependency_ratio":0.237,"has_data":true},"geometry":{"type":"Polygon","coordinates":[[[-80.342859,25.954835],[-80.340043,25.957117],[-80.339101,25.957078],[-80.333248,25.957097],[-80.333286,25.956001],[-80.334858,25.955603],[-80.334647,25.949616],[-80.342635,25.94959],[-80.342859,25.954835]]]}},{"type":"Feature","properties":{"unit_id":"12086007805","name":"Census Tract 78.05","native_id":"12086007805","source":"census_tract_2025","adm3_name":"Miami-Dade County","adm3_id":"12086","area_sqm":3473316,"split":false,"population":3378.0,"days_covered":18,"daytime_peak_f":102.2,"heat_anomaly_f":5.2,"extreme_pct":28.0,"nighttime_stress_f":-3.6,"daytime_peak_f_climrel":0.7489,"heat_anomaly_f_climrel":0.7489,"nighttime_stress_f_climrel":-0.3,"extreme_pct_climrel":0.7,"ref_daytime_hi_mean":97.0,"ref_daytime_hi_p95":102.0,"rwi_mean":null,"health_per_10k":0.0,"built_frac":0.38,"tree_frac":0.487,"canopy_frac_over_3m":0.351,"viirs_mean":46.4,"gdl_hdi":0.936,"gdl_region":"Florida","ghsl_smod":30,"lst_anomaly_c":-0.64,"lst_anomaly_c_climrel":0,"worldpop_pop_total":5571.0,"frac_under5":4.3,"frac_elderly_65plus":24.0,"frac_elderly_75plus":10.5,"old_age_dependency_ratio":0.386,"has_data":true},"geometry":{"type":"Polygon","coordinates":[[[-80.335547,25.68799],[-80.33354,25.688077],[-80.33367,25.691782],[-80.321525,25.692263],[-80.321367,25.68843],[-80.323433,25.688371],[-80.323246,25.682956],[-80.323071,25.677486],[-80.32291,25.673801],[-80.320185,25.673866],[-80.323627,25.666401],[-80.334895,25.66605],[-80.335133,25.673462],[-80.335254,25.677161],[-80.335438,25.682611],[-80.335547,25.68799]]]}},{"type":"Feature","properties":{"unit_id":"12086000907","name":"Census Tract 9.07","native_id":"12086000907","source":"census_tract_2025","adm3_name":"Miami-Dade County","adm3_id":"12086","area_sqm":504354,"split":false,"population":1157.0,"days_covered":18,"daytime_peak_f":102.2,"heat_anomaly_f":5.4,"extreme_pct":33.0,"nighttime_stress_f":-2.9,"daytime_peak_f_climrel":0.8011,"heat_anomaly_f_climrel":0.8011,"nighttime_stress_f_climrel":-0.3,"extreme_pct_climrel":0.825,"ref_daytime_hi_mean":96.9,"ref_daytime_hi_p95":102.4,"rwi_mean":null,"health_per_10k":0.0,"built_frac":0.82,"tree_frac":0.133,"canopy_frac_over_3m":0.211,"viirs_mean":64.0,"gdl_hdi":0.936,"gdl_region":"Florida","ghsl_smod":30,"lst_anomaly_c":2.5,"lst_anomaly_c_climrel":0.3125,"worldpop_pop_total":2173.0,"frac_under5":3.3,"frac_elderly_65plus":25.1,"frac_elderly_75plus":10.5,"old_age_dependency_ratio":0.394,"has_data":true},"geometry":{"type":"Polygon","coordinates":[[[-80.250921,25.871067],[-80.242616,25.871387],[-80.242484,25.868172],[-80.242443,25.865792],[-80.250685,25.865483],[-80.25078,25.867789],[-80.250921,25.871067]]]}},{"type":"Feature","properties":{"unit_id":"12086001705","name":"Census Tract 17.05","native_id":"12086001705","source":"census_tract_2025","adm3_name":"Miami-Dade County","adm3_id":"12086","area_sqm":1285830,"split":false,"population":865.0,"days_covered":18,"daytime_peak_f":102.1,"heat_anomaly_f":4.6,"extreme_pct":44.0,"nighttime_stress_f":-4.1,"daytime_peak_f_climrel":0.6814,"heat_anomaly_f_climrel":0.6814,"nighttime_stress_f_climrel":-0.3,"extreme_pct_climrel":1,"ref_daytime_hi_mean":97.5,"ref_daytime_hi_p95":102.7,"rwi_mean":null,"health_per_10k":0.0,"built_frac":0.871,"tree_frac":0.032,"canopy_frac_over_3m":0.071,"viirs_mean":138.0,"gdl_hdi":0.936,"gdl_region":"Florida","ghsl_smod":30,"lst_anomaly_c":1.57,"lst_anomaly_c_climrel":0.1963,"worldpop_pop_total":2472.0,"frac_under5":5.9,"frac_elderly_65plus":17.8,"frac_elderly_75plus":7.0,"old_age_dependency_ratio":0.27,"has_data":true},"geometry":{"type":"Polygon","coordinates":[[[-80.258506,25.809632],[-80.255863,25.810716],[-80.249849,25.812032],[-80.24848,25.812206],[-80.248378,25.809236],[-80.248375,25.808843],[-80.246328,25.808905],[-80.24631,25.808438],[-80.246277,25.807053],[-80.24619,25.804287],[-80.246032,25.798248],[-80.24588,25.797751],[-80.245118,25.797049],[-80.240256,25.79427],[-80.242058,25.794225],[-80.244241,25.795341],[-80.258426,25.805959],[-80.25845,25.807188],[-80.258504,25.809003],[-80.258506,25.809632]]]}},{"type":"Feature","properties":{"unit_id":"12086014500","name":"Census Tract 145","native_id":"12086014500","source":"census_tract_2025","adm3_name":"Miami-Dade County","adm3_id":"12086","area_sqm":2860861,"split":false,"population":6640.0,"days_covered":18,"daytime_peak_f":102.3,"heat_anomaly_f":4.1,"extreme_pct":33.0,"nighttime_stress_f":-5.1,"daytime_peak_f_climrel":0.6155,"heat_anomaly_f_climrel":0.6155,"nighttime_stress_f_climrel":-0.3,"extreme_pct_climrel":0.825,"ref_daytime_hi_mean":98.1,"ref_daytime_hi_p95":103.4,"rwi_mean":null,"health_per_10k":0.0,"built_frac":0.631,"tree_frac":0.142,"canopy_frac_over_3m":0.136,"viirs_mean":56.6,"gdl_hdi":0.936,"gdl_region":"Florida","ghsl_smod":30,"lst_anomaly_c":-2.14,"lst_anomaly_c_climrel":0,"worldpop_pop_total":5006.0,"frac_under5":2.8,"frac_elderly_65plus":28.1,"frac_elderly_75plus":12.9,"old_age_dependency_ratio":0.464,"has_data":true},"geometry":{"type":"Polygon","coordinates":[[[-80.417132,25.768867],[-80.408997,25.769151],[-80.400936,25.76938],[-80.39295,25.769661],[-80.387129,25.769862],[-80.38686,25.768145],[-80.385716,25.768151],[-80.385485,25.761004],[-80.392767,25.760984],[-80.400788,25.760969],[-80.403721,25.760981],[-80.408834,25.760966],[-80.409831,25.760957],[-80.416897,25.760928],[-80.41703,25.76094],[-80.417132,25.768867]]]}},{"type":"Feature","properties":{"unit_id":"12086016200","name":"Census Tract 162","native_id":"12086016200","source":"census_tract_2025","adm3_name":"Miami-Dade County","adm3_id":"12086","area_sqm":998254,"split":false,"population":1286.0,"days_covered":18,"daytime_peak_f":102.4,"heat_anomaly_f":4.6,"extreme_pct":33.0,"nighttime_stress_f":-5.5,"daytime_peak_f_climrel":0.6622,"heat_anomaly_f_climrel":0.6622,"nighttime_stress_f_climrel":-0.3,"extreme_pct_climrel":0.825,"ref_daytime_hi_mean":97.8,"ref_daytime_hi_p95":103.3,"rwi_mean":null,"health_per_10k":0.0,"built_frac":0.491,"tree_frac":0.193,"canopy_frac_over_3m":0.154,"viirs_mean":35.8,"gdl_hdi":0.936,"gdl_region":"Florida","ghsl_smod":30,"lst_anomaly_c":-0.47,"lst_anomaly_c_climrel":0,"worldpop_pop_total":3480.0,"frac_under5":3.6,"frac_elderly_65plus":25.9,"frac_elderly_75plus":10.8,"old_age_dependency_ratio":0.418,"has_data":true},"geometry":{"type":"Polygon","coordinates":[[[-80.44465,25.720773],[-80.442892,25.721792],[-80.442514,25.725477],[-80.439435,25.726371],[-80.439695,25.728287],[-80.431662,25.728577],[-80.431339,25.721194],[-80.434711,25.721403],[-80.435257,25.7212],[-80.434848,25.719504],[-80.438761,25.718097],[-80.441192,25.715838],[-80.443601,25.715388],[-80.443096,25.718905],[-80.444892,25.719387],[-80.44465,25.720773]]]}},{"type":"Feature","properties":{"unit_id":"12086000508","name":"Census Tract 5.08","native_id":"12086000508","source":"census_tract_2025","adm3_name":"Miami-Dade County","adm3_id":"12086","area_sqm":5715189,"split":false,"population":14465.0,"days_covered":18,"daytime_peak_f":102.6,"heat_anomaly_f":4.5,"extreme_pct":28.0,"nighttime_stress_f":-4.7,"daytime_peak_f_climrel":0.6666,"heat_anomaly_f_climrel":0.6666,"nighttime_stress_f_climrel":-0.3,"extreme_pct_climrel":0.7,"ref_daytime_hi_mean":98.0,"ref_daytime_hi_p95":103.2,"rwi_mean":null,"health_per_10k":0.691323885240235,"built_frac":0.787,"tree_frac":0.04,"canopy_frac_over_3m":0.074,"viirs_mean":90.6,"gdl_hdi":0.936,"gdl_region":"Florida","ghsl_smod":30,"lst_anomaly_c":3.53,"lst_anomaly_c_climrel":0.4412,"worldpop_pop_total":4865.0,"frac_under5":9.0,"frac_elderly_65plus":11.8,"frac_elderly_75plus":4.6,"old_age_dependency_ratio":0.191,"has_data":true},"geometry":{"type":"Polygon","coordinates":[[[-80.267197,25.88184],[-80.260375,25.882032],[-80.260395,25.883121],[-80.260542,25.891107],[-80.260258,25.893451],[-80.2583,25.896723],[-80.251733,25.89696],[-80.24362,25.897269],[-80.243467,25.893699],[-80.243332,25.890149],[-80.243073,25.882834],[-80.242616,25.871387],[-80.250921,25.871067],[-80.259052,25.870702],[-80.260293,25.870663],[-80.266869,25.870473],[-80.266974,25.874592],[-80.267197,25.88184]]]}},{"type":"Feature","properties":{"unit_id":"12086007601","name":"Census Tract 76.01","native_id":"12086007601","source":"census_tract_2025","adm3_name":"Miami-Dade County","adm3_id":"12086","area_sqm":1392211,"split":false,"population":2651.0,"days_covered":18,"daytime_peak_f":102.2,"heat_anomaly_f":5.2,"extreme_pct":28.0,"nighttime_stress_f":-3.6,"daytime_peak_f_climrel":0.7489,"heat_anomaly_f_climrel":0.7489,"nighttime_stress_f_climrel":-0.3,"extreme_pct_climrel":0.7,"ref_daytime_hi_mean":97.0,"ref_daytime_hi_p95":102.0,"rwi_mean":null,"health_per_10k":3.7721614485099964,"built_frac":0.358,"tree_frac":0.58,"canopy_frac_over_3m":0.384,"viirs_mean":36.3,"gdl_hdi":0.936,"gdl_region":"Florida","ghsl_smod":30,"lst_anomaly_c":-0.88,"lst_anomaly_c_climrel":0,"worldpop_pop_total":2966.0,"frac_under5":4.4,"frac_elderly_65plus":21.7,"frac_elderly_75plus":9.2,"old_age_dependency_ratio":0.343,"has_data":true},"geometry":{"type":"Polygon","coordinates":[[[-80.294692,25.733715],[-80.293698,25.73377],[-80.293064,25.733792],[-80.290595,25.733873],[-80.28652,25.73404],[-80.286397,25.73122],[-80.286266,25.727974],[-80.28622,25.726483],[-80.286139,25.724751],[-80.286102,25.723509],[-80.286049,25.722723],[-80.286056,25.722251],[-80.285994,25.720843],[-80.285887,25.718163],[-80.287944,25.718095],[-80.287973,25.71884],[-80.294106,25.718614],[-80.294394,25.726203],[-80.294547,25.729977],[-80.294692,25.733715]]]}},{"type":"Feature","properties":{"unit_id":"12086003006","name":"Census Tract 30.06","native_id":"12086003006","source":"census_tract_2025","adm3_name":"Miami-Dade County","adm3_id":"12086","area_sqm":653932,"split":false,"population":3388.0,"days_covered":18,"daytime_peak_f":101.9,"heat_anomaly_f":5.5,"extreme_pct":39.0,"nighttime_stress_f":-3.1,"daytime_peak_f_climrel":0.8322,"heat_anomaly_f_climrel":0.8322,"nighttime_stress_f_climrel":-0.3,"extreme_pct_climrel":0.975,"ref_daytime_hi_mean":96.4,"ref_daytime_hi_p95":101.7,"rwi_mean":null,"health_per_10k":0.0,"built_frac":0.812,"tree_frac":0.111,"canopy_frac_over_3m":0.154,"viirs_mean":106.1,"gdl_hdi":0.936,"gdl_region":"Florida","ghsl_smod":30,"lst_anomaly_c":0.7,"lst_anomaly_c_climrel":0.0875,"worldpop_pop_total":5140.0,"frac_under5":5.3,"frac_elderly_65plus":17.1,"frac_elderly_75plus":7.4,"old_age_dependency_ratio":0.258,"has_data":true},"geometry":{"type":"Polygon","coordinates":[[[-80.231475,25.79452],[-80.227386,25.794648],[-80.223257,25.794741],[-80.223211,25.791938],[-80.223058,25.788085],[-80.222992,25.787152],[-80.222962,25.785513],[-80.229595,25.787524],[-80.23134,25.788796],[-80.231395,25.790866],[-80.231475,25.79452]]]}},{"type":"Feature","properties":{"unit_id":"12086009026","name":"Census Tract 90.26","native_id":"12086009026","source":"census_tract_2025","adm3_name":"Miami-Dade County","adm3_id":"12086","area_sqm":216894,"split":false,"population":854.5719115701114,"days_covered":18,"daytime_peak_f":102.1,"heat_anomaly_f":4.6,"extreme_pct":44.0,"nighttime_stress_f":-4.1,"daytime_peak_f_climrel":0.6814,"heat_anomaly_f_climrel":0.6814,"nighttime_stress_f_climrel":-0.3,"extreme_pct_climrel":1,"ref_daytime_hi_mean":97.5,"ref_daytime_hi_p95":102.7,"rwi_mean":null,"health_per_10k":0.0,"built_frac":0.709,"tree_frac":0.05,"canopy_frac_over_3m":0.125,"viirs_mean":113.9,"gdl_hdi":0.936,"gdl_region":"Florida","ghsl_smod":30,"lst_anomaly_c":-1.81,"lst_anomaly_c_climrel":0,"worldpop_pop_total":2068.0,"frac_under5":3.3,"frac_elderly_65plus":23.5,"frac_elderly_75plus":10.2,"old_age_dependency_ratio":0.357,"has_data":true},"geometry":{"type":"Polygon","coordinates":[[[-80.340353,25.774523],[-80.3404,25.777693],[-80.338968,25.777693],[-80.336706,25.778168],[-80.336693,25.77755],[-80.336674,25.776575],[-80.336537,25.773207],[-80.336426,25.769605],[-80.33727,25.76958],[-80.337309,25.771436],[-80.337662,25.773161],[-80.33806,25.773097],[-80.339807,25.772412],[-80.341018,25.773305],[-80.340353,25.774523]]]}},{"type":"Feature","properties":{"unit_id":"12086012103","name":"Census Tract 121.03","native_id":"12086012103","source":"census_tract_2025","adm3_name":"Miami-Dade County","adm3_id":"12086","area_sqm":247805,"split":false,"population":4855.0,"days_covered":18,"daytime_peak_f":102.6,"heat_anomaly_f":4.5,"extreme_pct":28.0,"nighttime_stress_f":-4.7,"daytime_peak_f_climrel":0.6666,"heat_anomaly_f_climrel":0.6666,"nighttime_stress_f_climrel":-0.3,"extreme_pct_climrel":0.7,"ref_daytime_hi_mean":98.0,"ref_daytime_hi_p95":103.2,"rwi_mean":null,"health_per_10k":0.0,"built_frac":0.573,"tree_frac":0.066,"canopy_frac_over_3m":0.121,"viirs_mean":79.3,"gdl_hdi":0.936,"gdl_region":"Florida","ghsl_smod":30,"lst_anomaly_c":1.63,"lst_anomaly_c_climrel":0.2037,"worldpop_pop_total":1481.0,"frac_under5":6.0,"frac_elderly_65plus":9.5,"frac_elderly_75plus":2.9,"old_age_dependency_ratio":0.131,"has_data":true},"geometry":{"type":"Polygon","coordinates":[[[-80.32055,25.939363],[-80.320065,25.939238],[-80.320363,25.937937],[-80.319597,25.937256],[-80.317273,25.937176],[-80.314976,25.934773],[-80.315158,25.934199],[-80.316685,25.934491],[-80.317293,25.933104],[-80.317628,25.932913],[-80.322325,25.933588],[-80.32055,25.939363]]]}},{"type":"Feature","properties":{"unit_id":"12086007603","name":"Census Tract 76.03","native_id":"12086007603","source":"census_tract_2025","adm3_name":"Miami-Dade County","adm3_id":"12086","area_sqm":1287100,"split":false,"population":4242.0,"days_covered":18,"daytime_peak_f":102.2,"heat_anomaly_f":5.2,"extreme_pct":28.0,"nighttime_stress_f":-3.6,"daytime_peak_f_climrel":0.7489,"heat_anomaly_f_climrel":0.7489,"nighttime_stress_f_climrel":-0.3,"extreme_pct_climrel":0.7,"ref_daytime_hi_mean":97.0,"ref_daytime_hi_p95":102.0,"rwi_mean":null,"health_per_10k":2.3573785950023574,"built_frac":0.603,"tree_frac":0.353,"canopy_frac_over_3m":0.272,"viirs_mean":67.5,"gdl_hdi":0.936,"gdl_region":"Florida","ghsl_smod":30,"lst_anomaly_c":0.05,"lst_anomaly_c_climrel":0.0063,"worldpop_pop_total":3355.0,"frac_under5":3.0,"frac_elderly_65plus":19.2,"frac_elderly_75plus":9.1,"old_age_dependency_ratio":0.273,"has_data":true},"geometry":{"type":"Polygon","coordinates":[[[-80.294106,25.718614],[-80.287973,25.71884],[-80.287944,25.718095],[-80.285887,25.718163],[-80.285792,25.715316],[-80.28567,25.711738],[-80.285515,25.707511],[-80.285398,25.704445],[-80.290092,25.704277],[-80.290402,25.704279],[-80.293405,25.704137],[-80.293761,25.711309],[-80.294106,25.718614]]]}},{"type":"Feature","properties":{"unit_id":"12086010610","name":"Census Tract 106.10","native_id":"12086010610","source":"census_tract_2025","adm3_name":"Miami-Dade County","adm3_id":"12086","area_sqm":3066254,"split":false,"population":4565.0,"days_covered":18,"daytime_peak_f":101.6,"heat_anomaly_f":5.0,"extreme_pct":44.0,"nighttime_stress_f":-3.3,"daytime_peak_f_climrel":0.7446,"heat_anomaly_f_climrel":0.7446,"nighttime_stress_f_climrel":-0.3,"extreme_pct_climrel":1,"ref_daytime_hi_mean":96.5,"ref_daytime_hi_p95":101.7,"rwi_mean":null,"health_per_10k":0.0,"built_frac":0.473,"tree_frac":0.299,"canopy_frac_over_3m":0.294,"viirs_mean":25.9,"gdl_hdi":0.936,"gdl_region":"Florida","ghsl_smod":30,"lst_anomaly_c":-0.31,"lst_anomaly_c_climrel":0,"worldpop_pop_total":5925.0,"frac_under5":3.9,"frac_elderly_65plus":30.6,"frac_elderly_75plus":16.9,"old_age_dependency_ratio":0.554,"has_data":true},"geometry":{"type":"Polygon","coordinates":[[[-80.332067,25.599178],[-80.323881,25.599387],[-80.31617,25.599562],[-80.318779,25.5952],[-80.323067,25.588804],[-80.325871,25.585413],[-80.317403,25.585059],[-80.317354,25.581457],[-80.315749,25.581296],[-80.315651,25.577625],[-80.317617,25.577586],[-80.318123,25.575043],[-80.326543,25.575087],[-80.326953,25.576709],[-80.327657,25.577685],[-80.331798,25.579927],[-80.331902,25.585715],[-80.331981,25.588743],[-80.331971,25.592377],[-80.332067,25.599178]]]}},{"type":"Feature","properties":{"unit_id":"12086012802","name":"Census Tract 128.02","native_id":"12086012802","source":"census_tract_2025","adm3_name":"Miami-Dade County","adm3_id":"12086","area_sqm":2172619,"split":false,"population":8837.0,"days_covered":18,"daytime_peak_f":102.6,"heat_anomaly_f":4.5,"extreme_pct":28.0,"nighttime_stress_f":-4.7,"daytime_peak_f_climrel":0.6666,"heat_anomaly_f_climrel":0.6666,"nighttime_stress_f_climrel":-0.3,"extreme_pct_climrel":0.7,"ref_daytime_hi_mean":98.0,"ref_daytime_hi_p95":103.2,"rwi_mean":null,"health_per_10k":1.1316057485572026,"built_frac":0.456,"tree_frac":0.195,"canopy_frac_over_3m":0.221,"viirs_mean":72.9,"gdl_hdi":0.936,"gdl_region":"Florida","ghsl_smod":30,"lst_anomaly_c":-0.88,"lst_anomaly_c_climrel":0,"worldpop_pop_total":4102.0,"frac_under5":4.7,"frac_elderly_65plus":20.7,"frac_elderly_75plus":8.9,"old_age_dependency_ratio":0.32,"has_data":true},"geometry":{"type":"Polygon","coordinates":[[[-80.341019,25.913244],[-80.337379,25.913209],[-80.333031,25.913306],[-80.324858,25.913311],[-80.324373,25.906064],[-80.324268,25.89875],[-80.331766,25.898751],[-80.340366,25.898927],[-80.34047,25.902142],[-80.340525,25.903386],[-80.341019,25.913244]]]}},{"type":"Feature","properties":{"unit_id":"12086014602","name":"Census Tract 146.02","native_id":"12086014602","source":"census_tract_2025","adm3_name":"Miami-Dade County","adm3_id":"12086","area_sqm":641208,"split":false,"population":2246.0,"days_covered":18,"daytime_peak_f":102.3,"heat_anomaly_f":4.1,"extreme_pct":33.0,"nighttime_stress_f":-5.1,"daytime_peak_f_climrel":0.6155,"heat_anomaly_f_climrel":0.6155,"nighttime_stress_f_climrel":-0.3,"extreme_pct_climrel":0.825,"ref_daytime_hi_mean":98.1,"ref_daytime_hi_p95":103.4,"rwi_mean":null,"health_per_10k":8.904719501335707,"built_frac":0.821,"tree_frac":0.04,"canopy_frac_over_3m":0.072,"viirs_mean":85.7,"gdl_hdi":0.936,"gdl_region":"Florida","ghsl_smod":30,"lst_anomaly_c":1.9,"lst_anomaly_c_climrel":0.2375,"worldpop_pop_total":4072.0,"frac_under5":3.3,"frac_elderly_65plus":24.7,"frac_elderly_75plus":10.4,"old_age_dependency_ratio":0.39,"has_data":true},"geometry":{"type":"Polygon","coordinates":[[[-80.392767,25.760984],[-80.385485,25.761004],[-80.38525,25.754998],[-80.385092,25.751791],[-80.386999,25.751727],[-80.390366,25.751637],[-80.390562,25.754436],[-80.39075,25.75493],[-80.391012,25.755455],[-80.392469,25.757295],[-80.392673,25.758722],[-80.392767,25.760984]]]}},{"type":"Feature","properties":{"unit_id":"12086981300","name":"Census Tract 9813","native_id":"12086981300","source":"census_tract_2025","adm3_name":"Miami-Dade County","adm3_id":"12086","area_sqm":6966560,"split":false,"population":4662.0,"days_covered":18,"daytime_peak_f":102.5,"heat_anomaly_f":4.0,"extreme_pct":28.0,"nighttime_stress_f":-7.5,"daytime_peak_f_climrel":0.5775,"heat_anomaly_f_climrel":0.5775,"nighttime_stress_f_climrel":-0.3,"extreme_pct_climrel":0.7,"ref_daytime_hi_mean":98.6,"ref_daytime_hi_p95":103.5,"rwi_mean":null,"health_per_10k":0.0,"built_frac":0.068,"tree_frac":0.059,"canopy_frac_over_3m":0.181,"viirs_mean":15.9,"gdl_hdi":0.936,"gdl_region":"Florida","ghsl_smod":11,"lst_anomaly_c":-3.81,"lst_anomaly_c_climrel":0,"worldpop_pop_total":4183.0,"frac_under5":0.2,"frac_elderly_65plus":7.9,"frac_elderly_75plus":0.8,"old_age_dependency_ratio":0.086,"has_data":true},"geometry":{"type":"Polygon","coordinates":[[[-80.49842,25.76103],[-80.484406,25.761028],[-80.481366,25.760864],[-80.473041,25.760834],[-80.472721,25.752588],[-80.472473,25.745333],[-80.480709,25.745041],[-80.480034,25.727357],[-80.480025,25.727094],[-80.481651,25.727084],[-80.48191,25.73158],[-80.494146,25.73158],[-80.493924,25.727011],[-80.497039,25.726973],[-80.49842,25.76103]]]}},{"type":"Feature","properties":{"unit_id":"12086000506","name":"Census Tract 5.06","native_id":"12086000506","source":"census_tract_2025","adm3_name":"Miami-Dade County","adm3_id":"12086","area_sqm":958937,"split":false,"population":1461.0,"days_covered":18,"daytime_peak_f":102.2,"heat_anomaly_f":5.4,"extreme_pct":33.0,"nighttime_stress_f":-2.9,"daytime_peak_f_climrel":0.8011,"heat_anomaly_f_climrel":0.8011,"nighttime_stress_f_climrel":-0.3,"extreme_pct_climrel":0.825,"ref_daytime_hi_mean":96.9,"ref_daytime_hi_p95":102.4,"rwi_mean":null,"health_per_10k":0.0,"built_frac":0.724,"tree_frac":0.175,"canopy_frac_over_3m":0.152,"viirs_mean":57.0,"gdl_hdi":0.936,"gdl_region":"Florida","ghsl_smod":30,"lst_anomaly_c":3.12,"lst_anomaly_c_climrel":0.39,"worldpop_pop_total":3052.0,"frac_under5":5.8,"frac_elderly_65plus":22.3,"frac_elderly_75plus":10.0,"old_age_dependency_ratio":0.37,"has_data":true},"geometry":{"type":"Polygon","coordinates":[[[-80.252665,25.926003],[-80.248839,25.926137],[-80.244602,25.926441],[-80.244456,25.92023],[-80.244309,25.915448],[-80.252233,25.915171],[-80.25226,25.915928],[-80.252665,25.926003]]]}},{"type":"Feature","properties":{"unit_id":"12086000115","name":"Census Tract 1.15","native_id":"12086000115","source":"census_tract_2025","adm3_name":"Miami-Dade County","adm3_id":"12086","area_sqm":1070174,"split":false,"population":4372.0,"days_covered":18,"daytime_peak_f":100.4,"heat_anomaly_f":3.5,"extreme_pct":17.0,"nighttime_stress_f":-2.0,"daytime_peak_f_climrel":0.5167,"heat_anomaly_f_climrel":0.5167,"nighttime_stress_f_climrel":-0.2713,"extreme_pct_climrel":0.425,"ref_daytime_hi_mean":96.9,"ref_daytime_hi_p95":102.3,"rwi_mean":null,"health_per_10k":0.0,"built_frac":0.564,"tree_frac":0.093,"canopy_frac_over_3m":0.222,"viirs_mean":61.9,"gdl_hdi":0.936,"gdl_region":"Florida","ghsl_smod":30,"lst_anomaly_c":-3.49,"lst_anomaly_c_climrel":0,"worldpop_pop_total":3475.0,"frac_under5":4.0,"frac_elderly_65plus":22.8,"frac_elderly_75plus":10.4,"old_age_dependency_ratio":0.37,"has_data":true},"geometry":{"type":"Polygon","coordinates":[[[-80.125492,25.955613],[-80.125138,25.957027],[-80.124275,25.958434],[-80.124105,25.959378],[-80.123766,25.961908],[-80.123987,25.963174],[-80.12356,25.9675],[-80.123671,25.969709],[-80.123309,25.975103],[-80.119465,25.9752],[-80.1178961449456,25.9752479199449],[-80.118009,25.973158],[-80.1181870675138,25.9680506488257],[-80.1185673719107,25.9571427180807],[-80.1186787266245,25.953948830457],[-80.120648,25.953645],[-80.124065,25.953746],[-80.125875,25.954126],[-80.125492,25.955613]]]}},{"type":"Feature","properties":{"unit_id":"12086000808","name":"Census Tract 8.08","native_id":"12086000808","source":"census_tract_2025","adm3_name":"Miami-Dade County","adm3_id":"12086","area_sqm":845839,"split":false,"population":2398.0,"days_covered":18,"daytime_peak_f":102.1,"heat_anomaly_f":4.6,"extreme_pct":44.0,"nighttime_stress_f":-4.1,"daytime_peak_f_climrel":0.6814,"heat_anomaly_f_climrel":0.6814,"nighttime_stress_f_climrel":-0.3,"extreme_pct_climrel":1,"ref_daytime_hi_mean":97.5,"ref_daytime_hi_p95":102.7,"rwi_mean":null,"health_per_10k":4.170141784820684,"built_frac":0.928,"tree_frac":0.045,"canopy_frac_over_3m":0.102,"viirs_mean":110.6,"gdl_hdi":0.936,"gdl_region":"Florida","ghsl_smod":30,"lst_anomaly_c":1.99,"lst_anomaly_c_climrel":0.2487,"worldpop_pop_total":4563.0,"frac_under5":4.1,"frac_elderly_65plus":25.9,"frac_elderly_75plus":12.0,"old_age_dependency_ratio":0.411,"has_data":true},"geometry":{"type":"Polygon","coordinates":[[[-80.290033,25.841167],[-80.279997,25.841487],[-80.280056,25.840904],[-80.279858,25.836357],[-80.285842,25.83614],[-80.285722,25.832509],[-80.285621,25.829803],[-80.289775,25.829683],[-80.289634,25.830294],[-80.289954,25.840583],[-80.290033,25.841167]]]}},{"type":"Feature","properties":{"unit_id":"12086006801","name":"Census Tract 68.01","native_id":"12086006801","source":"census_tract_2025","adm3_name":"Miami-Dade County","adm3_id":"12086","area_sqm":1181578,"split":false,"population":7903.0,"days_covered":18,"daytime_peak_f":100.3,"heat_anomaly_f":3.9,"extreme_pct":22.0,"nighttime_stress_f":-1.6,"daytime_peak_f_climrel":0.5895,"heat_anomaly_f_climrel":0.5895,"nighttime_stress_f_climrel":-0.2482,"extreme_pct_climrel":0.55,"ref_daytime_hi_mean":96.4,"ref_daytime_hi_p95":101.7,"rwi_mean":null,"health_per_10k":0.0,"built_frac":0.46,"tree_frac":0.477,"canopy_frac_over_3m":0.41,"viirs_mean":109.9,"gdl_hdi":0.936,"gdl_region":"Florida","ghsl_smod":30,"lst_anomaly_c":-2.43,"lst_anomaly_c_climrel":0,"worldpop_pop_total":4357.0,"frac_under5":4.6,"frac_elderly_65plus":25.4,"frac_elderly_75plus":8.5,"old_age_dependency_ratio":0.413,"has_data":true},"geometry":{"type":"Polygon","coordinates":[[[-80.239512,25.730029],[-80.237504,25.731639],[-80.237504,25.731908],[-80.237551,25.732941],[-80.237673,25.735513],[-80.237842,25.739931],[-80.22987,25.742849],[-80.22971,25.738413],[-80.229615,25.736236],[-80.229183,25.735508],[-80.2278308201476,25.7334891817657],[-80.228012,25.733391],[-80.2293,25.734022],[-80.229959,25.733447],[-80.229677,25.732617],[-80.231425,25.731551],[-80.233058,25.731683],[-80.233341,25.729759],[-80.232755,25.729052],[-80.235794,25.726044],[-80.237858,25.727228],[-80.23812330521,25.7269095916027],[-80.23877,25.72761],[-80.239421,25.728245],[-80.239512,25.730029]]]}},{"type":"Feature","properties":{"unit_id":"12086008311","name":"Census Tract 83.11","native_id":"12086008311","source":"census_tract_2025","adm3_name":"Miami-Dade County","adm3_id":"12086","area_sqm":1540872,"split":false,"population":1433.0,"days_covered":18,"daytime_peak_f":101.6,"heat_anomaly_f":4.2,"extreme_pct":22.0,"nighttime_stress_f":-6.1,"daytime_peak_f_climrel":0.5768,"heat_anomaly_f_climrel":0.5768,"nighttime_stress_f_climrel":-0.3,"extreme_pct_climrel":0.55,"ref_daytime_hi_mean":97.4,"ref_daytime_hi_p95":103.0,"rwi_mean":null,"health_per_10k":6.978367062107466,"built_frac":0.74,"tree_frac":0.155,"canopy_frac_over_3m":0.15,"viirs_mean":47.0,"gdl_hdi":0.936,"gdl_region":"Florida","ghsl_smod":30,"lst_anomaly_c":2.03,"lst_anomaly_c_climrel":0.2537,"worldpop_pop_total":4697.0,"frac_under5":3.7,"frac_elderly_65plus":21.6,"frac_elderly_75plus":8.2,"old_age_dependency_ratio":0.33,"has_data":true},"geometry":{"type":"Polygon","coordinates":[[[-80.365874,25.620623],[-80.357651,25.620946],[-80.351822,25.621088],[-80.348771,25.620332],[-80.347954,25.620081],[-80.345593,25.619128],[-80.34676,25.614879],[-80.347173,25.613923],[-80.357284,25.613555],[-80.361349,25.613371],[-80.365477,25.613227],[-80.365874,25.620623]]]}},{"type":"Feature","properties":{"unit_id":"12086008809","name":"Census Tract 88.09","native_id":"12086008809","source":"census_tract_2025","adm3_name":"Miami-Dade County","adm3_id":"12086","area_sqm":1343758,"split":false,"population":2862.0,"days_covered":18,"daytime_peak_f":102.4,"heat_anomaly_f":4.6,"extreme_pct":33.0,"nighttime_stress_f":-5.5,"daytime_peak_f_climrel":0.6622,"heat_anomaly_f_climrel":0.6622,"nighttime_stress_f_climrel":-0.3,"extreme_pct_climrel":0.825,"ref_daytime_hi_mean":97.8,"ref_daytime_hi_p95":103.3,"rwi_mean":null,"health_per_10k":0.0,"built_frac":0.768,"tree_frac":0.139,"canopy_frac_over_3m":0.144,"viirs_mean":61.6,"gdl_hdi":0.936,"gdl_region":"Florida","ghsl_smod":30,"lst_anomaly_c":null,"lst_anomaly_c_climrel":null,"worldpop_pop_total":3066.0,"frac_under5":3.7,"frac_elderly_65plus":31.5,"frac_elderly_75plus":15.9,"old_age_dependency_ratio":0.557,"has_data":true},"geometry":{"type":"Polygon","coordinates":[[[-80.384892,25.74634],[-80.375916,25.746514],[-80.367711,25.746714],[-80.367734,25.744948],[-80.367717,25.743181],[-80.367718,25.739572],[-80.369747,25.739522],[-80.370787,25.739503],[-80.375814,25.739396],[-80.383978,25.739118],[-80.384611,25.739058],[-80.384892,25.74634]]]}},{"type":"Feature","properties":{"unit_id":"12086018200","name":"Census Tract 182","native_id":"12086018200","source":"census_tract_2025","adm3_name":"Miami-Dade County","adm3_id":"12086","area_sqm":4390673,"split":false,"population":1398.0,"days_covered":18,"daytime_peak_f":102.5,"heat_anomaly_f":4.0,"extreme_pct":28.0,"nighttime_stress_f":-7.5,"daytime_peak_f_climrel":0.5775,"heat_anomaly_f_climrel":0.5775,"nighttime_stress_f_climrel":-0.3,"extreme_pct_climrel":0.7,"ref_daytime_hi_mean":98.6,"ref_daytime_hi_p95":103.5,"rwi_mean":null,"health_per_10k":0.0,"built_frac":0.111,"tree_frac":0.124,"canopy_frac_over_3m":0.064,"viirs_mean":11.5,"gdl_hdi":0.936,"gdl_region":"Florida","ghsl_smod":11,"lst_anomaly_c":-4.49,"lst_anomaly_c_climrel":0,"worldpop_pop_total":2950.0,"frac_under5":4.3,"frac_elderly_65plus":16.9,"frac_elderly_75plus":6.5,"old_age_dependency_ratio":0.254,"has_data":true},"geometry":{"type":"Polygon","coordinates":[[[-80.498257,25.670562],[-80.497239,25.670457],[-80.481231,25.670512],[-80.481136,25.668324],[-80.479105,25.668478],[-80.478356,25.668456],[-80.465575,25.669231],[-80.461553,25.669365],[-80.457455,25.669476],[-80.44933,25.669705],[-80.449417,25.668639],[-80.450165,25.665398],[-80.450206,25.664169],[-80.450122,25.662331],[-80.478838,25.661107],[-80.480872,25.660992],[-80.482318,25.660953],[-80.497891,25.660011],[-80.498257,25.670562]]]}},{"type":"Feature","properties":{"unit_id":"12086009322","name":"Census Tract 93.22","native_id":"12086009322","source":"census_tract_2025","adm3_name":"Miami-Dade County","adm3_id":"12086","area_sqm":243534,"split":false,"population":4926.0,"days_covered":18,"daytime_peak_f":102.6,"heat_anomaly_f":4.5,"extreme_pct":28.0,"nighttime_stress_f":-4.7,"daytime_peak_f_climrel":0.6666,"heat_anomaly_f_climrel":0.6666,"nighttime_stress_f_climrel":-0.3,"extreme_pct_climrel":0.7,"ref_daytime_hi_mean":98.0,"ref_daytime_hi_p95":103.2,"rwi_mean":null,"health_per_10k":0.0,"built_frac":0.963,"tree_frac":0.006,"canopy_frac_over_3m":0.053,"viirs_mean":105.6,"gdl_hdi":0.936,"gdl_region":"Florida","ghsl_smod":30,"lst_anomaly_c":2.23,"lst_anomaly_c_climrel":0.2787,"worldpop_pop_total":3859.0,"frac_under5":3.8,"frac_elderly_65plus":24.8,"frac_elderly_75plus":11.7,"old_age_dependency_ratio":0.394,"has_data":true},"geometry":{"type":"Polygon","coordinates":[[[-80.323404,25.880279],[-80.320108,25.88024],[-80.319423,25.879274],[-80.316949,25.879097],[-80.315325,25.879798],[-80.315282,25.877026],[-80.319307,25.877012],[-80.323306,25.87704],[-80.323404,25.880279]]]}},{"type":"Feature","properties":{"unit_id":"12086019902","name":"Census Tract 199.02","native_id":"12086019902","source":"census_tract_2025","adm3_name":"Miami-Dade County","adm3_id":"12086","area_sqm":1423399,"split":false,"population":2210.0,"days_covered":18,"daytime_peak_f":101.6,"heat_anomaly_f":4.2,"extreme_pct":22.0,"nighttime_stress_f":-6.1,"daytime_peak_f_climrel":0.5768,"heat_anomaly_f_climrel":0.5768,"nighttime_stress_f_climrel":-0.3,"extreme_pct_climrel":0.55,"ref_daytime_hi_mean":97.4,"ref_daytime_hi_p95":103.0,"rwi_mean":null,"health_per_10k":0.0,"built_frac":0.578,"tree_frac":0.078,"canopy_frac_over_3m":0.083,"viirs_mean":38.6,"gdl_hdi":0.936,"gdl_region":"Florida","ghsl_smod":30,"lst_anomaly_c":-1.54,"lst_anomaly_c_climrel":0,"worldpop_pop_total":8635.0,"frac_under5":5.2,"frac_elderly_65plus":13.6,"frac_elderly_75plus":5.0,"old_age_dependency_ratio":0.194,"has_data":true},"geometry":{"type":"Polygon","coordinates":[[[-80.429791,25.600556],[-80.42633,25.604418],[-80.422465,25.608743],[-80.420539,25.610896],[-80.418513,25.613161],[-80.41447,25.617682],[-80.414057,25.610615],[-80.41383,25.604167],[-80.413784,25.602958],[-80.413646,25.600497],[-80.421687,25.600176],[-80.429776,25.599893],[-80.429791,25.600556]]]}},{"type":"Feature","properties":{"unit_id":"12086008431","name":"Census Tract 84.31","native_id":"12086008431","source":"census_tract_2025","adm3_name":"Miami-Dade County","adm3_id":"12086","area_sqm":2047712,"split":false,"population":5793.0,"days_covered":18,"daytime_peak_f":102.4,"heat_anomaly_f":4.6,"extreme_pct":33.0,"nighttime_stress_f":-5.5,"daytime_peak_f_climrel":0.6622,"heat_anomaly_f_climrel":0.6622,"nighttime_stress_f_climrel":-0.3,"extreme_pct_climrel":0.825,"ref_daytime_hi_mean":97.8,"ref_daytime_hi_p95":103.3,"rwi_mean":null,"health_per_10k":8.631106507854307,"built_frac":0.464,"tree_frac":0.333,"canopy_frac_over_3m":0.324,"viirs_mean":74.8,"gdl_hdi":0.936,"gdl_region":"Florida","ghsl_smod":30,"lst_anomaly_c":-1.16,"lst_anomaly_c_climrel":0,"worldpop_pop_total":3219.0,"frac_under5":1.8,"frac_elderly_65plus":56.0,"frac_elderly_75plus":43.6,"old_age_dependency_ratio":1.493,"has_data":true},"geometry":{"type":"Polygon","coordinates":[[[-80.389359,25.689941],[-80.389107,25.691052],[-80.388162,25.693035],[-80.384584,25.698266],[-80.383801,25.700875],[-80.382122,25.700702],[-80.382054,25.697149],[-80.372108,25.69741],[-80.368158,25.697497],[-80.366079,25.69722],[-80.366039,25.695043],[-80.365939,25.690462],[-80.369915,25.690285],[-80.373074,25.690155],[-80.375946,25.690158],[-80.382242,25.690006],[-80.384504,25.686876],[-80.384575,25.686395],[-80.389221,25.686131],[-80.389359,25.689941]]]}},{"type":"Feature","properties":{"unit_id":"12086000509","name":"Census Tract 5.09","native_id":"12086000509","source":"census_tract_2025","adm3_name":"Miami-Dade County","adm3_id":"12086","area_sqm":1143252,"split":false,"population":2103.0,"days_covered":18,"daytime_peak_f":102.2,"heat_anomaly_f":5.4,"extreme_pct":33.0,"nighttime_stress_f":-2.9,"daytime_peak_f_climrel":0.8011,"heat_anomaly_f_climrel":0.8011,"nighttime_stress_f_climrel":-0.3,"extreme_pct_climrel":0.825,"ref_daytime_hi_mean":96.9,"ref_daytime_hi_p95":102.4,"rwi_mean":null,"health_per_10k":0.0,"built_frac":0.73,"tree_frac":0.182,"canopy_frac_over_3m":0.188,"viirs_mean":69.3,"gdl_hdi":0.936,"gdl_region":"Florida","ghsl_smod":30,"lst_anomaly_c":3.15,"lst_anomaly_c_climrel":0.3937,"worldpop_pop_total":3744.0,"frac_under5":6.1,"frac_elderly_65plus":18.4,"frac_elderly_75plus":6.7,"old_age_dependency_ratio":0.284,"has_data":true},"geometry":{"type":"Polygon","coordinates":[[[-80.257133,25.897703],[-80.249562,25.901557],[-80.249979,25.902013],[-80.253424,25.908438],[-80.251533,25.908836],[-80.244037,25.9091],[-80.243875,25.904371],[-80.243797,25.901084],[-80.24362,25.897269],[-80.251733,25.89696],[-80.2583,25.896723],[-80.257133,25.897703]]]}},{"type":"Feature","properties":{"unit_id":"12086003909","name":"Census Tract 39.09","native_id":"12086003909","source":"census_tract_2025","adm3_name":"Miami-Dade County","adm3_id":"12086","area_sqm":491831,"split":false,"population":5528.0,"days_covered":18,"daytime_peak_f":102.4,"heat_anomaly_f":5.5,"extreme_pct":33.0,"nighttime_stress_f":-3.2,"daytime_peak_f_climrel":0.8247,"heat_anomaly_f_climrel":0.8247,"nighttime_stress_f_climrel":-0.3,"extreme_pct_climrel":0.825,"ref_daytime_hi_mean":96.9,"ref_daytime_hi_p95":102.4,"rwi_mean":null,"health_per_10k":0.0,"built_frac":0.52,"tree_frac":0.222,"canopy_frac_over_3m":0.269,"viirs_mean":60.9,"gdl_hdi":0.936,"gdl_region":"Florida","ghsl_smod":30,"lst_anomaly_c":-2.85,"lst_anomaly_c_climrel":0,"worldpop_pop_total":1774.0,"frac_under5":1.8,"frac_elderly_65plus":33.4,"frac_elderly_75plus":16.4,"old_age_dependency_ratio":0.549,"has_data":true},"geometry":{"type":"Polygon","coordinates":[[[-80.123932,25.872489],[-80.12226,25.872487],[-80.121531,25.872528],[-80.1197401778267,25.8726130870195],[-80.119016,25.865858],[-80.1190042650301,25.8647951695681],[-80.1189087238546,25.8561420524322],[-80.12049,25.856125],[-80.120887,25.858101],[-80.121031,25.860709],[-80.121061,25.862251],[-80.121099,25.864168],[-80.121202,25.86807],[-80.123648,25.867998],[-80.123932,25.872489]]]}},{"type":"Feature","properties":{"unit_id":"12086007608","name":"Census Tract 76.08","native_id":"12086007608","source":"census_tract_2025","adm3_name":"Miami-Dade County","adm3_id":"12086","area_sqm":1244788,"split":false,"population":4178.0,"days_covered":18,"daytime_peak_f":102.2,"heat_anomaly_f":5.2,"extreme_pct":28.0,"nighttime_stress_f":-3.6,"daytime_peak_f_climrel":0.7489,"heat_anomaly_f_climrel":0.7489,"nighttime_stress_f_climrel":-0.3,"extreme_pct_climrel":0.7,"ref_daytime_hi_mean":97.0,"ref_daytime_hi_p95":102.0,"rwi_mean":null,"health_per_10k":2.3934897079942554,"built_frac":0.33,"tree_frac":0.562,"canopy_frac_over_3m":0.371,"viirs_mean":43.1,"gdl_hdi":0.936,"gdl_region":"Florida","ghsl_smod":30,"lst_anomaly_c":-2.27,"lst_anomaly_c_climrel":0,"worldpop_pop_total":2939.0,"frac_under5":5.2,"frac_elderly_65plus":20.6,"frac_elderly_75plus":9.0,"old_age_dependency_ratio":0.331,"has_data":true},"geometry":{"type":"Polygon","coordinates":[[[-80.302278,25.71833],[-80.298206,25.718495],[-80.297217,25.718505],[-80.295112,25.718584],[-80.294106,25.718614],[-80.293761,25.711309],[-80.293405,25.704137],[-80.30141,25.703757],[-80.301923,25.710964],[-80.302116,25.714667],[-80.302278,25.71833]]]}},{"type":"Feature","properties":{"unit_id":"12086006901","name":"Census Tract 69.01","native_id":"12086006901","source":"census_tract_2025","adm3_name":"Miami-Dade County","adm3_id":"12086","area_sqm":818920,"split":false,"population":3324.0,"days_covered":18,"daytime_peak_f":100.3,"heat_anomaly_f":3.9,"extreme_pct":22.0,"nighttime_stress_f":-1.6,"daytime_peak_f_climrel":0.5895,"heat_anomaly_f_climrel":0.5895,"nighttime_stress_f_climrel":-0.2482,"extreme_pct_climrel":0.55,"ref_daytime_hi_mean":96.4,"ref_daytime_hi_p95":101.7,"rwi_mean":null,"health_per_10k":0.0,"built_frac":0.804,"tree_frac":0.17,"canopy_frac_over_3m":0.234,"viirs_mean":96.3,"gdl_hdi":0.936,"gdl_region":"Florida","ghsl_smod":30,"lst_anomaly_c":2.53,"lst_anomaly_c_climrel":0.3162,"worldpop_pop_total":3241.0,"frac_under5":4.0,"frac_elderly_65plus":24.6,"frac_elderly_75plus":12.1,"old_age_dependency_ratio":0.387,"has_data":true},"geometry":{"type":"Polygon","coordinates":[[[-80.238255,25.750327],[-80.230134,25.750593],[-80.230013,25.747393],[-80.22987,25.742849],[-80.237842,25.739931],[-80.237979,25.743412],[-80.238101,25.746649],[-80.238116,25.747147],[-80.238202,25.749448],[-80.238255,25.750327]]]}},{"type":"Feature","properties":{"unit_id":"12086017101","name":"Census Tract 171.01","native_id":"12086017101","source":"census_tract_2025","adm3_name":"Miami-Dade County","adm3_id":"12086","area_sqm":600516,"split":false,"population":1856.8971840381994,"days_covered":18,"daytime_peak_f":102.4,"heat_anomaly_f":4.6,"extreme_pct":33.0,"nighttime_stress_f":-5.5,"daytime_peak_f_climrel":0.6622,"heat_anomaly_f_climrel":0.6622,"nighttime_stress_f_climrel":-0.3,"extreme_pct_climrel":0.825,"ref_daytime_hi_mean":97.8,"ref_daytime_hi_p95":103.3,"rwi_mean":null,"health_per_10k":0.0,"built_frac":0.799,"tree_frac":0.064,"canopy_frac_over_3m":0.112,"viirs_mean":49.8,"gdl_hdi":0.936,"gdl_region":"Florida","ghsl_smod":30,"lst_anomaly_c":-0.21,"lst_anomaly_c_climrel":0,"worldpop_pop_total":4818.0,"frac_under5":3.8,"frac_elderly_65plus":23.3,"frac_elderly_75plus":10.0,"old_age_dependency_ratio":0.365,"has_data":true},"geometry":{"type":"Polygon","coordinates":[[[-80.407151,25.708463],[-80.407261,25.709797],[-80.405241,25.710932],[-80.404632,25.71091],[-80.403649,25.712561],[-80.406714,25.713369],[-80.407042,25.714653],[-80.399076,25.714935],[-80.398893,25.709532],[-80.40093,25.70945],[-80.401918,25.706686],[-80.403527,25.705991],[-80.405753,25.705799],[-80.406829,25.705352],[-80.408384,25.706723],[-80.407151,25.708463]]]}},{"type":"Feature","properties":{"unit_id":"12086018602","name":"Census Tract 186.02","native_id":"12086018602","source":"census_tract_2025","adm3_name":"Miami-Dade County","adm3_id":"12086","area_sqm":761196,"split":false,"population":6358.0,"days_covered":18,"daytime_peak_f":102.4,"heat_anomaly_f":4.6,"extreme_pct":33.0,"nighttime_stress_f":-5.5,"daytime_peak_f_climrel":0.6622,"heat_anomaly_f_climrel":0.6622,"nighttime_stress_f_climrel":-0.3,"extreme_pct_climrel":0.825,"ref_daytime_hi_mean":97.8,"ref_daytime_hi_p95":103.3,"rwi_mean":null,"health_per_10k":1.572821642025794,"built_frac":0.748,"tree_frac":0.175,"canopy_frac_over_3m":0.182,"viirs_mean":58.6,"gdl_hdi":0.936,"gdl_region":"Florida","ghsl_smod":30,"lst_anomaly_c":1.35,"lst_anomaly_c_climrel":0.1688,"worldpop_pop_total":5029.0,"frac_under5":3.9,"frac_elderly_65plus":20.4,"frac_elderly_75plus":8.1,"old_age_dependency_ratio":0.307,"has_data":true},"geometry":{"type":"Polygon","coordinates":[[[-80.433079,25.684846],[-80.429937,25.68497],[-80.424863,25.685028],[-80.424588,25.683686],[-80.421153,25.680446],[-80.420661,25.679543],[-80.420432,25.67815],[-80.42413,25.679301],[-80.425647,25.678743],[-80.426325,25.67831],[-80.42836,25.677197],[-80.430677,25.677334],[-80.432773,25.677516],[-80.432599,25.679151],[-80.4329,25.679676],[-80.433079,25.684846]]]}},{"type":"Feature","properties":{"unit_id":"12086010209","name":"Census Tract 102.09","native_id":"12086010209","source":"census_tract_2025","adm3_name":"Miami-Dade County","adm3_id":"12086","area_sqm":1578132,"split":false,"population":3244.0,"days_covered":18,"daytime_peak_f":101.6,"heat_anomaly_f":4.2,"extreme_pct":22.0,"nighttime_stress_f":-6.1,"daytime_peak_f_climrel":0.5768,"heat_anomaly_f_climrel":0.5768,"nighttime_stress_f_climrel":-0.3,"extreme_pct_climrel":0.55,"ref_daytime_hi_mean":97.4,"ref_daytime_hi_p95":103.0,"rwi_mean":null,"health_per_10k":0.0,"built_frac":0.713,"tree_frac":0.12,"canopy_frac_over_3m":0.117,"viirs_mean":41.3,"gdl_hdi":0.936,"gdl_region":"Florida","ghsl_smod":30,"lst_anomaly_c":null,"lst_anomaly_c_climrel":null,"worldpop_pop_total":6327.0,"frac_under5":4.5,"frac_elderly_65plus":15.5,"frac_elderly_75plus":5.6,"old_age_dependency_ratio":0.23,"has_data":true},"geometry":{"type":"Polygon","coordinates":[[[-80.403997,25.580832],[-80.39699,25.580835],[-80.394643,25.580883],[-80.393789,25.581121],[-80.392763,25.581221],[-80.38894,25.580896],[-80.388875,25.577169],[-80.38882,25.573491],[-80.388727,25.570022],[-80.38867,25.566192],[-80.392744,25.566156],[-80.396844,25.566115],[-80.396903,25.573436],[-80.396887,25.574541],[-80.39689,25.574632],[-80.397686,25.574748],[-80.403997,25.580832]]]}},{"type":"Feature","properties":{"unit_id":"12086000219","name":"Census Tract 2.19","native_id":"12086000219","source":"census_tract_2025","adm3_name":"Miami-Dade County","adm3_id":"12086","area_sqm":1255674,"split":false,"population":2339.0,"days_covered":18,"daytime_peak_f":102.2,"heat_anomaly_f":5.4,"extreme_pct":33.0,"nighttime_stress_f":-2.9,"daytime_peak_f_climrel":0.8011,"heat_anomaly_f_climrel":0.8011,"nighttime_stress_f_climrel":-0.3,"extreme_pct_climrel":0.825,"ref_daytime_hi_mean":96.9,"ref_daytime_hi_p95":102.4,"rwi_mean":null,"health_per_10k":42.753313381787095,"built_frac":0.62,"tree_frac":0.335,"canopy_frac_over_3m":0.267,"viirs_mean":73.8,"gdl_hdi":0.936,"gdl_region":"Florida","ghsl_smod":30,"lst_anomaly_c":2.28,"lst_anomaly_c_climrel":0.285,"worldpop_pop_total":4853.0,"frac_under5":5.7,"frac_elderly_65plus":18.9,"frac_elderly_75plus":6.9,"old_age_dependency_ratio":0.292,"has_data":true},"geometry":{"type":"Polygon","coordinates":[[[-80.186595,25.893915],[-80.178536,25.894253],[-80.170518,25.894604],[-80.170425,25.891797],[-80.170875,25.890828],[-80.17065,25.890751],[-80.172298,25.887188],[-80.172485,25.887172],[-80.17828,25.886968],[-80.180253,25.886881],[-80.186311,25.886647],[-80.18649,25.890263],[-80.186595,25.893915]]]}},{"type":"Feature","properties":{"unit_id":"12086009039","name":"Census Tract 90.39","native_id":"12086009039","source":"census_tract_2025","adm3_name":"Miami-Dade County","adm3_id":"12086","area_sqm":1276415,"split":false,"population":3961.0,"days_covered":18,"daytime_peak_f":102.3,"heat_anomaly_f":4.1,"extreme_pct":33.0,"nighttime_stress_f":-5.1,"daytime_peak_f_climrel":0.6155,"heat_anomaly_f_climrel":0.6155,"nighttime_stress_f_climrel":-0.3,"extreme_pct_climrel":0.825,"ref_daytime_hi_mean":98.1,"ref_daytime_hi_p95":103.4,"rwi_mean":null,"health_per_10k":0.0,"built_frac":0.562,"tree_frac":0.155,"canopy_frac_over_3m":0.156,"viirs_mean":62.1,"gdl_hdi":0.936,"gdl_region":"Florida","ghsl_smod":30,"lst_anomaly_c":-0.48,"lst_anomaly_c_climrel":0,"worldpop_pop_total":8114.0,"frac_under5":4.8,"frac_elderly_65plus":9.5,"frac_elderly_75plus":3.4,"old_age_dependency_ratio":0.131,"has_data":true},"geometry":{"type":"Polygon","coordinates":[[[-80.386735,25.81883],[-80.386283,25.818831],[-80.381768,25.818831],[-80.377767,25.818841],[-80.373775,25.818882],[-80.369674,25.818918],[-80.369372,25.811649],[-80.37352,25.811684],[-80.377576,25.811659],[-80.381575,25.811613],[-80.385767,25.811687],[-80.386487,25.811662],[-80.386735,25.81883]]]}},{"type":"Feature","properties":{"unit_id":"12086019801","name":"Census Tract 198.01","native_id":"12086019801","source":"census_tract_2025","adm3_name":"Miami-Dade County","adm3_id":"12086","area_sqm":6926368,"split":false,"population":1766.0,"days_covered":18,"daytime_peak_f":101.9,"heat_anomaly_f":3.8,"extreme_pct":17.0,"nighttime_stress_f":-8.0,"daytime_peak_f_climrel":0.5437,"heat_anomaly_f_climrel":0.5437,"nighttime_stress_f_climrel":-0.3,"extreme_pct_climrel":0.425,"ref_daytime_hi_mean":98.1,"ref_daytime_hi_p95":103.5,"rwi_mean":null,"health_per_10k":0.0,"built_frac":0.225,"tree_frac":0.212,"canopy_frac_over_3m":0.161,"viirs_mean":13.3,"gdl_hdi":0.936,"gdl_region":"Florida","ghsl_smod":12,"lst_anomaly_c":-2.16,"lst_anomaly_c_climrel":0,"worldpop_pop_total":7325.0,"frac_under5":5.2,"frac_elderly_65plus":14.9,"frac_elderly_75plus":6.2,"old_age_dependency_ratio":0.221,"has_data":true},"geometry":{"type":"Polygon","coordinates":[[[-80.479065,25.609461],[-80.446477,25.610622],[-80.438158,25.61078],[-80.437964,25.603467],[-80.437938,25.602506],[-80.437771,25.595901],[-80.437707,25.595674],[-80.446019,25.595372],[-80.462289,25.594828],[-80.478466,25.594289],[-80.479018,25.60881],[-80.479065,25.609461]]]}},{"type":"Feature","properties":{"unit_id":"12086001605","name":"Census Tract 16.05","native_id":"12086001605","source":"census_tract_2025","adm3_name":"Miami-Dade County","adm3_id":"12086","area_sqm":475386,"split":false,"population":3291.0,"days_covered":18,"daytime_peak_f":102.1,"heat_anomaly_f":4.6,"extreme_pct":44.0,"nighttime_stress_f":-4.1,"daytime_peak_f_climrel":0.6814,"heat_anomaly_f_climrel":0.6814,"nighttime_stress_f_climrel":-0.3,"extreme_pct_climrel":1,"ref_daytime_hi_mean":97.5,"ref_daytime_hi_p95":102.7,"rwi_mean":null,"health_per_10k":0.0,"built_frac":0.969,"tree_frac":0.005,"canopy_frac_over_3m":0.067,"viirs_mean":118.5,"gdl_hdi":0.936,"gdl_region":"Florida","ghsl_smod":30,"lst_anomaly_c":0.42,"lst_anomaly_c_climrel":0.0525,"worldpop_pop_total":4411.0,"frac_under5":2.8,"frac_elderly_65plus":39.2,"frac_elderly_75plus":20.8,"old_age_dependency_ratio":0.755,"has_data":true},"geometry":{"type":"Polygon","coordinates":[[[-80.289775,25.829683],[-80.285621,25.829803],[-80.281608,25.829911],[-80.279631,25.829955],[-80.279338,25.822735],[-80.280542,25.822404],[-80.281649,25.823296],[-80.289929,25.829508],[-80.289775,25.829683]]]}},{"type":"Feature","properties":{"unit_id":"12086007402","name":"Census Tract 74.02","native_id":"12086007402","source":"census_tract_2025","adm3_name":"Miami-Dade County","adm3_id":"12086","area_sqm":1441807,"split":false,"population":4886.0,"days_covered":18,"daytime_peak_f":102.2,"heat_anomaly_f":5.2,"extreme_pct":28.0,"nighttime_stress_f":-3.6,"daytime_peak_f_climrel":0.7489,"heat_anomaly_f_climrel":0.7489,"nighttime_stress_f_climrel":-0.3,"extreme_pct_climrel":0.7,"ref_daytime_hi_mean":97.0,"ref_daytime_hi_p95":102.0,"rwi_mean":null,"health_per_10k":0.0,"built_frac":0.314,"tree_frac":0.647,"canopy_frac_over_3m":0.443,"viirs_mean":63.1,"gdl_hdi":0.936,"gdl_region":"Florida","ghsl_smod":30,"lst_anomaly_c":-1.44,"lst_anomaly_c_climrel":0,"worldpop_pop_total":3364.0,"frac_under5":3.9,"frac_elderly_65plus":22.9,"frac_elderly_75plus":9.8,"old_age_dependency_ratio":0.362,"has_data":true},"geometry":{"type":"Polygon","coordinates":[[[-80.274654,25.741617],[-80.266418,25.741916],[-80.262408,25.742068],[-80.26133,25.742529],[-80.254322,25.742552],[-80.254313,25.742469],[-80.254272,25.742072],[-80.256229,25.742007],[-80.256188,25.739051],[-80.258168,25.738629],[-80.25803,25.734922],[-80.260074,25.734837],[-80.262094,25.734787],[-80.264267,25.734702],[-80.266123,25.734616],[-80.273637,25.734353],[-80.274315,25.735785],[-80.274654,25.741617]]]}},{"type":"Feature","properties":{"unit_id":"12086003004","name":"Census Tract 30.04","native_id":"12086003004","source":"census_tract_2025","adm3_name":"Miami-Dade County","adm3_id":"12086","area_sqm":939030,"split":false,"population":5274.0,"days_covered":18,"daytime_peak_f":101.9,"heat_anomaly_f":5.5,"extreme_pct":39.0,"nighttime_stress_f":-3.1,"daytime_peak_f_climrel":0.8322,"heat_anomaly_f_climrel":0.8322,"nighttime_stress_f_climrel":-0.3,"extreme_pct_climrel":0.975,"ref_daytime_hi_mean":96.4,"ref_daytime_hi_p95":101.7,"rwi_mean":null,"health_per_10k":7.584376185058779,"built_frac":0.85,"tree_frac":0.067,"canopy_frac_over_3m":0.148,"viirs_mean":155.1,"gdl_hdi":0.936,"gdl_region":"Florida","ghsl_smod":30,"lst_anomaly_c":-0.02,"lst_anomaly_c_climrel":0,"worldpop_pop_total":5994.0,"frac_under5":3.9,"frac_elderly_65plus":21.6,"frac_elderly_75plus":9.1,"old_age_dependency_ratio":0.319,"has_data":true},"geometry":{"type":"Polygon","coordinates":[[[-80.223257,25.794741],[-80.22167,25.794804],[-80.217118,25.79493],[-80.215166,25.795],[-80.215003,25.787594],[-80.214951,25.786009],[-80.214859,25.785502],[-80.214562,25.784026],[-80.214683,25.782562],[-80.218863,25.783982],[-80.22216,25.785136],[-80.222962,25.785513],[-80.222992,25.787152],[-80.223058,25.788085],[-80.223211,25.791938],[-80.223257,25.794741]]]}},{"type":"Feature","properties":{"unit_id":"12086005503","name":"Census Tract 55.03","native_id":"12086005503","source":"census_tract_2025","adm3_name":"Miami-Dade County","adm3_id":"12086","area_sqm":589595,"split":false,"population":6435.0,"days_covered":18,"daytime_peak_f":102.1,"heat_anomaly_f":4.6,"extreme_pct":44.0,"nighttime_stress_f":-4.1,"daytime_peak_f_climrel":0.6814,"heat_anomaly_f_climrel":0.6814,"nighttime_stress_f_climrel":-0.3,"extreme_pct_climrel":1,"ref_daytime_hi_mean":97.5,"ref_daytime_hi_p95":102.7,"rwi_mean":null,"health_per_10k":1.554001554001554,"built_frac":0.885,"tree_frac":0.106,"canopy_frac_over_3m":0.15,"viirs_mean":93.6,"gdl_hdi":0.936,"gdl_region":"Florida","ghsl_smod":30,"lst_anomaly_c":2.53,"lst_anomaly_c_climrel":0.3162,"worldpop_pop_total":3730.0,"frac_under5":3.3,"frac_elderly_65plus":26.8,"frac_elderly_75plus":12.9,"old_age_dependency_ratio":0.43,"has_data":true},"geometry":{"type":"Polygon","coordinates":[[[-80.255457,25.771834],[-80.254849,25.771835],[-80.254169,25.771853],[-80.251385,25.771936],[-80.248948,25.772034],[-80.24371,25.772199],[-80.24365,25.770306],[-80.245682,25.77025],[-80.245612,25.768542],[-80.251224,25.768393],[-80.251041,25.76478],[-80.25514,25.764687],[-80.255285,25.768201],[-80.255365,25.770026],[-80.255407,25.77064],[-80.255447,25.771356],[-80.255457,25.771834]]]}},{"type":"Feature","properties":{"unit_id":"12086010024","name":"Census Tract 100.24","native_id":"12086010024","source":"census_tract_2025","adm3_name":"Miami-Dade County","adm3_id":"12086","area_sqm":1275336,"split":false,"population":3995.0,"days_covered":18,"daytime_peak_f":102.6,"heat_anomaly_f":4.5,"extreme_pct":28.0,"nighttime_stress_f":-4.7,"daytime_peak_f_climrel":0.6666,"heat_anomaly_f_climrel":0.6666,"nighttime_stress_f_climrel":-0.3,"extreme_pct_climrel":0.7,"ref_daytime_hi_mean":98.0,"ref_daytime_hi_p95":103.2,"rwi_mean":null,"health_per_10k":0.0,"built_frac":0.664,"tree_frac":0.096,"canopy_frac_over_3m":0.127,"viirs_mean":64.3,"gdl_hdi":0.936,"gdl_region":"Florida","ghsl_smod":30,"lst_anomaly_c":1.44,"lst_anomaly_c_climrel":0.18,"worldpop_pop_total":5524.0,"frac_under5":7.0,"frac_elderly_65plus":17.0,"frac_elderly_75plus":7.4,"old_age_dependency_ratio":0.281,"has_data":true},"geometry":{"type":"Polygon","coordinates":[[[-80.261705,25.947598],[-80.253668,25.947885],[-80.248014,25.948094],[-80.245659,25.948172],[-80.245461,25.943303],[-80.245317,25.940953],[-80.253349,25.940633],[-80.261378,25.940335],[-80.261705,25.947598]]]}},{"type":"Feature","properties":{"unit_id":"12086009060","name":"Census Tract 90.60","native_id":"12086009060","source":"census_tract_2025","adm3_name":"Miami-Dade County","adm3_id":"12086","area_sqm":672895,"split":false,"population":3218.0,"days_covered":18,"daytime_peak_f":102.3,"heat_anomaly_f":4.1,"extreme_pct":33.0,"nighttime_stress_f":-5.1,"daytime_peak_f_climrel":0.6155,"heat_anomaly_f_climrel":0.6155,"nighttime_stress_f_climrel":-0.3,"extreme_pct_climrel":0.825,"ref_daytime_hi_mean":98.1,"ref_daytime_hi_p95":103.4,"rwi_mean":null,"health_per_10k":0.0,"built_frac":0.729,"tree_frac":0.153,"canopy_frac_over_3m":0.16,"viirs_mean":42.7,"gdl_hdi":0.936,"gdl_region":"Florida","ghsl_smod":30,"lst_anomaly_c":-0.09,"lst_anomaly_c_climrel":0,"worldpop_pop_total":6132.0,"frac_under5":4.8,"frac_elderly_65plus":9.9,"frac_elderly_75plus":3.8,"old_age_dependency_ratio":0.14,"has_data":true},"geometry":{"type":"Polygon","coordinates":[[[-80.386921,25.826128],[-80.386574,25.826133],[-80.381982,25.82618],[-80.377971,25.826178],[-80.37786,25.822498],[-80.377767,25.818841],[-80.381768,25.818831],[-80.386283,25.818831],[-80.386735,25.81883],[-80.386921,25.826128]]]}},{"type":"Feature","properties":{"unit_id":"12086009325","name":"Census Tract 93.25","native_id":"12086009325","source":"census_tract_2025","adm3_name":"Miami-Dade County","adm3_id":"12086","area_sqm":613832,"split":false,"population":1979.0,"days_covered":18,"daytime_peak_f":102.6,"heat_anomaly_f":4.5,"extreme_pct":28.0,"nighttime_stress_f":-4.7,"daytime_peak_f_climrel":0.6666,"heat_anomaly_f_climrel":0.6666,"nighttime_stress_f_climrel":-0.3,"extreme_pct_climrel":0.7,"ref_daytime_hi_mean":98.0,"ref_daytime_hi_p95":103.2,"rwi_mean":null,"health_per_10k":0.0,"built_frac":0.757,"tree_frac":0.086,"canopy_frac_over_3m":0.14,"viirs_mean":104.4,"gdl_hdi":0.936,"gdl_region":"Florida","ghsl_smod":30,"lst_anomaly_c":2.14,"lst_anomaly_c_climrel":0.2675,"worldpop_pop_total":2092.0,"frac_under5":4.9,"frac_elderly_65plus":23.2,"frac_elderly_75plus":11.2,"old_age_dependency_ratio":0.373,"has_data":true},"geometry":{"type":"Polygon","coordinates":[[[-80.300188,25.898823],[-80.292017,25.898841],[-80.292002,25.898616],[-80.291875,25.896312],[-80.291787,25.894577],[-80.291643,25.891604],[-80.295825,25.891577],[-80.299866,25.891557],[-80.30002,25.89574],[-80.300188,25.898823]]]}},{"type":"Feature","properties":{"unit_id":"12086006003","name":"Census Tract 60.03","native_id":"12086006003","source":"census_tract_2025","adm3_name":"Miami-Dade County","adm3_id":"12086","area_sqm":1051516,"split":false,"population":4566.0,"days_covered":18,"daytime_peak_f":102.2,"heat_anomaly_f":5.2,"extreme_pct":28.0,"nighttime_stress_f":-3.6,"daytime_peak_f_climrel":0.7489,"heat_anomaly_f_climrel":0.7489,"nighttime_stress_f_climrel":-0.3,"extreme_pct_climrel":0.7,"ref_daytime_hi_mean":97.0,"ref_daytime_hi_p95":102.0,"rwi_mean":null,"health_per_10k":2.190100744634253,"built_frac":0.718,"tree_frac":0.219,"canopy_frac_over_3m":0.183,"viirs_mean":60.9,"gdl_hdi":0.936,"gdl_region":"Florida","ghsl_smod":30,"lst_anomaly_c":1.36,"lst_anomaly_c_climrel":0.17,"worldpop_pop_total":3440.0,"frac_under5":4.3,"frac_elderly_65plus":28.6,"frac_elderly_75plus":15.6,"old_age_dependency_ratio":0.488,"has_data":true},"geometry":{"type":"Polygon","coordinates":[[[-80.307666,25.748039],[-80.303543,25.748018],[-80.301408,25.74806],[-80.299503,25.748113],[-80.297451,25.748154],[-80.296939,25.739546],[-80.303157,25.739344],[-80.303027,25.736567],[-80.306904,25.739731],[-80.307479,25.739753],[-80.307666,25.748039]]]}},{"type":"Feature","properties":{"unit_id":"12086015101","name":"Census Tract 151.01","native_id":"12086015101","source":"census_tract_2025","adm3_name":"Miami-Dade County","adm3_id":"12086","area_sqm":1615795,"split":false,"population":4005.0,"days_covered":18,"daytime_peak_f":102.3,"heat_anomaly_f":4.1,"extreme_pct":33.0,"nighttime_stress_f":-5.1,"daytime_peak_f_climrel":0.6155,"heat_anomaly_f_climrel":0.6155,"nighttime_stress_f_climrel":-0.3,"extreme_pct_climrel":0.825,"ref_daytime_hi_mean":98.1,"ref_daytime_hi_p95":103.4,"rwi_mean":null,"health_per_10k":0.0,"built_frac":0.454,"tree_frac":0.236,"canopy_frac_over_3m":0.259,"viirs_mean":40.3,"gdl_hdi":0.936,"gdl_region":"Florida","ghsl_smod":30,"lst_anomaly_c":-0.59,"lst_anomaly_c_climrel":0,"worldpop_pop_total":3536.0,"frac_under5":4.6,"frac_elderly_65plus":14.9,"frac_elderly_75plus":6.1,"old_age_dependency_ratio":0.221,"has_data":true},"geometry":{"type":"Polygon","coordinates":[[[-80.440988,25.760912],[-80.432863,25.760899],[-80.432725,25.757557],[-80.43246,25.749742],[-80.432203,25.742995],[-80.440246,25.742756],[-80.440295,25.745531],[-80.440526,25.750042],[-80.440782,25.757248],[-80.440988,25.760912]]]}},{"type":"Feature","properties":{"unit_id":"12086020002","name":"Census Tract 200.02","native_id":"12086020002","source":"census_tract_2025","adm3_name":"Miami-Dade County","adm3_id":"12086","area_sqm":1280639,"split":false,"population":4987.0,"days_covered":18,"daytime_peak_f":101.6,"heat_anomaly_f":4.2,"extreme_pct":22.0,"nighttime_stress_f":-6.1,"daytime_peak_f_climrel":0.5768,"heat_anomaly_f_climrel":0.5768,"nighttime_stress_f_climrel":-0.3,"extreme_pct_climrel":0.55,"ref_daytime_hi_mean":97.4,"ref_daytime_hi_p95":103.0,"rwi_mean":null,"health_per_10k":0.0,"built_frac":0.856,"tree_frac":0.05,"canopy_frac_over_3m":0.114,"viirs_mean":33.2,"gdl_hdi":0.936,"gdl_region":"Florida","ghsl_smod":30,"lst_anomaly_c":0.19,"lst_anomaly_c_climrel":0.0238,"worldpop_pop_total":5197.0,"frac_under5":3.7,"frac_elderly_65plus":18.2,"frac_elderly_75plus":7.4,"old_age_dependency_ratio":0.266,"has_data":true},"geometry":{"type":"Polygon","coordinates":[[[-80.430709,25.625679],[-80.427686,25.625816],[-80.42666,25.625878],[-80.426555,25.625884],[-80.423582,25.621057],[-80.421727,25.619099],[-80.421615,25.618636],[-80.419809,25.614206],[-80.418513,25.613161],[-80.420539,25.610896],[-80.422653,25.610853],[-80.423068,25.611315],[-80.430016,25.611134],[-80.430186,25.614443],[-80.430366,25.618317],[-80.430709,25.625679]]]}},{"type":"Feature","properties":{"unit_id":"12086006503","name":"Census Tract 65.03","native_id":"12086006503","source":"census_tract_2025","adm3_name":"Miami-Dade County","adm3_id":"12086","area_sqm":672431,"split":false,"population":2928.0,"days_covered":18,"daytime_peak_f":101.9,"heat_anomaly_f":5.5,"extreme_pct":39.0,"nighttime_stress_f":-3.1,"daytime_peak_f_climrel":0.8322,"heat_anomaly_f_climrel":0.8322,"nighttime_stress_f_climrel":-0.3,"extreme_pct_climrel":0.975,"ref_daytime_hi_mean":96.4,"ref_daytime_hi_p95":101.7,"rwi_mean":null,"health_per_10k":0.0,"built_frac":0.782,"tree_frac":0.184,"canopy_frac_over_3m":0.242,"viirs_mean":64.7,"gdl_hdi":0.936,"gdl_region":"Florida","ghsl_smod":30,"lst_anomaly_c":2.01,"lst_anomaly_c_climrel":0.2512,"worldpop_pop_total":2679.0,"frac_under5":4.4,"frac_elderly_65plus":25.6,"frac_elderly_75plus":13.6,"old_age_dependency_ratio":0.412,"has_data":true},"geometry":{"type":"Polygon","coordinates":[[[-80.230397,25.758123],[-80.22635,25.758163],[-80.222308,25.758214],[-80.222295,25.757905],[-80.222125,25.754557],[-80.221985,25.750865],[-80.230134,25.750593],[-80.230287,25.754394],[-80.230397,25.758123]]]}},{"type":"Feature","properties":{"unit_id":"12086009904","name":"Census Tract 99.04","native_id":"12086009904","source":"census_tract_2025","adm3_name":"Miami-Dade County","adm3_id":"12086","area_sqm":1903892,"split":false,"population":4092.0,"days_covered":18,"daytime_peak_f":102.0,"heat_anomaly_f":5.1,"extreme_pct":33.0,"nighttime_stress_f":-3.1,"daytime_peak_f_climrel":0.7587,"heat_anomaly_f_climrel":0.7587,"nighttime_stress_f_climrel":-0.3,"extreme_pct_climrel":0.825,"ref_daytime_hi_mean":96.8,"ref_daytime_hi_p95":102.3,"rwi_mean":null,"health_per_10k":0.0,"built_frac":0.473,"tree_frac":0.085,"canopy_frac_over_3m":0.104,"viirs_mean":70.1,"gdl_hdi":0.936,"gdl_region":"Florida","ghsl_smod":30,"lst_anomaly_c":0.6,"lst_anomaly_c_climrel":0.075,"worldpop_pop_total":4796.0,"frac_under5":8.0,"frac_elderly_65plus":8.9,"frac_elderly_75plus":3.1,"old_age_dependency_ratio":0.131,"has_data":true},"geometry":{"type":"Polygon","coordinates":[[[-80.246924,25.97187],[-80.246715,25.971875],[-80.23421,25.972098],[-80.229759,25.972235],[-80.229586,25.972232],[-80.229267,25.965366],[-80.229159,25.960462],[-80.246512,25.961126],[-80.246662,25.964258],[-80.246674,25.964343],[-80.246717,25.965743],[-80.246924,25.97187]]]}},{"type":"Feature","properties":{"unit_id":"12086005409","name":"Census Tract 54.09","native_id":"12086005409","source":"census_tract_2025","adm3_name":"Miami-Dade County","adm3_id":"12086","area_sqm":329227,"split":false,"population":5376.0,"days_covered":18,"daytime_peak_f":101.9,"heat_anomaly_f":5.5,"extreme_pct":39.0,"nighttime_stress_f":-3.1,"daytime_peak_f_climrel":0.8322,"heat_anomaly_f_climrel":0.8322,"nighttime_stress_f_climrel":-0.3,"extreme_pct_climrel":0.975,"ref_daytime_hi_mean":96.4,"ref_daytime_hi_p95":101.7,"rwi_mean":null,"health_per_10k":3.720238095238095,"built_frac":0.976,"tree_frac":0.021,"canopy_frac_over_3m":0.086,"viirs_mean":148.9,"gdl_hdi":0.936,"gdl_region":"Florida","ghsl_smod":30,"lst_anomaly_c":5.09,"lst_anomaly_c_climrel":0.6362,"worldpop_pop_total":4177.0,"frac_under5":5.1,"frac_elderly_65plus":22.1,"frac_elderly_75plus":9.8,"old_age_dependency_ratio":0.35,"has_data":true},"geometry":{"type":"Polygon","coordinates":[[[-80.230979,25.772567],[-80.229,25.772629],[-80.226886,25.772683],[-80.223474,25.772861],[-80.222861,25.773095],[-80.222794,25.772211],[-80.222658,25.769376],[-80.222659,25.769185],[-80.226762,25.769078],[-80.230803,25.768933],[-80.230926,25.771418],[-80.230979,25.772567]]]}},{"type":"Feature","properties":{"unit_id":"12086010010","name":"Census Tract 100.10","native_id":"12086010010","source":"census_tract_2025","adm3_name":"Miami-Dade County","adm3_id":"12086","area_sqm":1274716,"split":false,"population":4229.0,"days_covered":18,"daytime_peak_f":102.6,"heat_anomaly_f":4.5,"extreme_pct":28.0,"nighttime_stress_f":-4.7,"daytime_peak_f_climrel":0.6666,"heat_anomaly_f_climrel":0.6666,"nighttime_stress_f_climrel":-0.3,"extreme_pct_climrel":0.7,"ref_daytime_hi_mean":98.0,"ref_daytime_hi_p95":103.2,"rwi_mean":null,"health_per_10k":0.0,"built_frac":0.796,"tree_frac":0.071,"canopy_frac_over_3m":0.12,"viirs_mean":56.1,"gdl_hdi":0.936,"gdl_region":"Florida","ghsl_smod":30,"lst_anomaly_c":2.07,"lst_anomaly_c_climrel":0.2587,"worldpop_pop_total":5450.0,"frac_under5":4.8,"frac_elderly_65plus":19.5,"frac_elderly_75plus":7.7,"old_age_dependency_ratio":0.305,"has_data":true},"geometry":{"type":"Polygon","coordinates":[[[-80.277792,25.946962],[-80.274368,25.947089],[-80.269706,25.947278],[-80.261705,25.947598],[-80.261378,25.940335],[-80.269432,25.940017],[-80.272817,25.939899],[-80.277447,25.939688],[-80.277792,25.946962]]]}},{"type":"Feature","properties":{"unit_id":"12086010021","name":"Census Tract 100.21","native_id":"12086010021","source":"census_tract_2025","adm3_name":"Miami-Dade County","adm3_id":"12086","area_sqm":1278812,"split":false,"population":3499.0,"days_covered":18,"daytime_peak_f":102.6,"heat_anomaly_f":4.5,"extreme_pct":28.0,"nighttime_stress_f":-4.7,"daytime_peak_f_climrel":0.6666,"heat_anomaly_f_climrel":0.6666,"nighttime_stress_f_climrel":-0.3,"extreme_pct_climrel":0.7,"ref_daytime_hi_mean":98.0,"ref_daytime_hi_p95":103.2,"rwi_mean":null,"health_per_10k":0.0,"built_frac":0.787,"tree_frac":0.076,"canopy_frac_over_3m":0.12,"viirs_mean":52.6,"gdl_hdi":0.936,"gdl_region":"Florida","ghsl_smod":30,"lst_anomaly_c":1.01,"lst_anomaly_c_climrel":0.1263,"worldpop_pop_total":4855.0,"frac_under5":5.8,"frac_elderly_65plus":17.9,"frac_elderly_75plus":6.9,"old_age_dependency_ratio":0.283,"has_data":true},"geometry":{"type":"Polygon","coordinates":[[[-80.269432,25.940017],[-80.261378,25.940335],[-80.261018,25.933045],[-80.260652,25.92574],[-80.265157,25.925583],[-80.268667,25.92541],[-80.269039,25.932732],[-80.269432,25.940017]]]}},{"type":"Feature","properties":{"unit_id":"12086004903","name":"Census Tract 49.03","native_id":"12086004903","source":"census_tract_2025","adm3_name":"Miami-Dade County","adm3_id":"12086","area_sqm":632759,"split":false,"population":3574.2334768522787,"days_covered":18,"daytime_peak_f":102.1,"heat_anomaly_f":4.6,"extreme_pct":44.0,"nighttime_stress_f":-4.1,"daytime_peak_f_climrel":0.6814,"heat_anomaly_f_climrel":0.6814,"nighttime_stress_f_climrel":-0.3,"extreme_pct_climrel":1,"ref_daytime_hi_mean":97.5,"ref_daytime_hi_p95":102.7,"rwi_mean":null,"health_per_10k":0.0,"built_frac":0.908,"tree_frac":0.053,"canopy_frac_over_3m":0.128,"viirs_mean":107.6,"gdl_hdi":0.936,"gdl_region":"Florida","ghsl_smod":30,"lst_anomaly_c":2.36,"lst_anomaly_c_climrel":0.295,"worldpop_pop_total":4295.0,"frac_under5":3.7,"frac_elderly_65plus":23.9,"frac_elderly_75plus":11.3,"old_age_dependency_ratio":0.369,"has_data":true},"geometry":{"type":"Polygon","coordinates":[[[-80.271918,25.778704],[-80.269538,25.778713],[-80.267978,25.778705],[-80.26598,25.778725],[-80.264004,25.778715],[-80.263684,25.771681],[-80.265687,25.771624],[-80.267699,25.771581],[-80.2692,25.771538],[-80.271697,25.771465],[-80.271838,25.775529],[-80.271893,25.777956],[-80.271918,25.778704]]]}},{"type":"Feature","properties":{"unit_id":"12086980300","name":"Census Tract 9803","native_id":"12086980300","source":"census_tract_2025","adm3_name":"Miami-Dade County","adm3_id":"12086","area_sqm":1288725,"split":false,"population":5191.0,"days_covered":18,"daytime_peak_f":102.2,"heat_anomaly_f":5.2,"extreme_pct":28.0,"nighttime_stress_f":-3.6,"daytime_peak_f_climrel":0.7489,"heat_anomaly_f_climrel":0.7489,"nighttime_stress_f_climrel":-0.3,"extreme_pct_climrel":0.7,"ref_daytime_hi_mean":97.0,"ref_daytime_hi_p95":102.0,"rwi_mean":null,"health_per_10k":3.8528221922558274,"built_frac":0.639,"tree_frac":0.225,"canopy_frac_over_3m":0.316,"viirs_mean":104.4,"gdl_hdi":0.936,"gdl_region":"Florida","ghsl_smod":30,"lst_anomaly_c":-0.22,"lst_anomaly_c_climrel":0,"worldpop_pop_total":4430.0,"frac_under5":0.1,"frac_elderly_65plus":0.3,"frac_elderly_75plus":0.1,"old_age_dependency_ratio":0.003,"has_data":true},"geometry":{"type":"Polygon","coordinates":[[[-80.285792,25.715316],[-80.283292,25.715414],[-80.282631,25.717932],[-80.28092,25.72035],[-80.280921,25.723651],[-80.279097,25.724873],[-80.27436,25.724889],[-80.273002,25.725806],[-80.273944,25.723045],[-80.272595,25.722261],[-80.272194,25.720896],[-80.270888,25.719387],[-80.273758,25.717075],[-80.279147,25.712705],[-80.285515,25.707511],[-80.28567,25.711738],[-80.285792,25.715316]]]}},{"type":"Feature","properties":{"unit_id":"12086009048","name":"Census Tract 90.48","native_id":"12086009048","source":"census_tract_2025","adm3_name":"Miami-Dade County","adm3_id":"12086","area_sqm":971680,"split":false,"population":4891.0,"days_covered":18,"daytime_peak_f":102.3,"heat_anomaly_f":4.1,"extreme_pct":33.0,"nighttime_stress_f":-5.1,"daytime_peak_f_climrel":0.6155,"heat_anomaly_f_climrel":0.6155,"nighttime_stress_f_climrel":-0.3,"extreme_pct_climrel":0.825,"ref_daytime_hi_mean":98.1,"ref_daytime_hi_p95":103.4,"rwi_mean":null,"health_per_10k":4.089143324473523,"built_frac":0.568,"tree_frac":0.149,"canopy_frac_over_3m":0.165,"viirs_mean":57.0,"gdl_hdi":0.936,"gdl_region":"Florida","ghsl_smod":30,"lst_anomaly_c":-2.75,"lst_anomaly_c_climrel":0,"worldpop_pop_total":4201.0,"frac_under5":3.2,"frac_elderly_65plus":14.0,"frac_elderly_75plus":5.3,"old_age_dependency_ratio":0.201,"has_data":true},"geometry":{"type":"Polygon","coordinates":[[[-80.382366,25.840631],[-80.378322,25.840645],[-80.370364,25.840653],[-80.370077,25.833395],[-80.369863,25.826172],[-80.373876,25.826175],[-80.377971,25.826178],[-80.378329,25.827762],[-80.374317,25.830974],[-80.373999,25.833274],[-80.375095,25.834853],[-80.375859,25.837061],[-80.376803,25.837556],[-80.382468,25.838498],[-80.382366,25.840631]]]}},{"type":"Feature","properties":{"unit_id":"12086000145","name":"Census Tract 1.45","native_id":"12086000145","source":"census_tract_2025","adm3_name":"Miami-Dade County","adm3_id":"12086","area_sqm":814504,"split":false,"population":1877.0,"days_covered":18,"daytime_peak_f":100.4,"heat_anomaly_f":3.5,"extreme_pct":17.0,"nighttime_stress_f":-2.0,"daytime_peak_f_climrel":0.5167,"heat_anomaly_f_climrel":0.5167,"nighttime_stress_f_climrel":-0.2713,"extreme_pct_climrel":0.425,"ref_daytime_hi_mean":96.9,"ref_daytime_hi_p95":102.3,"rwi_mean":null,"health_per_10k":0.0,"built_frac":0.635,"tree_frac":0.123,"canopy_frac_over_3m":0.292,"viirs_mean":100.4,"gdl_hdi":0.936,"gdl_region":"Florida","ghsl_smod":30,"lst_anomaly_c":-0.69,"lst_anomaly_c_climrel":0,"worldpop_pop_total":2636.0,"frac_under5":5.3,"frac_elderly_65plus":14.8,"frac_elderly_75plus":6.2,"old_age_dependency_ratio":0.238,"has_data":true},"geometry":{"type":"Polygon","coordinates":[[[-80.142125,25.974676],[-80.133867,25.974868],[-80.133862,25.97411],[-80.130411,25.974227],[-80.130023,25.973819],[-80.129954,25.97296],[-80.129709,25.971092],[-80.131759,25.970042],[-80.13376,25.969985],[-80.133685,25.967578],[-80.141636,25.967298],[-80.141744,25.969061],[-80.144513,25.969035],[-80.142125,25.974676]]]}},{"type":"Feature","properties":{"unit_id":"12086015400","name":"Census Tract 154","native_id":"12086015400","source":"census_tract_2025","adm3_name":"Miami-Dade County","adm3_id":"12086","area_sqm":3188130,"split":false,"population":2175.0,"days_covered":18,"daytime_peak_f":102.4,"heat_anomaly_f":4.6,"extreme_pct":33.0,"nighttime_stress_f":-5.5,"daytime_peak_f_climrel":0.6622,"heat_anomaly_f_climrel":0.6622,"nighttime_stress_f_climrel":-0.3,"extreme_pct_climrel":0.825,"ref_daytime_hi_mean":97.8,"ref_daytime_hi_p95":103.3,"rwi_mean":null,"health_per_10k":9.195402298850574,"built_frac":0.747,"tree_frac":0.154,"canopy_frac_over_3m":0.144,"viirs_mean":57.6,"gdl_hdi":0.936,"gdl_region":"Florida","ghsl_smod":30,"lst_anomaly_c":null,"lst_anomaly_c_climrel":null,"worldpop_pop_total":6466.0,"frac_under5":2.8,"frac_elderly_65plus":28.9,"frac_elderly_75plus":14.0,"old_age_dependency_ratio":0.482,"has_data":true},"geometry":{"type":"Polygon","coordinates":[[[-80.420284,25.743382],[-80.416235,25.743568],[-80.408221,25.74376],[-80.408023,25.743764],[-80.400131,25.744018],[-80.399844,25.736752],[-80.399617,25.729636],[-80.4076,25.72945],[-80.415681,25.72921],[-80.419689,25.729126],[-80.419931,25.736112],[-80.420284,25.743382]]]}},{"type":"Feature","properties":{"unit_id":"12086008904","name":"Census Tract 89.04","native_id":"12086008904","source":"census_tract_2025","adm3_name":"Miami-Dade County","adm3_id":"12086","area_sqm":2694931,"split":false,"population":13386.0,"days_covered":18,"daytime_peak_f":102.3,"heat_anomaly_f":4.1,"extreme_pct":33.0,"nighttime_stress_f":-5.1,"daytime_peak_f_climrel":0.6155,"heat_anomaly_f_climrel":0.6155,"nighttime_stress_f_climrel":-0.3,"extreme_pct_climrel":0.825,"ref_daytime_hi_mean":98.1,"ref_daytime_hi_p95":103.4,"rwi_mean":null,"health_per_10k":2.241147467503362,"built_frac":0.501,"tree_frac":0.11,"canopy_frac_over_3m":0.142,"viirs_mean":110.1,"gdl_hdi":0.936,"gdl_region":"Florida","ghsl_smod":30,"lst_anomaly_c":0.3,"lst_anomaly_c_climrel":0.0375,"worldpop_pop_total":3374.0,"frac_under5":0.3,"frac_elderly_65plus":0.4,"frac_elderly_75plus":0.2,"old_age_dependency_ratio":0.004,"has_data":true},"geometry":{"type":"Polygon","coordinates":[[[-80.385485,25.761004],[-80.380464,25.76107],[-80.376396,25.761141],[-80.372466,25.761229],[-80.368408,25.7613],[-80.368066,25.75428],[-80.367909,25.750519],[-80.367711,25.746714],[-80.375916,25.746514],[-80.384892,25.74634],[-80.385092,25.751791],[-80.38525,25.754998],[-80.385485,25.761004]]]}},{"type":"Feature","properties":{"unit_id":"12086004608","name":"Census Tract 46.08","native_id":"12086004608","source":"census_tract_2025","adm3_name":"Miami-Dade County","adm3_id":"12086","area_sqm":217664,"split":false,"population":2749.0,"days_covered":18,"daytime_peak_f":100.3,"heat_anomaly_f":3.9,"extreme_pct":22.0,"nighttime_stress_f":-1.6,"daytime_peak_f_climrel":0.5895,"heat_anomaly_f_climrel":0.5895,"nighttime_stress_f_climrel":-0.2482,"extreme_pct_climrel":0.55,"ref_daytime_hi_mean":96.4,"ref_daytime_hi_p95":101.7,"rwi_mean":null,"health_per_10k":0.0,"built_frac":0.692,"tree_frac":0.181,"canopy_frac_over_3m":0.301,"viirs_mean":51.7,"gdl_hdi":0.936,"gdl_region":"Florida","ghsl_smod":23,"lst_anomaly_c":-1.2,"lst_anomaly_c_climrel":0,"worldpop_pop_total":2271.0,"frac_under5":5.2,"frac_elderly_65plus":19.7,"frac_elderly_75plus":10.8,"old_age_dependency_ratio":0.332,"has_data":true},"geometry":{"type":"Polygon","coordinates":[[[-80.163725,25.691091],[-80.158826,25.691057],[-80.158736,25.688996],[-80.159413,25.688991],[-80.159647,25.686103],[-80.162414,25.686073],[-80.163349,25.68702],[-80.163751,25.688322],[-80.163725,25.691091]]]}},{"type":"Feature","properties":{"unit_id":"12086007706","name":"Census Tract 77.06","native_id":"12086007706","source":"census_tract_2025","adm3_name":"Miami-Dade County","adm3_id":"12086","area_sqm":4356777,"split":false,"population":6664.0,"days_covered":18,"daytime_peak_f":102.2,"heat_anomaly_f":5.2,"extreme_pct":28.0,"nighttime_stress_f":-3.6,"daytime_peak_f_climrel":0.7489,"heat_anomaly_f_climrel":0.7489,"nighttime_stress_f_climrel":-0.3,"extreme_pct_climrel":0.7,"ref_daytime_hi_mean":97.0,"ref_daytime_hi_p95":102.0,"rwi_mean":null,"health_per_10k":3.0012004801920766,"built_frac":0.413,"tree_frac":0.38,"canopy_frac_over_3m":0.272,"viirs_mean":65.4,"gdl_hdi":0.936,"gdl_region":"Florida","ghsl_smod":30,"lst_anomaly_c":-2.7,"lst_anomaly_c_climrel":0,"worldpop_pop_total":4019.0,"frac_under5":3.5,"frac_elderly_65plus":27.8,"frac_elderly_75plus":12.1,"old_age_dependency_ratio":0.466,"has_data":true},"geometry":{"type":"Polygon","coordinates":[[[-80.334384,25.7068],[-80.323396,25.71743],[-80.323798,25.717402],[-80.318845,25.722653],[-80.31826,25.724362],[-80.318303,25.732969],[-80.311069,25.733165],[-80.307335,25.733283],[-80.307248,25.729534],[-80.306991,25.718153],[-80.306821,25.710778],[-80.317716,25.710367],[-80.317374,25.703011],[-80.330064,25.702477],[-80.330249,25.7061],[-80.334333,25.705958],[-80.334384,25.7068]]]}},{"type":"Feature","properties":{"unit_id":"12086000307","name":"Census Tract 3.07","native_id":"12086000307","source":"census_tract_2025","adm3_name":"Miami-Dade County","adm3_id":"12086","area_sqm":1635048,"split":false,"population":4784.0,"days_covered":18,"daytime_peak_f":102.2,"heat_anomaly_f":5.4,"extreme_pct":33.0,"nighttime_stress_f":-2.9,"daytime_peak_f_climrel":0.8011,"heat_anomaly_f_climrel":0.8011,"nighttime_stress_f_climrel":-0.3,"extreme_pct_climrel":0.825,"ref_daytime_hi_mean":96.9,"ref_daytime_hi_p95":102.4,"rwi_mean":null,"health_per_10k":0.0,"built_frac":0.561,"tree_frac":0.395,"canopy_frac_over_3m":0.269,"viirs_mean":60.6,"gdl_hdi":0.936,"gdl_region":"Florida","ghsl_smod":30,"lst_anomaly_c":0.79,"lst_anomaly_c_climrel":0.0988,"worldpop_pop_total":3792.0,"frac_under5":4.0,"frac_elderly_65plus":22.0,"frac_elderly_75plus":8.3,"old_age_dependency_ratio":0.344,"has_data":true},"geometry":{"type":"Polygon","coordinates":[[[-80.210196,25.905633],[-80.207545,25.905761],[-80.203433,25.90597],[-80.203368,25.902276],[-80.203174,25.898646],[-80.203008,25.894978],[-80.202876,25.892236],[-80.202749,25.889552],[-80.202559,25.885913],[-80.202474,25.884116],[-80.209131,25.883816],[-80.20942,25.883802],[-80.209241,25.885619],[-80.209391,25.889262],[-80.209518,25.890899],[-80.209679,25.894711],[-80.209859,25.898328],[-80.210196,25.905633]]]}},{"type":"Feature","properties":{"unit_id":"12086010017","name":"Census Tract 100.17","native_id":"12086010017","source":"census_tract_2025","adm3_name":"Miami-Dade County","adm3_id":"12086","area_sqm":1383693,"split":false,"population":4050.0,"days_covered":18,"daytime_peak_f":102.6,"heat_anomaly_f":4.5,"extreme_pct":28.0,"nighttime_stress_f":-4.7,"daytime_peak_f_climrel":0.6666,"heat_anomaly_f_climrel":0.6666,"nighttime_stress_f_climrel":-0.3,"extreme_pct_climrel":0.7,"ref_daytime_hi_mean":98.0,"ref_daytime_hi_p95":103.2,"rwi_mean":null,"health_per_10k":2.4691358024691357,"built_frac":0.744,"tree_frac":0.079,"canopy_frac_over_3m":0.133,"viirs_mean":54.8,"gdl_hdi":0.936,"gdl_region":"Florida","ghsl_smod":30,"lst_anomaly_c":3.48,"lst_anomaly_c_climrel":0.435,"worldpop_pop_total":4364.0,"frac_under5":3.6,"frac_elderly_65plus":26.2,"frac_elderly_75plus":11.3,"old_age_dependency_ratio":0.421,"has_data":true},"geometry":{"type":"Polygon","coordinates":[[[-80.293856,25.939286],[-80.285718,25.939524],[-80.277447,25.939688],[-80.276979,25.931005],[-80.280738,25.931365],[-80.285055,25.931285],[-80.287761,25.931268],[-80.293444,25.930547],[-80.293856,25.939286]]]}},{"type":"Feature","properties":{"unit_id":"12086005706","name":"Census Tract 57.06","native_id":"12086005706","source":"census_tract_2025","adm3_name":"Miami-Dade County","adm3_id":"12086","area_sqm":198154,"split":false,"population":8322.0,"days_covered":18,"daytime_peak_f":102.1,"heat_anomaly_f":4.6,"extreme_pct":44.0,"nighttime_stress_f":-4.1,"daytime_peak_f_climrel":0.6814,"heat_anomaly_f_climrel":0.6814,"nighttime_stress_f_climrel":-0.3,"extreme_pct_climrel":1,"ref_daytime_hi_mean":97.5,"ref_daytime_hi_p95":102.7,"rwi_mean":null,"health_per_10k":0.0,"built_frac":0.651,"tree_frac":0.044,"canopy_frac_over_3m":0.114,"viirs_mean":105.1,"gdl_hdi":0.936,"gdl_region":"Florida","ghsl_smod":30,"lst_anomaly_c":null,"lst_anomaly_c_climrel":null,"worldpop_pop_total":5261.0,"frac_under5":3.7,"frac_elderly_65plus":32.5,"frac_elderly_75plus":20.6,"old_age_dependency_ratio":0.562,"has_data":true},"geometry":{"type":"Polygon","coordinates":[[[-80.28842,25.780834],[-80.282201,25.779595],[-80.279064,25.779549],[-80.276399,25.781158],[-80.276396,25.779363],[-80.275357,25.778544],[-80.282194,25.778249],[-80.28832,25.777981],[-80.28842,25.780834]]]}},{"type":"Feature","properties":{"unit_id":"12086005410","name":"Census Tract 54.10","native_id":"12086005410","source":"census_tract_2025","adm3_name":"Miami-Dade County","adm3_id":"12086","area_sqm":323419,"split":false,"population":2055.0938471962922,"days_covered":18,"daytime_peak_f":101.9,"heat_anomaly_f":5.5,"extreme_pct":39.0,"nighttime_stress_f":-3.1,"daytime_peak_f_climrel":0.8322,"heat_anomaly_f_climrel":0.8322,"nighttime_stress_f_climrel":-0.3,"extreme_pct_climrel":0.975,"ref_daytime_hi_mean":96.4,"ref_daytime_hi_p95":101.7,"rwi_mean":null,"health_per_10k":0.0,"built_frac":0.923,"tree_frac":0.056,"canopy_frac_over_3m":0.137,"viirs_mean":130.3,"gdl_hdi":0.936,"gdl_region":"Florida","ghsl_smod":30,"lst_anomaly_c":3.6,"lst_anomaly_c_climrel":0.45,"worldpop_pop_total":3713.0,"frac_under5":4.4,"frac_elderly_65plus":23.4,"frac_elderly_75plus":11.1,"old_age_dependency_ratio":0.372,"has_data":true},"geometry":{"type":"Polygon","coordinates":[[[-80.230803,25.768933],[-80.226762,25.769078],[-80.222659,25.769185],[-80.222498,25.765604],[-80.226622,25.765519],[-80.230675,25.765403],[-80.230803,25.768933]]]}},{"type":"Feature","properties":{"unit_id":"12086011205","name":"Census Tract 112.05","native_id":"12086011205","source":"census_tract_2025","adm3_name":"Miami-Dade County","adm3_id":"12086","area_sqm":1975326,"split":false,"population":3776.0,"days_covered":18,"daytime_peak_f":100.7,"heat_anomaly_f":3.0,"extreme_pct":17.0,"nighttime_stress_f":-8.0,"daytime_peak_f_climrel":0.4742,"heat_anomaly_f_climrel":0.4742,"nighttime_stress_f_climrel":-0.3,"extreme_pct_climrel":0.425,"ref_daytime_hi_mean":97.7,"ref_daytime_hi_p95":102.5,"rwi_mean":null,"health_per_10k":0.0,"built_frac":0.36,"tree_frac":0.227,"canopy_frac_over_3m":0.23,"viirs_mean":21.3,"gdl_hdi":0.936,"gdl_region":"Florida","ghsl_smod":12,"lst_anomaly_c":null,"lst_anomaly_c_climrel":null,"worldpop_pop_total":4815.0,"frac_under5":8.1,"frac_elderly_65plus":11.3,"frac_elderly_75plus":4.1,"old_age_dependency_ratio":0.182,"has_data":true},"geometry":{"type":"Polygon","coordinates":[[[-80.509765,25.476974],[-80.493711,25.477059],[-80.493647,25.471583],[-80.493599,25.469722],[-80.493495,25.462412],[-80.497464,25.462398],[-80.501565,25.462375],[-80.501582,25.46593],[-80.501627,25.469619],[-80.509701,25.469604],[-80.509765,25.476974]]]}},{"type":"Feature","properties":{"unit_id":"12086000611","name":"Census Tract 6.11","native_id":"12086000611","source":"census_tract_2025","adm3_name":"Miami-Dade County","adm3_id":"12086","area_sqm":926329,"split":false,"population":1859.0,"days_covered":18,"daytime_peak_f":102.6,"heat_anomaly_f":4.5,"extreme_pct":28.0,"nighttime_stress_f":-4.7,"daytime_peak_f_climrel":0.6666,"heat_anomaly_f_climrel":0.6666,"nighttime_stress_f_climrel":-0.3,"extreme_pct_climrel":0.7,"ref_daytime_hi_mean":98.0,"ref_daytime_hi_p95":103.2,"rwi_mean":null,"health_per_10k":0.0,"built_frac":0.971,"tree_frac":0.012,"canopy_frac_over_3m":0.08,"viirs_mean":100.2,"gdl_hdi":0.936,"gdl_region":"Florida","ghsl_smod":30,"lst_anomaly_c":4.72,"lst_anomaly_c_climrel":0.59,"worldpop_pop_total":3276.0,"frac_under5":3.2,"frac_elderly_65plus":27.3,"frac_elderly_75plus":14.8,"old_age_dependency_ratio":0.436,"has_data":true},"geometry":{"type":"Polygon","coordinates":[[[-80.266869,25.870473],[-80.260293,25.870663],[-80.260245,25.867454],[-80.260134,25.860131],[-80.260505,25.860125],[-80.26265,25.860046],[-80.262542,25.856401],[-80.266583,25.856292],[-80.266639,25.859965],[-80.266685,25.861841],[-80.266748,25.865488],[-80.266869,25.870473]]]}},{"type":"Feature","properties":{"unit_id":"12086009057","name":"Census Tract 90.57","native_id":"12086009057","source":"census_tract_2025","adm3_name":"Miami-Dade County","adm3_id":"12086","area_sqm":2519589,"split":false,"population":3017.0,"days_covered":18,"daytime_peak_f":102.3,"heat_anomaly_f":4.1,"extreme_pct":33.0,"nighttime_stress_f":-5.1,"daytime_peak_f_climrel":0.6155,"heat_anomaly_f_climrel":0.6155,"nighttime_stress_f_climrel":-0.3,"extreme_pct_climrel":0.825,"ref_daytime_hi_mean":98.1,"ref_daytime_hi_p95":103.4,"rwi_mean":null,"health_per_10k":3.3145508783559827,"built_frac":0.589,"tree_frac":0.074,"canopy_frac_over_3m":0.082,"viirs_mean":80.7,"gdl_hdi":0.936,"gdl_region":"Florida","ghsl_smod":30,"lst_anomaly_c":-1.09,"lst_anomaly_c_climrel":0,"worldpop_pop_total":18576.0,"frac_under5":6.9,"frac_elderly_65plus":5.5,"frac_elderly_75plus":1.9,"old_age_dependency_ratio":0.075,"has_data":true},"geometry":{"type":"Polygon","coordinates":[[[-80.370364,25.840653],[-80.362329,25.840673],[-80.35435,25.840694],[-80.354132,25.833448],[-80.353926,25.826129],[-80.361906,25.826246],[-80.369863,25.826172],[-80.370077,25.833395],[-80.370364,25.840653]]]}},{"type":"Feature","properties":{"unit_id":"12086006707","name":"Census Tract 67.07","native_id":"12086006707","source":"census_tract_2025","adm3_name":"Miami-Dade County","adm3_id":"12086","area_sqm":180058,"split":false,"population":16478.0,"days_covered":18,"daytime_peak_f":101.9,"heat_anomaly_f":5.5,"extreme_pct":39.0,"nighttime_stress_f":-3.1,"daytime_peak_f_climrel":0.8322,"heat_anomaly_f_climrel":0.8322,"nighttime_stress_f_climrel":-0.3,"extreme_pct_climrel":0.975,"ref_daytime_hi_mean":96.4,"ref_daytime_hi_p95":101.7,"rwi_mean":null,"health_per_10k":0.0,"built_frac":0.064,"tree_frac":0.006,"canopy_frac_over_3m":0.019,"viirs_mean":48.3,"gdl_hdi":0.936,"gdl_region":"Florida","ghsl_smod":30,"lst_anomaly_c":-11.0,"lst_anomaly_c_climrel":0,"worldpop_pop_total":6279.0,"frac_under5":5.9,"frac_elderly_65plus":18.9,"frac_elderly_75plus":6.1,"old_age_dependency_ratio":0.283,"has_data":true},"geometry":{"type":"Polygon","coordinates":[[[-80.190048,25.75688],[-80.189155,25.757744],[-80.188926,25.758382],[-80.189171,25.759673],[-80.188793,25.760765],[-80.188716,25.761631],[-80.188622,25.762516],[-80.188734,25.76381],[-80.188213,25.765622],[-80.187947,25.768883],[-80.188166,25.769792],[-80.186569,25.769677],[-80.173469,25.769776],[-80.179143,25.751338],[-80.181251,25.751303],[-80.190795,25.756792],[-80.190048,25.75688]]]}},{"type":"Feature","properties":{"unit_id":"12086014702","name":"Census Tract 147.02","native_id":"12086014702","source":"census_tract_2025","adm3_name":"Miami-Dade County","adm3_id":"12086","area_sqm":1381355,"split":false,"population":4627.0,"days_covered":18,"daytime_peak_f":102.3,"heat_anomaly_f":4.1,"extreme_pct":33.0,"nighttime_stress_f":-5.1,"daytime_peak_f_climrel":0.6155,"heat_anomaly_f_climrel":0.6155,"nighttime_stress_f_climrel":-0.3,"extreme_pct_climrel":0.825,"ref_daytime_hi_mean":98.1,"ref_daytime_hi_p95":103.4,"rwi_mean":null,"health_per_10k":0.0,"built_frac":0.708,"tree_frac":0.138,"canopy_frac_over_3m":0.139,"viirs_mean":58.3,"gdl_hdi":0.936,"gdl_region":"Florida","ghsl_smod":30,"lst_anomaly_c":null,"lst_anomaly_c_climrel":null,"worldpop_pop_total":5037.0,"frac_under5":3.2,"frac_elderly_65plus":28.4,"frac_elderly_75plus":13.3,"old_age_dependency_ratio":0.47,"has_data":true},"geometry":{"type":"Polygon","coordinates":[[[-80.400788,25.760969],[-80.392767,25.760984],[-80.392673,25.758722],[-80.392469,25.757295],[-80.395155,25.755694],[-80.395929,25.753474],[-80.395034,25.752811],[-80.393538,25.752066],[-80.392221,25.751705],[-80.390366,25.751637],[-80.390321,25.749425],[-80.392073,25.74599],[-80.39212,25.744328],[-80.400131,25.744018],[-80.400401,25.751291],[-80.400489,25.753023],[-80.400788,25.760969]]]}},{"type":"Feature","properties":{"unit_id":"12086013201","name":"Census Tract 132.01","native_id":"12086013201","source":"census_tract_2025","adm3_name":"Miami-Dade County","adm3_id":"12086","area_sqm":329683,"split":false,"population":1703.740871092784,"days_covered":18,"daytime_peak_f":102.6,"heat_anomaly_f":4.5,"extreme_pct":28.0,"nighttime_stress_f":-4.7,"daytime_peak_f_climrel":0.6666,"heat_anomaly_f_climrel":0.6666,"nighttime_stress_f_climrel":-0.3,"extreme_pct_climrel":0.7,"ref_daytime_hi_mean":98.0,"ref_daytime_hi_p95":103.2,"rwi_mean":null,"health_per_10k":0.0,"built_frac":0.918,"tree_frac":0.004,"canopy_frac_over_3m":0.057,"viirs_mean":82.9,"gdl_hdi":0.936,"gdl_region":"Florida","ghsl_smod":30,"lst_anomaly_c":4.58,"lst_anomaly_c_climrel":0.5725,"worldpop_pop_total":1693.0,"frac_under5":3.6,"frac_elderly_65plus":25.1,"frac_elderly_75plus":10.4,"old_age_dependency_ratio":0.401,"has_data":true},"geometry":{"type":"Polygon","coordinates":[[[-80.344038,25.891516],[-80.342538,25.891509],[-80.339866,25.891504],[-80.339727,25.887873],[-80.339691,25.886981],[-80.339586,25.884173],[-80.343725,25.88411],[-80.343921,25.887926],[-80.344038,25.891516]]]}},{"type":"Feature","properties":{"unit_id":"12086009810","name":"Census Tract 98.10","native_id":"12086009810","source":"census_tract_2025","adm3_name":"Miami-Dade County","adm3_id":"12086","area_sqm":562639,"split":false,"population":3683.0,"days_covered":18,"daytime_peak_f":102.0,"heat_anomaly_f":5.1,"extreme_pct":33.0,"nighttime_stress_f":-3.1,"daytime_peak_f_climrel":0.7587,"heat_anomaly_f_climrel":0.7587,"nighttime_stress_f_climrel":-0.3,"extreme_pct_climrel":0.825,"ref_daytime_hi_mean":96.8,"ref_daytime_hi_p95":102.3,"rwi_mean":null,"health_per_10k":0.0,"built_frac":0.456,"tree_frac":0.072,"canopy_frac_over_3m":0.103,"viirs_mean":60.7,"gdl_hdi":0.936,"gdl_region":"Florida","ghsl_smod":30,"lst_anomaly_c":0.76,"lst_anomaly_c_climrel":0.095,"worldpop_pop_total":4166.0,"frac_under5":4.8,"frac_elderly_65plus":18.2,"frac_elderly_75plus":7.1,"old_age_dependency_ratio":0.274,"has_data":true},"geometry":{"type":"Polygon","coordinates":[[[-80.198165,25.962233],[-80.198182,25.965659],[-80.196991,25.965652],[-80.197017,25.966226],[-80.194179,25.96633],[-80.192855,25.967717],[-80.189151,25.967088],[-80.187723,25.966265],[-80.186987,25.965014],[-80.186648,25.964264],[-80.185658,25.963081],[-80.188948,25.960189],[-80.189747,25.959489],[-80.192762,25.958033],[-80.193376,25.957878],[-80.19526,25.957681],[-80.195293,25.958168],[-80.194085,25.958248],[-80.194427,25.95986],[-80.195219,25.961448],[-80.197565,25.96125],[-80.197521,25.957554],[-80.197675,25.957542],[-80.198564,25.959916],[-80.198165,25.962233]]]}},{"type":"Feature","properties":{"unit_id":"12086007902","name":"Census Tract 79.02","native_id":"12086007902","source":"census_tract_2025","adm3_name":"Miami-Dade County","adm3_id":"12086","area_sqm":2727112,"split":false,"population":5376.0,"days_covered":18,"daytime_peak_f":102.2,"heat_anomaly_f":5.2,"extreme_pct":28.0,"nighttime_stress_f":-3.6,"daytime_peak_f_climrel":0.7489,"heat_anomaly_f_climrel":0.7489,"nighttime_stress_f_climrel":-0.3,"extreme_pct_climrel":0.7,"ref_daytime_hi_mean":97.0,"ref_daytime_hi_p95":102.0,"rwi_mean":null,"health_per_10k":0.0,"built_frac":0.224,"tree_frac":0.753,"canopy_frac_over_3m":0.525,"viirs_mean":49.6,"gdl_hdi":0.936,"gdl_region":"Florida","ghsl_smod":30,"lst_anomaly_c":-3.07,"lst_anomaly_c_climrel":0,"worldpop_pop_total":4020.0,"frac_under5":4.2,"frac_elderly_65plus":21.7,"frac_elderly_75plus":8.8,"old_age_dependency_ratio":0.355,"has_data":true},"geometry":{"type":"Polygon","coordinates":[[[-80.285398,25.704445],[-80.279228,25.704697],[-80.279031,25.704732],[-80.277208,25.70478],[-80.273104,25.704951],[-80.272053,25.704992],[-80.271034,25.705031],[-80.269027,25.705115],[-80.269006,25.704517],[-80.268775,25.697637],[-80.268685,25.695717],[-80.266696,25.69578],[-80.267715,25.693962],[-80.268593,25.692433],[-80.269925,25.69015],[-80.284856,25.689672],[-80.285133,25.697016],[-80.285398,25.704445]]]}},{"type":"Feature","properties":{"unit_id":"12086014900","name":"Census Tract 149","native_id":"12086014900","source":"census_tract_2025","adm3_name":"Miami-Dade County","adm3_id":"12086","area_sqm":1390847,"split":false,"population":4122.0,"days_covered":18,"daytime_peak_f":102.3,"heat_anomaly_f":4.1,"extreme_pct":33.0,"nighttime_stress_f":-5.1,"daytime_peak_f_climrel":0.6155,"heat_anomaly_f_climrel":0.6155,"nighttime_stress_f_climrel":-0.3,"extreme_pct_climrel":0.825,"ref_daytime_hi_mean":98.1,"ref_daytime_hi_p95":103.4,"rwi_mean":null,"health_per_10k":2.42600679281902,"built_frac":0.746,"tree_frac":0.035,"canopy_frac_over_3m":0.088,"viirs_mean":51.6,"gdl_hdi":0.936,"gdl_region":"Florida","ghsl_smod":30,"lst_anomaly_c":null,"lst_anomaly_c_climrel":null,"worldpop_pop_total":6029.0,"frac_under5":3.6,"frac_elderly_65plus":28.8,"frac_elderly_75plus":13.3,"old_age_dependency_ratio":0.485,"has_data":true},"geometry":{"type":"Polygon","coordinates":[[[-80.416897,25.760928],[-80.409831,25.760957],[-80.408834,25.760966],[-80.40879,25.759407],[-80.408493,25.751023],[-80.408221,25.74376],[-80.416235,25.743568],[-80.416517,25.750752],[-80.416897,25.760928]]]}},{"type":"Feature","properties":{"unit_id":"12086018100","name":"Census Tract 181","native_id":"12086018100","source":"census_tract_2025","adm3_name":"Miami-Dade County","adm3_id":"12086","area_sqm":1375586,"split":false,"population":4602.0,"days_covered":18,"daytime_peak_f":102.4,"heat_anomaly_f":4.6,"extreme_pct":33.0,"nighttime_stress_f":-5.5,"daytime_peak_f_climrel":0.6622,"heat_anomaly_f_climrel":0.6622,"nighttime_stress_f_climrel":-0.3,"extreme_pct_climrel":0.825,"ref_daytime_hi_mean":97.8,"ref_daytime_hi_p95":103.3,"rwi_mean":null,"health_per_10k":4.34593654932638,"built_frac":0.561,"tree_frac":0.206,"canopy_frac_over_3m":0.201,"viirs_mean":50.8,"gdl_hdi":0.936,"gdl_region":"Florida","ghsl_smod":30,"lst_anomaly_c":0.32,"lst_anomaly_c_climrel":0.04,"worldpop_pop_total":5565.0,"frac_under5":3.7,"frac_elderly_65plus":24.1,"frac_elderly_75plus":10.1,"old_age_dependency_ratio":0.381,"has_data":true},"geometry":{"type":"Polygon","coordinates":[[[-80.4441,25.673373],[-80.442653,25.675361],[-80.441025,25.675866],[-80.441019,25.677195],[-80.441127,25.684607],[-80.43706,25.684697],[-80.433079,25.684846],[-80.4329,25.679676],[-80.432599,25.679151],[-80.432773,25.677516],[-80.43257,25.670249],[-80.437956,25.670091],[-80.43819,25.670086],[-80.443871,25.669894],[-80.44416,25.67251],[-80.4441,25.673373]]]}},{"type":"Feature","properties":{"unit_id":"12086007704","name":"Census Tract 77.04","native_id":"12086007704","source":"census_tract_2025","adm3_name":"Miami-Dade County","adm3_id":"12086","area_sqm":2186510,"split":false,"population":3825.0,"days_covered":18,"daytime_peak_f":102.2,"heat_anomaly_f":5.2,"extreme_pct":28.0,"nighttime_stress_f":-3.6,"daytime_peak_f_climrel":0.7489,"heat_anomaly_f_climrel":0.7489,"nighttime_stress_f_climrel":-0.3,"extreme_pct_climrel":0.7,"ref_daytime_hi_mean":97.0,"ref_daytime_hi_p95":102.0,"rwi_mean":null,"health_per_10k":0.0,"built_frac":0.321,"tree_frac":0.563,"canopy_frac_over_3m":0.375,"viirs_mean":60.3,"gdl_hdi":0.936,"gdl_region":"Florida","ghsl_smod":30,"lst_anomaly_c":-1.37,"lst_anomaly_c_climrel":0,"worldpop_pop_total":8466.0,"frac_under5":3.6,"frac_elderly_65plus":17.8,"frac_elderly_75plus":7.2,"old_age_dependency_ratio":0.25,"has_data":true},"geometry":{"type":"Polygon","coordinates":[[[-80.317716,25.710367],[-80.306821,25.710778],[-80.30666,25.703484],[-80.306492,25.696184],[-80.306409,25.692694],[-80.306602,25.692005],[-80.309262,25.692248],[-80.311456,25.692448],[-80.316483,25.692304],[-80.317079,25.69235],[-80.317128,25.69534],[-80.317374,25.703011],[-80.317716,25.710367]]]}},{"type":"Feature","properties":{"unit_id":"12086006718","name":"Census Tract 67.18","native_id":"12086006718","source":"census_tract_2025","adm3_name":"Miami-Dade County","adm3_id":"12086","area_sqm":103658,"split":false,"population":2223.3777233883307,"days_covered":18,"daytime_peak_f":101.9,"heat_anomaly_f":5.5,"extreme_pct":39.0,"nighttime_stress_f":-3.1,"daytime_peak_f_climrel":0.8322,"heat_anomaly_f_climrel":0.8322,"nighttime_stress_f_climrel":-0.3,"extreme_pct_climrel":0.975,"ref_daytime_hi_mean":96.4,"ref_daytime_hi_p95":101.7,"rwi_mean":null,"health_per_10k":0.0,"built_frac":0.91,"tree_frac":0.043,"canopy_frac_over_3m":0.139,"viirs_mean":218.0,"gdl_hdi":0.936,"gdl_region":"Florida","ghsl_smod":30,"lst_anomaly_c":-2.63,"lst_anomaly_c_climrel":0,"worldpop_pop_total":7993.0,"frac_under5":4.7,"frac_elderly_65plus":4.7,"frac_elderly_75plus":1.4,"old_age_dependency_ratio":0.055,"has_data":true},"geometry":{"type":"Polygon","coordinates":[[[-80.193313,25.766414],[-80.192058,25.766425],[-80.190688,25.766184],[-80.191207,25.764177],[-80.191538,25.762967],[-80.19188,25.761675],[-80.193278,25.761585],[-80.193114,25.762517],[-80.193208,25.76351],[-80.193233,25.764492],[-80.193281,25.76545],[-80.193313,25.766414]]]}},{"type":"Feature","properties":{"unit_id":"12086019301","name":"Census Tract 193.01","native_id":"12086019301","source":"census_tract_2025","adm3_name":"Miami-Dade County","adm3_id":"12086","area_sqm":965625,"split":false,"population":4210.0,"days_covered":18,"daytime_peak_f":101.6,"heat_anomaly_f":4.2,"extreme_pct":22.0,"nighttime_stress_f":-6.1,"daytime_peak_f_climrel":0.5768,"heat_anomaly_f_climrel":0.5768,"nighttime_stress_f_climrel":-0.3,"extreme_pct_climrel":0.55,"ref_daytime_hi_mean":97.4,"ref_daytime_hi_p95":103.0,"rwi_mean":null,"health_per_10k":0.0,"built_frac":0.539,"tree_frac":0.121,"canopy_frac_over_3m":0.1,"viirs_mean":48.9,"gdl_hdi":0.936,"gdl_region":"Florida","ghsl_smod":30,"lst_anomaly_c":-4.22,"lst_anomaly_c_climrel":0,"worldpop_pop_total":3646.0,"frac_under5":5.4,"frac_elderly_65plus":13.5,"frac_elderly_75plus":5.2,"old_age_dependency_ratio":0.198,"has_data":true},"geometry":{"type":"Polygon","coordinates":[[[-80.398543,25.635483],[-80.386536,25.648901],[-80.38491,25.650718],[-80.384374,25.649369],[-80.38507,25.64598],[-80.385298,25.645041],[-80.385396,25.643505],[-80.385176,25.638291],[-80.385554,25.638272],[-80.387026,25.638254],[-80.386812,25.634429],[-80.390536,25.634224],[-80.398495,25.634053],[-80.398543,25.635483]]]}},{"type":"Feature","properties":{"unit_id":"12086001003","name":"Census Tract 10.03","native_id":"12086001003","source":"census_tract_2025","adm3_name":"Miami-Dade County","adm3_id":"12086","area_sqm":2002643,"split":false,"population":1777.0,"days_covered":18,"daytime_peak_f":102.2,"heat_anomaly_f":5.4,"extreme_pct":33.0,"nighttime_stress_f":-2.9,"daytime_peak_f_climrel":0.8011,"heat_anomaly_f_climrel":0.8011,"nighttime_stress_f_climrel":-0.3,"extreme_pct_climrel":0.825,"ref_daytime_hi_mean":96.9,"ref_daytime_hi_p95":102.4,"rwi_mean":null,"health_per_10k":0.0,"built_frac":0.704,"tree_frac":0.206,"canopy_frac_over_3m":0.178,"viirs_mean":71.1,"gdl_hdi":0.936,"gdl_region":"Florida","ghsl_smod":30,"lst_anomaly_c":0.66,"lst_anomaly_c_climrel":0.0825,"worldpop_pop_total":6594.0,"frac_under5":5.0,"frac_elderly_65plus":19.7,"frac_elderly_75plus":8.5,"old_age_dependency_ratio":0.306,"has_data":true},"geometry":{"type":"Polygon","coordinates":[[[-80.242243,25.86072],[-80.23409,25.860941],[-80.233952,25.857311],[-80.233839,25.853677],[-80.225649,25.853929],[-80.225525,25.850212],[-80.225399,25.846541],[-80.233594,25.846262],[-80.241746,25.84605],[-80.241996,25.853434],[-80.242108,25.856604],[-80.242124,25.857066],[-80.242243,25.86072]]]}},{"type":"Feature","properties":{"unit_id":"12086003706","name":"Census Tract 37.06","native_id":"12086003706","source":"census_tract_2025","adm3_name":"Miami-Dade County","adm3_id":"12086","area_sqm":245610,"split":false,"population":18268.0,"days_covered":18,"daytime_peak_f":101.9,"heat_anomaly_f":5.5,"extreme_pct":39.0,"nighttime_stress_f":-3.1,"daytime_peak_f_climrel":0.8322,"heat_anomaly_f_climrel":0.8322,"nighttime_stress_f_climrel":-0.3,"extreme_pct_climrel":0.975,"ref_daytime_hi_mean":96.4,"ref_daytime_hi_p95":101.7,"rwi_mean":null,"health_per_10k":0.0,"built_frac":0.892,"tree_frac":0.053,"canopy_frac_over_3m":0.13,"viirs_mean":225.9,"gdl_hdi":0.936,"gdl_region":"Florida","ghsl_smod":30,"lst_anomaly_c":-5.81,"lst_anomaly_c_climrel":0,"worldpop_pop_total":1187.0,"frac_under5":0.1,"frac_elderly_65plus":2.4,"frac_elderly_75plus":0.4,"old_age_dependency_ratio":0.024,"has_data":true},"geometry":{"type":"Polygon","coordinates":[[[-80.196261,25.781758],[-80.196055,25.781766],[-80.195427,25.78077],[-80.193818,25.780428],[-80.193831,25.779891],[-80.192152,25.779978],[-80.192018,25.77613],[-80.193715,25.776067],[-80.193623,25.774134],[-80.195955,25.774082],[-80.196148,25.77888],[-80.196261,25.781758]]]}},{"type":"Feature","properties":{"unit_id":"12086011204","name":"Census Tract 112.04","native_id":"12086011204","source":"census_tract_2025","adm3_name":"Miami-Dade County","adm3_id":"12086","area_sqm":1983146,"split":false,"population":2097.0,"days_covered":18,"daytime_peak_f":100.7,"heat_anomaly_f":3.0,"extreme_pct":17.0,"nighttime_stress_f":-8.0,"daytime_peak_f_climrel":0.4742,"heat_anomaly_f_climrel":0.4742,"nighttime_stress_f_climrel":-0.3,"extreme_pct_climrel":0.425,"ref_daytime_hi_mean":97.7,"ref_daytime_hi_p95":102.5,"rwi_mean":null,"health_per_10k":0.0,"built_frac":0.293,"tree_frac":0.325,"canopy_frac_over_3m":0.213,"viirs_mean":27.1,"gdl_hdi":0.936,"gdl_region":"Florida","ghsl_smod":30,"lst_anomaly_c":null,"lst_anomaly_c_climrel":null,"worldpop_pop_total":2951.0,"frac_under5":4.2,"frac_elderly_65plus":16.9,"frac_elderly_75plus":7.3,"old_age_dependency_ratio":0.258,"has_data":true},"geometry":{"type":"Polygon","coordinates":[[[-80.493875,25.495302],[-80.489785,25.495336],[-80.477578,25.495434],[-80.477575,25.491758],[-80.477561,25.489925],[-80.477554,25.489013],[-80.477484,25.484469],[-80.485619,25.48442],[-80.489667,25.484384],[-80.493747,25.484376],[-80.493812,25.48898],[-80.493821,25.490558],[-80.493875,25.495302]]]}},{"type":"Feature","properties":{"unit_id":"12086010604","name":"Census Tract 106.04","native_id":"12086010604","source":"census_tract_2025","adm3_name":"Miami-Dade County","adm3_id":"12086","area_sqm":2518125,"split":false,"population":3825.0,"days_covered":18,"daytime_peak_f":101.6,"heat_anomaly_f":5.0,"extreme_pct":44.0,"nighttime_stress_f":-3.3,"daytime_peak_f_climrel":0.7446,"heat_anomaly_f_climrel":0.7446,"nighttime_stress_f_climrel":-0.3,"extreme_pct_climrel":1,"ref_daytime_hi_mean":96.5,"ref_daytime_hi_p95":101.7,"rwi_mean":null,"health_per_10k":0.0,"built_frac":0.578,"tree_frac":0.227,"canopy_frac_over_3m":0.216,"viirs_mean":28.2,"gdl_hdi":0.936,"gdl_region":"Florida","ghsl_smod":30,"lst_anomaly_c":0.31,"lst_anomaly_c_climrel":0.0387,"worldpop_pop_total":5803.0,"frac_under5":4.9,"frac_elderly_65plus":18.8,"frac_elderly_75plus":7.4,"old_age_dependency_ratio":0.287,"has_data":true},"geometry":{"type":"Polygon","coordinates":[[[-80.348118,25.598781],[-80.344097,25.598874],[-80.335562,25.59907],[-80.332067,25.599178],[-80.331971,25.592377],[-80.331981,25.588743],[-80.331902,25.585715],[-80.331798,25.579927],[-80.333086,25.579407],[-80.335604,25.578804],[-80.340448,25.584169],[-80.342639,25.586655],[-80.345414,25.589836],[-80.346965,25.591604],[-80.34779,25.592667],[-80.348074,25.594406],[-80.348102,25.596058],[-80.348118,25.598781]]]}},{"type":"Feature","properties":{"unit_id":"12086003707","name":"Census Tract 37.07","native_id":"12086003707","source":"census_tract_2025","adm3_name":"Miami-Dade County","adm3_id":"12086","area_sqm":169150,"split":false,"population":3790.2126536914143,"days_covered":18,"daytime_peak_f":101.9,"heat_anomaly_f":5.5,"extreme_pct":39.0,"nighttime_stress_f":-3.1,"daytime_peak_f_climrel":0.8322,"heat_anomaly_f_climrel":0.8322,"nighttime_stress_f_climrel":-0.3,"extreme_pct_climrel":0.975,"ref_daytime_hi_mean":96.4,"ref_daytime_hi_p95":101.7,"rwi_mean":null,"health_per_10k":2.638374390487211,"built_frac":0.974,"tree_frac":0.003,"canopy_frac_over_3m":0.136,"viirs_mean":261.4,"gdl_hdi":0.936,"gdl_region":"Florida","ghsl_smod":30,"lst_anomaly_c":-3.04,"lst_anomaly_c_climrel":0,"worldpop_pop_total":3562.0,"frac_under5":3.0,"frac_elderly_65plus":6.3,"frac_elderly_75plus":2.1,"old_age_dependency_ratio":0.073,"has_data":true},"geometry":{"type":"Polygon","coordinates":[[[-80.192152,25.779978],[-80.188883,25.780112],[-80.188071,25.778177],[-80.187522,25.776241],[-80.192018,25.77613],[-80.192152,25.779978]]]}},{"type":"Feature","properties":{"unit_id":"12086002004","name":"Census Tract 20.04","native_id":"12086002004","source":"census_tract_2025","adm3_name":"Miami-Dade County","adm3_id":"12086","area_sqm":712538,"split":false,"population":3229.0,"days_covered":18,"daytime_peak_f":101.9,"heat_anomaly_f":5.5,"extreme_pct":39.0,"nighttime_stress_f":-3.1,"daytime_peak_f_climrel":0.8322,"heat_anomaly_f_climrel":0.8322,"nighttime_stress_f_climrel":-0.3,"extreme_pct_climrel":0.975,"ref_daytime_hi_mean":96.4,"ref_daytime_hi_p95":101.7,"rwi_mean":null,"health_per_10k":6.193868070610096,"built_frac":0.677,"tree_frac":0.286,"canopy_frac_over_3m":0.263,"viirs_mean":94.4,"gdl_hdi":0.936,"gdl_region":"Florida","ghsl_smod":30,"lst_anomaly_c":2.31,"lst_anomaly_c_climrel":0.2888,"worldpop_pop_total":1946.0,"frac_under5":6.2,"frac_elderly_65plus":19.6,"frac_elderly_75plus":7.5,"old_age_dependency_ratio":0.316,"has_data":true},"geometry":{"type":"Polygon","coordinates":[[[-80.196244,25.832622],[-80.192831,25.832725],[-80.19223,25.832699],[-80.187971,25.833222],[-80.187934,25.832554],[-80.187625,25.825493],[-80.191868,25.825389],[-80.195923,25.82528],[-80.196468,25.831441],[-80.196244,25.832622]]]}},{"type":"Feature","properties":{"unit_id":"12086004206","name":"Census Tract 42.06","native_id":"12086004206","source":"census_tract_2025","adm3_name":"Miami-Dade County","adm3_id":"12086","area_sqm":860502,"split":false,"population":5758.0,"days_covered":18,"daytime_peak_f":102.9,"heat_anomaly_f":6.1,"extreme_pct":44.0,"nighttime_stress_f":-3.1,"daytime_peak_f_climrel":0.9278,"heat_anomaly_f_climrel":0.9278,"nighttime_stress_f_climrel":-0.3,"extreme_pct_climrel":1,"ref_daytime_hi_mean":96.9,"ref_daytime_hi_p95":102.1,"rwi_mean":null,"health_per_10k":3.4734282737061477,"built_frac":0.78,"tree_frac":0.048,"canopy_frac_over_3m":0.175,"viirs_mean":164.1,"gdl_hdi":0.936,"gdl_region":"Florida","ghsl_smod":30,"lst_anomaly_c":0.89,"lst_anomaly_c_climrel":0.1113,"worldpop_pop_total":919.0,"frac_under5":1.7,"frac_elderly_65plus":26.5,"frac_elderly_75plus":11.3,"old_age_dependency_ratio":0.392,"has_data":true},"geometry":{"type":"Polygon","coordinates":[[[-80.136695,25.795888],[-80.132198,25.798327],[-80.130224,25.799409],[-80.129976,25.799],[-80.128007,25.798353],[-80.126404,25.797851],[-80.1251766683389,25.7974725551959],[-80.125988,25.793403],[-80.1266853956784,25.7903805964731],[-80.1266921619092,25.7903512726897],[-80.128767,25.79075],[-80.13188,25.790675],[-80.134291,25.790624],[-80.136551,25.790555],[-80.136695,25.795888]]]}},{"type":"Feature","properties":{"unit_id":"12086005407","name":"Census Tract 54.07","native_id":"12086005407","source":"census_tract_2025","adm3_name":"Miami-Dade County","adm3_id":"12086","area_sqm":649958,"split":false,"population":4696.0,"days_covered":18,"daytime_peak_f":101.9,"heat_anomaly_f":5.5,"extreme_pct":39.0,"nighttime_stress_f":-3.1,"daytime_peak_f_climrel":0.8322,"heat_anomaly_f_climrel":0.8322,"nighttime_stress_f_climrel":-0.3,"extreme_pct_climrel":0.975,"ref_daytime_hi_mean":96.4,"ref_daytime_hi_p95":101.7,"rwi_mean":null,"health_per_10k":4.258943781942079,"built_frac":0.875,"tree_frac":0.08,"canopy_frac_over_3m":0.173,"viirs_mean":122.6,"gdl_hdi":0.936,"gdl_region":"Florida","ghsl_smod":30,"lst_anomaly_c":2.82,"lst_anomaly_c_climrel":0.3525,"worldpop_pop_total":2947.0,"frac_under5":4.1,"frac_elderly_65plus":30.7,"frac_elderly_75plus":16.0,"old_age_dependency_ratio":0.532,"has_data":true},"geometry":{"type":"Polygon","coordinates":[[[-80.239102,25.772338],[-80.23606,25.77244],[-80.230979,25.772567],[-80.230926,25.771418],[-80.230803,25.768933],[-80.230675,25.765403],[-80.232736,25.765368],[-80.238845,25.765173],[-80.238953,25.768391],[-80.239102,25.772338]]]}},{"type":"Feature","properties":{"unit_id":"12086015102","name":"Census Tract 151.02","native_id":"12086015102","source":"census_tract_2025","adm3_name":"Miami-Dade County","adm3_id":"12086","area_sqm":2298906,"split":false,"population":0.0,"days_covered":18,"daytime_peak_f":102.7,"heat_anomaly_f":4.1,"extreme_pct":28.0,"nighttime_stress_f":-6.8,"daytime_peak_f_climrel":0.6108,"heat_anomaly_f_climrel":0.6108,"nighttime_stress_f_climrel":-0.3,"extreme_pct_climrel":0.7,"ref_daytime_hi_mean":98.7,"ref_daytime_hi_p95":103.8,"rwi_mean":null,"health_per_10k":null,"built_frac":0.267,"tree_frac":0.092,"canopy_frac_over_3m":0.258,"viirs_mean":16.0,"gdl_hdi":0.936,"gdl_region":"Florida","ghsl_smod":11,"lst_anomaly_c":-2.06,"lst_anomaly_c_climrel":0,"worldpop_pop_total":3016.0,"frac_under5":4.7,"frac_elderly_65plus":12.5,"frac_elderly_75plus":4.5,"old_age_dependency_ratio":0.185,"has_data":true},"geometry":{"type":"Polygon","coordinates":[[[-80.473041,25.760834],[-80.440988,25.760912],[-80.440782,25.757248],[-80.440526,25.750042],[-80.440295,25.745531],[-80.441278,25.745409],[-80.444342,25.745308],[-80.444814,25.757118],[-80.464895,25.756512],[-80.464691,25.752888],[-80.472721,25.752588],[-80.473041,25.760834]]]}},{"type":"Feature","properties":{"unit_id":"12086002300","name":"Census Tract 23","native_id":"12086002300","source":"census_tract_2025","adm3_name":"Miami-Dade County","adm3_id":"12086","area_sqm":1715114,"split":false,"population":6843.0,"days_covered":18,"daytime_peak_f":101.9,"heat_anomaly_f":5.5,"extreme_pct":39.0,"nighttime_stress_f":-3.1,"daytime_peak_f_climrel":0.8322,"heat_anomaly_f_climrel":0.8322,"nighttime_stress_f_climrel":-0.3,"extreme_pct_climrel":0.975,"ref_daytime_hi_mean":96.4,"ref_daytime_hi_p95":101.7,"rwi_mean":null,"health_per_10k":0.0,"built_frac":0.621,"tree_frac":0.316,"canopy_frac_over_3m":0.213,"viirs_mean":73.3,"gdl_hdi":0.936,"gdl_region":"Florida","ghsl_smod":30,"lst_anomaly_c":3.04,"lst_anomaly_c_climrel":0.38,"worldpop_pop_total":6122.0,"frac_under5":5.4,"frac_elderly_65plus":16.9,"frac_elderly_75plus":6.7,"old_age_dependency_ratio":0.261,"has_data":true},"geometry":{"type":"Polygon","coordinates":[[[-80.224404,25.820796],[-80.21612,25.820994],[-80.208019,25.821236],[-80.208053,25.822157],[-80.206643,25.822215],[-80.206427,25.817574],[-80.206151,25.812448],[-80.206903,25.812529],[-80.209003,25.812632],[-80.215787,25.812395],[-80.224021,25.812211],[-80.224139,25.814775],[-80.224255,25.817081],[-80.224404,25.820796]]]}},{"type":"Feature","properties":{"unit_id":"12086019000","name":"Census Tract 190","native_id":"12086019000","source":"census_tract_2025","adm3_name":"Miami-Dade County","adm3_id":"12086","area_sqm":2491273,"split":false,"population":2573.0,"days_covered":18,"daytime_peak_f":102.4,"heat_anomaly_f":4.6,"extreme_pct":33.0,"nighttime_stress_f":-5.5,"daytime_peak_f_climrel":0.6622,"heat_anomaly_f_climrel":0.6622,"nighttime_stress_f_climrel":-0.3,"extreme_pct_climrel":0.825,"ref_daytime_hi_mean":97.8,"ref_daytime_hi_p95":103.3,"rwi_mean":null,"health_per_10k":7.773027594247959,"built_frac":0.449,"tree_frac":0.249,"canopy_frac_over_3m":0.192,"viirs_mean":42.7,"gdl_hdi":0.936,"gdl_region":"Florida","ghsl_smod":30,"lst_anomaly_c":-1.71,"lst_anomaly_c_climrel":0,"worldpop_pop_total":6537.0,"frac_under5":3.3,"frac_elderly_65plus":23.8,"frac_elderly_75plus":9.8,"old_age_dependency_ratio":0.378,"has_data":true},"geometry":{"type":"Polygon","coordinates":[[[-80.416552,25.685339],[-80.414787,25.685398],[-80.408711,25.68558],[-80.403733,25.685786],[-80.400657,25.685886],[-80.400602,25.680985],[-80.400579,25.680497],[-80.400511,25.678578],[-80.400247,25.671325],[-80.403703,25.671222],[-80.41226,25.670931],[-80.416358,25.670796],[-80.416379,25.674429],[-80.416478,25.67777],[-80.416552,25.685339]]]}},{"type":"Feature","properties":{"unit_id":"12086008308","name":"Census Tract 83.08","native_id":"12086008308","source":"census_tract_2025","adm3_name":"Miami-Dade County","adm3_id":"12086","area_sqm":2085279,"split":false,"population":3271.0,"days_covered":18,"daytime_peak_f":101.6,"heat_anomaly_f":4.2,"extreme_pct":22.0,"nighttime_stress_f":-6.1,"daytime_peak_f_climrel":0.5768,"heat_anomaly_f_climrel":0.5768,"nighttime_stress_f_climrel":-0.3,"extreme_pct_climrel":0.55,"ref_daytime_hi_mean":97.4,"ref_daytime_hi_p95":103.0,"rwi_mean":null,"health_per_10k":0.0,"built_frac":0.675,"tree_frac":0.142,"canopy_frac_over_3m":0.14,"viirs_mean":49.3,"gdl_hdi":0.936,"gdl_region":"Florida","ghsl_smod":30,"lst_anomaly_c":0.14,"lst_anomaly_c_climrel":0.0175,"worldpop_pop_total":6377.0,"frac_under5":4.9,"frac_elderly_65plus":21.8,"frac_elderly_75plus":8.7,"old_age_dependency_ratio":0.344,"has_data":true},"geometry":{"type":"Polygon","coordinates":[[[-80.378302,25.612604],[-80.373694,25.612822],[-80.365477,25.613227],[-80.364965,25.605749],[-80.364464,25.598293],[-80.37363,25.597958],[-80.374961,25.597883],[-80.376862,25.600549],[-80.377389,25.601948],[-80.377878,25.60404],[-80.378302,25.612604]]]}},{"type":"Feature","properties":{"unit_id":"12086011409","name":"Census Tract 114.09","native_id":"12086011409","source":"census_tract_2025","adm3_name":"Miami-Dade County","adm3_id":"12086","area_sqm":4127859,"split":false,"population":5867.0,"days_covered":18,"daytime_peak_f":100.7,"heat_anomaly_f":3.0,"extreme_pct":17.0,"nighttime_stress_f":-8.0,"daytime_peak_f_climrel":0.4742,"heat_anomaly_f_climrel":0.4742,"nighttime_stress_f_climrel":-0.3,"extreme_pct_climrel":0.425,"ref_daytime_hi_mean":97.7,"ref_daytime_hi_p95":102.5,"rwi_mean":null,"health_per_10k":3.4088972217487643,"built_frac":0.417,"tree_frac":0.104,"canopy_frac_over_3m":0.158,"viirs_mean":55.0,"gdl_hdi":0.936,"gdl_region":"Florida","ghsl_smod":30,"lst_anomaly_c":null,"lst_anomaly_c_climrel":null,"worldpop_pop_total":6829.0,"frac_under5":5.3,"frac_elderly_65plus":14.2,"frac_elderly_75plus":5.0,"old_age_dependency_ratio":0.212,"has_data":true},"geometry":{"type":"Polygon","coordinates":[[[-80.477287,25.462487],[-80.475151,25.46248],[-80.469013,25.462454],[-80.462972,25.462542],[-80.461844,25.462574],[-80.460799,25.462571],[-80.452348,25.462708],[-80.450283,25.45683],[-80.449928,25.455404],[-80.449676,25.453218],[-80.450773,25.447818],[-80.452425,25.447803],[-80.459426,25.447818],[-80.460689,25.447795],[-80.466857,25.447769],[-80.477164,25.447837],[-80.477197,25.455169],[-80.477287,25.462487]]]}},{"type":"Feature","properties":{"unit_id":"12086000705","name":"Census Tract 7.05","native_id":"12086000705","source":"census_tract_2025","adm3_name":"Miami-Dade County","adm3_id":"12086","area_sqm":1261188,"split":false,"population":8344.0,"days_covered":18,"daytime_peak_f":102.6,"heat_anomaly_f":4.5,"extreme_pct":28.0,"nighttime_stress_f":-4.7,"daytime_peak_f_climrel":0.6666,"heat_anomaly_f_climrel":0.6666,"nighttime_stress_f_climrel":-0.3,"extreme_pct_climrel":0.7,"ref_daytime_hi_mean":98.0,"ref_daytime_hi_p95":103.2,"rwi_mean":null,"health_per_10k":3.5953978906999042,"built_frac":0.93,"tree_frac":0.023,"canopy_frac_over_3m":0.09,"viirs_mean":161.2,"gdl_hdi":0.936,"gdl_region":"Florida","ghsl_smod":30,"lst_anomaly_c":3.42,"lst_anomaly_c_climrel":0.4275,"worldpop_pop_total":5541.0,"frac_under5":2.7,"frac_elderly_65plus":36.4,"frac_elderly_75plus":20.4,"old_age_dependency_ratio":0.655,"has_data":true},"geometry":{"type":"Polygon","coordinates":[[[-80.322901,25.869593],[-80.314937,25.869592],[-80.3146,25.868688],[-80.314876,25.866591],[-80.314796,25.863899],[-80.314755,25.862515],[-80.314541,25.855275],[-80.318578,25.855272],[-80.321141,25.85536],[-80.322584,25.855839],[-80.322849,25.866634],[-80.322901,25.869593]]]}},{"type":"Feature","properties":{"unit_id":"12086015001","name":"Census Tract 150.01","native_id":"12086015001","source":"census_tract_2025","adm3_name":"Miami-Dade County","adm3_id":"12086","area_sqm":1553544,"split":false,"population":4409.0,"days_covered":18,"daytime_peak_f":102.3,"heat_anomaly_f":4.1,"extreme_pct":33.0,"nighttime_stress_f":-5.1,"daytime_peak_f_climrel":0.6155,"heat_anomaly_f_climrel":0.6155,"nighttime_stress_f_climrel":-0.3,"extreme_pct_climrel":0.825,"ref_daytime_hi_mean":98.1,"ref_daytime_hi_p95":103.4,"rwi_mean":null,"health_per_10k":2.2680880018144705,"built_frac":0.938,"tree_frac":0.037,"canopy_frac_over_3m":0.082,"viirs_mean":54.2,"gdl_hdi":0.936,"gdl_region":"Florida","ghsl_smod":30,"lst_anomaly_c":2.41,"lst_anomaly_c_climrel":0.3013,"worldpop_pop_total":5761.0,"frac_under5":3.4,"frac_elderly_65plus":29.4,"frac_elderly_75plus":13.8,"old_age_dependency_ratio":0.491,"has_data":true},"geometry":{"type":"Polygon","coordinates":[[[-80.424805,25.760892],[-80.420887,25.760922],[-80.41703,25.76094],[-80.416897,25.760928],[-80.416517,25.750752],[-80.416235,25.743568],[-80.420284,25.743382],[-80.424243,25.743247],[-80.424704,25.755949],[-80.424805,25.760892]]]}},{"type":"Feature","properties":{"unit_id":"12086007007","name":"Census Tract 70.07","native_id":"12086007007","source":"census_tract_2025","adm3_name":"Miami-Dade County","adm3_id":"12086","area_sqm":412390,"split":false,"population":5007.0,"days_covered":18,"daytime_peak_f":102.2,"heat_anomaly_f":5.2,"extreme_pct":28.0,"nighttime_stress_f":-3.6,"daytime_peak_f_climrel":0.7489,"heat_anomaly_f_climrel":0.7489,"nighttime_stress_f_climrel":-0.3,"extreme_pct_climrel":0.7,"ref_daytime_hi_mean":97.0,"ref_daytime_hi_p95":102.0,"rwi_mean":null,"health_per_10k":5.991611743559018,"built_frac":0.852,"tree_frac":0.138,"canopy_frac_over_3m":0.154,"viirs_mean":124.1,"gdl_hdi":0.936,"gdl_region":"Florida","ghsl_smod":30,"lst_anomaly_c":2.26,"lst_anomaly_c_climrel":0.2825,"worldpop_pop_total":3326.0,"frac_under5":3.9,"frac_elderly_65plus":12.9,"frac_elderly_75plus":5.7,"old_age_dependency_ratio":0.169,"has_data":true},"geometry":{"type":"Polygon","coordinates":[[[-80.258168,25.738629],[-80.256188,25.739051],[-80.256229,25.742007],[-80.254272,25.742072],[-80.25418,25.739133],[-80.254162,25.73878],[-80.254014,25.73507],[-80.250769,25.735172],[-80.252705,25.733744],[-80.253892,25.732652],[-80.255099,25.73164],[-80.255865,25.731289],[-80.257918,25.73218],[-80.25803,25.734922],[-80.258168,25.738629]]]}},{"type":"Feature","properties":{"unit_id":"12086009058","name":"Census Tract 90.58","native_id":"12086009058","source":"census_tract_2025","adm3_name":"Miami-Dade County","adm3_id":"12086","area_sqm":1058296,"split":false,"population":4799.0,"days_covered":18,"daytime_peak_f":102.3,"heat_anomaly_f":4.1,"extreme_pct":33.0,"nighttime_stress_f":-5.1,"daytime_peak_f_climrel":0.6155,"heat_anomaly_f_climrel":0.6155,"nighttime_stress_f_climrel":-0.3,"extreme_pct_climrel":0.825,"ref_daytime_hi_mean":98.1,"ref_daytime_hi_p95":103.4,"rwi_mean":null,"health_per_10k":2.083767451552407,"built_frac":0.512,"tree_frac":0.16,"canopy_frac_over_3m":0.193,"viirs_mean":60.7,"gdl_hdi":0.936,"gdl_region":"Florida","ghsl_smod":30,"lst_anomaly_c":-1.25,"lst_anomaly_c_climrel":0,"worldpop_pop_total":5425.0,"frac_under5":4.6,"frac_elderly_65plus":17.2,"frac_elderly_75plus":7.5,"old_age_dependency_ratio":0.258,"has_data":true},"geometry":{"type":"Polygon","coordinates":[[[-80.361906,25.826246],[-80.353926,25.826129],[-80.353843,25.820835],[-80.353609,25.819182],[-80.35327,25.812535],[-80.353407,25.81166],[-80.361572,25.811599],[-80.361536,25.813281],[-80.359457,25.819024],[-80.359623,25.81979],[-80.360299,25.820903],[-80.361574,25.822981],[-80.361906,25.826246]]]}},{"type":"Feature","properties":{"unit_id":"12086010026","name":"Census Tract 100.26","native_id":"12086010026","source":"census_tract_2025","adm3_name":"Miami-Dade County","adm3_id":"12086","area_sqm":2624872,"split":false,"population":4783.0,"days_covered":18,"daytime_peak_f":103.3,"heat_anomaly_f":5.4,"extreme_pct":33.0,"nighttime_stress_f":-5.5,"daytime_peak_f_climrel":0.7702,"heat_anomaly_f_climrel":0.7702,"nighttime_stress_f_climrel":-0.3,"extreme_pct_climrel":0.825,"ref_daytime_hi_mean":97.9,"ref_daytime_hi_p95":103.4,"rwi_mean":null,"health_per_10k":0.0,"built_frac":0.266,"tree_frac":0.175,"canopy_frac_over_3m":0.121,"viirs_mean":47.9,"gdl_hdi":0.936,"gdl_region":"Florida","ghsl_smod":30,"lst_anomaly_c":-1.07,"lst_anomaly_c_climrel":0,"worldpop_pop_total":2967.0,"frac_under5":4.9,"frac_elderly_65plus":18.4,"frac_elderly_75plus":7.9,"old_age_dependency_ratio":0.294,"has_data":true},"geometry":{"type":"Polygon","coordinates":[[[-80.295104,25.970572],[-80.278764,25.970968],[-80.262568,25.971296],[-80.262269,25.961758],[-80.273115,25.962153],[-80.277824,25.964515],[-80.278266,25.964572],[-80.27965,25.964364],[-80.294664,25.964198],[-80.295072,25.963555],[-80.295104,25.970572]]]}},{"type":"Feature","properties":{"unit_id":"12086000228","name":"Census Tract 2.28","native_id":"12086000228","source":"census_tract_2025","adm3_name":"Miami-Dade County","adm3_id":"12086","area_sqm":637055,"split":false,"population":1990.0,"days_covered":18,"daytime_peak_f":102.2,"heat_anomaly_f":5.4,"extreme_pct":33.0,"nighttime_stress_f":-2.9,"daytime_peak_f_climrel":0.8011,"heat_anomaly_f_climrel":0.8011,"nighttime_stress_f_climrel":-0.3,"extreme_pct_climrel":0.825,"ref_daytime_hi_mean":96.9,"ref_daytime_hi_p95":102.4,"rwi_mean":null,"health_per_10k":0.0,"built_frac":0.6,"tree_frac":0.362,"canopy_frac_over_3m":0.237,"viirs_mean":45.6,"gdl_hdi":0.936,"gdl_region":"Florida","ghsl_smod":30,"lst_anomaly_c":1.0,"lst_anomaly_c_climrel":0.125,"worldpop_pop_total":3025.0,"frac_under5":5.8,"frac_elderly_65plus":15.4,"frac_elderly_75plus":5.4,"old_age_dependency_ratio":0.228,"has_data":true},"geometry":{"type":"Polygon","coordinates":[[[-80.175535,25.914314],[-80.171495,25.914468],[-80.163474,25.914804],[-80.167303,25.911059],[-80.171156,25.907354],[-80.175144,25.90719],[-80.175417,25.912523],[-80.175535,25.914314]]]}},{"type":"Feature","properties":{"unit_id":"12086013202","name":"Census Tract 132.02","native_id":"12086013202","source":"census_tract_2025","adm3_name":"Miami-Dade County","adm3_id":"12086","area_sqm":585205,"split":false,"population":3995.0,"days_covered":18,"daytime_peak_f":102.6,"heat_anomaly_f":4.5,"extreme_pct":28.0,"nighttime_stress_f":-4.7,"daytime_peak_f_climrel":0.6666,"heat_anomaly_f_climrel":0.6666,"nighttime_stress_f_climrel":-0.3,"extreme_pct_climrel":0.7,"ref_daytime_hi_mean":98.0,"ref_daytime_hi_p95":103.2,"rwi_mean":null,"health_per_10k":2.5031289111389237,"built_frac":0.917,"tree_frac":0.022,"canopy_frac_over_3m":0.08,"viirs_mean":81.7,"gdl_hdi":0.936,"gdl_region":"Florida","ghsl_smod":30,"lst_anomaly_c":4.45,"lst_anomaly_c_climrel":0.5563,"worldpop_pop_total":3474.0,"frac_under5":2.9,"frac_elderly_65plus":25.2,"frac_elderly_75plus":10.1,"old_age_dependency_ratio":0.394,"has_data":true},"geometry":{"type":"Polygon","coordinates":[[[-80.351008,25.886102],[-80.350923,25.887862],[-80.351101,25.891496],[-80.34808,25.891503],[-80.344038,25.891516],[-80.343921,25.887926],[-80.343725,25.88411],[-80.347744,25.884096],[-80.352044,25.884081],[-80.351008,25.886102]]]}},{"type":"Feature","properties":{"unit_id":"12086008911","name":"Census Tract 89.11","native_id":"12086008911","source":"census_tract_2025","adm3_name":"Miami-Dade County","adm3_id":"12086","area_sqm":1288901,"split":false,"population":3656.0,"days_covered":18,"daytime_peak_f":102.1,"heat_anomaly_f":4.6,"extreme_pct":44.0,"nighttime_stress_f":-4.1,"daytime_peak_f_climrel":0.6814,"heat_anomaly_f_climrel":0.6814,"nighttime_stress_f_climrel":-0.3,"extreme_pct_climrel":1,"ref_daytime_hi_mean":97.5,"ref_daytime_hi_p95":102.7,"rwi_mean":null,"health_per_10k":5.470459518599562,"built_frac":0.889,"tree_frac":0.057,"canopy_frac_over_3m":0.142,"viirs_mean":57.7,"gdl_hdi":0.936,"gdl_region":"Florida","ghsl_smod":30,"lst_anomaly_c":1.54,"lst_anomaly_c_climrel":0.1925,"worldpop_pop_total":3639.0,"frac_under5":4.2,"frac_elderly_65plus":26.5,"frac_elderly_75plus":13.7,"old_age_dependency_ratio":0.44,"has_data":true},"geometry":{"type":"Polygon","coordinates":[[[-80.33592,25.754905],[-80.327813,25.755135],[-80.320053,25.755267],[-80.319903,25.754636],[-80.319777,25.748114],[-80.32364,25.747988],[-80.327656,25.747893],[-80.327658,25.747622],[-80.335656,25.747633],[-80.33592,25.754905]]]}},{"type":"Feature","properties":{"unit_id":"12086015300","name":"Census Tract 153","native_id":"12086015300","source":"census_tract_2025","adm3_name":"Miami-Dade County","adm3_id":"12086","area_sqm":2524946,"split":false,"population":10547.0,"days_covered":18,"daytime_peak_f":102.4,"heat_anomaly_f":4.6,"extreme_pct":33.0,"nighttime_stress_f":-5.5,"daytime_peak_f_climrel":0.6622,"heat_anomaly_f_climrel":0.6622,"nighttime_stress_f_climrel":-0.3,"extreme_pct_climrel":0.825,"ref_daytime_hi_mean":97.8,"ref_daytime_hi_p95":103.3,"rwi_mean":null,"health_per_10k":1.8962738219398882,"built_frac":0.849,"tree_frac":0.064,"canopy_frac_over_3m":0.119,"viirs_mean":53.1,"gdl_hdi":0.936,"gdl_region":"Florida","ghsl_smod":30,"lst_anomaly_c":-1.89,"lst_anomaly_c_climrel":0,"worldpop_pop_total":7198.0,"frac_under5":3.6,"frac_elderly_65plus":20.5,"frac_elderly_75plus":9.0,"old_age_dependency_ratio":0.314,"has_data":true},"geometry":{"type":"Polygon","coordinates":[[[-80.440246,25.742756],[-80.432203,25.742995],[-80.427984,25.743124],[-80.424243,25.743247],[-80.420284,25.743382],[-80.419931,25.736112],[-80.419689,25.729126],[-80.423683,25.728941],[-80.431662,25.728577],[-80.431898,25.735677],[-80.439974,25.735465],[-80.440036,25.737297],[-80.440246,25.742756]]]}},{"type":"Feature","properties":{"unit_id":"12086000420","name":"Census Tract 4.20","native_id":"12086000420","source":"census_tract_2025","adm3_name":"Miami-Dade County","adm3_id":"12086","area_sqm":1302273,"split":false,"population":3113.0,"days_covered":18,"daytime_peak_f":102.2,"heat_anomaly_f":5.4,"extreme_pct":33.0,"nighttime_stress_f":-2.9,"daytime_peak_f_climrel":0.8011,"heat_anomaly_f_climrel":0.8011,"nighttime_stress_f_climrel":-0.3,"extreme_pct_climrel":0.825,"ref_daytime_hi_mean":96.9,"ref_daytime_hi_p95":102.4,"rwi_mean":null,"health_per_10k":0.0,"built_frac":0.687,"tree_frac":0.211,"canopy_frac_over_3m":0.156,"viirs_mean":55.7,"gdl_hdi":0.936,"gdl_region":"Florida","ghsl_smod":30,"lst_anomaly_c":0.44,"lst_anomaly_c_climrel":0.055,"worldpop_pop_total":4188.0,"frac_under5":5.3,"frac_elderly_65plus":22.0,"frac_elderly_75plus":8.1,"old_age_dependency_ratio":0.361,"has_data":true},"geometry":{"type":"Polygon","coordinates":[[[-80.235475,25.897446],[-80.231428,25.89754],[-80.227372,25.89761],[-80.227219,25.893995],[-80.227061,25.890829],[-80.227043,25.890375],[-80.226881,25.886722],[-80.226737,25.883098],[-80.230744,25.882935],[-80.23475,25.882771],[-80.234882,25.885489],[-80.235475,25.897446]]]}},{"type":"Feature","properties":{"unit_id":"12086010302","name":"Census Tract 103.02","native_id":"12086010302","source":"census_tract_2025","adm3_name":"Miami-Dade County","adm3_id":"12086","area_sqm":14786447,"split":false,"population":2935.0,"days_covered":18,"daytime_peak_f":101.9,"heat_anomaly_f":3.8,"extreme_pct":17.0,"nighttime_stress_f":-8.0,"daytime_peak_f_climrel":0.5437,"heat_anomaly_f_climrel":0.5437,"nighttime_stress_f_climrel":-0.3,"extreme_pct_climrel":0.425,"ref_daytime_hi_mean":98.1,"ref_daytime_hi_p95":103.5,"rwi_mean":null,"health_per_10k":0.0,"built_frac":0.168,"tree_frac":0.236,"canopy_frac_over_3m":0.196,"viirs_mean":12.7,"gdl_hdi":0.936,"gdl_region":"Florida","ghsl_smod":11,"lst_anomaly_c":null,"lst_anomaly_c_climrel":null,"worldpop_pop_total":3531.0,"frac_under5":4.1,"frac_elderly_65plus":20.4,"frac_elderly_75plus":7.9,"old_age_dependency_ratio":0.311,"has_data":true},"geometry":{"type":"Polygon","coordinates":[[[-80.511065,25.608702],[-80.479018,25.60881],[-80.478466,25.594289],[-80.478342,25.583266],[-80.478353,25.579699],[-80.478232,25.565119],[-80.506661,25.56477],[-80.506812,25.586821],[-80.510894,25.58688],[-80.511065,25.608702]]]}},{"type":"Feature","properties":{"unit_id":"12086010207","name":"Census Tract 102.07","native_id":"12086010207","source":"census_tract_2025","adm3_name":"Miami-Dade County","adm3_id":"12086","area_sqm":2557604,"split":false,"population":3514.0,"days_covered":18,"daytime_peak_f":101.6,"heat_anomaly_f":4.2,"extreme_pct":22.0,"nighttime_stress_f":-6.1,"daytime_peak_f_climrel":0.5768,"heat_anomaly_f_climrel":0.5768,"nighttime_stress_f_climrel":-0.3,"extreme_pct_climrel":0.55,"ref_daytime_hi_mean":97.4,"ref_daytime_hi_p95":103.0,"rwi_mean":null,"health_per_10k":0.0,"built_frac":0.665,"tree_frac":0.044,"canopy_frac_over_3m":0.091,"viirs_mean":88.5,"gdl_hdi":0.936,"gdl_region":"Florida","ghsl_smod":30,"lst_anomaly_c":null,"lst_anomaly_c_climrel":null,"worldpop_pop_total":5588.0,"frac_under5":5.4,"frac_elderly_65plus":24.8,"frac_elderly_75plus":10.0,"old_age_dependency_ratio":0.414,"has_data":true},"geometry":{"type":"Polygon","coordinates":[[[-80.376704,25.584874],[-80.376327,25.588469],[-80.376405,25.592222],[-80.374615,25.592257],[-80.374615,25.594131],[-80.374591,25.59489],[-80.372352,25.595301],[-80.37197,25.595376],[-80.374961,25.597883],[-80.37363,25.597958],[-80.364464,25.598293],[-80.356742,25.598512],[-80.356633,25.596127],[-80.358283,25.592602],[-80.358753,25.591826],[-80.360721,25.589875],[-80.364604,25.586002],[-80.36621,25.582712],[-80.36646,25.58245],[-80.368837,25.580019],[-80.370131,25.580942],[-80.371076,25.581013],[-80.371099,25.58253],[-80.370966,25.583454],[-80.375433,25.58344],[-80.376677,25.583523],[-80.376704,25.584874]]]}},{"type":"Feature","properties":{"unit_id":"12086010301","name":"Census Tract 103.01","native_id":"12086010301","source":"census_tract_2025","adm3_name":"Miami-Dade County","adm3_id":"12086","area_sqm":18594000,"split":false,"population":5375.0,"days_covered":18,"daytime_peak_f":101.3,"heat_anomaly_f":3.8,"extreme_pct":28.0,"nighttime_stress_f":-6.7,"daytime_peak_f_climrel":0.5456,"heat_anomaly_f_climrel":0.5456,"nighttime_stress_f_climrel":-0.3,"extreme_pct_climrel":0.7,"ref_daytime_hi_mean":97.6,"ref_daytime_hi_p95":102.6,"rwi_mean":null,"health_per_10k":0.0,"built_frac":0.105,"tree_frac":0.421,"canopy_frac_over_3m":0.32,"viirs_mean":12.4,"gdl_hdi":0.936,"gdl_region":"Florida","ghsl_smod":12,"lst_anomaly_c":null,"lst_anomaly_c_climrel":null,"worldpop_pop_total":3688.0,"frac_under5":4.5,"frac_elderly_65plus":23.6,"frac_elderly_75plus":8.0,"old_age_dependency_ratio":0.376,"has_data":true},"geometry":{"type":"Polygon","coordinates":[[[-80.461883,25.565504],[-80.429364,25.56582],[-80.429208,25.551064],[-80.429033,25.536298],[-80.428932,25.521636],[-80.428425,25.51931],[-80.430824,25.51692],[-80.433447,25.514202],[-80.457431,25.51389],[-80.461392,25.513877],[-80.461655,25.53596],[-80.461794,25.550761],[-80.461883,25.565504]]]}},{"type":"Feature","properties":{"unit_id":"12086016600","name":"Census Tract 166","native_id":"12086016600","source":"census_tract_2025","adm3_name":"Miami-Dade County","adm3_id":"12086","area_sqm":949989,"split":false,"population":4302.0,"days_covered":18,"daytime_peak_f":102.4,"heat_anomaly_f":4.6,"extreme_pct":33.0,"nighttime_stress_f":-5.5,"daytime_peak_f_climrel":0.6622,"heat_anomaly_f_climrel":0.6622,"nighttime_stress_f_climrel":-0.3,"extreme_pct_climrel":0.825,"ref_daytime_hi_mean":97.8,"ref_daytime_hi_p95":103.3,"rwi_mean":null,"health_per_10k":0.0,"built_frac":0.752,"tree_frac":0.079,"canopy_frac_over_3m":0.101,"viirs_mean":48.0,"gdl_hdi":0.936,"gdl_region":"Florida","ghsl_smod":30,"lst_anomaly_c":1.09,"lst_anomaly_c_climrel":0.1363,"worldpop_pop_total":4251.0,"frac_under5":3.3,"frac_elderly_65plus":25.4,"frac_elderly_75plus":10.6,"old_age_dependency_ratio":0.401,"has_data":true},"geometry":{"type":"Polygon","coordinates":[[[-80.447127,25.713418],[-80.439129,25.713638],[-80.439065,25.711253],[-80.439525,25.710098],[-80.442966,25.707003],[-80.443183,25.70609],[-80.442849,25.704439],[-80.43876,25.70089],[-80.438563,25.699148],[-80.440024,25.699112],[-80.442655,25.699025],[-80.446537,25.698879],[-80.446774,25.706135],[-80.447127,25.713418]]]}},{"type":"Feature","properties":{"unit_id":"12086005304","name":"Census Tract 53.04","native_id":"12086005304","source":"census_tract_2025","adm3_name":"Miami-Dade County","adm3_id":"12086","area_sqm":337976,"split":false,"population":2399.9771310596475,"days_covered":18,"daytime_peak_f":101.9,"heat_anomaly_f":5.5,"extreme_pct":39.0,"nighttime_stress_f":-3.1,"daytime_peak_f_climrel":0.8322,"heat_anomaly_f_climrel":0.8322,"nighttime_stress_f_climrel":-0.3,"extreme_pct_climrel":0.975,"ref_daytime_hi_mean":96.4,"ref_daytime_hi_p95":101.7,"rwi_mean":null,"health_per_10k":4.166706370066435,"built_frac":0.921,"tree_frac":0.064,"canopy_frac_over_3m":0.15,"viirs_mean":125.4,"gdl_hdi":0.936,"gdl_region":"Florida","ghsl_smod":30,"lst_anomaly_c":2.26,"lst_anomaly_c_climrel":0.2825,"worldpop_pop_total":4947.0,"frac_under5":4.8,"frac_elderly_65plus":20.3,"frac_elderly_75plus":7.9,"old_age_dependency_ratio":0.31,"has_data":true},"geometry":{"type":"Polygon","coordinates":[[[-80.222658,25.769376],[-80.219605,25.769481],[-80.216248,25.769545],[-80.214554,25.769598],[-80.214451,25.765883],[-80.216145,25.765824],[-80.219501,25.765713],[-80.220536,25.765684],[-80.222498,25.765604],[-80.222659,25.769185],[-80.222658,25.769376]]]}},{"type":"Feature","properties":{"unit_id":"12086004607","name":"Census Tract 46.07","native_id":"12086004607","source":"census_tract_2025","adm3_name":"Miami-Dade County","adm3_id":"12086","area_sqm":662056,"split":false,"population":5852.0,"days_covered":18,"daytime_peak_f":100.3,"heat_anomaly_f":3.9,"extreme_pct":22.0,"nighttime_stress_f":-1.6,"daytime_peak_f_climrel":0.5895,"heat_anomaly_f_climrel":0.5895,"nighttime_stress_f_climrel":-0.2482,"extreme_pct_climrel":0.55,"ref_daytime_hi_mean":96.4,"ref_daytime_hi_p95":101.7,"rwi_mean":null,"health_per_10k":0.0,"built_frac":0.704,"tree_frac":0.185,"canopy_frac_over_3m":0.262,"viirs_mean":52.5,"gdl_hdi":0.936,"gdl_region":"Florida","ghsl_smod":23,"lst_anomaly_c":-2.33,"lst_anomaly_c_climrel":0,"worldpop_pop_total":5159.0,"frac_under5":4.1,"frac_elderly_65plus":30.5,"frac_elderly_75plus":15.2,"old_age_dependency_ratio":0.581,"has_data":true},"geometry":{"type":"Polygon","coordinates":[[[-80.162834,25.693841],[-80.163018,25.695889],[-80.1561319995102,25.6959969388862],[-80.156599,25.69115],[-80.1558005316996,25.6862086410072],[-80.1556416003686,25.6852250869185],[-80.1552872682187,25.6830322855828],[-80.157876,25.68281],[-80.158385,25.683427],[-80.160908,25.685087],[-80.161945,25.685782],[-80.162414,25.686073],[-80.159647,25.686103],[-80.159413,25.688991],[-80.158736,25.688996],[-80.158826,25.691057],[-80.163725,25.691091],[-80.162834,25.693841]]]}},{"type":"Feature","properties":{"unit_id":"12086001704","name":"Census Tract 17.04","native_id":"12086001704","source":"census_tract_2025","adm3_name":"Miami-Dade County","adm3_id":"12086","area_sqm":1201028,"split":false,"population":2801.0,"days_covered":18,"daytime_peak_f":101.9,"heat_anomaly_f":5.5,"extreme_pct":39.0,"nighttime_stress_f":-3.1,"daytime_peak_f_climrel":0.8322,"heat_anomaly_f_climrel":0.8322,"nighttime_stress_f_climrel":-0.3,"extreme_pct_climrel":0.975,"ref_daytime_hi_mean":96.4,"ref_daytime_hi_p95":101.7,"rwi_mean":null,"health_per_10k":0.0,"built_frac":0.872,"tree_frac":0.094,"canopy_frac_over_3m":0.128,"viirs_mean":125.1,"gdl_hdi":0.936,"gdl_region":"Florida","ghsl_smod":30,"lst_anomaly_c":3.83,"lst_anomaly_c_climrel":0.4788,"worldpop_pop_total":2562.0,"frac_under5":4.6,"frac_elderly_65plus":21.2,"frac_elderly_75plus":8.8,"old_age_dependency_ratio":0.333,"has_data":true},"geometry":{"type":"Polygon","coordinates":[[[-80.24848,25.812206],[-80.240419,25.812307],[-80.240303,25.810959],[-80.24025,25.809539],[-80.240241,25.809087],[-80.240227,25.808618],[-80.240136,25.805349],[-80.240109,25.804461],[-80.240025,25.801683],[-80.239819,25.794275],[-80.240256,25.79427],[-80.245118,25.797049],[-80.24588,25.797751],[-80.246032,25.798248],[-80.24619,25.804287],[-80.246277,25.807053],[-80.24631,25.808438],[-80.246328,25.808905],[-80.248375,25.808843],[-80.248378,25.809236],[-80.24848,25.812206]]]}},{"type":"Feature","properties":{"unit_id":"12086001608","name":"Census Tract 16.08","native_id":"12086001608","source":"census_tract_2025","adm3_name":"Miami-Dade County","adm3_id":"12086","area_sqm":894769,"split":false,"population":2151.0,"days_covered":18,"daytime_peak_f":102.1,"heat_anomaly_f":4.6,"extreme_pct":44.0,"nighttime_stress_f":-4.1,"daytime_peak_f_climrel":0.6814,"heat_anomaly_f_climrel":0.6814,"nighttime_stress_f_climrel":-0.3,"extreme_pct_climrel":1,"ref_daytime_hi_mean":97.5,"ref_daytime_hi_p95":102.7,"rwi_mean":null,"health_per_10k":0.0,"built_frac":0.864,"tree_frac":0.094,"canopy_frac_over_3m":0.152,"viirs_mean":92.4,"gdl_hdi":0.936,"gdl_region":"Florida","ghsl_smod":30,"lst_anomaly_c":4.1,"lst_anomaly_c_climrel":0.5125,"worldpop_pop_total":2562.0,"frac_under5":3.2,"frac_elderly_65plus":26.9,"frac_elderly_75plus":12.9,"old_age_dependency_ratio":0.432,"has_data":true},"geometry":{"type":"Polygon","coordinates":[[[-80.279338,25.822735],[-80.275332,25.822859],[-80.273303,25.822873],[-80.271291,25.822982],[-80.270678,25.822976],[-80.265177,25.82314],[-80.264887,25.815775],[-80.271061,25.815425],[-80.273072,25.816893],[-80.280542,25.822404],[-80.279338,25.822735]]]}},{"type":"Feature","properties":{"unit_id":"12086014300","name":"Census Tract 143","native_id":"12086014300","source":"census_tract_2025","adm3_name":"Miami-Dade County","adm3_id":"12086","area_sqm":1126544,"split":false,"population":3171.0,"days_covered":18,"daytime_peak_f":102.3,"heat_anomaly_f":4.1,"extreme_pct":33.0,"nighttime_stress_f":-5.1,"daytime_peak_f_climrel":0.6155,"heat_anomaly_f_climrel":0.6155,"nighttime_stress_f_climrel":-0.3,"extreme_pct_climrel":0.825,"ref_daytime_hi_mean":98.1,"ref_daytime_hi_p95":103.4,"rwi_mean":null,"health_per_10k":0.0,"built_frac":0.742,"tree_frac":0.137,"canopy_frac_over_3m":0.132,"viirs_mean":51.3,"gdl_hdi":0.936,"gdl_region":"Florida","ghsl_smod":30,"lst_anomaly_c":0.41,"lst_anomaly_c_climrel":0.0512,"worldpop_pop_total":3843.0,"frac_under5":3.1,"frac_elderly_65plus":23.0,"frac_elderly_75plus":10.1,"old_age_dependency_ratio":0.352,"has_data":true},"geometry":{"type":"Polygon","coordinates":[[[-80.409,25.77407],[-80.407463,25.778042],[-80.407524,25.779199],[-80.408789,25.782437],[-80.408787,25.782654],[-80.400749,25.782609],[-80.400722,25.782441],[-80.400863,25.777917],[-80.400936,25.775459],[-80.400936,25.76938],[-80.408997,25.769151],[-80.409084,25.772786],[-80.409,25.77407]]]}},{"type":"Feature","properties":{"unit_id":"12086008207","name":"Census Tract 82.07","native_id":"12086008207","source":"census_tract_2025","adm3_name":"Miami-Dade County","adm3_id":"12086","area_sqm":5064454,"split":false,"population":4747.0,"days_covered":18,"daytime_peak_f":101.6,"heat_anomaly_f":5.0,"extreme_pct":44.0,"nighttime_stress_f":-3.3,"daytime_peak_f_climrel":0.7446,"heat_anomaly_f_climrel":0.7446,"nighttime_stress_f_climrel":-0.3,"extreme_pct_climrel":1,"ref_daytime_hi_mean":96.5,"ref_daytime_hi_p95":101.7,"rwi_mean":null,"health_per_10k":0.0,"built_frac":0.165,"tree_frac":0.417,"canopy_frac_over_3m":0.43,"viirs_mean":14.8,"gdl_hdi":0.936,"gdl_region":"Florida","ghsl_smod":30,"lst_anomaly_c":-5.64,"lst_anomaly_c_climrel":0,"worldpop_pop_total":4664.0,"frac_under5":3.9,"frac_elderly_65plus":22.4,"frac_elderly_75plus":9.0,"old_age_dependency_ratio":0.368,"has_data":true},"geometry":{"type":"Polygon","coordinates":[[[-80.327469,25.629277],[-80.323417,25.629386],[-80.318002,25.629536],[-80.317252,25.629552],[-80.311181,25.629701],[-80.295346,25.630117],[-80.292886,25.630423],[-80.291421,25.630392],[-80.29109,25.63022],[-80.287978,25.630279],[-80.287876,25.630279],[-80.282981,25.630333],[-80.2828771671466,25.6253945244755],[-80.286321,25.620062],[-80.288213,25.620603],[-80.298273,25.621615],[-80.298796,25.619273],[-80.300084,25.618963],[-80.301509,25.617594],[-80.303368,25.617377],[-80.305395,25.615908],[-80.306682,25.612786],[-80.3070100809135,25.6106716299959],[-80.312081,25.610517],[-80.314691,25.60983],[-80.318196,25.609716],[-80.317391,25.6113],[-80.317533,25.614781],[-80.324535,25.614588],[-80.324881,25.620103],[-80.32695,25.620054],[-80.327066,25.621868],[-80.327469,25.629277]]]}},{"type":"Feature","properties":{"unit_id":"12086015002","name":"Census Tract 150.02","native_id":"12086015002","source":"census_tract_2025","adm3_name":"Miami-Dade County","adm3_id":"12086","area_sqm":1555951,"split":false,"population":3315.0,"days_covered":18,"daytime_peak_f":102.3,"heat_anomaly_f":4.1,"extreme_pct":33.0,"nighttime_stress_f":-5.1,"daytime_peak_f_climrel":0.6155,"heat_anomaly_f_climrel":0.6155,"nighttime_stress_f_climrel":-0.3,"extreme_pct_climrel":0.825,"ref_daytime_hi_mean":98.1,"ref_daytime_hi_p95":103.4,"rwi_mean":null,"health_per_10k":0.0,"built_frac":0.824,"tree_frac":0.074,"canopy_frac_over_3m":0.118,"viirs_mean":50.4,"gdl_hdi":0.936,"gdl_region":"Florida","ghsl_smod":30,"lst_anomaly_c":1.85,"lst_anomaly_c_climrel":0.2313,"worldpop_pop_total":5431.0,"frac_under5":4.8,"frac_elderly_65plus":21.0,"frac_elderly_75plus":9.7,"old_age_dependency_ratio":0.334,"has_data":true},"geometry":{"type":"Polygon","coordinates":[[[-80.432863,25.760899],[-80.424805,25.760892],[-80.424704,25.755949],[-80.424243,25.743247],[-80.427984,25.743124],[-80.432203,25.742995],[-80.43246,25.749742],[-80.432725,25.757557],[-80.432863,25.760899]]]}},{"type":"Feature","properties":{"unit_id":"12086002705","name":"Census Tract 27.05","native_id":"12086002705","source":"census_tract_2025","adm3_name":"Miami-Dade County","adm3_id":"12086","area_sqm":363002,"split":false,"population":9631.946352094288,"days_covered":18,"daytime_peak_f":101.9,"heat_anomaly_f":5.5,"extreme_pct":39.0,"nighttime_stress_f":-3.1,"daytime_peak_f_climrel":0.8322,"heat_anomaly_f_climrel":0.8322,"nighttime_stress_f_climrel":-0.3,"extreme_pct_climrel":0.975,"ref_daytime_hi_mean":96.4,"ref_daytime_hi_p95":101.7,"rwi_mean":null,"health_per_10k":1.0382117626543554,"built_frac":0.141,"tree_frac":0.017,"canopy_frac_over_3m":0.032,"viirs_mean":47.2,"gdl_hdi":0.936,"gdl_region":"Florida","ghsl_smod":30,"lst_anomaly_c":-8.78,"lst_anomaly_c_climrel":0,"worldpop_pop_total":6317.0,"frac_under5":3.8,"frac_elderly_65plus":11.4,"frac_elderly_75plus":3.7,"old_age_dependency_ratio":0.141,"has_data":true},"geometry":{"type":"Polygon","coordinates":[[[-80.189445,25.810634],[-80.189383,25.811373],[-80.186088,25.811545],[-80.185384,25.811483],[-80.182207,25.810702],[-80.16009,25.810503],[-80.160575,25.808785],[-80.161126,25.806965],[-80.16174,25.804779],[-80.185427,25.804372],[-80.185376,25.80542],[-80.188601,25.805355],[-80.189397,25.805378],[-80.189443,25.807105],[-80.189498,25.809423],[-80.189445,25.810634]]]}},{"type":"Feature","properties":{"unit_id":"12086010608","name":"Census Tract 106.08","native_id":"12086010608","source":"census_tract_2025","adm3_name":"Miami-Dade County","adm3_id":"12086","area_sqm":1907869,"split":false,"population":5036.0,"days_covered":18,"daytime_peak_f":101.6,"heat_anomaly_f":5.0,"extreme_pct":44.0,"nighttime_stress_f":-3.3,"daytime_peak_f_climrel":0.7446,"heat_anomaly_f_climrel":0.7446,"nighttime_stress_f_climrel":-0.3,"extreme_pct_climrel":1,"ref_daytime_hi_mean":96.5,"ref_daytime_hi_p95":101.7,"rwi_mean":null,"health_per_10k":0.0,"built_frac":0.745,"tree_frac":0.108,"canopy_frac_over_3m":0.175,"viirs_mean":37.6,"gdl_hdi":0.936,"gdl_region":"Florida","ghsl_smod":30,"lst_anomaly_c":null,"lst_anomaly_c_climrel":null,"worldpop_pop_total":6202.0,"frac_under5":4.8,"frac_elderly_65plus":17.9,"frac_elderly_75plus":6.5,"old_age_dependency_ratio":0.266,"has_data":true},"geometry":{"type":"Polygon","coordinates":[[[-80.35775,25.576323],[-80.3564,25.576341],[-80.35509,25.576542],[-80.353704,25.577044],[-80.346817,25.580777],[-80.345982,25.581522],[-80.343771,25.585756],[-80.342639,25.586655],[-80.340448,25.584169],[-80.335604,25.578804],[-80.338986,25.577201],[-80.343248,25.574127],[-80.343828,25.57366],[-80.347918,25.570226],[-80.349603,25.570214],[-80.357683,25.570144],[-80.357728,25.574051],[-80.35775,25.576323]]]}},{"type":"Feature","properties":{"unit_id":"12086000718","name":"Census Tract 7.18","native_id":"12086000718","source":"census_tract_2025","adm3_name":"Miami-Dade County","adm3_id":"12086","area_sqm":1146995,"split":false,"population":5192.763138949166,"days_covered":18,"daytime_peak_f":102.6,"heat_anomaly_f":4.5,"extreme_pct":28.0,"nighttime_stress_f":-4.7,"daytime_peak_f_climrel":0.6666,"heat_anomaly_f_climrel":0.6666,"nighttime_stress_f_climrel":-0.3,"extreme_pct_climrel":0.7,"ref_daytime_hi_mean":98.0,"ref_daytime_hi_p95":103.2,"rwi_mean":null,"health_per_10k":7.7030280275973855,"built_frac":0.8,"tree_frac":0.047,"canopy_frac_over_3m":0.112,"viirs_mean":133.5,"gdl_hdi":0.936,"gdl_region":"Florida","ghsl_smod":30,"lst_anomaly_c":1.81,"lst_anomaly_c_climrel":0.2263,"worldpop_pop_total":3776.0,"frac_under5":3.9,"frac_elderly_65plus":24.0,"frac_elderly_75plus":11.3,"old_age_dependency_ratio":0.373,"has_data":true},"geometry":{"type":"Polygon","coordinates":[[[-80.314937,25.869592],[-80.306908,25.869675],[-80.306908,25.870165],[-80.298897,25.870199],[-80.295647,25.870222],[-80.292903,25.870208],[-80.290756,25.870908],[-80.29077,25.870431],[-80.290773,25.87037],[-80.290677,25.862946],[-80.291025,25.862529],[-80.298696,25.862538],[-80.298806,25.866642],[-80.306846,25.866607],[-80.314876,25.866591],[-80.3146,25.868688],[-80.314937,25.869592]]]}},{"type":"Feature","properties":{"unit_id":"12086002100","name":"Census Tract 21","native_id":"12086002100","source":"census_tract_2025","adm3_name":"Miami-Dade County","adm3_id":"12086","area_sqm":1928685,"split":false,"population":12805.0,"days_covered":18,"daytime_peak_f":101.9,"heat_anomaly_f":5.5,"extreme_pct":39.0,"nighttime_stress_f":-3.1,"daytime_peak_f_climrel":0.8322,"heat_anomaly_f_climrel":0.8322,"nighttime_stress_f_climrel":-0.3,"extreme_pct_climrel":0.975,"ref_daytime_hi_mean":96.4,"ref_daytime_hi_p95":101.7,"rwi_mean":null,"health_per_10k":1.5618898867629833,"built_frac":0.129,"tree_frac":0.113,"canopy_frac_over_3m":0.101,"viirs_mean":35.1,"gdl_hdi":0.936,"gdl_region":"Florida","ghsl_smod":30,"lst_anomaly_c":-8.05,"lst_anomaly_c_climrel":0,"worldpop_pop_total":3305.0,"frac_under5":6.0,"frac_elderly_65plus":15.8,"frac_elderly_75plus":5.7,"old_age_dependency_ratio":0.23,"has_data":true},"geometry":{"type":"Polygon","coordinates":[[[-80.19084,25.811338],[-80.189277,25.818597],[-80.187659,25.825226],[-80.187625,25.825493],[-80.187934,25.832554],[-80.184031,25.832641],[-80.160497,25.833332],[-80.160232,25.828311],[-80.160061,25.826914],[-80.15979,25.822098],[-80.159397,25.812967],[-80.16009,25.810503],[-80.182207,25.810702],[-80.185384,25.811483],[-80.186088,25.811545],[-80.189383,25.811373],[-80.19084,25.811338]]]}},{"type":"Feature","properties":{"unit_id":"12086001004","name":"Census Tract 10.04","native_id":"12086001004","source":"census_tract_2025","adm3_name":"Miami-Dade County","adm3_id":"12086","area_sqm":2503109,"split":false,"population":8540.0,"days_covered":18,"daytime_peak_f":101.9,"heat_anomaly_f":5.5,"extreme_pct":39.0,"nighttime_stress_f":-3.1,"daytime_peak_f_climrel":0.8322,"heat_anomaly_f_climrel":0.8322,"nighttime_stress_f_climrel":-0.3,"extreme_pct_climrel":0.975,"ref_daytime_hi_mean":96.4,"ref_daytime_hi_p95":101.7,"rwi_mean":null,"health_per_10k":0.0,"built_frac":0.713,"tree_frac":0.139,"canopy_frac_over_3m":0.118,"viirs_mean":81.9,"gdl_hdi":0.936,"gdl_region":"Florida","ghsl_smod":30,"lst_anomaly_c":2.35,"lst_anomaly_c_climrel":0.2938,"worldpop_pop_total":9665.0,"frac_under5":7.1,"frac_elderly_65plus":11.7,"frac_elderly_75plus":4.0,"old_age_dependency_ratio":0.178,"has_data":true},"geometry":{"type":"Polygon","coordinates":[[[-80.241746,25.84605],[-80.233594,25.846262],[-80.225399,25.846541],[-80.22134,25.846663],[-80.219747,25.846675],[-80.213226,25.846911],[-80.209696,25.847024],[-80.207786,25.847101],[-80.207631,25.845986],[-80.206574,25.843426],[-80.206271,25.842167],[-80.206188,25.839746],[-80.208853,25.839672],[-80.209401,25.839659],[-80.216995,25.839403],[-80.225252,25.839124],[-80.225298,25.840852],[-80.229332,25.840724],[-80.231894,25.840664],[-80.233375,25.840736],[-80.241574,25.841267],[-80.241746,25.84605]]]}},{"type":"Feature","properties":{"unit_id":"12086008906","name":"Census Tract 89.06","native_id":"12086008906","source":"census_tract_2025","adm3_name":"Miami-Dade County","adm3_id":"12086","area_sqm":1238494,"split":false,"population":4627.0,"days_covered":18,"daytime_peak_f":102.3,"heat_anomaly_f":4.1,"extreme_pct":33.0,"nighttime_stress_f":-5.1,"daytime_peak_f_climrel":0.6155,"heat_anomaly_f_climrel":0.6155,"nighttime_stress_f_climrel":-0.3,"extreme_pct_climrel":0.825,"ref_daytime_hi_mean":98.1,"ref_daytime_hi_p95":103.4,"rwi_mean":null,"health_per_10k":2.161227577263886,"built_frac":0.852,"tree_frac":0.048,"canopy_frac_over_3m":0.123,"viirs_mean":68.2,"gdl_hdi":0.936,"gdl_region":"Florida","ghsl_smod":30,"lst_anomaly_c":1.9,"lst_anomaly_c_climrel":0.2375,"worldpop_pop_total":6078.0,"frac_under5":3.4,"frac_elderly_65plus":27.3,"frac_elderly_75plus":14.5,"old_age_dependency_ratio":0.449,"has_data":true},"geometry":{"type":"Polygon","coordinates":[[[-80.368066,25.75428],[-80.3651,25.754316],[-80.361704,25.754314],[-80.35927,25.754375],[-80.35186,25.754449],[-80.351761,25.750857],[-80.35168,25.748384],[-80.351628,25.747209],[-80.357697,25.747057],[-80.35969,25.747008],[-80.367711,25.746714],[-80.367909,25.750519],[-80.368066,25.75428]]]}},{"type":"Feature","properties":{"unit_id":"12086000906","name":"Census Tract 9.06","native_id":"12086000906","source":"census_tract_2025","adm3_name":"Miami-Dade County","adm3_id":"12086","area_sqm":479734,"split":false,"population":1794.0,"days_covered":18,"daytime_peak_f":102.6,"heat_anomaly_f":4.5,"extreme_pct":28.0,"nighttime_stress_f":-4.7,"daytime_peak_f_climrel":0.6666,"heat_anomaly_f_climrel":0.6666,"nighttime_stress_f_climrel":-0.3,"extreme_pct_climrel":0.7,"ref_daytime_hi_mean":98.0,"ref_daytime_hi_p95":103.2,"rwi_mean":null,"health_per_10k":0.0,"built_frac":0.847,"tree_frac":0.119,"canopy_frac_over_3m":0.172,"viirs_mean":78.3,"gdl_hdi":0.936,"gdl_region":"Florida","ghsl_smod":30,"lst_anomaly_c":2.9,"lst_anomaly_c_climrel":0.3625,"worldpop_pop_total":2207.0,"frac_under5":4.1,"frac_elderly_65plus":21.7,"frac_elderly_75plus":9.6,"old_age_dependency_ratio":0.335,"has_data":true},"geometry":{"type":"Polygon","coordinates":[[[-80.256593,25.860259],[-80.254163,25.860293],[-80.250459,25.859982],[-80.250329,25.856357],[-80.250191,25.853167],[-80.256334,25.852986],[-80.256591,25.860198],[-80.256593,25.860259]]]}},{"type":"Feature","properties":{"unit_id":"12086015501","name":"Census Tract 155.01","native_id":"12086015501","source":"census_tract_2025","adm3_name":"Miami-Dade County","adm3_id":"12086","area_sqm":1232071,"split":false,"population":4338.0,"days_covered":18,"daytime_peak_f":102.4,"heat_anomaly_f":4.6,"extreme_pct":33.0,"nighttime_stress_f":-5.5,"daytime_peak_f_climrel":0.6622,"heat_anomaly_f_climrel":0.6622,"nighttime_stress_f_climrel":-0.3,"extreme_pct_climrel":0.825,"ref_daytime_hi_mean":97.8,"ref_daytime_hi_p95":103.3,"rwi_mean":null,"health_per_10k":0.0,"built_frac":0.783,"tree_frac":0.085,"canopy_frac_over_3m":0.105,"viirs_mean":54.1,"gdl_hdi":0.936,"gdl_region":"Florida","ghsl_smod":30,"lst_anomaly_c":0.57,"lst_anomaly_c_climrel":0.0712,"worldpop_pop_total":2446.0,"frac_under5":3.8,"frac_elderly_65plus":31.1,"frac_elderly_75plus":16.3,"old_age_dependency_ratio":0.548,"has_data":true},"geometry":{"type":"Polygon","coordinates":[[[-80.39212,25.744328],[-80.388741,25.746071],[-80.384892,25.74634],[-80.384611,25.739058],[-80.384513,25.737247],[-80.384365,25.732043],[-80.38427,25.730155],[-80.389886,25.730242],[-80.391576,25.729888],[-80.391858,25.737017],[-80.39212,25.744328]]]}},{"type":"Feature","properties":{"unit_id":"12086000602","name":"Census Tract 6.02","native_id":"12086000602","source":"census_tract_2025","adm3_name":"Miami-Dade County","adm3_id":"12086","area_sqm":1436981,"split":false,"population":7854.0,"days_covered":18,"daytime_peak_f":102.6,"heat_anomaly_f":4.5,"extreme_pct":28.0,"nighttime_stress_f":-4.7,"daytime_peak_f_climrel":0.6666,"heat_anomaly_f_climrel":0.6666,"nighttime_stress_f_climrel":-0.3,"extreme_pct_climrel":0.7,"ref_daytime_hi_mean":98.0,"ref_daytime_hi_p95":103.2,"rwi_mean":null,"health_per_10k":0.0,"built_frac":0.892,"tree_frac":0.071,"canopy_frac_over_3m":0.147,"viirs_mean":65.6,"gdl_hdi":0.936,"gdl_region":"Florida","ghsl_smod":30,"lst_anomaly_c":2.62,"lst_anomaly_c_climrel":0.3275,"worldpop_pop_total":4240.0,"frac_under5":3.7,"frac_elderly_65plus":28.1,"frac_elderly_75plus":14.3,"old_age_dependency_ratio":0.47,"has_data":true},"geometry":{"type":"Polygon","coordinates":[[[-80.29117,25.881201],[-80.287541,25.881324],[-80.28727,25.881322],[-80.279131,25.881541],[-80.278949,25.876099],[-80.278907,25.870559],[-80.279473,25.870652],[-80.283166,25.870555],[-80.284684,25.87057],[-80.290773,25.87037],[-80.29077,25.870431],[-80.290756,25.870908],[-80.290952,25.875535],[-80.291019,25.877047],[-80.29117,25.881201]]]}},{"type":"Feature","properties":{"unit_id":"12086006716","name":"Census Tract 67.16","native_id":"12086006716","source":"census_tract_2025","adm3_name":"Miami-Dade County","adm3_id":"12086","area_sqm":92857,"split":false,"population":1273.8568896827285,"days_covered":18,"daytime_peak_f":101.9,"heat_anomaly_f":5.5,"extreme_pct":39.0,"nighttime_stress_f":-3.1,"daytime_peak_f_climrel":0.8322,"heat_anomaly_f_climrel":0.8322,"nighttime_stress_f_climrel":-0.3,"extreme_pct_climrel":0.975,"ref_daytime_hi_mean":96.4,"ref_daytime_hi_p95":101.7,"rwi_mean":null,"health_per_10k":0.0,"built_frac":0.799,"tree_frac":0.066,"canopy_frac_over_3m":0.206,"viirs_mean":180.1,"gdl_hdi":0.936,"gdl_region":"Florida","ghsl_smod":30,"lst_anomaly_c":-4.77,"lst_anomaly_c_climrel":0,"worldpop_pop_total":2079.0,"frac_under5":3.8,"frac_elderly_65plus":2.7,"frac_elderly_75plus":1.3,"old_age_dependency_ratio":0.03,"has_data":true},"geometry":{"type":"Polygon","coordinates":[[[-80.19512,25.76154],[-80.193278,25.761585],[-80.19188,25.761675],[-80.192014,25.761123],[-80.192184,25.760348],[-80.192443,25.759441],[-80.192879,25.758009],[-80.195081,25.759304],[-80.195071,25.760567],[-80.19512,25.76154]]]}},{"type":"Feature","properties":{"unit_id":"12086000225","name":"Census Tract 2.25","native_id":"12086000225","source":"census_tract_2025","adm3_name":"Miami-Dade County","adm3_id":"12086","area_sqm":769927,"split":false,"population":3117.0,"days_covered":18,"daytime_peak_f":102.2,"heat_anomaly_f":5.4,"extreme_pct":33.0,"nighttime_stress_f":-2.9,"daytime_peak_f_climrel":0.8011,"heat_anomaly_f_climrel":0.8011,"nighttime_stress_f_climrel":-0.3,"extreme_pct_climrel":0.825,"ref_daytime_hi_mean":96.9,"ref_daytime_hi_p95":102.4,"rwi_mean":null,"health_per_10k":6.416426050689766,"built_frac":0.854,"tree_frac":0.02,"canopy_frac_over_3m":0.125,"viirs_mean":96.8,"gdl_hdi":0.936,"gdl_region":"Florida","ghsl_smod":30,"lst_anomaly_c":3.0,"lst_anomaly_c_climrel":0.375,"worldpop_pop_total":5026.0,"frac_under5":5.3,"frac_elderly_65plus":15.4,"frac_elderly_75plus":5.2,"old_age_dependency_ratio":0.219,"has_data":true},"geometry":{"type":"Polygon","coordinates":[[[-80.1762,25.929094],[-80.172206,25.929254],[-80.172251,25.93117],[-80.172345,25.933867],[-80.171695,25.93382],[-80.167879,25.929396],[-80.166456,25.928328],[-80.162096,25.928605],[-80.156048,25.928684],[-80.15594,25.926108],[-80.163992,25.925941],[-80.168001,25.925776],[-80.170022,25.925656],[-80.172,25.925566],[-80.176038,25.925418],[-80.1762,25.929094]]]}},{"type":"Feature","properties":{"unit_id":"12086000716","name":"Census Tract 7.16","native_id":"12086000716","source":"census_tract_2025","adm3_name":"Miami-Dade County","adm3_id":"12086","area_sqm":426288,"split":false,"population":1674.0811037119324,"days_covered":18,"daytime_peak_f":102.6,"heat_anomaly_f":4.5,"extreme_pct":28.0,"nighttime_stress_f":-4.7,"daytime_peak_f_climrel":0.6666,"heat_anomaly_f_climrel":0.6666,"nighttime_stress_f_climrel":-0.3,"extreme_pct_climrel":0.7,"ref_daytime_hi_mean":98.0,"ref_daytime_hi_p95":103.2,"rwi_mean":null,"health_per_10k":0.0,"built_frac":0.833,"tree_frac":0.025,"canopy_frac_over_3m":0.084,"viirs_mean":84.9,"gdl_hdi":0.936,"gdl_region":"Florida","ghsl_smod":30,"lst_anomaly_c":4.87,"lst_anomaly_c_climrel":0.6088,"worldpop_pop_total":2308.0,"frac_under5":3.6,"frac_elderly_65plus":26.8,"frac_elderly_75plus":12.2,"old_age_dependency_ratio":0.443,"has_data":true},"geometry":{"type":"Polygon","coordinates":[[[-80.303745,25.859858],[-80.303641,25.862514],[-80.298696,25.862538],[-80.298548,25.857419],[-80.298541,25.857085],[-80.298488,25.85526],[-80.30051,25.855254],[-80.302519,25.855263],[-80.303233,25.855259],[-80.303559,25.856237],[-80.304343,25.857075],[-80.303745,25.859858]]]}},{"type":"Feature","properties":{"unit_id":"12086000312","name":"Census Tract 3.12","native_id":"12086000312","source":"census_tract_2025","adm3_name":"Miami-Dade County","adm3_id":"12086","area_sqm":1966156,"split":false,"population":1990.0,"days_covered":18,"daytime_peak_f":102.2,"heat_anomaly_f":5.4,"extreme_pct":33.0,"nighttime_stress_f":-2.9,"daytime_peak_f_climrel":0.8011,"heat_anomaly_f_climrel":0.8011,"nighttime_stress_f_climrel":-0.3,"extreme_pct_climrel":0.825,"ref_daytime_hi_mean":96.9,"ref_daytime_hi_p95":102.4,"rwi_mean":null,"health_per_10k":5.025125628140704,"built_frac":0.451,"tree_frac":0.37,"canopy_frac_over_3m":0.229,"viirs_mean":63.9,"gdl_hdi":0.936,"gdl_region":"Florida","ghsl_smod":30,"lst_anomaly_c":0.37,"lst_anomaly_c_climrel":0.0462,"worldpop_pop_total":4394.0,"frac_under5":6.2,"frac_elderly_65plus":17.9,"frac_elderly_75plus":6.8,"old_age_dependency_ratio":0.28,"has_data":true},"geometry":{"type":"Polygon","coordinates":[[[-80.211176,25.922161],[-80.210483,25.923821],[-80.209372,25.925278],[-80.206847,25.927382],[-80.205857,25.927277],[-80.204358,25.927892],[-80.203689,25.927975],[-80.196331,25.92825],[-80.196073,25.92239],[-80.196044,25.921864],[-80.19577,25.916408],[-80.199791,25.916227],[-80.199572,25.910764],[-80.199735,25.910341],[-80.199805,25.910096],[-80.202324,25.913742],[-80.203392,25.914812],[-80.205578,25.916136],[-80.210472,25.916852],[-80.211164,25.920237],[-80.211176,25.922161]]]}},{"type":"Feature","properties":{"unit_id":"12086004205","name":"Census Tract 42.05","native_id":"12086004205","source":"census_tract_2025","adm3_name":"Miami-Dade County","adm3_id":"12086","area_sqm":368577,"split":false,"population":5701.0,"days_covered":18,"daytime_peak_f":102.9,"heat_anomaly_f":6.1,"extreme_pct":44.0,"nighttime_stress_f":-3.1,"daytime_peak_f_climrel":0.9278,"heat_anomaly_f_climrel":0.9278,"nighttime_stress_f_climrel":-0.3,"extreme_pct_climrel":1,"ref_daytime_hi_mean":96.9,"ref_daytime_hi_p95":102.1,"rwi_mean":null,"health_per_10k":1.7540782318891424,"built_frac":0.814,"tree_frac":0.018,"canopy_frac_over_3m":0.2,"viirs_mean":147.4,"gdl_hdi":0.936,"gdl_region":"Florida","ghsl_smod":30,"lst_anomaly_c":0.86,"lst_anomaly_c_climrel":0.1075,"worldpop_pop_total":1792.0,"frac_under5":2.6,"frac_elderly_65plus":19.3,"frac_elderly_75plus":6.8,"old_age_dependency_ratio":0.262,"has_data":true},"geometry":{"type":"Polygon","coordinates":[[[-80.136551,25.790555],[-80.134291,25.790624],[-80.13188,25.790675],[-80.128767,25.79075],[-80.1266921619092,25.7903512726897],[-80.1272661219801,25.7878638197321],[-80.1276308754078,25.7862830355653],[-80.131752,25.786934],[-80.131768,25.787568],[-80.133026,25.787548],[-80.134205,25.787507],[-80.136463,25.787458],[-80.136551,25.790555]]]}},{"type":"Feature","properties":{"unit_id":"12086009052","name":"Census Tract 90.52","native_id":"12086009052","source":"census_tract_2025","adm3_name":"Miami-Dade County","adm3_id":"12086","area_sqm":676327,"split":false,"population":3480.0,"days_covered":18,"daytime_peak_f":102.1,"heat_anomaly_f":4.6,"extreme_pct":44.0,"nighttime_stress_f":-4.1,"daytime_peak_f_climrel":0.6814,"heat_anomaly_f_climrel":0.6814,"nighttime_stress_f_climrel":-0.3,"extreme_pct_climrel":1,"ref_daytime_hi_mean":97.5,"ref_daytime_hi_p95":102.7,"rwi_mean":null,"health_per_10k":0.0,"built_frac":0.805,"tree_frac":0.024,"canopy_frac_over_3m":0.101,"viirs_mean":87.6,"gdl_hdi":0.936,"gdl_region":"Florida","ghsl_smod":30,"lst_anomaly_c":1.52,"lst_anomaly_c_climrel":0.19,"worldpop_pop_total":3040.0,"frac_under5":2.9,"frac_elderly_65plus":30.9,"frac_elderly_75plus":15.8,"old_age_dependency_ratio":0.519,"has_data":true},"geometry":{"type":"Polygon","coordinates":[[[-80.35318,25.769007],[-80.348205,25.7692],[-80.344405,25.769331],[-80.344395,25.765675],[-80.344162,25.761843],[-80.352374,25.761657],[-80.352631,25.762903],[-80.352866,25.765341],[-80.35318,25.769007]]]}},{"type":"Feature","properties":{"unit_id":"12086007708","name":"Census Tract 77.08","native_id":"12086007708","source":"census_tract_2025","adm3_name":"Miami-Dade County","adm3_id":"12086","area_sqm":1366631,"split":false,"population":3893.0,"days_covered":18,"daytime_peak_f":102.2,"heat_anomaly_f":5.2,"extreme_pct":28.0,"nighttime_stress_f":-3.6,"daytime_peak_f_climrel":0.7489,"heat_anomaly_f_climrel":0.7489,"nighttime_stress_f_climrel":-0.3,"extreme_pct_climrel":0.7,"ref_daytime_hi_mean":97.0,"ref_daytime_hi_p95":102.0,"rwi_mean":null,"health_per_10k":0.0,"built_frac":0.769,"tree_frac":0.128,"canopy_frac_over_3m":0.147,"viirs_mean":65.8,"gdl_hdi":0.936,"gdl_region":"Florida","ghsl_smod":30,"lst_anomaly_c":3.06,"lst_anomaly_c_climrel":0.3825,"worldpop_pop_total":3360.0,"frac_under5":3.6,"frac_elderly_65plus":28.8,"frac_elderly_75plus":15.9,"old_age_dependency_ratio":0.487,"has_data":true},"geometry":{"type":"Polygon","coordinates":[[[-80.327656,25.747893],[-80.32364,25.747988],[-80.319777,25.748114],[-80.319355,25.738408],[-80.319012,25.736822],[-80.318539,25.73485],[-80.318303,25.732969],[-80.3186,25.732964],[-80.327463,25.733291],[-80.327523,25.736948],[-80.32756,25.738783],[-80.327569,25.740597],[-80.327594,25.742687],[-80.327658,25.747622],[-80.327656,25.747893]]]}},{"type":"Feature","properties":{"unit_id":"12086016900","name":"Census Tract 169","native_id":"12086016900","source":"census_tract_2025","adm3_name":"Miami-Dade County","adm3_id":"12086","area_sqm":437268,"split":false,"population":1212.8913172899775,"days_covered":18,"daytime_peak_f":102.4,"heat_anomaly_f":4.6,"extreme_pct":33.0,"nighttime_stress_f":-5.5,"daytime_peak_f_climrel":0.6622,"heat_anomaly_f_climrel":0.6622,"nighttime_stress_f_climrel":-0.3,"extreme_pct_climrel":0.825,"ref_daytime_hi_mean":97.8,"ref_daytime_hi_p95":103.3,"rwi_mean":null,"health_per_10k":0.0,"built_frac":0.759,"tree_frac":0.137,"canopy_frac_over_3m":0.223,"viirs_mean":68.1,"gdl_hdi":0.936,"gdl_region":"Florida","ghsl_smod":30,"lst_anomaly_c":-1.52,"lst_anomaly_c_climrel":0,"worldpop_pop_total":5018.0,"frac_under5":3.2,"frac_elderly_65plus":21.7,"frac_elderly_75plus":9.3,"old_age_dependency_ratio":0.327,"has_data":true},"geometry":{"type":"Polygon","coordinates":[[[-80.425358,25.707071],[-80.424618,25.707922],[-80.421485,25.709425],[-80.420557,25.709678],[-80.417538,25.709176],[-80.415858,25.709684],[-80.414909,25.709712],[-80.414739,25.705175],[-80.416254,25.705169],[-80.41825,25.705694],[-80.420121,25.705918],[-80.422995,25.70442],[-80.424817,25.704896],[-80.425518,25.706257],[-80.425358,25.707071]]]}},{"type":"Feature","properties":{"unit_id":"12086009809","name":"Census Tract 98.09","native_id":"12086009809","source":"census_tract_2025","adm3_name":"Miami-Dade County","adm3_id":"12086","area_sqm":918422,"split":false,"population":4001.0,"days_covered":18,"daytime_peak_f":102.0,"heat_anomaly_f":5.1,"extreme_pct":33.0,"nighttime_stress_f":-3.1,"daytime_peak_f_climrel":0.7587,"heat_anomaly_f_climrel":0.7587,"nighttime_stress_f_climrel":-0.3,"extreme_pct_climrel":0.825,"ref_daytime_hi_mean":96.8,"ref_daytime_hi_p95":102.3,"rwi_mean":null,"health_per_10k":2.4993751562109474,"built_frac":0.726,"tree_frac":0.087,"canopy_frac_over_3m":0.098,"viirs_mean":79.1,"gdl_hdi":0.936,"gdl_region":"Florida","ghsl_smod":30,"lst_anomaly_c":2.25,"lst_anomaly_c_climrel":0.2812,"worldpop_pop_total":3631.0,"frac_under5":4.9,"frac_elderly_65plus":17.4,"frac_elderly_75plus":6.4,"old_age_dependency_ratio":0.264,"has_data":true},"geometry":{"type":"Polygon","coordinates":[[[-80.206219,25.972647],[-80.198029,25.973033],[-80.194422,25.973169],[-80.194053,25.968979],[-80.192855,25.967717],[-80.194179,25.96633],[-80.197017,25.966226],[-80.196991,25.965652],[-80.198182,25.965659],[-80.20183,25.965562],[-80.205913,25.965563],[-80.206114,25.972108],[-80.206219,25.972647]]]}},{"type":"Feature","properties":{"unit_id":"12086014400","name":"Census Tract 144","native_id":"12086014400","source":"census_tract_2025","adm3_name":"Miami-Dade County","adm3_id":"12086","area_sqm":1871261,"split":false,"population":4568.0,"days_covered":18,"daytime_peak_f":102.3,"heat_anomaly_f":4.1,"extreme_pct":33.0,"nighttime_stress_f":-5.1,"daytime_peak_f_climrel":0.6155,"heat_anomaly_f_climrel":0.6155,"nighttime_stress_f_climrel":-0.3,"extreme_pct_climrel":0.825,"ref_daytime_hi_mean":98.1,"ref_daytime_hi_p95":103.4,"rwi_mean":null,"health_per_10k":0.0,"built_frac":0.426,"tree_frac":0.056,"canopy_frac_over_3m":0.071,"viirs_mean":50.1,"gdl_hdi":0.936,"gdl_region":"Florida","ghsl_smod":30,"lst_anomaly_c":null,"lst_anomaly_c_climrel":null,"worldpop_pop_total":5149.0,"frac_under5":4.1,"frac_elderly_65plus":18.3,"frac_elderly_75plus":7.3,"old_age_dependency_ratio":0.269,"has_data":true},"geometry":{"type":"Polygon","coordinates":[[[-80.400936,25.775459],[-80.400863,25.777917],[-80.400722,25.782441],[-80.400749,25.782609],[-80.399569,25.782401],[-80.398548,25.78239],[-80.395285,25.782392],[-80.391539,25.782441],[-80.386033,25.782397],[-80.386013,25.781928],[-80.385997,25.776193],[-80.385987,25.775307],[-80.385856,25.771847],[-80.385716,25.768151],[-80.38686,25.768145],[-80.387129,25.769862],[-80.39295,25.769661],[-80.400936,25.76938],[-80.400936,25.775459]]]}},{"type":"Feature","properties":{"unit_id":"12086000216","name":"Census Tract 2.16","native_id":"12086000216","source":"census_tract_2025","adm3_name":"Miami-Dade County","adm3_id":"12086","area_sqm":1193168,"split":false,"population":1811.0,"days_covered":18,"daytime_peak_f":102.2,"heat_anomaly_f":5.4,"extreme_pct":33.0,"nighttime_stress_f":-2.9,"daytime_peak_f_climrel":0.8011,"heat_anomaly_f_climrel":0.8011,"nighttime_stress_f_climrel":-0.3,"extreme_pct_climrel":0.825,"ref_daytime_hi_mean":96.9,"ref_daytime_hi_p95":102.4,"rwi_mean":null,"health_per_10k":5.521811154058532,"built_frac":0.644,"tree_frac":0.298,"canopy_frac_over_3m":0.218,"viirs_mean":56.6,"gdl_hdi":0.936,"gdl_region":"Florida","ghsl_smod":30,"lst_anomaly_c":1.12,"lst_anomaly_c_climrel":0.14,"worldpop_pop_total":4363.0,"frac_under5":4.7,"frac_elderly_65plus":21.2,"frac_elderly_75plus":7.5,"old_age_dependency_ratio":0.331,"has_data":true},"geometry":{"type":"Polygon","coordinates":[[[-80.184244,25.928755],[-80.182897,25.928668],[-80.180231,25.928929],[-80.1762,25.929094],[-80.176038,25.925418],[-80.175842,25.921705],[-80.175535,25.914314],[-80.179518,25.914138],[-80.179653,25.916933],[-80.181674,25.91685],[-80.182778,25.916807],[-80.183122,25.916909],[-80.183684,25.916885],[-80.183754,25.918618],[-80.183902,25.921365],[-80.184244,25.928755]]]}},{"type":"Feature","properties":{"unit_id":"12086005305","name":"Census Tract 53.05","native_id":"12086005305","source":"census_tract_2025","adm3_name":"Miami-Dade County","adm3_id":"12086","area_sqm":302176,"split":false,"population":8684.0,"days_covered":18,"daytime_peak_f":101.9,"heat_anomaly_f":5.5,"extreme_pct":39.0,"nighttime_stress_f":-3.1,"daytime_peak_f_climrel":0.8322,"heat_anomaly_f_climrel":0.8322,"nighttime_stress_f_climrel":-0.3,"extreme_pct_climrel":0.975,"ref_daytime_hi_mean":96.4,"ref_daytime_hi_p95":101.7,"rwi_mean":null,"health_per_10k":0.0,"built_frac":0.949,"tree_frac":0.037,"canopy_frac_over_3m":0.137,"viirs_mean":147.6,"gdl_hdi":0.936,"gdl_region":"Florida","ghsl_smod":30,"lst_anomaly_c":2.46,"lst_anomaly_c_climrel":0.3075,"worldpop_pop_total":3604.0,"frac_under5":4.4,"frac_elderly_65plus":28.4,"frac_elderly_75plus":15.9,"old_age_dependency_ratio":0.492,"has_data":true},"geometry":{"type":"Polygon","coordinates":[[[-80.21466,25.773527],[-80.212977,25.773597],[-80.211448,25.773655],[-80.207693,25.773714],[-80.207595,25.769847],[-80.211345,25.769713],[-80.214554,25.769598],[-80.21466,25.773527]]]}},{"type":"Feature","properties":{"unit_id":"12086011203","name":"Census Tract 112.03","native_id":"12086011203","source":"census_tract_2025","adm3_name":"Miami-Dade County","adm3_id":"12086","area_sqm":1535665,"split":false,"population":5688.0,"days_covered":18,"daytime_peak_f":100.7,"heat_anomaly_f":3.0,"extreme_pct":17.0,"nighttime_stress_f":-8.0,"daytime_peak_f_climrel":0.4742,"heat_anomaly_f_climrel":0.4742,"nighttime_stress_f_climrel":-0.3,"extreme_pct_climrel":0.425,"ref_daytime_hi_mean":97.7,"ref_daytime_hi_p95":102.5,"rwi_mean":null,"health_per_10k":0.0,"built_frac":0.566,"tree_frac":0.219,"canopy_frac_over_3m":0.177,"viirs_mean":48.8,"gdl_hdi":0.936,"gdl_region":"Florida","ghsl_smod":30,"lst_anomaly_c":null,"lst_anomaly_c_climrel":null,"worldpop_pop_total":6922.0,"frac_under5":7.8,"frac_elderly_65plus":10.0,"frac_elderly_75plus":4.0,"old_age_dependency_ratio":0.156,"has_data":true},"geometry":{"type":"Polygon","coordinates":[[[-80.493747,25.484376],[-80.489667,25.484384],[-80.485619,25.48442],[-80.477484,25.484469],[-80.477453,25.480795],[-80.477423,25.477154],[-80.477408,25.475325],[-80.48559,25.475277],[-80.487621,25.475257],[-80.487665,25.477093],[-80.489581,25.477071],[-80.493711,25.477059],[-80.493747,25.484376]]]}},{"type":"Feature","properties":{"unit_id":"12086000127","name":"Census Tract 1.27","native_id":"12086000127","source":"census_tract_2025","adm3_name":"Miami-Dade County","adm3_id":"12086","area_sqm":468820,"split":false,"population":3736.0,"days_covered":18,"daytime_peak_f":102.4,"heat_anomaly_f":5.5,"extreme_pct":33.0,"nighttime_stress_f":-3.2,"daytime_peak_f_climrel":0.8247,"heat_anomaly_f_climrel":0.8247,"nighttime_stress_f_climrel":-0.3,"extreme_pct_climrel":0.825,"ref_daytime_hi_mean":96.9,"ref_daytime_hi_p95":102.4,"rwi_mean":null,"health_per_10k":0.0,"built_frac":0.751,"tree_frac":0.007,"canopy_frac_over_3m":0.11,"viirs_mean":60.4,"gdl_hdi":0.936,"gdl_region":"Florida","ghsl_smod":30,"lst_anomaly_c":-1.3,"lst_anomaly_c_climrel":0,"worldpop_pop_total":3636.0,"frac_under5":3.0,"frac_elderly_65plus":27.2,"frac_elderly_75plus":11.2,"old_age_dependency_ratio":0.43,"has_data":true},"geometry":{"type":"Polygon","coordinates":[[[-80.140983,25.935602],[-80.140328,25.938135],[-80.139993,25.938152],[-80.139688,25.938167],[-80.139322,25.938182],[-80.133781,25.938342],[-80.133013,25.938368],[-80.131684,25.938253],[-80.131515,25.937648],[-80.131345,25.936822],[-80.131107,25.935892],[-80.130832,25.934817],[-80.130568,25.933675],[-80.130435,25.932908],[-80.137029,25.932321],[-80.141656,25.931379],[-80.140983,25.935602]]]}},{"type":"Feature","properties":{"unit_id":"12086005904","name":"Census Tract 59.04","native_id":"12086005904","source":"census_tract_2025","adm3_name":"Miami-Dade County","adm3_id":"12086","area_sqm":1411019,"split":false,"population":3915.0,"days_covered":18,"daytime_peak_f":102.1,"heat_anomaly_f":4.6,"extreme_pct":44.0,"nighttime_stress_f":-4.1,"daytime_peak_f_climrel":0.6814,"heat_anomaly_f_climrel":0.6814,"nighttime_stress_f_climrel":-0.3,"extreme_pct_climrel":1,"ref_daytime_hi_mean":97.5,"ref_daytime_hi_p95":102.7,"rwi_mean":null,"health_per_10k":10.217113665389528,"built_frac":0.7,"tree_frac":0.247,"canopy_frac_over_3m":0.221,"viirs_mean":48.7,"gdl_hdi":0.936,"gdl_region":"Florida","ghsl_smod":30,"lst_anomaly_c":0.74,"lst_anomaly_c_climrel":0.0925,"worldpop_pop_total":6588.0,"frac_under5":4.4,"frac_elderly_65plus":22.8,"frac_elderly_75plus":12.0,"old_age_dependency_ratio":0.353,"has_data":true},"geometry":{"type":"Polygon","coordinates":[[[-80.303716,25.755804],[-80.299686,25.755939],[-80.297675,25.755989],[-80.295665,25.756039],[-80.291906,25.756155],[-80.291666,25.756161],[-80.287573,25.756292],[-80.287272,25.748425],[-80.29142,25.748311],[-80.295456,25.748208],[-80.297451,25.748154],[-80.299503,25.748113],[-80.301408,25.74806],[-80.303543,25.748018],[-80.303612,25.751263],[-80.303716,25.755804]]]}},{"type":"Feature","properties":{"unit_id":"12086004301","name":"Census Tract 43.01","native_id":"12086004301","source":"census_tract_2025","adm3_name":"Miami-Dade County","adm3_id":"12086","area_sqm":131520,"split":false,"population":823.7470358158171,"days_covered":18,"daytime_peak_f":102.9,"heat_anomaly_f":6.1,"extreme_pct":44.0,"nighttime_stress_f":-3.1,"daytime_peak_f_climrel":0.9278,"heat_anomaly_f_climrel":0.9278,"nighttime_stress_f_climrel":-0.3,"extreme_pct_climrel":1,"ref_daytime_hi_mean":96.9,"ref_daytime_hi_p95":102.1,"rwi_mean":null,"health_per_10k":0.0,"built_frac":0.939,"tree_frac":0.003,"canopy_frac_over_3m":0.139,"viirs_mean":89.2,"gdl_hdi":0.936,"gdl_region":"Florida","ghsl_smod":30,"lst_anomaly_c":1.02,"lst_anomaly_c_climrel":0.1275,"worldpop_pop_total":2864.0,"frac_under5":2.9,"frac_elderly_65plus":13.4,"frac_elderly_75plus":5.5,"old_age_dependency_ratio":0.167,"has_data":true},"geometry":{"type":"Polygon","coordinates":[[[-80.144406,25.785094],[-80.143522,25.785124],[-80.141057,25.785195],[-80.140967,25.782743],[-80.140896,25.780522],[-80.14312,25.780417],[-80.143218,25.781687],[-80.143394,25.782688],[-80.143688,25.783956],[-80.144246,25.784897],[-80.144406,25.785094]]]}},{"type":"Feature","properties":{"unit_id":"12086000416","name":"Census Tract 4.16","native_id":"12086000416","source":"census_tract_2025","adm3_name":"Miami-Dade County","adm3_id":"12086","area_sqm":1965566,"split":false,"population":4015.0,"days_covered":18,"daytime_peak_f":102.2,"heat_anomaly_f":5.4,"extreme_pct":33.0,"nighttime_stress_f":-2.9,"daytime_peak_f_climrel":0.8011,"heat_anomaly_f_climrel":0.8011,"nighttime_stress_f_climrel":-0.3,"extreme_pct_climrel":0.825,"ref_daytime_hi_mean":96.9,"ref_daytime_hi_p95":102.4,"rwi_mean":null,"health_per_10k":0.0,"built_frac":0.611,"tree_frac":0.19,"canopy_frac_over_3m":0.156,"viirs_mean":69.5,"gdl_hdi":0.936,"gdl_region":"Florida","ghsl_smod":30,"lst_anomaly_c":0.73,"lst_anomaly_c_climrel":0.0912,"worldpop_pop_total":5121.0,"frac_under5":4.3,"frac_elderly_65plus":25.9,"frac_elderly_75plus":12.0,"old_age_dependency_ratio":0.426,"has_data":true},"geometry":{"type":"Polygon","coordinates":[[[-80.243073,25.882834],[-80.241014,25.882736],[-80.23475,25.882771],[-80.234503,25.875657],[-80.234178,25.873698],[-80.234198,25.871495],[-80.234335,25.870393],[-80.234327,25.868316],[-80.234211,25.864625],[-80.23409,25.860941],[-80.242243,25.86072],[-80.242286,25.862079],[-80.24237,25.86443],[-80.242443,25.865792],[-80.242484,25.868172],[-80.242616,25.871387],[-80.243073,25.882834]]]}},{"type":"Feature","properties":{"unit_id":"12086013801","name":"Census Tract 138.01","native_id":"12086013801","source":"census_tract_2025","adm3_name":"Miami-Dade County","adm3_id":"12086","area_sqm":197417,"split":false,"population":4748.0,"days_covered":18,"daytime_peak_f":102.6,"heat_anomaly_f":4.5,"extreme_pct":28.0,"nighttime_stress_f":-4.7,"daytime_peak_f_climrel":0.6666,"heat_anomaly_f_climrel":0.6666,"nighttime_stress_f_climrel":-0.3,"extreme_pct_climrel":0.7,"ref_daytime_hi_mean":98.0,"ref_daytime_hi_p95":103.2,"rwi_mean":null,"health_per_10k":0.0,"built_frac":0.524,"tree_frac":0.011,"canopy_frac_over_3m":0.051,"viirs_mean":78.8,"gdl_hdi":0.936,"gdl_region":"Florida","ghsl_smod":30,"lst_anomaly_c":-1.19,"lst_anomaly_c_climrel":0,"worldpop_pop_total":2650.0,"frac_under5":3.8,"frac_elderly_65plus":22.2,"frac_elderly_75plus":9.1,"old_age_dependency_ratio":0.342,"has_data":true},"geometry":{"type":"Polygon","coordinates":[[[-80.339218,25.877017],[-80.33742,25.877038],[-80.335361,25.877012],[-80.335197,25.873384],[-80.335035,25.869832],[-80.335082,25.869309],[-80.337477,25.868977],[-80.339023,25.868243],[-80.338952,25.869803],[-80.339158,25.875226],[-80.339218,25.877017]]]}},{"type":"Feature","properties":{"unit_id":"12086005701","name":"Census Tract 57.01","native_id":"12086005701","source":"census_tract_2025","adm3_name":"Miami-Dade County","adm3_id":"12086","area_sqm":1359200,"split":false,"population":4757.0,"days_covered":18,"daytime_peak_f":102.1,"heat_anomaly_f":4.6,"extreme_pct":44.0,"nighttime_stress_f":-4.1,"daytime_peak_f_climrel":0.6814,"heat_anomaly_f_climrel":0.6814,"nighttime_stress_f_climrel":-0.3,"extreme_pct_climrel":1,"ref_daytime_hi_mean":97.5,"ref_daytime_hi_p95":102.7,"rwi_mean":null,"health_per_10k":8.408660920748371,"built_frac":0.835,"tree_frac":0.074,"canopy_frac_over_3m":0.139,"viirs_mean":80.7,"gdl_hdi":0.936,"gdl_region":"Florida","ghsl_smod":30,"lst_anomaly_c":2.96,"lst_anomaly_c_climrel":0.37,"worldpop_pop_total":6604.0,"frac_under5":3.2,"frac_elderly_65plus":31.2,"frac_elderly_75plus":17.0,"old_age_dependency_ratio":0.528,"has_data":true},"geometry":{"type":"Polygon","coordinates":[[[-80.312234,25.77074],[-80.311612,25.770605],[-80.309722,25.7715],[-80.309678,25.771533],[-80.309275,25.77171],[-80.308923,25.771885],[-80.308744,25.771933],[-80.308214,25.77217],[-80.307966,25.772266],[-80.307906,25.772373],[-80.29614,25.777717],[-80.292392,25.779828],[-80.28842,25.780834],[-80.28832,25.777981],[-80.28812,25.77078],[-80.289865,25.770739],[-80.291681,25.770714],[-80.294384,25.770676],[-80.295235,25.770646],[-80.299142,25.770586],[-80.30016,25.770566],[-80.3042,25.770498],[-80.307644,25.77035],[-80.313045,25.770141],[-80.312234,25.77074]]]}},{"type":"Feature","properties":{"unit_id":"12086008430","name":"Census Tract 84.30","native_id":"12086008430","source":"census_tract_2025","adm3_name":"Miami-Dade County","adm3_id":"12086","area_sqm":682904,"split":false,"population":6893.0,"days_covered":18,"daytime_peak_f":102.4,"heat_anomaly_f":4.6,"extreme_pct":33.0,"nighttime_stress_f":-5.5,"daytime_peak_f_climrel":0.6622,"heat_anomaly_f_climrel":0.6622,"nighttime_stress_f_climrel":-0.3,"extreme_pct_climrel":0.825,"ref_daytime_hi_mean":97.8,"ref_daytime_hi_p95":103.3,"rwi_mean":null,"health_per_10k":1.450747134774409,"built_frac":0.805,"tree_frac":0.152,"canopy_frac_over_3m":0.193,"viirs_mean":90.9,"gdl_hdi":0.936,"gdl_region":"Florida","ghsl_smod":30,"lst_anomaly_c":-0.92,"lst_anomaly_c_climrel":0,"worldpop_pop_total":6562.0,"frac_under5":4.3,"frac_elderly_65plus":21.3,"frac_elderly_75plus":9.2,"old_age_dependency_ratio":0.321,"has_data":true},"geometry":{"type":"Polygon","coordinates":[[[-80.384504,25.686876],[-80.382242,25.690006],[-80.375946,25.690158],[-80.373074,25.690155],[-80.369915,25.690285],[-80.365939,25.690462],[-80.365855,25.686978],[-80.36988,25.686863],[-80.372996,25.686764],[-80.375875,25.68667],[-80.376411,25.68665],[-80.384575,25.686395],[-80.384504,25.686876]]]}},{"type":"Feature","properties":{"unit_id":"12086008315","name":"Census Tract 83.15","native_id":"12086008315","source":"census_tract_2025","adm3_name":"Miami-Dade County","adm3_id":"12086","area_sqm":1294770,"split":false,"population":3131.5431241762203,"days_covered":18,"daytime_peak_f":101.6,"heat_anomaly_f":4.2,"extreme_pct":22.0,"nighttime_stress_f":-6.1,"daytime_peak_f_climrel":0.5768,"heat_anomaly_f_climrel":0.5768,"nighttime_stress_f_climrel":-0.3,"extreme_pct_climrel":0.55,"ref_daytime_hi_mean":97.4,"ref_daytime_hi_p95":103.0,"rwi_mean":null,"health_per_10k":0.0,"built_frac":0.671,"tree_frac":0.136,"canopy_frac_over_3m":0.127,"viirs_mean":33.7,"gdl_hdi":0.936,"gdl_region":"Florida","ghsl_smod":30,"lst_anomaly_c":-0.19,"lst_anomaly_c_climrel":0,"worldpop_pop_total":3921.0,"frac_under5":3.8,"frac_elderly_65plus":22.3,"frac_elderly_75plus":8.4,"old_age_dependency_ratio":0.348,"has_data":true},"geometry":{"type":"Polygon","coordinates":[[[-80.374067,25.620247],[-80.370039,25.620422],[-80.370121,25.622343],[-80.371273,25.624507],[-80.370523,25.627866],[-80.366223,25.628035],[-80.360076,25.628322],[-80.358002,25.6284],[-80.358745,25.626463],[-80.363314,25.624348],[-80.365135,25.622928],[-80.365874,25.620623],[-80.365477,25.613227],[-80.373694,25.612822],[-80.374067,25.620247]]]}},{"type":"Feature","properties":{"unit_id":"12086007609","name":"Census Tract 76.09","native_id":"12086007609","source":"census_tract_2025","adm3_name":"Miami-Dade County","adm3_id":"12086","area_sqm":829290,"split":false,"population":2084.0,"days_covered":18,"daytime_peak_f":102.2,"heat_anomaly_f":5.2,"extreme_pct":28.0,"nighttime_stress_f":-3.6,"daytime_peak_f_climrel":0.7489,"heat_anomaly_f_climrel":0.7489,"nighttime_stress_f_climrel":-0.3,"extreme_pct_climrel":0.7,"ref_daytime_hi_mean":97.0,"ref_daytime_hi_p95":102.0,"rwi_mean":null,"health_per_10k":4.798464491362764,"built_frac":0.502,"tree_frac":0.441,"canopy_frac_over_3m":0.349,"viirs_mean":122.7,"gdl_hdi":0.936,"gdl_region":"Florida","ghsl_smod":30,"lst_anomaly_c":0.62,"lst_anomaly_c_climrel":0.0775,"worldpop_pop_total":2211.0,"frac_under5":3.8,"frac_elderly_65plus":17.0,"frac_elderly_75plus":6.6,"old_age_dependency_ratio":0.238,"has_data":true},"geometry":{"type":"Polygon","coordinates":[[[-80.304837,25.691754],[-80.305127,25.692127],[-80.306602,25.692005],[-80.306409,25.692694],[-80.306492,25.696184],[-80.30666,25.703484],[-80.305568,25.703554],[-80.30141,25.703757],[-80.301121,25.696431],[-80.301091,25.694807],[-80.30094,25.691834],[-80.301083,25.691381],[-80.302468,25.690018],[-80.303035,25.689009],[-80.30836,25.688869],[-80.304837,25.691754]]]}},{"type":"Feature","properties":{"unit_id":"12086000126","name":"Census Tract 1.26","native_id":"12086000126","source":"census_tract_2025","adm3_name":"Miami-Dade County","adm3_id":"12086","area_sqm":300408,"split":false,"population":918.1467551195223,"days_covered":18,"daytime_peak_f":102.4,"heat_anomaly_f":5.5,"extreme_pct":33.0,"nighttime_stress_f":-3.2,"daytime_peak_f_climrel":0.8247,"heat_anomaly_f_climrel":0.8247,"nighttime_stress_f_climrel":-0.3,"extreme_pct_climrel":0.825,"ref_daytime_hi_mean":96.9,"ref_daytime_hi_p95":102.4,"rwi_mean":null,"health_per_10k":10.891505028189338,"built_frac":0.813,"tree_frac":0.062,"canopy_frac_over_3m":0.134,"viirs_mean":87.2,"gdl_hdi":0.936,"gdl_region":"Florida","ghsl_smod":30,"lst_anomaly_c":-2.5,"lst_anomaly_c_climrel":0,"worldpop_pop_total":2033.0,"frac_under5":2.6,"frac_elderly_65plus":47.5,"frac_elderly_75plus":23.3,"old_age_dependency_ratio":1.097,"has_data":true},"geometry":{"type":"Polygon","coordinates":[[[-80.12657,25.937698],[-80.125991,25.93933],[-80.124768,25.94021],[-80.123367,25.941354],[-80.121297,25.941439],[-80.121173,25.943454],[-80.1192240152463,25.9433770882313],[-80.1198169994802,25.9377095775271],[-80.121539,25.937656],[-80.123516,25.937569],[-80.123654,25.937554],[-80.124425,25.937189],[-80.126627,25.937026],[-80.12657,25.937698]]]}},{"type":"Feature","properties":{"unit_id":"12086000130","name":"Census Tract 1.30","native_id":"12086000130","source":"census_tract_2025","adm3_name":"Miami-Dade County","adm3_id":"12086","area_sqm":1044701,"split":false,"population":1827.0,"days_covered":18,"daytime_peak_f":102.4,"heat_anomaly_f":5.5,"extreme_pct":33.0,"nighttime_stress_f":-3.2,"daytime_peak_f_climrel":0.8247,"heat_anomaly_f_climrel":0.8247,"nighttime_stress_f_climrel":-0.3,"extreme_pct_climrel":0.825,"ref_daytime_hi_mean":96.9,"ref_daytime_hi_p95":102.4,"rwi_mean":null,"health_per_10k":0.0,"built_frac":0.261,"tree_frac":0.06,"canopy_frac_over_3m":0.091,"viirs_mean":34.9,"gdl_hdi":0.936,"gdl_region":"Florida","ghsl_smod":11,"lst_anomaly_c":-6.1,"lst_anomaly_c_climrel":0,"worldpop_pop_total":3365.0,"frac_under5":4.3,"frac_elderly_65plus":32.8,"frac_elderly_75plus":14.1,"old_age_dependency_ratio":0.589,"has_data":true},"geometry":{"type":"Polygon","coordinates":[[[-80.130504,25.899823],[-80.128555,25.903081],[-80.128619,25.905121],[-80.125849,25.908858],[-80.126192,25.917921],[-80.12862,25.921049],[-80.129887,25.922843],[-80.126765,25.922826],[-80.125911,25.922748],[-80.124624,25.922709],[-80.122998,25.922344],[-80.122404,25.92242],[-80.122339,25.924695],[-80.122332,25.924925],[-80.122268,25.926998],[-80.122037,25.929891],[-80.1204308914031,25.9300525123466],[-80.1205340400642,25.9285154107221],[-80.1206363283738,25.9269911298909],[-80.120775322389,25.9249198676547],[-80.1210101716022,25.9214201895862],[-80.121257,25.917742],[-80.121639,25.90489],[-80.1216762461346,25.899506381622],[-80.12457,25.899348],[-80.131021,25.899132],[-80.130504,25.899823]]]}},{"type":"Feature","properties":{"unit_id":"12086008504","name":"Census Tract 85.04","native_id":"12086008504","source":"census_tract_2025","adm3_name":"Miami-Dade County","adm3_id":"12086","area_sqm":1281569,"split":false,"population":3918.0,"days_covered":18,"daytime_peak_f":102.2,"heat_anomaly_f":5.2,"extreme_pct":28.0,"nighttime_stress_f":-3.6,"daytime_peak_f_climrel":0.7489,"heat_anomaly_f_climrel":0.7489,"nighttime_stress_f_climrel":-0.3,"extreme_pct_climrel":0.7,"ref_daytime_hi_mean":97.0,"ref_daytime_hi_p95":102.0,"rwi_mean":null,"health_per_10k":0.0,"built_frac":0.764,"tree_frac":0.083,"canopy_frac_over_3m":0.155,"viirs_mean":40.9,"gdl_hdi":0.936,"gdl_region":"Florida","ghsl_smod":30,"lst_anomaly_c":3.84,"lst_anomaly_c_climrel":0.48,"worldpop_pop_total":3297.0,"frac_under5":4.1,"frac_elderly_65plus":26.7,"frac_elderly_75plus":13.0,"old_age_dependency_ratio":0.442,"has_data":true},"geometry":{"type":"Polygon","coordinates":[[[-80.351257,25.723371],[-80.348937,25.723539],[-80.346722,25.72441],[-80.342456,25.724572],[-80.341208,25.724249],[-80.339714,25.723863],[-80.3353,25.724061],[-80.334916,25.71674],[-80.34048,25.716464],[-80.342916,25.716365],[-80.344908,25.716294],[-80.350882,25.716093],[-80.351257,25.723371]]]}},{"type":"Feature","properties":{"unit_id":"12086000908","name":"Census Tract 9.08","native_id":"12086000908","source":"census_tract_2025","adm3_name":"Miami-Dade County","adm3_id":"12086","area_sqm":995008,"split":false,"population":3934.0,"days_covered":18,"daytime_peak_f":102.6,"heat_anomaly_f":4.5,"extreme_pct":28.0,"nighttime_stress_f":-4.7,"daytime_peak_f_climrel":0.6666,"heat_anomaly_f_climrel":0.6666,"nighttime_stress_f_climrel":-0.3,"extreme_pct_climrel":0.7,"ref_daytime_hi_mean":98.0,"ref_daytime_hi_p95":103.2,"rwi_mean":null,"health_per_10k":0.0,"built_frac":0.857,"tree_frac":0.096,"canopy_frac_over_3m":0.16,"viirs_mean":72.9,"gdl_hdi":0.936,"gdl_region":"Florida","ghsl_smod":30,"lst_anomaly_c":2.76,"lst_anomaly_c_climrel":0.345,"worldpop_pop_total":3127.0,"frac_under5":3.5,"frac_elderly_65plus":25.4,"frac_elderly_75plus":10.7,"old_age_dependency_ratio":0.402,"has_data":true},"geometry":{"type":"Polygon","coordinates":[[[-80.260293,25.870663],[-80.259052,25.870702],[-80.250921,25.871067],[-80.25078,25.867789],[-80.250685,25.865483],[-80.250572,25.862725],[-80.250527,25.861833],[-80.250459,25.859982],[-80.254163,25.860293],[-80.256593,25.860259],[-80.256591,25.860198],[-80.257604,25.860202],[-80.259623,25.867466],[-80.260245,25.867454],[-80.260293,25.870663]]]}},{"type":"Feature","properties":{"unit_id":"12086001205","name":"Census Tract 12.05","native_id":"12086001205","source":"census_tract_2025","adm3_name":"Miami-Dade County","adm3_id":"12086","area_sqm":2706135,"split":false,"population":2303.0,"days_covered":18,"daytime_peak_f":102.2,"heat_anomaly_f":5.4,"extreme_pct":33.0,"nighttime_stress_f":-2.9,"daytime_peak_f_climrel":0.8011,"heat_anomaly_f_climrel":0.8011,"nighttime_stress_f_climrel":-0.3,"extreme_pct_climrel":0.825,"ref_daytime_hi_mean":96.9,"ref_daytime_hi_p95":102.4,"rwi_mean":null,"health_per_10k":4.342162396873643,"built_frac":0.301,"tree_frac":0.472,"canopy_frac_over_3m":0.324,"viirs_mean":38.7,"gdl_hdi":0.936,"gdl_region":"Florida","ghsl_smod":30,"lst_anomaly_c":-1.05,"lst_anomaly_c_climrel":0,"worldpop_pop_total":3492.0,"frac_under5":5.5,"frac_elderly_65plus":20.7,"frac_elderly_75plus":7.8,"old_age_dependency_ratio":0.332,"has_data":true},"geometry":{"type":"Polygon","coordinates":[[[-80.191094,25.88642],[-80.191003,25.886515],[-80.190575,25.886953],[-80.190243,25.886499],[-80.186311,25.886647],[-80.180253,25.886881],[-80.179776,25.873891],[-80.178629,25.873929],[-80.17842,25.873936],[-80.17694,25.874023],[-80.175282,25.874456],[-80.17373,25.874729],[-80.170294,25.874815],[-80.172279,25.872367],[-80.172586,25.871994],[-80.177292,25.866233],[-80.177186,25.864025],[-80.176932,25.859154],[-80.18102,25.859057],[-80.183266,25.858991],[-80.184929,25.856272],[-80.185198,25.860868],[-80.185294,25.863761],[-80.185506,25.868187],[-80.185742,25.873669],[-80.185953,25.87764],[-80.1858,25.878256],[-80.191095,25.886144],[-80.191094,25.88642]]]}},{"type":"Feature","properties":{"unit_id":"12086010201","name":"Census Tract 102.01","native_id":"12086010201","source":"census_tract_2025","adm3_name":"Miami-Dade County","adm3_id":"12086","area_sqm":24555938,"split":false,"population":6501.0,"days_covered":18,"daytime_peak_f":101.6,"heat_anomaly_f":4.2,"extreme_pct":22.0,"nighttime_stress_f":-6.1,"daytime_peak_f_climrel":0.5768,"heat_anomaly_f_climrel":0.5768,"nighttime_stress_f_climrel":-0.3,"extreme_pct_climrel":0.55,"ref_daytime_hi_mean":97.4,"ref_daytime_hi_p95":103.0,"rwi_mean":null,"health_per_10k":0.0,"built_frac":0.156,"tree_frac":0.227,"canopy_frac_over_3m":0.169,"viirs_mean":14.1,"gdl_hdi":0.936,"gdl_region":"Florida","ghsl_smod":11,"lst_anomaly_c":null,"lst_anomaly_c_climrel":null,"worldpop_pop_total":6178.0,"frac_under5":4.1,"frac_elderly_65plus":17.0,"frac_elderly_75plus":6.3,"old_age_dependency_ratio":0.255,"has_data":true},"geometry":{"type":"Polygon","coordinates":[[[-80.478466,25.594289],[-80.462289,25.594828],[-80.446019,25.595372],[-80.437707,25.595674],[-80.434092,25.595743],[-80.429685,25.595954],[-80.413447,25.596531],[-80.413035,25.596561],[-80.412891,25.592819],[-80.409524,25.590252],[-80.408993,25.58778],[-80.404096,25.58185],[-80.403997,25.580832],[-80.397686,25.574748],[-80.39689,25.574632],[-80.396887,25.574541],[-80.396903,25.573436],[-80.396844,25.566115],[-80.409007,25.566002],[-80.429364,25.56582],[-80.461883,25.565504],[-80.463971,25.565425],[-80.478232,25.565119],[-80.478353,25.579699],[-80.478342,25.583266],[-80.478466,25.594289]]]}},{"type":"Feature","properties":{"unit_id":"12086009312","name":"Census Tract 93.12","native_id":"12086009312","source":"census_tract_2025","adm3_name":"Miami-Dade County","adm3_id":"12086","area_sqm":3192619,"split":false,"population":13208.0,"days_covered":18,"daytime_peak_f":102.6,"heat_anomaly_f":4.5,"extreme_pct":28.0,"nighttime_stress_f":-4.7,"daytime_peak_f_climrel":0.6666,"heat_anomaly_f_climrel":0.6666,"nighttime_stress_f_climrel":-0.3,"extreme_pct_climrel":0.7,"ref_daytime_hi_mean":98.0,"ref_daytime_hi_p95":103.2,"rwi_mean":null,"health_per_10k":0.0,"built_frac":0.589,"tree_frac":0.16,"canopy_frac_over_3m":0.206,"viirs_mean":103.0,"gdl_hdi":0.936,"gdl_region":"Florida","ghsl_smod":30,"lst_anomaly_c":1.17,"lst_anomaly_c_climrel":0.1462,"worldpop_pop_total":6689.0,"frac_under5":4.4,"frac_elderly_65plus":16.5,"frac_elderly_75plus":6.8,"old_age_dependency_ratio":0.23,"has_data":true},"geometry":{"type":"Polygon","coordinates":[[[-80.313901,25.913845],[-80.312595,25.915441],[-80.309722,25.918023],[-80.309103,25.918016],[-80.309394,25.92467],[-80.309516,25.927304],[-80.309624,25.927845],[-80.300112,25.927885],[-80.293345,25.92813],[-80.293174,25.925024],[-80.292645,25.913364],[-80.292514,25.909864],[-80.298302,25.909758],[-80.301572,25.910514],[-80.305361,25.911058],[-80.306741,25.909001],[-80.30823,25.908702],[-80.310208,25.908824],[-80.312936,25.910883],[-80.313486,25.911029],[-80.313901,25.913845]]]}},{"type":"Feature","properties":{"unit_id":"12086008810","name":"Census Tract 88.10","native_id":"12086008810","source":"census_tract_2025","adm3_name":"Miami-Dade County","adm3_id":"12086","area_sqm":1327625,"split":false,"population":5093.0,"days_covered":18,"daytime_peak_f":102.4,"heat_anomaly_f":4.6,"extreme_pct":33.0,"nighttime_stress_f":-5.5,"daytime_peak_f_climrel":0.6622,"heat_anomaly_f_climrel":0.6622,"nighttime_stress_f_climrel":-0.3,"extreme_pct_climrel":0.825,"ref_daytime_hi_mean":97.8,"ref_daytime_hi_p95":103.3,"rwi_mean":null,"health_per_10k":0.0,"built_frac":0.779,"tree_frac":0.118,"canopy_frac_over_3m":0.146,"viirs_mean":80.5,"gdl_hdi":0.936,"gdl_region":"Florida","ghsl_smod":30,"lst_anomaly_c":2.92,"lst_anomaly_c_climrel":0.365,"worldpop_pop_total":4338.0,"frac_under5":3.8,"frac_elderly_65plus":27.8,"frac_elderly_75plus":13.1,"old_age_dependency_ratio":0.462,"has_data":true},"geometry":{"type":"Polygon","coordinates":[[[-80.384611,25.739058],[-80.383978,25.739118],[-80.375814,25.739396],[-80.370787,25.739503],[-80.369747,25.739522],[-80.367718,25.739572],[-80.367778,25.732308],[-80.373702,25.732206],[-80.375694,25.732175],[-80.384365,25.732043],[-80.384513,25.737247],[-80.384611,25.739058]]]}},{"type":"Feature","properties":{"unit_id":"12086004106","name":"Census Tract 41.06","native_id":"12086004106","source":"census_tract_2025","adm3_name":"Miami-Dade County","adm3_id":"12086","area_sqm":2193158,"split":false,"population":6736.0,"days_covered":18,"daytime_peak_f":102.9,"heat_anomaly_f":6.1,"extreme_pct":44.0,"nighttime_stress_f":-3.1,"daytime_peak_f_climrel":0.9278,"heat_anomaly_f_climrel":0.9278,"nighttime_stress_f_climrel":-0.3,"extreme_pct_climrel":1,"ref_daytime_hi_mean":96.9,"ref_daytime_hi_p95":102.1,"rwi_mean":null,"health_per_10k":1.484560570071259,"built_frac":0.235,"tree_frac":0.09,"canopy_frac_over_3m":0.134,"viirs_mean":41.7,"gdl_hdi":0.936,"gdl_region":"Florida","ghsl_smod":30,"lst_anomaly_c":-6.93,"lst_anomaly_c_climrel":0,"worldpop_pop_total":3687.0,"frac_under5":4.8,"frac_elderly_65plus":19.5,"frac_elderly_75plus":6.8,"old_age_dependency_ratio":0.298,"has_data":true},"geometry":{"type":"Polygon","coordinates":[[[-80.163253,25.799369],[-80.162636,25.801571],[-80.16174,25.804779],[-80.161126,25.806965],[-80.160575,25.808785],[-80.137415,25.809593],[-80.136361,25.808759],[-80.132821,25.809664],[-80.12747,25.809061],[-80.128131,25.804401],[-80.129213,25.803656],[-80.130224,25.799409],[-80.132198,25.798327],[-80.136695,25.795888],[-80.141302,25.793383],[-80.143674,25.79204],[-80.145045,25.791606],[-80.145194,25.795855],[-80.147031,25.797869],[-80.163865,25.797191],[-80.163253,25.799369]]]}},{"type":"Feature","properties":{"unit_id":"12086001702","name":"Census Tract 17.02","native_id":"12086001702","source":"census_tract_2025","adm3_name":"Miami-Dade County","adm3_id":"12086","area_sqm":1038345,"split":false,"population":3917.0,"days_covered":18,"daytime_peak_f":101.9,"heat_anomaly_f":5.5,"extreme_pct":39.0,"nighttime_stress_f":-3.1,"daytime_peak_f_climrel":0.8322,"heat_anomaly_f_climrel":0.8322,"nighttime_stress_f_climrel":-0.3,"extreme_pct_climrel":0.975,"ref_daytime_hi_mean":96.4,"ref_daytime_hi_p95":101.7,"rwi_mean":null,"health_per_10k":0.0,"built_frac":0.667,"tree_frac":0.222,"canopy_frac_over_3m":0.176,"viirs_mean":94.3,"gdl_hdi":0.936,"gdl_region":"Florida","ghsl_smod":30,"lst_anomaly_c":1.93,"lst_anomaly_c_climrel":0.2412,"worldpop_pop_total":5152.0,"frac_under5":5.8,"frac_elderly_65plus":16.0,"frac_elderly_75plus":4.9,"old_age_dependency_ratio":0.247,"has_data":true},"geometry":{"type":"Polygon","coordinates":[[[-80.248921,25.823682],[-80.246858,25.823781],[-80.240772,25.823939],[-80.240644,25.820217],[-80.240625,25.819276],[-80.240458,25.814662],[-80.240379,25.812817],[-80.240419,25.812307],[-80.24848,25.812206],[-80.248481,25.812276],[-80.248582,25.814905],[-80.248629,25.816261],[-80.248783,25.819953],[-80.24882,25.820705],[-80.248816,25.82142],[-80.248921,25.823682]]]}},{"type":"Feature","properties":{"unit_id":"12086011206","name":"Census Tract 112.06","native_id":"12086011206","source":"census_tract_2025","adm3_name":"Miami-Dade County","adm3_id":"12086","area_sqm":9870522,"split":false,"population":5068.0,"days_covered":18,"daytime_peak_f":100.7,"heat_anomaly_f":3.0,"extreme_pct":17.0,"nighttime_stress_f":-8.0,"daytime_peak_f_climrel":0.4742,"heat_anomaly_f_climrel":0.4742,"nighttime_stress_f_climrel":-0.3,"extreme_pct_climrel":0.425,"ref_daytime_hi_mean":97.7,"ref_daytime_hi_p95":102.5,"rwi_mean":null,"health_per_10k":0.0,"built_frac":0.131,"tree_frac":0.235,"canopy_frac_over_3m":0.194,"viirs_mean":13.4,"gdl_hdi":0.936,"gdl_region":"Florida","ghsl_smod":12,"lst_anomaly_c":null,"lst_anomaly_c_climrel":null,"worldpop_pop_total":3868.0,"frac_under5":4.6,"frac_elderly_65plus":17.1,"frac_elderly_75plus":6.2,"old_age_dependency_ratio":0.258,"has_data":true},"geometry":{"type":"Polygon","coordinates":[[[-80.510291,25.513501],[-80.490015,25.513673],[-80.477807,25.513723],[-80.477578,25.495434],[-80.489785,25.495336],[-80.493875,25.495302],[-80.493821,25.490558],[-80.493812,25.48898],[-80.493747,25.484376],[-80.493711,25.477059],[-80.509765,25.476974],[-80.509829,25.484224],[-80.510291,25.513501]]]}},{"type":"Feature","properties":{"unit_id":"12086011601","name":"Census Tract 116.01","native_id":"12086011601","source":"census_tract_2025","adm3_name":"Miami-Dade County","adm3_id":"12086","area_sqm":829059,"split":false,"population":3001.0,"days_covered":18,"daytime_peak_f":102.6,"heat_anomaly_f":4.5,"extreme_pct":28.0,"nighttime_stress_f":-4.7,"daytime_peak_f_climrel":0.6666,"heat_anomaly_f_climrel":0.6666,"nighttime_stress_f_climrel":-0.3,"extreme_pct_climrel":0.7,"ref_daytime_hi_mean":98.0,"ref_daytime_hi_p95":103.2,"rwi_mean":null,"health_per_10k":0.0,"built_frac":0.694,"tree_frac":0.139,"canopy_frac_over_3m":0.17,"viirs_mean":66.4,"gdl_hdi":0.936,"gdl_region":"Florida","ghsl_smod":30,"lst_anomaly_c":1.89,"lst_anomaly_c_climrel":0.2362,"worldpop_pop_total":5227.0,"frac_under5":5.4,"frac_elderly_65plus":18.4,"frac_elderly_75plus":7.5,"old_age_dependency_ratio":0.281,"has_data":true},"geometry":{"type":"Polygon","coordinates":[[[-80.309368,25.932838],[-80.308383,25.934994],[-80.307029,25.937946],[-80.306839,25.940722],[-80.306939,25.942382],[-80.303576,25.942105],[-80.299839,25.940548],[-80.300413,25.939544],[-80.300226,25.931246],[-80.303132,25.931551],[-80.303746,25.931859],[-80.304717,25.931034],[-80.309659,25.930212],[-80.309368,25.932838]]]}},{"type":"Feature","properties":{"unit_id":"12086009066","name":"Census Tract 90.66","native_id":"12086009066","source":"census_tract_2025","adm3_name":"Miami-Dade County","adm3_id":"12086","area_sqm":9084799,"split":false,"population":21309.0,"days_covered":18,"daytime_peak_f":102.1,"heat_anomaly_f":4.6,"extreme_pct":44.0,"nighttime_stress_f":-4.1,"daytime_peak_f_climrel":0.6814,"heat_anomaly_f_climrel":0.6814,"nighttime_stress_f_climrel":-0.3,"extreme_pct_climrel":1,"ref_daytime_hi_mean":97.5,"ref_daytime_hi_p95":102.7,"rwi_mean":null,"health_per_10k":0.4692852785208128,"built_frac":0.515,"tree_frac":0.045,"canopy_frac_over_3m":0.089,"viirs_mean":93.7,"gdl_hdi":0.936,"gdl_region":"Florida","ghsl_smod":30,"lst_anomaly_c":-1.54,"lst_anomaly_c_climrel":0,"worldpop_pop_total":10105.0,"frac_under5":5.8,"frac_elderly_65plus":11.0,"frac_elderly_75plus":3.9,"old_age_dependency_ratio":0.152,"has_data":true},"geometry":{"type":"Polygon","coordinates":[[[-80.35435,25.840694],[-80.3382,25.840733],[-80.334187,25.840763],[-80.322093,25.840736],[-80.32201,25.839824],[-80.321628,25.826209],[-80.321584,25.8203],[-80.321487,25.816482],[-80.32551,25.816454],[-80.32948,25.817096],[-80.337586,25.817154],[-80.33739,25.809895],[-80.348639,25.811648],[-80.353407,25.81166],[-80.35327,25.812535],[-80.353609,25.819182],[-80.353843,25.820835],[-80.353926,25.826129],[-80.354132,25.833448],[-80.35435,25.840694]]]}},{"type":"Feature","properties":{"unit_id":"12086009022","name":"Census Tract 90.22","native_id":"12086009022","source":"census_tract_2025","adm3_name":"Miami-Dade County","adm3_id":"12086","area_sqm":372697,"split":false,"population":1639.7596094311557,"days_covered":18,"daytime_peak_f":102.3,"heat_anomaly_f":4.1,"extreme_pct":33.0,"nighttime_stress_f":-5.1,"daytime_peak_f_climrel":0.6155,"heat_anomaly_f_climrel":0.6155,"nighttime_stress_f_climrel":-0.3,"extreme_pct_climrel":0.825,"ref_daytime_hi_mean":98.1,"ref_daytime_hi_p95":103.4,"rwi_mean":null,"health_per_10k":0.0,"built_frac":0.836,"tree_frac":0.025,"canopy_frac_over_3m":0.082,"viirs_mean":69.5,"gdl_hdi":0.936,"gdl_region":"Florida","ghsl_smod":30,"lst_anomaly_c":1.46,"lst_anomaly_c_climrel":0.1825,"worldpop_pop_total":2618.0,"frac_under5":3.1,"frac_elderly_65plus":26.1,"frac_elderly_75plus":11.2,"old_age_dependency_ratio":0.411,"has_data":true},"geometry":{"type":"Polygon","coordinates":[[[-80.385716,25.768151],[-80.384935,25.768162],[-80.384825,25.768163],[-80.381025,25.768282],[-80.380461,25.761581],[-80.380464,25.76107],[-80.385485,25.761004],[-80.385716,25.768151]]]}},{"type":"Feature","properties":{"unit_id":"12086010022","name":"Census Tract 100.22","native_id":"12086010022","source":"census_tract_2025","adm3_name":"Miami-Dade County","adm3_id":"12086","area_sqm":1273902,"split":false,"population":3262.0,"days_covered":18,"daytime_peak_f":102.6,"heat_anomaly_f":4.5,"extreme_pct":28.0,"nighttime_stress_f":-4.7,"daytime_peak_f_climrel":0.6666,"heat_anomaly_f_climrel":0.6666,"nighttime_stress_f_climrel":-0.3,"extreme_pct_climrel":0.7,"ref_daytime_hi_mean":98.0,"ref_daytime_hi_p95":103.2,"rwi_mean":null,"health_per_10k":0.0,"built_frac":0.818,"tree_frac":0.084,"canopy_frac_over_3m":0.115,"viirs_mean":56.2,"gdl_hdi":0.936,"gdl_region":"Florida","ghsl_smod":30,"lst_anomaly_c":2.59,"lst_anomaly_c_climrel":0.3237,"worldpop_pop_total":3888.0,"frac_under5":4.7,"frac_elderly_65plus":22.6,"frac_elderly_75plus":9.7,"old_age_dependency_ratio":0.355,"has_data":true},"geometry":{"type":"Polygon","coordinates":[[[-80.277447,25.939688],[-80.272817,25.939899],[-80.269432,25.940017],[-80.269039,25.932732],[-80.268667,25.92541],[-80.276728,25.925127],[-80.276979,25.931005],[-80.277447,25.939688]]]}},{"type":"Feature","properties":{"unit_id":"12086010016","name":"Census Tract 100.16","native_id":"12086010016","source":"census_tract_2025","adm3_name":"Miami-Dade County","adm3_id":"12086","area_sqm":1174740,"split":false,"population":3766.2436825803243,"days_covered":18,"daytime_peak_f":103.3,"heat_anomaly_f":5.4,"extreme_pct":33.0,"nighttime_stress_f":-5.5,"daytime_peak_f_climrel":0.7702,"heat_anomaly_f_climrel":0.7702,"nighttime_stress_f_climrel":-0.3,"extreme_pct_climrel":0.825,"ref_daytime_hi_mean":97.9,"ref_daytime_hi_p95":103.4,"rwi_mean":null,"health_per_10k":0.0,"built_frac":0.801,"tree_frac":0.047,"canopy_frac_over_3m":0.132,"viirs_mean":50.0,"gdl_hdi":0.936,"gdl_region":"Florida","ghsl_smod":30,"lst_anomaly_c":0.26,"lst_anomaly_c_climrel":0.0325,"worldpop_pop_total":5248.0,"frac_under5":3.8,"frac_elderly_65plus":21.1,"frac_elderly_75plus":8.8,"old_age_dependency_ratio":0.324,"has_data":true},"geometry":{"type":"Polygon","coordinates":[[[-80.294604,25.95346],[-80.293868,25.953456],[-80.287838,25.953721],[-80.28668,25.953762],[-80.278209,25.954172],[-80.277792,25.946962],[-80.286172,25.946771],[-80.294283,25.94658],[-80.294297,25.946935],[-80.294604,25.95346]]]}},{"type":"Feature","properties":{"unit_id":"12086008910","name":"Census Tract 89.10","native_id":"12086008910","source":"census_tract_2025","adm3_name":"Miami-Dade County","adm3_id":"12086","area_sqm":1187793,"split":false,"population":3508.7503879598203,"days_covered":18,"daytime_peak_f":102.1,"heat_anomaly_f":4.6,"extreme_pct":44.0,"nighttime_stress_f":-4.1,"daytime_peak_f_climrel":0.6814,"heat_anomaly_f_climrel":0.6814,"nighttime_stress_f_climrel":-0.3,"extreme_pct_climrel":1,"ref_daytime_hi_mean":97.5,"ref_daytime_hi_p95":102.7,"rwi_mean":null,"health_per_10k":11.400069989948243,"built_frac":0.853,"tree_frac":0.075,"canopy_frac_over_3m":0.145,"viirs_mean":68.6,"gdl_hdi":0.936,"gdl_region":"Florida","ghsl_smod":30,"lst_anomaly_c":4.22,"lst_anomaly_c_climrel":0.5275,"worldpop_pop_total":3676.0,"frac_under5":3.7,"frac_elderly_65plus":29.1,"frac_elderly_75plus":15.1,"old_age_dependency_ratio":0.493,"has_data":true},"geometry":{"type":"Polygon","coordinates":[[[-80.336173,25.76199],[-80.327936,25.762182],[-80.320871,25.762398],[-80.320598,25.762415],[-80.32096,25.759797],[-80.320053,25.755267],[-80.327813,25.755135],[-80.33592,25.754905],[-80.336048,25.758592],[-80.336173,25.76199]]]}},{"type":"Feature","properties":{"unit_id":"12086009059","name":"Census Tract 90.59","native_id":"12086009059","source":"census_tract_2025","adm3_name":"Miami-Dade County","adm3_id":"12086","area_sqm":607374,"split":false,"population":2145.0,"days_covered":18,"daytime_peak_f":102.3,"heat_anomaly_f":4.1,"extreme_pct":33.0,"nighttime_stress_f":-5.1,"daytime_peak_f_climrel":0.6155,"heat_anomaly_f_climrel":0.6155,"nighttime_stress_f_climrel":-0.3,"extreme_pct_climrel":0.825,"ref_daytime_hi_mean":98.1,"ref_daytime_hi_p95":103.4,"rwi_mean":null,"health_per_10k":4.662004662004662,"built_frac":0.594,"tree_frac":0.166,"canopy_frac_over_3m":0.147,"viirs_mean":54.7,"gdl_hdi":0.936,"gdl_region":"Florida","ghsl_smod":30,"lst_anomaly_c":1.13,"lst_anomaly_c_climrel":0.1412,"worldpop_pop_total":4567.0,"frac_under5":4.3,"frac_elderly_65plus":12.0,"frac_elderly_75plus":4.2,"old_age_dependency_ratio":0.169,"has_data":true},"geometry":{"type":"Polygon","coordinates":[[[-80.377971,25.826178],[-80.373876,25.826175],[-80.369863,25.826172],[-80.369756,25.821883],[-80.369674,25.818918],[-80.373775,25.818882],[-80.377767,25.818841],[-80.37786,25.822498],[-80.377971,25.826178]]]}},{"type":"Feature","properties":{"unit_id":"12086010710","name":"Census Tract 107.10","native_id":"12086010710","source":"census_tract_2025","adm3_name":"Miami-Dade County","adm3_id":"12086","area_sqm":1903115,"split":false,"population":1566.0,"days_covered":18,"daytime_peak_f":101.3,"heat_anomaly_f":3.8,"extreme_pct":28.0,"nighttime_stress_f":-6.7,"daytime_peak_f_climrel":0.5456,"heat_anomaly_f_climrel":0.5456,"nighttime_stress_f_climrel":-0.3,"extreme_pct_climrel":0.7,"ref_daytime_hi_mean":97.6,"ref_daytime_hi_p95":102.6,"rwi_mean":null,"health_per_10k":0.0,"built_frac":0.7,"tree_frac":0.065,"canopy_frac_over_3m":0.096,"viirs_mean":44.6,"gdl_hdi":0.936,"gdl_region":"Florida","ghsl_smod":30,"lst_anomaly_c":null,"lst_anomaly_c_climrel":null,"worldpop_pop_total":8766.0,"frac_under5":5.3,"frac_elderly_65plus":15.3,"frac_elderly_75plus":5.2,"old_age_dependency_ratio":0.227,"has_data":true},"geometry":{"type":"Polygon","coordinates":[[[-80.408721,25.536504],[-80.396456,25.536661],[-80.392313,25.536747],[-80.389433,25.536819],[-80.389149,25.533262],[-80.388362,25.532334],[-80.38834,25.529891],[-80.388335,25.529246],[-80.394909,25.527545],[-80.397528,25.525694],[-80.400072,25.525671],[-80.401335,25.526596],[-80.402393,25.529209],[-80.404525,25.529184],[-80.408626,25.529152],[-80.408721,25.536504]]]}},{"type":"Feature","properties":{"unit_id":"12086011900","name":"Census Tract 119","native_id":"12086011900","source":"census_tract_2025","adm3_name":"Miami-Dade County","adm3_id":"12086","area_sqm":2787788,"split":false,"population":4390.0,"days_covered":18,"daytime_peak_f":102.6,"heat_anomaly_f":4.5,"extreme_pct":28.0,"nighttime_stress_f":-4.7,"daytime_peak_f_climrel":0.6666,"heat_anomaly_f_climrel":0.6666,"nighttime_stress_f_climrel":-0.3,"extreme_pct_climrel":0.7,"ref_daytime_hi_mean":98.0,"ref_daytime_hi_p95":103.2,"rwi_mean":null,"health_per_10k":0.0,"built_frac":0.408,"tree_frac":0.095,"canopy_frac_over_3m":0.131,"viirs_mean":37.3,"gdl_hdi":0.936,"gdl_region":"Florida","ghsl_smod":30,"lst_anomaly_c":0.71,"lst_anomaly_c_climrel":0.0887,"worldpop_pop_total":6512.0,"frac_under5":4.4,"frac_elderly_65plus":20.1,"frac_elderly_75plus":8.7,"old_age_dependency_ratio":0.307,"has_data":true},"geometry":{"type":"Polygon","coordinates":[[[-80.326712,25.957118],[-80.317372,25.95715],[-80.310617,25.957165],[-80.310552,25.955408],[-80.309831,25.952984],[-80.307925,25.950004],[-80.307326,25.948382],[-80.307057,25.944669],[-80.306939,25.942382],[-80.310279,25.942385],[-80.31261,25.942289],[-80.313421,25.942024],[-80.314799,25.941596],[-80.315925,25.941545],[-80.319404,25.941567],[-80.320331,25.941632],[-80.322251,25.942286],[-80.326125,25.942343],[-80.326146,25.942876],[-80.326364,25.948515],[-80.32662,25.956614],[-80.326712,25.957118]]]}},{"type":"Feature","properties":{"unit_id":"12086006501","name":"Census Tract 65.01","native_id":"12086006501","source":"census_tract_2025","adm3_name":"Miami-Dade County","adm3_id":"12086","area_sqm":677389,"split":false,"population":3544.0,"days_covered":18,"daytime_peak_f":101.9,"heat_anomaly_f":5.5,"extreme_pct":39.0,"nighttime_stress_f":-3.1,"daytime_peak_f_climrel":0.8322,"heat_anomaly_f_climrel":0.8322,"nighttime_stress_f_climrel":-0.3,"extreme_pct_climrel":0.975,"ref_daytime_hi_mean":96.4,"ref_daytime_hi_p95":101.7,"rwi_mean":null,"health_per_10k":0.0,"built_frac":0.834,"tree_frac":0.162,"canopy_frac_over_3m":0.217,"viirs_mean":73.4,"gdl_hdi":0.936,"gdl_region":"Florida","ghsl_smod":30,"lst_anomaly_c":3.42,"lst_anomaly_c_climrel":0.4275,"worldpop_pop_total":2655.0,"frac_under5":3.5,"frac_elderly_65plus":23.9,"frac_elderly_75plus":12.3,"old_age_dependency_ratio":0.37,"has_data":true},"geometry":{"type":"Polygon","coordinates":[[[-80.238557,25.757777],[-80.232454,25.758043],[-80.230397,25.758123],[-80.230287,25.754394],[-80.230134,25.750593],[-80.238255,25.750327],[-80.23842,25.754062],[-80.238557,25.757777]]]}},{"type":"Feature","properties":{"unit_id":"12086009053","name":"Census Tract 90.53","native_id":"12086009053","source":"census_tract_2025","adm3_name":"Miami-Dade County","adm3_id":"12086","area_sqm":660555,"split":false,"population":3265.0,"days_covered":18,"daytime_peak_f":102.1,"heat_anomaly_f":4.6,"extreme_pct":44.0,"nighttime_stress_f":-4.1,"daytime_peak_f_climrel":0.6814,"heat_anomaly_f_climrel":0.6814,"nighttime_stress_f_climrel":-0.3,"extreme_pct_climrel":1,"ref_daytime_hi_mean":97.5,"ref_daytime_hi_p95":102.7,"rwi_mean":null,"health_per_10k":0.0,"built_frac":0.908,"tree_frac":0.053,"canopy_frac_over_3m":0.129,"viirs_mean":100.3,"gdl_hdi":0.936,"gdl_region":"Florida","ghsl_smod":30,"lst_anomaly_c":3.75,"lst_anomaly_c_climrel":0.4688,"worldpop_pop_total":4678.0,"frac_under5":4.8,"frac_elderly_65plus":22.7,"frac_elderly_75plus":10.9,"old_age_dependency_ratio":0.359,"has_data":true},"geometry":{"type":"Polygon","coordinates":[[[-80.344405,25.769331],[-80.339051,25.769526],[-80.33727,25.76958],[-80.336426,25.769605],[-80.336289,25.765901],[-80.336173,25.76199],[-80.344162,25.761843],[-80.344395,25.765675],[-80.344405,25.769331]]]}},{"type":"Feature","properties":{"unit_id":"12086014800","name":"Census Tract 148","native_id":"12086014800","source":"census_tract_2025","adm3_name":"Miami-Dade County","adm3_id":"12086","area_sqm":1364437,"split":false,"population":5440.0,"days_covered":18,"daytime_peak_f":102.3,"heat_anomaly_f":4.1,"extreme_pct":33.0,"nighttime_stress_f":-5.1,"daytime_peak_f_climrel":0.6155,"heat_anomaly_f_climrel":0.6155,"nighttime_stress_f_climrel":-0.3,"extreme_pct_climrel":0.825,"ref_daytime_hi_mean":98.1,"ref_daytime_hi_p95":103.4,"rwi_mean":null,"health_per_10k":0.0,"built_frac":0.751,"tree_frac":0.04,"canopy_frac_over_3m":0.103,"viirs_mean":46.4,"gdl_hdi":0.936,"gdl_region":"Florida","ghsl_smod":30,"lst_anomaly_c":null,"lst_anomaly_c_climrel":null,"worldpop_pop_total":7224.0,"frac_under5":3.6,"frac_elderly_65plus":24.4,"frac_elderly_75plus":10.1,"old_age_dependency_ratio":0.38,"has_data":true},"geometry":{"type":"Polygon","coordinates":[[[-80.408834,25.760966],[-80.403721,25.760981],[-80.400788,25.760969],[-80.400489,25.753023],[-80.400401,25.751291],[-80.400131,25.744018],[-80.408023,25.743764],[-80.408221,25.74376],[-80.408493,25.751023],[-80.40879,25.759407],[-80.408834,25.760966]]]}},{"type":"Feature","properties":{"unit_id":"12086011412","name":"Census Tract 114.12","native_id":"12086011412","source":"census_tract_2025","adm3_name":"Miami-Dade County","adm3_id":"12086","area_sqm":183325864,"split":false,"population":6644.0,"days_covered":18,"daytime_peak_f":101.5,"heat_anomaly_f":3.3,"extreme_pct":22.0,"nighttime_stress_f":-7.5,"daytime_peak_f_climrel":0.4977,"heat_anomaly_f_climrel":0.4977,"nighttime_stress_f_climrel":-0.3,"extreme_pct_climrel":0.55,"ref_daytime_hi_mean":98.1,"ref_daytime_hi_p95":103.7,"rwi_mean":null,"health_per_10k":1.5051173991571343,"built_frac":0.01,"tree_frac":0.019,"canopy_frac_over_3m":0.079,"viirs_mean":1.6,"gdl_hdi":0.936,"gdl_region":"Florida","ghsl_smod":11,"lst_anomaly_c":-8.57,"lst_anomaly_c_climrel":0,"worldpop_pop_total":9478.0,"frac_under5":7.9,"frac_elderly_65plus":10.1,"frac_elderly_75plus":3.6,"old_age_dependency_ratio":0.155,"has_data":true},"geometry":{"type":"Polygon","coordinates":[[[-80.477164,25.447837],[-80.466857,25.447769],[-80.460689,25.447795],[-80.459426,25.447818],[-80.452425,25.447803],[-80.450773,25.447818],[-80.436169,25.447879],[-80.431262,25.447956],[-80.403775,25.447903],[-80.367365,25.448031],[-80.367326,25.443601],[-80.36637,25.443636],[-80.362773,25.440827],[-80.35904,25.439194],[-80.355665,25.438579],[-80.354725,25.437136],[-80.352219,25.435998],[-80.371269,25.381808],[-80.367665,25.38184],[-80.367823,25.367446],[-80.36773,25.35711],[-80.366613,25.356653],[-80.349474,25.356573],[-80.33819,25.356994],[-80.338874,25.356747],[-80.338901,25.349971],[-80.338648,25.34935],[-80.3315235277732,25.3458335556281],[-80.33553,25.340671],[-80.338872,25.33654],[-80.342602,25.331546],[-80.343232,25.327596],[-80.3423639850844,25.3236622688727],[-80.342275,25.323259],[-80.343031,25.322825],[-80.345081,25.322791],[-80.349313,25.321012],[-80.350527,25.322465],[-80.351085,25.324837],[-80.351642,25.325815],[-80.354362,25.326358],[-80.355448,25.325133],[-80.357315,25.324732],[-80.358728,25.325255],[-80.359811,25.326319],[-80.360861,25.328069],[-80.363091,25.328099],[-80.365125,25.326675],[-80.365388,25.324807],[-80.36741,25.32416],[-80.37064,25.323219],[-80.371876,25.320788],[-80.370539,25.317461],[-80.371479,25.317277],[-80.373437,25.312816],[-80.373669,25.309526],[-80.375864,25.30769],[-80.3761037521012,25.3058748956487],[-80.379021,25.305895],[-80.3794,25.296829],[-80.379136596166,25.288301994072],[-80.37969,25.288463],[-80.382907,25.291615],[-80.385878,25.291078],[-80.388493,25.288499],[-80.390989,25.285598],[-80.39491,25.280333],[-80.398119,25.276786],[-80.40002,25.270983],[-80.399902,25.265395],[-80.400496,25.261204],[-80.399426,25.257872],[-80.397406,25.256582],[-80.3978630482615,25.2534798450631],[-80.410955,25.253466],[-80.413355,25.250389],[-80.418649,25.244749],[-80.41887,25.23631],[-80.426877,25.236412],[-80.429306,25.235661],[-80.432343,25.236725],[-80.433478,25.236417],[-80.474201,25.425158],[-80.474361,25.427106],[-80.474155,25.433207],[-80.474783,25.436475],[-80.476663,25.439102],[-80.47706,25.440874],[-80.477164,25.447837]]]}},{"type":"Feature","properties":{"unit_id":"12086015800","name":"Census Tract 158","native_id":"12086015800","source":"census_tract_2025","adm3_name":"Miami-Dade County","adm3_id":"12086","area_sqm":1171019,"split":false,"population":3900.0,"days_covered":18,"daytime_peak_f":102.4,"heat_anomaly_f":4.6,"extreme_pct":33.0,"nighttime_stress_f":-5.5,"daytime_peak_f_climrel":0.6622,"heat_anomaly_f_climrel":0.6622,"nighttime_stress_f_climrel":-0.3,"extreme_pct_climrel":0.825,"ref_daytime_hi_mean":97.8,"ref_daytime_hi_p95":103.3,"rwi_mean":null,"health_per_10k":0.0,"built_frac":0.751,"tree_frac":0.073,"canopy_frac_over_3m":0.12,"viirs_mean":47.5,"gdl_hdi":0.936,"gdl_region":"Florida","ghsl_smod":30,"lst_anomaly_c":0.58,"lst_anomaly_c_climrel":0.0725,"worldpop_pop_total":5452.0,"frac_under5":3.6,"frac_elderly_65plus":26.8,"frac_elderly_75plus":12.5,"old_age_dependency_ratio":0.44,"has_data":true},"geometry":{"type":"Polygon","coordinates":[[[-80.4076,25.72945],[-80.399617,25.729636],[-80.399383,25.722232],[-80.399076,25.714935],[-80.407042,25.714653],[-80.407345,25.721974],[-80.4076,25.72945]]]}},{"type":"Feature","properties":{"unit_id":"12086005002","name":"Census Tract 50.02","native_id":"12086005002","source":"census_tract_2025","adm3_name":"Miami-Dade County","adm3_id":"12086","area_sqm":1055811,"split":false,"population":2639.0,"days_covered":18,"daytime_peak_f":101.9,"heat_anomaly_f":5.5,"extreme_pct":39.0,"nighttime_stress_f":-3.1,"daytime_peak_f_climrel":0.8322,"heat_anomaly_f_climrel":0.8322,"nighttime_stress_f_climrel":-0.3,"extreme_pct_climrel":0.975,"ref_daytime_hi_mean":96.4,"ref_daytime_hi_p95":101.7,"rwi_mean":null,"health_per_10k":0.0,"built_frac":0.89,"tree_frac":0.077,"canopy_frac_over_3m":0.128,"viirs_mean":89.1,"gdl_hdi":0.936,"gdl_region":"Florida","ghsl_smod":30,"lst_anomaly_c":4.07,"lst_anomaly_c_climrel":0.5088,"worldpop_pop_total":5999.0,"frac_under5":3.5,"frac_elderly_65plus":24.9,"frac_elderly_75plus":12.0,"old_age_dependency_ratio":0.392,"has_data":true},"geometry":{"type":"Polygon","coordinates":[[[-80.255886,25.786046],[-80.251352,25.785659],[-80.247076,25.784464],[-80.245952,25.784374],[-80.239521,25.784944],[-80.239467,25.783085],[-80.239339,25.779465],[-80.247506,25.779198],[-80.249064,25.779144],[-80.251168,25.779093],[-80.255714,25.778936],[-80.255886,25.786046]]]}},{"type":"Feature","properties":{"unit_id":"12086011015","name":"Census Tract 110.15","native_id":"12086011015","source":"census_tract_2025","adm3_name":"Miami-Dade County","adm3_id":"12086","area_sqm":3946903,"split":false,"population":3490.0,"days_covered":18,"daytime_peak_f":101.3,"heat_anomaly_f":3.8,"extreme_pct":28.0,"nighttime_stress_f":-6.7,"daytime_peak_f_climrel":0.5456,"heat_anomaly_f_climrel":0.5456,"nighttime_stress_f_climrel":-0.3,"extreme_pct_climrel":0.7,"ref_daytime_hi_mean":97.6,"ref_daytime_hi_p95":102.6,"rwi_mean":null,"health_per_10k":2.8653295128939824,"built_frac":0.415,"tree_frac":0.095,"canopy_frac_over_3m":0.117,"viirs_mean":41.0,"gdl_hdi":0.936,"gdl_region":"Florida","ghsl_smod":12,"lst_anomaly_c":null,"lst_anomaly_c_climrel":null,"worldpop_pop_total":16549.0,"frac_under5":7.6,"frac_elderly_65plus":9.5,"frac_elderly_75plus":2.8,"old_age_dependency_ratio":0.144,"has_data":true},"geometry":{"type":"Polygon","coordinates":[[[-80.436271,25.477488],[-80.428158,25.477649],[-80.426133,25.477679],[-80.422079,25.477717],[-80.418169,25.477691],[-80.411982,25.477806],[-80.411919,25.462862],[-80.420004,25.462691],[-80.428162,25.462654],[-80.436202,25.462624],[-80.436236,25.470193],[-80.436271,25.477488]]]}},{"type":"Feature","properties":{"unit_id":"12086002710","name":"Census Tract 27.10","native_id":"12086002710","source":"census_tract_2025","adm3_name":"Miami-Dade County","adm3_id":"12086","area_sqm":346234,"split":false,"population":0.0,"days_covered":18,"daytime_peak_f":101.9,"heat_anomaly_f":5.5,"extreme_pct":39.0,"nighttime_stress_f":-3.1,"daytime_peak_f_climrel":0.8322,"heat_anomaly_f_climrel":0.8322,"nighttime_stress_f_climrel":-0.3,"extreme_pct_climrel":0.975,"ref_daytime_hi_mean":96.4,"ref_daytime_hi_p95":101.7,"rwi_mean":null,"health_per_10k":null,"built_frac":0.167,"tree_frac":0.015,"canopy_frac_over_3m":0.035,"viirs_mean":47.6,"gdl_hdi":0.936,"gdl_region":"Florida","ghsl_smod":30,"lst_anomaly_c":-9.23,"lst_anomaly_c_climrel":0,"worldpop_pop_total":1402.0,"frac_under5":2.5,"frac_elderly_65plus":29.5,"frac_elderly_75plus":12.4,"old_age_dependency_ratio":0.47,"has_data":true},"geometry":{"type":"Polygon","coordinates":[[[-80.188964,25.792338],[-80.187095,25.792014],[-80.187095,25.791904],[-80.185442,25.791917],[-80.18259,25.791901],[-80.182634,25.797149],[-80.163865,25.797191],[-80.165685,25.790601],[-80.166154,25.788887],[-80.179085,25.78889],[-80.179887,25.789913],[-80.185403,25.789672],[-80.189078,25.789538],[-80.188964,25.792338]]]}},{"type":"Feature","properties":{"unit_id":"12086009321","name":"Census Tract 93.21","native_id":"12086009321","source":"census_tract_2025","adm3_name":"Miami-Dade County","adm3_id":"12086","area_sqm":654778,"split":false,"population":2643.0,"days_covered":18,"daytime_peak_f":102.6,"heat_anomaly_f":4.5,"extreme_pct":28.0,"nighttime_stress_f":-4.7,"daytime_peak_f_climrel":0.6666,"heat_anomaly_f_climrel":0.6666,"nighttime_stress_f_climrel":-0.3,"extreme_pct_climrel":0.7,"ref_daytime_hi_mean":98.0,"ref_daytime_hi_p95":103.2,"rwi_mean":null,"health_per_10k":0.0,"built_frac":0.773,"tree_frac":0.081,"canopy_frac_over_3m":0.158,"viirs_mean":114.1,"gdl_hdi":0.936,"gdl_region":"Florida","ghsl_smod":30,"lst_anomaly_c":2.26,"lst_anomaly_c_climrel":0.2825,"worldpop_pop_total":2795.0,"frac_under5":3.0,"frac_elderly_65plus":25.4,"frac_elderly_75plus":12.2,"old_age_dependency_ratio":0.403,"has_data":true},"geometry":{"type":"Polygon","coordinates":[[[-80.299866,25.891557],[-80.295825,25.891577],[-80.291643,25.891604],[-80.291552,25.889833],[-80.291262,25.884341],[-80.295506,25.884337],[-80.299523,25.884312],[-80.299786,25.889714],[-80.299805,25.890673],[-80.299866,25.891557]]]}},{"type":"Feature","properties":{"unit_id":"12086008805","name":"Census Tract 88.05","native_id":"12086008805","source":"census_tract_2025","adm3_name":"Miami-Dade County","adm3_id":"12086","area_sqm":1286457,"split":false,"population":6863.0,"days_covered":18,"daytime_peak_f":102.2,"heat_anomaly_f":5.2,"extreme_pct":28.0,"nighttime_stress_f":-3.6,"daytime_peak_f_climrel":0.7489,"heat_anomaly_f_climrel":0.7489,"nighttime_stress_f_climrel":-0.3,"extreme_pct_climrel":0.7,"ref_daytime_hi_mean":97.0,"ref_daytime_hi_p95":102.0,"rwi_mean":null,"health_per_10k":4.3712662101121955,"built_frac":0.862,"tree_frac":0.081,"canopy_frac_over_3m":0.114,"viirs_mean":74.3,"gdl_hdi":0.936,"gdl_region":"Florida","ghsl_smod":30,"lst_anomaly_c":-0.23,"lst_anomaly_c_climrel":0,"worldpop_pop_total":5521.0,"frac_under5":3.6,"frac_elderly_65plus":26.6,"frac_elderly_75plus":13.9,"old_age_dependency_ratio":0.434,"has_data":true},"geometry":{"type":"Polygon","coordinates":[[[-80.343685,25.740158],[-80.343664,25.747415],[-80.341664,25.74748],[-80.335656,25.747633],[-80.335734,25.741697],[-80.335741,25.740388],[-80.335781,25.736733],[-80.33582,25.733092],[-80.336578,25.733124],[-80.339787,25.732993],[-80.343728,25.732895],[-80.343685,25.740158]]]}},{"type":"Feature","properties":{"unit_id":"12086001901","name":"Census Tract 19.01","native_id":"12086001901","source":"census_tract_2025","adm3_name":"Miami-Dade County","adm3_id":"12086","area_sqm":1300095,"split":false,"population":4399.0,"days_covered":18,"daytime_peak_f":101.9,"heat_anomaly_f":5.5,"extreme_pct":39.0,"nighttime_stress_f":-3.1,"daytime_peak_f_climrel":0.8322,"heat_anomaly_f_climrel":0.8322,"nighttime_stress_f_climrel":-0.3,"extreme_pct_climrel":0.975,"ref_daytime_hi_mean":96.4,"ref_daytime_hi_p95":101.7,"rwi_mean":null,"health_per_10k":0.0,"built_frac":0.718,"tree_frac":0.187,"canopy_frac_over_3m":0.155,"viirs_mean":94.3,"gdl_hdi":0.936,"gdl_region":"Florida","ghsl_smod":30,"lst_anomaly_c":3.82,"lst_anomaly_c_climrel":0.4775,"worldpop_pop_total":6051.0,"frac_under5":7.6,"frac_elderly_65plus":16.7,"frac_elderly_75plus":6.1,"old_age_dependency_ratio":0.269,"has_data":true},"geometry":{"type":"Polygon","coordinates":[[[-80.216995,25.839403],[-80.209401,25.839659],[-80.208853,25.839672],[-80.206188,25.839746],[-80.206181,25.836075],[-80.206009,25.83232],[-80.206023,25.830733],[-80.206464,25.828607],[-80.208323,25.828603],[-80.212354,25.828484],[-80.21645,25.828319],[-80.216592,25.831979],[-80.216786,25.835715],[-80.216995,25.839403]]]}},{"type":"Feature","properties":{"unit_id":"12086004105","name":"Census Tract 41.05","native_id":"12086004105","source":"census_tract_2025","adm3_name":"Miami-Dade County","adm3_id":"12086","area_sqm":491742,"split":false,"population":2361.881838972845,"days_covered":18,"daytime_peak_f":102.9,"heat_anomaly_f":6.1,"extreme_pct":44.0,"nighttime_stress_f":-3.1,"daytime_peak_f_climrel":0.9278,"heat_anomaly_f_climrel":0.9278,"nighttime_stress_f_climrel":-0.3,"extreme_pct_climrel":1,"ref_daytime_hi_mean":96.9,"ref_daytime_hi_p95":102.1,"rwi_mean":null,"health_per_10k":4.23391205901684,"built_frac":0.638,"tree_frac":0.109,"canopy_frac_over_3m":0.197,"viirs_mean":92.8,"gdl_hdi":0.936,"gdl_region":"Florida","ghsl_smod":30,"lst_anomaly_c":-1.35,"lst_anomaly_c_climrel":0,"worldpop_pop_total":1780.0,"frac_under5":3.1,"frac_elderly_65plus":32.1,"frac_elderly_75plus":16.3,"old_age_dependency_ratio":0.535,"has_data":true},"geometry":{"type":"Polygon","coordinates":[[[-80.130224,25.799409],[-80.129213,25.803656],[-80.128131,25.804401],[-80.12747,25.809061],[-80.126995,25.812699],[-80.126463,25.813696],[-80.124188,25.813315],[-80.124667,25.811039],[-80.124698,25.808117],[-80.126133,25.806219],[-80.126794,25.804121],[-80.125637,25.803738],[-80.124288,25.803265],[-80.123270049816,25.8041092977795],[-80.1242307754796,25.8013982089207],[-80.124604,25.800345],[-80.1251766683389,25.7974725551959],[-80.126404,25.797851],[-80.128007,25.798353],[-80.129976,25.799],[-80.130224,25.799409]]]}},{"type":"Feature","properties":{"unit_id":"12086001207","name":"Census Tract 12.07","native_id":"12086001207","source":"census_tract_2025","adm3_name":"Miami-Dade County","adm3_id":"12086","area_sqm":672790,"split":false,"population":1105.0,"days_covered":18,"daytime_peak_f":102.2,"heat_anomaly_f":5.4,"extreme_pct":33.0,"nighttime_stress_f":-2.9,"daytime_peak_f_climrel":0.8011,"heat_anomaly_f_climrel":0.8011,"nighttime_stress_f_climrel":-0.3,"extreme_pct_climrel":0.825,"ref_daytime_hi_mean":96.9,"ref_daytime_hi_p95":102.4,"rwi_mean":null,"health_per_10k":0.0,"built_frac":0.224,"tree_frac":0.665,"canopy_frac_over_3m":0.366,"viirs_mean":32.0,"gdl_hdi":0.936,"gdl_region":"Florida","ghsl_smod":30,"lst_anomaly_c":-0.82,"lst_anomaly_c_climrel":0,"worldpop_pop_total":1813.0,"frac_under5":6.3,"frac_elderly_65plus":17.5,"frac_elderly_75plus":6.7,"old_age_dependency_ratio":0.269,"has_data":true},"geometry":{"type":"Polygon","coordinates":[[[-80.180253,25.886881],[-80.17828,25.886968],[-80.172485,25.887172],[-80.172298,25.887188],[-80.173775,25.883986],[-80.17842,25.873936],[-80.178629,25.873929],[-80.179776,25.873891],[-80.180253,25.886881]]]}},{"type":"Feature","properties":{"unit_id":"12086011104","name":"Census Tract 111.04","native_id":"12086011104","source":"census_tract_2025","adm3_name":"Miami-Dade County","adm3_id":"12086","area_sqm":2305901,"split":false,"population":7062.0,"days_covered":18,"daytime_peak_f":100.7,"heat_anomaly_f":3.0,"extreme_pct":17.0,"nighttime_stress_f":-8.0,"daytime_peak_f_climrel":0.4742,"heat_anomaly_f_climrel":0.4742,"nighttime_stress_f_climrel":-0.3,"extreme_pct_climrel":0.425,"ref_daytime_hi_mean":97.7,"ref_daytime_hi_p95":102.5,"rwi_mean":null,"health_per_10k":2.832058906825262,"built_frac":0.639,"tree_frac":0.074,"canopy_frac_over_3m":0.125,"viirs_mean":99.9,"gdl_hdi":0.936,"gdl_region":"Florida","ghsl_smod":30,"lst_anomaly_c":null,"lst_anomaly_c_climrel":null,"worldpop_pop_total":6425.0,"frac_under5":7.5,"frac_elderly_65plus":13.1,"frac_elderly_75plus":5.5,"old_age_dependency_ratio":0.201,"has_data":true},"geometry":{"type":"Polygon","coordinates":[[[-80.477484,25.484469],[-80.473321,25.484501],[-80.471186,25.484525],[-80.465138,25.484572],[-80.462376,25.484583],[-80.46515,25.48185],[-80.469567,25.477229],[-80.468087,25.477218],[-80.468942,25.475801],[-80.469016,25.472346],[-80.468993,25.46994],[-80.469013,25.462454],[-80.475151,25.46248],[-80.477287,25.462487],[-80.477286,25.466168],[-80.477376,25.471651],[-80.477408,25.475325],[-80.477423,25.477154],[-80.477453,25.480795],[-80.477484,25.484469]]]}},{"type":"Feature","properties":{"unit_id":"12086017500","name":"Census Tract 175","native_id":"12086017500","source":"census_tract_2025","adm3_name":"Miami-Dade County","adm3_id":"12086","area_sqm":561944,"split":false,"population":3356.0,"days_covered":18,"daytime_peak_f":102.4,"heat_anomaly_f":4.6,"extreme_pct":33.0,"nighttime_stress_f":-5.5,"daytime_peak_f_climrel":0.6622,"heat_anomaly_f_climrel":0.6622,"nighttime_stress_f_climrel":-0.3,"extreme_pct_climrel":0.825,"ref_daytime_hi_mean":97.8,"ref_daytime_hi_p95":103.3,"rwi_mean":null,"health_per_10k":2.9797377830750893,"built_frac":0.522,"tree_frac":0.167,"canopy_frac_over_3m":0.192,"viirs_mean":72.7,"gdl_hdi":0.936,"gdl_region":"Florida","ghsl_smod":30,"lst_anomaly_c":null,"lst_anomaly_c_climrel":null,"worldpop_pop_total":4258.0,"frac_under5":3.7,"frac_elderly_65plus":21.7,"frac_elderly_75plus":9.1,"old_age_dependency_ratio":0.329,"has_data":true},"geometry":{"type":"Polygon","coordinates":[[[-80.438407,25.695312],[-80.438563,25.699148],[-80.430489,25.699445],[-80.430442,25.698408],[-80.430195,25.692125],[-80.434227,25.692039],[-80.43629,25.691993],[-80.43639,25.691991],[-80.4391,25.69243],[-80.438407,25.695312]]]}},{"type":"Feature","properties":{"unit_id":"12086000507","name":"Census Tract 5.07","native_id":"12086000507","source":"census_tract_2025","adm3_name":"Miami-Dade County","adm3_id":"12086","area_sqm":4568420,"split":false,"population":8577.0,"days_covered":18,"daytime_peak_f":102.6,"heat_anomaly_f":4.5,"extreme_pct":28.0,"nighttime_stress_f":-4.7,"daytime_peak_f_climrel":0.6666,"heat_anomaly_f_climrel":0.6666,"nighttime_stress_f_climrel":-0.3,"extreme_pct_climrel":0.7,"ref_daytime_hi_mean":98.0,"ref_daytime_hi_p95":103.2,"rwi_mean":null,"health_per_10k":1.1659088259298123,"built_frac":0.578,"tree_frac":0.138,"canopy_frac_over_3m":0.169,"viirs_mean":82.1,"gdl_hdi":0.936,"gdl_region":"Florida","ghsl_smod":30,"lst_anomaly_c":-0.24,"lst_anomaly_c_climrel":0,"worldpop_pop_total":5426.0,"frac_under5":5.6,"frac_elderly_65plus":15.4,"frac_elderly_75plus":5.6,"old_age_dependency_ratio":0.23,"has_data":true},"geometry":{"type":"Polygon","coordinates":[[[-80.293174,25.925024],[-80.284726,25.92528],[-80.276728,25.925127],[-80.268667,25.92541],[-80.265157,25.925583],[-80.260652,25.92574],[-80.254516,25.925812],[-80.252665,25.926003],[-80.25226,25.915928],[-80.252233,25.915171],[-80.258266,25.915029],[-80.259122,25.914975],[-80.260173,25.914913],[-80.27607,25.914211],[-80.292645,25.913364],[-80.293174,25.925024]]]}},{"type":"Feature","properties":{"unit_id":"12086008908","name":"Census Tract 89.08","native_id":"12086008908","source":"census_tract_2025","adm3_name":"Miami-Dade County","adm3_id":"12086","area_sqm":1242842,"split":false,"population":4259.68881279877,"days_covered":18,"daytime_peak_f":102.1,"heat_anomaly_f":4.6,"extreme_pct":44.0,"nighttime_stress_f":-4.1,"daytime_peak_f_climrel":0.6814,"heat_anomaly_f_climrel":0.6814,"nighttime_stress_f_climrel":-0.3,"extreme_pct_climrel":1,"ref_daytime_hi_mean":97.5,"ref_daytime_hi_p95":102.7,"rwi_mean":null,"health_per_10k":0.0,"built_frac":0.763,"tree_frac":0.073,"canopy_frac_over_3m":0.143,"viirs_mean":59.4,"gdl_hdi":0.936,"gdl_region":"Florida","ghsl_smod":30,"lst_anomaly_c":-0.44,"lst_anomaly_c_climrel":0,"worldpop_pop_total":3671.0,"frac_under5":3.8,"frac_elderly_65plus":31.5,"frac_elderly_75plus":17.5,"old_age_dependency_ratio":0.559,"has_data":true},"geometry":{"type":"Polygon","coordinates":[[[-80.352374,25.761657],[-80.344162,25.761843],[-80.336173,25.76199],[-80.336048,25.758592],[-80.33592,25.754905],[-80.341909,25.754741],[-80.35186,25.754449],[-80.352127,25.758101],[-80.352374,25.761657]]]}},{"type":"Feature","properties":{"unit_id":"12086019401","name":"Census Tract 194.01","native_id":"12086019401","source":"census_tract_2025","adm3_name":"Miami-Dade County","adm3_id":"12086","area_sqm":1038683,"split":false,"population":3056.0,"days_covered":18,"daytime_peak_f":101.6,"heat_anomaly_f":4.2,"extreme_pct":22.0,"nighttime_stress_f":-6.1,"daytime_peak_f_climrel":0.5768,"heat_anomaly_f_climrel":0.5768,"nighttime_stress_f_climrel":-0.3,"extreme_pct_climrel":0.55,"ref_daytime_hi_mean":97.4,"ref_daytime_hi_p95":103.0,"rwi_mean":null,"health_per_10k":0.0,"built_frac":0.357,"tree_frac":0.036,"canopy_frac_over_3m":0.07,"viirs_mean":45.9,"gdl_hdi":0.936,"gdl_region":"Florida","ghsl_smod":30,"lst_anomaly_c":-4.82,"lst_anomaly_c_climrel":0,"worldpop_pop_total":3672.0,"frac_under5":4.7,"frac_elderly_65plus":15.8,"frac_elderly_75plus":6.0,"old_age_dependency_ratio":0.235,"has_data":true},"geometry":{"type":"Polygon","coordinates":[[[-80.41471,25.633558],[-80.414622,25.63984],[-80.41473,25.641065],[-80.398981,25.641347],[-80.398843,25.641385],[-80.398543,25.635483],[-80.399666,25.634224],[-80.406546,25.626536],[-80.414567,25.626306],[-80.414735,25.631644],[-80.41471,25.633558]]]}},{"type":"Feature","properties":{"unit_id":"12086005406","name":"Census Tract 54.06","native_id":"12086005406","source":"census_tract_2025","adm3_name":"Miami-Dade County","adm3_id":"12086","area_sqm":451903,"split":false,"population":3043.585855242462,"days_covered":18,"daytime_peak_f":101.9,"heat_anomaly_f":5.5,"extreme_pct":39.0,"nighttime_stress_f":-3.1,"daytime_peak_f_climrel":0.8322,"heat_anomaly_f_climrel":0.8322,"nighttime_stress_f_climrel":-0.3,"extreme_pct_climrel":0.975,"ref_daytime_hi_mean":96.4,"ref_daytime_hi_p95":101.7,"rwi_mean":null,"health_per_10k":0.0,"built_frac":0.937,"tree_frac":0.057,"canopy_frac_over_3m":0.127,"viirs_mean":115.6,"gdl_hdi":0.936,"gdl_region":"Florida","ghsl_smod":30,"lst_anomaly_c":2.68,"lst_anomaly_c_climrel":0.335,"worldpop_pop_total":4627.0,"frac_under5":5.1,"frac_elderly_65plus":18.0,"frac_elderly_75plus":7.7,"old_age_dependency_ratio":0.271,"has_data":true},"geometry":{"type":"Polygon","coordinates":[[[-80.229111,25.776186],[-80.227967,25.776229],[-80.22809,25.779757],[-80.222519,25.77996],[-80.222857,25.778116],[-80.222913,25.776285],[-80.222861,25.773095],[-80.223474,25.772861],[-80.226886,25.772683],[-80.229,25.772629],[-80.229111,25.776186]]]}},{"type":"Feature","properties":{"unit_id":"12086009102","name":"Census Tract 91.02","native_id":"12086009102","source":"census_tract_2025","adm3_name":"Miami-Dade County","adm3_id":"12086","area_sqm":9497446,"split":false,"population":29656.0,"days_covered":18,"daytime_peak_f":102.1,"heat_anomaly_f":4.6,"extreme_pct":44.0,"nighttime_stress_f":-4.1,"daytime_peak_f_climrel":0.6814,"heat_anomaly_f_climrel":0.6814,"nighttime_stress_f_climrel":-0.3,"extreme_pct_climrel":1,"ref_daytime_hi_mean":97.5,"ref_daytime_hi_p95":102.7,"rwi_mean":null,"health_per_10k":0.0,"built_frac":0.865,"tree_frac":0.022,"canopy_frac_over_3m":0.066,"viirs_mean":140.5,"gdl_hdi":0.936,"gdl_region":"Florida","ghsl_smod":30,"lst_anomaly_c":2.56,"lst_anomaly_c_climrel":0.32,"worldpop_pop_total":2824.0,"frac_under5":2.9,"frac_elderly_65plus":17.6,"frac_elderly_75plus":7.1,"old_age_dependency_ratio":0.239,"has_data":true},"geometry":{"type":"Polygon","coordinates":[[[-80.322561,25.853659],[-80.314341,25.847584],[-80.310222,25.844505],[-80.306335,25.841593],[-80.304862,25.84051],[-80.304249,25.840061],[-80.304767,25.83988],[-80.306048,25.839091],[-80.309335,25.836825],[-80.309809,25.834938],[-80.309359,25.808934],[-80.309177,25.807391],[-80.308868,25.78875],[-80.316414,25.788635],[-80.318036,25.787862],[-80.318891,25.786243],[-80.318347,25.784897],[-80.317646,25.784588],[-80.308841,25.784815],[-80.308668,25.78197],[-80.308659,25.781634],[-80.308669,25.777264],[-80.309762,25.77366],[-80.309722,25.7715],[-80.311612,25.770605],[-80.312234,25.77074],[-80.312458,25.777166],[-80.31985,25.776934],[-80.319993,25.776889],[-80.320714,25.776917],[-80.320864,25.780043],[-80.32084,25.780661],[-80.320826,25.781056],[-80.320857,25.782613],[-80.321095,25.797352],[-80.320902,25.800628],[-80.321273,25.809324],[-80.321275,25.809492],[-80.321487,25.816482],[-80.321584,25.8203],[-80.321628,25.826209],[-80.32201,25.839824],[-80.322093,25.840736],[-80.322561,25.853659]]]}},{"type":"Feature","properties":{"unit_id":"12086000607","name":"Census Tract 6.07","native_id":"12086000607","source":"census_tract_2025","adm3_name":"Miami-Dade County","adm3_id":"12086","area_sqm":1201718,"split":false,"population":4596.0,"days_covered":18,"daytime_peak_f":102.6,"heat_anomaly_f":4.5,"extreme_pct":28.0,"nighttime_stress_f":-4.7,"daytime_peak_f_climrel":0.6666,"heat_anomaly_f_climrel":0.6666,"nighttime_stress_f_climrel":-0.3,"extreme_pct_climrel":0.7,"ref_daytime_hi_mean":98.0,"ref_daytime_hi_p95":103.2,"rwi_mean":null,"health_per_10k":0.0,"built_frac":0.887,"tree_frac":0.089,"canopy_frac_over_3m":0.141,"viirs_mean":76.3,"gdl_hdi":0.936,"gdl_region":"Florida","ghsl_smod":30,"lst_anomaly_c":3.51,"lst_anomaly_c_climrel":0.4387,"worldpop_pop_total":5372.0,"frac_under5":3.3,"frac_elderly_65plus":31.0,"frac_elderly_75plus":17.2,"old_age_dependency_ratio":0.532,"has_data":true},"geometry":{"type":"Polygon","coordinates":[[[-80.290625,25.861101],[-80.286737,25.861207],[-80.282847,25.861347],[-80.278747,25.861476],[-80.278681,25.856842],[-80.278593,25.852233],[-80.282513,25.852076],[-80.286431,25.851962],[-80.290179,25.851776],[-80.290294,25.855316],[-80.290625,25.861101]]]}},{"type":"Feature","properties":{"unit_id":"12086003708","name":"Census Tract 37.08","native_id":"12086003708","source":"census_tract_2025","adm3_name":"Miami-Dade County","adm3_id":"12086","area_sqm":253795,"split":false,"population":16069.0,"days_covered":18,"daytime_peak_f":101.9,"heat_anomaly_f":5.5,"extreme_pct":39.0,"nighttime_stress_f":-3.1,"daytime_peak_f_climrel":0.8322,"heat_anomaly_f_climrel":0.8322,"nighttime_stress_f_climrel":-0.3,"extreme_pct_climrel":0.975,"ref_daytime_hi_mean":96.4,"ref_daytime_hi_p95":101.7,"rwi_mean":null,"health_per_10k":0.0,"built_frac":0.562,"tree_frac":0.176,"canopy_frac_over_3m":0.158,"viirs_mean":228.5,"gdl_hdi":0.936,"gdl_region":"Florida","ghsl_smod":30,"lst_anomaly_c":-3.48,"lst_anomaly_c_climrel":0,"worldpop_pop_total":2000.0,"frac_under5":3.6,"frac_elderly_65plus":11.5,"frac_elderly_75plus":3.6,"old_age_dependency_ratio":0.142,"has_data":true},"geometry":{"type":"Polygon","coordinates":[[[-80.188883,25.780112],[-80.185231,25.780322],[-80.186027,25.777763],[-80.184803,25.777334],[-80.1833,25.778763],[-80.185061,25.775374],[-80.185088,25.771579],[-80.187312,25.770798],[-80.187242,25.771179],[-80.187122,25.772752],[-80.187236,25.774306],[-80.187379,25.77529],[-80.187522,25.776241],[-80.188071,25.778177],[-80.188883,25.780112]]]}},{"type":"Feature","properties":{"unit_id":"12086000711","name":"Census Tract 7.11","native_id":"12086000711","source":"census_tract_2025","adm3_name":"Miami-Dade County","adm3_id":"12086","area_sqm":1576191,"split":false,"population":5425.0,"days_covered":18,"daytime_peak_f":102.1,"heat_anomaly_f":4.6,"extreme_pct":44.0,"nighttime_stress_f":-4.1,"daytime_peak_f_climrel":0.6814,"heat_anomaly_f_climrel":0.6814,"nighttime_stress_f_climrel":-0.3,"extreme_pct_climrel":1,"ref_daytime_hi_mean":97.5,"ref_daytime_hi_p95":102.7,"rwi_mean":null,"health_per_10k":0.0,"built_frac":0.898,"tree_frac":0.063,"canopy_frac_over_3m":0.1,"viirs_mean":98.5,"gdl_hdi":0.936,"gdl_region":"Florida","ghsl_smod":30,"lst_anomaly_c":4.08,"lst_anomaly_c_climrel":0.51,"worldpop_pop_total":7383.0,"frac_under5":3.8,"frac_elderly_65plus":22.8,"frac_elderly_75plus":11.6,"old_age_dependency_ratio":0.355,"has_data":true},"geometry":{"type":"Polygon","coordinates":[[[-80.302519,25.855263],[-80.30051,25.855254],[-80.298488,25.85526],[-80.294462,25.855256],[-80.294263,25.848007],[-80.290155,25.848014],[-80.290033,25.841167],[-80.289954,25.840583],[-80.295339,25.841273],[-80.302118,25.84109],[-80.30229,25.847996],[-80.302519,25.855263]]]}},{"type":"Feature","properties":{"unit_id":"12086018400","name":"Census Tract 184","native_id":"12086018400","source":"census_tract_2025","adm3_name":"Miami-Dade County","adm3_id":"12086","area_sqm":519521,"split":false,"population":1766.4339600049884,"days_covered":18,"daytime_peak_f":102.4,"heat_anomaly_f":4.6,"extreme_pct":33.0,"nighttime_stress_f":-5.5,"daytime_peak_f_climrel":0.6622,"heat_anomaly_f_climrel":0.6622,"nighttime_stress_f_climrel":-0.3,"extreme_pct_climrel":0.825,"ref_daytime_hi_mean":97.8,"ref_daytime_hi_p95":103.3,"rwi_mean":null,"health_per_10k":0.0,"built_frac":0.517,"tree_frac":0.312,"canopy_frac_over_3m":0.233,"viirs_mean":42.2,"gdl_hdi":0.936,"gdl_region":"Florida","ghsl_smod":30,"lst_anomaly_c":-1.2,"lst_anomaly_c_climrel":0,"worldpop_pop_total":4295.0,"frac_under5":4.8,"frac_elderly_65plus":16.0,"frac_elderly_75plus":6.4,"old_age_dependency_ratio":0.232,"has_data":true},"geometry":{"type":"Polygon","coordinates":[[[-80.450165,25.665398],[-80.449417,25.668639],[-80.44933,25.669705],[-80.446632,25.669809],[-80.443871,25.669894],[-80.443653,25.668219],[-80.441973,25.666219],[-80.441027,25.665103],[-80.440145,25.662902],[-80.445587,25.662488],[-80.450206,25.664169],[-80.450165,25.665398]]]}},{"type":"Feature","properties":{"unit_id":"12086012104","name":"Census Tract 121.04","native_id":"12086012104","source":"census_tract_2025","adm3_name":"Miami-Dade County","adm3_id":"12086","area_sqm":167779,"split":false,"population":742.5320090958471,"days_covered":18,"daytime_peak_f":102.6,"heat_anomaly_f":4.5,"extreme_pct":28.0,"nighttime_stress_f":-4.7,"daytime_peak_f_climrel":0.6666,"heat_anomaly_f_climrel":0.6666,"nighttime_stress_f_climrel":-0.3,"extreme_pct_climrel":0.7,"ref_daytime_hi_mean":98.0,"ref_daytime_hi_p95":103.2,"rwi_mean":null,"health_per_10k":0.0,"built_frac":0.768,"tree_frac":0.059,"canopy_frac_over_3m":0.111,"viirs_mean":66.1,"gdl_hdi":0.936,"gdl_region":"Florida","ghsl_smod":30,"lst_anomaly_c":1.38,"lst_anomaly_c_climrel":0.1725,"worldpop_pop_total":2163.0,"frac_under5":5.0,"frac_elderly_65plus":18.4,"frac_elderly_75plus":7.4,"old_age_dependency_ratio":0.277,"has_data":true},"geometry":{"type":"Polygon","coordinates":[[[-80.324817,25.928588],[-80.323868,25.928578],[-80.314759,25.928844],[-80.312547,25.928856],[-80.310953,25.930383],[-80.309659,25.930212],[-80.309596,25.928854],[-80.309624,25.927845],[-80.325301,25.927598],[-80.324817,25.928588]]]}},{"type":"Feature","properties":{"unit_id":"12086008000","name":"Census Tract 80","native_id":"12086008000","source":"census_tract_2025","adm3_name":"Miami-Dade County","adm3_id":"12086","area_sqm":11353961,"split":false,"population":4436.0,"days_covered":18,"daytime_peak_f":102.2,"heat_anomaly_f":5.2,"extreme_pct":28.0,"nighttime_stress_f":-3.6,"daytime_peak_f_climrel":0.7489,"heat_anomaly_f_climrel":0.7489,"nighttime_stress_f_climrel":-0.3,"extreme_pct_climrel":0.7,"ref_daytime_hi_mean":97.0,"ref_daytime_hi_p95":102.0,"rwi_mean":null,"health_per_10k":0.0,"built_frac":0.138,"tree_frac":0.237,"canopy_frac_over_3m":0.494,"viirs_mean":20.8,"gdl_hdi":0.936,"gdl_region":"Florida","ghsl_smod":30,"lst_anomaly_c":-6.43,"lst_anomaly_c_climrel":0,"worldpop_pop_total":5812.0,"frac_under5":2.7,"frac_elderly_65plus":30.5,"frac_elderly_75plus":14.0,"old_age_dependency_ratio":0.533,"has_data":true},"geometry":{"type":"Polygon","coordinates":[[[-80.288399,25.632743],[-80.287229,25.630952],[-80.286258,25.633494],[-80.286229,25.635137],[-80.285337,25.638174],[-80.286409,25.639544],[-80.285952,25.640793],[-80.283685,25.640078],[-80.282378,25.64315],[-80.283446,25.645301],[-80.28364,25.65264],[-80.285571,25.652613],[-80.283844,25.655837],[-80.283827,25.660045],[-80.28393,25.663668],[-80.28218,25.663777],[-80.2816,25.663966],[-80.281134,25.6642],[-80.280658,25.664538],[-80.280133,25.665112],[-80.279649,25.666298],[-80.278179,25.67382],[-80.27706,25.67636],[-80.2744,25.679387],[-80.27297,25.681892],[-80.272434,25.685259],[-80.271174,25.686974],[-80.270464,25.688227],[-80.269925,25.69015],[-80.268593,25.692433],[-80.267715,25.693962],[-80.266696,25.69578],[-80.265701,25.697704],[-80.263168,25.701224],[-80.261118,25.7054],[-80.260866,25.706189],[-80.260937,25.707904],[-80.252788,25.707773],[-80.252783,25.708553],[-80.248425,25.708741],[-80.2475003670107,25.7092111055306],[-80.24608,25.70752],[-80.2454999954617,25.7020707107156],[-80.245111,25.698416],[-80.24732,25.697578],[-80.249824,25.690189],[-80.255832,25.680621],[-80.255757,25.677887],[-80.2574,25.677784],[-80.260009833811,25.6746769642731],[-80.26014,25.674522],[-80.262616,25.669244],[-80.26530785256,25.6624918915411],[-80.26561,25.661734],[-80.267332,25.658979],[-80.2675920703885,25.6576187016815],[-80.268191,25.654486],[-80.266185,25.652731],[-80.26645,25.652173],[-80.268301,25.651754],[-80.268649,25.650522],[-80.269803,25.647803],[-80.270676,25.647553],[-80.271305,25.644548],[-80.272002,25.639191],[-80.27583,25.637391],[-80.278278,25.632516],[-80.2828771671466,25.6253945244755],[-80.282981,25.630333],[-80.287876,25.630279],[-80.287365,25.630755],[-80.289306,25.630746],[-80.288399,25.632743]]]}},{"type":"Feature","properties":{"unit_id":"12086004405","name":"Census Tract 44.05","native_id":"12086004405","source":"census_tract_2025","adm3_name":"Miami-Dade County","adm3_id":"12086","area_sqm":351010,"split":false,"population":6935.0,"days_covered":18,"daytime_peak_f":102.9,"heat_anomaly_f":6.1,"extreme_pct":44.0,"nighttime_stress_f":-3.1,"daytime_peak_f_climrel":0.9278,"heat_anomaly_f_climrel":0.9278,"nighttime_stress_f_climrel":-0.3,"extreme_pct_climrel":1,"ref_daytime_hi_mean":96.9,"ref_daytime_hi_p95":102.1,"rwi_mean":null,"health_per_10k":2.8839221341023795,"built_frac":0.929,"tree_frac":0.042,"canopy_frac_over_3m":0.223,"viirs_mean":132.7,"gdl_hdi":0.936,"gdl_region":"Florida","ghsl_smod":30,"lst_anomaly_c":-0.29,"lst_anomaly_c_climrel":0,"worldpop_pop_total":3431.0,"frac_under5":4.6,"frac_elderly_65plus":20.1,"frac_elderly_75plus":9.1,"old_age_dependency_ratio":0.293,"has_data":true},"geometry":{"type":"Polygon","coordinates":[[[-80.140877,25.779271],[-80.136208,25.779393],[-80.136174,25.77828],[-80.136128,25.777054],[-80.136036,25.77444],[-80.135983,25.772374],[-80.138257,25.7723],[-80.139213,25.772076],[-80.139546,25.772574],[-80.140649,25.77442],[-80.140832,25.778172],[-80.140877,25.779271]]]}},{"type":"Feature","properties":{"unit_id":"12086008314","name":"Census Tract 83.14","native_id":"12086008314","source":"census_tract_2025","adm3_name":"Miami-Dade County","adm3_id":"12086","area_sqm":1110642,"split":false,"population":1557.0,"days_covered":18,"daytime_peak_f":101.6,"heat_anomaly_f":4.2,"extreme_pct":22.0,"nighttime_stress_f":-6.1,"daytime_peak_f_climrel":0.5768,"heat_anomaly_f_climrel":0.5768,"nighttime_stress_f_climrel":-0.3,"extreme_pct_climrel":0.55,"ref_daytime_hi_mean":97.4,"ref_daytime_hi_p95":103.0,"rwi_mean":null,"health_per_10k":0.0,"built_frac":0.645,"tree_frac":0.218,"canopy_frac_over_3m":0.192,"viirs_mean":54.9,"gdl_hdi":0.936,"gdl_region":"Florida","ghsl_smod":30,"lst_anomaly_c":0.72,"lst_anomaly_c_climrel":0.09,"worldpop_pop_total":2992.0,"frac_under5":4.2,"frac_elderly_65plus":22.0,"frac_elderly_75plus":8.2,"old_age_dependency_ratio":0.342,"has_data":true},"geometry":{"type":"Polygon","coordinates":[[[-80.379846,25.627435],[-80.379089,25.627446],[-80.374455,25.62771],[-80.372112,25.627797],[-80.370523,25.627866],[-80.371273,25.624507],[-80.370121,25.622343],[-80.370039,25.620422],[-80.374067,25.620247],[-80.373694,25.612822],[-80.378302,25.612604],[-80.378829,25.621798],[-80.379131,25.623228],[-80.379702,25.625773],[-80.380237,25.62741],[-80.379846,25.627435]]]}},{"type":"Feature","properties":{"unit_id":"12086006103","name":"Census Tract 61.03","native_id":"12086006103","source":"census_tract_2025","adm3_name":"Miami-Dade County","adm3_id":"12086","area_sqm":1305360,"split":false,"population":930.0,"days_covered":18,"daytime_peak_f":102.1,"heat_anomaly_f":4.6,"extreme_pct":44.0,"nighttime_stress_f":-4.1,"daytime_peak_f_climrel":0.6814,"heat_anomaly_f_climrel":0.6814,"nighttime_stress_f_climrel":-0.3,"extreme_pct_climrel":1,"ref_daytime_hi_mean":97.5,"ref_daytime_hi_p95":102.7,"rwi_mean":null,"health_per_10k":0.0,"built_frac":0.173,"tree_frac":0.67,"canopy_frac_over_3m":0.454,"viirs_mean":37.8,"gdl_hdi":0.936,"gdl_region":"Florida","ghsl_smod":30,"lst_anomaly_c":-4.37,"lst_anomaly_c_climrel":0,"worldpop_pop_total":2192.0,"frac_under5":4.8,"frac_elderly_65plus":28.0,"frac_elderly_75plus":11.3,"old_age_dependency_ratio":0.491,"has_data":true},"geometry":{"type":"Polygon","coordinates":[[[-80.28508,25.751714],[-80.28313,25.753882],[-80.27932,25.75401],[-80.275203,25.75415],[-80.275304,25.756809],[-80.273072,25.757174],[-80.271231,25.757228],[-80.267096,25.757022],[-80.267062,25.755535],[-80.266844,25.749326],[-80.275025,25.748813],[-80.28496,25.748529],[-80.28508,25.751714]]]}},{"type":"Feature","properties":{"unit_id":"12086000132","name":"Census Tract 1.32","native_id":"12086000132","source":"census_tract_2025","adm3_name":"Miami-Dade County","adm3_id":"12086","area_sqm":536678,"split":false,"population":296.0,"days_covered":18,"daytime_peak_f":102.4,"heat_anomaly_f":5.5,"extreme_pct":33.0,"nighttime_stress_f":-3.2,"daytime_peak_f_climrel":0.8247,"heat_anomaly_f_climrel":0.8247,"nighttime_stress_f_climrel":-0.3,"extreme_pct_climrel":0.825,"ref_daytime_hi_mean":96.9,"ref_daytime_hi_p95":102.4,"rwi_mean":null,"health_per_10k":0.0,"built_frac":0.37,"tree_frac":0.04,"canopy_frac_over_3m":0.073,"viirs_mean":63.0,"gdl_hdi":0.936,"gdl_region":"Florida","ghsl_smod":30,"lst_anomaly_c":-4.25,"lst_anomaly_c_climrel":0,"worldpop_pop_total":4023.0,"frac_under5":3.0,"frac_elderly_65plus":42.7,"frac_elderly_75plus":20.4,"old_age_dependency_ratio":0.858,"has_data":true},"geometry":{"type":"Polygon","coordinates":[[[-80.150599,25.937734],[-80.149151,25.942342],[-80.147582,25.947464],[-80.146978,25.947401],[-80.147543,25.945349],[-80.147251,25.94528],[-80.14676,25.945164],[-80.143787,25.945132],[-80.14277,25.944728],[-80.138432,25.945038],[-80.137536,25.944307],[-80.137349,25.94249],[-80.136444,25.94048],[-80.136745,25.940041],[-80.139224,25.940508],[-80.139336,25.938431],[-80.139322,25.938182],[-80.139688,25.938167],[-80.139993,25.938152],[-80.140328,25.938135],[-80.140773,25.93811],[-80.147952,25.931222],[-80.148224,25.937882],[-80.149778,25.938267],[-80.149937,25.937769],[-80.150599,25.937734]]]}},{"type":"Feature","properties":{"unit_id":"12086013000","name":"Census Tract 130","native_id":"12086013000","source":"census_tract_2025","adm3_name":"Miami-Dade County","adm3_id":"12086","area_sqm":643992,"split":false,"population":3699.0,"days_covered":18,"daytime_peak_f":102.6,"heat_anomaly_f":4.5,"extreme_pct":28.0,"nighttime_stress_f":-4.7,"daytime_peak_f_climrel":0.6666,"heat_anomaly_f_climrel":0.6666,"nighttime_stress_f_climrel":-0.3,"extreme_pct_climrel":0.7,"ref_daytime_hi_mean":98.0,"ref_daytime_hi_p95":103.2,"rwi_mean":null,"health_per_10k":0.0,"built_frac":0.95,"tree_frac":0.001,"canopy_frac_over_3m":0.053,"viirs_mean":83.7,"gdl_hdi":0.936,"gdl_region":"Florida","ghsl_smod":30,"lst_anomaly_c":4.51,"lst_anomaly_c_climrel":0.5637,"worldpop_pop_total":4898.0,"frac_under5":3.1,"frac_elderly_65plus":24.4,"frac_elderly_75plus":10.4,"old_age_dependency_ratio":0.384,"has_data":true},"geometry":{"type":"Polygon","coordinates":[[[-80.339866,25.891504],[-80.331984,25.891534],[-80.331927,25.890163],[-80.331845,25.88788],[-80.331668,25.884133],[-80.335327,25.884125],[-80.339586,25.884173],[-80.339691,25.886981],[-80.339727,25.887873],[-80.339866,25.891504]]]}},{"type":"Feature","properties":{"unit_id":"12086007006","name":"Census Tract 70.06","native_id":"12086007006","source":"census_tract_2025","adm3_name":"Miami-Dade County","adm3_id":"12086","area_sqm":672534,"split":false,"population":3932.335994261955,"days_covered":18,"daytime_peak_f":102.2,"heat_anomaly_f":5.2,"extreme_pct":28.0,"nighttime_stress_f":-3.6,"daytime_peak_f_climrel":0.7489,"heat_anomaly_f_climrel":0.7489,"nighttime_stress_f_climrel":-0.3,"extreme_pct_climrel":0.7,"ref_daytime_hi_mean":97.0,"ref_daytime_hi_p95":102.0,"rwi_mean":null,"health_per_10k":2.543017690907377,"built_frac":0.793,"tree_frac":0.163,"canopy_frac_over_3m":0.186,"viirs_mean":88.8,"gdl_hdi":0.936,"gdl_region":"Florida","ghsl_smod":30,"lst_anomaly_c":3.08,"lst_anomaly_c_climrel":0.385,"worldpop_pop_total":3833.0,"frac_under5":4.3,"frac_elderly_65plus":21.4,"frac_elderly_75plus":9.8,"old_age_dependency_ratio":0.32,"has_data":true},"geometry":{"type":"Polygon","coordinates":[[[-80.254332,25.742986],[-80.248008,25.74316],[-80.24616,25.743211],[-80.246084,25.741741],[-80.245915,25.736973],[-80.24794,25.73625],[-80.250769,25.735172],[-80.254014,25.73507],[-80.254162,25.73878],[-80.25418,25.739133],[-80.254272,25.742072],[-80.254313,25.742469],[-80.254322,25.742552],[-80.254332,25.742986]]]}},{"type":"Feature","properties":{"unit_id":"12086017700","name":"Census Tract 177","native_id":"12086017700","source":"census_tract_2025","adm3_name":"Miami-Dade County","adm3_id":"12086","area_sqm":498866,"split":false,"population":2632.0,"days_covered":18,"daytime_peak_f":102.4,"heat_anomaly_f":4.6,"extreme_pct":33.0,"nighttime_stress_f":-5.5,"daytime_peak_f_climrel":0.6622,"heat_anomaly_f_climrel":0.6622,"nighttime_stress_f_climrel":-0.3,"extreme_pct_climrel":0.825,"ref_daytime_hi_mean":97.8,"ref_daytime_hi_p95":103.3,"rwi_mean":null,"health_per_10k":7.598784194528875,"built_frac":0.761,"tree_frac":0.121,"canopy_frac_over_3m":0.152,"viirs_mean":76.0,"gdl_hdi":0.936,"gdl_region":"Florida","ghsl_smod":30,"lst_anomaly_c":1.25,"lst_anomaly_c_climrel":0.1562,"worldpop_pop_total":5375.0,"frac_under5":4.1,"frac_elderly_65plus":17.5,"frac_elderly_75plus":6.5,"old_age_dependency_ratio":0.258,"has_data":true},"geometry":{"type":"Polygon","coordinates":[[[-80.446297,25.692442],[-80.444004,25.692509],[-80.442404,25.692683],[-80.440126,25.692678],[-80.4391,25.69243],[-80.439718,25.69028],[-80.439856,25.689966],[-80.441122,25.685538],[-80.441127,25.684607],[-80.446009,25.68445],[-80.446101,25.686707],[-80.446121,25.687232],[-80.446297,25.692442]]]}},{"type":"Feature","properties":{"unit_id":"12086000118","name":"Census Tract 1.18","native_id":"12086000118","source":"census_tract_2025","adm3_name":"Miami-Dade County","adm3_id":"12086","area_sqm":145009,"split":false,"population":1904.0,"days_covered":18,"daytime_peak_f":102.4,"heat_anomaly_f":5.5,"extreme_pct":33.0,"nighttime_stress_f":-3.2,"daytime_peak_f_climrel":0.8247,"heat_anomaly_f_climrel":0.8247,"nighttime_stress_f_climrel":-0.3,"extreme_pct_climrel":0.825,"ref_daytime_hi_mean":96.9,"ref_daytime_hi_p95":102.4,"rwi_mean":null,"health_per_10k":0.0,"built_frac":0.696,"tree_frac":0.052,"canopy_frac_over_3m":0.097,"viirs_mean":84.4,"gdl_hdi":0.936,"gdl_region":"Florida","ghsl_smod":30,"lst_anomaly_c":-4.35,"lst_anomaly_c_climrel":0,"worldpop_pop_total":1799.0,"frac_under5":4.0,"frac_elderly_65plus":30.0,"frac_elderly_75plus":12.0,"old_age_dependency_ratio":0.531,"has_data":true},"geometry":{"type":"Polygon","coordinates":[[[-80.12182,25.93314],[-80.12167,25.935431],[-80.121539,25.937656],[-80.1198169994802,25.9377095775271],[-80.120096,25.935043],[-80.1204308914031,25.9300525123466],[-80.122037,25.929891],[-80.12182,25.93314]]]}},{"type":"Feature","properties":{"unit_id":"12086008305","name":"Census Tract 83.05","native_id":"12086008305","source":"census_tract_2025","adm3_name":"Miami-Dade County","adm3_id":"12086","area_sqm":3429033,"split":false,"population":4854.0,"days_covered":18,"daytime_peak_f":101.6,"heat_anomaly_f":4.2,"extreme_pct":22.0,"nighttime_stress_f":-6.1,"daytime_peak_f_climrel":0.5768,"heat_anomaly_f_climrel":0.5768,"nighttime_stress_f_climrel":-0.3,"extreme_pct_climrel":0.55,"ref_daytime_hi_mean":97.4,"ref_daytime_hi_p95":103.0,"rwi_mean":null,"health_per_10k":0.0,"built_frac":0.418,"tree_frac":0.358,"canopy_frac_over_3m":0.25,"viirs_mean":41.9,"gdl_hdi":0.936,"gdl_region":"Florida","ghsl_smod":30,"lst_anomaly_c":-1.02,"lst_anomaly_c_climrel":0,"worldpop_pop_total":6217.0,"frac_under5":3.9,"frac_elderly_65plus":21.7,"frac_elderly_75plus":7.6,"old_age_dependency_ratio":0.337,"has_data":true},"geometry":{"type":"Polygon","coordinates":[[[-80.376234,25.642427],[-80.36693,25.642827],[-80.358483,25.643093],[-80.356505,25.643192],[-80.350344,25.643435],[-80.341071,25.643606],[-80.341271,25.64435],[-80.33997,25.6442],[-80.335326,25.641267],[-80.335345,25.641227],[-80.337622,25.636332],[-80.341094,25.628907],[-80.348011,25.628743],[-80.348102,25.628742],[-80.348941,25.630951],[-80.349816,25.63117],[-80.352423,25.631187],[-80.358243,25.634681],[-80.359819,25.635628],[-80.362222,25.635649],[-80.365507,25.638196],[-80.368169,25.638559],[-80.375972,25.641727],[-80.376234,25.642427]]]}},{"type":"Feature","properties":{"unit_id":"12086009055","name":"Census Tract 90.55","native_id":"12086009055","source":"census_tract_2025","adm3_name":"Miami-Dade County","adm3_id":"12086","area_sqm":625159,"split":false,"population":2216.0,"days_covered":18,"daytime_peak_f":102.3,"heat_anomaly_f":4.1,"extreme_pct":33.0,"nighttime_stress_f":-5.1,"daytime_peak_f_climrel":0.6155,"heat_anomaly_f_climrel":0.6155,"nighttime_stress_f_climrel":-0.3,"extreme_pct_climrel":0.825,"ref_daytime_hi_mean":98.1,"ref_daytime_hi_p95":103.4,"rwi_mean":null,"health_per_10k":0.0,"built_frac":0.935,"tree_frac":0.028,"canopy_frac_over_3m":0.097,"viirs_mean":72.6,"gdl_hdi":0.936,"gdl_region":"Florida","ghsl_smod":30,"lst_anomaly_c":1.28,"lst_anomaly_c_climrel":0.16,"worldpop_pop_total":2533.0,"frac_under5":3.0,"frac_elderly_65plus":34.8,"frac_elderly_75plus":18.1,"old_age_dependency_ratio":0.626,"has_data":true},"geometry":{"type":"Polygon","coordinates":[[[-80.360989,25.76875],[-80.35318,25.769007],[-80.352866,25.765341],[-80.352631,25.762903],[-80.352374,25.761657],[-80.360397,25.761549],[-80.360433,25.761852],[-80.360618,25.764221],[-80.360641,25.764392],[-80.360695,25.765113],[-80.360989,25.76875]]]}},{"type":"Feature","properties":{"unit_id":"12086009015","name":"Census Tract 90.15","native_id":"12086009015","source":"census_tract_2025","adm3_name":"Miami-Dade County","adm3_id":"12086","area_sqm":768289,"split":false,"population":5579.0,"days_covered":18,"daytime_peak_f":102.1,"heat_anomaly_f":4.6,"extreme_pct":44.0,"nighttime_stress_f":-4.1,"daytime_peak_f_climrel":0.6814,"heat_anomaly_f_climrel":0.6814,"nighttime_stress_f_climrel":-0.3,"extreme_pct_climrel":1,"ref_daytime_hi_mean":97.5,"ref_daytime_hi_p95":102.7,"rwi_mean":null,"health_per_10k":0.0,"built_frac":0.652,"tree_frac":0.141,"canopy_frac_over_3m":0.142,"viirs_mean":118.2,"gdl_hdi":0.936,"gdl_region":"Florida","ghsl_smod":30,"lst_anomaly_c":0.92,"lst_anomaly_c_climrel":0.115,"worldpop_pop_total":8200.0,"frac_under5":3.6,"frac_elderly_65plus":24.5,"frac_elderly_75plus":11.3,"old_age_dependency_ratio":0.383,"has_data":true},"geometry":{"type":"Polygon","coordinates":[[[-80.353684,25.775736],[-80.352772,25.775803],[-80.351018,25.775566],[-80.350156,25.775114],[-80.349112,25.774056],[-80.348709,25.773609],[-80.348465,25.773387],[-80.348099,25.77317],[-80.347557,25.772911],[-80.347062,25.77277],[-80.346604,25.772721],[-80.345286,25.77283],[-80.34271,25.77363],[-80.341018,25.773305],[-80.339807,25.772412],[-80.33806,25.773097],[-80.337662,25.773161],[-80.337309,25.771436],[-80.33727,25.76958],[-80.339051,25.769526],[-80.344405,25.769331],[-80.348205,25.7692],[-80.35318,25.769007],[-80.353366,25.771699],[-80.353684,25.775736]]]}},{"type":"Feature","properties":{"unit_id":"12086018801","name":"Census Tract 188.01","native_id":"12086018801","source":"census_tract_2025","adm3_name":"Miami-Dade County","adm3_id":"12086","area_sqm":1319808,"split":false,"population":1783.0,"days_covered":18,"daytime_peak_f":102.4,"heat_anomaly_f":4.6,"extreme_pct":33.0,"nighttime_stress_f":-5.5,"daytime_peak_f_climrel":0.6622,"heat_anomaly_f_climrel":0.6622,"nighttime_stress_f_climrel":-0.3,"extreme_pct_climrel":0.825,"ref_daytime_hi_mean":97.8,"ref_daytime_hi_p95":103.3,"rwi_mean":null,"health_per_10k":0.0,"built_frac":0.563,"tree_frac":0.329,"canopy_frac_over_3m":0.321,"viirs_mean":41.9,"gdl_hdi":0.936,"gdl_region":"Florida","ghsl_smod":30,"lst_anomaly_c":-1.39,"lst_anomaly_c_climrel":0,"worldpop_pop_total":3276.0,"frac_under5":4.4,"frac_elderly_65plus":20.6,"frac_elderly_75plus":7.5,"old_age_dependency_ratio":0.319,"has_data":true},"geometry":{"type":"Polygon","coordinates":[[[-80.424414,25.670572],[-80.417281,25.670777],[-80.416358,25.670796],[-80.416,25.663533],[-80.415821,25.656355],[-80.423849,25.655876],[-80.424117,25.663209],[-80.424347,25.668337],[-80.424414,25.670572]]]}},{"type":"Feature","properties":{"unit_id":"12086011013","name":"Census Tract 110.13","native_id":"12086011013","source":"census_tract_2025","adm3_name":"Miami-Dade County","adm3_id":"12086","area_sqm":1220184,"split":false,"population":1211.0,"days_covered":18,"daytime_peak_f":101.3,"heat_anomaly_f":3.8,"extreme_pct":28.0,"nighttime_stress_f":-6.7,"daytime_peak_f_climrel":0.5456,"heat_anomaly_f_climrel":0.5456,"nighttime_stress_f_climrel":-0.3,"extreme_pct_climrel":0.7,"ref_daytime_hi_mean":97.6,"ref_daytime_hi_p95":102.6,"rwi_mean":null,"health_per_10k":0.0,"built_frac":0.616,"tree_frac":0.076,"canopy_frac_over_3m":0.118,"viirs_mean":32.5,"gdl_hdi":0.936,"gdl_region":"Florida","ghsl_smod":30,"lst_anomaly_c":null,"lst_anomaly_c_climrel":null,"worldpop_pop_total":3655.0,"frac_under5":4.5,"frac_elderly_65plus":15.4,"frac_elderly_75plus":6.5,"old_age_dependency_ratio":0.233,"has_data":true},"geometry":{"type":"Polygon","coordinates":[[[-80.428858,25.499505],[-80.424702,25.499529],[-80.419011,25.49957],[-80.417249,25.499523],[-80.417707,25.495442],[-80.418182,25.494081],[-80.419314,25.492279],[-80.42251,25.489347],[-80.428441,25.484302],[-80.428505,25.486843],[-80.428638,25.49219],[-80.428858,25.499505]]]}},{"type":"Feature","properties":{"unit_id":"12086000204","name":"Census Tract 2.04","native_id":"12086000204","source":"census_tract_2025","adm3_name":"Miami-Dade County","adm3_id":"12086","area_sqm":2830626,"split":false,"population":7280.0,"days_covered":18,"daytime_peak_f":102.2,"heat_anomaly_f":5.4,"extreme_pct":33.0,"nighttime_stress_f":-2.9,"daytime_peak_f_climrel":0.8011,"heat_anomaly_f_climrel":0.8011,"nighttime_stress_f_climrel":-0.3,"extreme_pct_climrel":0.825,"ref_daytime_hi_mean":96.9,"ref_daytime_hi_p95":102.4,"rwi_mean":null,"health_per_10k":2.7472527472527473,"built_frac":0.823,"tree_frac":0.132,"canopy_frac_over_3m":0.128,"viirs_mean":104.8,"gdl_hdi":0.936,"gdl_region":"Florida","ghsl_smod":30,"lst_anomaly_c":5.02,"lst_anomaly_c_climrel":0.6275,"worldpop_pop_total":5201.0,"frac_under5":4.7,"frac_elderly_65plus":18.2,"frac_elderly_75plus":6.1,"old_age_dependency_ratio":0.274,"has_data":true},"geometry":{"type":"Polygon","coordinates":[[[-80.210545,25.929945],[-80.204977,25.934526],[-80.204895,25.937151],[-80.20498,25.938895],[-80.20519,25.942555],[-80.201086,25.942697],[-80.196934,25.942871],[-80.195144,25.942883],[-80.193051,25.941565],[-80.193009,25.941546],[-80.192243,25.941343],[-80.189888,25.941431],[-80.188792,25.941449],[-80.188785,25.941199],[-80.188764,25.940529],[-80.188655,25.937738],[-80.188481,25.933178],[-80.188268,25.928587],[-80.194305,25.928326],[-80.196331,25.92825],[-80.203689,25.927975],[-80.204358,25.927892],[-80.205857,25.927277],[-80.206847,25.927382],[-80.208329,25.927794],[-80.208824,25.928284],[-80.208929,25.928391],[-80.210545,25.929945]]]}},{"type":"Feature","properties":{"unit_id":"12086003804","name":"Census Tract 38.04","native_id":"12086003804","source":"census_tract_2025","adm3_name":"Miami-Dade County","adm3_id":"12086","area_sqm":1449583,"split":false,"population":3204.0,"days_covered":18,"daytime_peak_f":102.4,"heat_anomaly_f":5.5,"extreme_pct":33.0,"nighttime_stress_f":-3.2,"daytime_peak_f_climrel":0.8247,"heat_anomaly_f_climrel":0.8247,"nighttime_stress_f_climrel":-0.3,"extreme_pct_climrel":0.825,"ref_daytime_hi_mean":96.9,"ref_daytime_hi_p95":102.4,"rwi_mean":null,"health_per_10k":3.1210986267166043,"built_frac":0.772,"tree_frac":0.044,"canopy_frac_over_3m":0.164,"viirs_mean":40.6,"gdl_hdi":0.936,"gdl_region":"Florida","ghsl_smod":30,"lst_anomaly_c":0.05,"lst_anomaly_c_climrel":0.0063,"worldpop_pop_total":6363.0,"frac_under5":4.7,"frac_elderly_65plus":26.5,"frac_elderly_75plus":13.1,"old_age_dependency_ratio":0.473,"has_data":true},"geometry":{"type":"Polygon","coordinates":[[[-80.134147,25.872053],[-80.1311,25.876142],[-80.131535,25.876528],[-80.131048,25.877748],[-80.131029,25.87807],[-80.130899,25.878619],[-80.130216,25.879823],[-80.130075,25.88011],[-80.129711,25.880855],[-80.128518,25.882502],[-80.12828,25.88318],[-80.128256,25.883569],[-80.128656,25.886843],[-80.128145,25.88686],[-80.127676,25.886876],[-80.12274,25.887076],[-80.1210928489968,25.8871889218517],[-80.120893076877,25.8835700388973],[-80.12087,25.883152],[-80.1205141965774,25.8798330871679],[-80.1201305314916,25.8762542824244],[-80.1197401778267,25.8726130870195],[-80.121531,25.872528],[-80.12226,25.872487],[-80.123932,25.872489],[-80.124431,25.872467],[-80.131483,25.872191],[-80.134147,25.872053]]]}},{"type":"Feature","properties":{"unit_id":"12086008502","name":"Census Tract 85.02","native_id":"12086008502","source":"census_tract_2025","adm3_name":"Miami-Dade County","adm3_id":"12086","area_sqm":2512722,"split":false,"population":6722.0,"days_covered":18,"daytime_peak_f":102.2,"heat_anomaly_f":5.2,"extreme_pct":28.0,"nighttime_stress_f":-3.6,"daytime_peak_f_climrel":0.7489,"heat_anomaly_f_climrel":0.7489,"nighttime_stress_f_climrel":-0.3,"extreme_pct_climrel":0.7,"ref_daytime_hi_mean":97.0,"ref_daytime_hi_p95":102.0,"rwi_mean":null,"health_per_10k":4.462957453138947,"built_frac":0.706,"tree_frac":0.133,"canopy_frac_over_3m":0.163,"viirs_mean":53.7,"gdl_hdi":0.936,"gdl_region":"Florida","ghsl_smod":30,"lst_anomaly_c":2.54,"lst_anomaly_c_climrel":0.3175,"worldpop_pop_total":4964.0,"frac_under5":4.4,"frac_elderly_65plus":27.1,"frac_elderly_75plus":14.1,"old_age_dependency_ratio":0.459,"has_data":true},"geometry":{"type":"Polygon","coordinates":[[[-80.350882,25.716093],[-80.344908,25.716294],[-80.342916,25.716365],[-80.34048,25.716464],[-80.334916,25.71674],[-80.334384,25.7068],[-80.334333,25.705958],[-80.334138,25.702305],[-80.337844,25.702158],[-80.342124,25.701975],[-80.350143,25.70163],[-80.350882,25.716093]]]}},{"type":"Feature","properties":{"unit_id":"12086019402","name":"Census Tract 194.02","native_id":"12086019402","source":"census_tract_2025","adm3_name":"Miami-Dade County","adm3_id":"12086","area_sqm":4768471,"split":false,"population":12612.0,"days_covered":18,"daytime_peak_f":101.6,"heat_anomaly_f":4.2,"extreme_pct":22.0,"nighttime_stress_f":-6.1,"daytime_peak_f_climrel":0.5768,"heat_anomaly_f_climrel":0.5768,"nighttime_stress_f_climrel":-0.3,"extreme_pct_climrel":0.55,"ref_daytime_hi_mean":97.4,"ref_daytime_hi_p95":103.0,"rwi_mean":null,"health_per_10k":2.378686964795433,"built_frac":0.627,"tree_frac":0.109,"canopy_frac_over_3m":0.139,"viirs_mean":77.7,"gdl_hdi":0.936,"gdl_region":"Florida","ghsl_smod":30,"lst_anomaly_c":1.53,"lst_anomaly_c_climrel":0.1913,"worldpop_pop_total":6508.0,"frac_under5":5.8,"frac_elderly_65plus":11.3,"frac_elderly_75plus":3.9,"old_age_dependency_ratio":0.161,"has_data":true},"geometry":{"type":"Polygon","coordinates":[[[-80.415821,25.656355],[-80.407662,25.656536],[-80.399573,25.656836],[-80.394303,25.656029],[-80.391812,25.65668],[-80.39023,25.657095],[-80.387852,25.657159],[-80.385521,25.657297],[-80.38597,25.65349],[-80.38491,25.650718],[-80.386536,25.648901],[-80.398543,25.635483],[-80.398843,25.641385],[-80.398981,25.641347],[-80.41473,25.641065],[-80.415576,25.648312],[-80.415821,25.656355]]]}},{"type":"Feature","properties":{"unit_id":"12086010621","name":"Census Tract 106.21","native_id":"12086010621","source":"census_tract_2025","adm3_name":"Miami-Dade County","adm3_id":"12086","area_sqm":1430337,"split":false,"population":3754.0,"days_covered":18,"daytime_peak_f":101.3,"heat_anomaly_f":3.8,"extreme_pct":28.0,"nighttime_stress_f":-6.7,"daytime_peak_f_climrel":0.5456,"heat_anomaly_f_climrel":0.5456,"nighttime_stress_f_climrel":-0.3,"extreme_pct_climrel":0.7,"ref_daytime_hi_mean":97.6,"ref_daytime_hi_p95":102.6,"rwi_mean":null,"health_per_10k":2.663825253063399,"built_frac":0.734,"tree_frac":0.026,"canopy_frac_over_3m":0.078,"viirs_mean":46.6,"gdl_hdi":0.936,"gdl_region":"Florida","ghsl_smod":30,"lst_anomaly_c":null,"lst_anomaly_c_climrel":null,"worldpop_pop_total":6414.0,"frac_under5":6.3,"frac_elderly_65plus":10.5,"frac_elderly_75plus":3.8,"old_age_dependency_ratio":0.155,"has_data":true},"geometry":{"type":"Polygon","coordinates":[[[-80.372098,25.544363],[-80.372071,25.551629],[-80.363335,25.551832],[-80.36266,25.551708],[-80.362564,25.545408],[-80.362635,25.544521],[-80.363696,25.540593],[-80.365607,25.537294],[-80.372078,25.537132],[-80.372098,25.544363]]]}},{"type":"Feature","properties":{"unit_id":"12086001301","name":"Census Tract 13.01","native_id":"12086001301","source":"census_tract_2025","adm3_name":"Miami-Dade County","adm3_id":"12086","area_sqm":1534166,"split":false,"population":5435.0,"days_covered":18,"daytime_peak_f":101.9,"heat_anomaly_f":5.5,"extreme_pct":39.0,"nighttime_stress_f":-3.1,"daytime_peak_f_climrel":0.8322,"heat_anomaly_f_climrel":0.8322,"nighttime_stress_f_climrel":-0.3,"extreme_pct_climrel":0.975,"ref_daytime_hi_mean":96.4,"ref_daytime_hi_p95":101.7,"rwi_mean":null,"health_per_10k":1.8399264029438822,"built_frac":0.338,"tree_frac":0.13,"canopy_frac_over_3m":0.131,"viirs_mean":52.8,"gdl_hdi":0.936,"gdl_region":"Florida","ghsl_smod":30,"lst_anomaly_c":-4.61,"lst_anomaly_c_climrel":0,"worldpop_pop_total":6057.0,"frac_under5":4.1,"frac_elderly_65plus":16.3,"frac_elderly_75plus":5.9,"old_age_dependency_ratio":0.227,"has_data":true},"geometry":{"type":"Polygon","coordinates":[[[-80.188848,25.850838],[-80.188377,25.85238],[-80.18782,25.851537],[-80.1853,25.851508],[-80.185462,25.855172],[-80.184906,25.855187],[-80.18444,25.855198],[-80.176725,25.855421],[-80.163468,25.855673],[-80.16138,25.855786],[-80.161107,25.848432],[-80.160935,25.842783],[-80.169616,25.842678],[-80.173451,25.844589],[-80.180595,25.847147],[-80.18458,25.84652],[-80.186176,25.846409],[-80.188753,25.847706],[-80.188848,25.850838]]]}},{"type":"Feature","properties":{"unit_id":"12086000123","name":"Census Tract 1.23","native_id":"12086000123","source":"census_tract_2025","adm3_name":"Miami-Dade County","adm3_id":"12086","area_sqm":866340,"split":false,"population":5240.0,"days_covered":18,"daytime_peak_f":102.4,"heat_anomaly_f":5.5,"extreme_pct":33.0,"nighttime_stress_f":-3.2,"daytime_peak_f_climrel":0.8247,"heat_anomaly_f_climrel":0.8247,"nighttime_stress_f_climrel":-0.3,"extreme_pct_climrel":0.825,"ref_daytime_hi_mean":96.9,"ref_daytime_hi_p95":102.4,"rwi_mean":null,"health_per_10k":7.633587786259542,"built_frac":0.473,"tree_frac":0.03,"canopy_frac_over_3m":0.086,"viirs_mean":58.5,"gdl_hdi":0.936,"gdl_region":"Florida","ghsl_smod":30,"lst_anomaly_c":-5.17,"lst_anomaly_c_climrel":0,"worldpop_pop_total":4968.0,"frac_under5":3.1,"frac_elderly_65plus":34.9,"frac_elderly_75plus":16.4,"old_age_dependency_ratio":0.661,"has_data":true},"geometry":{"type":"Polygon","coordinates":[[[-80.131684,25.938253],[-80.131294,25.939615],[-80.127869,25.944515],[-80.127409,25.947031],[-80.128315,25.948982],[-80.128016,25.950617],[-80.126511,25.951936],[-80.125875,25.954126],[-80.124065,25.953746],[-80.120648,25.953645],[-80.1186787266245,25.953948830457],[-80.1186833434653,25.9538164097437],[-80.1189221564178,25.9469667515025],[-80.118959,25.94591],[-80.1192240152463,25.9433770882313],[-80.121173,25.943454],[-80.121297,25.941439],[-80.123367,25.941354],[-80.124768,25.94021],[-80.125991,25.93933],[-80.12657,25.937698],[-80.126627,25.937026],[-80.129791,25.936826],[-80.131345,25.936822],[-80.131515,25.937648],[-80.131684,25.938253]]]}},{"type":"Feature","properties":{"unit_id":"12086005004","name":"Census Tract 50.04","native_id":"12086005004","source":"census_tract_2025","adm3_name":"Miami-Dade County","adm3_id":"12086","area_sqm":946883,"split":false,"population":3915.0,"days_covered":18,"daytime_peak_f":101.9,"heat_anomaly_f":5.5,"extreme_pct":39.0,"nighttime_stress_f":-3.1,"daytime_peak_f_climrel":0.8322,"heat_anomaly_f_climrel":0.8322,"nighttime_stress_f_climrel":-0.3,"extreme_pct_climrel":0.975,"ref_daytime_hi_mean":96.4,"ref_daytime_hi_p95":101.7,"rwi_mean":null,"health_per_10k":0.0,"built_frac":0.818,"tree_frac":0.143,"canopy_frac_over_3m":0.19,"viirs_mean":67.9,"gdl_hdi":0.936,"gdl_region":"Florida","ghsl_smod":30,"lst_anomaly_c":0.43,"lst_anomaly_c_climrel":0.0537,"worldpop_pop_total":4115.0,"frac_under5":3.7,"frac_elderly_65plus":25.6,"frac_elderly_75plus":12.6,"old_age_dependency_ratio":0.406,"has_data":true},"geometry":{"type":"Polygon","coordinates":[[[-80.256022,25.790117],[-80.247868,25.790379],[-80.239702,25.790651],[-80.239696,25.790359],[-80.239576,25.786851],[-80.239521,25.784944],[-80.245952,25.784374],[-80.247076,25.784464],[-80.251352,25.785659],[-80.255886,25.786046],[-80.255893,25.786408],[-80.256022,25.790117]]]}},{"type":"Feature","properties":{"unit_id":"12086003607","name":"Census Tract 36.07","native_id":"12086003607","source":"census_tract_2025","adm3_name":"Miami-Dade County","adm3_id":"12086","area_sqm":236615,"split":false,"population":6753.0,"days_covered":18,"daytime_peak_f":101.9,"heat_anomaly_f":5.5,"extreme_pct":39.0,"nighttime_stress_f":-3.1,"daytime_peak_f_climrel":0.8322,"heat_anomaly_f_climrel":0.8322,"nighttime_stress_f_climrel":-0.3,"extreme_pct_climrel":0.975,"ref_daytime_hi_mean":96.4,"ref_daytime_hi_p95":101.7,"rwi_mean":null,"health_per_10k":0.0,"built_frac":0.683,"tree_frac":0.187,"canopy_frac_over_3m":0.192,"viirs_mean":112.7,"gdl_hdi":0.936,"gdl_region":"Florida","ghsl_smod":30,"lst_anomaly_c":-0.05,"lst_anomaly_c_climrel":0,"worldpop_pop_total":2711.0,"frac_under5":5.2,"frac_elderly_65plus":16.6,"frac_elderly_75plus":6.4,"old_age_dependency_ratio":0.251,"has_data":true},"geometry":{"type":"Polygon","coordinates":[[[-80.206794,25.784347],[-80.203101,25.784471],[-80.203003,25.781519],[-80.202912,25.778697],[-80.206424,25.778584],[-80.206742,25.781443],[-80.206794,25.784347]]]}},{"type":"Feature","properties":{"unit_id":"12086014100","name":"Census Tract 141","native_id":"12086014100","source":"census_tract_2025","adm3_name":"Miami-Dade County","adm3_id":"12086","area_sqm":35086921,"split":false,"population":12341.0,"days_covered":18,"daytime_peak_f":102.3,"heat_anomaly_f":4.1,"extreme_pct":33.0,"nighttime_stress_f":-5.1,"daytime_peak_f_climrel":0.6155,"heat_anomaly_f_climrel":0.6155,"nighttime_stress_f_climrel":-0.3,"extreme_pct_climrel":0.825,"ref_daytime_hi_mean":98.1,"ref_daytime_hi_p95":103.4,"rwi_mean":null,"health_per_10k":0.0,"built_frac":0.093,"tree_frac":0.051,"canopy_frac_over_3m":0.073,"viirs_mean":21.0,"gdl_hdi":0.936,"gdl_region":"Florida","ghsl_smod":11,"lst_anomaly_c":-5.3,"lst_anomaly_c_climrel":0,"worldpop_pop_total":532.0,"frac_under5":0.1,"frac_elderly_65plus":31.7,"frac_elderly_75plus":10.8,"old_age_dependency_ratio":0.468,"has_data":true},"geometry":{"type":"Polygon","coordinates":[[[-80.498253,25.762356],[-80.496881,25.763622],[-80.48327,25.775543],[-80.484508,25.797614],[-80.482697,25.797389],[-80.47184,25.797554],[-80.469939,25.796982],[-80.449036,25.796742],[-80.440004,25.797916],[-80.435767,25.797786],[-80.43353,25.796868],[-80.433914,25.809863],[-80.434088,25.811815],[-80.388592,25.811721],[-80.386487,25.811662],[-80.38608,25.796812],[-80.386039,25.782542],[-80.386033,25.782397],[-80.391539,25.782441],[-80.395285,25.782392],[-80.398548,25.78239],[-80.399569,25.782401],[-80.400749,25.782609],[-80.408787,25.782654],[-80.415824,25.78275],[-80.417073,25.782675],[-80.41706,25.782449],[-80.417035,25.782059],[-80.417048,25.781818],[-80.417249,25.774533],[-80.417282,25.773239],[-80.417202,25.772547],[-80.417132,25.768867],[-80.41703,25.76094],[-80.420887,25.760922],[-80.424805,25.760892],[-80.432863,25.760899],[-80.440988,25.760912],[-80.473041,25.760834],[-80.481366,25.760864],[-80.484406,25.761028],[-80.49842,25.76103],[-80.498253,25.762356]]]}},{"type":"Feature","properties":{"unit_id":"12086004605","name":"Census Tract 46.05","native_id":"12086004605","source":"census_tract_2025","adm3_name":"Miami-Dade County","adm3_id":"12086","area_sqm":330354,"split":false,"population":798.2314345251036,"days_covered":18,"daytime_peak_f":100.3,"heat_anomaly_f":3.9,"extreme_pct":22.0,"nighttime_stress_f":-1.6,"daytime_peak_f_climrel":0.5895,"heat_anomaly_f_climrel":0.5895,"nighttime_stress_f_climrel":-0.2482,"extreme_pct_climrel":0.55,"ref_daytime_hi_mean":96.4,"ref_daytime_hi_p95":101.7,"rwi_mean":null,"health_per_10k":0.0,"built_frac":0.626,"tree_frac":0.271,"canopy_frac_over_3m":0.311,"viirs_mean":37.0,"gdl_hdi":0.936,"gdl_region":"Florida","ghsl_smod":23,"lst_anomaly_c":-0.63,"lst_anomaly_c_climrel":0,"worldpop_pop_total":4994.0,"frac_under5":4.7,"frac_elderly_65plus":19.8,"frac_elderly_75plus":10.8,"old_age_dependency_ratio":0.342,"has_data":true},"geometry":{"type":"Polygon","coordinates":[[[-80.162932,25.697619],[-80.162167,25.699331],[-80.161585,25.700397],[-80.159341,25.700451],[-80.155167105511,25.7004026779168],[-80.1557226685297,25.6989530176054],[-80.155889,25.698519],[-80.1561319995102,25.6959969388862],[-80.163018,25.695889],[-80.162932,25.697619]]]}},{"type":"Feature","properties":{"unit_id":"12086011008","name":"Census Tract 110.08","native_id":"12086011008","source":"census_tract_2025","adm3_name":"Miami-Dade County","adm3_id":"12086","area_sqm":1183009,"split":false,"population":4043.0,"days_covered":18,"daytime_peak_f":101.3,"heat_anomaly_f":3.8,"extreme_pct":28.0,"nighttime_stress_f":-6.7,"daytime_peak_f_climrel":0.5456,"heat_anomaly_f_climrel":0.5456,"nighttime_stress_f_climrel":-0.3,"extreme_pct_climrel":0.7,"ref_daytime_hi_mean":97.6,"ref_daytime_hi_p95":102.6,"rwi_mean":null,"health_per_10k":0.0,"built_frac":0.635,"tree_frac":0.12,"canopy_frac_over_3m":0.153,"viirs_mean":37.3,"gdl_hdi":0.936,"gdl_region":"Florida","ghsl_smod":30,"lst_anomaly_c":null,"lst_anomaly_c_climrel":null,"worldpop_pop_total":6271.0,"frac_under5":7.0,"frac_elderly_65plus":9.3,"frac_elderly_75plus":3.3,"old_age_dependency_ratio":0.138,"has_data":true},"geometry":{"type":"Polygon","coordinates":[[[-80.418182,25.494081],[-80.417707,25.495442],[-80.417249,25.499523],[-80.414768,25.499552],[-80.41233,25.499582],[-80.412211,25.487117],[-80.412169,25.485124],[-80.412067,25.480292],[-80.411982,25.477806],[-80.418169,25.477691],[-80.418032,25.480391],[-80.416313,25.483745],[-80.416306,25.485102],[-80.416872,25.493258],[-80.417926,25.493916],[-80.418182,25.494081]]]}},{"type":"Feature","properties":{"unit_id":"12086009318","name":"Census Tract 93.18","native_id":"12086009318","source":"census_tract_2025","adm3_name":"Miami-Dade County","adm3_id":"12086","area_sqm":589902,"split":false,"population":1793.4497017830008,"days_covered":18,"daytime_peak_f":102.6,"heat_anomaly_f":4.5,"extreme_pct":28.0,"nighttime_stress_f":-4.7,"daytime_peak_f_climrel":0.6666,"heat_anomaly_f_climrel":0.6666,"nighttime_stress_f_climrel":-0.3,"extreme_pct_climrel":0.7,"ref_daytime_hi_mean":98.0,"ref_daytime_hi_p95":103.2,"rwi_mean":null,"health_per_10k":0.0,"built_frac":0.746,"tree_frac":0.058,"canopy_frac_over_3m":0.115,"viirs_mean":55.2,"gdl_hdi":0.936,"gdl_region":"Florida","ghsl_smod":30,"lst_anomaly_c":0.87,"lst_anomaly_c_climrel":0.1087,"worldpop_pop_total":2301.0,"frac_under5":4.2,"frac_elderly_65plus":21.5,"frac_elderly_75plus":9.8,"old_age_dependency_ratio":0.333,"has_data":true},"geometry":{"type":"Polygon","coordinates":[[[-80.325559,25.927619],[-80.325301,25.927598],[-80.309624,25.927845],[-80.309516,25.927304],[-80.309394,25.92467],[-80.32055,25.92445],[-80.321861,25.924106],[-80.323032,25.923459],[-80.324866,25.920883],[-80.325307,25.921684],[-80.325559,25.927619]]]}},{"type":"Feature","properties":{"unit_id":"12086015700","name":"Census Tract 157","native_id":"12086015700","source":"census_tract_2025","adm3_name":"Miami-Dade County","adm3_id":"12086","area_sqm":6994774,"split":false,"population":10185.0,"days_covered":18,"daytime_peak_f":102.4,"heat_anomaly_f":4.6,"extreme_pct":33.0,"nighttime_stress_f":-5.5,"daytime_peak_f_climrel":0.6622,"heat_anomaly_f_climrel":0.6622,"nighttime_stress_f_climrel":-0.3,"extreme_pct_climrel":0.825,"ref_daytime_hi_mean":97.8,"ref_daytime_hi_p95":103.3,"rwi_mean":null,"health_per_10k":0.9818360333824252,"built_frac":0.309,"tree_frac":0.27,"canopy_frac_over_3m":0.178,"viirs_mean":54.9,"gdl_hdi":0.936,"gdl_region":"Florida","ghsl_smod":30,"lst_anomaly_c":-2.25,"lst_anomaly_c_climrel":0,"worldpop_pop_total":2920.0,"frac_under5":3.2,"frac_elderly_65plus":22.5,"frac_elderly_75plus":10.7,"old_age_dependency_ratio":0.357,"has_data":true},"geometry":{"type":"Polygon","coordinates":[[[-80.402135,25.691671],[-80.401538,25.692854],[-80.40052,25.693734],[-80.398662,25.695472],[-80.398474,25.700454],[-80.398702,25.70409],[-80.398893,25.709532],[-80.399076,25.714935],[-80.399383,25.722232],[-80.399617,25.729636],[-80.391576,25.729888],[-80.389886,25.730242],[-80.38427,25.730155],[-80.384067,25.726997],[-80.383921,25.72356],[-80.384019,25.722867],[-80.384249,25.721433],[-80.383709,25.715147],[-80.383499,25.706784],[-80.383801,25.700875],[-80.384584,25.698266],[-80.388162,25.693035],[-80.389107,25.691052],[-80.389359,25.689941],[-80.389221,25.686131],[-80.39391,25.68615],[-80.395899,25.686062],[-80.400657,25.685886],[-80.402131,25.689798],[-80.402135,25.691671]]]}},{"type":"Feature","properties":{"unit_id":"12086009505","name":"Census Tract 95.05","native_id":"12086009505","source":"census_tract_2025","adm3_name":"Miami-Dade County","adm3_id":"12086","area_sqm":481429,"split":false,"population":1292.0270428722552,"days_covered":18,"daytime_peak_f":102.2,"heat_anomaly_f":5.4,"extreme_pct":33.0,"nighttime_stress_f":-2.9,"daytime_peak_f_climrel":0.8011,"heat_anomaly_f_climrel":0.8011,"nighttime_stress_f_climrel":-0.3,"extreme_pct_climrel":0.825,"ref_daytime_hi_mean":96.9,"ref_daytime_hi_p95":102.4,"rwi_mean":null,"health_per_10k":0.0,"built_frac":0.757,"tree_frac":0.047,"canopy_frac_over_3m":0.096,"viirs_mean":74.9,"gdl_hdi":0.936,"gdl_region":"Florida","ghsl_smod":30,"lst_anomaly_c":2.32,"lst_anomaly_c_climrel":0.29,"worldpop_pop_total":1626.0,"frac_under5":7.8,"frac_elderly_65plus":7.0,"frac_elderly_75plus":2.0,"old_age_dependency_ratio":0.101,"has_data":true},"geometry":{"type":"Polygon","coordinates":[[[-80.212781,25.934866],[-80.212901,25.936731],[-80.204895,25.937151],[-80.204977,25.934526],[-80.210545,25.929945],[-80.215885,25.9351],[-80.212781,25.934866]]]}},{"type":"Feature","properties":{"unit_id":"12086001103","name":"Census Tract 11.03","native_id":"12086001103","source":"census_tract_2025","adm3_name":"Miami-Dade County","adm3_id":"12086","area_sqm":1376207,"split":false,"population":1661.0,"days_covered":18,"daytime_peak_f":102.2,"heat_anomaly_f":5.4,"extreme_pct":33.0,"nighttime_stress_f":-2.9,"daytime_peak_f_climrel":0.8011,"heat_anomaly_f_climrel":0.8011,"nighttime_stress_f_climrel":-0.3,"extreme_pct_climrel":0.825,"ref_daytime_hi_mean":96.9,"ref_daytime_hi_p95":102.4,"rwi_mean":null,"health_per_10k":0.0,"built_frac":0.445,"tree_frac":0.533,"canopy_frac_over_3m":0.321,"viirs_mean":65.3,"gdl_hdi":0.936,"gdl_region":"Florida","ghsl_smod":30,"lst_anomaly_c":0.78,"lst_anomaly_c_climrel":0.0975,"worldpop_pop_total":4343.0,"frac_under5":5.9,"frac_elderly_65plus":19.0,"frac_elderly_75plus":6.3,"old_age_dependency_ratio":0.295,"has_data":true},"geometry":{"type":"Polygon","coordinates":[[[-80.208652,25.869239],[-80.205894,25.86933],[-80.202358,25.869437],[-80.201867,25.869448],[-80.197764,25.869551],[-80.197656,25.867801],[-80.197347,25.86043],[-80.19729,25.858524],[-80.201388,25.858402],[-80.2034,25.858329],[-80.205468,25.858241],[-80.205413,25.857321],[-80.208282,25.857227],[-80.208409,25.861907],[-80.208652,25.869239]]]}},{"type":"Feature","properties":{"unit_id":"12086008806","name":"Census Tract 88.06","native_id":"12086008806","source":"census_tract_2025","adm3_name":"Miami-Dade County","adm3_id":"12086","area_sqm":1287450,"split":false,"population":4785.0,"days_covered":18,"daytime_peak_f":102.2,"heat_anomaly_f":5.2,"extreme_pct":28.0,"nighttime_stress_f":-3.6,"daytime_peak_f_climrel":0.7489,"heat_anomaly_f_climrel":0.7489,"nighttime_stress_f_climrel":-0.3,"extreme_pct_climrel":0.7,"ref_daytime_hi_mean":97.0,"ref_daytime_hi_p95":102.0,"rwi_mean":null,"health_per_10k":0.0,"built_frac":0.826,"tree_frac":0.106,"canopy_frac_over_3m":0.118,"viirs_mean":64.9,"gdl_hdi":0.936,"gdl_region":"Florida","ghsl_smod":30,"lst_anomaly_c":2.48,"lst_anomaly_c_climrel":0.31,"worldpop_pop_total":4288.0,"frac_under5":4.1,"frac_elderly_65plus":28.6,"frac_elderly_75plus":15.6,"old_age_dependency_ratio":0.483,"has_data":true},"geometry":{"type":"Polygon","coordinates":[[[-80.351695,25.739959],[-80.351628,25.747209],[-80.349055,25.747296],[-80.343664,25.747415],[-80.343685,25.740158],[-80.343728,25.732895],[-80.345731,25.732858],[-80.351736,25.732711],[-80.351695,25.739959]]]}},{"type":"Feature","properties":{"unit_id":"12086012502","name":"Census Tract 125.02","native_id":"12086012502","source":"census_tract_2025","adm3_name":"Miami-Dade County","adm3_id":"12086","area_sqm":899654,"split":false,"population":2546.0,"days_covered":18,"daytime_peak_f":101.7,"heat_anomaly_f":3.6,"extreme_pct":17.0,"nighttime_stress_f":-4.8,"daytime_peak_f_climrel":0.5257,"heat_anomaly_f_climrel":0.5257,"nighttime_stress_f_climrel":-0.3,"extreme_pct_climrel":0.425,"ref_daytime_hi_mean":98.1,"ref_daytime_hi_p95":103.0,"rwi_mean":null,"health_per_10k":0.0,"built_frac":0.926,"tree_frac":0.011,"canopy_frac_over_3m":0.066,"viirs_mean":82.1,"gdl_hdi":0.936,"gdl_region":"Florida","ghsl_smod":30,"lst_anomaly_c":4.49,"lst_anomaly_c_climrel":0.5613,"worldpop_pop_total":4584.0,"frac_under5":3.4,"frac_elderly_65plus":22.5,"frac_elderly_75plus":9.9,"old_age_dependency_ratio":0.344,"has_data":true},"geometry":{"type":"Polygon","coordinates":[[[-80.365726,25.886641],[-80.363333,25.886744],[-80.363957,25.887263],[-80.364102,25.890591],[-80.359175,25.891033],[-80.355996,25.891501],[-80.356078,25.890953],[-80.355783,25.887853],[-80.355765,25.886905],[-80.355685,25.884118],[-80.355392,25.880404],[-80.355976,25.879763],[-80.356892,25.878764],[-80.362614,25.883003],[-80.362011,25.883485],[-80.366317,25.886677],[-80.365726,25.886641]]]}},{"type":"Feature","properties":{"unit_id":"12086014601","name":"Census Tract 146.01","native_id":"12086014601","source":"census_tract_2025","adm3_name":"Miami-Dade County","adm3_id":"12086","area_sqm":390692,"split":false,"population":1223.7183369414759,"days_covered":18,"daytime_peak_f":102.4,"heat_anomaly_f":4.6,"extreme_pct":33.0,"nighttime_stress_f":-5.5,"daytime_peak_f_climrel":0.6622,"heat_anomaly_f_climrel":0.6622,"nighttime_stress_f_climrel":-0.3,"extreme_pct_climrel":0.825,"ref_daytime_hi_mean":97.8,"ref_daytime_hi_p95":103.3,"rwi_mean":null,"health_per_10k":8.171815113103309,"built_frac":0.921,"tree_frac":0.031,"canopy_frac_over_3m":0.115,"viirs_mean":88.5,"gdl_hdi":0.936,"gdl_region":"Florida","ghsl_smod":30,"lst_anomaly_c":4.41,"lst_anomaly_c_climrel":0.5513,"worldpop_pop_total":3491.0,"frac_under5":3.7,"frac_elderly_65plus":23.6,"frac_elderly_75plus":10.1,"old_age_dependency_ratio":0.367,"has_data":true},"geometry":{"type":"Polygon","coordinates":[[[-80.392073,25.74599],[-80.390321,25.749425],[-80.390366,25.751637],[-80.386999,25.751727],[-80.385092,25.751791],[-80.384892,25.74634],[-80.388741,25.746071],[-80.39212,25.744328],[-80.392073,25.74599]]]}},{"type":"Feature","properties":{"unit_id":"12086011800","name":"Census Tract 118","native_id":"12086011800","source":"census_tract_2025","adm3_name":"Miami-Dade County","adm3_id":"12086","area_sqm":1073158,"split":false,"population":4605.0,"days_covered":18,"daytime_peak_f":103.3,"heat_anomaly_f":5.4,"extreme_pct":33.0,"nighttime_stress_f":-5.5,"daytime_peak_f_climrel":0.7702,"heat_anomaly_f_climrel":0.7702,"nighttime_stress_f_climrel":-0.3,"extreme_pct_climrel":0.825,"ref_daytime_hi_mean":97.9,"ref_daytime_hi_p95":103.4,"rwi_mean":null,"health_per_10k":0.0,"built_frac":0.728,"tree_frac":0.079,"canopy_frac_over_3m":0.139,"viirs_mean":45.3,"gdl_hdi":0.936,"gdl_region":"Florida","ghsl_smod":30,"lst_anomaly_c":0.71,"lst_anomaly_c_climrel":0.0887,"worldpop_pop_total":3953.0,"frac_under5":3.8,"frac_elderly_65plus":23.9,"frac_elderly_75plus":9.4,"old_age_dependency_ratio":0.375,"has_data":true},"geometry":{"type":"Polygon","coordinates":[[[-80.310617,25.957165],[-80.294972,25.95677],[-80.294976,25.956929],[-80.294544,25.956948],[-80.294604,25.95346],[-80.294745,25.953457],[-80.296057,25.95343],[-80.29935,25.95338],[-80.3051,25.951174],[-80.304654,25.950321],[-80.302866,25.950155],[-80.301865,25.948328],[-80.30036,25.948543],[-80.29958,25.946918],[-80.299424,25.946122],[-80.299362,25.944758],[-80.307057,25.944669],[-80.307326,25.948382],[-80.307925,25.950004],[-80.309831,25.952984],[-80.310552,25.955408],[-80.310617,25.957165]]]}},{"type":"Feature","properties":{"unit_id":"12086005102","name":"Census Tract 51.02","native_id":"12086005102","source":"census_tract_2025","adm3_name":"Miami-Dade County","adm3_id":"12086","area_sqm":984656,"split":false,"population":6375.662508272746,"days_covered":18,"daytime_peak_f":101.9,"heat_anomaly_f":5.5,"extreme_pct":39.0,"nighttime_stress_f":-3.1,"daytime_peak_f_climrel":0.8322,"heat_anomaly_f_climrel":0.8322,"nighttime_stress_f_climrel":-0.3,"extreme_pct_climrel":0.975,"ref_daytime_hi_mean":96.4,"ref_daytime_hi_p95":101.7,"rwi_mean":null,"health_per_10k":0.0,"built_frac":0.693,"tree_frac":0.17,"canopy_frac_over_3m":0.193,"viirs_mean":106.4,"gdl_hdi":0.936,"gdl_region":"Florida","ghsl_smod":30,"lst_anomaly_c":-1.17,"lst_anomaly_c_climrel":0,"worldpop_pop_total":4774.0,"frac_under5":2.8,"frac_elderly_65plus":37.8,"frac_elderly_75plus":19.3,"old_age_dependency_ratio":0.694,"has_data":true},"geometry":{"type":"Polygon","coordinates":[[[-80.231292,25.787092],[-80.23134,25.788796],[-80.229595,25.787524],[-80.222962,25.785513],[-80.22216,25.785136],[-80.218863,25.783982],[-80.214683,25.782562],[-80.212003,25.781627],[-80.209938,25.780166],[-80.210877,25.780306],[-80.213197,25.780222],[-80.214829,25.780183],[-80.222519,25.77996],[-80.22809,25.779757],[-80.23121,25.779694],[-80.231221,25.78265],[-80.231263,25.783262],[-80.231354,25.786481],[-80.231292,25.787092]]]}},{"type":"Feature","properties":{"unit_id":"12086015900","name":"Census Tract 159","native_id":"12086015900","source":"census_tract_2025","adm3_name":"Miami-Dade County","adm3_id":"12086","area_sqm":1257626,"split":false,"population":2986.0,"days_covered":18,"daytime_peak_f":102.4,"heat_anomaly_f":4.6,"extreme_pct":33.0,"nighttime_stress_f":-5.5,"daytime_peak_f_climrel":0.6622,"heat_anomaly_f_climrel":0.6622,"nighttime_stress_f_climrel":-0.3,"extreme_pct_climrel":0.825,"ref_daytime_hi_mean":97.8,"ref_daytime_hi_p95":103.3,"rwi_mean":null,"health_per_10k":0.0,"built_frac":0.77,"tree_frac":0.095,"canopy_frac_over_3m":0.124,"viirs_mean":47.1,"gdl_hdi":0.936,"gdl_region":"Florida","ghsl_smod":30,"lst_anomaly_c":0.84,"lst_anomaly_c_climrel":0.105,"worldpop_pop_total":3083.0,"frac_under5":3.6,"frac_elderly_65plus":28.9,"frac_elderly_75plus":11.8,"old_age_dependency_ratio":0.483,"has_data":true},"geometry":{"type":"Polygon","coordinates":[[[-80.415681,25.72921],[-80.4076,25.72945],[-80.407345,25.721974],[-80.407042,25.714653],[-80.415105,25.714388],[-80.415413,25.721724],[-80.415681,25.72921]]]}},{"type":"Feature","properties":{"unit_id":"12086018700","name":"Census Tract 187","native_id":"12086018700","source":"census_tract_2025","adm3_name":"Miami-Dade County","adm3_id":"12086","area_sqm":1339402,"split":false,"population":2201.0,"days_covered":18,"daytime_peak_f":102.4,"heat_anomaly_f":4.6,"extreme_pct":33.0,"nighttime_stress_f":-5.5,"daytime_peak_f_climrel":0.6622,"heat_anomaly_f_climrel":0.6622,"nighttime_stress_f_climrel":-0.3,"extreme_pct_climrel":0.825,"ref_daytime_hi_mean":97.8,"ref_daytime_hi_p95":103.3,"rwi_mean":null,"health_per_10k":0.0,"built_frac":0.894,"tree_frac":0.074,"canopy_frac_over_3m":0.139,"viirs_mean":46.9,"gdl_hdi":0.936,"gdl_region":"Florida","ghsl_smod":30,"lst_anomaly_c":0.63,"lst_anomaly_c_climrel":0.0788,"worldpop_pop_total":4945.0,"frac_under5":3.3,"frac_elderly_65plus":24.8,"frac_elderly_75plus":10.0,"old_age_dependency_ratio":0.39,"has_data":true},"geometry":{"type":"Polygon","coordinates":[[[-80.43257,25.670249],[-80.427483,25.670459],[-80.424414,25.670572],[-80.424347,25.668337],[-80.424117,25.663209],[-80.423849,25.655876],[-80.43203,25.655488],[-80.432123,25.659186],[-80.432278,25.662897],[-80.432419,25.666581],[-80.43257,25.670249]]]}},{"type":"Feature","properties":{"unit_id":"12086000206","name":"Census Tract 2.06","native_id":"12086000206","source":"census_tract_2025","adm3_name":"Miami-Dade County","adm3_id":"12086","area_sqm":2368752,"split":false,"population":3777.0,"days_covered":18,"daytime_peak_f":102.2,"heat_anomaly_f":5.4,"extreme_pct":33.0,"nighttime_stress_f":-2.9,"daytime_peak_f_climrel":0.8011,"heat_anomaly_f_climrel":0.8011,"nighttime_stress_f_climrel":-0.3,"extreme_pct_climrel":0.825,"ref_daytime_hi_mean":96.9,"ref_daytime_hi_p95":102.4,"rwi_mean":null,"health_per_10k":2.6476039184537994,"built_frac":0.592,"tree_frac":0.236,"canopy_frac_over_3m":0.203,"viirs_mean":73.2,"gdl_hdi":0.936,"gdl_region":"Florida","ghsl_smod":30,"lst_anomaly_c":1.8,"lst_anomaly_c_climrel":0.225,"worldpop_pop_total":6027.0,"frac_under5":5.5,"frac_elderly_65plus":20.1,"frac_elderly_75plus":7.2,"old_age_dependency_ratio":0.315,"has_data":true},"geometry":{"type":"Polygon","coordinates":[[[-80.176038,25.925418],[-80.172,25.925566],[-80.170022,25.925656],[-80.168001,25.925776],[-80.163992,25.925941],[-80.15594,25.926108],[-80.15425,25.926124],[-80.157727,25.915035],[-80.163474,25.914804],[-80.171495,25.914468],[-80.175535,25.914314],[-80.175842,25.921705],[-80.176038,25.925418]]]}},{"type":"Feature","properties":{"unit_id":"12086000408","name":"Census Tract 4.08","native_id":"12086000408","source":"census_tract_2025","adm3_name":"Miami-Dade County","adm3_id":"12086","area_sqm":2081951,"split":false,"population":6787.0,"days_covered":18,"daytime_peak_f":102.2,"heat_anomaly_f":5.4,"extreme_pct":33.0,"nighttime_stress_f":-2.9,"daytime_peak_f_climrel":0.8011,"heat_anomaly_f_climrel":0.8011,"nighttime_stress_f_climrel":-0.3,"extreme_pct_climrel":0.825,"ref_daytime_hi_mean":96.9,"ref_daytime_hi_p95":102.4,"rwi_mean":null,"health_per_10k":0.0,"built_frac":0.616,"tree_frac":0.233,"canopy_frac_over_3m":0.183,"viirs_mean":58.0,"gdl_hdi":0.936,"gdl_region":"Florida","ghsl_smod":30,"lst_anomaly_c":1.41,"lst_anomaly_c_climrel":0.1762,"worldpop_pop_total":7038.0,"frac_under5":5.9,"frac_elderly_65plus":18.6,"frac_elderly_75plus":7.3,"old_age_dependency_ratio":0.295,"has_data":true},"geometry":{"type":"Polygon","coordinates":[[[-80.234327,25.868316],[-80.227871,25.868545],[-80.226136,25.868601],[-80.218089,25.868919],[-80.21398,25.86908],[-80.209918,25.869232],[-80.208652,25.869239],[-80.208409,25.861907],[-80.209687,25.86186],[-80.213777,25.861696],[-80.21979,25.86141],[-80.223612,25.861287],[-80.223746,25.861281],[-80.223868,25.861277],[-80.224501,25.861256],[-80.225891,25.861187],[-80.23409,25.860941],[-80.234211,25.864625],[-80.234327,25.868316]]]}},{"type":"Feature","properties":{"unit_id":"12086008423","name":"Census Tract 84.23","native_id":"12086008423","source":"census_tract_2025","adm3_name":"Miami-Dade County","adm3_id":"12086","area_sqm":2546400,"split":false,"population":4091.0,"days_covered":18,"daytime_peak_f":102.2,"heat_anomaly_f":5.2,"extreme_pct":28.0,"nighttime_stress_f":-3.6,"daytime_peak_f_climrel":0.7489,"heat_anomaly_f_climrel":0.7489,"nighttime_stress_f_climrel":-0.3,"extreme_pct_climrel":0.7,"ref_daytime_hi_mean":97.0,"ref_daytime_hi_p95":102.0,"rwi_mean":null,"health_per_10k":4.888780249327793,"built_frac":0.553,"tree_frac":0.204,"canopy_frac_over_3m":0.197,"viirs_mean":57.6,"gdl_hdi":0.936,"gdl_region":"Florida","ghsl_smod":30,"lst_anomaly_c":-0.25,"lst_anomaly_c_climrel":0,"worldpop_pop_total":5088.0,"frac_under5":4.5,"frac_elderly_65plus":25.4,"frac_elderly_75plus":11.6,"old_age_dependency_ratio":0.42,"has_data":true},"geometry":{"type":"Polygon","coordinates":[[[-80.361171,25.694751],[-80.358451,25.694899],[-80.356547,25.696961],[-80.349922,25.693534],[-80.347061,25.692069],[-80.345211,25.69409],[-80.342681,25.696033],[-80.341116,25.698745],[-80.337844,25.702158],[-80.334138,25.702305],[-80.33385,25.695752],[-80.33367,25.691782],[-80.33354,25.688077],[-80.335547,25.68799],[-80.343893,25.687692],[-80.350769,25.687482],[-80.351123,25.687494],[-80.351366,25.687482],[-80.352019,25.68745],[-80.360199,25.687202],[-80.360746,25.687169],[-80.360864,25.690808],[-80.360975,25.694242],[-80.361171,25.694751]]]}},{"type":"Feature","properties":{"unit_id":"12086008205","name":"Census Tract 82.05","native_id":"12086008205","source":"census_tract_2025","adm3_name":"Miami-Dade County","adm3_id":"12086","area_sqm":5384413,"split":false,"population":1983.0,"days_covered":18,"daytime_peak_f":101.6,"heat_anomaly_f":5.0,"extreme_pct":44.0,"nighttime_stress_f":-3.3,"daytime_peak_f_climrel":0.7446,"heat_anomaly_f_climrel":0.7446,"nighttime_stress_f_climrel":-0.3,"extreme_pct_climrel":1,"ref_daytime_hi_mean":96.5,"ref_daytime_hi_p95":101.7,"rwi_mean":null,"health_per_10k":0.0,"built_frac":0.21,"tree_frac":0.422,"canopy_frac_over_3m":0.36,"viirs_mean":20.8,"gdl_hdi":0.936,"gdl_region":"Florida","ghsl_smod":30,"lst_anomaly_c":-3.67,"lst_anomaly_c_climrel":0,"worldpop_pop_total":4481.0,"frac_under5":3.3,"frac_elderly_65plus":25.9,"frac_elderly_75plus":10.6,"old_age_dependency_ratio":0.443,"has_data":true},"geometry":{"type":"Polygon","coordinates":[[[-80.323505,25.633047],[-80.319432,25.633229],[-80.319642,25.635001],[-80.321064,25.634957],[-80.321149,25.636776],[-80.320031,25.636813],[-80.319442,25.636024],[-80.317472,25.636061],[-80.317765,25.644307],[-80.313718,25.644407],[-80.309671,25.644531],[-80.308243,25.644577],[-80.301563,25.644767],[-80.293373,25.644986],[-80.291245,25.645432],[-80.290302,25.64609],[-80.285571,25.652613],[-80.28364,25.65264],[-80.283446,25.645301],[-80.282378,25.64315],[-80.283685,25.640078],[-80.285952,25.640793],[-80.286409,25.639544],[-80.285337,25.638174],[-80.286229,25.635137],[-80.286258,25.633494],[-80.287229,25.630952],[-80.288399,25.632743],[-80.289306,25.630746],[-80.287365,25.630755],[-80.287876,25.630279],[-80.287978,25.630279],[-80.29109,25.63022],[-80.291421,25.630392],[-80.292886,25.630423],[-80.295346,25.630117],[-80.311181,25.629701],[-80.317252,25.629552],[-80.318002,25.629536],[-80.323417,25.629386],[-80.323505,25.633047]]]}},{"type":"Feature","properties":{"unit_id":"12086007401","name":"Census Tract 74.01","native_id":"12086007401","source":"census_tract_2025","adm3_name":"Miami-Dade County","adm3_id":"12086","area_sqm":910468,"split":false,"population":965.0,"days_covered":18,"daytime_peak_f":102.2,"heat_anomaly_f":5.2,"extreme_pct":28.0,"nighttime_stress_f":-3.6,"daytime_peak_f_climrel":0.7489,"heat_anomaly_f_climrel":0.7489,"nighttime_stress_f_climrel":-0.3,"extreme_pct_climrel":0.7,"ref_daytime_hi_mean":97.0,"ref_daytime_hi_p95":102.0,"rwi_mean":null,"health_per_10k":10.362694300518134,"built_frac":0.365,"tree_frac":0.568,"canopy_frac_over_3m":0.409,"viirs_mean":43.4,"gdl_hdi":0.936,"gdl_region":"Florida","ghsl_smod":30,"lst_anomaly_c":-1.54,"lst_anomaly_c_climrel":0,"worldpop_pop_total":1872.0,"frac_under5":5.6,"frac_elderly_65plus":23.2,"frac_elderly_75plus":9.5,"old_age_dependency_ratio":0.383,"has_data":true},"geometry":{"type":"Polygon","coordinates":[[[-80.270888,25.719387],[-80.261687,25.726526],[-80.261615,25.724829],[-80.261552,25.723607],[-80.26137,25.719938],[-80.26116,25.714145],[-80.261105,25.712671],[-80.268037,25.712423],[-80.268381,25.716657],[-80.270888,25.719387]]]}},{"type":"Feature","properties":{"unit_id":"12086000719","name":"Census Tract 7.19","native_id":"12086000719","source":"census_tract_2025","adm3_name":"Miami-Dade County","adm3_id":"12086","area_sqm":732750,"split":false,"population":4224.0,"days_covered":18,"daytime_peak_f":102.6,"heat_anomaly_f":4.5,"extreme_pct":28.0,"nighttime_stress_f":-4.7,"daytime_peak_f_climrel":0.6666,"heat_anomaly_f_climrel":0.6666,"nighttime_stress_f_climrel":-0.3,"extreme_pct_climrel":0.7,"ref_daytime_hi_mean":98.0,"ref_daytime_hi_p95":103.2,"rwi_mean":null,"health_per_10k":0.0,"built_frac":0.953,"tree_frac":0.011,"canopy_frac_over_3m":0.054,"viirs_mean":127.5,"gdl_hdi":0.936,"gdl_region":"Florida","ghsl_smod":30,"lst_anomaly_c":4.36,"lst_anomaly_c_climrel":0.545,"worldpop_pop_total":902.0,"frac_under5":3.6,"frac_elderly_65plus":27.0,"frac_elderly_75plus":13.4,"old_age_dependency_ratio":0.435,"has_data":true},"geometry":{"type":"Polygon","coordinates":[[[-80.322584,25.855839],[-80.321141,25.85536],[-80.318578,25.855272],[-80.314541,25.855275],[-80.310545,25.855267],[-80.310387,25.84982],[-80.310328,25.847991],[-80.314363,25.84797],[-80.314345,25.847719],[-80.314341,25.847584],[-80.322561,25.853659],[-80.322569,25.853835],[-80.322584,25.855839]]]}},{"type":"Feature","properties":{"unit_id":"12086009504","name":"Census Tract 95.04","native_id":"12086009504","source":"census_tract_2025","adm3_name":"Miami-Dade County","adm3_id":"12086","area_sqm":2030056,"split":false,"population":5379.0,"days_covered":18,"daytime_peak_f":102.2,"heat_anomaly_f":5.4,"extreme_pct":33.0,"nighttime_stress_f":-2.9,"daytime_peak_f_climrel":0.8011,"heat_anomaly_f_climrel":0.8011,"nighttime_stress_f_climrel":-0.3,"extreme_pct_climrel":0.825,"ref_daytime_hi_mean":96.9,"ref_daytime_hi_p95":102.4,"rwi_mean":null,"health_per_10k":0.0,"built_frac":0.754,"tree_frac":0.09,"canopy_frac_over_3m":0.12,"viirs_mean":50.7,"gdl_hdi":0.936,"gdl_region":"Florida","ghsl_smod":30,"lst_anomaly_c":3.13,"lst_anomaly_c_climrel":0.3912,"worldpop_pop_total":5232.0,"frac_under5":5.3,"frac_elderly_65plus":21.5,"frac_elderly_75plus":8.3,"old_age_dependency_ratio":0.345,"has_data":true},"geometry":{"type":"Polygon","coordinates":[[[-80.229279,25.941561],[-80.222683,25.941822],[-80.215966,25.935178],[-80.215885,25.9351],[-80.210545,25.929945],[-80.212169,25.928524],[-80.213333,25.927769],[-80.214187,25.927499],[-80.228439,25.926885],[-80.22888,25.934238],[-80.229279,25.941561]]]}},{"type":"Feature","properties":{"unit_id":"12086009327","name":"Census Tract 93.27","native_id":"12086009327","source":"census_tract_2025","adm3_name":"Miami-Dade County","adm3_id":"12086","area_sqm":1109452,"split":false,"population":4147.0,"days_covered":18,"daytime_peak_f":102.6,"heat_anomaly_f":4.5,"extreme_pct":28.0,"nighttime_stress_f":-4.7,"daytime_peak_f_climrel":0.6666,"heat_anomaly_f_climrel":0.6666,"nighttime_stress_f_climrel":-0.3,"extreme_pct_climrel":0.7,"ref_daytime_hi_mean":98.0,"ref_daytime_hi_p95":103.2,"rwi_mean":null,"health_per_10k":0.0,"built_frac":0.775,"tree_frac":0.039,"canopy_frac_over_3m":0.133,"viirs_mean":65.8,"gdl_hdi":0.936,"gdl_region":"Florida","ghsl_smod":30,"lst_anomaly_c":0.11,"lst_anomaly_c_climrel":0.0138,"worldpop_pop_total":3458.0,"frac_under5":3.0,"frac_elderly_65plus":29.3,"frac_elderly_75plus":15.2,"old_age_dependency_ratio":0.488,"has_data":true},"geometry":{"type":"Polygon","coordinates":[[[-80.307574,25.88417],[-80.304363,25.884185],[-80.299523,25.884312],[-80.299166,25.877049],[-80.299071,25.87344],[-80.298966,25.87272],[-80.298897,25.870199],[-80.306908,25.870165],[-80.307067,25.873391],[-80.307249,25.877028],[-80.307574,25.88417]]]}},{"type":"Feature","properties":{"unit_id":"12086006720","name":"Census Tract 67.20","native_id":"12086006720","source":"census_tract_2025","adm3_name":"Miami-Dade County","adm3_id":"12086","area_sqm":178864,"split":false,"population":4846.904184723116,"days_covered":18,"daytime_peak_f":101.9,"heat_anomaly_f":5.5,"extreme_pct":39.0,"nighttime_stress_f":-3.1,"daytime_peak_f_climrel":0.8322,"heat_anomaly_f_climrel":0.8322,"nighttime_stress_f_climrel":-0.3,"extreme_pct_climrel":0.975,"ref_daytime_hi_mean":96.4,"ref_daytime_hi_p95":101.7,"rwi_mean":null,"health_per_10k":0.0,"built_frac":0.798,"tree_frac":0.022,"canopy_frac_over_3m":0.071,"viirs_mean":256.6,"gdl_hdi":0.936,"gdl_region":"Florida","ghsl_smod":30,"lst_anomaly_c":-2.78,"lst_anomaly_c_climrel":0,"worldpop_pop_total":4112.0,"frac_under5":5.1,"frac_elderly_65plus":4.5,"frac_elderly_75plus":1.2,"old_age_dependency_ratio":0.052,"has_data":true},"geometry":{"type":"Polygon","coordinates":[[[-80.195641,25.768781],[-80.193542,25.769573],[-80.192427,25.770314],[-80.190035,25.769927],[-80.190131,25.768431],[-80.190688,25.766184],[-80.192058,25.766425],[-80.193313,25.766414],[-80.195491,25.76635],[-80.195641,25.768781]]]}},{"type":"Feature","properties":{"unit_id":"12086001204","name":"Census Tract 12.04","native_id":"12086001204","source":"census_tract_2025","adm3_name":"Miami-Dade County","adm3_id":"12086","area_sqm":1295323,"split":false,"population":7360.0,"days_covered":18,"daytime_peak_f":102.2,"heat_anomaly_f":5.4,"extreme_pct":33.0,"nighttime_stress_f":-2.9,"daytime_peak_f_climrel":0.8011,"heat_anomaly_f_climrel":0.8011,"nighttime_stress_f_climrel":-0.3,"extreme_pct_climrel":0.825,"ref_daytime_hi_mean":96.9,"ref_daytime_hi_p95":102.4,"rwi_mean":null,"health_per_10k":2.717391304347826,"built_frac":0.356,"tree_frac":0.067,"canopy_frac_over_3m":0.093,"viirs_mean":49.2,"gdl_hdi":0.936,"gdl_region":"Florida","ghsl_smod":30,"lst_anomaly_c":-3.78,"lst_anomaly_c_climrel":0,"worldpop_pop_total":7085.0,"frac_under5":3.5,"frac_elderly_65plus":25.1,"frac_elderly_75plus":10.9,"old_age_dependency_ratio":0.391,"has_data":true},"geometry":{"type":"Polygon","coordinates":[[[-80.168736,25.876732],[-80.168268,25.877582],[-80.167363,25.879627],[-80.166047,25.882641],[-80.165566,25.883773],[-80.164302,25.887554],[-80.163728,25.889408],[-80.162131,25.889433],[-80.15869,25.889307],[-80.152482,25.889554],[-80.151843,25.889491],[-80.150627,25.889179],[-80.147567,25.888263],[-80.142578,25.887329],[-80.143256,25.886665],[-80.150968,25.880872],[-80.153668,25.877273],[-80.154928,25.874494],[-80.164781,25.874387],[-80.164671,25.874991],[-80.170294,25.874815],[-80.168736,25.876732]]]}},{"type":"Feature","properties":{"unit_id":"12086008703","name":"Census Tract 87.03","native_id":"12086008703","source":"census_tract_2025","adm3_name":"Miami-Dade County","adm3_id":"12086","area_sqm":857432,"split":false,"population":2165.0,"days_covered":18,"daytime_peak_f":102.4,"heat_anomaly_f":4.6,"extreme_pct":33.0,"nighttime_stress_f":-5.5,"daytime_peak_f_climrel":0.6622,"heat_anomaly_f_climrel":0.6622,"nighttime_stress_f_climrel":-0.3,"extreme_pct_climrel":0.825,"ref_daytime_hi_mean":97.8,"ref_daytime_hi_p95":103.3,"rwi_mean":null,"health_per_10k":0.0,"built_frac":0.842,"tree_frac":0.028,"canopy_frac_over_3m":0.091,"viirs_mean":61.6,"gdl_hdi":0.936,"gdl_region":"Florida","ghsl_smod":30,"lst_anomaly_c":0.92,"lst_anomaly_c_climrel":0.115,"worldpop_pop_total":2902.0,"frac_under5":3.4,"frac_elderly_65plus":25.7,"frac_elderly_75plus":12.5,"old_age_dependency_ratio":0.414,"has_data":true},"geometry":{"type":"Polygon","coordinates":[[[-80.384365,25.732043],[-80.375694,25.732175],[-80.37548,25.727192],[-80.375292,25.723038],[-80.384019,25.722867],[-80.383921,25.72356],[-80.384067,25.726997],[-80.38427,25.730155],[-80.384365,25.732043]]]}},{"type":"Feature","properties":{"unit_id":"12086000141","name":"Census Tract 1.41","native_id":"12086000141","source":"census_tract_2025","adm3_name":"Miami-Dade County","adm3_id":"12086","area_sqm":546652,"split":false,"population":3089.0,"days_covered":18,"daytime_peak_f":100.4,"heat_anomaly_f":3.5,"extreme_pct":17.0,"nighttime_stress_f":-2.0,"daytime_peak_f_climrel":0.5167,"heat_anomaly_f_climrel":0.5167,"nighttime_stress_f_climrel":-0.2713,"extreme_pct_climrel":0.425,"ref_daytime_hi_mean":96.9,"ref_daytime_hi_p95":102.3,"rwi_mean":null,"health_per_10k":9.71188086759469,"built_frac":0.577,"tree_frac":0.071,"canopy_frac_over_3m":0.13,"viirs_mean":95.7,"gdl_hdi":0.936,"gdl_region":"Florida","ghsl_smod":30,"lst_anomaly_c":-1.16,"lst_anomaly_c_climrel":0,"worldpop_pop_total":3868.0,"frac_under5":6.3,"frac_elderly_65plus":14.4,"frac_elderly_75plus":5.6,"old_age_dependency_ratio":0.215,"has_data":true},"geometry":{"type":"Polygon","coordinates":[[[-80.147115,25.94931],[-80.147111,25.952176],[-80.14721,25.955073],[-80.145296,25.955003],[-80.140998,25.953292],[-80.138484,25.953605],[-80.138499,25.952443],[-80.136595,25.951684],[-80.136559,25.950674],[-80.134539,25.952059],[-80.133079,25.950794],[-80.132593,25.952138],[-80.13169,25.952319],[-80.129849,25.952228],[-80.127439,25.95227],[-80.126234,25.954245],[-80.125875,25.954126],[-80.126511,25.951936],[-80.128016,25.950617],[-80.128315,25.948982],[-80.134463,25.94941],[-80.142232,25.94924],[-80.142636,25.949226],[-80.142976,25.948568],[-80.146813,25.948434],[-80.146978,25.947401],[-80.147582,25.947464],[-80.147115,25.94931]]]}},{"type":"Feature","properties":{"unit_id":"12086017300","name":"Census Tract 173","native_id":"12086017300","source":"census_tract_2025","adm3_name":"Miami-Dade County","adm3_id":"12086","area_sqm":942272,"split":false,"population":1768.0,"days_covered":18,"daytime_peak_f":102.4,"heat_anomaly_f":4.6,"extreme_pct":33.0,"nighttime_stress_f":-5.5,"daytime_peak_f_climrel":0.6622,"heat_anomaly_f_climrel":0.6622,"nighttime_stress_f_climrel":-0.3,"extreme_pct_climrel":0.825,"ref_daytime_hi_mean":97.8,"ref_daytime_hi_p95":103.3,"rwi_mean":null,"health_per_10k":0.0,"built_frac":0.671,"tree_frac":0.07,"canopy_frac_over_3m":0.13,"viirs_mean":47.1,"gdl_hdi":0.936,"gdl_region":"Florida","ghsl_smod":30,"lst_anomaly_c":-0.71,"lst_anomaly_c_climrel":0,"worldpop_pop_total":5028.0,"frac_under5":3.7,"frac_elderly_65plus":23.1,"frac_elderly_75plus":10.1,"old_age_dependency_ratio":0.363,"has_data":true},"geometry":{"type":"Polygon","coordinates":[[[-80.416586,25.686901],[-80.415705,25.689963],[-80.415677,25.690353],[-80.415711,25.693067],[-80.413966,25.693098],[-80.411638,25.693511],[-80.409245,25.694085],[-80.40573,25.696558],[-80.406488,25.69384],[-80.405564,25.692231],[-80.404617,25.688006],[-80.403733,25.685786],[-80.408711,25.68558],[-80.414787,25.685398],[-80.416552,25.685339],[-80.416586,25.686901]]]}},{"type":"Feature","properties":{"unit_id":"12086010622","name":"Census Tract 106.22","native_id":"12086010622","source":"census_tract_2025","adm3_name":"Miami-Dade County","adm3_id":"12086","area_sqm":1814066,"split":false,"population":2975.0,"days_covered":18,"daytime_peak_f":101.6,"heat_anomaly_f":4.2,"extreme_pct":22.0,"nighttime_stress_f":-6.1,"daytime_peak_f_climrel":0.5768,"heat_anomaly_f_climrel":0.5768,"nighttime_stress_f_climrel":-0.3,"extreme_pct_climrel":0.55,"ref_daytime_hi_mean":97.4,"ref_daytime_hi_p95":103.0,"rwi_mean":null,"health_per_10k":3.361344537815126,"built_frac":0.536,"tree_frac":0.104,"canopy_frac_over_3m":0.114,"viirs_mean":54.9,"gdl_hdi":0.936,"gdl_region":"Florida","ghsl_smod":30,"lst_anomaly_c":null,"lst_anomaly_c_climrel":null,"worldpop_pop_total":5000.0,"frac_under5":6.8,"frac_elderly_65plus":12.2,"frac_elderly_75plus":4.5,"old_age_dependency_ratio":0.186,"has_data":true},"geometry":{"type":"Polygon","coordinates":[[[-80.372284,25.569977],[-80.36857,25.569499],[-80.363476,25.568436],[-80.362811,25.56843],[-80.36279,25.566444],[-80.362762,25.562271],[-80.362713,25.559437],[-80.36266,25.551708],[-80.363335,25.551832],[-80.372071,25.551629],[-80.37214,25.559053],[-80.372188,25.562679],[-80.372215,25.566431],[-80.372285,25.569859],[-80.372284,25.569977]]]}},{"type":"Feature","properties":{"unit_id":"12086004705","name":"Census Tract 47.05","native_id":"12086004705","source":"census_tract_2025","adm3_name":"Miami-Dade County","adm3_id":"12086","area_sqm":2290235,"split":false,"population":3765.0,"days_covered":18,"daytime_peak_f":102.1,"heat_anomaly_f":4.6,"extreme_pct":44.0,"nighttime_stress_f":-4.1,"daytime_peak_f_climrel":0.6814,"heat_anomaly_f_climrel":0.6814,"nighttime_stress_f_climrel":-0.3,"extreme_pct_climrel":1,"ref_daytime_hi_mean":97.5,"ref_daytime_hi_p95":102.7,"rwi_mean":null,"health_per_10k":0.0,"built_frac":0.319,"tree_frac":0.335,"canopy_frac_over_3m":0.253,"viirs_mean":56.7,"gdl_hdi":0.936,"gdl_region":"Florida","ghsl_smod":30,"lst_anomaly_c":-3.68,"lst_anomaly_c_climrel":0,"worldpop_pop_total":3974.0,"frac_under5":5.0,"frac_elderly_65plus":21.4,"frac_elderly_75plus":9.5,"old_age_dependency_ratio":0.336,"has_data":true},"geometry":{"type":"Polygon","coordinates":[[[-80.305467,25.820756],[-80.297537,25.820764],[-80.288034,25.820748],[-80.287463,25.820799],[-80.289576,25.818476],[-80.286498,25.816141],[-80.282672,25.813149],[-80.2811,25.813454],[-80.28092,25.807872],[-80.28917,25.807599],[-80.289196,25.807924],[-80.289286,25.811679],[-80.297298,25.811662],[-80.301308,25.811666],[-80.305295,25.81167],[-80.305234,25.812186],[-80.305314,25.815311],[-80.305467,25.820756]]]}},{"type":"Feature","properties":{"unit_id":"12086001502","name":"Census Tract 15.02","native_id":"12086001502","source":"census_tract_2025","adm3_name":"Miami-Dade County","adm3_id":"12086","area_sqm":1691135,"split":false,"population":3119.0,"days_covered":18,"daytime_peak_f":101.9,"heat_anomaly_f":5.5,"extreme_pct":39.0,"nighttime_stress_f":-3.1,"daytime_peak_f_climrel":0.8322,"heat_anomaly_f_climrel":0.8322,"nighttime_stress_f_climrel":-0.3,"extreme_pct_climrel":0.975,"ref_daytime_hi_mean":96.4,"ref_daytime_hi_p95":101.7,"rwi_mean":null,"health_per_10k":0.0,"built_frac":0.636,"tree_frac":0.178,"canopy_frac_over_3m":0.145,"viirs_mean":67.3,"gdl_hdi":0.936,"gdl_region":"Florida","ghsl_smod":30,"lst_anomaly_c":1.68,"lst_anomaly_c_climrel":0.21,"worldpop_pop_total":5053.0,"frac_under5":6.6,"frac_elderly_65plus":12.6,"frac_elderly_75plus":4.3,"old_age_dependency_ratio":0.197,"has_data":true},"geometry":{"type":"Polygon","coordinates":[[[-80.241574,25.841267],[-80.233375,25.840736],[-80.231894,25.840664],[-80.229332,25.840724],[-80.225298,25.840852],[-80.225252,25.839124],[-80.224902,25.831729],[-80.225296,25.831699],[-80.228915,25.831573],[-80.232978,25.831419],[-80.24111,25.831136],[-80.241463,25.838631],[-80.241574,25.841267]]]}},{"type":"Feature","properties":{"unit_id":"12086009812","name":"Census Tract 98.12","native_id":"12086009812","source":"census_tract_2025","adm3_name":"Miami-Dade County","adm3_id":"12086","area_sqm":1144919,"split":false,"population":5456.0,"days_covered":18,"daytime_peak_f":102.0,"heat_anomaly_f":5.1,"extreme_pct":33.0,"nighttime_stress_f":-3.1,"daytime_peak_f_climrel":0.7587,"heat_anomaly_f_climrel":0.7587,"nighttime_stress_f_climrel":-0.3,"extreme_pct_climrel":0.825,"ref_daytime_hi_mean":96.8,"ref_daytime_hi_p95":102.3,"rwi_mean":null,"health_per_10k":0.0,"built_frac":0.539,"tree_frac":0.114,"canopy_frac_over_3m":0.084,"viirs_mean":56.6,"gdl_hdi":0.936,"gdl_region":"Florida","ghsl_smod":30,"lst_anomaly_c":-1.73,"lst_anomaly_c_climrel":0,"worldpop_pop_total":7540.0,"frac_under5":8.2,"frac_elderly_65plus":11.7,"frac_elderly_75plus":3.9,"old_age_dependency_ratio":0.172,"has_data":true},"geometry":{"type":"Polygon","coordinates":[[[-80.197675,25.957542],[-80.197521,25.957554],[-80.197565,25.96125],[-80.195219,25.961448],[-80.194427,25.95986],[-80.194085,25.958248],[-80.195293,25.958168],[-80.19526,25.957681],[-80.193376,25.957878],[-80.192762,25.958033],[-80.190925,25.955446],[-80.188738,25.95502],[-80.186439,25.955478],[-80.183614,25.954469],[-80.181956,25.955835],[-80.177465,25.955683],[-80.176255,25.954724],[-80.176728,25.95442],[-80.180561,25.951281],[-80.181423,25.950577],[-80.185097,25.94736],[-80.185712,25.947666],[-80.188781,25.949673],[-80.189565,25.950263],[-80.200012,25.957465],[-80.197675,25.957542]]]}},{"type":"Feature","properties":{"unit_id":"12086008907","name":"Census Tract 89.07","native_id":"12086008907","source":"census_tract_2025","adm3_name":"Miami-Dade County","adm3_id":"12086","area_sqm":1149060,"split":false,"population":6515.926173359228,"days_covered":18,"daytime_peak_f":102.3,"heat_anomaly_f":4.1,"extreme_pct":33.0,"nighttime_stress_f":-5.1,"daytime_peak_f_climrel":0.6155,"heat_anomaly_f_climrel":0.6155,"nighttime_stress_f_climrel":-0.3,"extreme_pct_climrel":0.825,"ref_daytime_hi_mean":98.1,"ref_daytime_hi_p95":103.4,"rwi_mean":null,"health_per_10k":1.5347012433759033,"built_frac":0.782,"tree_frac":0.045,"canopy_frac_over_3m":0.111,"viirs_mean":78.8,"gdl_hdi":0.936,"gdl_region":"Florida","ghsl_smod":30,"lst_anomaly_c":0.53,"lst_anomaly_c_climrel":0.0663,"worldpop_pop_total":5183.0,"frac_under5":3.3,"frac_elderly_65plus":28.1,"frac_elderly_75plus":15.1,"old_age_dependency_ratio":0.46,"has_data":true},"geometry":{"type":"Polygon","coordinates":[[[-80.368408,25.7613],[-80.365406,25.761399],[-80.360397,25.761549],[-80.352374,25.761657],[-80.352127,25.758101],[-80.35186,25.754449],[-80.35927,25.754375],[-80.361704,25.754314],[-80.3651,25.754316],[-80.368066,25.75428],[-80.368408,25.7613]]]}},{"type":"Feature","properties":{"unit_id":"12086013500","name":"Census Tract 135","native_id":"12086013500","source":"census_tract_2025","adm3_name":"Miami-Dade County","adm3_id":"12086","area_sqm":625907,"split":false,"population":5190.0,"days_covered":18,"daytime_peak_f":102.6,"heat_anomaly_f":4.5,"extreme_pct":28.0,"nighttime_stress_f":-4.7,"daytime_peak_f_climrel":0.6666,"heat_anomaly_f_climrel":0.6666,"nighttime_stress_f_climrel":-0.3,"extreme_pct_climrel":0.7,"ref_daytime_hi_mean":98.0,"ref_daytime_hi_p95":103.2,"rwi_mean":null,"health_per_10k":1.9267822736030829,"built_frac":0.962,"tree_frac":0.007,"canopy_frac_over_3m":0.087,"viirs_mean":133.1,"gdl_hdi":0.936,"gdl_region":"Florida","ghsl_smod":30,"lst_anomaly_c":4.35,"lst_anomaly_c_climrel":0.5437,"worldpop_pop_total":5467.0,"frac_under5":4.4,"frac_elderly_65plus":21.2,"frac_elderly_75plus":9.7,"old_age_dependency_ratio":0.327,"has_data":true},"geometry":{"type":"Polygon","coordinates":[[[-80.331668,25.884133],[-80.329303,25.88414],[-80.327493,25.884156],[-80.326727,25.884068],[-80.323534,25.884062],[-80.323404,25.880279],[-80.323306,25.87704],[-80.328976,25.876984],[-80.33135,25.877029],[-80.331535,25.881096],[-80.331668,25.884133]]]}},{"type":"Feature","properties":{"unit_id":"12086018901","name":"Census Tract 189.01","native_id":"12086018901","source":"census_tract_2025","adm3_name":"Miami-Dade County","adm3_id":"12086","area_sqm":1113870,"split":false,"population":3735.0,"days_covered":18,"daytime_peak_f":102.4,"heat_anomaly_f":4.6,"extreme_pct":33.0,"nighttime_stress_f":-5.5,"daytime_peak_f_climrel":0.6622,"heat_anomaly_f_climrel":0.6622,"nighttime_stress_f_climrel":-0.3,"extreme_pct_climrel":0.825,"ref_daytime_hi_mean":97.8,"ref_daytime_hi_p95":103.3,"rwi_mean":null,"health_per_10k":0.0,"built_frac":0.372,"tree_frac":0.497,"canopy_frac_over_3m":0.32,"viirs_mean":44.2,"gdl_hdi":0.936,"gdl_region":"Florida","ghsl_smod":30,"lst_anomaly_c":1.06,"lst_anomaly_c_climrel":0.1325,"worldpop_pop_total":3786.0,"frac_under5":3.8,"frac_elderly_65plus":25.4,"frac_elderly_75plus":10.6,"old_age_dependency_ratio":0.414,"has_data":true},"geometry":{"type":"Polygon","coordinates":[[[-80.416358,25.670796],[-80.41226,25.670931],[-80.4121,25.669545],[-80.408127,25.664727],[-80.407422,25.662992],[-80.407039,25.659091],[-80.407662,25.656536],[-80.415821,25.656355],[-80.416,25.663533],[-80.416358,25.670796]]]}},{"type":"Feature","properties":{"unit_id":"12086000121","name":"Census Tract 1.21","native_id":"12086000121","source":"census_tract_2025","adm3_name":"Miami-Dade County","adm3_id":"12086","area_sqm":233191,"split":false,"population":1249.644513331888,"days_covered":18,"daytime_peak_f":100.4,"heat_anomaly_f":3.5,"extreme_pct":17.0,"nighttime_stress_f":-2.0,"daytime_peak_f_climrel":0.5167,"heat_anomaly_f_climrel":0.5167,"nighttime_stress_f_climrel":-0.2713,"extreme_pct_climrel":0.425,"ref_daytime_hi_mean":96.9,"ref_daytime_hi_p95":102.3,"rwi_mean":null,"health_per_10k":0.0,"built_frac":0.491,"tree_frac":0.16,"canopy_frac_over_3m":0.223,"viirs_mean":64.8,"gdl_hdi":0.936,"gdl_region":"Florida","ghsl_smod":30,"lst_anomaly_c":-3.59,"lst_anomaly_c_climrel":0,"worldpop_pop_total":2247.0,"frac_under5":4.8,"frac_elderly_65plus":37.8,"frac_elderly_75plus":19.5,"old_age_dependency_ratio":0.758,"has_data":true},"geometry":{"type":"Polygon","coordinates":[[[-80.130368,25.957818],[-80.129768,25.95924],[-80.129086,25.959935],[-80.127885,25.960706],[-80.127352,25.961165],[-80.127046,25.961586],[-80.126862,25.961955],[-80.126913,25.960853],[-80.123766,25.961908],[-80.124105,25.959378],[-80.124275,25.958434],[-80.125138,25.957027],[-80.125492,25.955613],[-80.125875,25.954126],[-80.126234,25.954245],[-80.127627,25.95473],[-80.128807,25.955078],[-80.130523,25.955292],[-80.130368,25.957818]]]}},{"type":"Feature","properties":{"unit_id":"12086003916","name":"Census Tract 39.16","native_id":"12086003916","source":"census_tract_2025","adm3_name":"Miami-Dade County","adm3_id":"12086","area_sqm":1137656,"split":false,"population":886.0,"days_covered":18,"daytime_peak_f":102.4,"heat_anomaly_f":5.5,"extreme_pct":33.0,"nighttime_stress_f":-3.2,"daytime_peak_f_climrel":0.8247,"heat_anomaly_f_climrel":0.8247,"nighttime_stress_f_climrel":-0.3,"extreme_pct_climrel":0.825,"ref_daytime_hi_mean":96.9,"ref_daytime_hi_p95":102.4,"rwi_mean":null,"health_per_10k":11.28668171557562,"built_frac":0.198,"tree_frac":0.013,"canopy_frac_over_3m":0.061,"viirs_mean":32.5,"gdl_hdi":0.936,"gdl_region":"Florida","ghsl_smod":30,"lst_anomaly_c":-6.61,"lst_anomaly_c_climrel":0,"worldpop_pop_total":4097.0,"frac_under5":4.7,"frac_elderly_65plus":16.0,"frac_elderly_75plus":6.6,"old_age_dependency_ratio":0.227,"has_data":true},"geometry":{"type":"Polygon","coordinates":[[[-80.161742,25.859476],[-80.160958,25.861204],[-80.147468,25.861573],[-80.133738,25.86157],[-80.131,25.861336],[-80.128788,25.859228],[-80.128087,25.85805],[-80.129151,25.857265],[-80.132171,25.857225],[-80.133531,25.856431],[-80.135751,25.855151],[-80.138421,25.854368],[-80.140166,25.854098],[-80.14002,25.85133],[-80.140317,25.84911],[-80.136624,25.849312],[-80.136374,25.847603],[-80.143168,25.843374],[-80.143452,25.847583],[-80.14508,25.84926],[-80.148508,25.852174],[-80.148968,25.852573],[-80.153368,25.856073],[-80.16138,25.855786],[-80.163468,25.855673],[-80.161742,25.859476]]]}},{"type":"Feature","properties":{"unit_id":"12086019802","name":"Census Tract 198.02","native_id":"12086019802","source":"census_tract_2025","adm3_name":"Miami-Dade County","adm3_id":"12086","area_sqm":1372538,"split":false,"population":2995.0,"days_covered":18,"daytime_peak_f":101.6,"heat_anomaly_f":4.2,"extreme_pct":22.0,"nighttime_stress_f":-6.1,"daytime_peak_f_climrel":0.5768,"heat_anomaly_f_climrel":0.5768,"nighttime_stress_f_climrel":-0.3,"extreme_pct_climrel":0.55,"ref_daytime_hi_mean":97.4,"ref_daytime_hi_p95":103.0,"rwi_mean":null,"health_per_10k":0.0,"built_frac":0.871,"tree_frac":0.049,"canopy_frac_over_3m":0.136,"viirs_mean":38.6,"gdl_hdi":0.936,"gdl_region":"Florida","ghsl_smod":30,"lst_anomaly_c":-2.3,"lst_anomaly_c_climrel":0,"worldpop_pop_total":5012.0,"frac_under5":4.0,"frac_elderly_65plus":17.1,"frac_elderly_75plus":7.1,"old_age_dependency_ratio":0.253,"has_data":true},"geometry":{"type":"Polygon","coordinates":[[[-80.438158,25.61078],[-80.430016,25.611134],[-80.429932,25.607378],[-80.429868,25.603668],[-80.429791,25.600556],[-80.429776,25.599893],[-80.429685,25.595954],[-80.434092,25.595743],[-80.437707,25.595674],[-80.437771,25.595901],[-80.437938,25.602506],[-80.437964,25.603467],[-80.438158,25.61078]]]}},{"type":"Feature","properties":{"unit_id":"12086005201","name":"Census Tract 52.01","native_id":"12086005201","source":"census_tract_2025","adm3_name":"Miami-Dade County","adm3_id":"12086","area_sqm":602648,"split":false,"population":4159.0,"days_covered":18,"daytime_peak_f":101.9,"heat_anomaly_f":5.5,"extreme_pct":39.0,"nighttime_stress_f":-3.1,"daytime_peak_f_climrel":0.8322,"heat_anomaly_f_climrel":0.8322,"nighttime_stress_f_climrel":-0.3,"extreme_pct_climrel":0.975,"ref_daytime_hi_mean":96.4,"ref_daytime_hi_p95":101.7,"rwi_mean":null,"health_per_10k":4.80884828083674,"built_frac":0.921,"tree_frac":0.031,"canopy_frac_over_3m":0.133,"viirs_mean":139.5,"gdl_hdi":0.936,"gdl_region":"Florida","ghsl_smod":30,"lst_anomaly_c":1.32,"lst_anomaly_c_climrel":0.165,"worldpop_pop_total":6249.0,"frac_under5":4.9,"frac_elderly_65plus":19.7,"frac_elderly_75plus":8.1,"old_age_dependency_ratio":0.307,"has_data":true},"geometry":{"type":"Polygon","coordinates":[[[-80.222913,25.776285],[-80.222857,25.778116],[-80.222519,25.77996],[-80.214829,25.780183],[-80.214746,25.776438],[-80.21466,25.773527],[-80.218005,25.773403],[-80.219693,25.773332],[-80.222182,25.773272],[-80.222861,25.773095],[-80.222913,25.776285]]]}},{"type":"Feature","properties":{"unit_id":"12086011014","name":"Census Tract 110.14","native_id":"12086011014","source":"census_tract_2025","adm3_name":"Miami-Dade County","adm3_id":"12086","area_sqm":2281355,"split":false,"population":2486.0,"days_covered":18,"daytime_peak_f":101.3,"heat_anomaly_f":3.8,"extreme_pct":28.0,"nighttime_stress_f":-6.7,"daytime_peak_f_climrel":0.5456,"heat_anomaly_f_climrel":0.5456,"nighttime_stress_f_climrel":-0.3,"extreme_pct_climrel":0.7,"ref_daytime_hi_mean":97.6,"ref_daytime_hi_p95":102.6,"rwi_mean":null,"health_per_10k":0.0,"built_frac":0.476,"tree_frac":0.081,"canopy_frac_over_3m":0.133,"viirs_mean":50.0,"gdl_hdi":0.936,"gdl_region":"Florida","ghsl_smod":30,"lst_anomaly_c":null,"lst_anomaly_c_climrel":null,"worldpop_pop_total":7428.0,"frac_under5":6.2,"frac_elderly_65plus":16.4,"frac_elderly_75plus":7.0,"old_age_dependency_ratio":0.259,"has_data":true},"geometry":{"type":"Polygon","coordinates":[[[-80.461844,25.462574],[-80.452519,25.469064],[-80.45098,25.470092],[-80.439348,25.477495],[-80.436271,25.477488],[-80.436236,25.470193],[-80.436202,25.462624],[-80.444329,25.462542],[-80.452348,25.462708],[-80.460799,25.462571],[-80.461844,25.462574]]]}},{"type":"Feature","properties":{"unit_id":"12086000220","name":"Census Tract 2.20","native_id":"12086000220","source":"census_tract_2025","adm3_name":"Miami-Dade County","adm3_id":"12086","area_sqm":1311245,"split":false,"population":3768.0,"days_covered":18,"daytime_peak_f":102.2,"heat_anomaly_f":5.4,"extreme_pct":33.0,"nighttime_stress_f":-2.9,"daytime_peak_f_climrel":0.8011,"heat_anomaly_f_climrel":0.8011,"nighttime_stress_f_climrel":-0.3,"extreme_pct_climrel":0.825,"ref_daytime_hi_mean":96.9,"ref_daytime_hi_p95":102.4,"rwi_mean":null,"health_per_10k":0.0,"built_frac":0.536,"tree_frac":0.426,"canopy_frac_over_3m":0.286,"viirs_mean":56.1,"gdl_hdi":0.936,"gdl_region":"Florida","ghsl_smod":30,"lst_anomaly_c":1.8,"lst_anomaly_c_climrel":0.225,"worldpop_pop_total":5250.0,"frac_under5":6.1,"frac_elderly_65plus":15.9,"frac_elderly_75plus":5.0,"old_age_dependency_ratio":0.238,"has_data":true},"geometry":{"type":"Polygon","coordinates":[[[-80.18685,25.899457],[-80.178809,25.899762],[-80.174786,25.899934],[-80.170756,25.900098],[-80.16681,25.900268],[-80.163128,25.900344],[-80.166602,25.896842],[-80.168899,25.894314],[-80.17065,25.890751],[-80.170875,25.890828],[-80.170425,25.891797],[-80.170518,25.894604],[-80.178536,25.894253],[-80.186595,25.893915],[-80.18685,25.899457]]]}},{"type":"Feature","properties":{"unit_id":"12086016800","name":"Census Tract 168","native_id":"12086016800","source":"census_tract_2025","adm3_name":"Miami-Dade County","adm3_id":"12086","area_sqm":1812671,"split":false,"population":8007.0,"days_covered":18,"daytime_peak_f":102.4,"heat_anomaly_f":4.6,"extreme_pct":33.0,"nighttime_stress_f":-5.5,"daytime_peak_f_climrel":0.6622,"heat_anomaly_f_climrel":0.6622,"nighttime_stress_f_climrel":-0.3,"extreme_pct_climrel":0.825,"ref_daytime_hi_mean":97.8,"ref_daytime_hi_p95":103.3,"rwi_mean":null,"health_per_10k":1.2489072061945796,"built_frac":0.374,"tree_frac":0.118,"canopy_frac_over_3m":0.151,"viirs_mean":52.9,"gdl_hdi":0.936,"gdl_region":"Florida","ghsl_smod":30,"lst_anomaly_c":-2.5,"lst_anomaly_c_climrel":0,"worldpop_pop_total":4622.0,"frac_under5":3.6,"frac_elderly_65plus":25.4,"frac_elderly_75plus":11.1,"old_age_dependency_ratio":0.409,"has_data":true},"geometry":{"type":"Polygon","coordinates":[[[-80.431068,25.713879],[-80.427107,25.713986],[-80.423081,25.714111],[-80.419082,25.714272],[-80.415105,25.714388],[-80.414909,25.709712],[-80.415858,25.709684],[-80.417538,25.709176],[-80.420557,25.709678],[-80.421485,25.709425],[-80.424618,25.707922],[-80.425358,25.707071],[-80.425518,25.706257],[-80.424817,25.704896],[-80.422995,25.70442],[-80.420121,25.705918],[-80.41825,25.705694],[-80.416254,25.705169],[-80.414739,25.705175],[-80.414508,25.699951],[-80.422519,25.699714],[-80.430489,25.699445],[-80.430643,25.703276],[-80.431068,25.713879]]]}},{"type":"Feature","properties":{"unit_id":"12086002709","name":"Census Tract 27.09","native_id":"12086002709","source":"census_tract_2025","adm3_name":"Miami-Dade County","adm3_id":"12086","area_sqm":172701,"split":false,"population":17254.0,"days_covered":18,"daytime_peak_f":101.9,"heat_anomaly_f":5.5,"extreme_pct":39.0,"nighttime_stress_f":-3.1,"daytime_peak_f_climrel":0.8322,"heat_anomaly_f_climrel":0.8322,"nighttime_stress_f_climrel":-0.3,"extreme_pct_climrel":0.975,"ref_daytime_hi_mean":96.4,"ref_daytime_hi_p95":101.7,"rwi_mean":null,"health_per_10k":0.0,"built_frac":0.305,"tree_frac":0.039,"canopy_frac_over_3m":0.08,"viirs_mean":106.6,"gdl_hdi":0.936,"gdl_region":"Florida","ghsl_smod":30,"lst_anomaly_c":-5.98,"lst_anomaly_c_climrel":0,"worldpop_pop_total":6260.0,"frac_under5":4.7,"frac_elderly_65plus":7.7,"frac_elderly_75plus":2.6,"old_age_dependency_ratio":0.092,"has_data":true},"geometry":{"type":"Polygon","coordinates":[[[-80.189056,25.797136],[-80.187017,25.797144],[-80.182634,25.797149],[-80.18259,25.791901],[-80.185442,25.791917],[-80.187095,25.791904],[-80.187095,25.792014],[-80.188964,25.792338],[-80.188996,25.793586],[-80.189015,25.794835],[-80.189052,25.796194],[-80.189056,25.797136]]]}},{"type":"Feature","properties":{"unit_id":"12086010900","name":"Census Tract 109","native_id":"12086010900","source":"census_tract_2025","adm3_name":"Miami-Dade County","adm3_id":"12086","area_sqm":2158040,"split":false,"population":7771.0,"days_covered":18,"daytime_peak_f":101.3,"heat_anomaly_f":3.8,"extreme_pct":28.0,"nighttime_stress_f":-6.7,"daytime_peak_f_climrel":0.5456,"heat_anomaly_f_climrel":0.5456,"nighttime_stress_f_climrel":-0.3,"extreme_pct_climrel":0.7,"ref_daytime_hi_mean":97.6,"ref_daytime_hi_p95":102.6,"rwi_mean":null,"health_per_10k":0.0,"built_frac":0.43,"tree_frac":0.149,"canopy_frac_over_3m":0.183,"viirs_mean":54.3,"gdl_hdi":0.936,"gdl_region":"Florida","ghsl_smod":30,"lst_anomaly_c":null,"lst_anomaly_c_climrel":null,"worldpop_pop_total":7967.0,"frac_under5":6.7,"frac_elderly_65plus":14.2,"frac_elderly_75plus":5.4,"old_age_dependency_ratio":0.219,"has_data":true},"geometry":{"type":"Polygon","coordinates":[[[-80.453823,25.491978],[-80.446247,25.499338],[-80.439044,25.50669],[-80.436908,25.506757],[-80.436914,25.503076],[-80.436951,25.499448],[-80.428858,25.499505],[-80.428638,25.49219],[-80.436683,25.492123],[-80.444894,25.492034],[-80.451981,25.491994],[-80.453823,25.491978]]]}},{"type":"Feature","properties":{"unit_id":"12086000109","name":"Census Tract 1.09","native_id":"12086000109","source":"census_tract_2025","adm3_name":"Miami-Dade County","adm3_id":"12086","area_sqm":6965266,"split":false,"population":7479.0,"days_covered":18,"daytime_peak_f":102.4,"heat_anomaly_f":5.5,"extreme_pct":33.0,"nighttime_stress_f":-3.2,"daytime_peak_f_climrel":0.8247,"heat_anomaly_f_climrel":0.8247,"nighttime_stress_f_climrel":-0.3,"extreme_pct_climrel":0.825,"ref_daytime_hi_mean":96.9,"ref_daytime_hi_p95":102.4,"rwi_mean":null,"health_per_10k":2.6741542987030353,"built_frac":0.2,"tree_frac":0.156,"canopy_frac_over_3m":0.483,"viirs_mean":49.5,"gdl_hdi":0.936,"gdl_region":"Florida","ghsl_smod":30,"lst_anomaly_c":-5.98,"lst_anomaly_c_climrel":0,"worldpop_pop_total":3155.0,"frac_under5":4.1,"frac_elderly_65plus":11.0,"frac_elderly_75plus":3.4,"old_age_dependency_ratio":0.146,"has_data":true},"geometry":{"type":"Polygon","coordinates":[[[-80.163128,25.900344],[-80.159713,25.904206],[-80.158976,25.906111],[-80.157727,25.915035],[-80.15425,25.926124],[-80.153735,25.926117],[-80.150576,25.925916],[-80.149351,25.92598],[-80.14414,25.926246],[-80.13975,25.926465],[-80.134751,25.928781],[-80.132129,25.929803],[-80.130734,25.929832],[-80.130466,25.929818],[-80.130295,25.926243],[-80.129887,25.922843],[-80.12862,25.921049],[-80.126192,25.917921],[-80.125849,25.908858],[-80.128619,25.905121],[-80.128555,25.903081],[-80.130504,25.899823],[-80.131673,25.899901],[-80.13825,25.900342],[-80.142331,25.901074],[-80.146588,25.90089],[-80.149079,25.900362],[-80.156561,25.900057],[-80.159646,25.899942],[-80.160539,25.899932],[-80.161852,25.900012],[-80.162922,25.900314],[-80.163128,25.900344]]]}},{"type":"Feature","properties":{"unit_id":"12086009907","name":"Census Tract 99.07","native_id":"12086009907","source":"census_tract_2025","adm3_name":"Miami-Dade County","adm3_id":"12086","area_sqm":1254505,"split":false,"population":4616.0,"days_covered":18,"daytime_peak_f":102.0,"heat_anomaly_f":5.1,"extreme_pct":33.0,"nighttime_stress_f":-3.1,"daytime_peak_f_climrel":0.7587,"heat_anomaly_f_climrel":0.7587,"nighttime_stress_f_climrel":-0.3,"extreme_pct_climrel":0.825,"ref_daytime_hi_mean":96.8,"ref_daytime_hi_p95":102.3,"rwi_mean":null,"health_per_10k":0.0,"built_frac":0.609,"tree_frac":0.076,"canopy_frac_over_3m":0.136,"viirs_mean":49.8,"gdl_hdi":0.936,"gdl_region":"Florida","ghsl_smod":30,"lst_anomaly_c":0.7,"lst_anomaly_c_climrel":0.0875,"worldpop_pop_total":4634.0,"frac_under5":5.3,"frac_elderly_65plus":15.1,"frac_elderly_75plus":4.7,"old_age_dependency_ratio":0.227,"has_data":true},"geometry":{"type":"Polygon","coordinates":[[[-80.229267,25.965366],[-80.220382,25.965639],[-80.21405,25.96583],[-80.214053,25.96523],[-80.205913,25.965563],[-80.205752,25.959531],[-80.21398,25.959855],[-80.229159,25.960462],[-80.229267,25.965366]]]}},{"type":"Feature","properties":{"unit_id":"12086012501","name":"Census Tract 125.01","native_id":"12086012501","source":"census_tract_2025","adm3_name":"Miami-Dade County","adm3_id":"12086","area_sqm":10418926,"split":false,"population":1181.0,"days_covered":18,"daytime_peak_f":101.7,"heat_anomaly_f":3.6,"extreme_pct":17.0,"nighttime_stress_f":-4.8,"daytime_peak_f_climrel":0.5257,"heat_anomaly_f_climrel":0.5257,"nighttime_stress_f_climrel":-0.3,"extreme_pct_climrel":0.425,"ref_daytime_hi_mean":98.1,"ref_daytime_hi_p95":103.0,"rwi_mean":null,"health_per_10k":0.0,"built_frac":0.247,"tree_frac":0.157,"canopy_frac_over_3m":0.143,"viirs_mean":43.2,"gdl_hdi":0.936,"gdl_region":"Florida","ghsl_smod":11,"lst_anomaly_c":-3.94,"lst_anomaly_c_climrel":0,"worldpop_pop_total":2347.0,"frac_under5":3.2,"frac_elderly_65plus":23.7,"frac_elderly_75plus":10.6,"old_age_dependency_ratio":0.363,"has_data":true},"geometry":{"type":"Polygon","coordinates":[[[-80.421219,25.927743],[-80.42005,25.927606],[-80.375488,25.927788],[-80.373736,25.927773],[-80.372454,25.898776],[-80.356417,25.898747],[-80.356167,25.895155],[-80.355996,25.891501],[-80.359175,25.891033],[-80.364102,25.890591],[-80.363957,25.887263],[-80.363333,25.886744],[-80.365726,25.886641],[-80.366317,25.886677],[-80.371576,25.890566],[-80.385498,25.90081],[-80.38564,25.900462],[-80.422334,25.927545],[-80.421219,25.927743]]]}},{"type":"Feature","properties":{"unit_id":"12086980500","name":"Census Tract 9805","native_id":"12086980500","source":"census_tract_2025","adm3_name":"Miami-Dade County","adm3_id":"12086","area_sqm":15602174,"split":false,"population":24177.0,"days_covered":18,"daytime_peak_f":102.1,"heat_anomaly_f":4.6,"extreme_pct":44.0,"nighttime_stress_f":-4.1,"daytime_peak_f_climrel":0.6814,"heat_anomaly_f_climrel":0.6814,"nighttime_stress_f_climrel":-0.3,"extreme_pct_climrel":1,"ref_daytime_hi_mean":97.5,"ref_daytime_hi_p95":102.7,"rwi_mean":null,"health_per_10k":0.0,"built_frac":0.701,"tree_frac":0.018,"canopy_frac_over_3m":0.048,"viirs_mean":119.3,"gdl_hdi":0.936,"gdl_region":"Florida","ghsl_smod":30,"lst_anomaly_c":-0.09,"lst_anomaly_c_climrel":0,"worldpop_pop_total":1576.0,"frac_under5":3.8,"frac_elderly_65plus":5.0,"frac_elderly_75plus":1.6,"old_age_dependency_ratio":0.06,"has_data":true},"geometry":{"type":"Polygon","coordinates":[[[-80.318891,25.786243],[-80.318036,25.787862],[-80.316414,25.788635],[-80.308868,25.78875],[-80.309177,25.807391],[-80.309359,25.808934],[-80.309809,25.834938],[-80.309335,25.836825],[-80.306048,25.839091],[-80.305816,25.833449],[-80.305623,25.826205],[-80.305467,25.820756],[-80.305314,25.815311],[-80.305234,25.812186],[-80.305295,25.81167],[-80.304827,25.806678],[-80.304324,25.806919],[-80.297237,25.807469],[-80.28917,25.807599],[-80.28092,25.807872],[-80.277578,25.807996],[-80.268871,25.808263],[-80.262673,25.808437],[-80.261872,25.808468],[-80.258426,25.805959],[-80.244241,25.795341],[-80.247206,25.794865],[-80.247991,25.79464],[-80.251305,25.79469],[-80.256168,25.7944],[-80.262506,25.793948],[-80.264807,25.793365],[-80.265461,25.792949],[-80.268525,25.790001],[-80.270961,25.787248],[-80.274176,25.783728],[-80.274254,25.783561],[-80.274274,25.783517],[-80.276399,25.781158],[-80.279064,25.779549],[-80.282201,25.779595],[-80.28842,25.780834],[-80.292392,25.779828],[-80.29614,25.777717],[-80.307906,25.772373],[-80.307966,25.772266],[-80.308214,25.77217],[-80.308744,25.771933],[-80.308923,25.771885],[-80.309275,25.77171],[-80.309678,25.771533],[-80.309722,25.7715],[-80.309762,25.77366],[-80.308669,25.777264],[-80.308659,25.781634],[-80.308668,25.78197],[-80.308841,25.784815],[-80.317646,25.784588],[-80.318347,25.784897],[-80.318891,25.786243]]]}},{"type":"Feature","properties":{"unit_id":"12086008422","name":"Census Tract 84.22","native_id":"12086008422","source":"census_tract_2025","adm3_name":"Miami-Dade County","adm3_id":"12086","area_sqm":1447159,"split":false,"population":2787.0,"days_covered":18,"daytime_peak_f":102.2,"heat_anomaly_f":5.2,"extreme_pct":28.0,"nighttime_stress_f":-3.6,"daytime_peak_f_climrel":0.7489,"heat_anomaly_f_climrel":0.7489,"nighttime_stress_f_climrel":-0.3,"extreme_pct_climrel":0.7,"ref_daytime_hi_mean":97.0,"ref_daytime_hi_p95":102.0,"rwi_mean":null,"health_per_10k":0.0,"built_frac":0.638,"tree_frac":0.191,"canopy_frac_over_3m":0.18,"viirs_mean":52.0,"gdl_hdi":0.936,"gdl_region":"Florida","ghsl_smod":30,"lst_anomaly_c":-0.03,"lst_anomaly_c_climrel":0,"worldpop_pop_total":3115.0,"frac_under5":4.3,"frac_elderly_65plus":24.1,"frac_elderly_75plus":10.2,"old_age_dependency_ratio":0.39,"has_data":true},"geometry":{"type":"Polygon","coordinates":[[[-80.364678,25.701142],[-80.358137,25.701346],[-80.350143,25.70163],[-80.342124,25.701975],[-80.337844,25.702158],[-80.341116,25.698745],[-80.342681,25.696033],[-80.345211,25.69409],[-80.347061,25.692069],[-80.349922,25.693534],[-80.356547,25.696961],[-80.363945,25.700834],[-80.364678,25.701142]]]}},{"type":"Feature","properties":{"unit_id":"12086011602","name":"Census Tract 116.02","native_id":"12086011602","source":"census_tract_2025","adm3_name":"Miami-Dade County","adm3_id":"12086","area_sqm":1130077,"split":false,"population":7445.0,"days_covered":18,"daytime_peak_f":102.6,"heat_anomaly_f":4.5,"extreme_pct":28.0,"nighttime_stress_f":-4.7,"daytime_peak_f_climrel":0.6666,"heat_anomaly_f_climrel":0.6666,"nighttime_stress_f_climrel":-0.3,"extreme_pct_climrel":0.7,"ref_daytime_hi_mean":98.0,"ref_daytime_hi_p95":103.2,"rwi_mean":null,"health_per_10k":1.343183344526528,"built_frac":0.793,"tree_frac":0.069,"canopy_frac_over_3m":0.155,"viirs_mean":98.0,"gdl_hdi":0.936,"gdl_region":"Florida","ghsl_smod":30,"lst_anomaly_c":3.77,"lst_anomaly_c_climrel":0.4713,"worldpop_pop_total":5045.0,"frac_under5":5.5,"frac_elderly_65plus":11.7,"frac_elderly_75plus":4.0,"old_age_dependency_ratio":0.163,"has_data":true},"geometry":{"type":"Polygon","coordinates":[[[-80.309659,25.930212],[-80.304717,25.931034],[-80.303746,25.931859],[-80.303132,25.931551],[-80.300226,25.931246],[-80.300413,25.939544],[-80.299839,25.940548],[-80.296618,25.939358],[-80.293856,25.939286],[-80.293444,25.930547],[-80.293345,25.92813],[-80.300112,25.927885],[-80.309624,25.927845],[-80.309596,25.928854],[-80.309659,25.930212]]]}},{"type":"Feature","properties":{"unit_id":"12086000226","name":"Census Tract 2.26","native_id":"12086000226","source":"census_tract_2025","adm3_name":"Miami-Dade County","adm3_id":"12086","area_sqm":936565,"split":false,"population":5414.0,"days_covered":18,"daytime_peak_f":102.2,"heat_anomaly_f":5.4,"extreme_pct":33.0,"nighttime_stress_f":-2.9,"daytime_peak_f_climrel":0.8011,"heat_anomaly_f_climrel":0.8011,"nighttime_stress_f_climrel":-0.3,"extreme_pct_climrel":0.825,"ref_daytime_hi_mean":96.9,"ref_daytime_hi_p95":102.4,"rwi_mean":null,"health_per_10k":0.0,"built_frac":0.664,"tree_frac":0.199,"canopy_frac_over_3m":0.157,"viirs_mean":65.4,"gdl_hdi":0.936,"gdl_region":"Florida","ghsl_smod":30,"lst_anomaly_c":2.25,"lst_anomaly_c_climrel":0.2812,"worldpop_pop_total":2830.0,"frac_under5":6.7,"frac_elderly_65plus":27.1,"frac_elderly_75plus":11.4,"old_age_dependency_ratio":0.526,"has_data":true},"geometry":{"type":"Polygon","coordinates":[[[-80.180802,25.943329],[-80.180333,25.943611],[-80.180184,25.943618],[-80.174156,25.936711],[-80.171695,25.93382],[-80.172345,25.933867],[-80.172251,25.93117],[-80.172206,25.929254],[-80.1762,25.929094],[-80.180231,25.928929],[-80.180338,25.931677],[-80.180529,25.936309],[-80.180578,25.937694],[-80.180592,25.938133],[-80.180802,25.943329]]]}},{"type":"Feature","properties":{"unit_id":"12086000129","name":"Census Tract 1.29","native_id":"12086000129","source":"census_tract_2025","adm3_name":"Miami-Dade County","adm3_id":"12086","area_sqm":305099,"split":false,"population":481.0,"days_covered":18,"daytime_peak_f":102.4,"heat_anomaly_f":5.5,"extreme_pct":33.0,"nighttime_stress_f":-3.2,"daytime_peak_f_climrel":0.8247,"heat_anomaly_f_climrel":0.8247,"nighttime_stress_f_climrel":-0.3,"extreme_pct_climrel":0.825,"ref_daytime_hi_mean":96.9,"ref_daytime_hi_p95":102.4,"rwi_mean":null,"health_per_10k":0.0,"built_frac":0.181,"tree_frac":0.107,"canopy_frac_over_3m":0.124,"viirs_mean":51.8,"gdl_hdi":0.936,"gdl_region":"Florida","ghsl_smod":30,"lst_anomaly_c":-7.97,"lst_anomaly_c_climrel":0,"worldpop_pop_total":2514.0,"frac_under5":2.3,"frac_elderly_65plus":54.5,"frac_elderly_75plus":27.1,"old_age_dependency_ratio":1.409,"has_data":true},"geometry":{"type":"Polygon","coordinates":[[[-80.139336,25.938431],[-80.139224,25.940508],[-80.136745,25.940041],[-80.136444,25.94048],[-80.137349,25.94249],[-80.137536,25.944307],[-80.138432,25.945038],[-80.137638,25.945111],[-80.137142,25.943894],[-80.137164,25.945183],[-80.13531,25.94525],[-80.135376,25.946602],[-80.135383,25.948154],[-80.134753,25.948689],[-80.134463,25.94941],[-80.128315,25.948982],[-80.127409,25.947031],[-80.127869,25.944515],[-80.131294,25.939615],[-80.131684,25.938253],[-80.133013,25.938368],[-80.133781,25.938342],[-80.139322,25.938182],[-80.139336,25.938431]]]}},{"type":"Feature","properties":{"unit_id":"12086008425","name":"Census Tract 84.25","native_id":"12086008425","source":"census_tract_2025","adm3_name":"Miami-Dade County","adm3_id":"12086","area_sqm":1532764,"split":false,"population":3421.0,"days_covered":18,"daytime_peak_f":102.4,"heat_anomaly_f":4.6,"extreme_pct":33.0,"nighttime_stress_f":-5.5,"daytime_peak_f_climrel":0.6622,"heat_anomaly_f_climrel":0.6622,"nighttime_stress_f_climrel":-0.3,"extreme_pct_climrel":0.825,"ref_daytime_hi_mean":97.8,"ref_daytime_hi_p95":103.3,"rwi_mean":null,"health_per_10k":20.46185325928091,"built_frac":0.456,"tree_frac":0.322,"canopy_frac_over_3m":0.262,"viirs_mean":54.0,"gdl_hdi":0.936,"gdl_region":"Florida","ghsl_smod":30,"lst_anomaly_c":null,"lst_anomaly_c_climrel":null,"worldpop_pop_total":2329.0,"frac_under5":4.1,"frac_elderly_65plus":27.1,"frac_elderly_75plus":12.5,"old_age_dependency_ratio":0.444,"has_data":true},"geometry":{"type":"Polygon","coordinates":[[[-80.378445,25.675027],[-80.37775,25.678],[-80.37613,25.678771],[-80.376186,25.680318],[-80.376411,25.68665],[-80.375875,25.68667],[-80.372996,25.686764],[-80.36988,25.686863],[-80.365855,25.686978],[-80.365995,25.685565],[-80.368054,25.682647],[-80.368064,25.679694],[-80.367697,25.672411],[-80.369882,25.672315],[-80.375753,25.67215],[-80.378294,25.672062],[-80.378445,25.675027]]]}},{"type":"Feature","properties":{"unit_id":"12086003001","name":"Census Tract 30.01","native_id":"12086003001","source":"census_tract_2025","adm3_name":"Miami-Dade County","adm3_id":"12086","area_sqm":1259645,"split":false,"population":7041.0,"days_covered":18,"daytime_peak_f":101.9,"heat_anomaly_f":5.5,"extreme_pct":39.0,"nighttime_stress_f":-3.1,"daytime_peak_f_climrel":0.8322,"heat_anomaly_f_climrel":0.8322,"nighttime_stress_f_climrel":-0.3,"extreme_pct_climrel":0.975,"ref_daytime_hi_mean":96.4,"ref_daytime_hi_p95":101.7,"rwi_mean":null,"health_per_10k":9.941769634995028,"built_frac":0.773,"tree_frac":0.159,"canopy_frac_over_3m":0.209,"viirs_mean":154.1,"gdl_hdi":0.936,"gdl_region":"Florida","ghsl_smod":30,"lst_anomaly_c":1.39,"lst_anomaly_c_climrel":0.1737,"worldpop_pop_total":3504.0,"frac_under5":4.2,"frac_elderly_65plus":27.0,"frac_elderly_75plus":13.4,"old_age_dependency_ratio":0.438,"has_data":true},"geometry":{"type":"Polygon","coordinates":[[[-80.215166,25.795],[-80.213117,25.795072],[-80.207018,25.79524],[-80.206966,25.79157],[-80.206952,25.788971],[-80.206912,25.787879],[-80.206794,25.784347],[-80.206742,25.781443],[-80.206424,25.778584],[-80.206915,25.778289],[-80.209301,25.779526],[-80.209938,25.780166],[-80.212003,25.781627],[-80.214683,25.782562],[-80.214562,25.784026],[-80.214859,25.785502],[-80.214951,25.786009],[-80.215003,25.787594],[-80.215166,25.795]]]}},{"type":"Feature","properties":{"unit_id":"12086004208","name":"Census Tract 42.08","native_id":"12086004208","source":"census_tract_2025","adm3_name":"Miami-Dade County","adm3_id":"12086","area_sqm":120090,"split":false,"population":593.4308022396492,"days_covered":18,"daytime_peak_f":102.9,"heat_anomaly_f":6.1,"extreme_pct":44.0,"nighttime_stress_f":-3.1,"daytime_peak_f_climrel":0.9278,"heat_anomaly_f_climrel":0.9278,"nighttime_stress_f_climrel":-0.3,"extreme_pct_climrel":1,"ref_daytime_hi_mean":96.9,"ref_daytime_hi_p95":102.1,"rwi_mean":null,"health_per_10k":0.0,"built_frac":0.928,"tree_frac":0.017,"canopy_frac_over_3m":0.127,"viirs_mean":151.5,"gdl_hdi":0.936,"gdl_region":"Florida","ghsl_smod":30,"lst_anomaly_c":1.93,"lst_anomaly_c_climrel":0.2412,"worldpop_pop_total":1138.0,"frac_under5":2.3,"frac_elderly_65plus":20.6,"frac_elderly_75plus":9.9,"old_age_dependency_ratio":0.279,"has_data":true},"geometry":{"type":"Polygon","coordinates":[[[-80.145045,25.791606],[-80.143674,25.79204],[-80.141278,25.79204],[-80.141209,25.790437],[-80.14116,25.788899],[-80.143573,25.788854],[-80.145025,25.788884],[-80.144752,25.790316],[-80.145045,25.791606]]]}},{"type":"Feature","properties":{"unit_id":"12086010025","name":"Census Tract 100.25","native_id":"12086010025","source":"census_tract_2025","adm3_name":"Miami-Dade County","adm3_id":"12086","area_sqm":1697309,"split":false,"population":4161.0,"days_covered":18,"daytime_peak_f":103.3,"heat_anomaly_f":5.4,"extreme_pct":33.0,"nighttime_stress_f":-5.5,"daytime_peak_f_climrel":0.7702,"heat_anomaly_f_climrel":0.7702,"nighttime_stress_f_climrel":-0.3,"extreme_pct_climrel":0.825,"ref_daytime_hi_mean":97.9,"ref_daytime_hi_p95":103.4,"rwi_mean":null,"health_per_10k":0.0,"built_frac":0.611,"tree_frac":0.058,"canopy_frac_over_3m":0.103,"viirs_mean":39.9,"gdl_hdi":0.936,"gdl_region":"Florida","ghsl_smod":30,"lst_anomaly_c":2.04,"lst_anomaly_c_climrel":0.255,"worldpop_pop_total":4530.0,"frac_under5":5.0,"frac_elderly_65plus":21.5,"frac_elderly_75plus":10.4,"old_age_dependency_ratio":0.35,"has_data":true},"geometry":{"type":"Polygon","coordinates":[[[-80.262482,25.971299],[-80.262198,25.971306],[-80.246924,25.97187],[-80.246717,25.965743],[-80.246674,25.964343],[-80.246662,25.964258],[-80.246512,25.961126],[-80.247697,25.961147],[-80.254269,25.961417],[-80.262269,25.961758],[-80.262568,25.971296],[-80.262482,25.971299]]]}},{"type":"Feature","properties":{"unit_id":"12086000134","name":"Census Tract 1.34","native_id":"12086000134","source":"census_tract_2025","adm3_name":"Miami-Dade County","adm3_id":"12086","area_sqm":1601678,"split":false,"population":9021.0,"days_covered":18,"daytime_peak_f":100.4,"heat_anomaly_f":3.5,"extreme_pct":17.0,"nighttime_stress_f":-2.0,"daytime_peak_f_climrel":0.5167,"heat_anomaly_f_climrel":0.5167,"nighttime_stress_f_climrel":-0.2713,"extreme_pct_climrel":0.425,"ref_daytime_hi_mean":96.9,"ref_daytime_hi_p95":102.3,"rwi_mean":null,"health_per_10k":5.5426227690943355,"built_frac":0.818,"tree_frac":0.08,"canopy_frac_over_3m":0.179,"viirs_mean":133.5,"gdl_hdi":0.936,"gdl_region":"Florida","ghsl_smod":30,"lst_anomaly_c":2.16,"lst_anomaly_c_climrel":0.27,"worldpop_pop_total":4343.0,"frac_under5":4.1,"frac_elderly_65plus":31.5,"frac_elderly_75plus":15.7,"old_age_dependency_ratio":0.56,"has_data":true},"geometry":{"type":"Polygon","coordinates":[[[-80.147864,25.974408],[-80.143501,25.974511],[-80.142125,25.974676],[-80.144513,25.969035],[-80.141744,25.969061],[-80.141636,25.967298],[-80.133685,25.967578],[-80.133792,25.96638],[-80.137224,25.96664],[-80.139479,25.965291],[-80.139576,25.961732],[-80.139538,25.961071],[-80.139354,25.957305],[-80.138484,25.953605],[-80.140998,25.953292],[-80.145296,25.955003],[-80.14721,25.955073],[-80.14726,25.955771],[-80.147497,25.963578],[-80.147503,25.963733],[-80.147864,25.974408]]]}},{"type":"Feature","properties":{"unit_id":"12086020001","name":"Census Tract 200.01","native_id":"12086020001","source":"census_tract_2025","adm3_name":"Miami-Dade County","adm3_id":"12086","area_sqm":571525,"split":false,"population":2083.0,"days_covered":18,"daytime_peak_f":101.6,"heat_anomaly_f":4.2,"extreme_pct":22.0,"nighttime_stress_f":-6.1,"daytime_peak_f_climrel":0.5768,"heat_anomaly_f_climrel":0.5768,"nighttime_stress_f_climrel":-0.3,"extreme_pct_climrel":0.55,"ref_daytime_hi_mean":97.4,"ref_daytime_hi_p95":103.0,"rwi_mean":null,"health_per_10k":0.0,"built_frac":0.898,"tree_frac":0.029,"canopy_frac_over_3m":0.095,"viirs_mean":33.6,"gdl_hdi":0.936,"gdl_region":"Florida","ghsl_smod":30,"lst_anomaly_c":0.9,"lst_anomaly_c_climrel":0.1125,"worldpop_pop_total":2806.0,"frac_under5":4.1,"frac_elderly_65plus":20.4,"frac_elderly_75plus":8.2,"old_age_dependency_ratio":0.309,"has_data":true},"geometry":{"type":"Polygon","coordinates":[[[-80.430016,25.611134],[-80.423068,25.611315],[-80.422653,25.610853],[-80.420539,25.610896],[-80.422465,25.608743],[-80.42633,25.604418],[-80.429791,25.600556],[-80.429868,25.603668],[-80.429932,25.607378],[-80.430016,25.611134]]]}},{"type":"Feature","properties":{"unit_id":"12086010618","name":"Census Tract 106.18","native_id":"12086010618","source":"census_tract_2025","adm3_name":"Miami-Dade County","adm3_id":"12086","area_sqm":1266267,"split":false,"population":5065.0,"days_covered":18,"daytime_peak_f":101.6,"heat_anomaly_f":5.0,"extreme_pct":44.0,"nighttime_stress_f":-3.3,"daytime_peak_f_climrel":0.7446,"heat_anomaly_f_climrel":0.7446,"nighttime_stress_f_climrel":-0.3,"extreme_pct_climrel":1,"ref_daytime_hi_mean":96.5,"ref_daytime_hi_p95":101.7,"rwi_mean":null,"health_per_10k":0.0,"built_frac":0.5,"tree_frac":0.089,"canopy_frac_over_3m":0.133,"viirs_mean":37.3,"gdl_hdi":0.936,"gdl_region":"Florida","ghsl_smod":30,"lst_anomaly_c":null,"lst_anomaly_c_climrel":null,"worldpop_pop_total":5141.0,"frac_under5":6.3,"frac_elderly_65plus":12.5,"frac_elderly_75plus":4.1,"old_age_dependency_ratio":0.183,"has_data":true},"geometry":{"type":"Polygon","coordinates":[[[-80.355936,25.561727],[-80.354574,25.563738],[-80.351774,25.566598],[-80.345771,25.566593],[-80.343231,25.566151],[-80.341685,25.56515],[-80.339494,25.563965],[-80.33694,25.563821],[-80.331451,25.563915],[-80.331444,25.559427],[-80.334311,25.559428],[-80.334498,25.559992],[-80.33723,25.560305],[-80.340516,25.560321],[-80.343217,25.559468],[-80.344123,25.559453],[-80.347134,25.559914],[-80.34778,25.559242],[-80.351887,25.559247],[-80.355473,25.559363],[-80.356659,25.560469],[-80.355936,25.561727]]]}},{"type":"Feature","properties":{"unit_id":"12086020200","name":"Census Tract 202","native_id":"12086020200","source":"census_tract_2025","adm3_name":"Miami-Dade County","adm3_id":"12086","area_sqm":9949386,"split":false,"population":8231.0,"days_covered":18,"daytime_peak_f":101.6,"heat_anomaly_f":4.2,"extreme_pct":22.0,"nighttime_stress_f":-6.1,"daytime_peak_f_climrel":0.5768,"heat_anomaly_f_climrel":0.5768,"nighttime_stress_f_climrel":-0.3,"extreme_pct_climrel":0.55,"ref_daytime_hi_mean":97.4,"ref_daytime_hi_p95":103.0,"rwi_mean":null,"health_per_10k":3.6447576236180295,"built_frac":0.225,"tree_frac":0.215,"canopy_frac_over_3m":0.274,"viirs_mean":32.5,"gdl_hdi":0.936,"gdl_region":"Florida","ghsl_smod":30,"lst_anomaly_c":-4.31,"lst_anomaly_c_climrel":0,"worldpop_pop_total":6478.0,"frac_under5":2.8,"frac_elderly_65plus":17.4,"frac_elderly_75plus":6.9,"old_age_dependency_ratio":0.238,"has_data":true},"geometry":{"type":"Polygon","coordinates":[[[-80.414567,25.626306],[-80.406546,25.626536],[-80.394905,25.626886],[-80.38082,25.627329],[-80.380237,25.62741],[-80.379702,25.625773],[-80.379131,25.623228],[-80.378829,25.621798],[-80.378302,25.612604],[-80.378643,25.612588],[-80.381997,25.612453],[-80.3857,25.61232],[-80.385345,25.604885],[-80.384948,25.597473],[-80.389014,25.59733],[-80.397065,25.597083],[-80.409303,25.596685],[-80.409709,25.603926],[-80.410118,25.60423],[-80.41383,25.604167],[-80.414057,25.610615],[-80.41447,25.617682],[-80.414558,25.618902],[-80.414567,25.626306]]]}},{"type":"Feature","properties":{"unit_id":"12086012701","name":"Census Tract 127.01","native_id":"12086012701","source":"census_tract_2025","adm3_name":"Miami-Dade County","adm3_id":"12086","area_sqm":7279642,"split":false,"population":5954.0,"days_covered":18,"daytime_peak_f":101.7,"heat_anomaly_f":3.6,"extreme_pct":17.0,"nighttime_stress_f":-4.8,"daytime_peak_f_climrel":0.5257,"heat_anomaly_f_climrel":0.5257,"nighttime_stress_f_climrel":-0.3,"extreme_pct_climrel":0.425,"ref_daytime_hi_mean":98.1,"ref_daytime_hi_p95":103.0,"rwi_mean":null,"health_per_10k":0.0,"built_frac":0.353,"tree_frac":0.046,"canopy_frac_over_3m":0.118,"viirs_mean":78.2,"gdl_hdi":0.936,"gdl_region":"Florida","ghsl_smod":30,"lst_anomaly_c":-1.09,"lst_anomaly_c_climrel":0,"worldpop_pop_total":21424.0,"frac_under5":7.7,"frac_elderly_65plus":7.8,"frac_elderly_75plus":2.8,"old_age_dependency_ratio":0.11,"has_data":true},"geometry":{"type":"Polygon","coordinates":[[[-80.373736,25.927773],[-80.354499,25.927704],[-80.350064,25.927917],[-80.349711,25.927919],[-80.341766,25.927928],[-80.341482,25.924576],[-80.341019,25.913244],[-80.344933,25.913312],[-80.346191,25.913398],[-80.349083,25.913381],[-80.349427,25.913379],[-80.350082,25.913379],[-80.349867,25.902943],[-80.351322,25.898686],[-80.354225,25.898644],[-80.356417,25.898747],[-80.372454,25.898776],[-80.373736,25.927773]]]}},{"type":"Feature","properties":{"unit_id":"12086009601","name":"Census Tract 96.01","native_id":"12086009601","source":"census_tract_2025","adm3_name":"Miami-Dade County","adm3_id":"12086","area_sqm":927268,"split":false,"population":3737.0,"days_covered":18,"daytime_peak_f":102.0,"heat_anomaly_f":5.1,"extreme_pct":33.0,"nighttime_stress_f":-3.1,"daytime_peak_f_climrel":0.7587,"heat_anomaly_f_climrel":0.7587,"nighttime_stress_f_climrel":-0.3,"extreme_pct_climrel":0.825,"ref_daytime_hi_mean":96.8,"ref_daytime_hi_p95":102.3,"rwi_mean":null,"health_per_10k":0.0,"built_frac":0.658,"tree_frac":0.148,"canopy_frac_over_3m":0.132,"viirs_mean":67.7,"gdl_hdi":0.936,"gdl_region":"Florida","ghsl_smod":30,"lst_anomaly_c":1.44,"lst_anomaly_c_climrel":0.18,"worldpop_pop_total":4036.0,"frac_under5":4.8,"frac_elderly_65plus":25.9,"frac_elderly_75plus":11.4,"old_age_dependency_ratio":0.436,"has_data":true},"geometry":{"type":"Polygon","coordinates":[[[-80.205752,25.959531],[-80.202731,25.959318],[-80.202089,25.958908],[-80.200012,25.957465],[-80.189565,25.950263],[-80.190275,25.950439],[-80.197349,25.950157],[-80.201403,25.949982],[-80.205443,25.94981],[-80.205688,25.957063],[-80.205752,25.959531]]]}},{"type":"Feature","properties":{"unit_id":"12086018003","name":"Census Tract 180.03","native_id":"12086018003","source":"census_tract_2025","adm3_name":"Miami-Dade County","adm3_id":"12086","area_sqm":6669569,"split":false,"population":5527.0,"days_covered":18,"daytime_peak_f":102.5,"heat_anomaly_f":4.0,"extreme_pct":28.0,"nighttime_stress_f":-7.5,"daytime_peak_f_climrel":0.5775,"heat_anomaly_f_climrel":0.5775,"nighttime_stress_f_climrel":-0.3,"extreme_pct_climrel":0.7,"ref_daytime_hi_mean":98.6,"ref_daytime_hi_p95":103.5,"rwi_mean":null,"health_per_10k":7.237199203908087,"built_frac":0.245,"tree_frac":0.068,"canopy_frac_over_3m":0.028,"viirs_mean":29.0,"gdl_hdi":0.936,"gdl_region":"Florida","ghsl_smod":11,"lst_anomaly_c":-2.81,"lst_anomaly_c_climrel":0,"worldpop_pop_total":12015.0,"frac_under5":5.9,"frac_elderly_65plus":12.8,"frac_elderly_75plus":6.2,"old_age_dependency_ratio":0.188,"has_data":true},"geometry":{"type":"Polygon","coordinates":[[[-80.498687,25.682284],[-80.481651,25.683284],[-80.480515,25.684488],[-80.478401,25.686439],[-80.478351,25.68862],[-80.47418,25.688298],[-80.470163,25.685199],[-80.467248,25.68383],[-80.46544,25.683816],[-80.454074,25.684142],[-80.449358,25.684308],[-80.449358,25.677843],[-80.449223,25.676986],[-80.451304,25.676989],[-80.457414,25.67679],[-80.465442,25.676519],[-80.465575,25.669231],[-80.478356,25.668456],[-80.479105,25.668478],[-80.481136,25.668324],[-80.481231,25.670512],[-80.497239,25.670457],[-80.498257,25.670562],[-80.498687,25.682284]]]}},{"type":"Feature","properties":{"unit_id":"12086006709","name":"Census Tract 67.09","native_id":"12086006709","source":"census_tract_2025","adm3_name":"Miami-Dade County","adm3_id":"12086","area_sqm":91954,"split":false,"population":2503.286100983292,"days_covered":18,"daytime_peak_f":101.9,"heat_anomaly_f":5.5,"extreme_pct":39.0,"nighttime_stress_f":-3.1,"daytime_peak_f_climrel":0.8322,"heat_anomaly_f_climrel":0.8322,"nighttime_stress_f_climrel":-0.3,"extreme_pct_climrel":0.975,"ref_daytime_hi_mean":96.4,"ref_daytime_hi_p95":101.7,"rwi_mean":null,"health_per_10k":3.994749140368732,"built_frac":0.736,"tree_frac":0.118,"canopy_frac_over_3m":0.182,"viirs_mean":208.3,"gdl_hdi":0.936,"gdl_region":"Florida","ghsl_smod":30,"lst_anomaly_c":-3.68,"lst_anomaly_c_climrel":0,"worldpop_pop_total":4859.0,"frac_under5":5.2,"frac_elderly_65plus":8.4,"frac_elderly_75plus":2.3,"old_age_dependency_ratio":0.107,"has_data":true},"geometry":{"type":"Polygon","coordinates":[[[-80.190131,25.768431],[-80.190035,25.769927],[-80.188166,25.769792],[-80.187947,25.768883],[-80.188213,25.765622],[-80.18947,25.765907],[-80.190688,25.766184],[-80.190131,25.768431]]]}},{"type":"Feature","properties":{"unit_id":"12086013600","name":"Census Tract 136","native_id":"12086013600","source":"census_tract_2025","adm3_name":"Miami-Dade County","adm3_id":"12086","area_sqm":782295,"split":false,"population":8056.0,"days_covered":18,"daytime_peak_f":102.6,"heat_anomaly_f":4.5,"extreme_pct":28.0,"nighttime_stress_f":-4.7,"daytime_peak_f_climrel":0.6666,"heat_anomaly_f_climrel":0.6666,"nighttime_stress_f_climrel":-0.3,"extreme_pct_climrel":0.7,"ref_daytime_hi_mean":98.0,"ref_daytime_hi_p95":103.2,"rwi_mean":null,"health_per_10k":1.2413108242303872,"built_frac":0.864,"tree_frac":0.005,"canopy_frac_over_3m":0.076,"viirs_mean":140.1,"gdl_hdi":0.936,"gdl_region":"Florida","ghsl_smod":30,"lst_anomaly_c":3.81,"lst_anomaly_c_climrel":0.4763,"worldpop_pop_total":6161.0,"frac_under5":4.2,"frac_elderly_65plus":22.9,"frac_elderly_75plus":10.3,"old_age_dependency_ratio":0.358,"has_data":true},"geometry":{"type":"Polygon","coordinates":[[[-80.33135,25.877029],[-80.328976,25.876984],[-80.323306,25.87704],[-80.323213,25.875212],[-80.323142,25.873424],[-80.322991,25.872041],[-80.322902,25.869762],[-80.322901,25.869593],[-80.322849,25.866634],[-80.3251,25.866995],[-80.328082,25.868659],[-80.33101,25.869297],[-80.33104,25.869828],[-80.331186,25.873392],[-80.331177,25.875179],[-80.33135,25.877029]]]}},{"type":"Feature","properties":{"unit_id":"12086009703","name":"Census Tract 97.03","native_id":"12086009703","source":"census_tract_2025","adm3_name":"Miami-Dade County","adm3_id":"12086","area_sqm":1903986,"split":false,"population":2155.0,"days_covered":18,"daytime_peak_f":102.0,"heat_anomaly_f":5.1,"extreme_pct":33.0,"nighttime_stress_f":-3.1,"daytime_peak_f_climrel":0.7587,"heat_anomaly_f_climrel":0.7587,"nighttime_stress_f_climrel":-0.3,"extreme_pct_climrel":0.825,"ref_daytime_hi_mean":96.8,"ref_daytime_hi_p95":102.3,"rwi_mean":null,"health_per_10k":0.0,"built_frac":0.643,"tree_frac":0.161,"canopy_frac_over_3m":0.201,"viirs_mean":45.9,"gdl_hdi":0.936,"gdl_region":"Florida","ghsl_smod":30,"lst_anomaly_c":0.11,"lst_anomaly_c_climrel":0.0138,"worldpop_pop_total":4286.0,"frac_under5":6.1,"frac_elderly_65plus":21.7,"frac_elderly_75plus":7.0,"old_age_dependency_ratio":0.378,"has_data":true},"geometry":{"type":"Polygon","coordinates":[[[-80.165724,25.973783],[-80.165036,25.973885],[-80.158226,25.974076],[-80.157434,25.974098],[-80.154211,25.974187],[-80.148063,25.974407],[-80.147864,25.974408],[-80.147503,25.963733],[-80.147497,25.963578],[-80.156086,25.963049],[-80.159649,25.963141],[-80.162037,25.963062],[-80.162655,25.963091],[-80.165638,25.963995],[-80.165231,25.967067],[-80.165724,25.973783]]]}},{"type":"Feature","properties":{"unit_id":"12086008420","name":"Census Tract 84.20","native_id":"12086008420","source":"census_tract_2025","adm3_name":"Miami-Dade County","adm3_id":"12086","area_sqm":705058,"split":false,"population":2512.0,"days_covered":18,"daytime_peak_f":102.4,"heat_anomaly_f":4.6,"extreme_pct":33.0,"nighttime_stress_f":-5.5,"daytime_peak_f_climrel":0.6622,"heat_anomaly_f_climrel":0.6622,"nighttime_stress_f_climrel":-0.3,"extreme_pct_climrel":0.825,"ref_daytime_hi_mean":97.8,"ref_daytime_hi_p95":103.3,"rwi_mean":null,"health_per_10k":0.0,"built_frac":0.391,"tree_frac":0.525,"canopy_frac_over_3m":0.318,"viirs_mean":50.0,"gdl_hdi":0.936,"gdl_region":"Florida","ghsl_smod":30,"lst_anomaly_c":-0.02,"lst_anomaly_c_climrel":0,"worldpop_pop_total":1926.0,"frac_under5":3.8,"frac_elderly_65plus":25.4,"frac_elderly_75plus":9.7,"old_age_dependency_ratio":0.411,"has_data":true},"geometry":{"type":"Polygon","coordinates":[[[-80.383995,25.671858],[-80.378294,25.672062],[-80.375753,25.67215],[-80.375698,25.669272],[-80.375628,25.667343],[-80.375592,25.664577],[-80.379091,25.664402],[-80.383694,25.664224],[-80.383819,25.664221],[-80.384144,25.671853],[-80.383995,25.671858]]]}},{"type":"Feature","properties":{"unit_id":"12086010303","name":"Census Tract 103.03","native_id":"12086010303","source":"census_tract_2025","adm3_name":"Miami-Dade County","adm3_id":"12086","area_sqm":27246523,"split":false,"population":4094.0,"days_covered":18,"daytime_peak_f":100.7,"heat_anomaly_f":3.0,"extreme_pct":17.0,"nighttime_stress_f":-8.0,"daytime_peak_f_climrel":0.4742,"heat_anomaly_f_climrel":0.4742,"nighttime_stress_f_climrel":-0.3,"extreme_pct_climrel":0.425,"ref_daytime_hi_mean":97.7,"ref_daytime_hi_p95":102.5,"rwi_mean":null,"health_per_10k":0.0,"built_frac":0.099,"tree_frac":0.329,"canopy_frac_over_3m":0.23,"viirs_mean":10.4,"gdl_hdi":0.936,"gdl_region":"Florida","ghsl_smod":12,"lst_anomaly_c":null,"lst_anomaly_c_climrel":null,"worldpop_pop_total":4049.0,"frac_under5":3.9,"frac_elderly_65plus":27.4,"frac_elderly_75plus":10.5,"old_age_dependency_ratio":0.462,"has_data":true},"geometry":{"type":"Polygon","coordinates":[[[-80.510636,25.550233],[-80.506576,25.550265],[-80.506661,25.56477],[-80.478232,25.565119],[-80.463971,25.565425],[-80.461883,25.565504],[-80.461794,25.550761],[-80.461655,25.53596],[-80.461392,25.513877],[-80.469627,25.513805],[-80.477807,25.513723],[-80.490015,25.513673],[-80.510291,25.513501],[-80.510567,25.542886],[-80.510636,25.550233]]]}},{"type":"Feature","properties":{"unit_id":"12086010609","name":"Census Tract 106.09","native_id":"12086010609","source":"census_tract_2025","adm3_name":"Miami-Dade County","adm3_id":"12086","area_sqm":2176004,"split":false,"population":4728.0,"days_covered":18,"daytime_peak_f":101.6,"heat_anomaly_f":4.2,"extreme_pct":22.0,"nighttime_stress_f":-6.1,"daytime_peak_f_climrel":0.5768,"heat_anomaly_f_climrel":0.5768,"nighttime_stress_f_climrel":-0.3,"extreme_pct_climrel":0.55,"ref_daytime_hi_mean":97.4,"ref_daytime_hi_p95":103.0,"rwi_mean":null,"health_per_10k":6.345177664974619,"built_frac":0.671,"tree_frac":0.134,"canopy_frac_over_3m":0.16,"viirs_mean":80.6,"gdl_hdi":0.936,"gdl_region":"Florida","ghsl_smod":30,"lst_anomaly_c":null,"lst_anomaly_c_climrel":null,"worldpop_pop_total":6635.0,"frac_under5":5.3,"frac_elderly_65plus":22.2,"frac_elderly_75plus":10.1,"old_age_dependency_ratio":0.356,"has_data":true},"geometry":{"type":"Polygon","coordinates":[[[-80.372427,25.575687],[-80.368837,25.580019],[-80.365728,25.577506],[-80.363576,25.576546],[-80.362416,25.576327],[-80.360216,25.576307],[-80.35775,25.576323],[-80.357728,25.574051],[-80.357683,25.570144],[-80.349603,25.570214],[-80.347918,25.570226],[-80.351774,25.566598],[-80.354574,25.563738],[-80.355936,25.561727],[-80.356659,25.560469],[-80.357855,25.559486],[-80.359126,25.559293],[-80.36027,25.561213],[-80.362041,25.56644],[-80.362159,25.56844],[-80.362811,25.56843],[-80.363476,25.568436],[-80.36857,25.569499],[-80.372284,25.569977],[-80.372427,25.575687]]]}},{"type":"Feature","properties":{"unit_id":"12086007300","name":"Census Tract 73","native_id":"12086007300","source":"census_tract_2025","adm3_name":"Miami-Dade County","adm3_id":"12086","area_sqm":2895795,"split":false,"population":4277.0,"days_covered":18,"daytime_peak_f":102.2,"heat_anomaly_f":5.2,"extreme_pct":28.0,"nighttime_stress_f":-3.6,"daytime_peak_f_climrel":0.7489,"heat_anomaly_f_climrel":0.7489,"nighttime_stress_f_climrel":-0.3,"extreme_pct_climrel":0.7,"ref_daytime_hi_mean":97.0,"ref_daytime_hi_p95":102.0,"rwi_mean":null,"health_per_10k":0.0,"built_frac":0.148,"tree_frac":0.8,"canopy_frac_over_3m":0.587,"viirs_mean":34.7,"gdl_hdi":0.936,"gdl_region":"Florida","ghsl_smod":30,"lst_anomaly_c":-3.91,"lst_anomaly_c_climrel":0,"worldpop_pop_total":4872.0,"frac_under5":4.9,"frac_elderly_65plus":25.6,"frac_elderly_75plus":9.0,"old_age_dependency_ratio":0.448,"has_data":true},"geometry":{"type":"Polygon","coordinates":[[[-80.261552,25.723607],[-80.257613,25.724258],[-80.253438,25.724446],[-80.253417,25.723978],[-80.249522,25.724079],[-80.24952,25.724905],[-80.247022,25.724767],[-80.246299,25.723659],[-80.244153,25.726383],[-80.243746,25.72672],[-80.242275,25.728089],[-80.2392199806918,25.7255934068107],[-80.240376,25.724206],[-80.244694,25.717879],[-80.249122,25.713383],[-80.248189,25.710031],[-80.2477605461874,25.7095208778931],[-80.2475003670107,25.7092111055306],[-80.248425,25.708741],[-80.252783,25.708553],[-80.252788,25.707773],[-80.260937,25.707904],[-80.261003,25.709042],[-80.261105,25.712671],[-80.26116,25.714145],[-80.26137,25.719938],[-80.261552,25.723607]]]}},{"type":"Feature","properties":{"unit_id":"12086001206","name":"Census Tract 12.06","native_id":"12086001206","source":"census_tract_2025","adm3_name":"Miami-Dade County","adm3_id":"12086","area_sqm":1672576,"split":false,"population":2399.0,"days_covered":18,"daytime_peak_f":102.2,"heat_anomaly_f":5.4,"extreme_pct":33.0,"nighttime_stress_f":-2.9,"daytime_peak_f_climrel":0.8011,"heat_anomaly_f_climrel":0.8011,"nighttime_stress_f_climrel":-0.3,"extreme_pct_climrel":0.825,"ref_daytime_hi_mean":96.9,"ref_daytime_hi_p95":102.4,"rwi_mean":null,"health_per_10k":4.168403501458942,"built_frac":0.226,"tree_frac":0.198,"canopy_frac_over_3m":0.143,"viirs_mean":29.9,"gdl_hdi":0.936,"gdl_region":"Florida","ghsl_smod":30,"lst_anomaly_c":-5.13,"lst_anomaly_c_climrel":0,"worldpop_pop_total":5588.0,"frac_under5":3.7,"frac_elderly_65plus":28.8,"frac_elderly_75plus":12.8,"old_age_dependency_ratio":0.485,"has_data":true},"geometry":{"type":"Polygon","coordinates":[[[-80.184929,25.856272],[-80.183266,25.858991],[-80.18102,25.859057],[-80.176932,25.859154],[-80.177186,25.864025],[-80.177292,25.866233],[-80.172586,25.871994],[-80.172279,25.872367],[-80.170294,25.874815],[-80.164671,25.874991],[-80.164781,25.874387],[-80.154928,25.874494],[-80.155805,25.872563],[-80.156701,25.870587],[-80.159293,25.864873],[-80.160958,25.861204],[-80.161742,25.859476],[-80.163468,25.855673],[-80.176725,25.855421],[-80.18444,25.855198],[-80.184906,25.855187],[-80.184929,25.856272]]]}},{"type":"Feature","properties":{"unit_id":"12086007707","name":"Census Tract 77.07","native_id":"12086007707","source":"census_tract_2025","adm3_name":"Miami-Dade County","adm3_id":"12086","area_sqm":2762635,"split":false,"population":3989.0,"days_covered":18,"daytime_peak_f":102.2,"heat_anomaly_f":5.2,"extreme_pct":28.0,"nighttime_stress_f":-3.6,"daytime_peak_f_climrel":0.7489,"heat_anomaly_f_climrel":0.7489,"nighttime_stress_f_climrel":-0.3,"extreme_pct_climrel":0.7,"ref_daytime_hi_mean":97.0,"ref_daytime_hi_p95":102.0,"rwi_mean":null,"health_per_10k":2.50689395838556,"built_frac":0.407,"tree_frac":0.168,"canopy_frac_over_3m":0.176,"viirs_mean":52.3,"gdl_hdi":0.936,"gdl_region":"Florida","ghsl_smod":30,"lst_anomaly_c":-3.82,"lst_anomaly_c_climrel":0,"worldpop_pop_total":2088.0,"frac_under5":3.5,"frac_elderly_65plus":30.9,"frac_elderly_75plus":16.3,"old_age_dependency_ratio":0.544,"has_data":true},"geometry":{"type":"Polygon","coordinates":[[[-80.33582,25.733092],[-80.327463,25.733291],[-80.3186,25.732964],[-80.318303,25.732969],[-80.31826,25.724362],[-80.318845,25.722653],[-80.323798,25.717402],[-80.323396,25.71743],[-80.334384,25.7068],[-80.334916,25.71674],[-80.3353,25.724061],[-80.33582,25.733092]]]}},{"type":"Feature","properties":{"unit_id":"12086010400","name":"Census Tract 104","native_id":"12086010400","source":"census_tract_2025","adm3_name":"Miami-Dade County","adm3_id":"12086","area_sqm":12395399,"split":false,"population":5592.0,"days_covered":18,"daytime_peak_f":101.6,"heat_anomaly_f":4.2,"extreme_pct":22.0,"nighttime_stress_f":-6.1,"daytime_peak_f_climrel":0.5768,"heat_anomaly_f_climrel":0.5768,"nighttime_stress_f_climrel":-0.3,"extreme_pct_climrel":0.55,"ref_daytime_hi_mean":97.4,"ref_daytime_hi_p95":103.0,"rwi_mean":null,"health_per_10k":0.0,"built_frac":0.204,"tree_frac":0.239,"canopy_frac_over_3m":0.203,"viirs_mean":26.1,"gdl_hdi":0.936,"gdl_region":"Florida","ghsl_smod":12,"lst_anomaly_c":null,"lst_anomaly_c_climrel":null,"worldpop_pop_total":7383.0,"frac_under5":6.2,"frac_elderly_65plus":15.5,"frac_elderly_75plus":5.9,"old_age_dependency_ratio":0.236,"has_data":true},"geometry":{"type":"Polygon","coordinates":[[[-80.429364,25.56582],[-80.409007,25.566002],[-80.396844,25.566115],[-80.392744,25.566156],[-80.38867,25.566192],[-80.381577,25.566256],[-80.385289,25.562534],[-80.388832,25.558889],[-80.392469,25.555158],[-80.396251,25.551449],[-80.396597,25.551092],[-80.396933,25.551268],[-80.411439,25.536488],[-80.412978,25.534848],[-80.422237,25.525435],[-80.425882,25.521665],[-80.428425,25.51931],[-80.428932,25.521636],[-80.429033,25.536298],[-80.429208,25.551064],[-80.429364,25.56582]]]}},{"type":"Feature","properties":{"unit_id":"12086011410","name":"Census Tract 114.10","native_id":"12086011410","source":"census_tract_2025","adm3_name":"Miami-Dade County","adm3_id":"12086","area_sqm":17188361,"split":false,"population":6032.0,"days_covered":18,"daytime_peak_f":101.3,"heat_anomaly_f":3.8,"extreme_pct":28.0,"nighttime_stress_f":-6.7,"daytime_peak_f_climrel":0.5456,"heat_anomaly_f_climrel":0.5456,"nighttime_stress_f_climrel":-0.3,"extreme_pct_climrel":0.7,"ref_daytime_hi_mean":97.6,"ref_daytime_hi_p95":102.6,"rwi_mean":null,"health_per_10k":0.0,"built_frac":0.094,"tree_frac":0.089,"canopy_frac_over_3m":0.188,"viirs_mean":12.8,"gdl_hdi":0.936,"gdl_region":"Florida","ghsl_smod":11,"lst_anomaly_c":null,"lst_anomaly_c_climrel":null,"worldpop_pop_total":5552.0,"frac_under5":6.5,"frac_elderly_65plus":11.0,"frac_elderly_75plus":3.6,"old_age_dependency_ratio":0.168,"has_data":true},"geometry":{"type":"Polygon","coordinates":[[[-80.44432,25.460776],[-80.444329,25.462542],[-80.436202,25.462624],[-80.428162,25.462654],[-80.420004,25.462691],[-80.411919,25.462862],[-80.403783,25.462904],[-80.379505,25.463112],[-80.346667,25.463237],[-80.3344338271027,25.4632920949457],[-80.334885,25.462067],[-80.337216,25.459218],[-80.336942,25.456187],[-80.333894,25.452561],[-80.330637,25.450658],[-80.3308669094254,25.4484917423027],[-80.349076,25.448488],[-80.349567,25.448128],[-80.367365,25.448031],[-80.403775,25.447903],[-80.431262,25.447956],[-80.432047,25.448648],[-80.434502,25.449624],[-80.438775,25.450651],[-80.444293,25.450602],[-80.444488,25.45293],[-80.44325,25.454427],[-80.443295,25.45662],[-80.445705,25.460385],[-80.44432,25.460776]]]}},{"type":"Feature","properties":{"unit_id":"12086004602","name":"Census Tract 46.02","native_id":"12086004602","source":"census_tract_2025","adm3_name":"Miami-Dade County","adm3_id":"12086","area_sqm":3430565,"split":false,"population":2761.0,"days_covered":18,"daytime_peak_f":100.3,"heat_anomaly_f":3.9,"extreme_pct":22.0,"nighttime_stress_f":-1.6,"daytime_peak_f_climrel":0.5895,"heat_anomaly_f_climrel":0.5895,"nighttime_stress_f_climrel":-0.2482,"extreme_pct_climrel":0.55,"ref_daytime_hi_mean":96.4,"ref_daytime_hi_p95":101.7,"rwi_mean":null,"health_per_10k":7.243752263672582,"built_frac":0.352,"tree_frac":0.326,"canopy_frac_over_3m":0.429,"viirs_mean":17.3,"gdl_hdi":0.936,"gdl_region":"Florida","ghsl_smod":23,"lst_anomaly_c":-4.55,"lst_anomaly_c_climrel":0,"worldpop_pop_total":5145.0,"frac_under5":4.0,"frac_elderly_65plus":15.0,"frac_elderly_75plus":5.4,"old_age_dependency_ratio":0.237,"has_data":true},"geometry":{"type":"Polygon","coordinates":[[[-80.175323,25.69169],[-80.172351,25.695763],[-80.168730317596,25.6992760458488],[-80.1676027276349,25.7003701145326],[-80.162804,25.700399],[-80.162808,25.702322],[-80.160563,25.702327],[-80.161585,25.700397],[-80.162167,25.699331],[-80.162932,25.697619],[-80.163018,25.695889],[-80.162834,25.693841],[-80.163725,25.691091],[-80.163751,25.688322],[-80.163349,25.68702],[-80.162414,25.686073],[-80.161945,25.685782],[-80.160908,25.685087],[-80.158385,25.683427],[-80.157876,25.68281],[-80.1552872682187,25.6830322855828],[-80.155167,25.682288],[-80.15293,25.671584],[-80.156326,25.666151],[-80.157998,25.665361],[-80.159427,25.666178],[-80.162633,25.674439],[-80.170184,25.681184],[-80.1705938091021,25.6814953974005],[-80.177309,25.686598],[-80.175323,25.69169]]]}},{"type":"Feature","properties":{"unit_id":"12086008102","name":"Census Tract 81.02","native_id":"12086008102","source":"census_tract_2025","adm3_name":"Miami-Dade County","adm3_id":"12086","area_sqm":4648240,"split":false,"population":9780.0,"days_covered":18,"daytime_peak_f":102.2,"heat_anomaly_f":5.2,"extreme_pct":28.0,"nighttime_stress_f":-3.6,"daytime_peak_f_climrel":0.7489,"heat_anomaly_f_climrel":0.7489,"nighttime_stress_f_climrel":-0.3,"extreme_pct_climrel":0.7,"ref_daytime_hi_mean":97.0,"ref_daytime_hi_p95":102.0,"rwi_mean":null,"health_per_10k":3.067484662576687,"built_frac":0.316,"tree_frac":0.605,"canopy_frac_over_3m":0.391,"viirs_mean":35.7,"gdl_hdi":0.936,"gdl_region":"Florida","ghsl_smod":30,"lst_anomaly_c":-1.72,"lst_anomaly_c_climrel":0,"worldpop_pop_total":5462.0,"frac_under5":4.6,"frac_elderly_65plus":21.3,"frac_elderly_75plus":8.6,"old_age_dependency_ratio":0.35,"has_data":true},"geometry":{"type":"Polygon","coordinates":[[[-80.333318,25.645607],[-80.332387,25.647653],[-80.328901,25.655155],[-80.323627,25.666401],[-80.314519,25.666701],[-80.310466,25.666824],[-80.310079,25.655715],[-80.309671,25.644531],[-80.313718,25.644407],[-80.317765,25.644307],[-80.334111,25.643851],[-80.333318,25.645607]]]}},{"type":"Feature","properties":{"unit_id":"12086005504","name":"Census Tract 55.04","native_id":"12086005504","source":"census_tract_2025","adm3_name":"Miami-Dade County","adm3_id":"12086","area_sqm":707981,"split":false,"population":3843.6550061608546,"days_covered":18,"daytime_peak_f":101.9,"heat_anomaly_f":5.5,"extreme_pct":39.0,"nighttime_stress_f":-3.1,"daytime_peak_f_climrel":0.8322,"heat_anomaly_f_climrel":0.8322,"nighttime_stress_f_climrel":-0.3,"extreme_pct_climrel":0.975,"ref_daytime_hi_mean":96.4,"ref_daytime_hi_p95":101.7,"rwi_mean":null,"health_per_10k":2.6016903140295797,"built_frac":0.854,"tree_frac":0.124,"canopy_frac_over_3m":0.18,"viirs_mean":97.6,"gdl_hdi":0.936,"gdl_region":"Florida","ghsl_smod":30,"lst_anomaly_c":3.21,"lst_anomaly_c_climrel":0.4012,"worldpop_pop_total":4082.0,"frac_under5":4.0,"frac_elderly_65plus":25.3,"frac_elderly_75plus":12.3,"old_age_dependency_ratio":0.407,"has_data":true},"geometry":{"type":"Polygon","coordinates":[[[-80.251224,25.768393],[-80.245612,25.768542],[-80.245682,25.77025],[-80.24365,25.770306],[-80.24371,25.772199],[-80.239102,25.772338],[-80.238953,25.768391],[-80.238845,25.765173],[-80.241628,25.765086],[-80.242912,25.765055],[-80.24701,25.764929],[-80.249518,25.764858],[-80.251041,25.76478],[-80.251224,25.768393]]]}},{"type":"Feature","properties":{"unit_id":"12086000414","name":"Census Tract 4.14","native_id":"12086000414","source":"census_tract_2025","adm3_name":"Miami-Dade County","adm3_id":"12086","area_sqm":3223764,"split":false,"population":7144.0,"days_covered":18,"daytime_peak_f":102.2,"heat_anomaly_f":5.4,"extreme_pct":33.0,"nighttime_stress_f":-2.9,"daytime_peak_f_climrel":0.8011,"heat_anomaly_f_climrel":0.8011,"nighttime_stress_f_climrel":-0.3,"extreme_pct_climrel":0.825,"ref_daytime_hi_mean":96.9,"ref_daytime_hi_p95":102.4,"rwi_mean":null,"health_per_10k":0.0,"built_frac":0.71,"tree_frac":0.128,"canopy_frac_over_3m":0.14,"viirs_mean":73.2,"gdl_hdi":0.936,"gdl_region":"Florida","ghsl_smod":30,"lst_anomaly_c":0.96,"lst_anomaly_c_climrel":0.12,"worldpop_pop_total":5811.0,"frac_under5":6.3,"frac_elderly_65plus":18.0,"frac_elderly_75plus":7.2,"old_age_dependency_ratio":0.286,"has_data":true},"geometry":{"type":"Polygon","coordinates":[[[-80.232499,25.926755],[-80.228439,25.926885],[-80.214187,25.927499],[-80.213333,25.927769],[-80.212169,25.928524],[-80.210545,25.929945],[-80.208929,25.928391],[-80.208824,25.928284],[-80.208329,25.927794],[-80.206847,25.927382],[-80.209372,25.925278],[-80.210483,25.923821],[-80.211176,25.922161],[-80.211164,25.920237],[-80.210472,25.916852],[-80.2102,25.91309],[-80.211728,25.912977],[-80.211653,25.909281],[-80.221384,25.908855],[-80.223125,25.910381],[-80.220664,25.912427],[-80.221742,25.913647],[-80.218443,25.916475],[-80.222661,25.916275],[-80.223402,25.916253],[-80.22811,25.915955],[-80.228008,25.917335],[-80.230209,25.917168],[-80.23036,25.920624],[-80.230556,25.926541],[-80.232499,25.926755]]]}},{"type":"Feature","properties":{"unit_id":"12086007705","name":"Census Tract 77.05","native_id":"12086007705","source":"census_tract_2025","adm3_name":"Miami-Dade County","adm3_id":"12086","area_sqm":2122075,"split":false,"population":3017.0,"days_covered":18,"daytime_peak_f":102.2,"heat_anomaly_f":5.2,"extreme_pct":28.0,"nighttime_stress_f":-3.6,"daytime_peak_f_climrel":0.7489,"heat_anomaly_f_climrel":0.7489,"nighttime_stress_f_climrel":-0.3,"extreme_pct_climrel":0.7,"ref_daytime_hi_mean":97.0,"ref_daytime_hi_p95":102.0,"rwi_mean":null,"health_per_10k":6.629101756711965,"built_frac":0.411,"tree_frac":0.502,"canopy_frac_over_3m":0.343,"viirs_mean":67.0,"gdl_hdi":0.936,"gdl_region":"Florida","ghsl_smod":30,"lst_anomaly_c":-1.24,"lst_anomaly_c_climrel":0,"worldpop_pop_total":7270.0,"frac_under5":2.8,"frac_elderly_65plus":28.7,"frac_elderly_75plus":12.5,"old_age_dependency_ratio":0.463,"has_data":true},"geometry":{"type":"Polygon","coordinates":[[[-80.334333,25.705958],[-80.330249,25.7061],[-80.330064,25.702477],[-80.317374,25.703011],[-80.317128,25.69534],[-80.317079,25.69235],[-80.31806,25.692366],[-80.319565,25.69232],[-80.321525,25.692263],[-80.33367,25.691782],[-80.33385,25.695752],[-80.334138,25.702305],[-80.334333,25.705958]]]}},{"type":"Feature","properties":{"unit_id":"12086011010","name":"Census Tract 110.10","native_id":"12086011010","source":"census_tract_2025","adm3_name":"Miami-Dade County","adm3_id":"12086","area_sqm":1594553,"split":false,"population":1613.0,"days_covered":18,"daytime_peak_f":100.7,"heat_anomaly_f":3.0,"extreme_pct":17.0,"nighttime_stress_f":-8.0,"daytime_peak_f_climrel":0.4742,"heat_anomaly_f_climrel":0.4742,"nighttime_stress_f_climrel":-0.3,"extreme_pct_climrel":0.425,"ref_daytime_hi_mean":97.7,"ref_daytime_hi_p95":102.5,"rwi_mean":null,"health_per_10k":0.0,"built_frac":0.422,"tree_frac":0.095,"canopy_frac_over_3m":0.127,"viirs_mean":59.5,"gdl_hdi":0.936,"gdl_region":"Florida","ghsl_smod":30,"lst_anomaly_c":null,"lst_anomaly_c_climrel":null,"worldpop_pop_total":6065.0,"frac_under5":7.1,"frac_elderly_65plus":14.5,"frac_elderly_75plus":6.2,"old_age_dependency_ratio":0.232,"has_data":true},"geometry":{"type":"Polygon","coordinates":[[[-80.46275,25.463075],[-80.46174,25.463415],[-80.460763,25.464382],[-80.460769,25.470065],[-80.460901,25.477313],[-80.460356,25.477301],[-80.452778,25.477374],[-80.446864,25.477387],[-80.442281,25.477423],[-80.439348,25.477495],[-80.45098,25.470092],[-80.452519,25.469064],[-80.461844,25.462574],[-80.462972,25.462542],[-80.46275,25.463075]]]}},{"type":"Feature","properties":{"unit_id":"12086018300","name":"Census Tract 183","native_id":"12086018300","source":"census_tract_2025","adm3_name":"Miami-Dade County","adm3_id":"12086","area_sqm":1153977,"split":false,"population":7350.0,"days_covered":18,"daytime_peak_f":102.4,"heat_anomaly_f":4.6,"extreme_pct":33.0,"nighttime_stress_f":-5.5,"daytime_peak_f_climrel":0.6622,"heat_anomaly_f_climrel":0.6622,"nighttime_stress_f_climrel":-0.3,"extreme_pct_climrel":0.825,"ref_daytime_hi_mean":97.8,"ref_daytime_hi_p95":103.3,"rwi_mean":null,"health_per_10k":2.7210884353741496,"built_frac":0.813,"tree_frac":0.096,"canopy_frac_over_3m":0.136,"viirs_mean":62.9,"gdl_hdi":0.936,"gdl_region":"Florida","ghsl_smod":30,"lst_anomaly_c":2.97,"lst_anomaly_c_climrel":0.3713,"worldpop_pop_total":6636.0,"frac_under5":4.2,"frac_elderly_65plus":17.9,"frac_elderly_75plus":6.6,"old_age_dependency_ratio":0.264,"has_data":true},"geometry":{"type":"Polygon","coordinates":[[[-80.449358,25.684308],[-80.446009,25.68445],[-80.441127,25.684607],[-80.441019,25.677195],[-80.441025,25.675866],[-80.442653,25.675361],[-80.4441,25.673373],[-80.44416,25.67251],[-80.443871,25.669894],[-80.446632,25.669809],[-80.44933,25.669705],[-80.449223,25.676986],[-80.449358,25.677843],[-80.449358,25.684308]]]}},{"type":"Feature","properties":{"unit_id":"12086006106","name":"Census Tract 61.06","native_id":"12086006106","source":"census_tract_2025","adm3_name":"Miami-Dade County","adm3_id":"12086","area_sqm":1077840,"split":false,"population":4687.0,"days_covered":18,"daytime_peak_f":102.1,"heat_anomaly_f":4.6,"extreme_pct":44.0,"nighttime_stress_f":-4.1,"daytime_peak_f_climrel":0.6814,"heat_anomaly_f_climrel":0.6814,"nighttime_stress_f_climrel":-0.3,"extreme_pct_climrel":1,"ref_daytime_hi_mean":97.5,"ref_daytime_hi_p95":102.7,"rwi_mean":null,"health_per_10k":2.133560913164071,"built_frac":0.333,"tree_frac":0.631,"canopy_frac_over_3m":0.422,"viirs_mean":43.0,"gdl_hdi":0.936,"gdl_region":"Florida","ghsl_smod":30,"lst_anomaly_c":-1.71,"lst_anomaly_c_climrel":0,"worldpop_pop_total":3042.0,"frac_under5":6.4,"frac_elderly_65plus":23.3,"frac_elderly_75plus":10.3,"old_age_dependency_ratio":0.395,"has_data":true},"geometry":{"type":"Polygon","coordinates":[[[-80.279549,25.758976],[-80.279072,25.759232],[-80.279259,25.763889],[-80.275615,25.764011],[-80.273315,25.764094],[-80.271464,25.76417],[-80.270446,25.764205],[-80.267378,25.764282],[-80.267238,25.760204],[-80.267213,25.760053],[-80.267096,25.757022],[-80.271231,25.757228],[-80.273072,25.757174],[-80.275304,25.756809],[-80.275203,25.75415],[-80.27932,25.75401],[-80.279549,25.758976]]]}},{"type":"Feature","properties":{"unit_id":"12086003913","name":"Census Tract 39.13","native_id":"12086003913","source":"census_tract_2025","adm3_name":"Miami-Dade County","adm3_id":"12086","area_sqm":464349,"split":false,"population":2075.9209937892433,"days_covered":18,"daytime_peak_f":102.4,"heat_anomaly_f":5.5,"extreme_pct":33.0,"nighttime_stress_f":-3.2,"daytime_peak_f_climrel":0.8247,"heat_anomaly_f_climrel":0.8247,"nighttime_stress_f_climrel":-0.3,"extreme_pct_climrel":0.825,"ref_daytime_hi_mean":96.9,"ref_daytime_hi_p95":102.4,"rwi_mean":null,"health_per_10k":19.268556038342652,"built_frac":0.862,"tree_frac":0.038,"canopy_frac_over_3m":0.137,"viirs_mean":92.8,"gdl_hdi":0.936,"gdl_region":"Florida","ghsl_smod":30,"lst_anomaly_c":1.57,"lst_anomaly_c_climrel":0.1963,"worldpop_pop_total":3391.0,"frac_under5":3.3,"frac_elderly_65plus":19.9,"frac_elderly_75plus":7.4,"old_age_dependency_ratio":0.284,"has_data":true},"geometry":{"type":"Polygon","coordinates":[[[-80.12835,25.860254],[-80.128032,25.861879],[-80.127506,25.861901],[-80.125507,25.862058],[-80.123844,25.862124],[-80.121061,25.862251],[-80.121031,25.860709],[-80.120887,25.858101],[-80.12049,25.856125],[-80.125056,25.855999],[-80.126909,25.855958],[-80.126828,25.856861],[-80.128087,25.85805],[-80.128788,25.859228],[-80.12835,25.860254]]]}},{"type":"Feature","properties":{"unit_id":"12086007104","name":"Census Tract 71.04","native_id":"12086007104","source":"census_tract_2025","adm3_name":"Miami-Dade County","adm3_id":"12086","area_sqm":609297,"split":false,"population":2937.280915353192,"days_covered":18,"daytime_peak_f":100.3,"heat_anomaly_f":3.9,"extreme_pct":22.0,"nighttime_stress_f":-1.6,"daytime_peak_f_climrel":0.5895,"heat_anomaly_f_climrel":0.5895,"nighttime_stress_f_climrel":-0.2482,"extreme_pct_climrel":0.55,"ref_daytime_hi_mean":96.4,"ref_daytime_hi_p95":101.7,"rwi_mean":null,"health_per_10k":0.0,"built_frac":0.561,"tree_frac":0.436,"canopy_frac_over_3m":0.427,"viirs_mean":111.9,"gdl_hdi":0.936,"gdl_region":"Florida","ghsl_smod":30,"lst_anomaly_c":0.6,"lst_anomaly_c_climrel":0.075,"worldpop_pop_total":3897.0,"frac_under5":7.1,"frac_elderly_65plus":11.1,"frac_elderly_75plus":3.6,"old_age_dependency_ratio":0.151,"has_data":true},"geometry":{"type":"Polygon","coordinates":[[[-80.245915,25.736973],[-80.241865,25.738459],[-80.237842,25.739931],[-80.237673,25.735513],[-80.237551,25.732941],[-80.237504,25.731908],[-80.241613,25.731772],[-80.245687,25.731622],[-80.24586,25.735324],[-80.245915,25.736973]]]}},{"type":"Feature","properties":{"unit_id":"12086007501","name":"Census Tract 75.01","native_id":"12086007501","source":"census_tract_2025","adm3_name":"Miami-Dade County","adm3_id":"12086","area_sqm":1938967,"split":false,"population":789.0,"days_covered":18,"daytime_peak_f":102.2,"heat_anomaly_f":5.2,"extreme_pct":28.0,"nighttime_stress_f":-3.6,"daytime_peak_f_climrel":0.7489,"heat_anomaly_f_climrel":0.7489,"nighttime_stress_f_climrel":-0.3,"extreme_pct_climrel":0.7,"ref_daytime_hi_mean":97.0,"ref_daytime_hi_p95":102.0,"rwi_mean":null,"health_per_10k":0.0,"built_frac":0.276,"tree_frac":0.485,"canopy_frac_over_3m":0.37,"viirs_mean":45.4,"gdl_hdi":0.936,"gdl_region":"Florida","ghsl_smod":30,"lst_anomaly_c":-2.13,"lst_anomaly_c_climrel":0,"worldpop_pop_total":3179.0,"frac_under5":3.5,"frac_elderly_65plus":26.9,"frac_elderly_75plus":11.6,"old_age_dependency_ratio":0.464,"has_data":true},"geometry":{"type":"Polygon","coordinates":[[[-80.28652,25.73404],[-80.273637,25.734353],[-80.272239,25.731455],[-80.271406,25.726991],[-80.27138,25.726422],[-80.272595,25.722261],[-80.273944,25.723045],[-80.273002,25.725806],[-80.27436,25.724889],[-80.279097,25.724873],[-80.280921,25.723651],[-80.28092,25.72035],[-80.282631,25.717932],[-80.283292,25.715414],[-80.285792,25.715316],[-80.285887,25.718163],[-80.285994,25.720843],[-80.286056,25.722251],[-80.286049,25.722723],[-80.286102,25.723509],[-80.286139,25.724751],[-80.28622,25.726483],[-80.286266,25.727974],[-80.286397,25.73122],[-80.28652,25.73404]]]}},{"type":"Feature","properties":{"unit_id":"12086009320","name":"Census Tract 93.20","native_id":"12086009320","source":"census_tract_2025","adm3_name":"Miami-Dade County","adm3_id":"12086","area_sqm":557486,"split":false,"population":3106.0,"days_covered":18,"daytime_peak_f":102.6,"heat_anomaly_f":4.5,"extreme_pct":28.0,"nighttime_stress_f":-4.7,"daytime_peak_f_climrel":0.6666,"heat_anomaly_f_climrel":0.6666,"nighttime_stress_f_climrel":-0.3,"extreme_pct_climrel":0.7,"ref_daytime_hi_mean":98.0,"ref_daytime_hi_p95":103.2,"rwi_mean":null,"health_per_10k":0.0,"built_frac":0.831,"tree_frac":0.043,"canopy_frac_over_3m":0.12,"viirs_mean":102.3,"gdl_hdi":0.936,"gdl_region":"Florida","ghsl_smod":30,"lst_anomaly_c":1.48,"lst_anomaly_c_climrel":0.185,"worldpop_pop_total":3656.0,"frac_under5":4.9,"frac_elderly_65plus":20.1,"frac_elderly_75plus":9.3,"old_age_dependency_ratio":0.303,"has_data":true},"geometry":{"type":"Polygon","coordinates":[[[-80.307864,25.891569],[-80.303882,25.891588],[-80.303821,25.89068],[-80.299805,25.890673],[-80.299786,25.889714],[-80.299523,25.884312],[-80.304363,25.884185],[-80.307574,25.88417],[-80.307779,25.889748],[-80.307864,25.891569]]]}},{"type":"Feature","properties":{"unit_id":"12086004000","name":"Census Tract 40","native_id":"12086004000","source":"census_tract_2025","adm3_name":"Miami-Dade County","adm3_id":"12086","area_sqm":2705440,"split":false,"population":8147.0,"days_covered":18,"daytime_peak_f":102.9,"heat_anomaly_f":6.1,"extreme_pct":44.0,"nighttime_stress_f":-3.1,"daytime_peak_f_climrel":0.9278,"heat_anomaly_f_climrel":0.9278,"nighttime_stress_f_climrel":-0.3,"extreme_pct_climrel":1,"ref_daytime_hi_mean":96.9,"ref_daytime_hi_p95":102.1,"rwi_mean":null,"health_per_10k":12.274456855284155,"built_frac":0.273,"tree_frac":0.066,"canopy_frac_over_3m":0.118,"viirs_mean":33.9,"gdl_hdi":0.936,"gdl_region":"Florida","ghsl_smod":30,"lst_anomaly_c":-7.44,"lst_anomaly_c_climrel":0,"worldpop_pop_total":5656.0,"frac_under5":6.3,"frac_elderly_65plus":18.5,"frac_elderly_75plus":7.6,"old_age_dependency_ratio":0.301,"has_data":true},"geometry":{"type":"Polygon","coordinates":[[[-80.16009,25.810503],[-80.159397,25.812967],[-80.15979,25.822098],[-80.160061,25.826914],[-80.155257,25.827102],[-80.13565,25.827774],[-80.132865,25.825313],[-80.131711,25.823792],[-80.1299,25.823389],[-80.126923,25.823041],[-80.125324,25.826166],[-80.122567,25.826274],[-80.123244,25.818869],[-80.122988,25.818843],[-80.1204333018782,25.8186910228551],[-80.1207119534152,25.8160281281082],[-80.121008,25.813199],[-80.121147134822,25.8126099451147],[-80.1211489278547,25.8126023539548],[-80.122996,25.813088],[-80.124188,25.813315],[-80.126463,25.813696],[-80.126995,25.812699],[-80.12747,25.809061],[-80.132821,25.809664],[-80.136361,25.808759],[-80.137415,25.809593],[-80.160575,25.808785],[-80.16009,25.810503]]]}},{"type":"Feature","properties":{"unit_id":"12086006706","name":"Census Tract 67.06","native_id":"12086006706","source":"census_tract_2025","adm3_name":"Miami-Dade County","adm3_id":"12086","area_sqm":268386,"split":false,"population":341.0,"days_covered":18,"daytime_peak_f":100.3,"heat_anomaly_f":3.9,"extreme_pct":22.0,"nighttime_stress_f":-1.6,"daytime_peak_f_climrel":0.5895,"heat_anomaly_f_climrel":0.5895,"nighttime_stress_f_climrel":-0.2482,"extreme_pct_climrel":0.55,"ref_daytime_hi_mean":96.4,"ref_daytime_hi_p95":101.7,"rwi_mean":null,"health_per_10k":0.0,"built_frac":0.086,"tree_frac":0.019,"canopy_frac_over_3m":0.031,"viirs_mean":33.8,"gdl_hdi":0.936,"gdl_region":"Florida","ghsl_smod":30,"lst_anomaly_c":-10.68,"lst_anomaly_c_climrel":0,"worldpop_pop_total":2811.0,"frac_under5":3.6,"frac_elderly_65plus":30.0,"frac_elderly_75plus":13.3,"old_age_dependency_ratio":0.489,"has_data":true},"geometry":{"type":"Polygon","coordinates":[[[-80.203004,25.750969],[-80.201616,25.751931],[-80.19984,25.753165],[-80.198899,25.75211],[-80.198641,25.751648],[-80.198391,25.752272],[-80.196288,25.753189],[-80.19465,25.754161],[-80.194953,25.754604],[-80.193341,25.75533],[-80.190806,25.755507],[-80.190795,25.756792],[-80.181251,25.751303],[-80.179143,25.751338],[-80.178375,25.746779],[-80.1789180499312,25.7460469382921],[-80.1893604731533,25.7460177146228],[-80.199621,25.745989],[-80.202265381322,25.7479369368224],[-80.20272,25.748661],[-80.203968,25.750403],[-80.203004,25.750969]]]}},{"type":"Feature","properties":{"unit_id":"12086000223","name":"Census Tract 2.23","native_id":"12086000223","source":"census_tract_2025","adm3_name":"Miami-Dade County","adm3_id":"12086","area_sqm":732412,"split":false,"population":2070.0,"days_covered":18,"daytime_peak_f":102.2,"heat_anomaly_f":5.4,"extreme_pct":33.0,"nighttime_stress_f":-2.9,"daytime_peak_f_climrel":0.8011,"heat_anomaly_f_climrel":0.8011,"nighttime_stress_f_climrel":-0.3,"extreme_pct_climrel":0.825,"ref_daytime_hi_mean":96.9,"ref_daytime_hi_p95":102.4,"rwi_mean":null,"health_per_10k":9.66183574879227,"built_frac":0.555,"tree_frac":0.393,"canopy_frac_over_3m":0.234,"viirs_mean":48.3,"gdl_hdi":0.936,"gdl_region":"Florida","ghsl_smod":30,"lst_anomaly_c":-0.31,"lst_anomaly_c_climrel":0,"worldpop_pop_total":3955.0,"frac_under5":5.2,"frac_elderly_65plus":21.6,"frac_elderly_75plus":9.3,"old_age_dependency_ratio":0.341,"has_data":true},"geometry":{"type":"Polygon","coordinates":[[[-80.175651,25.90354],[-80.174968,25.903565],[-80.171156,25.907354],[-80.167303,25.911059],[-80.167135,25.907464],[-80.167106,25.906574],[-80.16687,25.902062],[-80.16681,25.900268],[-80.170756,25.900098],[-80.174786,25.899934],[-80.178809,25.899762],[-80.175651,25.90354]]]}},{"type":"Feature","properties":{"unit_id":"12086019502","name":"Census Tract 195.02","native_id":"12086019502","source":"census_tract_2025","adm3_name":"Miami-Dade County","adm3_id":"12086","area_sqm":2394739,"split":false,"population":4750.0,"days_covered":18,"daytime_peak_f":101.6,"heat_anomaly_f":4.2,"extreme_pct":22.0,"nighttime_stress_f":-6.1,"daytime_peak_f_climrel":0.5768,"heat_anomaly_f_climrel":0.5768,"nighttime_stress_f_climrel":-0.3,"extreme_pct_climrel":0.55,"ref_daytime_hi_mean":97.4,"ref_daytime_hi_p95":103.0,"rwi_mean":null,"health_per_10k":2.105263157894737,"built_frac":0.777,"tree_frac":0.084,"canopy_frac_over_3m":0.17,"viirs_mean":66.4,"gdl_hdi":0.936,"gdl_region":"Florida","ghsl_smod":30,"lst_anomaly_c":1.97,"lst_anomaly_c_climrel":0.2462,"worldpop_pop_total":4762.0,"frac_under5":4.8,"frac_elderly_65plus":15.6,"frac_elderly_75plus":6.0,"old_age_dependency_ratio":0.228,"has_data":true},"geometry":{"type":"Polygon","coordinates":[[[-80.447378,25.64009],[-80.447226,25.6401],[-80.41473,25.641065],[-80.414622,25.63984],[-80.41471,25.633558],[-80.426852,25.633264],[-80.428069,25.633856],[-80.431033,25.63363],[-80.430738,25.630885],[-80.433192,25.630919],[-80.437179,25.632845],[-80.439157,25.632959],[-80.440885,25.632892],[-80.44098,25.635911],[-80.441079,25.638441],[-80.44731,25.638281],[-80.447378,25.64009]]]}},{"type":"Feature","properties":{"unit_id":"12086003911","name":"Census Tract 39.11","native_id":"12086003911","source":"census_tract_2025","adm3_name":"Miami-Dade County","adm3_id":"12086","area_sqm":315855,"split":false,"population":1165.5420014235,"days_covered":18,"daytime_peak_f":102.4,"heat_anomaly_f":5.5,"extreme_pct":33.0,"nighttime_stress_f":-3.2,"daytime_peak_f_climrel":0.8247,"heat_anomaly_f_climrel":0.8247,"nighttime_stress_f_climrel":-0.3,"extreme_pct_climrel":0.825,"ref_daytime_hi_mean":96.9,"ref_daytime_hi_p95":102.4,"rwi_mean":null,"health_per_10k":0.0,"built_frac":0.934,"tree_frac":0.015,"canopy_frac_over_3m":0.117,"viirs_mean":73.3,"gdl_hdi":0.936,"gdl_region":"Florida","ghsl_smod":30,"lst_anomaly_c":1.57,"lst_anomaly_c_climrel":0.1963,"worldpop_pop_total":4586.0,"frac_under5":3.1,"frac_elderly_65plus":19.8,"frac_elderly_75plus":8.1,"old_age_dependency_ratio":0.28,"has_data":true},"geometry":{"type":"Polygon","coordinates":[[[-80.128032,25.861879],[-80.124397,25.866372],[-80.124031,25.86684],[-80.12422,25.869875],[-80.124431,25.872467],[-80.123932,25.872489],[-80.123648,25.867998],[-80.121202,25.86807],[-80.121099,25.864168],[-80.121061,25.862251],[-80.123844,25.862124],[-80.125507,25.862058],[-80.127506,25.861901],[-80.128032,25.861879]]]}},{"type":"Feature","properties":{"unit_id":"12086008604","name":"Census Tract 86.04","native_id":"12086008604","source":"census_tract_2025","adm3_name":"Miami-Dade County","adm3_id":"12086","area_sqm":1275312,"split":false,"population":2740.0,"days_covered":18,"daytime_peak_f":102.4,"heat_anomaly_f":4.6,"extreme_pct":33.0,"nighttime_stress_f":-5.5,"daytime_peak_f_climrel":0.6622,"heat_anomaly_f_climrel":0.6622,"nighttime_stress_f_climrel":-0.3,"extreme_pct_climrel":0.825,"ref_daytime_hi_mean":97.8,"ref_daytime_hi_p95":103.3,"rwi_mean":null,"health_per_10k":3.6496350364963503,"built_frac":0.492,"tree_frac":0.321,"canopy_frac_over_3m":0.17,"viirs_mean":48.1,"gdl_hdi":0.936,"gdl_region":"Florida","ghsl_smod":30,"lst_anomaly_c":-0.11,"lst_anomaly_c_climrel":0,"worldpop_pop_total":2101.0,"frac_under5":3.5,"frac_elderly_65plus":26.6,"frac_elderly_75plus":11.3,"old_age_dependency_ratio":0.438,"has_data":true},"geometry":{"type":"Polygon","coordinates":[[[-80.366908,25.715442],[-80.358887,25.715757],[-80.358137,25.701346],[-80.364678,25.701142],[-80.366206,25.701895],[-80.366908,25.715442]]]}},{"type":"Feature","properties":{"unit_id":"12086019501","name":"Census Tract 195.01","native_id":"12086019501","source":"census_tract_2025","adm3_name":"Miami-Dade County","adm3_id":"12086","area_sqm":1525147,"split":false,"population":5016.0,"days_covered":18,"daytime_peak_f":101.6,"heat_anomaly_f":4.2,"extreme_pct":22.0,"nighttime_stress_f":-6.1,"daytime_peak_f_climrel":0.5768,"heat_anomaly_f_climrel":0.5768,"nighttime_stress_f_climrel":-0.3,"extreme_pct_climrel":0.55,"ref_daytime_hi_mean":97.4,"ref_daytime_hi_p95":103.0,"rwi_mean":null,"health_per_10k":0.0,"built_frac":0.413,"tree_frac":0.425,"canopy_frac_over_3m":0.307,"viirs_mean":46.9,"gdl_hdi":0.936,"gdl_region":"Florida","ghsl_smod":30,"lst_anomaly_c":null,"lst_anomaly_c_climrel":null,"worldpop_pop_total":4736.0,"frac_under5":4.6,"frac_elderly_65plus":19.1,"frac_elderly_75plus":7.8,"old_age_dependency_ratio":0.294,"has_data":true},"geometry":{"type":"Polygon","coordinates":[[[-80.439157,25.632959],[-80.437179,25.632845],[-80.433192,25.630919],[-80.430738,25.630885],[-80.431033,25.63363],[-80.428069,25.633856],[-80.426852,25.633264],[-80.41471,25.633558],[-80.414735,25.631644],[-80.414567,25.626306],[-80.418597,25.626127],[-80.422747,25.62597],[-80.426555,25.625884],[-80.42666,25.625878],[-80.427009,25.627524],[-80.427257,25.62798],[-80.438947,25.627827],[-80.439157,25.632959]]]}},{"type":"Feature","properties":{"unit_id":"12086002708","name":"Census Tract 27.08","native_id":"12086002708","source":"census_tract_2025","adm3_name":"Miami-Dade County","adm3_id":"12086","area_sqm":154639,"split":false,"population":10866.022241970753,"days_covered":18,"daytime_peak_f":101.9,"heat_anomaly_f":5.5,"extreme_pct":39.0,"nighttime_stress_f":-3.1,"daytime_peak_f_climrel":0.8322,"heat_anomaly_f_climrel":0.8322,"nighttime_stress_f_climrel":-0.3,"extreme_pct_climrel":0.975,"ref_daytime_hi_mean":96.4,"ref_daytime_hi_p95":101.7,"rwi_mean":null,"health_per_10k":0.0,"built_frac":0.118,"tree_frac":0.004,"canopy_frac_over_3m":0.024,"viirs_mean":46.8,"gdl_hdi":0.936,"gdl_region":"Florida","ghsl_smod":30,"lst_anomaly_c":-10.49,"lst_anomaly_c_climrel":0,"worldpop_pop_total":4248.0,"frac_under5":3.8,"frac_elderly_65plus":7.3,"frac_elderly_75plus":2.1,"old_age_dependency_ratio":0.087,"has_data":true},"geometry":{"type":"Polygon","coordinates":[[[-80.189117,25.800901],[-80.162636,25.801571],[-80.163253,25.799369],[-80.163865,25.797191],[-80.182634,25.797149],[-80.187017,25.797144],[-80.189056,25.797136],[-80.18908,25.798131],[-80.189104,25.799155],[-80.189117,25.800901]]]}},{"type":"Feature","properties":{"unit_id":"12086000224","name":"Census Tract 2.24","native_id":"12086000224","source":"census_tract_2025","adm3_name":"Miami-Dade County","adm3_id":"12086","area_sqm":1172651,"split":false,"population":5847.0,"days_covered":18,"daytime_peak_f":102.2,"heat_anomaly_f":5.4,"extreme_pct":33.0,"nighttime_stress_f":-2.9,"daytime_peak_f_climrel":0.8011,"heat_anomaly_f_climrel":0.8011,"nighttime_stress_f_climrel":-0.3,"extreme_pct_climrel":0.825,"ref_daytime_hi_mean":96.9,"ref_daytime_hi_p95":102.4,"rwi_mean":null,"health_per_10k":0.0,"built_frac":0.632,"tree_frac":0.32,"canopy_frac_over_3m":0.281,"viirs_mean":88.5,"gdl_hdi":0.936,"gdl_region":"Florida","ghsl_smod":30,"lst_anomaly_c":2.47,"lst_anomaly_c_climrel":0.3088,"worldpop_pop_total":6279.0,"frac_under5":6.8,"frac_elderly_65plus":10.3,"frac_elderly_75plus":3.3,"old_age_dependency_ratio":0.144,"has_data":true},"geometry":{"type":"Polygon","coordinates":[[[-80.167303,25.911059],[-80.163474,25.914804],[-80.157727,25.915035],[-80.158976,25.906111],[-80.159713,25.904206],[-80.163128,25.900344],[-80.16681,25.900268],[-80.16687,25.902062],[-80.167106,25.906574],[-80.167135,25.907464],[-80.167303,25.911059]]]}},{"type":"Feature","properties":{"unit_id":"12086008312","name":"Census Tract 83.12","native_id":"12086008312","source":"census_tract_2025","adm3_name":"Miami-Dade County","adm3_id":"12086","area_sqm":1709642,"split":false,"population":3033.0,"days_covered":18,"daytime_peak_f":101.6,"heat_anomaly_f":4.2,"extreme_pct":22.0,"nighttime_stress_f":-6.1,"daytime_peak_f_climrel":0.5768,"heat_anomaly_f_climrel":0.5768,"nighttime_stress_f_climrel":-0.3,"extreme_pct_climrel":0.55,"ref_daytime_hi_mean":97.4,"ref_daytime_hi_p95":103.0,"rwi_mean":null,"health_per_10k":3.297065611605671,"built_frac":0.645,"tree_frac":0.111,"canopy_frac_over_3m":0.114,"viirs_mean":58.5,"gdl_hdi":0.936,"gdl_region":"Florida","ghsl_smod":30,"lst_anomaly_c":1.89,"lst_anomaly_c_climrel":0.2362,"worldpop_pop_total":3849.0,"frac_under5":4.9,"frac_elderly_65plus":20.0,"frac_elderly_75plus":8.8,"old_age_dependency_ratio":0.305,"has_data":true},"geometry":{"type":"Polygon","coordinates":[[[-80.385396,25.643505],[-80.383046,25.644743],[-80.382814,25.641859],[-80.377124,25.642279],[-80.376852,25.639177],[-80.374888,25.639299],[-80.373877,25.636842],[-80.374628,25.634948],[-80.372392,25.63142],[-80.372112,25.627797],[-80.374455,25.62771],[-80.379089,25.627446],[-80.379846,25.627435],[-80.380237,25.62741],[-80.381225,25.628594],[-80.382272,25.629395],[-80.384127,25.630852],[-80.385309,25.634113],[-80.385176,25.638291],[-80.385396,25.643505]]]}},{"type":"Feature","properties":{"unit_id":"12086011009","name":"Census Tract 110.09","native_id":"12086011009","source":"census_tract_2025","adm3_name":"Miami-Dade County","adm3_id":"12086","area_sqm":1853755,"split":false,"population":6559.0,"days_covered":18,"daytime_peak_f":101.3,"heat_anomaly_f":3.8,"extreme_pct":28.0,"nighttime_stress_f":-6.7,"daytime_peak_f_climrel":0.5456,"heat_anomaly_f_climrel":0.5456,"nighttime_stress_f_climrel":-0.3,"extreme_pct_climrel":0.7,"ref_daytime_hi_mean":97.6,"ref_daytime_hi_p95":102.6,"rwi_mean":null,"health_per_10k":3.049245311785333,"built_frac":0.617,"tree_frac":0.103,"canopy_frac_over_3m":0.131,"viirs_mean":58.9,"gdl_hdi":0.936,"gdl_region":"Florida","ghsl_smod":30,"lst_anomaly_c":null,"lst_anomaly_c_climrel":null,"worldpop_pop_total":8622.0,"frac_under5":6.5,"frac_elderly_65plus":10.9,"frac_elderly_75plus":3.8,"old_age_dependency_ratio":0.164,"has_data":true},"geometry":{"type":"Polygon","coordinates":[[[-80.439348,25.477495],[-80.433948,25.480839],[-80.428441,25.484302],[-80.42251,25.489347],[-80.419314,25.492279],[-80.418182,25.494081],[-80.417926,25.493916],[-80.416872,25.493258],[-80.416306,25.485102],[-80.416313,25.483745],[-80.418032,25.480391],[-80.418169,25.477691],[-80.422079,25.477717],[-80.426133,25.477679],[-80.428158,25.477649],[-80.436271,25.477488],[-80.439348,25.477495]]]}},{"type":"Feature","properties":{"unit_id":"12086009705","name":"Census Tract 97.05","native_id":"12086009705","source":"census_tract_2025","adm3_name":"Miami-Dade County","adm3_id":"12086","area_sqm":385982,"split":false,"population":2767.0,"days_covered":18,"daytime_peak_f":102.2,"heat_anomaly_f":5.4,"extreme_pct":33.0,"nighttime_stress_f":-2.9,"daytime_peak_f_climrel":0.8011,"heat_anomaly_f_climrel":0.8011,"nighttime_stress_f_climrel":-0.3,"extreme_pct_climrel":0.825,"ref_daytime_hi_mean":96.9,"ref_daytime_hi_p95":102.4,"rwi_mean":null,"health_per_10k":0.0,"built_frac":0.568,"tree_frac":0.108,"canopy_frac_over_3m":0.072,"viirs_mean":81.9,"gdl_hdi":0.936,"gdl_region":"Florida","ghsl_smod":30,"lst_anomaly_c":-0.43,"lst_anomaly_c_climrel":0,"worldpop_pop_total":5578.0,"frac_under5":4.0,"frac_elderly_65plus":27.1,"frac_elderly_75plus":11.6,"old_age_dependency_ratio":0.442,"has_data":true},"geometry":{"type":"Polygon","coordinates":[[[-80.173395,25.948648],[-80.17312,25.949993],[-80.17311,25.951202],[-80.168755,25.951339],[-80.165384,25.951415],[-80.165156,25.947965],[-80.16515,25.947809],[-80.164916,25.946006],[-80.168515,25.945833],[-80.171002,25.944979],[-80.172426,25.944756],[-80.173277,25.944783],[-80.173523,25.946016],[-80.173395,25.948648]]]}},{"type":"Feature","properties":{"unit_id":"12086002403","name":"Census Tract 24.03","native_id":"12086002403","source":"census_tract_2025","adm3_name":"Miami-Dade County","adm3_id":"12086","area_sqm":942364,"split":false,"population":2974.0,"days_covered":18,"daytime_peak_f":101.9,"heat_anomaly_f":5.5,"extreme_pct":39.0,"nighttime_stress_f":-3.1,"daytime_peak_f_climrel":0.8322,"heat_anomaly_f_climrel":0.8322,"nighttime_stress_f_climrel":-0.3,"extreme_pct_climrel":0.975,"ref_daytime_hi_mean":96.4,"ref_daytime_hi_p95":101.7,"rwi_mean":null,"health_per_10k":0.0,"built_frac":0.826,"tree_frac":0.147,"canopy_frac_over_3m":0.164,"viirs_mean":105.3,"gdl_hdi":0.936,"gdl_region":"Florida","ghsl_smod":30,"lst_anomaly_c":2.16,"lst_anomaly_c_climrel":0.27,"worldpop_pop_total":4761.0,"frac_under5":5.0,"frac_elderly_65plus":20.5,"frac_elderly_75plus":8.3,"old_age_dependency_ratio":0.32,"has_data":true},"geometry":{"type":"Polygon","coordinates":[[[-80.240419,25.812307],[-80.236069,25.812062],[-80.232163,25.812038],[-80.232132,25.811197],[-80.232057,25.809331],[-80.231911,25.805648],[-80.231761,25.801903],[-80.235868,25.801767],[-80.240025,25.801683],[-80.240109,25.804461],[-80.240136,25.805349],[-80.240227,25.808618],[-80.240241,25.809087],[-80.24025,25.809539],[-80.240303,25.810959],[-80.240419,25.812307]]]}},{"type":"Feature","properties":{"unit_id":"12086006902","name":"Census Tract 69.02","native_id":"12086006902","source":"census_tract_2025","adm3_name":"Miami-Dade County","adm3_id":"12086","area_sqm":794227,"split":false,"population":2410.0,"days_covered":18,"daytime_peak_f":100.3,"heat_anomaly_f":3.9,"extreme_pct":22.0,"nighttime_stress_f":-1.6,"daytime_peak_f_climrel":0.5895,"heat_anomaly_f_climrel":0.5895,"nighttime_stress_f_climrel":-0.2482,"extreme_pct_climrel":0.55,"ref_daytime_hi_mean":96.4,"ref_daytime_hi_p95":101.7,"rwi_mean":null,"health_per_10k":0.0,"built_frac":0.73,"tree_frac":0.258,"canopy_frac_over_3m":0.285,"viirs_mean":66.7,"gdl_hdi":0.936,"gdl_region":"Florida","ghsl_smod":30,"lst_anomaly_c":2.11,"lst_anomaly_c_climrel":0.2637,"worldpop_pop_total":3287.0,"frac_under5":4.2,"frac_elderly_65plus":24.4,"frac_elderly_75plus":11.0,"old_age_dependency_ratio":0.387,"has_data":true},"geometry":{"type":"Polygon","coordinates":[[[-80.230134,25.750593],[-80.221985,25.750865],[-80.21455,25.751063],[-80.21918,25.747813],[-80.219787,25.746554],[-80.221785,25.745823],[-80.22987,25.742849],[-80.230013,25.747393],[-80.230134,25.750593]]]}},{"type":"Feature","properties":{"unit_id":"12086015201","name":"Census Tract 152.01","native_id":"12086015201","source":"census_tract_2025","adm3_name":"Miami-Dade County","adm3_id":"12086","area_sqm":6728016,"split":false,"population":3608.0,"days_covered":18,"daytime_peak_f":102.5,"heat_anomaly_f":4.0,"extreme_pct":28.0,"nighttime_stress_f":-7.5,"daytime_peak_f_climrel":0.5775,"heat_anomaly_f_climrel":0.5775,"nighttime_stress_f_climrel":-0.3,"extreme_pct_climrel":0.7,"ref_daytime_hi_mean":98.6,"ref_daytime_hi_p95":103.5,"rwi_mean":null,"health_per_10k":0.0,"built_frac":0.104,"tree_frac":0.048,"canopy_frac_over_3m":0.168,"viirs_mean":11.0,"gdl_hdi":0.936,"gdl_region":"Florida","ghsl_smod":11,"lst_anomaly_c":-4.6,"lst_anomaly_c_climrel":0,"worldpop_pop_total":3587.0,"frac_under5":3.7,"frac_elderly_65plus":16.9,"frac_elderly_75plus":7.6,"old_age_dependency_ratio":0.254,"has_data":true},"geometry":{"type":"Polygon","coordinates":[[[-80.480709,25.745041],[-80.472473,25.745333],[-80.464472,25.745617],[-80.464223,25.741933],[-80.448248,25.742478],[-80.440246,25.742756],[-80.440036,25.737297],[-80.440512,25.737278],[-80.443667,25.736843],[-80.444333,25.735278],[-80.443783,25.733625],[-80.443499,25.72815],[-80.447697,25.728013],[-80.455692,25.727702],[-80.463631,25.727442],[-80.479363,25.726914],[-80.480034,25.727357],[-80.480709,25.745041]]]}},{"type":"Feature","properties":{"unit_id":"12086012101","name":"Census Tract 121.01","native_id":"12086012101","source":"census_tract_2025","adm3_name":"Miami-Dade County","adm3_id":"12086","area_sqm":587699,"split":false,"population":2172.5041156337516,"days_covered":18,"daytime_peak_f":102.6,"heat_anomaly_f":4.5,"extreme_pct":28.0,"nighttime_stress_f":-4.7,"daytime_peak_f_climrel":0.6666,"heat_anomaly_f_climrel":0.6666,"nighttime_stress_f_climrel":-0.3,"extreme_pct_climrel":0.7,"ref_daytime_hi_mean":98.0,"ref_daytime_hi_p95":103.2,"rwi_mean":null,"health_per_10k":0.0,"built_frac":0.695,"tree_frac":0.011,"canopy_frac_over_3m":0.11,"viirs_mean":59.4,"gdl_hdi":0.936,"gdl_region":"Florida","ghsl_smod":30,"lst_anomaly_c":2.98,"lst_anomaly_c_climrel":0.3725,"worldpop_pop_total":3124.0,"frac_under5":5.1,"frac_elderly_65plus":15.8,"frac_elderly_75plus":5.8,"old_age_dependency_ratio":0.234,"has_data":true},"geometry":{"type":"Polygon","coordinates":[[[-80.326125,25.942343],[-80.322251,25.942286],[-80.320331,25.941632],[-80.319404,25.941567],[-80.319468,25.941111],[-80.319949,25.939598],[-80.320065,25.939238],[-80.32055,25.939363],[-80.322325,25.933588],[-80.322879,25.931789],[-80.323868,25.928578],[-80.324817,25.928588],[-80.325301,25.927598],[-80.325559,25.927619],[-80.325459,25.928107],[-80.326125,25.942343]]]}},{"type":"Feature","properties":{"unit_id":"12086016300","name":"Census Tract 163","native_id":"12086016300","source":"census_tract_2025","adm3_name":"Miami-Dade County","adm3_id":"12086","area_sqm":1922345,"split":false,"population":1896.0,"days_covered":18,"daytime_peak_f":102.4,"heat_anomaly_f":4.6,"extreme_pct":33.0,"nighttime_stress_f":-5.5,"daytime_peak_f_climrel":0.6622,"heat_anomaly_f_climrel":0.6622,"nighttime_stress_f_climrel":-0.3,"extreme_pct_climrel":0.825,"ref_daytime_hi_mean":97.8,"ref_daytime_hi_p95":103.3,"rwi_mean":null,"health_per_10k":5.274261603375527,"built_frac":0.587,"tree_frac":0.201,"canopy_frac_over_3m":0.168,"viirs_mean":43.2,"gdl_hdi":0.936,"gdl_region":"Florida","ghsl_smod":30,"lst_anomaly_c":0.13,"lst_anomaly_c_climrel":0.0163,"worldpop_pop_total":5709.0,"frac_under5":3.8,"frac_elderly_65plus":21.0,"frac_elderly_75plus":7.8,"old_age_dependency_ratio":0.324,"has_data":true},"geometry":{"type":"Polygon","coordinates":[[[-80.455431,25.720425],[-80.447412,25.720717],[-80.447697,25.728013],[-80.443499,25.72815],[-80.439695,25.728287],[-80.439435,25.726371],[-80.442514,25.725477],[-80.442892,25.721792],[-80.44465,25.720773],[-80.444892,25.719387],[-80.443096,25.718905],[-80.443601,25.715388],[-80.441192,25.715838],[-80.438761,25.718097],[-80.434848,25.719504],[-80.435257,25.7212],[-80.434711,25.721403],[-80.431339,25.721194],[-80.431068,25.713879],[-80.439129,25.713638],[-80.447127,25.713418],[-80.455153,25.713179],[-80.455431,25.720425]]]}},{"type":"Feature","properties":{"unit_id":"12086980900","name":"Census Tract 9809","native_id":"12086980900","source":"census_tract_2025","adm3_name":"Miami-Dade County","adm3_id":"12086","area_sqm":4978586,"split":false,"population":32.0,"days_covered":18,"daytime_peak_f":102.5,"heat_anomaly_f":4.0,"extreme_pct":28.0,"nighttime_stress_f":-7.5,"daytime_peak_f_climrel":0.5775,"heat_anomaly_f_climrel":0.5775,"nighttime_stress_f_climrel":-0.3,"extreme_pct_climrel":0.7,"ref_daytime_hi_mean":98.6,"ref_daytime_hi_p95":103.5,"rwi_mean":null,"health_per_10k":0.0,"built_frac":0.065,"tree_frac":0.072,"canopy_frac_over_3m":0.033,"viirs_mean":6.8,"gdl_hdi":0.936,"gdl_region":"Florida","ghsl_smod":11,"lst_anomaly_c":-11.06,"lst_anomaly_c_climrel":0,"worldpop_pop_total":null,"frac_under5":null,"frac_elderly_65plus":null,"frac_elderly_75plus":null,"old_age_dependency_ratio":null,"has_data":true},"geometry":{"type":"Polygon","coordinates":[[[-80.499,25.683583],[-80.496285,25.687982],[-80.495744,25.690021],[-80.497039,25.726973],[-80.493924,25.727011],[-80.494146,25.73158],[-80.48191,25.73158],[-80.481651,25.727084],[-80.480025,25.727094],[-80.479539,25.712371],[-80.479163,25.703747],[-80.47868,25.697933],[-80.478351,25.68862],[-80.478401,25.686439],[-80.480515,25.684488],[-80.481651,25.683284],[-80.498687,25.682284],[-80.499,25.683583]]]}},{"type":"Feature","properties":{"unit_id":"12086011405","name":"Census Tract 114.05","native_id":"12086011405","source":"census_tract_2025","adm3_name":"Miami-Dade County","adm3_id":"12086","area_sqm":2515813,"split":false,"population":3578.0,"days_covered":18,"daytime_peak_f":100.7,"heat_anomaly_f":3.0,"extreme_pct":17.0,"nighttime_stress_f":-8.0,"daytime_peak_f_climrel":0.4742,"heat_anomaly_f_climrel":0.4742,"nighttime_stress_f_climrel":-0.3,"extreme_pct_climrel":0.425,"ref_daytime_hi_mean":97.7,"ref_daytime_hi_p95":102.5,"rwi_mean":null,"health_per_10k":0.0,"built_frac":0.285,"tree_frac":0.059,"canopy_frac_over_3m":0.098,"viirs_mean":40.8,"gdl_hdi":0.936,"gdl_region":"Florida","ghsl_smod":30,"lst_anomaly_c":null,"lst_anomaly_c_climrel":null,"worldpop_pop_total":3852.0,"frac_under5":6.8,"frac_elderly_65plus":18.0,"frac_elderly_75plus":7.8,"old_age_dependency_ratio":0.299,"has_data":true},"geometry":{"type":"Polygon","coordinates":[[[-80.501565,25.462375],[-80.497464,25.462398],[-80.493495,25.462412],[-80.493446,25.455121],[-80.485336,25.455153],[-80.477197,25.455169],[-80.477164,25.447837],[-80.485343,25.44778],[-80.489374,25.447815],[-80.493421,25.447785],[-80.501551,25.447693],[-80.501562,25.458743],[-80.501565,25.462375]]]}},{"type":"Feature","properties":{"unit_id":"12086017000","name":"Census Tract 170","native_id":"12086017000","source":"census_tract_2025","adm3_name":"Miami-Dade County","adm3_id":"12086","area_sqm":1237328,"split":false,"population":7692.0,"days_covered":18,"daytime_peak_f":102.4,"heat_anomaly_f":4.6,"extreme_pct":33.0,"nighttime_stress_f":-5.5,"daytime_peak_f_climrel":0.6622,"heat_anomaly_f_climrel":0.6622,"nighttime_stress_f_climrel":-0.3,"extreme_pct_climrel":0.825,"ref_daytime_hi_mean":97.8,"ref_daytime_hi_p95":103.3,"rwi_mean":null,"health_per_10k":0.0,"built_frac":0.69,"tree_frac":0.083,"canopy_frac_over_3m":0.12,"viirs_mean":57.6,"gdl_hdi":0.936,"gdl_region":"Florida","ghsl_smod":30,"lst_anomaly_c":0.24,"lst_anomaly_c_climrel":0.03,"worldpop_pop_total":4376.0,"frac_under5":3.8,"frac_elderly_65plus":23.3,"frac_elderly_75plus":9.9,"old_age_dependency_ratio":0.363,"has_data":true},"geometry":{"type":"Polygon","coordinates":[[[-80.415105,25.714388],[-80.407042,25.714653],[-80.406714,25.713369],[-80.403649,25.712561],[-80.404632,25.71091],[-80.405241,25.710932],[-80.407261,25.709797],[-80.407151,25.708463],[-80.408384,25.706723],[-80.406829,25.705352],[-80.40664,25.703837],[-80.406501,25.700196],[-80.414508,25.699951],[-80.414739,25.705175],[-80.414909,25.709712],[-80.415105,25.714388]]]}},{"type":"Feature","properties":{"unit_id":"12086010501","name":"Census Tract 105.01","native_id":"12086010501","source":"census_tract_2025","adm3_name":"Miami-Dade County","adm3_id":"12086","area_sqm":3179235,"split":false,"population":4028.0,"days_covered":18,"daytime_peak_f":101.6,"heat_anomaly_f":4.2,"extreme_pct":22.0,"nighttime_stress_f":-6.1,"daytime_peak_f_climrel":0.5768,"heat_anomaly_f_climrel":0.5768,"nighttime_stress_f_climrel":-0.3,"extreme_pct_climrel":0.55,"ref_daytime_hi_mean":97.4,"ref_daytime_hi_p95":103.0,"rwi_mean":null,"health_per_10k":4.965243296921549,"built_frac":0.455,"tree_frac":0.118,"canopy_frac_over_3m":0.125,"viirs_mean":47.0,"gdl_hdi":0.936,"gdl_region":"Florida","ghsl_smod":30,"lst_anomaly_c":null,"lst_anomaly_c_climrel":null,"worldpop_pop_total":7276.0,"frac_under5":6.3,"frac_elderly_65plus":14.4,"frac_elderly_75plus":5.4,"old_age_dependency_ratio":0.223,"has_data":true},"geometry":{"type":"Polygon","coordinates":[[[-80.396251,25.551449],[-80.392469,25.555158],[-80.388832,25.558889],[-80.385289,25.562534],[-80.381577,25.566256],[-80.378853,25.569108],[-80.377667,25.570351],[-80.376297,25.571719],[-80.372427,25.575687],[-80.372284,25.569977],[-80.372285,25.569859],[-80.372215,25.566431],[-80.372188,25.562679],[-80.37214,25.559053],[-80.372071,25.551629],[-80.376248,25.551635],[-80.380243,25.552827],[-80.380206,25.551584],[-80.392529,25.551441],[-80.396251,25.551449]]]}},{"type":"Feature","properties":{"unit_id":"12086017102","name":"Census Tract 171.02","native_id":"12086017102","source":"census_tract_2025","adm3_name":"Miami-Dade County","adm3_id":"12086","area_sqm":570796,"split":false,"population":3197.0,"days_covered":18,"daytime_peak_f":102.4,"heat_anomaly_f":4.6,"extreme_pct":33.0,"nighttime_stress_f":-5.5,"daytime_peak_f_climrel":0.6622,"heat_anomaly_f_climrel":0.6622,"nighttime_stress_f_climrel":-0.3,"extreme_pct_climrel":0.825,"ref_daytime_hi_mean":97.8,"ref_daytime_hi_p95":103.3,"rwi_mean":null,"health_per_10k":0.0,"built_frac":0.563,"tree_frac":0.204,"canopy_frac_over_3m":0.188,"viirs_mean":49.4,"gdl_hdi":0.936,"gdl_region":"Florida","ghsl_smod":30,"lst_anomaly_c":null,"lst_anomaly_c_climrel":null,"worldpop_pop_total":2844.0,"frac_under5":4.3,"frac_elderly_65plus":22.8,"frac_elderly_75plus":10.2,"old_age_dependency_ratio":0.355,"has_data":true},"geometry":{"type":"Polygon","coordinates":[[[-80.406829,25.705352],[-80.405753,25.705799],[-80.403527,25.705991],[-80.401918,25.706686],[-80.40093,25.70945],[-80.398893,25.709532],[-80.398702,25.70409],[-80.398474,25.700454],[-80.406501,25.700196],[-80.40664,25.703837],[-80.406829,25.705352]]]}},{"type":"Feature","properties":{"unit_id":"12086009027","name":"Census Tract 90.27","native_id":"12086009027","source":"census_tract_2025","adm3_name":"Miami-Dade County","adm3_id":"12086","area_sqm":490407,"split":false,"population":1391.0,"days_covered":18,"daytime_peak_f":102.1,"heat_anomaly_f":4.6,"extreme_pct":44.0,"nighttime_stress_f":-4.1,"daytime_peak_f_climrel":0.6814,"heat_anomaly_f_climrel":0.6814,"nighttime_stress_f_climrel":-0.3,"extreme_pct_climrel":1,"ref_daytime_hi_mean":97.5,"ref_daytime_hi_p95":102.7,"rwi_mean":null,"health_per_10k":0.0,"built_frac":0.53,"tree_frac":0.078,"canopy_frac_over_3m":0.127,"viirs_mean":112.0,"gdl_hdi":0.936,"gdl_region":"Florida","ghsl_smod":30,"lst_anomaly_c":null,"lst_anomaly_c_climrel":null,"worldpop_pop_total":5228.0,"frac_under5":4.6,"frac_elderly_65plus":17.3,"frac_elderly_75plus":6.6,"old_age_dependency_ratio":0.249,"has_data":true},"geometry":{"type":"Polygon","coordinates":[[[-80.349112,25.774056],[-80.347379,25.775221],[-80.346354,25.778596],[-80.345665,25.778605],[-80.344782,25.778597],[-80.344775,25.780037],[-80.336672,25.780024],[-80.336706,25.778168],[-80.338968,25.777693],[-80.3404,25.777693],[-80.340353,25.774523],[-80.341018,25.773305],[-80.34271,25.77363],[-80.345286,25.77283],[-80.346604,25.772721],[-80.347062,25.77277],[-80.347557,25.772911],[-80.348099,25.77317],[-80.348465,25.773387],[-80.348709,25.773609],[-80.349112,25.774056]]]}},{"type":"Feature","properties":{"unit_id":"12086009024","name":"Census Tract 90.24","native_id":"12086009024","source":"census_tract_2025","adm3_name":"Miami-Dade County","adm3_id":"12086","area_sqm":659261,"split":false,"population":3236.0,"days_covered":18,"daytime_peak_f":102.1,"heat_anomaly_f":4.6,"extreme_pct":44.0,"nighttime_stress_f":-4.1,"daytime_peak_f_climrel":0.6814,"heat_anomaly_f_climrel":0.6814,"nighttime_stress_f_climrel":-0.3,"extreme_pct_climrel":1,"ref_daytime_hi_mean":97.5,"ref_daytime_hi_p95":102.7,"rwi_mean":null,"health_per_10k":0.0,"built_frac":0.574,"tree_frac":0.073,"canopy_frac_over_3m":0.09,"viirs_mean":102.7,"gdl_hdi":0.936,"gdl_region":"Florida","ghsl_smod":30,"lst_anomaly_c":-0.68,"lst_anomaly_c_climrel":0,"worldpop_pop_total":7864.0,"frac_under5":5.4,"frac_elderly_65plus":12.3,"frac_elderly_75plus":4.6,"old_age_dependency_ratio":0.169,"has_data":true},"geometry":{"type":"Polygon","coordinates":[[[-80.353721,25.776872],[-80.353145,25.781218],[-80.353092,25.78161],[-80.336689,25.781566],[-80.336693,25.781231],[-80.336672,25.780024],[-80.344775,25.780037],[-80.344782,25.778597],[-80.345665,25.778605],[-80.346354,25.778596],[-80.347379,25.775221],[-80.349112,25.774056],[-80.350156,25.775114],[-80.351018,25.775566],[-80.352772,25.775803],[-80.353684,25.775736],[-80.353721,25.776872]]]}},{"type":"Feature","properties":{"unit_id":"12086009056","name":"Census Tract 90.56","native_id":"12086009056","source":"census_tract_2025","adm3_name":"Miami-Dade County","adm3_id":"12086","area_sqm":1243531,"split":false,"population":4185.0,"days_covered":18,"daytime_peak_f":102.3,"heat_anomaly_f":4.1,"extreme_pct":33.0,"nighttime_stress_f":-5.1,"daytime_peak_f_climrel":0.6155,"heat_anomaly_f_climrel":0.6155,"nighttime_stress_f_climrel":-0.3,"extreme_pct_climrel":0.825,"ref_daytime_hi_mean":98.1,"ref_daytime_hi_p95":103.4,"rwi_mean":null,"health_per_10k":0.0,"built_frac":0.425,"tree_frac":0.14,"canopy_frac_over_3m":0.148,"viirs_mean":63.7,"gdl_hdi":0.936,"gdl_region":"Florida","ghsl_smod":30,"lst_anomaly_c":0.1,"lst_anomaly_c_climrel":0.0125,"worldpop_pop_total":3232.0,"frac_under5":3.4,"frac_elderly_65plus":17.6,"frac_elderly_75plus":7.1,"old_age_dependency_ratio":0.268,"has_data":true},"geometry":{"type":"Polygon","coordinates":[[[-80.369863,25.826172],[-80.361906,25.826246],[-80.361574,25.822981],[-80.360299,25.820903],[-80.359623,25.81979],[-80.359457,25.819024],[-80.361536,25.813281],[-80.361572,25.811599],[-80.369372,25.811649],[-80.369674,25.818918],[-80.369756,25.821883],[-80.369863,25.826172]]]}},{"type":"Feature","properties":{"unit_id":"12086981000","name":"Census Tract 9810","native_id":"12086981000","source":"census_tract_2025","adm3_name":"Miami-Dade County","adm3_id":"12086","area_sqm":2462945,"split":false,"population":6278.0,"days_covered":18,"daytime_peak_f":101.9,"heat_anomaly_f":5.5,"extreme_pct":39.0,"nighttime_stress_f":-3.1,"daytime_peak_f_climrel":0.8322,"heat_anomaly_f_climrel":0.8322,"nighttime_stress_f_climrel":-0.3,"extreme_pct_climrel":0.975,"ref_daytime_hi_mean":96.4,"ref_daytime_hi_p95":101.7,"rwi_mean":null,"health_per_10k":0.0,"built_frac":0.363,"tree_frac":0.004,"canopy_frac_over_3m":0.02,"viirs_mean":102.8,"gdl_hdi":0.936,"gdl_region":"Florida","ghsl_smod":30,"lst_anomaly_c":-5.43,"lst_anomaly_c_climrel":0,"worldpop_pop_total":4.0,"frac_under5":0.6,"frac_elderly_65plus":45.3,"frac_elderly_75plus":31.6,"old_age_dependency_ratio":0.848,"has_data":true},"geometry":{"type":"Polygon","coordinates":[[[-80.185512,25.783108],[-80.185464,25.787244],[-80.185403,25.789672],[-80.179887,25.789913],[-80.179085,25.78889],[-80.166154,25.788887],[-80.16696,25.786213],[-80.168465,25.781856],[-80.168969,25.7797],[-80.16905,25.779209],[-80.14447,25.768649],[-80.141408,25.767057],[-80.13908,25.766187],[-80.139157,25.76545],[-80.150168,25.765077],[-80.154968,25.764277],[-80.162312,25.76435],[-80.173469,25.769776],[-80.186569,25.769677],[-80.187312,25.770798],[-80.185088,25.771579],[-80.185061,25.775374],[-80.1833,25.778763],[-80.184803,25.777334],[-80.186027,25.777763],[-80.185231,25.780322],[-80.185291,25.782216],[-80.188899,25.782384],[-80.185512,25.783108]]]}},{"type":"Feature","properties":{"unit_id":"12086009324","name":"Census Tract 93.24","native_id":"12086009324","source":"census_tract_2025","adm3_name":"Miami-Dade County","adm3_id":"12086","area_sqm":654160,"split":false,"population":4334.0,"days_covered":18,"daytime_peak_f":102.6,"heat_anomaly_f":4.5,"extreme_pct":28.0,"nighttime_stress_f":-4.7,"daytime_peak_f_climrel":0.6666,"heat_anomaly_f_climrel":0.6666,"nighttime_stress_f_climrel":-0.3,"extreme_pct_climrel":0.7,"ref_daytime_hi_mean":98.0,"ref_daytime_hi_p95":103.2,"rwi_mean":null,"health_per_10k":0.0,"built_frac":0.741,"tree_frac":0.037,"canopy_frac_over_3m":0.108,"viirs_mean":103.3,"gdl_hdi":0.936,"gdl_region":"Florida","ghsl_smod":30,"lst_anomaly_c":2.35,"lst_anomaly_c_climrel":0.2938,"worldpop_pop_total":5070.0,"frac_under5":4.2,"frac_elderly_65plus":23.5,"frac_elderly_75plus":10.4,"old_age_dependency_ratio":0.37,"has_data":true},"geometry":{"type":"Polygon","coordinates":[[[-80.308213,25.898794],[-80.300188,25.898823],[-80.30002,25.89574],[-80.299866,25.891557],[-80.299805,25.890673],[-80.303821,25.89068],[-80.303882,25.891588],[-80.307864,25.891569],[-80.307952,25.892455],[-80.308213,25.898794]]]}},{"type":"Feature","properties":{"unit_id":"12086004500","name":"Census Tract 45","native_id":"12086004500","source":"census_tract_2025","adm3_name":"Miami-Dade County","adm3_id":"12086","area_sqm":1421564,"split":false,"population":6298.0,"days_covered":18,"daytime_peak_f":102.9,"heat_anomaly_f":6.1,"extreme_pct":44.0,"nighttime_stress_f":-3.1,"daytime_peak_f_climrel":0.9278,"heat_anomaly_f_climrel":0.9278,"nighttime_stress_f_climrel":-0.3,"extreme_pct_climrel":1,"ref_daytime_hi_mean":96.9,"ref_daytime_hi_p95":102.1,"rwi_mean":null,"health_per_10k":3.1756113051762465,"built_frac":0.309,"tree_frac":0.089,"canopy_frac_over_3m":0.118,"viirs_mean":60.7,"gdl_hdi":0.936,"gdl_region":"Florida","ghsl_smod":30,"lst_anomaly_c":-6.07,"lst_anomaly_c_climrel":0,"worldpop_pop_total":5589.0,"frac_under5":3.8,"frac_elderly_65plus":38.5,"frac_elderly_75plus":18.9,"old_age_dependency_ratio":0.747,"has_data":true},"geometry":{"type":"Polygon","coordinates":[[[-80.150168,25.765077],[-80.139157,25.76545],[-80.13908,25.766187],[-80.141408,25.767057],[-80.14447,25.768649],[-80.142783,25.770653],[-80.14365,25.773881],[-80.141932,25.774408],[-80.140649,25.77442],[-80.139546,25.772574],[-80.139213,25.772076],[-80.138257,25.7723],[-80.135983,25.772374],[-80.134644,25.772388],[-80.133514,25.772223],[-80.132511,25.772051],[-80.1306565827705,25.7719904131159],[-80.131111,25.76976],[-80.1310444947992,25.7684108944979],[-80.130845,25.764364],[-80.1309929613852,25.7642637445736],[-80.133686,25.762439],[-80.1338556797555,25.7621470692867],[-80.1342751490363,25.7614253805621],[-80.1370570460494,25.7566391809546],[-80.137099,25.756567],[-80.1396389234784,25.7555349414835],[-80.139688,25.755515],[-80.1405883296597,25.754228123493],[-80.154968,25.764277],[-80.150168,25.765077]]]}},{"type":"Feature","properties":{"unit_id":"12086009503","name":"Census Tract 95.03","native_id":"12086009503","source":"census_tract_2025","adm3_name":"Miami-Dade County","adm3_id":"12086","area_sqm":2572628,"split":false,"population":5554.0,"days_covered":18,"daytime_peak_f":102.2,"heat_anomaly_f":5.4,"extreme_pct":33.0,"nighttime_stress_f":-2.9,"daytime_peak_f_climrel":0.8011,"heat_anomaly_f_climrel":0.8011,"nighttime_stress_f_climrel":-0.3,"extreme_pct_climrel":0.825,"ref_daytime_hi_mean":96.9,"ref_daytime_hi_p95":102.4,"rwi_mean":null,"health_per_10k":0.0,"built_frac":0.539,"tree_frac":0.277,"canopy_frac_over_3m":0.213,"viirs_mean":50.0,"gdl_hdi":0.936,"gdl_region":"Florida","ghsl_smod":30,"lst_anomaly_c":0.28,"lst_anomaly_c_climrel":0.035,"worldpop_pop_total":5119.0,"frac_under5":4.6,"frac_elderly_65plus":22.1,"frac_elderly_75plus":8.3,"old_age_dependency_ratio":0.358,"has_data":true},"geometry":{"type":"Polygon","coordinates":[[[-80.245317,25.940953],[-80.241286,25.941273],[-80.237306,25.94141],[-80.233285,25.941582],[-80.229279,25.941561],[-80.22888,25.934238],[-80.228439,25.926885],[-80.232499,25.926755],[-80.236594,25.926618],[-80.244602,25.926441],[-80.244947,25.933654],[-80.245317,25.940953]]]}},{"type":"Feature","properties":{"unit_id":"12086009602","name":"Census Tract 96.02","native_id":"12086009602","source":"census_tract_2025","adm3_name":"Miami-Dade County","adm3_id":"12086","area_sqm":1342852,"split":false,"population":4859.0,"days_covered":18,"daytime_peak_f":102.2,"heat_anomaly_f":5.4,"extreme_pct":33.0,"nighttime_stress_f":-2.9,"daytime_peak_f_climrel":0.8011,"heat_anomaly_f_climrel":0.8011,"nighttime_stress_f_climrel":-0.3,"extreme_pct_climrel":0.825,"ref_daytime_hi_mean":96.9,"ref_daytime_hi_p95":102.4,"rwi_mean":null,"health_per_10k":0.0,"built_frac":0.799,"tree_frac":0.07,"canopy_frac_over_3m":0.092,"viirs_mean":92.9,"gdl_hdi":0.936,"gdl_region":"Florida","ghsl_smod":30,"lst_anomaly_c":2.61,"lst_anomaly_c_climrel":0.3262,"worldpop_pop_total":3982.0,"frac_under5":6.1,"frac_elderly_65plus":20.3,"frac_elderly_75plus":8.0,"old_age_dependency_ratio":0.326,"has_data":true},"geometry":{"type":"Polygon","coordinates":[[[-80.205443,25.94981],[-80.201403,25.949982],[-80.197349,25.950157],[-80.190275,25.950439],[-80.189565,25.950263],[-80.188781,25.949673],[-80.185712,25.947666],[-80.186214,25.947279],[-80.193051,25.941565],[-80.195144,25.942883],[-80.196934,25.942871],[-80.201086,25.942697],[-80.20519,25.942555],[-80.205443,25.94981]]]}},{"type":"Feature","properties":{"unit_id":"12086001302","name":"Census Tract 13.02","native_id":"12086001302","source":"census_tract_2025","adm3_name":"Miami-Dade County","adm3_id":"12086","area_sqm":1674680,"split":false,"population":6436.0,"days_covered":18,"daytime_peak_f":101.9,"heat_anomaly_f":5.5,"extreme_pct":39.0,"nighttime_stress_f":-3.1,"daytime_peak_f_climrel":0.8322,"heat_anomaly_f_climrel":0.8322,"nighttime_stress_f_climrel":-0.3,"extreme_pct_climrel":0.975,"ref_daytime_hi_mean":96.4,"ref_daytime_hi_p95":101.7,"rwi_mean":null,"health_per_10k":0.0,"built_frac":0.247,"tree_frac":0.186,"canopy_frac_over_3m":0.171,"viirs_mean":52.4,"gdl_hdi":0.936,"gdl_region":"Florida","ghsl_smod":30,"lst_anomaly_c":-5.07,"lst_anomaly_c_climrel":0,"worldpop_pop_total":4124.0,"frac_under5":3.9,"frac_elderly_65plus":16.4,"frac_elderly_75plus":6.1,"old_age_dependency_ratio":0.224,"has_data":true},"geometry":{"type":"Polygon","coordinates":[[[-80.188753,25.847706],[-80.186176,25.846409],[-80.18458,25.84652],[-80.180595,25.847147],[-80.173451,25.844589],[-80.169616,25.842678],[-80.160935,25.842783],[-80.160805,25.839805],[-80.160673,25.836767],[-80.160497,25.833332],[-80.184031,25.832641],[-80.187934,25.832554],[-80.187971,25.833222],[-80.188147,25.836509],[-80.18835,25.840243],[-80.188753,25.847706]]]}},{"type":"Feature","properties":{"unit_id":"12086016402","name":"Census Tract 164.02","native_id":"12086016402","source":"census_tract_2025","adm3_name":"Miami-Dade County","adm3_id":"12086","area_sqm":3264781,"split":false,"population":0.0,"days_covered":18,"daytime_peak_f":102.5,"heat_anomaly_f":4.0,"extreme_pct":28.0,"nighttime_stress_f":-7.5,"daytime_peak_f_climrel":0.5775,"heat_anomaly_f_climrel":0.5775,"nighttime_stress_f_climrel":-0.3,"extreme_pct_climrel":0.7,"ref_daytime_hi_mean":98.6,"ref_daytime_hi_p95":103.5,"rwi_mean":null,"health_per_10k":null,"built_frac":0.16,"tree_frac":0.079,"canopy_frac_over_3m":0.359,"viirs_mean":8.6,"gdl_hdi":0.936,"gdl_region":"Florida","ghsl_smod":30,"lst_anomaly_c":null,"lst_anomaly_c_climrel":null,"worldpop_pop_total":1776.0,"frac_under5":3.9,"frac_elderly_65plus":15.5,"frac_elderly_75plus":7.1,"old_age_dependency_ratio":0.226,"has_data":true},"geometry":{"type":"Polygon","coordinates":[[[-80.480034,25.727357],[-80.479363,25.726914],[-80.463631,25.727442],[-80.463364,25.720158],[-80.455431,25.720425],[-80.455153,25.713179],[-80.457548,25.713154],[-80.463059,25.712917],[-80.479539,25.712371],[-80.480025,25.727094],[-80.480034,25.727357]]]}},{"type":"Feature","properties":{"unit_id":"12086011003","name":"Census Tract 110.03","native_id":"12086011003","source":"census_tract_2025","adm3_name":"Miami-Dade County","adm3_id":"12086","area_sqm":1839854,"split":false,"population":5367.0,"days_covered":18,"daytime_peak_f":101.3,"heat_anomaly_f":3.8,"extreme_pct":28.0,"nighttime_stress_f":-6.7,"daytime_peak_f_climrel":0.5456,"heat_anomaly_f_climrel":0.5456,"nighttime_stress_f_climrel":-0.3,"extreme_pct_climrel":0.7,"ref_daytime_hi_mean":97.6,"ref_daytime_hi_p95":102.6,"rwi_mean":null,"health_per_10k":1.8632383081796162,"built_frac":0.701,"tree_frac":0.08,"canopy_frac_over_3m":0.148,"viirs_mean":45.2,"gdl_hdi":0.936,"gdl_region":"Florida","ghsl_smod":30,"lst_anomaly_c":null,"lst_anomaly_c_climrel":null,"worldpop_pop_total":5555.0,"frac_under5":5.0,"frac_elderly_65plus":17.9,"frac_elderly_75plus":8.1,"old_age_dependency_ratio":0.278,"has_data":true},"geometry":{"type":"Polygon","coordinates":[[[-80.451981,25.491994],[-80.444894,25.492034],[-80.436683,25.492123],[-80.436551,25.487583],[-80.436542,25.486977],[-80.436484,25.484843],[-80.436372,25.481208],[-80.436689,25.480266],[-80.43872,25.478947],[-80.442271,25.478685],[-80.442281,25.477423],[-80.446864,25.477387],[-80.447013,25.479051],[-80.447596,25.481066],[-80.447765,25.482329],[-80.447851,25.484691],[-80.447875,25.486506],[-80.451779,25.490921],[-80.451981,25.491994]]]}},{"type":"Feature","properties":{"unit_id":"12086008101","name":"Census Tract 81.01","native_id":"12086008101","source":"census_tract_2025","adm3_name":"Miami-Dade County","adm3_id":"12086","area_sqm":4476150,"split":false,"population":2618.0,"days_covered":18,"daytime_peak_f":102.2,"heat_anomaly_f":5.2,"extreme_pct":28.0,"nighttime_stress_f":-3.6,"daytime_peak_f_climrel":0.7489,"heat_anomaly_f_climrel":0.7489,"nighttime_stress_f_climrel":-0.3,"extreme_pct_climrel":0.7,"ref_daytime_hi_mean":97.0,"ref_daytime_hi_p95":102.0,"rwi_mean":null,"health_per_10k":0.0,"built_frac":0.174,"tree_frac":0.753,"canopy_frac_over_3m":0.479,"viirs_mean":23.6,"gdl_hdi":0.936,"gdl_region":"Florida","ghsl_smod":30,"lst_anomaly_c":-3.87,"lst_anomaly_c_climrel":0,"worldpop_pop_total":4225.0,"frac_under5":3.1,"frac_elderly_65plus":21.3,"frac_elderly_75plus":7.8,"old_age_dependency_ratio":0.346,"has_data":true},"geometry":{"type":"Polygon","coordinates":[[[-80.310466,25.666824],[-80.302379,25.666998],[-80.302112,25.659683],[-80.28807,25.659963],[-80.283827,25.660045],[-80.283844,25.655837],[-80.285571,25.652613],[-80.290302,25.64609],[-80.291245,25.645432],[-80.293373,25.644986],[-80.301563,25.644767],[-80.308243,25.644577],[-80.309671,25.644531],[-80.310079,25.655715],[-80.310466,25.666824]]]}},{"type":"Feature","properties":{"unit_id":"12086009704","name":"Census Tract 97.04","native_id":"12086009704","source":"census_tract_2025","adm3_name":"Miami-Dade County","adm3_id":"12086","area_sqm":2972875,"split":false,"population":6907.0,"days_covered":18,"daytime_peak_f":102.0,"heat_anomaly_f":5.1,"extreme_pct":33.0,"nighttime_stress_f":-3.1,"daytime_peak_f_climrel":0.7587,"heat_anomaly_f_climrel":0.7587,"nighttime_stress_f_climrel":-0.3,"extreme_pct_climrel":0.825,"ref_daytime_hi_mean":96.8,"ref_daytime_hi_p95":102.3,"rwi_mean":null,"health_per_10k":1.4478065730418415,"built_frac":0.569,"tree_frac":0.243,"canopy_frac_over_3m":0.229,"viirs_mean":58.7,"gdl_hdi":0.936,"gdl_region":"Florida","ghsl_smod":30,"lst_anomaly_c":-0.07,"lst_anomaly_c_climrel":0,"worldpop_pop_total":7316.0,"frac_under5":4.7,"frac_elderly_65plus":19.1,"frac_elderly_75plus":7.5,"old_age_dependency_ratio":0.304,"has_data":true},"geometry":{"type":"Polygon","coordinates":[[[-80.167078,25.961115],[-80.165638,25.963995],[-80.162655,25.963091],[-80.162037,25.963062],[-80.159649,25.963141],[-80.156086,25.963049],[-80.147497,25.963578],[-80.14726,25.955771],[-80.14721,25.955073],[-80.147111,25.952176],[-80.147115,25.94931],[-80.147582,25.947464],[-80.155047,25.947245],[-80.156726,25.947157],[-80.156683,25.946281],[-80.158605,25.94624],[-80.158767,25.946211],[-80.162898,25.946069],[-80.164916,25.946006],[-80.16515,25.947809],[-80.165156,25.947965],[-80.165384,25.951415],[-80.165481,25.953044],[-80.16588,25.959076],[-80.16943,25.959136],[-80.167078,25.961115]]]}},{"type":"Feature","properties":{"unit_id":"12086006004","name":"Census Tract 60.04","native_id":"12086006004","source":"census_tract_2025","adm3_name":"Miami-Dade County","adm3_id":"12086","area_sqm":1350585,"split":false,"population":7069.0,"days_covered":18,"daytime_peak_f":102.2,"heat_anomaly_f":5.2,"extreme_pct":28.0,"nighttime_stress_f":-3.6,"daytime_peak_f_climrel":0.7489,"heat_anomaly_f_climrel":0.7489,"nighttime_stress_f_climrel":-0.3,"extreme_pct_climrel":0.7,"ref_daytime_hi_mean":97.0,"ref_daytime_hi_p95":102.0,"rwi_mean":null,"health_per_10k":1.4146272457207527,"built_frac":0.52,"tree_frac":0.419,"canopy_frac_over_3m":0.296,"viirs_mean":46.4,"gdl_hdi":0.936,"gdl_region":"Florida","ghsl_smod":30,"lst_anomaly_c":-0.3,"lst_anomaly_c_climrel":0,"worldpop_pop_total":3339.0,"frac_under5":4.1,"frac_elderly_65plus":25.5,"frac_elderly_75plus":12.9,"old_age_dependency_ratio":0.417,"has_data":true},"geometry":{"type":"Polygon","coordinates":[[[-80.303157,25.739344],[-80.296939,25.739546],[-80.297451,25.748154],[-80.295456,25.748208],[-80.29142,25.748311],[-80.287272,25.748425],[-80.287072,25.744707],[-80.286826,25.7399],[-80.286753,25.738555],[-80.292358,25.73838],[-80.293354,25.737876],[-80.294145,25.737022],[-80.30097,25.736628],[-80.303027,25.736567],[-80.303157,25.739344]]]}},{"type":"Feature","properties":{"unit_id":"12086017901","name":"Census Tract 179.01","native_id":"12086017901","source":"census_tract_2025","adm3_name":"Miami-Dade County","adm3_id":"12086","area_sqm":3393765,"split":false,"population":2572.0,"days_covered":18,"daytime_peak_f":102.5,"heat_anomaly_f":4.0,"extreme_pct":28.0,"nighttime_stress_f":-7.5,"daytime_peak_f_climrel":0.5775,"heat_anomaly_f_climrel":0.5775,"nighttime_stress_f_climrel":-0.3,"extreme_pct_climrel":0.7,"ref_daytime_hi_mean":98.6,"ref_daytime_hi_p95":103.5,"rwi_mean":null,"health_per_10k":0.0,"built_frac":0.251,"tree_frac":0.094,"canopy_frac_over_3m":0.072,"viirs_mean":17.7,"gdl_hdi":0.936,"gdl_region":"Florida","ghsl_smod":30,"lst_anomaly_c":-4.51,"lst_anomaly_c_climrel":0,"worldpop_pop_total":5316.0,"frac_under5":4.3,"frac_elderly_65plus":15.8,"frac_elderly_75plus":6.1,"old_age_dependency_ratio":0.232,"has_data":true},"geometry":{"type":"Polygon","coordinates":[[[-80.47868,25.697933],[-80.46254,25.698382],[-80.454536,25.698589],[-80.454415,25.694379],[-80.454262,25.691453],[-80.454145,25.686429],[-80.454074,25.684142],[-80.46544,25.683816],[-80.467248,25.68383],[-80.470163,25.685199],[-80.47418,25.688298],[-80.478351,25.68862],[-80.47868,25.697933]]]}},{"type":"Feature","properties":{"unit_id":"12086012900","name":"Census Tract 129","native_id":"12086012900","source":"census_tract_2025","adm3_name":"Miami-Dade County","adm3_id":"12086","area_sqm":1909784,"split":false,"population":10782.0,"days_covered":18,"daytime_peak_f":102.6,"heat_anomaly_f":4.5,"extreme_pct":28.0,"nighttime_stress_f":-4.7,"daytime_peak_f_climrel":0.6666,"heat_anomaly_f_climrel":0.6666,"nighttime_stress_f_climrel":-0.3,"extreme_pct_climrel":0.7,"ref_daytime_hi_mean":98.0,"ref_daytime_hi_p95":103.2,"rwi_mean":null,"health_per_10k":2.782415136338342,"built_frac":0.854,"tree_frac":0.023,"canopy_frac_over_3m":0.088,"viirs_mean":108.5,"gdl_hdi":0.936,"gdl_region":"Florida","ghsl_smod":30,"lst_anomaly_c":4.39,"lst_anomaly_c_climrel":0.5487,"worldpop_pop_total":5032.0,"frac_under5":3.8,"frac_elderly_65plus":20.9,"frac_elderly_75plus":8.6,"old_age_dependency_ratio":0.315,"has_data":true},"geometry":{"type":"Polygon","coordinates":[[[-80.340366,25.898927],[-80.331766,25.898751],[-80.324268,25.89875],[-80.324002,25.891518],[-80.323534,25.884062],[-80.326727,25.884068],[-80.327493,25.884156],[-80.329303,25.88414],[-80.331668,25.884133],[-80.331845,25.88788],[-80.331927,25.890163],[-80.331984,25.891534],[-80.339866,25.891504],[-80.340344,25.898407],[-80.340366,25.898927]]]}},{"type":"Feature","properties":{"unit_id":"12086006002","name":"Census Tract 60.02","native_id":"12086006002","source":"census_tract_2025","adm3_name":"Miami-Dade County","adm3_id":"12086","area_sqm":2756324,"split":false,"population":4998.0,"days_covered":18,"daytime_peak_f":102.2,"heat_anomaly_f":5.2,"extreme_pct":28.0,"nighttime_stress_f":-3.6,"daytime_peak_f_climrel":0.7489,"heat_anomaly_f_climrel":0.7489,"nighttime_stress_f_climrel":-0.3,"extreme_pct_climrel":0.7,"ref_daytime_hi_mean":97.0,"ref_daytime_hi_p95":102.0,"rwi_mean":null,"health_per_10k":10.004001600640256,"built_frac":0.631,"tree_frac":0.222,"canopy_frac_over_3m":0.211,"viirs_mean":79.7,"gdl_hdi":0.936,"gdl_region":"Florida","ghsl_smod":30,"lst_anomaly_c":1.53,"lst_anomaly_c_climrel":0.1913,"worldpop_pop_total":5733.0,"frac_under5":4.6,"frac_elderly_65plus":27.6,"frac_elderly_75plus":13.9,"old_age_dependency_ratio":0.464,"has_data":true},"geometry":{"type":"Polygon","coordinates":[[[-80.319777,25.748114],[-80.311553,25.74809],[-80.307666,25.748039],[-80.307479,25.739753],[-80.306904,25.739731],[-80.303027,25.736567],[-80.30097,25.736628],[-80.294145,25.737022],[-80.293354,25.737876],[-80.292358,25.73838],[-80.286753,25.738555],[-80.28652,25.73404],[-80.290595,25.733873],[-80.293064,25.733792],[-80.293698,25.73377],[-80.294692,25.733715],[-80.298788,25.733563],[-80.299799,25.733524],[-80.300841,25.733483],[-80.302878,25.733403],[-80.307335,25.733283],[-80.311069,25.733165],[-80.318303,25.732969],[-80.318539,25.73485],[-80.319012,25.736822],[-80.319355,25.738408],[-80.319777,25.748114]]]}},{"type":"Feature","properties":{"unit_id":"12086008310","name":"Census Tract 83.10","native_id":"12086008310","source":"census_tract_2025","adm3_name":"Miami-Dade County","adm3_id":"12086","area_sqm":1643677,"split":false,"population":3328.0,"days_covered":18,"daytime_peak_f":101.6,"heat_anomaly_f":4.2,"extreme_pct":22.0,"nighttime_stress_f":-6.1,"daytime_peak_f_climrel":0.5768,"heat_anomaly_f_climrel":0.5768,"nighttime_stress_f_climrel":-0.3,"extreme_pct_climrel":0.55,"ref_daytime_hi_mean":97.4,"ref_daytime_hi_p95":103.0,"rwi_mean":null,"health_per_10k":0.0,"built_frac":0.511,"tree_frac":0.112,"canopy_frac_over_3m":0.143,"viirs_mean":53.8,"gdl_hdi":0.936,"gdl_region":"Florida","ghsl_smod":30,"lst_anomaly_c":-0.02,"lst_anomaly_c_climrel":0,"worldpop_pop_total":3671.0,"frac_under5":3.4,"frac_elderly_65plus":22.0,"frac_elderly_75plus":8.8,"old_age_dependency_ratio":0.337,"has_data":true},"geometry":{"type":"Polygon","coordinates":[[[-80.365135,25.622928],[-80.363314,25.624348],[-80.358745,25.626463],[-80.358002,25.6284],[-80.353881,25.628571],[-80.348102,25.628742],[-80.348011,25.628743],[-80.341094,25.628907],[-80.343465,25.623782],[-80.343488,25.623731],[-80.345593,25.619128],[-80.347954,25.620081],[-80.348771,25.620332],[-80.351822,25.621088],[-80.357651,25.620946],[-80.365874,25.620623],[-80.365135,25.622928]]]}},{"type":"Feature","properties":{"unit_id":"12086019302","name":"Census Tract 193.02","native_id":"12086019302","source":"census_tract_2025","adm3_name":"Miami-Dade County","adm3_id":"12086","area_sqm":1622277,"split":false,"population":4283.0,"days_covered":18,"daytime_peak_f":101.6,"heat_anomaly_f":4.2,"extreme_pct":22.0,"nighttime_stress_f":-6.1,"daytime_peak_f_climrel":0.5768,"heat_anomaly_f_climrel":0.5768,"nighttime_stress_f_climrel":-0.3,"extreme_pct_climrel":0.55,"ref_daytime_hi_mean":97.4,"ref_daytime_hi_p95":103.0,"rwi_mean":null,"health_per_10k":0.0,"built_frac":0.663,"tree_frac":0.124,"canopy_frac_over_3m":0.14,"viirs_mean":52.7,"gdl_hdi":0.936,"gdl_region":"Florida","ghsl_smod":30,"lst_anomaly_c":-0.68,"lst_anomaly_c_climrel":0,"worldpop_pop_total":5327.0,"frac_under5":5.5,"frac_elderly_65plus":16.6,"frac_elderly_75plus":6.2,"old_age_dependency_ratio":0.242,"has_data":true},"geometry":{"type":"Polygon","coordinates":[[[-80.399666,25.634224],[-80.398543,25.635483],[-80.398495,25.634053],[-80.390536,25.634224],[-80.386812,25.634429],[-80.387026,25.638254],[-80.385554,25.638272],[-80.385176,25.638291],[-80.385309,25.634113],[-80.384127,25.630852],[-80.382272,25.629395],[-80.381225,25.628594],[-80.380237,25.62741],[-80.38082,25.627329],[-80.394905,25.626886],[-80.406546,25.626536],[-80.399666,25.634224]]]}},{"type":"Feature","properties":{"unit_id":"12086000720","name":"Census Tract 7.20","native_id":"12086000720","source":"census_tract_2025","adm3_name":"Miami-Dade County","adm3_id":"12086","area_sqm":647656,"split":false,"population":3638.0,"days_covered":18,"daytime_peak_f":102.6,"heat_anomaly_f":4.5,"extreme_pct":28.0,"nighttime_stress_f":-4.7,"daytime_peak_f_climrel":0.6666,"heat_anomaly_f_climrel":0.6666,"nighttime_stress_f_climrel":-0.3,"extreme_pct_climrel":0.7,"ref_daytime_hi_mean":98.0,"ref_daytime_hi_p95":103.2,"rwi_mean":null,"health_per_10k":0.0,"built_frac":0.939,"tree_frac":0.054,"canopy_frac_over_3m":0.111,"viirs_mean":108.4,"gdl_hdi":0.936,"gdl_region":"Florida","ghsl_smod":30,"lst_anomaly_c":5.3,"lst_anomaly_c_climrel":0.6625,"worldpop_pop_total":4353.0,"frac_under5":3.9,"frac_elderly_65plus":27.2,"frac_elderly_75plus":14.7,"old_age_dependency_ratio":0.444,"has_data":true},"geometry":{"type":"Polygon","coordinates":[[[-80.310545,25.855267],[-80.306538,25.855245],[-80.303233,25.855259],[-80.302519,25.855263],[-80.30229,25.847996],[-80.306304,25.847986],[-80.310328,25.847991],[-80.310387,25.84982],[-80.310545,25.855267]]]}},{"type":"Feature","properties":{"unit_id":"12086009314","name":"Census Tract 93.14","native_id":"12086009314","source":"census_tract_2025","adm3_name":"Miami-Dade County","adm3_id":"12086","area_sqm":401680,"split":false,"population":1978.0681611642196,"days_covered":18,"daytime_peak_f":102.6,"heat_anomaly_f":4.5,"extreme_pct":28.0,"nighttime_stress_f":-4.7,"daytime_peak_f_climrel":0.6666,"heat_anomaly_f_climrel":0.6666,"nighttime_stress_f_climrel":-0.3,"extreme_pct_climrel":0.7,"ref_daytime_hi_mean":98.0,"ref_daytime_hi_p95":103.2,"rwi_mean":null,"health_per_10k":0.0,"built_frac":0.878,"tree_frac":0.074,"canopy_frac_over_3m":0.105,"viirs_mean":114.0,"gdl_hdi":0.936,"gdl_region":"Florida","ghsl_smod":30,"lst_anomaly_c":3.25,"lst_anomaly_c_climrel":0.4062,"worldpop_pop_total":4294.0,"frac_under5":3.4,"frac_elderly_65plus":29.5,"frac_elderly_75plus":13.6,"old_age_dependency_ratio":0.493,"has_data":true},"geometry":{"type":"Polygon","coordinates":[[[-80.323306,25.87704],[-80.319307,25.877012],[-80.315282,25.877026],[-80.315106,25.873755],[-80.315005,25.870863],[-80.319005,25.870797],[-80.31905,25.871376],[-80.319144,25.873411],[-80.321276,25.8734],[-80.321287,25.875197],[-80.323213,25.875212],[-80.323306,25.87704]]]}},{"type":"Feature","properties":{"unit_id":"12086003803","name":"Census Tract 38.03","native_id":"12086003803","source":"census_tract_2025","adm3_name":"Miami-Dade County","adm3_id":"12086","area_sqm":992932,"split":false,"population":1772.0,"days_covered":18,"daytime_peak_f":102.4,"heat_anomaly_f":5.5,"extreme_pct":33.0,"nighttime_stress_f":-3.2,"daytime_peak_f_climrel":0.8247,"heat_anomaly_f_climrel":0.8247,"nighttime_stress_f_climrel":-0.3,"extreme_pct_climrel":0.825,"ref_daytime_hi_mean":96.9,"ref_daytime_hi_p95":102.4,"rwi_mean":null,"health_per_10k":0.0,"built_frac":0.558,"tree_frac":0.113,"canopy_frac_over_3m":0.19,"viirs_mean":61.8,"gdl_hdi":0.936,"gdl_region":"Florida","ghsl_smod":30,"lst_anomaly_c":-3.17,"lst_anomaly_c_climrel":0,"worldpop_pop_total":3699.0,"frac_under5":3.2,"frac_elderly_65plus":39.5,"frac_elderly_75plus":20.1,"old_age_dependency_ratio":0.776,"has_data":true},"geometry":{"type":"Polygon","coordinates":[[[-80.131021,25.899132],[-80.12457,25.899348],[-80.1216762461346,25.899506381622],[-80.121687,25.897952],[-80.1214499214731,25.8936573094275],[-80.1213477326815,25.8918061538382],[-80.1210928489968,25.8871889218517],[-80.12274,25.887076],[-80.127676,25.886876],[-80.128145,25.88686],[-80.131765,25.898326],[-80.131021,25.899132]]]}},{"type":"Feature","properties":{"unit_id":"12086002501","name":"Census Tract 25.01","native_id":"12086002501","source":"census_tract_2025","adm3_name":"Miami-Dade County","adm3_id":"12086","area_sqm":943719,"split":false,"population":7199.0,"days_covered":18,"daytime_peak_f":101.9,"heat_anomaly_f":5.5,"extreme_pct":39.0,"nighttime_stress_f":-3.1,"daytime_peak_f_climrel":0.8322,"heat_anomaly_f_climrel":0.8322,"nighttime_stress_f_climrel":-0.3,"extreme_pct_climrel":0.975,"ref_daytime_hi_mean":96.4,"ref_daytime_hi_p95":101.7,"rwi_mean":null,"health_per_10k":0.0,"built_frac":0.794,"tree_frac":0.2,"canopy_frac_over_3m":0.213,"viirs_mean":88.9,"gdl_hdi":0.936,"gdl_region":"Florida","ghsl_smod":30,"lst_anomaly_c":3.17,"lst_anomaly_c_climrel":0.3962,"worldpop_pop_total":6257.0,"frac_under5":5.9,"frac_elderly_65plus":17.6,"frac_elderly_75plus":6.6,"old_age_dependency_ratio":0.275,"has_data":true},"geometry":{"type":"Polygon","coordinates":[[[-80.223877,25.809529],[-80.215713,25.809797],[-80.213183,25.809926],[-80.213076,25.806177],[-80.211506,25.806226],[-80.21137,25.80251],[-80.213314,25.802432],[-80.215439,25.802362],[-80.217392,25.802336],[-80.223561,25.802147],[-80.223676,25.804409],[-80.223736,25.80585],[-80.223764,25.806909],[-80.223877,25.809529]]]}},{"type":"Feature","properties":{"unit_id":"12086003709","name":"Census Tract 37.09","native_id":"12086003709","source":"census_tract_2025","adm3_name":"Miami-Dade County","adm3_id":"12086","area_sqm":75286,"split":false,"population":1226.3566264118697,"days_covered":18,"daytime_peak_f":101.9,"heat_anomaly_f":5.5,"extreme_pct":39.0,"nighttime_stress_f":-3.1,"daytime_peak_f_climrel":0.8322,"heat_anomaly_f_climrel":0.8322,"nighttime_stress_f_climrel":-0.3,"extreme_pct_climrel":0.975,"ref_daytime_hi_mean":96.4,"ref_daytime_hi_p95":101.7,"rwi_mean":null,"health_per_10k":0.0,"built_frac":0.85,"tree_frac":0.036,"canopy_frac_over_3m":0.133,"viirs_mean":184.1,"gdl_hdi":0.936,"gdl_region":"Florida","ghsl_smod":30,"lst_anomaly_c":-5.58,"lst_anomaly_c_climrel":0,"worldpop_pop_total":2303.0,"frac_under5":4.3,"frac_elderly_65plus":6.3,"frac_elderly_75plus":2.2,"old_age_dependency_ratio":0.075,"has_data":true},"geometry":{"type":"Polygon","coordinates":[[[-80.196165,25.783705],[-80.193939,25.783769],[-80.193818,25.780428],[-80.195427,25.78077],[-80.196055,25.781766],[-80.196165,25.783705]]]}},{"type":"Feature","properties":{"unit_id":"12086002202","name":"Census Tract 22.02","native_id":"12086002202","source":"census_tract_2025","adm3_name":"Miami-Dade County","adm3_id":"12086","area_sqm":1607836,"split":false,"population":9826.0,"days_covered":18,"daytime_peak_f":101.9,"heat_anomaly_f":5.5,"extreme_pct":39.0,"nighttime_stress_f":-3.1,"daytime_peak_f_climrel":0.8322,"heat_anomaly_f_climrel":0.8322,"nighttime_stress_f_climrel":-0.3,"extreme_pct_climrel":0.975,"ref_daytime_hi_mean":96.4,"ref_daytime_hi_p95":101.7,"rwi_mean":null,"health_per_10k":0.0,"built_frac":0.633,"tree_frac":0.34,"canopy_frac_over_3m":0.259,"viirs_mean":92.2,"gdl_hdi":0.936,"gdl_region":"Florida","ghsl_smod":30,"lst_anomaly_c":2.61,"lst_anomaly_c_climrel":0.3262,"worldpop_pop_total":3724.0,"frac_under5":4.9,"frac_elderly_65plus":19.0,"frac_elderly_75plus":8.0,"old_age_dependency_ratio":0.29,"has_data":true},"geometry":{"type":"Polygon","coordinates":[[[-80.206712,25.824975],[-80.202039,25.82511],[-80.200025,25.825174],[-80.195923,25.82528],[-80.19575,25.82158],[-80.195658,25.81857],[-80.195573,25.816927],[-80.195358,25.81141],[-80.197448,25.811429],[-80.2015,25.811629],[-80.206151,25.812448],[-80.206427,25.817574],[-80.206643,25.822215],[-80.206712,25.824975]]]}},{"type":"Feature","properties":{"unit_id":"12086006504","name":"Census Tract 65.04","native_id":"12086006504","source":"census_tract_2025","adm3_name":"Miami-Dade County","adm3_id":"12086","area_sqm":608460,"split":false,"population":3380.0,"days_covered":18,"daytime_peak_f":101.9,"heat_anomaly_f":5.5,"extreme_pct":39.0,"nighttime_stress_f":-3.1,"daytime_peak_f_climrel":0.8322,"heat_anomaly_f_climrel":0.8322,"nighttime_stress_f_climrel":-0.3,"extreme_pct_climrel":0.975,"ref_daytime_hi_mean":96.4,"ref_daytime_hi_p95":101.7,"rwi_mean":null,"health_per_10k":0.0,"built_frac":0.786,"tree_frac":0.198,"canopy_frac_over_3m":0.258,"viirs_mean":65.3,"gdl_hdi":0.936,"gdl_region":"Florida","ghsl_smod":30,"lst_anomaly_c":0.46,"lst_anomaly_c_climrel":0.0575,"worldpop_pop_total":1752.0,"frac_under5":4.0,"frac_elderly_65plus":22.4,"frac_elderly_75plus":11.2,"old_age_dependency_ratio":0.345,"has_data":true},"geometry":{"type":"Polygon","coordinates":[[[-80.222295,25.757905],[-80.220245,25.757941],[-80.21424,25.757774],[-80.214223,25.757208],[-80.214214,25.754712],[-80.214167,25.751283],[-80.21455,25.751063],[-80.221985,25.750865],[-80.222125,25.754557],[-80.222295,25.757905]]]}},{"type":"Feature","properties":{"unit_id":"12086006713","name":"Census Tract 67.13","native_id":"12086006713","source":"census_tract_2025","adm3_name":"Miami-Dade County","adm3_id":"12086","area_sqm":96462,"split":false,"population":2097.9428435612967,"days_covered":18,"daytime_peak_f":101.9,"heat_anomaly_f":5.5,"extreme_pct":39.0,"nighttime_stress_f":-3.1,"daytime_peak_f_climrel":0.8322,"heat_anomaly_f_climrel":0.8322,"nighttime_stress_f_climrel":-0.3,"extreme_pct_climrel":0.975,"ref_daytime_hi_mean":96.4,"ref_daytime_hi_p95":101.7,"rwi_mean":null,"health_per_10k":4.766574089799708,"built_frac":0.897,"tree_frac":0.012,"canopy_frac_over_3m":0.092,"viirs_mean":126.1,"gdl_hdi":0.936,"gdl_region":"Florida","ghsl_smod":30,"lst_anomaly_c":-4.06,"lst_anomaly_c_climrel":0,"worldpop_pop_total":3865.0,"frac_under5":4.4,"frac_elderly_65plus":8.5,"frac_elderly_75plus":2.8,"old_age_dependency_ratio":0.104,"has_data":true},"geometry":{"type":"Polygon","coordinates":[[[-80.192014,25.761123],[-80.19188,25.761675],[-80.191538,25.762967],[-80.189682,25.762716],[-80.188622,25.762516],[-80.188716,25.761631],[-80.188793,25.760765],[-80.189171,25.759673],[-80.192184,25.760348],[-80.192014,25.761123]]]}},{"type":"Feature","properties":{"unit_id":"12086006802","name":"Census Tract 68.02","native_id":"12086006802","source":"census_tract_2025","adm3_name":"Miami-Dade County","adm3_id":"12086","area_sqm":2315577,"split":false,"population":8454.0,"days_covered":18,"daytime_peak_f":100.3,"heat_anomaly_f":3.9,"extreme_pct":22.0,"nighttime_stress_f":-1.6,"daytime_peak_f_climrel":0.5895,"heat_anomaly_f_climrel":0.5895,"nighttime_stress_f_climrel":-0.2482,"extreme_pct_climrel":0.55,"ref_daytime_hi_mean":96.4,"ref_daytime_hi_p95":101.7,"rwi_mean":null,"health_per_10k":5.9143600662408335,"built_frac":0.367,"tree_frac":0.566,"canopy_frac_over_3m":0.482,"viirs_mean":52.2,"gdl_hdi":0.936,"gdl_region":"Florida","ghsl_smod":30,"lst_anomaly_c":-4.41,"lst_anomaly_c_climrel":0,"worldpop_pop_total":4556.0,"frac_under5":3.7,"frac_elderly_65plus":35.4,"frac_elderly_75plus":18.0,"old_age_dependency_ratio":0.697,"has_data":true},"geometry":{"type":"Polygon","coordinates":[[[-80.22987,25.742849],[-80.221785,25.745823],[-80.219787,25.746554],[-80.211935,25.749319],[-80.208769,25.750198],[-80.207838,25.750126],[-80.203968,25.750403],[-80.20272,25.748661],[-80.202265381322,25.7479369368224],[-80.202632,25.748207],[-80.208515,25.745602],[-80.209829,25.744275],[-80.210674,25.740731],[-80.214358,25.738303],[-80.2159705666396,25.7388449989003],[-80.21772,25.739433],[-80.221998,25.73665],[-80.2278308201476,25.7334891817657],[-80.229183,25.735508],[-80.229615,25.736236],[-80.22971,25.738413],[-80.22987,25.742849]]]}},{"type":"Feature","properties":{"unit_id":"12086000603","name":"Census Tract 6.03","native_id":"12086000603","source":"census_tract_2025","adm3_name":"Miami-Dade County","adm3_id":"12086","area_sqm":1807928,"split":false,"population":5089.0,"days_covered":18,"daytime_peak_f":102.6,"heat_anomaly_f":4.5,"extreme_pct":28.0,"nighttime_stress_f":-4.7,"daytime_peak_f_climrel":0.6666,"heat_anomaly_f_climrel":0.6666,"nighttime_stress_f_climrel":-0.3,"extreme_pct_climrel":0.7,"ref_daytime_hi_mean":98.0,"ref_daytime_hi_p95":103.2,"rwi_mean":null,"health_per_10k":3.9300451955197486,"built_frac":0.87,"tree_frac":0.076,"canopy_frac_over_3m":0.138,"viirs_mean":86.9,"gdl_hdi":0.936,"gdl_region":"Florida","ghsl_smod":30,"lst_anomaly_c":2.55,"lst_anomaly_c_climrel":0.3187,"worldpop_pop_total":4388.0,"frac_under5":3.4,"frac_elderly_65plus":27.0,"frac_elderly_75plus":13.8,"old_age_dependency_ratio":0.434,"has_data":true},"geometry":{"type":"Polygon","coordinates":[[[-80.290773,25.87037],[-80.284684,25.87057],[-80.283166,25.870555],[-80.279473,25.870652],[-80.278907,25.870559],[-80.278156,25.870289],[-80.274735,25.870327],[-80.272682,25.870371],[-80.272684,25.86721],[-80.272674,25.865386],[-80.272652,25.861654],[-80.278747,25.861476],[-80.282847,25.861347],[-80.286737,25.861207],[-80.290625,25.861101],[-80.290677,25.862946],[-80.290773,25.87037]]]}},{"type":"Feature","properties":{"unit_id":"12086007003","name":"Census Tract 70.03","native_id":"12086007003","source":"census_tract_2025","adm3_name":"Miami-Dade County","adm3_id":"12086","area_sqm":626457,"split":false,"population":3994.0,"days_covered":18,"daytime_peak_f":100.3,"heat_anomaly_f":3.9,"extreme_pct":22.0,"nighttime_stress_f":-1.6,"daytime_peak_f_climrel":0.5895,"heat_anomaly_f_climrel":0.5895,"nighttime_stress_f_climrel":-0.2482,"extreme_pct_climrel":0.55,"ref_daytime_hi_mean":96.4,"ref_daytime_hi_p95":101.7,"rwi_mean":null,"health_per_10k":2.503755633450175,"built_frac":0.876,"tree_frac":0.105,"canopy_frac_over_3m":0.158,"viirs_mean":79.3,"gdl_hdi":0.936,"gdl_region":"Florida","ghsl_smod":30,"lst_anomaly_c":4.75,"lst_anomaly_c_climrel":0.5938,"worldpop_pop_total":5053.0,"frac_under5":4.0,"frac_elderly_65plus":19.0,"frac_elderly_75plus":9.0,"old_age_dependency_ratio":0.276,"has_data":true},"geometry":{"type":"Polygon","coordinates":[[[-80.246402,25.750119],[-80.238255,25.750327],[-80.238202,25.749448],[-80.238116,25.747147],[-80.238101,25.746649],[-80.237979,25.743412],[-80.245176,25.743215],[-80.246154,25.743631],[-80.24627,25.746409],[-80.246377,25.749183],[-80.246402,25.750119]]]}},{"type":"Feature","properties":{"unit_id":"12086007808","name":"Census Tract 78.08","native_id":"12086007808","source":"census_tract_2025","adm3_name":"Miami-Dade County","adm3_id":"12086","area_sqm":842049,"split":false,"population":8871.0,"days_covered":18,"daytime_peak_f":102.2,"heat_anomaly_f":5.2,"extreme_pct":28.0,"nighttime_stress_f":-3.6,"daytime_peak_f_climrel":0.7489,"heat_anomaly_f_climrel":0.7489,"nighttime_stress_f_climrel":-0.3,"extreme_pct_climrel":0.7,"ref_daytime_hi_mean":97.0,"ref_daytime_hi_p95":102.0,"rwi_mean":null,"health_per_10k":7.890880396798557,"built_frac":0.853,"tree_frac":0.021,"canopy_frac_over_3m":0.104,"viirs_mean":141.6,"gdl_hdi":0.936,"gdl_region":"Florida","ghsl_smod":30,"lst_anomaly_c":3.23,"lst_anomaly_c_climrel":0.4037,"worldpop_pop_total":5365.0,"frac_under5":3.5,"frac_elderly_65plus":20.2,"frac_elderly_75plus":9.4,"old_age_dependency_ratio":0.285,"has_data":true},"geometry":{"type":"Polygon","coordinates":[[[-80.321525,25.692263],[-80.319565,25.69232],[-80.31806,25.692366],[-80.317079,25.69235],[-80.316483,25.692304],[-80.311456,25.692448],[-80.309262,25.692248],[-80.306602,25.692005],[-80.305127,25.692127],[-80.304837,25.691754],[-80.30836,25.688869],[-80.308846,25.688521],[-80.311195,25.686473],[-80.312747,25.684929],[-80.313902,25.683707],[-80.314859,25.68249],[-80.316632,25.686147],[-80.316873,25.688518],[-80.319394,25.688453],[-80.321367,25.68843],[-80.321525,25.692263]]]}},{"type":"Feature","properties":{"unit_id":"12086010198","name":"Census Tract 101.98","native_id":"12086010198","source":"census_tract_2025","adm3_name":"Miami-Dade County","adm3_id":"12086","area_sqm":1102459,"split":false,"population":3352.0,"days_covered":18,"daytime_peak_f":101.6,"heat_anomaly_f":4.2,"extreme_pct":22.0,"nighttime_stress_f":-6.1,"daytime_peak_f_climrel":0.5768,"heat_anomaly_f_climrel":0.5768,"nighttime_stress_f_climrel":-0.3,"extreme_pct_climrel":0.55,"ref_daytime_hi_mean":97.4,"ref_daytime_hi_p95":103.0,"rwi_mean":null,"health_per_10k":0.0,"built_frac":0.664,"tree_frac":0.22,"canopy_frac_over_3m":0.224,"viirs_mean":35.2,"gdl_hdi":0.936,"gdl_region":"Florida","ghsl_smod":30,"lst_anomaly_c":-3.0,"lst_anomaly_c_climrel":0,"worldpop_pop_total":3636.0,"frac_under5":4.0,"frac_elderly_65plus":17.7,"frac_elderly_75plus":7.1,"old_age_dependency_ratio":0.264,"has_data":true},"geometry":{"type":"MultiPolygon","coordinates":[[[[-80.438947,25.627827],[-80.427257,25.62798],[-80.427009,25.627524],[-80.42666,25.625878],[-80.427686,25.625816],[-80.430709,25.625679],[-80.438837,25.625478],[-80.438947,25.627827]]],[[[-80.44731,25.638281],[-80.441079,25.638441],[-80.44098,25.635911],[-80.440885,25.632892],[-80.439157,25.632959],[-80.438947,25.627827],[-80.446148,25.62778],[-80.446858,25.628484],[-80.447057,25.632766],[-80.44731,25.638281]]]]}},{"type":"Feature","properties":{"unit_id":"12086003705","name":"Census Tract 37.05","native_id":"12086003705","source":"census_tract_2025","adm3_name":"Miami-Dade County","adm3_id":"12086","area_sqm":118617,"split":false,"population":3069.1628150509964,"days_covered":18,"daytime_peak_f":101.9,"heat_anomaly_f":5.5,"extreme_pct":39.0,"nighttime_stress_f":-3.1,"daytime_peak_f_climrel":0.8322,"heat_anomaly_f_climrel":0.8322,"nighttime_stress_f_climrel":-0.3,"extreme_pct_climrel":0.975,"ref_daytime_hi_mean":96.4,"ref_daytime_hi_p95":101.7,"rwi_mean":null,"health_per_10k":0.0,"built_frac":0.789,"tree_frac":0.011,"canopy_frac_over_3m":0.041,"viirs_mean":235.8,"gdl_hdi":0.936,"gdl_region":"Florida","ghsl_smod":30,"lst_anomaly_c":-3.98,"lst_anomaly_c_climrel":0,"worldpop_pop_total":3797.0,"frac_under5":4.1,"frac_elderly_65plus":4.0,"frac_elderly_75plus":1.6,"old_age_dependency_ratio":0.045,"has_data":true},"geometry":{"type":"Polygon","coordinates":[[[-80.195955,25.774082],[-80.193623,25.774134],[-80.193542,25.769573],[-80.195641,25.768781],[-80.195955,25.774082]]]}},{"type":"Feature","properties":{"unit_id":"12086009028","name":"Census Tract 90.28","native_id":"12086009028","source":"census_tract_2025","adm3_name":"Miami-Dade County","adm3_id":"12086","area_sqm":1013365,"split":false,"population":6553.0,"days_covered":18,"daytime_peak_f":102.3,"heat_anomaly_f":4.1,"extreme_pct":33.0,"nighttime_stress_f":-5.1,"daytime_peak_f_climrel":0.6155,"heat_anomaly_f_climrel":0.6155,"nighttime_stress_f_climrel":-0.3,"extreme_pct_climrel":0.825,"ref_daytime_hi_mean":98.1,"ref_daytime_hi_p95":103.4,"rwi_mean":null,"health_per_10k":0.0,"built_frac":0.66,"tree_frac":0.058,"canopy_frac_over_3m":0.09,"viirs_mean":94.6,"gdl_hdi":0.936,"gdl_region":"Florida","ghsl_smod":30,"lst_anomaly_c":1.76,"lst_anomaly_c_climrel":0.22,"worldpop_pop_total":7737.0,"frac_under5":4.1,"frac_elderly_65plus":20.2,"frac_elderly_75plus":8.3,"old_age_dependency_ratio":0.311,"has_data":true},"geometry":{"type":"Polygon","coordinates":[[[-80.369049,25.780119],[-80.368974,25.780746],[-80.36892,25.781065],[-80.364879,25.781668],[-80.358998,25.781683],[-80.353092,25.78161],[-80.353145,25.781218],[-80.353721,25.776872],[-80.353684,25.775736],[-80.355634,25.775711],[-80.357916,25.776019],[-80.358833,25.775961],[-80.359414,25.775797],[-80.360289,25.775369],[-80.361256,25.775007],[-80.36199,25.774878],[-80.364012,25.775126],[-80.36502,25.775166],[-80.365572,25.775233],[-80.367054,25.775417],[-80.367859,25.775558],[-80.369554,25.775583],[-80.369049,25.780119]]]}},{"type":"Feature","properties":{"unit_id":"12086009908","name":"Census Tract 99.08","native_id":"12086009908","source":"census_tract_2025","adm3_name":"Miami-Dade County","adm3_id":"12086","area_sqm":939447,"split":false,"population":1382.0,"days_covered":18,"daytime_peak_f":102.0,"heat_anomaly_f":5.1,"extreme_pct":33.0,"nighttime_stress_f":-3.1,"daytime_peak_f_climrel":0.7587,"heat_anomaly_f_climrel":0.7587,"nighttime_stress_f_climrel":-0.3,"extreme_pct_climrel":0.825,"ref_daytime_hi_mean":96.8,"ref_daytime_hi_p95":102.3,"rwi_mean":null,"health_per_10k":0.0,"built_frac":0.465,"tree_frac":0.269,"canopy_frac_over_3m":0.249,"viirs_mean":71.5,"gdl_hdi":0.936,"gdl_region":"Florida","ghsl_smod":30,"lst_anomaly_c":-0.53,"lst_anomaly_c_climrel":0,"worldpop_pop_total":4909.0,"frac_under5":7.2,"frac_elderly_65plus":17.3,"frac_elderly_75plus":6.9,"old_age_dependency_ratio":0.271,"has_data":true},"geometry":{"type":"Polygon","coordinates":[[[-80.218893,25.967209],[-80.218645,25.968689],[-80.21995,25.971475],[-80.219536,25.972241],[-80.217202,25.972284],[-80.214846,25.972335],[-80.214256,25.972396],[-80.212546,25.972385],[-80.206219,25.972647],[-80.206114,25.972108],[-80.205913,25.965563],[-80.214053,25.96523],[-80.21405,25.96583],[-80.220382,25.965639],[-80.218893,25.967209]]]}},{"type":"Feature","properties":{"unit_id":"12086005405","name":"Census Tract 54.05","native_id":"12086005405","source":"census_tract_2025","adm3_name":"Miami-Dade County","adm3_id":"12086","area_sqm":579321,"split":false,"population":4366.0,"days_covered":18,"daytime_peak_f":101.9,"heat_anomaly_f":5.5,"extreme_pct":39.0,"nighttime_stress_f":-3.1,"daytime_peak_f_climrel":0.8322,"heat_anomaly_f_climrel":0.8322,"nighttime_stress_f_climrel":-0.3,"extreme_pct_climrel":0.975,"ref_daytime_hi_mean":96.4,"ref_daytime_hi_p95":101.7,"rwi_mean":null,"health_per_10k":2.2904260192395784,"built_frac":0.868,"tree_frac":0.103,"canopy_frac_over_3m":0.141,"viirs_mean":105.8,"gdl_hdi":0.936,"gdl_region":"Florida","ghsl_smod":30,"lst_anomaly_c":2.65,"lst_anomaly_c_climrel":0.3312,"worldpop_pop_total":3968.0,"frac_under5":5.0,"frac_elderly_65plus":20.1,"frac_elderly_75plus":9.3,"old_age_dependency_ratio":0.308,"has_data":true},"geometry":{"type":"Polygon","coordinates":[[[-80.236165,25.775626],[-80.235646,25.77566],[-80.235753,25.779567],[-80.23121,25.779694],[-80.22809,25.779757],[-80.227967,25.776229],[-80.229111,25.776186],[-80.229,25.772629],[-80.230979,25.772567],[-80.23606,25.77244],[-80.236165,25.775626]]]}},{"type":"Feature","properties":{"unit_id":"12086008409","name":"Census Tract 84.09","native_id":"12086008409","source":"census_tract_2025","adm3_name":"Miami-Dade County","adm3_id":"12086","area_sqm":5418945,"split":false,"population":9149.0,"days_covered":18,"daytime_peak_f":102.2,"heat_anomaly_f":5.2,"extreme_pct":28.0,"nighttime_stress_f":-3.6,"daytime_peak_f_climrel":0.7489,"heat_anomaly_f_climrel":0.7489,"nighttime_stress_f_climrel":-0.3,"extreme_pct_climrel":0.7,"ref_daytime_hi_mean":97.0,"ref_daytime_hi_p95":102.0,"rwi_mean":null,"health_per_10k":2.1860312602470215,"built_frac":0.363,"tree_frac":0.515,"canopy_frac_over_3m":0.329,"viirs_mean":45.7,"gdl_hdi":0.936,"gdl_region":"Florida","ghsl_smod":30,"lst_anomaly_c":0.1,"lst_anomaly_c_climrel":0.0125,"worldpop_pop_total":6365.0,"frac_under5":4.0,"frac_elderly_65plus":23.7,"frac_elderly_75plus":10.2,"old_age_dependency_ratio":0.384,"has_data":true},"geometry":{"type":"Polygon","coordinates":[[[-80.351095,25.665627],[-80.334895,25.66605],[-80.323627,25.666401],[-80.328901,25.655155],[-80.332387,25.647653],[-80.333318,25.645607],[-80.334111,25.643851],[-80.335326,25.641267],[-80.33997,25.6442],[-80.341271,25.64435],[-80.341071,25.643606],[-80.350344,25.643435],[-80.350537,25.649533],[-80.350589,25.650747],[-80.350823,25.658275],[-80.351095,25.665627]]]}},{"type":"Feature","properties":{"unit_id":"12086006705","name":"Census Tract 67.05","native_id":"12086006705","source":"census_tract_2025","adm3_name":"Miami-Dade County","adm3_id":"12086","area_sqm":190011,"split":false,"population":4413.0,"days_covered":18,"daytime_peak_f":101.9,"heat_anomaly_f":5.5,"extreme_pct":39.0,"nighttime_stress_f":-3.1,"daytime_peak_f_climrel":0.8322,"heat_anomaly_f_climrel":0.8322,"nighttime_stress_f_climrel":-0.3,"extreme_pct_climrel":0.975,"ref_daytime_hi_mean":96.4,"ref_daytime_hi_p95":101.7,"rwi_mean":null,"health_per_10k":0.0,"built_frac":0.652,"tree_frac":0.211,"canopy_frac_over_3m":0.216,"viirs_mean":87.6,"gdl_hdi":0.936,"gdl_region":"Florida","ghsl_smod":30,"lst_anomaly_c":-5.51,"lst_anomaly_c_climrel":0,"worldpop_pop_total":5279.0,"frac_under5":4.0,"frac_elderly_65plus":32.0,"frac_elderly_75plus":13.9,"old_age_dependency_ratio":0.554,"has_data":true},"geometry":{"type":"Polygon","coordinates":[[[-80.19984,25.753165],[-80.197296,25.754934],[-80.195902,25.755903],[-80.194582,25.756823],[-80.192879,25.758009],[-80.190795,25.756792],[-80.190806,25.755507],[-80.193341,25.75533],[-80.194953,25.754604],[-80.19465,25.754161],[-80.196288,25.753189],[-80.198391,25.752272],[-80.198641,25.751648],[-80.198899,25.75211],[-80.19984,25.753165]]]}},{"type":"Feature","properties":{"unit_id":"12086981200","name":"Census Tract 9812","native_id":"12086981200","source":"census_tract_2025","adm3_name":"Miami-Dade County","adm3_id":"12086","area_sqm":24446513,"split":false,"population":187.0,"days_covered":18,"daytime_peak_f":101.0,"heat_anomaly_f":3.9,"extreme_pct":22.0,"nighttime_stress_f":-3.9,"daytime_peak_f_climrel":0.6475,"heat_anomaly_f_climrel":0.6475,"nighttime_stress_f_climrel":-0.3,"extreme_pct_climrel":0.55,"ref_daytime_hi_mean":97.1,"ref_daytime_hi_p95":101.9,"rwi_mean":null,"health_per_10k":0.0,"built_frac":0.016,"tree_frac":0.004,"canopy_frac_over_3m":0.039,"viirs_mean":3.8,"gdl_hdi":0.936,"gdl_region":"Florida","ghsl_smod":11,"lst_anomaly_c":-7.7,"lst_anomaly_c_climrel":0,"worldpop_pop_total":0.0,"frac_under5":8.0,"frac_elderly_65plus":9.9,"frac_elderly_75plus":3.4,"old_age_dependency_ratio":0.152,"has_data":true},"geometry":{"type":"MultiPolygon","coordinates":[[[[-80.303522,25.38012],[-80.301621,25.381194],[-80.298175,25.38216],[-80.295679,25.383664],[-80.294912,25.385445],[-80.293678,25.385452],[-80.29268,25.382585],[-80.29279,25.37955],[-80.295002,25.376714],[-80.29914,25.377252],[-80.30227,25.377444],[-80.303641,25.37851],[-80.303522,25.38012]]],[[[-80.303541,25.406007],[-80.301833,25.406823],[-80.300239,25.406652],[-80.299741,25.405385],[-80.300281,25.404348],[-80.301963,25.403001],[-80.303463,25.404093],[-80.304046,25.405288],[-80.303541,25.406007]]],[[[-80.371269,25.381808],[-80.352219,25.435998],[-80.354725,25.437136],[-80.355665,25.438579],[-80.35904,25.439194],[-80.362773,25.440827],[-80.36637,25.443636],[-80.367326,25.443601],[-80.367365,25.448031],[-80.349567,25.448128],[-80.349076,25.448488],[-80.3308669094254,25.4484917423027],[-80.330907,25.448114],[-80.330523,25.442965],[-80.329056,25.440531],[-80.326058,25.43794],[-80.320442,25.437153],[-80.321561,25.432831],[-80.325333,25.430807],[-80.326373,25.422919],[-80.32609,25.419436],[-80.328222,25.416104],[-80.327254,25.414102],[-80.325641,25.410169],[-80.329283,25.406491],[-80.327463,25.404589],[-80.327924,25.396835],[-80.326318,25.394259],[-80.323563,25.393326],[-80.320442,25.391486],[-80.319803,25.389139],[-80.316728,25.388857],[-80.312673,25.387958],[-80.31036,25.389707],[-80.308436,25.390388],[-80.305424,25.387744],[-80.306801,25.384369],[-80.31036,25.3731],[-80.31194,25.36995],[-80.313785,25.367152],[-80.318273,25.362906],[-80.320401,25.362979],[-80.3228,25.361467],[-80.323986,25.359299],[-80.326327,25.357051],[-80.329923,25.349933],[-80.330952,25.34657],[-80.3315235277732,25.3458335556281],[-80.338648,25.34935],[-80.338901,25.349971],[-80.338874,25.356747],[-80.33819,25.356994],[-80.349474,25.356573],[-80.366613,25.356653],[-80.36773,25.35711],[-80.367823,25.367446],[-80.367665,25.38184],[-80.371269,25.381808]]]]}},{"type":"Feature","properties":{"unit_id":"12086008429","name":"Census Tract 84.29","native_id":"12086008429","source":"census_tract_2025","adm3_name":"Miami-Dade County","adm3_id":"12086","area_sqm":3885261,"split":false,"population":7946.0,"days_covered":18,"daytime_peak_f":102.2,"heat_anomaly_f":5.2,"extreme_pct":28.0,"nighttime_stress_f":-3.6,"daytime_peak_f_climrel":0.7489,"heat_anomaly_f_climrel":0.7489,"nighttime_stress_f_climrel":-0.3,"extreme_pct_climrel":0.7,"ref_daytime_hi_mean":97.0,"ref_daytime_hi_p95":102.0,"rwi_mean":null,"health_per_10k":3.775484520513466,"built_frac":0.322,"tree_frac":0.568,"canopy_frac_over_3m":0.367,"viirs_mean":51.7,"gdl_hdi":0.936,"gdl_region":"Florida","ghsl_smod":30,"lst_anomaly_c":-2.47,"lst_anomaly_c_climrel":0,"worldpop_pop_total":4024.0,"frac_under5":3.7,"frac_elderly_65plus":26.3,"frac_elderly_75plus":10.9,"old_age_dependency_ratio":0.44,"has_data":true},"geometry":{"type":"Polygon","coordinates":[[[-80.352119,25.685987],[-80.350769,25.687482],[-80.343893,25.687692],[-80.335547,25.68799],[-80.335438,25.682611],[-80.335254,25.677161],[-80.335133,25.673462],[-80.334895,25.66605],[-80.351095,25.665627],[-80.351318,25.672893],[-80.351607,25.682003],[-80.352119,25.685987]]]}},{"type":"Feature","properties":{"unit_id":"12086006201","name":"Census Tract 62.01","native_id":"12086006201","source":"census_tract_2025","adm3_name":"Miami-Dade County","adm3_id":"12086","area_sqm":636419,"split":false,"population":4330.0,"days_covered":18,"daytime_peak_f":102.1,"heat_anomaly_f":4.6,"extreme_pct":44.0,"nighttime_stress_f":-4.1,"daytime_peak_f_climrel":0.6814,"heat_anomaly_f_climrel":0.6814,"nighttime_stress_f_climrel":-0.3,"extreme_pct_climrel":1,"ref_daytime_hi_mean":97.5,"ref_daytime_hi_p95":102.7,"rwi_mean":null,"health_per_10k":2.3094688221709005,"built_frac":0.595,"tree_frac":0.379,"canopy_frac_over_3m":0.294,"viirs_mean":66.3,"gdl_hdi":0.936,"gdl_region":"Florida","ghsl_smod":30,"lst_anomaly_c":-1.18,"lst_anomaly_c_climrel":0,"worldpop_pop_total":3020.0,"frac_under5":4.5,"frac_elderly_65plus":21.8,"frac_elderly_75plus":9.8,"old_age_dependency_ratio":0.33,"has_data":true},"geometry":{"type":"Polygon","coordinates":[[[-80.267378,25.764282],[-80.267005,25.764305],[-80.263309,25.764424],[-80.261263,25.764496],[-80.260852,25.76451],[-80.260753,25.762863],[-80.260648,25.760484],[-80.260593,25.758983],[-80.260526,25.7574],[-80.260921,25.75582],[-80.262926,25.755714],[-80.267062,25.755535],[-80.267096,25.757022],[-80.267213,25.760053],[-80.267238,25.760204],[-80.267378,25.764282]]]}},{"type":"Feature","properties":{"unit_id":"12086011411","name":"Census Tract 114.11","native_id":"12086011411","source":"census_tract_2025","adm3_name":"Miami-Dade County","adm3_id":"12086","area_sqm":1306159,"split":false,"population":3894.0,"days_covered":18,"daytime_peak_f":101.3,"heat_anomaly_f":3.8,"extreme_pct":28.0,"nighttime_stress_f":-6.7,"daytime_peak_f_climrel":0.5456,"heat_anomaly_f_climrel":0.5456,"nighttime_stress_f_climrel":-0.3,"extreme_pct_climrel":0.7,"ref_daytime_hi_mean":97.6,"ref_daytime_hi_p95":102.6,"rwi_mean":null,"health_per_10k":0.0,"built_frac":0.41,"tree_frac":0.142,"canopy_frac_over_3m":0.188,"viirs_mean":31.9,"gdl_hdi":0.936,"gdl_region":"Florida","ghsl_smod":30,"lst_anomaly_c":null,"lst_anomaly_c_climrel":null,"worldpop_pop_total":3664.0,"frac_under5":5.5,"frac_elderly_65plus":13.6,"frac_elderly_75plus":6.0,"old_age_dependency_ratio":0.216,"has_data":true},"geometry":{"type":"Polygon","coordinates":[[[-80.452348,25.462708],[-80.444329,25.462542],[-80.44432,25.460776],[-80.445705,25.460385],[-80.443295,25.45662],[-80.44325,25.454427],[-80.444488,25.45293],[-80.444293,25.450602],[-80.438775,25.450651],[-80.434502,25.449624],[-80.432047,25.448648],[-80.431262,25.447956],[-80.436169,25.447879],[-80.450773,25.447818],[-80.449676,25.453218],[-80.449928,25.455404],[-80.450283,25.45683],[-80.452348,25.462708]]]}},{"type":"Feature","properties":{"unit_id":"12086013400","name":"Census Tract 134","native_id":"12086013400","source":"census_tract_2025","adm3_name":"Miami-Dade County","adm3_id":"12086","area_sqm":457846,"split":false,"population":3522.0,"days_covered":18,"daytime_peak_f":102.6,"heat_anomaly_f":4.5,"extreme_pct":28.0,"nighttime_stress_f":-4.7,"daytime_peak_f_climrel":0.6666,"heat_anomaly_f_climrel":0.6666,"nighttime_stress_f_climrel":-0.3,"extreme_pct_climrel":0.7,"ref_daytime_hi_mean":98.0,"ref_daytime_hi_p95":103.2,"rwi_mean":null,"health_per_10k":0.0,"built_frac":0.675,"tree_frac":0.027,"canopy_frac_over_3m":0.053,"viirs_mean":93.0,"gdl_hdi":0.936,"gdl_region":"Florida","ghsl_smod":30,"lst_anomaly_c":0.8,"lst_anomaly_c_climrel":0.1,"worldpop_pop_total":5562.0,"frac_under5":4.7,"frac_elderly_65plus":20.6,"frac_elderly_75plus":7.7,"old_age_dependency_ratio":0.32,"has_data":true},"geometry":{"type":"Polygon","coordinates":[[[-80.339586,25.884173],[-80.335327,25.884125],[-80.331668,25.884133],[-80.331535,25.881096],[-80.33135,25.877029],[-80.335361,25.877012],[-80.33742,25.877038],[-80.339218,25.877017],[-80.339314,25.878821],[-80.339586,25.884173]]]}},{"type":"Feature","properties":{"unit_id":"12086002702","name":"Census Tract 27.02","native_id":"12086002702","source":"census_tract_2025","adm3_name":"Miami-Dade County","adm3_id":"12086","area_sqm":1009723,"split":false,"population":11987.18485318297,"days_covered":18,"daytime_peak_f":101.9,"heat_anomaly_f":5.5,"extreme_pct":39.0,"nighttime_stress_f":-3.1,"daytime_peak_f_climrel":0.8322,"heat_anomaly_f_climrel":0.8322,"nighttime_stress_f_climrel":-0.3,"extreme_pct_climrel":0.975,"ref_daytime_hi_mean":96.4,"ref_daytime_hi_p95":101.7,"rwi_mean":null,"health_per_10k":0.0,"built_frac":0.831,"tree_frac":0.096,"canopy_frac_over_3m":0.159,"viirs_mean":182.1,"gdl_hdi":0.936,"gdl_region":"Florida","ghsl_smod":30,"lst_anomaly_c":1.47,"lst_anomaly_c_climrel":0.1837,"worldpop_pop_total":6399.0,"frac_under5":3.7,"frac_elderly_65plus":6.6,"frac_elderly_75plus":2.1,"old_age_dependency_ratio":0.078,"has_data":true},"geometry":{"type":"Polygon","coordinates":[[[-80.194455,25.795623],[-80.193884,25.797984],[-80.193677,25.798878],[-80.192649,25.803312],[-80.191015,25.810601],[-80.19084,25.811338],[-80.189383,25.811373],[-80.189445,25.810634],[-80.189498,25.809423],[-80.189443,25.807105],[-80.189397,25.805378],[-80.189357,25.804264],[-80.189117,25.800901],[-80.189104,25.799155],[-80.18908,25.798131],[-80.189056,25.797136],[-80.189052,25.796194],[-80.189015,25.794835],[-80.188996,25.793586],[-80.188964,25.792338],[-80.189078,25.789538],[-80.193892,25.789416],[-80.195976,25.789303],[-80.194455,25.795623]]]}},{"type":"Feature","properties":{"unit_id":"12086003912","name":"Census Tract 39.12","native_id":"12086003912","source":"census_tract_2025","adm3_name":"Miami-Dade County","adm3_id":"12086","area_sqm":815276,"split":false,"population":5980.0,"days_covered":18,"daytime_peak_f":102.4,"heat_anomaly_f":5.5,"extreme_pct":33.0,"nighttime_stress_f":-3.2,"daytime_peak_f_climrel":0.8247,"heat_anomaly_f_climrel":0.8247,"nighttime_stress_f_climrel":-0.3,"extreme_pct_climrel":0.825,"ref_daytime_hi_mean":96.9,"ref_daytime_hi_p95":102.4,"rwi_mean":null,"health_per_10k":0.0,"built_frac":0.193,"tree_frac":0.013,"canopy_frac_over_3m":0.05,"viirs_mean":21.0,"gdl_hdi":0.936,"gdl_region":"Florida","ghsl_smod":30,"lst_anomaly_c":-7.36,"lst_anomaly_c_climrel":0,"worldpop_pop_total":3337.0,"frac_under5":4.4,"frac_elderly_65plus":16.7,"frac_elderly_75plus":6.8,"old_age_dependency_ratio":0.244,"has_data":true},"geometry":{"type":"Polygon","coordinates":[[[-80.159293,25.864873],[-80.156701,25.870587],[-80.145771,25.871651],[-80.134147,25.872053],[-80.131483,25.872191],[-80.124431,25.872467],[-80.12422,25.869875],[-80.124031,25.86684],[-80.124397,25.866372],[-80.128032,25.861879],[-80.12835,25.860254],[-80.128788,25.859228],[-80.131,25.861336],[-80.133738,25.86157],[-80.147468,25.861573],[-80.160958,25.861204],[-80.159293,25.864873]]]}},{"type":"Feature","properties":{"unit_id":"12086011106","name":"Census Tract 111.06","native_id":"12086011106","source":"census_tract_2025","adm3_name":"Miami-Dade County","adm3_id":"12086","area_sqm":5194646,"split":false,"population":3885.0,"days_covered":18,"daytime_peak_f":100.7,"heat_anomaly_f":3.0,"extreme_pct":17.0,"nighttime_stress_f":-8.0,"daytime_peak_f_climrel":0.4742,"heat_anomaly_f_climrel":0.4742,"nighttime_stress_f_climrel":-0.3,"extreme_pct_climrel":0.425,"ref_daytime_hi_mean":97.7,"ref_daytime_hi_p95":102.5,"rwi_mean":null,"health_per_10k":0.0,"built_frac":0.229,"tree_frac":0.224,"canopy_frac_over_3m":0.185,"viirs_mean":35.4,"gdl_hdi":0.936,"gdl_region":"Florida","ghsl_smod":30,"lst_anomaly_c":null,"lst_anomaly_c_climrel":null,"worldpop_pop_total":4195.0,"frac_under5":4.9,"frac_elderly_65plus":17.2,"frac_elderly_75plus":6.7,"old_age_dependency_ratio":0.267,"has_data":true},"geometry":{"type":"Polygon","coordinates":[[[-80.477807,25.513723],[-80.469627,25.513805],[-80.469407,25.499144],[-80.457136,25.499281],[-80.446247,25.499338],[-80.453823,25.491978],[-80.461002,25.484584],[-80.462376,25.484583],[-80.465138,25.484572],[-80.471186,25.484525],[-80.473321,25.484501],[-80.477484,25.484469],[-80.477554,25.489013],[-80.477561,25.489925],[-80.477575,25.491758],[-80.477578,25.495434],[-80.477807,25.513723]]]}},{"type":"Feature","properties":{"unit_id":"12086007503","name":"Census Tract 75.03","native_id":"12086007503","source":"census_tract_2025","adm3_name":"Miami-Dade County","adm3_id":"12086","area_sqm":528619,"split":false,"population":2190.0,"days_covered":18,"daytime_peak_f":102.2,"heat_anomaly_f":5.2,"extreme_pct":28.0,"nighttime_stress_f":-3.6,"daytime_peak_f_climrel":0.7489,"heat_anomaly_f_climrel":0.7489,"nighttime_stress_f_climrel":-0.3,"extreme_pct_climrel":0.7,"ref_daytime_hi_mean":97.0,"ref_daytime_hi_p95":102.0,"rwi_mean":null,"health_per_10k":4.566210045662101,"built_frac":0.429,"tree_frac":0.525,"canopy_frac_over_3m":0.401,"viirs_mean":59.9,"gdl_hdi":0.936,"gdl_region":"Florida","ghsl_smod":30,"lst_anomaly_c":-1.52,"lst_anomaly_c_climrel":0,"worldpop_pop_total":969.0,"frac_under5":3.6,"frac_elderly_65plus":23.6,"frac_elderly_75plus":10.0,"old_age_dependency_ratio":0.379,"has_data":true},"geometry":{"type":"Polygon","coordinates":[[[-80.279147,25.712705],[-80.273758,25.717075],[-80.270888,25.719387],[-80.268381,25.716657],[-80.268037,25.712423],[-80.273354,25.712169],[-80.278164,25.711998],[-80.279147,25.712705]]]}},{"type":"Feature","properties":{"unit_id":"12086001802","name":"Census Tract 18.02","native_id":"12086001802","source":"census_tract_2025","adm3_name":"Miami-Dade County","adm3_id":"12086","area_sqm":1099939,"split":false,"population":6315.0,"days_covered":18,"daytime_peak_f":101.9,"heat_anomaly_f":5.5,"extreme_pct":39.0,"nighttime_stress_f":-3.1,"daytime_peak_f_climrel":0.8322,"heat_anomaly_f_climrel":0.8322,"nighttime_stress_f_climrel":-0.3,"extreme_pct_climrel":0.975,"ref_daytime_hi_mean":96.4,"ref_daytime_hi_p95":101.7,"rwi_mean":null,"health_per_10k":0.0,"built_frac":0.654,"tree_frac":0.285,"canopy_frac_over_3m":0.196,"viirs_mean":76.4,"gdl_hdi":0.936,"gdl_region":"Florida","ghsl_smod":30,"lst_anomaly_c":1.15,"lst_anomaly_c_climrel":0.1437,"worldpop_pop_total":4768.0,"frac_under5":6.5,"frac_elderly_65plus":13.9,"frac_elderly_75plus":4.8,"old_age_dependency_ratio":0.21,"has_data":true},"geometry":{"type":"Polygon","coordinates":[[[-80.232667,25.824177],[-80.228623,25.824299],[-80.224552,25.82443],[-80.224404,25.820796],[-80.224255,25.817081],[-80.224139,25.814775],[-80.224021,25.812211],[-80.228104,25.812135],[-80.232163,25.812038],[-80.232484,25.819494],[-80.232667,25.824177]]]}},{"type":"Feature","properties":{"unit_id":"12086006607","name":"Census Tract 66.07","native_id":"12086006607","source":"census_tract_2025","adm3_name":"Miami-Dade County","adm3_id":"12086","area_sqm":381351,"split":false,"population":3766.7411176827163,"days_covered":18,"daytime_peak_f":101.9,"heat_anomaly_f":5.5,"extreme_pct":39.0,"nighttime_stress_f":-3.1,"daytime_peak_f_climrel":0.8322,"heat_anomaly_f_climrel":0.8322,"nighttime_stress_f_climrel":-0.3,"extreme_pct_climrel":0.975,"ref_daytime_hi_mean":96.4,"ref_daytime_hi_p95":101.7,"rwi_mean":null,"health_per_10k":0.0,"built_frac":0.9,"tree_frac":0.095,"canopy_frac_over_3m":0.171,"viirs_mean":135.3,"gdl_hdi":0.936,"gdl_region":"Florida","ghsl_smod":30,"lst_anomaly_c":1.72,"lst_anomaly_c_climrel":0.215,"worldpop_pop_total":3957.0,"frac_under5":4.5,"frac_elderly_65plus":20.4,"frac_elderly_75plus":9.4,"old_age_dependency_ratio":0.308,"has_data":true},"geometry":{"type":"Polygon","coordinates":[[[-80.214451,25.765883],[-80.211228,25.765945],[-80.207436,25.765989],[-80.207397,25.765032],[-80.20575,25.765059],[-80.204074,25.765138],[-80.200726,25.765207],[-80.199898,25.763322],[-80.205673,25.763141],[-80.207888,25.763094],[-80.214326,25.762935],[-80.214451,25.765883]]]}},{"type":"Feature","properties":{"unit_id":"12086012801","name":"Census Tract 128.01","native_id":"12086012801","source":"census_tract_2025","adm3_name":"Miami-Dade County","adm3_id":"12086","area_sqm":1571943,"split":false,"population":4025.0,"days_covered":18,"daytime_peak_f":102.6,"heat_anomaly_f":4.5,"extreme_pct":28.0,"nighttime_stress_f":-4.7,"daytime_peak_f_climrel":0.6666,"heat_anomaly_f_climrel":0.6666,"nighttime_stress_f_climrel":-0.3,"extreme_pct_climrel":0.7,"ref_daytime_hi_mean":98.0,"ref_daytime_hi_p95":103.2,"rwi_mean":null,"health_per_10k":0.0,"built_frac":0.782,"tree_frac":0.045,"canopy_frac_over_3m":0.125,"viirs_mean":54.5,"gdl_hdi":0.936,"gdl_region":"Florida","ghsl_smod":30,"lst_anomaly_c":3.05,"lst_anomaly_c_climrel":0.3812,"worldpop_pop_total":3727.0,"frac_under5":3.2,"frac_elderly_65plus":22.9,"frac_elderly_75plus":10.2,"old_age_dependency_ratio":0.353,"has_data":true},"geometry":{"type":"Polygon","coordinates":[[[-80.351322,25.898686],[-80.349867,25.902943],[-80.350082,25.913379],[-80.349427,25.913379],[-80.349083,25.913381],[-80.346191,25.913398],[-80.344933,25.913312],[-80.341019,25.913244],[-80.340525,25.903386],[-80.34047,25.902142],[-80.340366,25.898927],[-80.340344,25.898407],[-80.340712,25.898414],[-80.34494,25.897944],[-80.350761,25.898419],[-80.351292,25.897563],[-80.351322,25.898686]]]}},{"type":"Feature","properties":{"unit_id":"12086009323","name":"Census Tract 93.23","native_id":"12086009323","source":"census_tract_2025","adm3_name":"Miami-Dade County","adm3_id":"12086","area_sqm":887792,"split":false,"population":3013.0,"days_covered":18,"daytime_peak_f":102.6,"heat_anomaly_f":4.5,"extreme_pct":28.0,"nighttime_stress_f":-4.7,"daytime_peak_f_climrel":0.6666,"heat_anomaly_f_climrel":0.6666,"nighttime_stress_f_climrel":-0.3,"extreme_pct_climrel":0.7,"ref_daytime_hi_mean":98.0,"ref_daytime_hi_p95":103.2,"rwi_mean":null,"health_per_10k":0.0,"built_frac":0.751,"tree_frac":0.047,"canopy_frac_over_3m":0.113,"viirs_mean":81.5,"gdl_hdi":0.936,"gdl_region":"Florida","ghsl_smod":30,"lst_anomaly_c":1.03,"lst_anomaly_c_climrel":0.1288,"worldpop_pop_total":2573.0,"frac_under5":3.9,"frac_elderly_65plus":27.3,"frac_elderly_75plus":13.1,"old_age_dependency_ratio":0.448,"has_data":true},"geometry":{"type":"Polygon","coordinates":[[[-80.323534,25.884062],[-80.3156,25.884168],[-80.307574,25.88417],[-80.307249,25.877028],[-80.315282,25.877026],[-80.315325,25.879798],[-80.316949,25.879097],[-80.319423,25.879274],[-80.320108,25.88024],[-80.323404,25.880279],[-80.323534,25.884062]]]}},{"type":"Feature","properties":{"unit_id":"12086000807","name":"Census Tract 8.07","native_id":"12086000807","source":"census_tract_2025","adm3_name":"Miami-Dade County","adm3_id":"12086","area_sqm":425003,"split":false,"population":2061.6759221511093,"days_covered":18,"daytime_peak_f":102.1,"heat_anomaly_f":4.6,"extreme_pct":44.0,"nighttime_stress_f":-4.1,"daytime_peak_f_climrel":0.6814,"heat_anomaly_f_climrel":0.6814,"nighttime_stress_f_climrel":-0.3,"extreme_pct_climrel":1,"ref_daytime_hi_mean":97.5,"ref_daytime_hi_p95":102.7,"rwi_mean":null,"health_per_10k":0.0,"built_frac":0.953,"tree_frac":0.041,"canopy_frac_over_3m":0.087,"viirs_mean":117.0,"gdl_hdi":0.936,"gdl_region":"Florida","ghsl_smod":30,"lst_anomaly_c":3.12,"lst_anomaly_c_climrel":0.39,"worldpop_pop_total":3171.0,"frac_under5":3.3,"frac_elderly_65plus":28.7,"frac_elderly_75plus":13.3,"old_age_dependency_ratio":0.467,"has_data":true},"geometry":{"type":"Polygon","coordinates":[[[-80.285842,25.83614],[-80.279858,25.836357],[-80.279738,25.833618],[-80.27972,25.832702],[-80.279631,25.829955],[-80.281608,25.829911],[-80.285621,25.829803],[-80.285722,25.832509],[-80.285842,25.83614]]]}},{"type":"Feature","properties":{"unit_id":"12086004704","name":"Census Tract 47.04","native_id":"12086004704","source":"census_tract_2025","adm3_name":"Miami-Dade County","adm3_id":"12086","area_sqm":760192,"split":false,"population":986.0486501253897,"days_covered":18,"daytime_peak_f":102.1,"heat_anomaly_f":4.6,"extreme_pct":44.0,"nighttime_stress_f":-4.1,"daytime_peak_f_climrel":0.6814,"heat_anomaly_f_climrel":0.6814,"nighttime_stress_f_climrel":-0.3,"extreme_pct_climrel":1,"ref_daytime_hi_mean":97.5,"ref_daytime_hi_p95":102.7,"rwi_mean":null,"health_per_10k":10.141487439517677,"built_frac":0.708,"tree_frac":0.196,"canopy_frac_over_3m":0.198,"viirs_mean":98.3,"gdl_hdi":0.936,"gdl_region":"Florida","ghsl_smod":30,"lst_anomaly_c":-0.54,"lst_anomaly_c_climrel":0,"worldpop_pop_total":2665.0,"frac_under5":3.6,"frac_elderly_65plus":23.5,"frac_elderly_75plus":10.2,"old_age_dependency_ratio":0.359,"has_data":true},"geometry":{"type":"Polygon","coordinates":[[[-80.305295,25.81167],[-80.301308,25.811666],[-80.297298,25.811662],[-80.289286,25.811679],[-80.289196,25.807924],[-80.28917,25.807599],[-80.297237,25.807469],[-80.304324,25.806919],[-80.304827,25.806678],[-80.305295,25.81167]]]}},{"type":"Feature","properties":{"unit_id":"12086011406","name":"Census Tract 114.06","native_id":"12086011406","source":"census_tract_2025","adm3_name":"Miami-Dade County","adm3_id":"12086","area_sqm":2558728,"split":false,"population":5689.0,"days_covered":18,"daytime_peak_f":101.2,"heat_anomaly_f":3.2,"extreme_pct":22.0,"nighttime_stress_f":-7.8,"daytime_peak_f_climrel":0.4856,"heat_anomaly_f_climrel":0.4856,"nighttime_stress_f_climrel":-0.3,"extreme_pct_climrel":0.55,"ref_daytime_hi_mean":98.1,"ref_daytime_hi_p95":103.1,"rwi_mean":null,"health_per_10k":0.0,"built_frac":0.345,"tree_frac":0.186,"canopy_frac_over_3m":0.204,"viirs_mean":32.0,"gdl_hdi":0.936,"gdl_region":"Florida","ghsl_smod":21,"lst_anomaly_c":null,"lst_anomaly_c_climrel":null,"worldpop_pop_total":5269.0,"frac_under5":6.6,"frac_elderly_65plus":17.0,"frac_elderly_75plus":6.6,"old_age_dependency_ratio":0.274,"has_data":true},"geometry":{"type":"Polygon","coordinates":[[[-80.501551,25.447693],[-80.493421,25.447785],[-80.489374,25.447815],[-80.485343,25.44778],[-80.477164,25.447837],[-80.47706,25.440874],[-80.476663,25.439102],[-80.477169,25.439492],[-80.477714,25.439911],[-80.477914,25.440066],[-80.47845,25.440519],[-80.48057,25.442311],[-80.480696,25.442688],[-80.483298,25.442655],[-80.483278,25.440641],[-80.485331,25.440582],[-80.491292,25.440497],[-80.493318,25.440485],[-80.493323,25.438822],[-80.49328,25.43313],[-80.501493,25.433101],[-80.501551,25.447693]]]}},{"type":"Feature","properties":{"unit_id":"12086009030","name":"Census Tract 90.30","native_id":"12086009030","source":"census_tract_2025","adm3_name":"Miami-Dade County","adm3_id":"12086","area_sqm":515917,"split":false,"population":3191.0,"days_covered":18,"daytime_peak_f":102.1,"heat_anomaly_f":4.6,"extreme_pct":44.0,"nighttime_stress_f":-4.1,"daytime_peak_f_climrel":0.6814,"heat_anomaly_f_climrel":0.6814,"nighttime_stress_f_climrel":-0.3,"extreme_pct_climrel":1,"ref_daytime_hi_mean":97.5,"ref_daytime_hi_p95":102.7,"rwi_mean":null,"health_per_10k":0.0,"built_frac":0.888,"tree_frac":0.034,"canopy_frac_over_3m":0.091,"viirs_mean":143.3,"gdl_hdi":0.936,"gdl_region":"Florida","ghsl_smod":30,"lst_anomaly_c":null,"lst_anomaly_c_climrel":null,"worldpop_pop_total":5721.0,"frac_under5":3.9,"frac_elderly_65plus":20.0,"frac_elderly_75plus":8.1,"old_age_dependency_ratio":0.297,"has_data":true},"geometry":{"type":"Polygon","coordinates":[[[-80.336706,25.778168],[-80.336672,25.780024],[-80.336693,25.781231],[-80.336689,25.781566],[-80.333014,25.781579],[-80.328508,25.781302],[-80.323798,25.781102],[-80.32084,25.780661],[-80.320864,25.780043],[-80.323076,25.78008],[-80.323008,25.778224],[-80.328412,25.778196],[-80.330986,25.77819],[-80.334897,25.778169],[-80.336693,25.77755],[-80.336706,25.778168]]]}},{"type":"Feature","properties":{"unit_id":"12086010214","name":"Census Tract 102.14","native_id":"12086010214","source":"census_tract_2025","adm3_name":"Miami-Dade County","adm3_id":"12086","area_sqm":757664,"split":false,"population":4789.0,"days_covered":18,"daytime_peak_f":101.6,"heat_anomaly_f":4.2,"extreme_pct":22.0,"nighttime_stress_f":-6.1,"daytime_peak_f_climrel":0.5768,"heat_anomaly_f_climrel":0.5768,"nighttime_stress_f_climrel":-0.3,"extreme_pct_climrel":0.55,"ref_daytime_hi_mean":97.4,"ref_daytime_hi_p95":103.0,"rwi_mean":null,"health_per_10k":2.088118605136772,"built_frac":0.809,"tree_frac":0.069,"canopy_frac_over_3m":0.126,"viirs_mean":67.5,"gdl_hdi":0.936,"gdl_region":"Florida","ghsl_smod":30,"lst_anomaly_c":0.83,"lst_anomaly_c_climrel":0.1037,"worldpop_pop_total":2647.0,"frac_under5":4.9,"frac_elderly_65plus":24.2,"frac_elderly_75plus":10.1,"old_age_dependency_ratio":0.398,"has_data":true},"geometry":{"type":"Polygon","coordinates":[[[-80.380495,25.580884],[-80.375441,25.580947],[-80.371076,25.581013],[-80.370131,25.580942],[-80.368837,25.580019],[-80.372427,25.575687],[-80.376297,25.571719],[-80.378306,25.573336],[-80.379165,25.574222],[-80.380293,25.575802],[-80.380431,25.577585],[-80.380495,25.580884]]]}},{"type":"Feature","properties":{"unit_id":"12086010012","name":"Census Tract 100.12","native_id":"12086010012","source":"census_tract_2025","adm3_name":"Miami-Dade County","adm3_id":"12086","area_sqm":1535531,"split":false,"population":1400.0,"days_covered":18,"daytime_peak_f":103.3,"heat_anomaly_f":5.4,"extreme_pct":33.0,"nighttime_stress_f":-5.5,"daytime_peak_f_climrel":0.7702,"heat_anomaly_f_climrel":0.7702,"nighttime_stress_f_climrel":-0.3,"extreme_pct_climrel":0.825,"ref_daytime_hi_mean":97.9,"ref_daytime_hi_p95":103.4,"rwi_mean":null,"health_per_10k":0.0,"built_frac":0.643,"tree_frac":0.09,"canopy_frac_over_3m":0.113,"viirs_mean":43.1,"gdl_hdi":0.936,"gdl_region":"Florida","ghsl_smod":30,"lst_anomaly_c":1.92,"lst_anomaly_c_climrel":0.24,"worldpop_pop_total":6071.0,"frac_under5":4.1,"frac_elderly_65plus":16.9,"frac_elderly_75plus":5.3,"old_age_dependency_ratio":0.253,"has_data":true},"geometry":{"type":"Polygon","coordinates":[[[-80.262269,25.961758],[-80.254269,25.961417],[-80.247697,25.961147],[-80.248323,25.960593],[-80.248317,25.955367],[-80.25031,25.953541],[-80.253912,25.953036],[-80.253668,25.947885],[-80.261705,25.947598],[-80.262051,25.954797],[-80.262269,25.961758]]]}},{"type":"Feature","properties":{"unit_id":"12086018803","name":"Census Tract 188.03","native_id":"12086018803","source":"census_tract_2025","adm3_name":"Miami-Dade County","adm3_id":"12086","area_sqm":493260,"split":false,"population":2314.0,"days_covered":18,"daytime_peak_f":102.4,"heat_anomaly_f":4.6,"extreme_pct":33.0,"nighttime_stress_f":-5.5,"daytime_peak_f_climrel":0.6622,"heat_anomaly_f_climrel":0.6622,"nighttime_stress_f_climrel":-0.3,"extreme_pct_climrel":0.825,"ref_daytime_hi_mean":97.8,"ref_daytime_hi_p95":103.3,"rwi_mean":null,"health_per_10k":0.0,"built_frac":0.687,"tree_frac":0.205,"canopy_frac_over_3m":0.191,"viirs_mean":47.0,"gdl_hdi":0.936,"gdl_region":"Florida","ghsl_smod":30,"lst_anomaly_c":1.44,"lst_anomaly_c_climrel":0.18,"worldpop_pop_total":3475.0,"frac_under5":5.4,"frac_elderly_65plus":17.0,"frac_elderly_75plus":6.6,"old_age_dependency_ratio":0.254,"has_data":true},"geometry":{"type":"Polygon","coordinates":[[[-80.424365,25.672403],[-80.423304,25.673965],[-80.421008,25.676114],[-80.420432,25.67815],[-80.419305,25.677793],[-80.417379,25.67776],[-80.416478,25.67777],[-80.416379,25.674429],[-80.416358,25.670796],[-80.417281,25.670777],[-80.424414,25.670572],[-80.424365,25.672403]]]}},{"type":"Feature","properties":{"unit_id":"12086000308","name":"Census Tract 3.08","native_id":"12086000308","source":"census_tract_2025","adm3_name":"Miami-Dade County","adm3_id":"12086","area_sqm":1940302,"split":false,"population":3993.0,"days_covered":18,"daytime_peak_f":102.2,"heat_anomaly_f":5.4,"extreme_pct":33.0,"nighttime_stress_f":-2.9,"daytime_peak_f_climrel":0.8011,"heat_anomaly_f_climrel":0.8011,"nighttime_stress_f_climrel":-0.3,"extreme_pct_climrel":0.825,"ref_daytime_hi_mean":96.9,"ref_daytime_hi_p95":102.4,"rwi_mean":null,"health_per_10k":0.0,"built_frac":0.432,"tree_frac":0.476,"canopy_frac_over_3m":0.291,"viirs_mean":38.8,"gdl_hdi":0.936,"gdl_region":"Florida","ghsl_smod":30,"lst_anomaly_c":-0.05,"lst_anomaly_c_climrel":0,"worldpop_pop_total":5663.0,"frac_under5":4.4,"frac_elderly_65plus":21.9,"frac_elderly_75plus":7.5,"old_age_dependency_ratio":0.342,"has_data":true},"geometry":{"type":"Polygon","coordinates":[[[-80.203433,25.90597],[-80.197137,25.906279],[-80.196855,25.90586],[-80.195472,25.903543],[-80.19485,25.899031],[-80.194542,25.89548],[-80.19423,25.893566],[-80.193213,25.889964],[-80.194587,25.889904],[-80.194386,25.884468],[-80.202474,25.884116],[-80.202559,25.885913],[-80.202749,25.889552],[-80.202876,25.892236],[-80.203008,25.894978],[-80.203174,25.898646],[-80.203368,25.902276],[-80.203433,25.90597]]]}},{"type":"Feature","properties":{"unit_id":"12086000903","name":"Census Tract 9.03","native_id":"12086000903","source":"census_tract_2025","adm3_name":"Miami-Dade County","adm3_id":"12086","area_sqm":2952288,"split":false,"population":4278.0,"days_covered":18,"daytime_peak_f":102.1,"heat_anomaly_f":4.6,"extreme_pct":44.0,"nighttime_stress_f":-4.1,"daytime_peak_f_climrel":0.6814,"heat_anomaly_f_climrel":0.6814,"nighttime_stress_f_climrel":-0.3,"extreme_pct_climrel":1,"ref_daytime_hi_mean":97.5,"ref_daytime_hi_p95":102.7,"rwi_mean":null,"health_per_10k":0.0,"built_frac":0.89,"tree_frac":0.045,"canopy_frac_over_3m":0.064,"viirs_mean":101.0,"gdl_hdi":0.936,"gdl_region":"Florida","ghsl_smod":30,"lst_anomaly_c":4.3,"lst_anomaly_c_climrel":0.5375,"worldpop_pop_total":4449.0,"frac_under5":4.8,"frac_elderly_65plus":19.1,"frac_elderly_75plus":7.2,"old_age_dependency_ratio":0.293,"has_data":true},"geometry":{"type":"Polygon","coordinates":[[[-80.259614,25.845478],[-80.25811,25.845504],[-80.249908,25.845768],[-80.241746,25.84605],[-80.241574,25.841267],[-80.241463,25.838631],[-80.24111,25.831136],[-80.247214,25.831028],[-80.253324,25.830844],[-80.257372,25.830783],[-80.259176,25.83071],[-80.259369,25.838072],[-80.259481,25.839026],[-80.259525,25.842171],[-80.259614,25.845478]]]}},{"type":"Feature","properties":{"unit_id":"12086020300","name":"Census Tract 203","native_id":"12086020300","source":"census_tract_2025","adm3_name":"Miami-Dade County","adm3_id":"12086","area_sqm":1266200,"split":false,"population":2996.0,"days_covered":18,"daytime_peak_f":101.6,"heat_anomaly_f":4.2,"extreme_pct":22.0,"nighttime_stress_f":-6.1,"daytime_peak_f_climrel":0.5768,"heat_anomaly_f_climrel":0.5768,"nighttime_stress_f_climrel":-0.3,"extreme_pct_climrel":0.55,"ref_daytime_hi_mean":97.4,"ref_daytime_hi_p95":103.0,"rwi_mean":null,"health_per_10k":0.0,"built_frac":0.794,"tree_frac":0.049,"canopy_frac_over_3m":0.084,"viirs_mean":39.7,"gdl_hdi":0.936,"gdl_region":"Florida","ghsl_smod":30,"lst_anomaly_c":0.25,"lst_anomaly_c_climrel":0.0312,"worldpop_pop_total":3730.0,"frac_under5":3.4,"frac_elderly_65plus":22.6,"frac_elderly_75plus":10.2,"old_age_dependency_ratio":0.347,"has_data":true},"geometry":{"type":"Polygon","coordinates":[[[-80.3857,25.61232],[-80.381997,25.612453],[-80.378643,25.612588],[-80.378302,25.612604],[-80.377878,25.60404],[-80.377389,25.601948],[-80.376862,25.600549],[-80.374961,25.597883],[-80.37519,25.597868],[-80.380917,25.59759],[-80.384948,25.597473],[-80.385345,25.604885],[-80.3857,25.61232]]]}},{"type":"Feature","properties":{"unit_id":"12086013100","name":"Census Tract 131","native_id":"12086013100","source":"census_tract_2025","adm3_name":"Miami-Dade County","adm3_id":"12086","area_sqm":817015,"split":false,"population":3002.0,"days_covered":18,"daytime_peak_f":102.6,"heat_anomaly_f":4.5,"extreme_pct":28.0,"nighttime_stress_f":-4.7,"daytime_peak_f_climrel":0.6666,"heat_anomaly_f_climrel":0.6666,"nighttime_stress_f_climrel":-0.3,"extreme_pct_climrel":0.7,"ref_daytime_hi_mean":98.0,"ref_daytime_hi_p95":103.2,"rwi_mean":null,"health_per_10k":3.331112591605596,"built_frac":0.904,"tree_frac":0.011,"canopy_frac_over_3m":0.064,"viirs_mean":109.8,"gdl_hdi":0.936,"gdl_region":"Florida","ghsl_smod":30,"lst_anomaly_c":5.16,"lst_anomaly_c_climrel":0.645,"worldpop_pop_total":5519.0,"frac_under5":4.4,"frac_elderly_65plus":20.0,"frac_elderly_75plus":8.5,"old_age_dependency_ratio":0.301,"has_data":true},"geometry":{"type":"Polygon","coordinates":[[[-80.351292,25.897563],[-80.350761,25.898419],[-80.34494,25.897944],[-80.340712,25.898414],[-80.340344,25.898407],[-80.339866,25.891504],[-80.342538,25.891509],[-80.344038,25.891516],[-80.34808,25.891503],[-80.351101,25.891496],[-80.351261,25.895145],[-80.351276,25.896803],[-80.351292,25.897563]]]}},{"type":"Feature","properties":{"unit_id":"12086004303","name":"Census Tract 43.03","native_id":"12086004303","source":"census_tract_2025","adm3_name":"Miami-Dade County","adm3_id":"12086","area_sqm":432665,"split":false,"population":3016.6738199166275,"days_covered":18,"daytime_peak_f":102.9,"heat_anomaly_f":6.1,"extreme_pct":44.0,"nighttime_stress_f":-3.1,"daytime_peak_f_climrel":0.9278,"heat_anomaly_f_climrel":0.9278,"nighttime_stress_f_climrel":-0.3,"extreme_pct_climrel":1,"ref_daytime_hi_mean":96.9,"ref_daytime_hi_p95":102.1,"rwi_mean":null,"health_per_10k":0.0,"built_frac":0.76,"tree_frac":0.043,"canopy_frac_over_3m":0.141,"viirs_mean":133.8,"gdl_hdi":0.936,"gdl_region":"Florida","ghsl_smod":30,"lst_anomaly_c":1.15,"lst_anomaly_c_climrel":0.1437,"worldpop_pop_total":2734.0,"frac_under5":3.6,"frac_elderly_65plus":10.1,"frac_elderly_75plus":3.3,"old_age_dependency_ratio":0.127,"has_data":true},"geometry":{"type":"Polygon","coordinates":[[[-80.136387,25.78529],[-80.134153,25.785362],[-80.132957,25.785388],[-80.133026,25.787548],[-80.131768,25.787568],[-80.131752,25.786934],[-80.1276308754078,25.7862830355653],[-80.128603,25.78207],[-80.1288102426323,25.7810527923431],[-80.130379,25.781586],[-80.130907,25.781686],[-80.132551,25.781946],[-80.136299,25.781876],[-80.136323,25.782838],[-80.136387,25.78529]]]}},{"type":"Feature","properties":{"unit_id":"12086010804","name":"Census Tract 108.04","native_id":"12086010804","source":"census_tract_2025","adm3_name":"Miami-Dade County","adm3_id":"12086","area_sqm":2507232,"split":false,"population":5095.0,"days_covered":18,"daytime_peak_f":101.3,"heat_anomaly_f":3.8,"extreme_pct":28.0,"nighttime_stress_f":-6.7,"daytime_peak_f_climrel":0.5456,"heat_anomaly_f_climrel":0.5456,"nighttime_stress_f_climrel":-0.3,"extreme_pct_climrel":0.7,"ref_daytime_hi_mean":97.6,"ref_daytime_hi_p95":102.6,"rwi_mean":null,"health_per_10k":0.0,"built_frac":0.426,"tree_frac":0.087,"canopy_frac_over_3m":0.119,"viirs_mean":58.9,"gdl_hdi":0.936,"gdl_region":"Florida","ghsl_smod":30,"lst_anomaly_c":null,"lst_anomaly_c_climrel":null,"worldpop_pop_total":10177.0,"frac_under5":6.8,"frac_elderly_65plus":11.6,"frac_elderly_75plus":4.1,"old_age_dependency_ratio":0.177,"has_data":true},"geometry":{"type":"Polygon","coordinates":[[[-80.440807,25.506679],[-80.433447,25.514202],[-80.430824,25.51692],[-80.428425,25.51931],[-80.425882,25.521665],[-80.42455,25.52167],[-80.412511,25.521784],[-80.41252,25.518092],[-80.412517,25.514369],[-80.415992,25.514253],[-80.417867,25.513155],[-80.418663,25.509332],[-80.420058,25.50746],[-80.420747,25.507222],[-80.42088,25.507166],[-80.421467,25.506964],[-80.436908,25.506757],[-80.439044,25.50669],[-80.440807,25.506679]]]}},{"type":"Feature","properties":{"unit_id":"12086011500","name":"Census Tract 115","native_id":"12086011500","source":"census_tract_2025","adm3_name":"Miami-Dade County","adm3_id":"12086","area_sqm":2409568073,"split":false,"population":9352.0,"days_covered":18,"daytime_peak_f":102.8,"heat_anomaly_f":3.5,"extreme_pct":33.0,"nighttime_stress_f":-9.1,"daytime_peak_f_climrel":0.5399,"heat_anomaly_f_climrel":0.5399,"nighttime_stress_f_climrel":-0.3,"extreme_pct_climrel":0.825,"ref_daytime_hi_mean":99.3,"ref_daytime_hi_p95":104.3,"rwi_mean":null,"health_per_10k":0.0,"built_frac":0.003,"tree_frac":0.02,"canopy_frac_over_3m":0.042,"viirs_mean":0.4,"gdl_hdi":0.936,"gdl_region":"Florida","ghsl_smod":11,"lst_anomaly_c":-5.01,"lst_anomaly_c_climrel":0,"worldpop_pop_total":8606.0,"frac_under5":4.4,"frac_elderly_65plus":19.0,"frac_elderly_75plus":7.4,"old_age_dependency_ratio":0.297,"has_data":true},"geometry":{"type":"Polygon","coordinates":[[[-80.873096,25.805377],[-80.873187,25.806161],[-80.872932,25.979434],[-80.680038,25.978749],[-80.680016,25.956857],[-80.55175,25.956974],[-80.550844,25.957018],[-80.440928,25.956858],[-80.440263,25.942659],[-80.440965,25.941843],[-80.444967,25.937965],[-80.453517,25.928118],[-80.453819,25.927274],[-80.486611,25.892422],[-80.483856,25.813183],[-80.484508,25.797614],[-80.48327,25.775543],[-80.496881,25.763622],[-80.498253,25.762356],[-80.49842,25.76103],[-80.497039,25.726973],[-80.495744,25.690021],[-80.496285,25.687982],[-80.499,25.683583],[-80.498687,25.682284],[-80.498257,25.670562],[-80.497891,25.660011],[-80.49662,25.625527],[-80.496685,25.623633],[-80.497028,25.623148],[-80.508687,25.612314],[-80.509913,25.610608],[-80.510711,25.610461],[-80.512137,25.608682],[-80.511065,25.608702],[-80.510894,25.58688],[-80.506812,25.586821],[-80.506661,25.56477],[-80.506576,25.550265],[-80.510636,25.550233],[-80.510567,25.542886],[-80.510291,25.513501],[-80.509829,25.484224],[-80.509765,25.476974],[-80.509701,25.469604],[-80.501627,25.469619],[-80.501582,25.46593],[-80.501565,25.462375],[-80.501562,25.458743],[-80.501551,25.447693],[-80.501493,25.433101],[-80.501342,25.418459],[-80.512715,25.418096],[-80.527187,25.404799],[-80.528438,25.403921],[-80.533496,25.403655],[-80.557664,25.403597],[-80.559887,25.403513],[-80.580108,25.394978],[-80.58274,25.394319],[-80.586316,25.394049],[-80.589294,25.394228],[-80.59154,25.394778],[-80.594799,25.396013],[-80.624844,25.411433],[-80.629675,25.414255],[-80.632813,25.415838],[-80.636118,25.416955],[-80.637975,25.417344],[-80.641741,25.417479],[-80.659692,25.416824],[-80.664174,25.417126],[-80.669334,25.41819],[-80.674304,25.419806],[-80.677168,25.421189],[-80.680836,25.423543],[-80.683938,25.425925],[-80.69057,25.431811],[-80.693901,25.434035],[-80.696723,25.435479],[-80.701049,25.43684],[-80.704794,25.437293],[-80.711553,25.436888],[-80.725825,25.434353],[-80.731756,25.433391],[-80.735586,25.432978],[-80.743839,25.432972],[-80.749798,25.433619],[-80.754319,25.433684],[-80.759241,25.433042],[-80.762819,25.432061],[-80.766485,25.430543],[-80.769789,25.428746],[-80.772115,25.427032],[-80.774744,25.424577],[-80.777023,25.421732],[-80.783865,25.411271],[-80.786902,25.407327],[-80.790828,25.402648],[-80.794849,25.398375],[-80.800743,25.392895],[-80.804092,25.389457],[-80.80743,25.385589],[-80.812068,25.379321],[-80.814598,25.375308],[-80.816959,25.370721],[-80.819925,25.364092],[-80.820984,25.360246],[-80.821369,25.357131],[-80.821192,25.353347],[-80.819499,25.347944],[-80.818342,25.345782],[-80.815866,25.342584],[-80.812221,25.339546],[-80.804629,25.335172],[-80.80214,25.332883],[-80.800993,25.331367],[-80.7987,25.326275],[-80.798291,25.322346],[-80.798488,25.250488],[-80.799701,25.247593],[-80.802137,25.245236],[-80.858107,25.211138],[-80.857989,25.243],[-80.861991,25.242898],[-80.862191,25.364193],[-80.87319,25.363993],[-80.873094,25.623461],[-80.87327,25.625385],[-80.873096,25.805377]]]}},{"type":"Feature","properties":{"unit_id":"12086003606","name":"Census Tract 36.06","native_id":"12086003606","source":"census_tract_2025","adm3_name":"Miami-Dade County","adm3_id":"12086","area_sqm":587504,"split":false,"population":19362.0,"days_covered":18,"daytime_peak_f":101.9,"heat_anomaly_f":5.5,"extreme_pct":39.0,"nighttime_stress_f":-3.1,"daytime_peak_f_climrel":0.8322,"heat_anomaly_f_climrel":0.8322,"nighttime_stress_f_climrel":-0.3,"extreme_pct_climrel":0.975,"ref_daytime_hi_mean":96.4,"ref_daytime_hi_p95":101.7,"rwi_mean":null,"health_per_10k":0.0,"built_frac":0.807,"tree_frac":0.11,"canopy_frac_over_3m":0.164,"viirs_mean":215.4,"gdl_hdi":0.936,"gdl_region":"Florida","ghsl_smod":30,"lst_anomaly_c":-4.98,"lst_anomaly_c_climrel":0,"worldpop_pop_total":2661.0,"frac_under5":2.0,"frac_elderly_65plus":34.7,"frac_elderly_75plus":15.5,"old_age_dependency_ratio":0.581,"has_data":true},"geometry":{"type":"Polygon","coordinates":[[[-80.206424,25.778584],[-80.202912,25.778697],[-80.196148,25.77888],[-80.195955,25.774082],[-80.195641,25.768781],[-80.197508,25.768804],[-80.199494,25.770661],[-80.199785,25.771049],[-80.200578,25.773039],[-80.201225,25.774198],[-80.204801,25.777426],[-80.206915,25.778289],[-80.206424,25.778584]]]}},{"type":"Feature","properties":{"unit_id":"12086002800","name":"Census Tract 28","native_id":"12086002800","source":"census_tract_2025","adm3_name":"Miami-Dade County","adm3_id":"12086","area_sqm":889178,"split":false,"population":8373.0,"days_covered":18,"daytime_peak_f":101.9,"heat_anomaly_f":5.5,"extreme_pct":39.0,"nighttime_stress_f":-3.1,"daytime_peak_f_climrel":0.8322,"heat_anomaly_f_climrel":0.8322,"nighttime_stress_f_climrel":-0.3,"extreme_pct_climrel":0.975,"ref_daytime_hi_mean":96.4,"ref_daytime_hi_p95":101.7,"rwi_mean":null,"health_per_10k":0.0,"built_frac":0.955,"tree_frac":0.027,"canopy_frac_over_3m":0.073,"viirs_mean":175.1,"gdl_hdi":0.936,"gdl_region":"Florida","ghsl_smod":30,"lst_anomaly_c":2.72,"lst_anomaly_c_climrel":0.34,"worldpop_pop_total":895.0,"frac_under5":4.0,"frac_elderly_65plus":8.3,"frac_elderly_75plus":2.6,"old_age_dependency_ratio":0.105,"has_data":true},"geometry":{"type":"Polygon","coordinates":[[[-80.205542,25.802669],[-80.203209,25.80276],[-80.199163,25.802928],[-80.197153,25.802976],[-80.195098,25.803244],[-80.192649,25.803312],[-80.193677,25.798878],[-80.193884,25.797984],[-80.194455,25.795623],[-80.198872,25.795429],[-80.200353,25.795431],[-80.200462,25.797676],[-80.205359,25.797128],[-80.205542,25.802669]]]}},{"type":"Feature","properties":{"unit_id":"12086001104","name":"Census Tract 11.04","native_id":"12086001104","source":"census_tract_2025","adm3_name":"Miami-Dade County","adm3_id":"12086","area_sqm":2573697,"split":false,"population":8779.0,"days_covered":18,"daytime_peak_f":102.2,"heat_anomaly_f":5.4,"extreme_pct":33.0,"nighttime_stress_f":-2.9,"daytime_peak_f_climrel":0.8011,"heat_anomaly_f_climrel":0.8011,"nighttime_stress_f_climrel":-0.3,"extreme_pct_climrel":0.825,"ref_daytime_hi_mean":96.9,"ref_daytime_hi_p95":102.4,"rwi_mean":null,"health_per_10k":3.417245699965828,"built_frac":0.352,"tree_frac":0.604,"canopy_frac_over_3m":0.392,"viirs_mean":50.3,"gdl_hdi":0.936,"gdl_region":"Florida","ghsl_smod":30,"lst_anomaly_c":-1.33,"lst_anomaly_c_climrel":0,"worldpop_pop_total":4835.0,"frac_under5":5.6,"frac_elderly_65plus":19.2,"frac_elderly_75plus":7.1,"old_age_dependency_ratio":0.303,"has_data":true},"geometry":{"type":"Polygon","coordinates":[[[-80.197764,25.869551],[-80.193691,25.869662],[-80.193841,25.872932],[-80.185742,25.873669],[-80.185506,25.868187],[-80.185294,25.863761],[-80.185198,25.860868],[-80.184929,25.856272],[-80.184906,25.855187],[-80.185462,25.855172],[-80.1853,25.851508],[-80.18782,25.851537],[-80.188377,25.85238],[-80.188806,25.852952],[-80.19302,25.853519],[-80.195077,25.853076],[-80.197098,25.853025],[-80.1971,25.853125],[-80.197286,25.858272],[-80.19729,25.858524],[-80.197347,25.86043],[-80.197656,25.867801],[-80.197764,25.869551]]]}},{"type":"Feature","properties":{"unit_id":"12086005707","name":"Census Tract 57.07","native_id":"12086005707","source":"census_tract_2025","adm3_name":"Miami-Dade County","adm3_id":"12086","area_sqm":493229,"split":false,"population":2808.0,"days_covered":18,"daytime_peak_f":102.1,"heat_anomaly_f":4.6,"extreme_pct":44.0,"nighttime_stress_f":-4.1,"daytime_peak_f_climrel":0.6814,"heat_anomaly_f_climrel":0.6814,"nighttime_stress_f_climrel":-0.3,"extreme_pct_climrel":1,"ref_daytime_hi_mean":97.5,"ref_daytime_hi_p95":102.7,"rwi_mean":null,"health_per_10k":3.5612535612535616,"built_frac":0.494,"tree_frac":0.37,"canopy_frac_over_3m":0.298,"viirs_mean":92.3,"gdl_hdi":0.936,"gdl_region":"Florida","ghsl_smod":30,"lst_anomaly_c":null,"lst_anomaly_c_climrel":null,"worldpop_pop_total":2012.0,"frac_under5":3.5,"frac_elderly_65plus":25.2,"frac_elderly_75plus":12.0,"old_age_dependency_ratio":0.393,"has_data":true},"geometry":{"type":"Polygon","coordinates":[[[-80.28832,25.777981],[-80.282194,25.778249],[-80.28215,25.776896],[-80.281962,25.771034],[-80.284007,25.770953],[-80.28812,25.77078],[-80.28832,25.777981]]]}},{"type":"Feature","properties":{"unit_id":"12086005902","name":"Census Tract 59.02","native_id":"12086005902","source":"census_tract_2025","adm3_name":"Miami-Dade County","adm3_id":"12086","area_sqm":1322654,"split":false,"population":4568.0,"days_covered":18,"daytime_peak_f":102.1,"heat_anomaly_f":4.6,"extreme_pct":44.0,"nighttime_stress_f":-4.1,"daytime_peak_f_climrel":0.6814,"heat_anomaly_f_climrel":0.6814,"nighttime_stress_f_climrel":-0.3,"extreme_pct_climrel":1,"ref_daytime_hi_mean":97.5,"ref_daytime_hi_p95":102.7,"rwi_mean":null,"health_per_10k":0.0,"built_frac":0.836,"tree_frac":0.064,"canopy_frac_over_3m":0.139,"viirs_mean":85.0,"gdl_hdi":0.936,"gdl_region":"Florida","ghsl_smod":30,"lst_anomaly_c":2.45,"lst_anomaly_c_climrel":0.3063,"worldpop_pop_total":2982.0,"frac_under5":3.6,"frac_elderly_65plus":28.4,"frac_elderly_75plus":15.9,"old_age_dependency_ratio":0.467,"has_data":true},"geometry":{"type":"Polygon","coordinates":[[[-80.320598,25.762415],[-80.317774,25.76264],[-80.315732,25.762717],[-80.31186,25.76283],[-80.309814,25.762896],[-80.307434,25.762979],[-80.303901,25.763099],[-80.303716,25.755804],[-80.307256,25.755699],[-80.310525,25.755605],[-80.311684,25.755585],[-80.315707,25.755436],[-80.319019,25.755381],[-80.320053,25.755267],[-80.32096,25.759797],[-80.320598,25.762415]]]}},{"type":"Feature","properties":{"unit_id":"12086001008","name":"Census Tract 10.08","native_id":"12086001008","source":"census_tract_2025","adm3_name":"Miami-Dade County","adm3_id":"12086","area_sqm":1163523,"split":false,"population":2461.0,"days_covered":18,"daytime_peak_f":102.2,"heat_anomaly_f":5.4,"extreme_pct":33.0,"nighttime_stress_f":-2.9,"daytime_peak_f_climrel":0.8011,"heat_anomaly_f_climrel":0.8011,"nighttime_stress_f_climrel":-0.3,"extreme_pct_climrel":0.825,"ref_daytime_hi_mean":96.9,"ref_daytime_hi_p95":102.4,"rwi_mean":null,"health_per_10k":0.0,"built_frac":0.606,"tree_frac":0.173,"canopy_frac_over_3m":0.148,"viirs_mean":73.6,"gdl_hdi":0.936,"gdl_region":"Florida","ghsl_smod":30,"lst_anomaly_c":1.77,"lst_anomaly_c_climrel":0.2213,"worldpop_pop_total":3321.0,"frac_under5":5.0,"frac_elderly_65plus":19.7,"frac_elderly_75plus":8.3,"old_age_dependency_ratio":0.315,"has_data":true},"geometry":{"type":"Polygon","coordinates":[[[-80.223868,25.861277],[-80.223746,25.861281],[-80.221111,25.856833],[-80.219626,25.855583],[-80.208152,25.854267],[-80.208145,25.853693],[-80.207903,25.848939],[-80.207821,25.8476],[-80.207786,25.847101],[-80.209696,25.847024],[-80.213226,25.846911],[-80.219747,25.846675],[-80.22134,25.846663],[-80.221461,25.850352],[-80.221669,25.855995],[-80.221734,25.856457],[-80.224501,25.861256],[-80.223868,25.861277]]]}},{"type":"Feature","properties":{"unit_id":"12086981100","name":"Census Tract 9811","native_id":"12086981100","source":"census_tract_2025","adm3_name":"Miami-Dade County","adm3_id":"12086","area_sqm":118120708,"split":false,"population":16322.0,"days_covered":18,"daytime_peak_f":101.7,"heat_anomaly_f":3.6,"extreme_pct":17.0,"nighttime_stress_f":-4.8,"daytime_peak_f_climrel":0.5257,"heat_anomaly_f_climrel":0.5257,"nighttime_stress_f_climrel":-0.3,"extreme_pct_climrel":0.425,"ref_daytime_hi_mean":98.1,"ref_daytime_hi_p95":103.0,"rwi_mean":null,"health_per_10k":0.0,"built_frac":0.061,"tree_frac":0.016,"canopy_frac_over_3m":0.118,"viirs_mean":10.6,"gdl_hdi":0.936,"gdl_region":"Florida","ghsl_smod":11,"lst_anomaly_c":-4.97,"lst_anomaly_c_climrel":0,"worldpop_pop_total":2128.0,"frac_under5":0.8,"frac_elderly_65plus":12.2,"frac_elderly_75plus":4.6,"old_age_dependency_ratio":0.144,"has_data":true},"geometry":{"type":"Polygon","coordinates":[[[-80.486611,25.892422],[-80.453819,25.927274],[-80.453517,25.928118],[-80.444967,25.937965],[-80.440965,25.941843],[-80.440263,25.942659],[-80.439612,25.941374],[-80.437661,25.938895],[-80.422334,25.927545],[-80.38564,25.900462],[-80.385498,25.90081],[-80.371576,25.890566],[-80.366317,25.886677],[-80.362011,25.883485],[-80.362614,25.883003],[-80.356892,25.878764],[-80.34724,25.87166],[-80.344616,25.869754],[-80.370991,25.869816],[-80.371142,25.869779],[-80.387219,25.869871],[-80.388074,25.869839],[-80.387658,25.855246],[-80.387525,25.847837],[-80.387271,25.840519],[-80.387116,25.835399],[-80.386921,25.826128],[-80.386735,25.81883],[-80.386487,25.811662],[-80.388592,25.811721],[-80.434088,25.811815],[-80.433914,25.809863],[-80.43353,25.796868],[-80.435767,25.797786],[-80.440004,25.797916],[-80.449036,25.796742],[-80.469939,25.796982],[-80.47184,25.797554],[-80.482697,25.797389],[-80.484508,25.797614],[-80.483856,25.813183],[-80.486611,25.892422]]]}},{"type":"Feature","properties":{"unit_id":"12086002201","name":"Census Tract 22.01","native_id":"12086002201","source":"census_tract_2025","adm3_name":"Miami-Dade County","adm3_id":"12086","area_sqm":986830,"split":false,"population":4439.5114985298305,"days_covered":18,"daytime_peak_f":101.9,"heat_anomaly_f":5.5,"extreme_pct":39.0,"nighttime_stress_f":-3.1,"daytime_peak_f_climrel":0.8322,"heat_anomaly_f_climrel":0.8322,"nighttime_stress_f_climrel":-0.3,"extreme_pct_climrel":0.975,"ref_daytime_hi_mean":96.4,"ref_daytime_hi_p95":101.7,"rwi_mean":null,"health_per_10k":4.505000157477487,"built_frac":0.63,"tree_frac":0.328,"canopy_frac_over_3m":0.281,"viirs_mean":117.7,"gdl_hdi":0.936,"gdl_region":"Florida","ghsl_smod":30,"lst_anomaly_c":1.53,"lst_anomaly_c_climrel":0.1913,"worldpop_pop_total":2467.0,"frac_under5":3.7,"frac_elderly_65plus":24.4,"frac_elderly_75plus":14.6,"old_age_dependency_ratio":0.375,"has_data":true},"geometry":{"type":"Polygon","coordinates":[[[-80.195923,25.82528],[-80.191868,25.825389],[-80.187625,25.825493],[-80.187659,25.825226],[-80.189277,25.818597],[-80.19084,25.811338],[-80.195358,25.81141],[-80.195573,25.816927],[-80.195658,25.81857],[-80.19575,25.82158],[-80.195923,25.82528]]]}},{"type":"Feature","properties":{"unit_id":"12086008209","name":"Census Tract 82.09","native_id":"12086008209","source":"census_tract_2025","adm3_name":"Miami-Dade County","adm3_id":"12086","area_sqm":4367851,"split":false,"population":4569.0,"days_covered":18,"daytime_peak_f":101.6,"heat_anomaly_f":5.0,"extreme_pct":44.0,"nighttime_stress_f":-3.3,"daytime_peak_f_climrel":0.7446,"heat_anomaly_f_climrel":0.7446,"nighttime_stress_f_climrel":-0.3,"extreme_pct_climrel":1,"ref_daytime_hi_mean":96.5,"ref_daytime_hi_p95":101.7,"rwi_mean":null,"health_per_10k":0.0,"built_frac":0.34,"tree_frac":0.43,"canopy_frac_over_3m":0.35,"viirs_mean":22.2,"gdl_hdi":0.936,"gdl_region":"Florida","ghsl_smod":30,"lst_anomaly_c":-2.19,"lst_anomaly_c_climrel":0,"worldpop_pop_total":5347.0,"frac_under5":4.3,"frac_elderly_65plus":21.1,"frac_elderly_75plus":8.0,"old_age_dependency_ratio":0.338,"has_data":true},"geometry":{"type":"Polygon","coordinates":[[[-80.340792,25.621489],[-80.339411,25.621323],[-80.333839,25.618],[-80.331886,25.617933],[-80.328595,25.615232],[-80.328467,25.614481],[-80.328445,25.613462],[-80.327082,25.608938],[-80.320792,25.609168],[-80.318454,25.609291],[-80.318196,25.609716],[-80.314691,25.60983],[-80.312081,25.610517],[-80.3070100809135,25.6106716299959],[-80.307197,25.609467],[-80.3082737910628,25.6073540351938],[-80.308443,25.607022],[-80.308851,25.604229],[-80.308226,25.600275],[-80.3082748574835,25.5995082897728],[-80.310003,25.599707],[-80.31617,25.599562],[-80.323881,25.599387],[-80.332067,25.599178],[-80.332264,25.604526],[-80.340359,25.604358],[-80.340579,25.608515],[-80.341197,25.619879],[-80.340792,25.621489]]]}},{"type":"Feature","properties":{"unit_id":"12086017800","name":"Census Tract 178","native_id":"12086017800","source":"census_tract_2025","adm3_name":"Miami-Dade County","adm3_id":"12086","area_sqm":534976,"split":false,"population":4733.0,"days_covered":18,"daytime_peak_f":102.4,"heat_anomaly_f":4.6,"extreme_pct":33.0,"nighttime_stress_f":-5.5,"daytime_peak_f_climrel":0.6622,"heat_anomaly_f_climrel":0.6622,"nighttime_stress_f_climrel":-0.3,"extreme_pct_climrel":0.825,"ref_daytime_hi_mean":97.8,"ref_daytime_hi_p95":103.3,"rwi_mean":null,"health_per_10k":0.0,"built_frac":0.763,"tree_frac":0.127,"canopy_frac_over_3m":0.188,"viirs_mean":70.9,"gdl_hdi":0.936,"gdl_region":"Florida","ghsl_smod":30,"lst_anomaly_c":1.23,"lst_anomaly_c_climrel":0.1537,"worldpop_pop_total":6821.0,"frac_under5":3.8,"frac_elderly_65plus":17.7,"frac_elderly_75plus":7.1,"old_age_dependency_ratio":0.259,"has_data":true},"geometry":{"type":"Polygon","coordinates":[[[-80.446537,25.698879],[-80.442655,25.699025],[-80.440024,25.699112],[-80.438563,25.699148],[-80.438407,25.695312],[-80.4391,25.69243],[-80.440126,25.692678],[-80.442404,25.692683],[-80.444004,25.692509],[-80.446297,25.692442],[-80.446537,25.698879]]]}},{"type":"Feature","properties":{"unit_id":"12086002402","name":"Census Tract 24.02","native_id":"12086002402","source":"census_tract_2025","adm3_name":"Miami-Dade County","adm3_id":"12086","area_sqm":1356238,"split":false,"population":6351.0,"days_covered":18,"daytime_peak_f":101.9,"heat_anomaly_f":5.5,"extreme_pct":39.0,"nighttime_stress_f":-3.1,"daytime_peak_f_climrel":0.8322,"heat_anomaly_f_climrel":0.8322,"nighttime_stress_f_climrel":-0.3,"extreme_pct_climrel":0.975,"ref_daytime_hi_mean":96.4,"ref_daytime_hi_p95":101.7,"rwi_mean":null,"health_per_10k":0.0,"built_frac":0.877,"tree_frac":0.086,"canopy_frac_over_3m":0.127,"viirs_mean":132.6,"gdl_hdi":0.936,"gdl_region":"Florida","ghsl_smod":30,"lst_anomaly_c":5.31,"lst_anomaly_c_climrel":0.6637,"worldpop_pop_total":6421.0,"frac_under5":5.9,"frac_elderly_65plus":18.9,"frac_elderly_75plus":7.1,"old_age_dependency_ratio":0.294,"has_data":true},"geometry":{"type":"Polygon","coordinates":[[[-80.240025,25.801683],[-80.235868,25.801767],[-80.231761,25.801903],[-80.227664,25.80202],[-80.223561,25.802147],[-80.223257,25.794741],[-80.227386,25.794648],[-80.231475,25.79452],[-80.235669,25.794411],[-80.239819,25.794275],[-80.240025,25.801683]]]}},{"type":"Feature","properties":{"unit_id":"12086005003","name":"Census Tract 50.03","native_id":"12086005003","source":"census_tract_2025","adm3_name":"Miami-Dade County","adm3_id":"12086","area_sqm":720183,"split":false,"population":2039.8907931204508,"days_covered":18,"daytime_peak_f":101.9,"heat_anomaly_f":5.5,"extreme_pct":39.0,"nighttime_stress_f":-3.1,"daytime_peak_f_climrel":0.8322,"heat_anomaly_f_climrel":0.8322,"nighttime_stress_f_climrel":-0.3,"extreme_pct_climrel":0.975,"ref_daytime_hi_mean":96.4,"ref_daytime_hi_p95":101.7,"rwi_mean":null,"health_per_10k":0.0,"built_frac":0.883,"tree_frac":0.058,"canopy_frac_over_3m":0.13,"viirs_mean":88.7,"gdl_hdi":0.936,"gdl_region":"Florida","ghsl_smod":30,"lst_anomaly_c":-1.95,"lst_anomaly_c_climrel":0,"worldpop_pop_total":3266.0,"frac_under5":4.1,"frac_elderly_65plus":23.6,"frac_elderly_75plus":11.6,"old_age_dependency_ratio":0.368,"has_data":true},"geometry":{"type":"Polygon","coordinates":[[[-80.256168,25.7944],[-80.251305,25.79469],[-80.247991,25.79464],[-80.247206,25.794865],[-80.244241,25.795341],[-80.242058,25.794225],[-80.240541,25.793116],[-80.239647,25.792647],[-80.239631,25.791989],[-80.239702,25.790651],[-80.247868,25.790379],[-80.256022,25.790117],[-80.256093,25.792351],[-80.256149,25.793851],[-80.256168,25.7944]]]}},{"type":"Feature","properties":{"unit_id":"12086000215","name":"Census Tract 2.15","native_id":"12086000215","source":"census_tract_2025","adm3_name":"Miami-Dade County","adm3_id":"12086","area_sqm":1012900,"split":false,"population":4203.0,"days_covered":18,"daytime_peak_f":102.2,"heat_anomaly_f":5.4,"extreme_pct":33.0,"nighttime_stress_f":-2.9,"daytime_peak_f_climrel":0.8011,"heat_anomaly_f_climrel":0.8011,"nighttime_stress_f_climrel":-0.3,"extreme_pct_climrel":0.825,"ref_daytime_hi_mean":96.9,"ref_daytime_hi_p95":102.4,"rwi_mean":null,"health_per_10k":0.0,"built_frac":0.421,"tree_frac":0.522,"canopy_frac_over_3m":0.369,"viirs_mean":48.1,"gdl_hdi":0.936,"gdl_region":"Florida","ghsl_smod":30,"lst_anomaly_c":-0.24,"lst_anomaly_c_climrel":0,"worldpop_pop_total":4972.0,"frac_under5":6.4,"frac_elderly_65plus":15.2,"frac_elderly_75plus":5.0,"old_age_dependency_ratio":0.232,"has_data":true},"geometry":{"type":"Polygon","coordinates":[[[-80.188268,25.928587],[-80.184244,25.928755],[-80.183902,25.921365],[-80.183754,25.918618],[-80.183684,25.916885],[-80.183122,25.916909],[-80.182778,25.916807],[-80.181674,25.91685],[-80.179653,25.916933],[-80.179518,25.914138],[-80.175535,25.914314],[-80.175417,25.912523],[-80.177433,25.912441],[-80.17844,25.912408],[-80.179448,25.912359],[-80.183462,25.912235],[-80.185875,25.912166],[-80.187473,25.912117],[-80.187514,25.912936],[-80.18766,25.915856],[-80.187701,25.916666],[-80.187924,25.921236],[-80.187986,25.92269],[-80.188268,25.928587]]]}},{"type":"Feature","properties":{"unit_id":"12086012200","name":"Census Tract 122","native_id":"12086012200","source":"census_tract_2025","adm3_name":"Miami-Dade County","adm3_id":"12086","area_sqm":2060167,"split":false,"population":6190.0,"days_covered":18,"daytime_peak_f":102.6,"heat_anomaly_f":4.5,"extreme_pct":28.0,"nighttime_stress_f":-4.7,"daytime_peak_f_climrel":0.6666,"heat_anomaly_f_climrel":0.6666,"nighttime_stress_f_climrel":-0.3,"extreme_pct_climrel":0.7,"ref_daytime_hi_mean":98.0,"ref_daytime_hi_p95":103.2,"rwi_mean":null,"health_per_10k":0.0,"built_frac":0.673,"tree_frac":0.041,"canopy_frac_over_3m":0.124,"viirs_mean":43.2,"gdl_hdi":0.936,"gdl_region":"Florida","ghsl_smod":30,"lst_anomaly_c":0.13,"lst_anomaly_c_climrel":0.0163,"worldpop_pop_total":5494.0,"frac_under5":4.5,"frac_elderly_65plus":21.4,"frac_elderly_75plus":9.9,"old_age_dependency_ratio":0.337,"has_data":true},"geometry":{"type":"Polygon","coordinates":[[[-80.342308,25.942285],[-80.334284,25.94233],[-80.329501,25.942343],[-80.326125,25.942343],[-80.325459,25.928107],[-80.325559,25.927619],[-80.325926,25.928079],[-80.326495,25.927884],[-80.340413,25.927939],[-80.341605,25.927926],[-80.341941,25.935058],[-80.342308,25.942285]]]}},{"type":"Feature","properties":{"unit_id":"12086003906","name":"Census Tract 39.06","native_id":"12086003906","source":"census_tract_2025","adm3_name":"Miami-Dade County","adm3_id":"12086","area_sqm":2265863,"split":false,"population":1837.0,"days_covered":18,"daytime_peak_f":102.9,"heat_anomaly_f":6.1,"extreme_pct":44.0,"nighttime_stress_f":-3.1,"daytime_peak_f_climrel":0.9278,"heat_anomaly_f_climrel":0.9278,"nighttime_stress_f_climrel":-0.3,"extreme_pct_climrel":1,"ref_daytime_hi_mean":96.9,"ref_daytime_hi_p95":102.1,"rwi_mean":null,"health_per_10k":0.0,"built_frac":0.135,"tree_frac":0.057,"canopy_frac_over_3m":0.088,"viirs_mean":21.3,"gdl_hdi":0.936,"gdl_region":"Florida","ghsl_smod":30,"lst_anomaly_c":-8.16,"lst_anomaly_c_climrel":0,"worldpop_pop_total":3140.0,"frac_under5":4.8,"frac_elderly_65plus":19.0,"frac_elderly_75plus":7.0,"old_age_dependency_ratio":0.307,"has_data":true},"geometry":{"type":"Polygon","coordinates":[[[-80.160935,25.842783],[-80.150634,25.843031],[-80.143168,25.843374],[-80.136374,25.847603],[-80.132567,25.849973],[-80.131086,25.850231],[-80.123367,25.851573],[-80.121965,25.845578],[-80.121992,25.8444],[-80.122397,25.837105],[-80.122712,25.831462],[-80.122567,25.826274],[-80.125324,25.826166],[-80.126923,25.823041],[-80.1299,25.823389],[-80.131711,25.823792],[-80.132865,25.825313],[-80.13565,25.827774],[-80.155257,25.827102],[-80.160061,25.826914],[-80.160232,25.828311],[-80.160497,25.833332],[-80.160673,25.836767],[-80.160805,25.839805],[-80.160935,25.842783]]]}},{"type":"Feature","properties":{"unit_id":"12086009909","name":"Census Tract 99.09","native_id":"12086009909","source":"census_tract_2025","adm3_name":"Miami-Dade County","adm3_id":"12086","area_sqm":655188,"split":false,"population":3830.0,"days_covered":18,"daytime_peak_f":102.0,"heat_anomaly_f":5.1,"extreme_pct":33.0,"nighttime_stress_f":-3.1,"daytime_peak_f_climrel":0.7587,"heat_anomaly_f_climrel":0.7587,"nighttime_stress_f_climrel":-0.3,"extreme_pct_climrel":0.825,"ref_daytime_hi_mean":96.8,"ref_daytime_hi_p95":102.3,"rwi_mean":null,"health_per_10k":0.0,"built_frac":0.353,"tree_frac":0.385,"canopy_frac_over_3m":0.321,"viirs_mean":54.1,"gdl_hdi":0.936,"gdl_region":"Florida","ghsl_smod":30,"lst_anomaly_c":-3.97,"lst_anomaly_c_climrel":0,"worldpop_pop_total":2834.0,"frac_under5":8.3,"frac_elderly_65plus":5.7,"frac_elderly_75plus":1.9,"old_age_dependency_ratio":0.083,"has_data":true},"geometry":{"type":"Polygon","coordinates":[[[-80.229586,25.972232],[-80.223122,25.972326],[-80.219536,25.972241],[-80.21995,25.971475],[-80.218645,25.968689],[-80.218893,25.967209],[-80.220382,25.965639],[-80.229267,25.965366],[-80.229586,25.972232]]]}},{"type":"Feature","properties":{"unit_id":"12086008909","name":"Census Tract 89.09","native_id":"12086008909","source":"census_tract_2025","adm3_name":"Miami-Dade County","adm3_id":"12086","area_sqm":1289804,"split":false,"population":4385.0,"days_covered":18,"daytime_peak_f":102.1,"heat_anomaly_f":4.6,"extreme_pct":44.0,"nighttime_stress_f":-4.1,"daytime_peak_f_climrel":0.6814,"heat_anomaly_f_climrel":0.6814,"nighttime_stress_f_climrel":-0.3,"extreme_pct_climrel":1,"ref_daytime_hi_mean":97.5,"ref_daytime_hi_p95":102.7,"rwi_mean":null,"health_per_10k":9.122006841505131,"built_frac":0.821,"tree_frac":0.091,"canopy_frac_over_3m":0.134,"viirs_mean":59.5,"gdl_hdi":0.936,"gdl_region":"Florida","ghsl_smod":30,"lst_anomaly_c":0.51,"lst_anomaly_c_climrel":0.0638,"worldpop_pop_total":4445.0,"frac_under5":3.0,"frac_elderly_65plus":28.4,"frac_elderly_75plus":15.3,"old_age_dependency_ratio":0.467,"has_data":true},"geometry":{"type":"Polygon","coordinates":[[[-80.35186,25.754449],[-80.341909,25.754741],[-80.33592,25.754905],[-80.335656,25.747633],[-80.341664,25.74748],[-80.343664,25.747415],[-80.349055,25.747296],[-80.351628,25.747209],[-80.35168,25.748384],[-80.351761,25.750857],[-80.35186,25.754449]]]}},{"type":"Feature","properties":{"unit_id":"12086000601","name":"Census Tract 6.01","native_id":"12086000601","source":"census_tract_2025","adm3_name":"Miami-Dade County","adm3_id":"12086","area_sqm":1490627,"split":false,"population":3658.0,"days_covered":18,"daytime_peak_f":102.6,"heat_anomaly_f":4.5,"extreme_pct":28.0,"nighttime_stress_f":-4.7,"daytime_peak_f_climrel":0.6666,"heat_anomaly_f_climrel":0.6666,"nighttime_stress_f_climrel":-0.3,"extreme_pct_climrel":0.7,"ref_daytime_hi_mean":98.0,"ref_daytime_hi_p95":103.2,"rwi_mean":null,"health_per_10k":0.0,"built_frac":0.834,"tree_frac":0.099,"canopy_frac_over_3m":0.138,"viirs_mean":59.5,"gdl_hdi":0.936,"gdl_region":"Florida","ghsl_smod":30,"lst_anomaly_c":3.37,"lst_anomaly_c_climrel":0.4213,"worldpop_pop_total":4347.0,"frac_under5":3.4,"frac_elderly_65plus":28.5,"frac_elderly_75plus":15.2,"old_age_dependency_ratio":0.473,"has_data":true},"geometry":{"type":"Polygon","coordinates":[[[-80.279131,25.881541],[-80.275027,25.881637],[-80.273086,25.881696],[-80.267197,25.88184],[-80.266974,25.874592],[-80.266869,25.870473],[-80.272682,25.870371],[-80.274735,25.870327],[-80.278156,25.870289],[-80.278907,25.870559],[-80.278949,25.876099],[-80.279131,25.881541]]]}},{"type":"Feature","properties":{"unit_id":"12086006205","name":"Census Tract 62.05","native_id":"12086006205","source":"census_tract_2025","adm3_name":"Miami-Dade County","adm3_id":"12086","area_sqm":548596,"split":false,"population":4219.300964311543,"days_covered":18,"daytime_peak_f":102.1,"heat_anomaly_f":4.6,"extreme_pct":44.0,"nighttime_stress_f":-4.1,"daytime_peak_f_climrel":0.6814,"heat_anomaly_f_climrel":0.6814,"nighttime_stress_f_climrel":-0.3,"extreme_pct_climrel":1,"ref_daytime_hi_mean":97.5,"ref_daytime_hi_p95":102.7,"rwi_mean":null,"health_per_10k":0.0,"built_frac":0.787,"tree_frac":0.163,"canopy_frac_over_3m":0.22,"viirs_mean":102.4,"gdl_hdi":0.936,"gdl_region":"Florida","ghsl_smod":30,"lst_anomaly_c":1.26,"lst_anomaly_c_climrel":0.1575,"worldpop_pop_total":4942.0,"frac_under5":3.8,"frac_elderly_65plus":18.2,"frac_elderly_75plus":7.4,"old_age_dependency_ratio":0.255,"has_data":true},"geometry":{"type":"Polygon","coordinates":[[[-80.260526,25.7574],[-80.260593,25.758983],[-80.260648,25.760484],[-80.260753,25.762863],[-80.260852,25.76451],[-80.259217,25.764573],[-80.25514,25.764687],[-80.255077,25.763001],[-80.255005,25.761025],[-80.254995,25.760652],[-80.25494,25.759128],[-80.254912,25.758348],[-80.254832,25.757249],[-80.2548,25.756034],[-80.260921,25.75582],[-80.260526,25.7574]]]}},{"type":"Feature","properties":{"unit_id":"12086015103","name":"Census Tract 151.03","native_id":"12086015103","source":"census_tract_2025","adm3_name":"Miami-Dade County","adm3_id":"12086","area_sqm":3983385,"split":false,"population":3051.0,"days_covered":18,"daytime_peak_f":102.5,"heat_anomaly_f":4.0,"extreme_pct":28.0,"nighttime_stress_f":-7.5,"daytime_peak_f_climrel":0.5775,"heat_anomaly_f_climrel":0.5775,"nighttime_stress_f_climrel":-0.3,"extreme_pct_climrel":0.7,"ref_daytime_hi_mean":98.6,"ref_daytime_hi_p95":103.5,"rwi_mean":null,"health_per_10k":0.0,"built_frac":0.156,"tree_frac":0.078,"canopy_frac_over_3m":0.093,"viirs_mean":9.4,"gdl_hdi":0.936,"gdl_region":"Florida","ghsl_smod":11,"lst_anomaly_c":null,"lst_anomaly_c_climrel":null,"worldpop_pop_total":3410.0,"frac_under5":4.1,"frac_elderly_65plus":15.4,"frac_elderly_75plus":6.1,"old_age_dependency_ratio":0.227,"has_data":true},"geometry":{"type":"Polygon","coordinates":[[[-80.472721,25.752588],[-80.464691,25.752888],[-80.464895,25.756512],[-80.444814,25.757118],[-80.444342,25.745308],[-80.441278,25.745409],[-80.440295,25.745531],[-80.440246,25.742756],[-80.448248,25.742478],[-80.464223,25.741933],[-80.464472,25.745617],[-80.472473,25.745333],[-80.472721,25.752588]]]}},{"type":"Feature","properties":{"unit_id":"12086009062","name":"Census Tract 90.62","native_id":"12086009062","source":"census_tract_2025","adm3_name":"Miami-Dade County","adm3_id":"12086","area_sqm":402431,"split":false,"population":2770.0,"days_covered":18,"daytime_peak_f":102.3,"heat_anomaly_f":4.1,"extreme_pct":33.0,"nighttime_stress_f":-5.1,"daytime_peak_f_climrel":0.6155,"heat_anomaly_f_climrel":0.6155,"nighttime_stress_f_climrel":-0.3,"extreme_pct_climrel":0.825,"ref_daytime_hi_mean":98.1,"ref_daytime_hi_p95":103.4,"rwi_mean":null,"health_per_10k":0.0,"built_frac":0.746,"tree_frac":0.03,"canopy_frac_over_3m":0.095,"viirs_mean":92.9,"gdl_hdi":0.936,"gdl_region":"Florida","ghsl_smod":30,"lst_anomaly_c":-1.64,"lst_anomaly_c_climrel":0,"worldpop_pop_total":3820.0,"frac_under5":3.8,"frac_elderly_65plus":21.4,"frac_elderly_75plus":8.5,"old_age_dependency_ratio":0.323,"has_data":true},"geometry":{"type":"Polygon","coordinates":[[[-80.375598,25.775491],[-80.37359,25.775503],[-80.369554,25.775583],[-80.36917,25.770728],[-80.368995,25.76845],[-80.372998,25.768379],[-80.374951,25.768343],[-80.375598,25.775491]]]}},{"type":"Feature","properties":{"unit_id":"12086008208","name":"Census Tract 82.08","native_id":"12086008208","source":"census_tract_2025","adm3_name":"Miami-Dade County","adm3_id":"12086","area_sqm":2846761,"split":false,"population":3740.0,"days_covered":18,"daytime_peak_f":101.6,"heat_anomaly_f":5.0,"extreme_pct":44.0,"nighttime_stress_f":-3.3,"daytime_peak_f_climrel":0.7446,"heat_anomaly_f_climrel":0.7446,"nighttime_stress_f_climrel":-0.3,"extreme_pct_climrel":1,"ref_daytime_hi_mean":96.5,"ref_daytime_hi_p95":101.7,"rwi_mean":null,"health_per_10k":5.347593582887701,"built_frac":0.621,"tree_frac":0.217,"canopy_frac_over_3m":0.206,"viirs_mean":86.4,"gdl_hdi":0.936,"gdl_region":"Florida","ghsl_smod":30,"lst_anomaly_c":-2.05,"lst_anomaly_c_climrel":0,"worldpop_pop_total":5765.0,"frac_under5":4.6,"frac_elderly_65plus":20.1,"frac_elderly_75plus":8.8,"old_age_dependency_ratio":0.313,"has_data":true},"geometry":{"type":"Polygon","coordinates":[[[-80.354181,25.598591],[-80.351568,25.604413],[-80.349635,25.608579],[-80.347173,25.613923],[-80.34676,25.614879],[-80.345593,25.619128],[-80.343488,25.623731],[-80.343465,25.623782],[-80.341621,25.622824],[-80.340792,25.621489],[-80.341197,25.619879],[-80.340579,25.608515],[-80.340359,25.604358],[-80.332264,25.604526],[-80.332067,25.599178],[-80.335562,25.59907],[-80.344097,25.598874],[-80.348118,25.598781],[-80.348102,25.596058],[-80.355343,25.596089],[-80.354181,25.598591]]]}},{"type":"Feature","properties":{"unit_id":"12086010708","name":"Census Tract 107.08","native_id":"12086010708","source":"census_tract_2025","adm3_name":"Miami-Dade County","adm3_id":"12086","area_sqm":2072378,"split":false,"population":9872.0,"days_covered":18,"daytime_peak_f":101.3,"heat_anomaly_f":3.8,"extreme_pct":28.0,"nighttime_stress_f":-6.7,"daytime_peak_f_climrel":0.5456,"heat_anomaly_f_climrel":0.5456,"nighttime_stress_f_climrel":-0.3,"extreme_pct_climrel":0.7,"ref_daytime_hi_mean":97.6,"ref_daytime_hi_p95":102.6,"rwi_mean":null,"health_per_10k":0.0,"built_frac":0.651,"tree_frac":0.097,"canopy_frac_over_3m":0.114,"viirs_mean":54.1,"gdl_hdi":0.936,"gdl_region":"Florida","ghsl_smod":30,"lst_anomaly_c":null,"lst_anomaly_c_climrel":null,"worldpop_pop_total":7701.0,"frac_under5":6.2,"frac_elderly_65plus":15.8,"frac_elderly_75plus":6.9,"old_age_dependency_ratio":0.249,"has_data":true},"geometry":{"type":"Polygon","coordinates":[[[-80.412978,25.534848],[-80.411439,25.536488],[-80.410951,25.536505],[-80.408721,25.536504],[-80.408626,25.529152],[-80.404525,25.529184],[-80.402393,25.529209],[-80.401335,25.526596],[-80.400072,25.525671],[-80.397528,25.525694],[-80.401107,25.521919],[-80.404646,25.518178],[-80.407989,25.514462],[-80.409319,25.513027],[-80.412492,25.510367],[-80.412517,25.514369],[-80.41252,25.518092],[-80.412511,25.521784],[-80.41262,25.525451],[-80.412816,25.534608],[-80.412978,25.534848]]]}},{"type":"Feature","properties":{"unit_id":"12086010193","name":"Census Tract 101.93","native_id":"12086010193","source":"census_tract_2025","adm3_name":"Miami-Dade County","adm3_id":"12086","area_sqm":1165212,"split":false,"population":3233.0,"days_covered":18,"daytime_peak_f":102.4,"heat_anomaly_f":4.6,"extreme_pct":33.0,"nighttime_stress_f":-5.5,"daytime_peak_f_climrel":0.6622,"heat_anomaly_f_climrel":0.6622,"nighttime_stress_f_climrel":-0.3,"extreme_pct_climrel":0.825,"ref_daytime_hi_mean":97.8,"ref_daytime_hi_p95":103.3,"rwi_mean":null,"health_per_10k":0.0,"built_frac":0.774,"tree_frac":0.141,"canopy_frac_over_3m":0.165,"viirs_mean":32.3,"gdl_hdi":0.936,"gdl_region":"Florida","ghsl_smod":21,"lst_anomaly_c":1.23,"lst_anomaly_c_climrel":0.1537,"worldpop_pop_total":6772.0,"frac_under5":5.8,"frac_elderly_65plus":12.6,"frac_elderly_75plus":4.5,"old_age_dependency_ratio":0.186,"has_data":true},"geometry":{"type":"Polygon","coordinates":[[[-80.450206,25.664169],[-80.445587,25.662488],[-80.440145,25.662902],[-80.439362,25.661814],[-80.438125,25.661068],[-80.434963,25.658931],[-80.432123,25.659186],[-80.43203,25.655488],[-80.448306,25.654885],[-80.448626,25.661654],[-80.450122,25.662331],[-80.450206,25.664169]]]}},{"type":"Feature","properties":{"unit_id":"12086004102","name":"Census Tract 41.02","native_id":"12086004102","source":"census_tract_2025","adm3_name":"Miami-Dade County","adm3_id":"12086","area_sqm":1598730,"split":false,"population":8880.0,"days_covered":18,"daytime_peak_f":101.9,"heat_anomaly_f":5.5,"extreme_pct":39.0,"nighttime_stress_f":-3.1,"daytime_peak_f_climrel":0.8322,"heat_anomaly_f_climrel":0.8322,"nighttime_stress_f_climrel":-0.3,"extreme_pct_climrel":0.975,"ref_daytime_hi_mean":96.4,"ref_daytime_hi_p95":101.7,"rwi_mean":null,"health_per_10k":0.0,"built_frac":0.183,"tree_frac":0.053,"canopy_frac_over_3m":0.079,"viirs_mean":47.9,"gdl_hdi":0.936,"gdl_region":"Florida","ghsl_smod":30,"lst_anomaly_c":-9.2,"lst_anomaly_c_climrel":0,"worldpop_pop_total":2456.0,"frac_under5":2.9,"frac_elderly_65plus":29.5,"frac_elderly_75plus":11.9,"old_age_dependency_ratio":0.476,"has_data":true},"geometry":{"type":"Polygon","coordinates":[[[-80.168969,25.7797],[-80.168465,25.781856],[-80.16696,25.786213],[-80.166154,25.788887],[-80.165685,25.790601],[-80.163865,25.797191],[-80.147031,25.797869],[-80.145194,25.795855],[-80.145045,25.791606],[-80.144752,25.790316],[-80.145025,25.788884],[-80.145192,25.7885],[-80.145743,25.787629],[-80.144406,25.785094],[-80.144246,25.784897],[-80.143688,25.783956],[-80.143394,25.782688],[-80.143218,25.781687],[-80.14312,25.780417],[-80.142843,25.7775],[-80.14243,25.775785],[-80.141932,25.774408],[-80.14365,25.773881],[-80.142783,25.770653],[-80.14447,25.768649],[-80.16905,25.779209],[-80.168969,25.7797]]]}},{"type":"Feature","properties":{"unit_id":"12086000124","name":"Census Tract 1.24","native_id":"12086000124","source":"census_tract_2025","adm3_name":"Miami-Dade County","adm3_id":"12086","area_sqm":624517,"split":false,"population":2933.0,"days_covered":18,"daytime_peak_f":102.2,"heat_anomaly_f":5.4,"extreme_pct":33.0,"nighttime_stress_f":-2.9,"daytime_peak_f_climrel":0.8011,"heat_anomaly_f_climrel":0.8011,"nighttime_stress_f_climrel":-0.3,"extreme_pct_climrel":0.825,"ref_daytime_hi_mean":96.9,"ref_daytime_hi_p95":102.4,"rwi_mean":null,"health_per_10k":13.637913399249914,"built_frac":0.674,"tree_frac":0.168,"canopy_frac_over_3m":0.2,"viirs_mean":84.6,"gdl_hdi":0.936,"gdl_region":"Florida","ghsl_smod":30,"lst_anomaly_c":2.73,"lst_anomaly_c_climrel":0.3412,"worldpop_pop_total":3423.0,"frac_under5":3.2,"frac_elderly_65plus":17.8,"frac_elderly_75plus":6.8,"old_age_dependency_ratio":0.245,"has_data":true},"geometry":{"type":"Polygon","coordinates":[[[-80.17065,25.890751],[-80.168899,25.894314],[-80.166602,25.896842],[-80.163128,25.900344],[-80.162922,25.900314],[-80.161852,25.900012],[-80.160539,25.899932],[-80.160935,25.898662],[-80.163728,25.889408],[-80.166249,25.889285],[-80.167082,25.889251],[-80.170272,25.890601],[-80.17065,25.890751]]]}},{"type":"Feature","properties":{"unit_id":"12086012302","name":"Census Tract 123.02","native_id":"12086012302","source":"census_tract_2025","adm3_name":"Miami-Dade County","adm3_id":"12086","area_sqm":862905,"split":false,"population":4981.0,"days_covered":18,"daytime_peak_f":103.3,"heat_anomaly_f":5.4,"extreme_pct":33.0,"nighttime_stress_f":-5.5,"daytime_peak_f_climrel":0.7702,"heat_anomaly_f_climrel":0.7702,"nighttime_stress_f_climrel":-0.3,"extreme_pct_climrel":0.825,"ref_daytime_hi_mean":97.9,"ref_daytime_hi_p95":103.4,"rwi_mean":null,"health_per_10k":0.0,"built_frac":0.794,"tree_frac":0.024,"canopy_frac_over_3m":0.108,"viirs_mean":37.6,"gdl_hdi":0.936,"gdl_region":"Florida","ghsl_smod":30,"lst_anomaly_c":3.26,"lst_anomaly_c_climrel":0.4075,"worldpop_pop_total":4657.0,"frac_under5":4.0,"frac_elderly_65plus":16.1,"frac_elderly_75plus":6.5,"old_age_dependency_ratio":0.236,"has_data":true},"geometry":{"type":"Polygon","coordinates":[[[-80.334858,25.955603],[-80.333286,25.956001],[-80.333248,25.957097],[-80.331785,25.957102],[-80.326712,25.957118],[-80.32662,25.956614],[-80.326364,25.948515],[-80.326146,25.942876],[-80.326125,25.942343],[-80.329501,25.942343],[-80.329622,25.946758],[-80.330672,25.949025],[-80.330684,25.949577],[-80.334647,25.949616],[-80.334858,25.955603]]]}},{"type":"Feature","properties":{"unit_id":"12086008427","name":"Census Tract 84.27","native_id":"12086008427","source":"census_tract_2025","adm3_name":"Miami-Dade County","adm3_id":"12086","area_sqm":1359348,"split":false,"population":3814.0,"days_covered":18,"daytime_peak_f":102.4,"heat_anomaly_f":4.6,"extreme_pct":33.0,"nighttime_stress_f":-5.5,"daytime_peak_f_climrel":0.6622,"heat_anomaly_f_climrel":0.6622,"nighttime_stress_f_climrel":-0.3,"extreme_pct_climrel":0.825,"ref_daytime_hi_mean":97.8,"ref_daytime_hi_p95":103.3,"rwi_mean":null,"health_per_10k":5.243838489774515,"built_frac":0.552,"tree_frac":0.244,"canopy_frac_over_3m":0.185,"viirs_mean":53.0,"gdl_hdi":0.936,"gdl_region":"Florida","ghsl_smod":30,"lst_anomaly_c":-1.43,"lst_anomaly_c_climrel":0,"worldpop_pop_total":2802.0,"frac_under5":4.1,"frac_elderly_65plus":22.3,"frac_elderly_75plus":8.8,"old_age_dependency_ratio":0.347,"has_data":true},"geometry":{"type":"Polygon","coordinates":[[[-80.388571,25.67108],[-80.388651,25.671717],[-80.384144,25.671853],[-80.383819,25.664221],[-80.383694,25.664224],[-80.379091,25.664402],[-80.375592,25.664577],[-80.372361,25.664733],[-80.379429,25.656837],[-80.383283,25.652534],[-80.383362,25.652445],[-80.38491,25.650718],[-80.38597,25.65349],[-80.385521,25.657297],[-80.385476,25.659593],[-80.385898,25.663106],[-80.388679,25.668415],[-80.388571,25.67108]]]}},{"type":"Feature","properties":{"unit_id":"12086019600","name":"Census Tract 196","native_id":"12086019600","source":"census_tract_2025","adm3_name":"Miami-Dade County","adm3_id":"12086","area_sqm":24609058,"split":false,"population":3624.0,"days_covered":18,"daytime_peak_f":101.9,"heat_anomaly_f":3.8,"extreme_pct":17.0,"nighttime_stress_f":-8.0,"daytime_peak_f_climrel":0.5437,"heat_anomaly_f_climrel":0.5437,"nighttime_stress_f_climrel":-0.3,"extreme_pct_climrel":0.425,"ref_daytime_hi_mean":98.1,"ref_daytime_hi_p95":103.5,"rwi_mean":null,"health_per_10k":2.759381898454746,"built_frac":0.098,"tree_frac":0.057,"canopy_frac_over_3m":0.046,"viirs_mean":8.9,"gdl_hdi":0.936,"gdl_region":"Florida","ghsl_smod":11,"lst_anomaly_c":-3.62,"lst_anomaly_c_climrel":0,"worldpop_pop_total":6785.0,"frac_under5":4.1,"frac_elderly_65plus":15.0,"frac_elderly_75plus":6.2,"old_age_dependency_ratio":0.222,"has_data":true},"geometry":{"type":"Polygon","coordinates":[[[-80.512137,25.608682],[-80.510711,25.610461],[-80.509913,25.610608],[-80.508687,25.612314],[-80.497028,25.623148],[-80.496685,25.623633],[-80.49662,25.625527],[-80.497891,25.660011],[-80.482318,25.660953],[-80.480872,25.660992],[-80.478838,25.661107],[-80.450122,25.662331],[-80.448626,25.661654],[-80.448306,25.654885],[-80.447226,25.6401],[-80.447378,25.64009],[-80.44731,25.638281],[-80.447057,25.632766],[-80.446858,25.628484],[-80.446148,25.62778],[-80.438947,25.627827],[-80.438837,25.625478],[-80.446984,25.625376],[-80.451276,25.625225],[-80.455641,25.625094],[-80.478998,25.624222],[-80.479522,25.624436],[-80.479065,25.609461],[-80.479018,25.60881],[-80.511065,25.608702],[-80.512137,25.608682]]]}},{"type":"Feature","properties":{"unit_id":"12086000612","name":"Census Tract 6.12","native_id":"12086000612","source":"census_tract_2025","adm3_name":"Miami-Dade County","adm3_id":"12086","area_sqm":936394,"split":false,"population":2165.0,"days_covered":18,"daytime_peak_f":102.6,"heat_anomaly_f":4.5,"extreme_pct":28.0,"nighttime_stress_f":-4.7,"daytime_peak_f_climrel":0.6666,"heat_anomaly_f_climrel":0.6666,"nighttime_stress_f_climrel":-0.3,"extreme_pct_climrel":0.7,"ref_daytime_hi_mean":98.0,"ref_daytime_hi_p95":103.2,"rwi_mean":null,"health_per_10k":0.0,"built_frac":0.879,"tree_frac":0.086,"canopy_frac_over_3m":0.134,"viirs_mean":81.2,"gdl_hdi":0.936,"gdl_region":"Florida","ghsl_smod":30,"lst_anomaly_c":4.0,"lst_anomaly_c_climrel":0.5,"worldpop_pop_total":2542.0,"frac_under5":3.1,"frac_elderly_65plus":29.7,"frac_elderly_75plus":15.4,"old_age_dependency_ratio":0.498,"has_data":true},"geometry":{"type":"Polygon","coordinates":[[[-80.272682,25.870371],[-80.266869,25.870473],[-80.266748,25.865488],[-80.266685,25.861841],[-80.266639,25.859965],[-80.266583,25.856292],[-80.272645,25.856127],[-80.272639,25.857046],[-80.272642,25.859829],[-80.272652,25.861654],[-80.272674,25.865386],[-80.272684,25.86721],[-80.272682,25.870371]]]}},{"type":"Feature","properties":{"unit_id":"12086006403","name":"Census Tract 64.03","native_id":"12086006403","source":"census_tract_2025","adm3_name":"Miami-Dade County","adm3_id":"12086","area_sqm":707633,"split":false,"population":3189.0,"days_covered":18,"daytime_peak_f":101.9,"heat_anomaly_f":5.5,"extreme_pct":39.0,"nighttime_stress_f":-3.1,"daytime_peak_f_climrel":0.8322,"heat_anomaly_f_climrel":0.8322,"nighttime_stress_f_climrel":-0.3,"extreme_pct_climrel":0.975,"ref_daytime_hi_mean":96.4,"ref_daytime_hi_p95":101.7,"rwi_mean":null,"health_per_10k":0.0,"built_frac":0.75,"tree_frac":0.235,"canopy_frac_over_3m":0.26,"viirs_mean":66.5,"gdl_hdi":0.936,"gdl_region":"Florida","ghsl_smod":30,"lst_anomaly_c":-1.15,"lst_anomaly_c_climrel":0,"worldpop_pop_total":2529.0,"frac_under5":4.2,"frac_elderly_65plus":24.8,"frac_elderly_75plus":12.7,"old_age_dependency_ratio":0.397,"has_data":true},"geometry":{"type":"Polygon","coordinates":[[[-80.222498,25.765604],[-80.220536,25.765684],[-80.219501,25.765713],[-80.216145,25.765824],[-80.214451,25.765883],[-80.214326,25.762935],[-80.214287,25.762017],[-80.21424,25.757774],[-80.220245,25.757941],[-80.222295,25.757905],[-80.222308,25.758214],[-80.222406,25.761691],[-80.222498,25.765604]]]}},{"type":"Feature","properties":{"unit_id":"12086007806","name":"Census Tract 78.06","native_id":"12086007806","source":"census_tract_2025","adm3_name":"Miami-Dade County","adm3_id":"12086","area_sqm":5990296,"split":false,"population":5118.0,"days_covered":18,"daytime_peak_f":102.2,"heat_anomaly_f":5.2,"extreme_pct":28.0,"nighttime_stress_f":-3.6,"daytime_peak_f_climrel":0.7489,"heat_anomaly_f_climrel":0.7489,"nighttime_stress_f_climrel":-0.3,"extreme_pct_climrel":0.7,"ref_daytime_hi_mean":97.0,"ref_daytime_hi_p95":102.0,"rwi_mean":null,"health_per_10k":0.0,"built_frac":0.163,"tree_frac":0.793,"canopy_frac_over_3m":0.53,"viirs_mean":31.9,"gdl_hdi":0.936,"gdl_region":"Florida","ghsl_smod":30,"lst_anomaly_c":-3.96,"lst_anomaly_c_climrel":0,"worldpop_pop_total":4443.0,"frac_under5":3.7,"frac_elderly_65plus":22.0,"frac_elderly_75plus":7.8,"old_age_dependency_ratio":0.361,"has_data":true},"geometry":{"type":"Polygon","coordinates":[[[-80.303035,25.689009],[-80.292848,25.689373],[-80.285292,25.689651],[-80.284856,25.689672],[-80.284843,25.689064],[-80.28439,25.676675],[-80.284106,25.668367],[-80.283961,25.664289],[-80.283934,25.663756],[-80.28393,25.663668],[-80.283827,25.660045],[-80.28807,25.659963],[-80.302112,25.659683],[-80.302379,25.666998],[-80.302594,25.674335],[-80.302687,25.676151],[-80.303026,25.685369],[-80.303114,25.688467],[-80.303035,25.689009]]]}},{"type":"Feature","properties":{"unit_id":"12086010706","name":"Census Tract 107.06","native_id":"12086010706","source":"census_tract_2025","adm3_name":"Miami-Dade County","adm3_id":"12086","area_sqm":39725816,"split":false,"population":4745.0,"days_covered":18,"daytime_peak_f":101.3,"heat_anomaly_f":3.8,"extreme_pct":28.0,"nighttime_stress_f":-6.7,"daytime_peak_f_climrel":0.5456,"heat_anomaly_f_climrel":0.5456,"nighttime_stress_f_climrel":-0.3,"extreme_pct_climrel":0.7,"ref_daytime_hi_mean":97.6,"ref_daytime_hi_p95":102.6,"rwi_mean":null,"health_per_10k":2.107481559536354,"built_frac":0.024,"tree_frac":0.197,"canopy_frac_over_3m":0.331,"viirs_mean":5.8,"gdl_hdi":0.936,"gdl_region":"Florida","ghsl_smod":11,"lst_anomaly_c":null,"lst_anomaly_c_climrel":null,"worldpop_pop_total":3313.0,"frac_under5":7.0,"frac_elderly_65plus":10.4,"frac_elderly_75plus":3.3,"old_age_dependency_ratio":0.159,"has_data":true},"geometry":{"type":"Polygon","coordinates":[[[-80.412067,25.480292],[-80.404863,25.48037],[-80.403937,25.477818],[-80.403907,25.475828],[-80.400781,25.475841],[-80.403768,25.473546],[-80.403761,25.47274],[-80.403404,25.472345],[-80.399555,25.475349],[-80.398287,25.474117],[-80.396012,25.47587],[-80.385637,25.475932],[-80.385185,25.483495],[-80.378079,25.488915],[-80.373629,25.488958],[-80.373621,25.487995],[-80.371615,25.48801],[-80.371639,25.492716],[-80.371667,25.494039],[-80.365241,25.499171],[-80.369617,25.503858],[-80.375559,25.503717],[-80.376391,25.504608],[-80.378932,25.504555],[-80.379804,25.503958],[-80.385886,25.504034],[-80.385854,25.507228],[-80.388217,25.507206],[-80.38786,25.509149],[-80.387883,25.518291],[-80.388103,25.518288],[-80.388291,25.529253],[-80.37304,25.531976],[-80.370984,25.532729],[-80.368431,25.534347],[-80.365607,25.537294],[-80.347508,25.537415],[-80.33131,25.537539],[-80.325767,25.534959],[-80.3256323530842,25.5348634978577],[-80.328746,25.53264],[-80.330423,25.530735],[-80.331486,25.52824],[-80.329945,25.526204],[-80.331457,25.525688],[-80.331825,25.522455],[-80.33084,25.519213],[-80.331033,25.517973],[-80.333551,25.517031],[-80.335823,25.50965],[-80.333498,25.507598],[-80.333942,25.506178],[-80.332676,25.504067],[-80.339773,25.500249],[-80.338993,25.495344],[-80.3402163242791,25.4928847154261],[-80.340542,25.49223],[-80.340471,25.488339],[-80.33961,25.483689],[-80.339574,25.482233],[-80.340273,25.48151],[-80.340297,25.4772],[-80.340517,25.470625],[-80.3404966409286,25.4705115116528],[-80.3401739460425,25.4687127012596],[-80.3401450887371,25.4685518408828],[-80.340026,25.467888],[-80.338588,25.466174],[-80.336428,25.464711],[-80.334374,25.46493],[-80.334084,25.464242],[-80.3344338271027,25.4632920949457],[-80.346667,25.463237],[-80.379505,25.463112],[-80.403783,25.462904],[-80.411919,25.462862],[-80.411982,25.477806],[-80.412067,25.480292]]]}},{"type":"Feature","properties":{"unit_id":"12086009010","name":"Census Tract 90.10","native_id":"12086009010","source":"census_tract_2025","adm3_name":"Miami-Dade County","adm3_id":"12086","area_sqm":20215485,"split":false,"population":49859.0,"days_covered":18,"daytime_peak_f":102.3,"heat_anomaly_f":4.1,"extreme_pct":33.0,"nighttime_stress_f":-5.1,"daytime_peak_f_climrel":0.6155,"heat_anomaly_f_climrel":0.6155,"nighttime_stress_f_climrel":-0.3,"extreme_pct_climrel":0.825,"ref_daytime_hi_mean":98.1,"ref_daytime_hi_p95":103.4,"rwi_mean":null,"health_per_10k":1.203393569867025,"built_frac":0.656,"tree_frac":0.058,"canopy_frac_over_3m":0.121,"viirs_mean":101.6,"gdl_hdi":0.936,"gdl_region":"Florida","ghsl_smod":30,"lst_anomaly_c":0.19,"lst_anomaly_c_climrel":0.0238,"worldpop_pop_total":11948.0,"frac_under5":4.7,"frac_elderly_65plus":12.2,"frac_elderly_75plus":4.6,"old_age_dependency_ratio":0.168,"has_data":true},"geometry":{"type":"Polygon","coordinates":[[[-80.386487,25.811662],[-80.385767,25.811687],[-80.381575,25.811613],[-80.377576,25.811659],[-80.37352,25.811684],[-80.369372,25.811649],[-80.361572,25.811599],[-80.353407,25.81166],[-80.348639,25.811648],[-80.33739,25.809895],[-80.328246,25.809802],[-80.325319,25.809317],[-80.321273,25.809324],[-80.320902,25.800628],[-80.321095,25.797352],[-80.320857,25.782613],[-80.320826,25.781056],[-80.32084,25.780661],[-80.323798,25.781102],[-80.328508,25.781302],[-80.333014,25.781579],[-80.336689,25.781566],[-80.353092,25.78161],[-80.358998,25.781683],[-80.364879,25.781668],[-80.36892,25.781065],[-80.374339,25.779835],[-80.383105,25.77766],[-80.38522,25.77682],[-80.385775,25.776413],[-80.385997,25.776193],[-80.386013,25.781928],[-80.386033,25.782397],[-80.386039,25.782542],[-80.38608,25.796812],[-80.386487,25.811662]]]}},{"type":"Feature","properties":{"unit_id":"12086016000","name":"Census Tract 160","native_id":"12086016000","source":"census_tract_2025","adm3_name":"Miami-Dade County","adm3_id":"12086","area_sqm":1207352,"split":false,"population":2231.0,"days_covered":18,"daytime_peak_f":102.4,"heat_anomaly_f":4.6,"extreme_pct":33.0,"nighttime_stress_f":-5.5,"daytime_peak_f_climrel":0.6622,"heat_anomaly_f_climrel":0.6622,"nighttime_stress_f_climrel":-0.3,"extreme_pct_climrel":0.825,"ref_daytime_hi_mean":97.8,"ref_daytime_hi_p95":103.3,"rwi_mean":null,"health_per_10k":4.482294935006724,"built_frac":0.653,"tree_frac":0.149,"canopy_frac_over_3m":0.147,"viirs_mean":50.0,"gdl_hdi":0.936,"gdl_region":"Florida","ghsl_smod":30,"lst_anomaly_c":-0.15,"lst_anomaly_c_climrel":0,"worldpop_pop_total":5153.0,"frac_under5":3.3,"frac_elderly_65plus":23.5,"frac_elderly_75plus":9.7,"old_age_dependency_ratio":0.359,"has_data":true},"geometry":{"type":"Polygon","coordinates":[[[-80.423683,25.728941],[-80.419689,25.729126],[-80.415681,25.72921],[-80.415413,25.721724],[-80.415105,25.714388],[-80.419082,25.714272],[-80.423081,25.714111],[-80.423508,25.724057],[-80.423683,25.728941]]]}},{"type":"Feature","properties":{"unit_id":"12086010705","name":"Census Tract 107.05","native_id":"12086010705","source":"census_tract_2025","adm3_name":"Miami-Dade County","adm3_id":"12086","area_sqm":2926710,"split":false,"population":1831.0,"days_covered":18,"daytime_peak_f":101.3,"heat_anomaly_f":3.8,"extreme_pct":28.0,"nighttime_stress_f":-6.7,"daytime_peak_f_climrel":0.5456,"heat_anomaly_f_climrel":0.5456,"nighttime_stress_f_climrel":-0.3,"extreme_pct_climrel":0.7,"ref_daytime_hi_mean":97.6,"ref_daytime_hi_p95":102.6,"rwi_mean":null,"health_per_10k":0.0,"built_frac":0.468,"tree_frac":0.1,"canopy_frac_over_3m":0.132,"viirs_mean":67.2,"gdl_hdi":0.936,"gdl_region":"Florida","ghsl_smod":30,"lst_anomaly_c":null,"lst_anomaly_c_climrel":null,"worldpop_pop_total":7660.0,"frac_under5":6.5,"frac_elderly_65plus":11.5,"frac_elderly_75plus":4.1,"old_age_dependency_ratio":0.171,"has_data":true},"geometry":{"type":"Polygon","coordinates":[[[-80.412492,25.510367],[-80.409319,25.513027],[-80.407989,25.514462],[-80.404349,25.514525],[-80.396159,25.51459],[-80.396111,25.505143],[-80.396749,25.506398],[-80.398719,25.506543],[-80.397651,25.505528],[-80.397654,25.503051],[-80.399696,25.502867],[-80.399719,25.500393],[-80.400734,25.499745],[-80.404196,25.499734],[-80.404978,25.494242],[-80.408233,25.494195],[-80.410245,25.49133],[-80.410185,25.487148],[-80.412211,25.487117],[-80.41233,25.499582],[-80.412492,25.510367]]]}},{"type":"Feature","properties":{"unit_id":"12086017402","name":"Census Tract 174.02","native_id":"12086017402","source":"census_tract_2025","adm3_name":"Miami-Dade County","adm3_id":"12086","area_sqm":1388032,"split":false,"population":9138.0,"days_covered":18,"daytime_peak_f":102.4,"heat_anomaly_f":4.6,"extreme_pct":33.0,"nighttime_stress_f":-5.5,"daytime_peak_f_climrel":0.6622,"heat_anomaly_f_climrel":0.6622,"nighttime_stress_f_climrel":-0.3,"extreme_pct_climrel":0.825,"ref_daytime_hi_mean":97.8,"ref_daytime_hi_p95":103.3,"rwi_mean":null,"health_per_10k":3.2829940906106367,"built_frac":0.606,"tree_frac":0.169,"canopy_frac_over_3m":0.195,"viirs_mean":52.9,"gdl_hdi":0.936,"gdl_region":"Florida","ghsl_smod":30,"lst_anomaly_c":-0.38,"lst_anomaly_c_climrel":0,"worldpop_pop_total":6421.0,"frac_under5":3.8,"frac_elderly_65plus":23.2,"frac_elderly_75plus":10.3,"old_age_dependency_ratio":0.365,"has_data":true},"geometry":{"type":"Polygon","coordinates":[[[-80.430489,25.699445],[-80.422519,25.699714],[-80.422723,25.697919],[-80.424796,25.693511],[-80.424441,25.691406],[-80.419826,25.69248],[-80.418949,25.692342],[-80.415705,25.689963],[-80.416586,25.686901],[-80.416552,25.685339],[-80.420758,25.685189],[-80.424863,25.685028],[-80.429937,25.68497],[-80.430168,25.691015],[-80.430195,25.692125],[-80.430442,25.698408],[-80.430489,25.699445]]]}},{"type":"Feature","properties":{"unit_id":"12086012001","name":"Census Tract 120.01","native_id":"12086012001","source":"census_tract_2025","adm3_name":"Miami-Dade County","adm3_id":"12086","area_sqm":417275,"split":false,"population":1695.7098491259708,"days_covered":18,"daytime_peak_f":102.6,"heat_anomaly_f":4.5,"extreme_pct":28.0,"nighttime_stress_f":-4.7,"daytime_peak_f_climrel":0.6666,"heat_anomaly_f_climrel":0.6666,"nighttime_stress_f_climrel":-0.3,"extreme_pct_climrel":0.7,"ref_daytime_hi_mean":98.0,"ref_daytime_hi_p95":103.2,"rwi_mean":null,"health_per_10k":0.0,"built_frac":0.774,"tree_frac":0.079,"canopy_frac_over_3m":0.151,"viirs_mean":83.7,"gdl_hdi":0.936,"gdl_region":"Florida","ghsl_smod":30,"lst_anomaly_c":4.79,"lst_anomaly_c_climrel":0.5988,"worldpop_pop_total":3887.0,"frac_under5":5.7,"frac_elderly_65plus":9.3,"frac_elderly_75plus":3.2,"old_age_dependency_ratio":0.125,"has_data":true},"geometry":{"type":"Polygon","coordinates":[[[-80.31261,25.942289],[-80.310279,25.942385],[-80.306939,25.942382],[-80.306839,25.940722],[-80.307029,25.937946],[-80.308383,25.934994],[-80.311871,25.935019],[-80.311879,25.935509],[-80.312028,25.93872],[-80.312092,25.939277],[-80.313421,25.942024],[-80.31261,25.942289]]]}},{"type":"Feature","properties":{"unit_id":"12086012702","name":"Census Tract 127.02","native_id":"12086012702","source":"census_tract_2025","adm3_name":"Miami-Dade County","adm3_id":"12086","area_sqm":2364324,"split":false,"population":3442.0,"days_covered":18,"daytime_peak_f":102.6,"heat_anomaly_f":4.5,"extreme_pct":28.0,"nighttime_stress_f":-4.7,"daytime_peak_f_climrel":0.6666,"heat_anomaly_f_climrel":0.6666,"nighttime_stress_f_climrel":-0.3,"extreme_pct_climrel":0.7,"ref_daytime_hi_mean":98.0,"ref_daytime_hi_p95":103.2,"rwi_mean":null,"health_per_10k":2.905287623474724,"built_frac":0.564,"tree_frac":0.24,"canopy_frac_over_3m":0.288,"viirs_mean":47.2,"gdl_hdi":0.936,"gdl_region":"Florida","ghsl_smod":30,"lst_anomaly_c":0.08,"lst_anomaly_c_climrel":0.01,"worldpop_pop_total":5398.0,"frac_under5":3.7,"frac_elderly_65plus":19.8,"frac_elderly_75plus":8.8,"old_age_dependency_ratio":0.295,"has_data":true},"geometry":{"type":"Polygon","coordinates":[[[-80.341605,25.927926],[-80.340413,25.927939],[-80.326495,25.927884],[-80.325926,25.928079],[-80.325559,25.927619],[-80.325307,25.921684],[-80.324866,25.920883],[-80.32513,25.919698],[-80.324858,25.913311],[-80.333031,25.913306],[-80.337379,25.913209],[-80.341019,25.913244],[-80.341482,25.924576],[-80.341766,25.927928],[-80.341605,25.927926]]]}},{"type":"Feature","properties":{"unit_id":"12086009029","name":"Census Tract 90.29","native_id":"12086009029","source":"census_tract_2025","adm3_name":"Miami-Dade County","adm3_id":"12086","area_sqm":1124810,"split":false,"population":10232.0,"days_covered":18,"daytime_peak_f":102.3,"heat_anomaly_f":4.1,"extreme_pct":33.0,"nighttime_stress_f":-5.1,"daytime_peak_f_climrel":0.6155,"heat_anomaly_f_climrel":0.6155,"nighttime_stress_f_climrel":-0.3,"extreme_pct_climrel":0.825,"ref_daytime_hi_mean":98.1,"ref_daytime_hi_p95":103.4,"rwi_mean":null,"health_per_10k":0.9773260359655981,"built_frac":0.61,"tree_frac":0.068,"canopy_frac_over_3m":0.134,"viirs_mean":94.5,"gdl_hdi":0.936,"gdl_region":"Florida","ghsl_smod":30,"lst_anomaly_c":0.01,"lst_anomaly_c_climrel":0.0013,"worldpop_pop_total":4736.0,"frac_under5":4.5,"frac_elderly_65plus":23.0,"frac_elderly_75plus":10.8,"old_age_dependency_ratio":0.356,"has_data":true},"geometry":{"type":"Polygon","coordinates":[[[-80.369554,25.775583],[-80.367859,25.775558],[-80.367054,25.775417],[-80.365572,25.775233],[-80.36502,25.775166],[-80.364012,25.775126],[-80.36199,25.774878],[-80.361256,25.775007],[-80.360289,25.775369],[-80.359414,25.775797],[-80.358833,25.775961],[-80.357916,25.776019],[-80.355634,25.775711],[-80.353684,25.775736],[-80.353366,25.771699],[-80.35318,25.769007],[-80.360989,25.76875],[-80.368995,25.76845],[-80.36917,25.770728],[-80.369554,25.775583]]]}},{"type":"Feature","properties":{"unit_id":"12086000311","name":"Census Tract 3.11","native_id":"12086000311","source":"census_tract_2025","adm3_name":"Miami-Dade County","adm3_id":"12086","area_sqm":1065340,"split":false,"population":1394.0,"days_covered":18,"daytime_peak_f":102.2,"heat_anomaly_f":5.4,"extreme_pct":33.0,"nighttime_stress_f":-2.9,"daytime_peak_f_climrel":0.8011,"heat_anomaly_f_climrel":0.8011,"nighttime_stress_f_climrel":-0.3,"extreme_pct_climrel":0.825,"ref_daytime_hi_mean":96.9,"ref_daytime_hi_p95":102.4,"rwi_mean":null,"health_per_10k":0.0,"built_frac":0.493,"tree_frac":0.487,"canopy_frac_over_3m":0.299,"viirs_mean":45.9,"gdl_hdi":0.936,"gdl_region":"Florida","ghsl_smod":30,"lst_anomaly_c":1.94,"lst_anomaly_c_climrel":0.2425,"worldpop_pop_total":4135.0,"frac_under5":3.8,"frac_elderly_65plus":21.6,"frac_elderly_75plus":7.4,"old_age_dependency_ratio":0.336,"has_data":true},"geometry":{"type":"Polygon","coordinates":[[[-80.196331,25.92825],[-80.194305,25.928326],[-80.188268,25.928587],[-80.187986,25.92269],[-80.187924,25.921236],[-80.187701,25.916666],[-80.19577,25.916408],[-80.196044,25.921864],[-80.196073,25.92239],[-80.196331,25.92825]]]}},{"type":"Feature","properties":{"unit_id":"12086020100","name":"Census Tract 201","native_id":"12086020100","source":"census_tract_2025","adm3_name":"Miami-Dade County","adm3_id":"12086","area_sqm":1049838,"split":false,"population":2255.0,"days_covered":18,"daytime_peak_f":101.6,"heat_anomaly_f":4.2,"extreme_pct":22.0,"nighttime_stress_f":-6.1,"daytime_peak_f_climrel":0.5768,"heat_anomaly_f_climrel":0.5768,"nighttime_stress_f_climrel":-0.3,"extreme_pct_climrel":0.55,"ref_daytime_hi_mean":97.4,"ref_daytime_hi_p95":103.0,"rwi_mean":null,"health_per_10k":0.0,"built_frac":0.841,"tree_frac":0.037,"canopy_frac_over_3m":0.107,"viirs_mean":48.5,"gdl_hdi":0.936,"gdl_region":"Florida","ghsl_smod":30,"lst_anomaly_c":0.3,"lst_anomaly_c_climrel":0.0375,"worldpop_pop_total":4917.0,"frac_under5":4.0,"frac_elderly_65plus":17.4,"frac_elderly_75plus":6.9,"old_age_dependency_ratio":0.253,"has_data":true},"geometry":{"type":"Polygon","coordinates":[[[-80.426555,25.625884],[-80.422747,25.62597],[-80.418597,25.626127],[-80.414567,25.626306],[-80.414558,25.618902],[-80.41447,25.617682],[-80.418513,25.613161],[-80.419809,25.614206],[-80.421615,25.618636],[-80.421727,25.619099],[-80.423582,25.621057],[-80.426555,25.625884]]]}},{"type":"Feature","properties":{"unit_id":"12086000504","name":"Census Tract 5.04","native_id":"12086000504","source":"census_tract_2025","adm3_name":"Miami-Dade County","adm3_id":"12086","area_sqm":1741809,"split":false,"population":5253.0,"days_covered":18,"daytime_peak_f":102.6,"heat_anomaly_f":4.5,"extreme_pct":28.0,"nighttime_stress_f":-4.7,"daytime_peak_f_climrel":0.6666,"heat_anomaly_f_climrel":0.6666,"nighttime_stress_f_climrel":-0.3,"extreme_pct_climrel":0.7,"ref_daytime_hi_mean":98.0,"ref_daytime_hi_p95":103.2,"rwi_mean":null,"health_per_10k":0.0,"built_frac":0.759,"tree_frac":0.103,"canopy_frac_over_3m":0.138,"viirs_mean":71.6,"gdl_hdi":0.936,"gdl_region":"Florida","ghsl_smod":30,"lst_anomaly_c":2.47,"lst_anomaly_c_climrel":0.3088,"worldpop_pop_total":5412.0,"frac_under5":5.0,"frac_elderly_65plus":22.4,"frac_elderly_75plus":8.7,"old_age_dependency_ratio":0.357,"has_data":true},"geometry":{"type":"Polygon","coordinates":[[[-80.260015,25.896631],[-80.258269,25.900376],[-80.258179,25.905907],[-80.258252,25.911271],[-80.258253,25.911291],[-80.2586,25.914214],[-80.259122,25.914975],[-80.258266,25.915029],[-80.252233,25.915171],[-80.244309,25.915448],[-80.244164,25.911825],[-80.244037,25.9091],[-80.251533,25.908836],[-80.253424,25.908438],[-80.249979,25.902013],[-80.249562,25.901557],[-80.257133,25.897703],[-80.2583,25.896723],[-80.260015,25.896631]]]}},{"type":"Feature","properties":{"unit_id":"12086007103","name":"Census Tract 71.03","native_id":"12086007103","source":"census_tract_2025","adm3_name":"Miami-Dade County","adm3_id":"12086","area_sqm":334041,"split":false,"population":1822.6229203685268,"days_covered":18,"daytime_peak_f":100.3,"heat_anomaly_f":3.9,"extreme_pct":22.0,"nighttime_stress_f":-1.6,"daytime_peak_f_climrel":0.5895,"heat_anomaly_f_climrel":0.5895,"nighttime_stress_f_climrel":-0.2482,"extreme_pct_climrel":0.55,"ref_daytime_hi_mean":96.4,"ref_daytime_hi_p95":101.7,"rwi_mean":null,"health_per_10k":0.0,"built_frac":0.672,"tree_frac":0.29,"canopy_frac_over_3m":0.336,"viirs_mean":87.2,"gdl_hdi":0.936,"gdl_region":"Florida","ghsl_smod":30,"lst_anomaly_c":-0.62,"lst_anomaly_c_climrel":0,"worldpop_pop_total":2114.0,"frac_under5":3.8,"frac_elderly_65plus":20.8,"frac_elderly_75plus":7.8,"old_age_dependency_ratio":0.307,"has_data":true},"geometry":{"type":"Polygon","coordinates":[[[-80.245687,25.731622],[-80.241613,25.731772],[-80.237504,25.731908],[-80.237504,25.731639],[-80.239512,25.730029],[-80.239421,25.728245],[-80.23877,25.72761],[-80.23812330521,25.7269095916027],[-80.2392199806918,25.7255934068107],[-80.242275,25.728089],[-80.243746,25.72672],[-80.245489,25.727954],[-80.245581,25.729825],[-80.245687,25.731622]]]}},{"type":"Feature","properties":{"unit_id":"12086000419","name":"Census Tract 4.19","native_id":"12086000419","source":"census_tract_2025","adm3_name":"Miami-Dade County","adm3_id":"12086","area_sqm":1232883,"split":false,"population":3371.0,"days_covered":18,"daytime_peak_f":102.2,"heat_anomaly_f":5.4,"extreme_pct":33.0,"nighttime_stress_f":-2.9,"daytime_peak_f_climrel":0.8011,"heat_anomaly_f_climrel":0.8011,"nighttime_stress_f_climrel":-0.3,"extreme_pct_climrel":0.825,"ref_daytime_hi_mean":96.9,"ref_daytime_hi_p95":102.4,"rwi_mean":null,"health_per_10k":0.0,"built_frac":0.421,"tree_frac":0.19,"canopy_frac_over_3m":0.172,"viirs_mean":81.4,"gdl_hdi":0.936,"gdl_region":"Florida","ghsl_smod":30,"lst_anomaly_c":0.39,"lst_anomaly_c_climrel":0.0488,"worldpop_pop_total":3274.0,"frac_under5":5.2,"frac_elderly_65plus":21.3,"frac_elderly_75plus":7.9,"old_age_dependency_ratio":0.347,"has_data":true},"geometry":{"type":"Polygon","coordinates":[[[-80.24362,25.897269],[-80.235475,25.897446],[-80.234882,25.885489],[-80.23475,25.882771],[-80.241014,25.882736],[-80.243073,25.882834],[-80.243332,25.890149],[-80.243467,25.893699],[-80.24362,25.897269]]]}},{"type":"Feature","properties":{"unit_id":"12086009706","name":"Census Tract 97.06","native_id":"12086009706","source":"census_tract_2025","adm3_name":"Miami-Dade County","adm3_id":"12086","area_sqm":988611,"split":false,"population":4278.0,"days_covered":18,"daytime_peak_f":102.0,"heat_anomaly_f":5.1,"extreme_pct":33.0,"nighttime_stress_f":-3.1,"daytime_peak_f_climrel":0.7587,"heat_anomaly_f_climrel":0.7587,"nighttime_stress_f_climrel":-0.3,"extreme_pct_climrel":0.825,"ref_daytime_hi_mean":96.8,"ref_daytime_hi_p95":102.3,"rwi_mean":null,"health_per_10k":0.0,"built_frac":0.282,"tree_frac":0.177,"canopy_frac_over_3m":0.152,"viirs_mean":57.5,"gdl_hdi":0.936,"gdl_region":"Florida","ghsl_smod":30,"lst_anomaly_c":-3.03,"lst_anomaly_c_climrel":0,"worldpop_pop_total":4848.0,"frac_under5":3.5,"frac_elderly_65plus":20.6,"frac_elderly_75plus":8.1,"old_age_dependency_ratio":0.308,"has_data":true},"geometry":{"type":"Polygon","coordinates":[[[-80.185097,25.94736],[-80.181423,25.950577],[-80.180561,25.951281],[-80.176728,25.95442],[-80.176255,25.954724],[-80.16943,25.959136],[-80.16588,25.959076],[-80.165481,25.953044],[-80.165384,25.951415],[-80.168755,25.951339],[-80.17311,25.951202],[-80.17312,25.949993],[-80.173395,25.948648],[-80.173523,25.946016],[-80.173277,25.944783],[-80.176375,25.945537],[-80.179159,25.945134],[-80.180489,25.943917],[-80.181799,25.944903],[-80.182345,25.945266],[-80.184279,25.946606],[-80.185097,25.94736]]]}},{"type":"Feature","properties":{"unit_id":"12086005901","name":"Census Tract 59.01","native_id":"12086005901","source":"census_tract_2025","adm3_name":"Miami-Dade County","adm3_id":"12086","area_sqm":1302603,"split":false,"population":2858.0,"days_covered":18,"daytime_peak_f":102.1,"heat_anomaly_f":4.6,"extreme_pct":44.0,"nighttime_stress_f":-4.1,"daytime_peak_f_climrel":0.6814,"heat_anomaly_f_climrel":0.6814,"nighttime_stress_f_climrel":-0.3,"extreme_pct_climrel":1,"ref_daytime_hi_mean":97.5,"ref_daytime_hi_p95":102.7,"rwi_mean":null,"health_per_10k":0.0,"built_frac":0.695,"tree_frac":0.253,"canopy_frac_over_3m":0.237,"viirs_mean":76.1,"gdl_hdi":0.936,"gdl_region":"Florida","ghsl_smod":30,"lst_anomaly_c":2.16,"lst_anomaly_c_climrel":0.27,"worldpop_pop_total":5078.0,"frac_under5":3.9,"frac_elderly_65plus":27.6,"frac_elderly_75plus":14.6,"old_age_dependency_ratio":0.45,"has_data":true},"geometry":{"type":"Polygon","coordinates":[[[-80.303901,25.763099],[-80.2999,25.763205],[-80.298042,25.763258],[-80.29499,25.763344],[-80.291905,25.763441],[-80.287852,25.763563],[-80.287664,25.758695],[-80.287573,25.756292],[-80.291666,25.756161],[-80.291906,25.756155],[-80.295665,25.756039],[-80.297675,25.755989],[-80.299686,25.755939],[-80.303716,25.755804],[-80.303901,25.763099]]]}},{"type":"Feature","properties":{"unit_id":"12086000227","name":"Census Tract 2.27","native_id":"12086000227","source":"census_tract_2025","adm3_name":"Miami-Dade County","adm3_id":"12086","area_sqm":718425,"split":false,"population":2620.9470932723793,"days_covered":18,"daytime_peak_f":102.2,"heat_anomaly_f":5.4,"extreme_pct":33.0,"nighttime_stress_f":-2.9,"daytime_peak_f_climrel":0.8011,"heat_anomaly_f_climrel":0.8011,"nighttime_stress_f_climrel":-0.3,"extreme_pct_climrel":0.825,"ref_daytime_hi_mean":96.9,"ref_daytime_hi_p95":102.4,"rwi_mean":null,"health_per_10k":0.0,"built_frac":0.469,"tree_frac":0.438,"canopy_frac_over_3m":0.297,"viirs_mean":36.9,"gdl_hdi":0.936,"gdl_region":"Florida","ghsl_smod":30,"lst_anomaly_c":1.32,"lst_anomaly_c_climrel":0.165,"worldpop_pop_total":2952.0,"frac_under5":4.5,"frac_elderly_65plus":20.7,"frac_elderly_75plus":8.0,"old_age_dependency_ratio":0.329,"has_data":true},"geometry":{"type":"Polygon","coordinates":[[[-80.187473,25.912117],[-80.185875,25.912166],[-80.183462,25.912235],[-80.179448,25.912359],[-80.17844,25.912408],[-80.177433,25.912441],[-80.175417,25.912523],[-80.175144,25.90719],[-80.179183,25.90703],[-80.183191,25.906865],[-80.187226,25.9067],[-80.187392,25.910303],[-80.187473,25.912117]]]}},{"type":"Feature","properties":{"unit_id":"12086010623","name":"Census Tract 106.23","native_id":"12086010623","source":"census_tract_2025","adm3_name":"Miami-Dade County","adm3_id":"12086","area_sqm":1734462,"split":false,"population":7449.0,"days_covered":18,"daytime_peak_f":101.6,"heat_anomaly_f":4.2,"extreme_pct":22.0,"nighttime_stress_f":-6.1,"daytime_peak_f_climrel":0.5768,"heat_anomaly_f_climrel":0.5768,"nighttime_stress_f_climrel":-0.3,"extreme_pct_climrel":0.55,"ref_daytime_hi_mean":97.4,"ref_daytime_hi_p95":103.0,"rwi_mean":null,"health_per_10k":9.39723452812458,"built_frac":0.685,"tree_frac":0.101,"canopy_frac_over_3m":0.128,"viirs_mean":87.0,"gdl_hdi":0.936,"gdl_region":"Florida","ghsl_smod":30,"lst_anomaly_c":null,"lst_anomaly_c_climrel":null,"worldpop_pop_total":3627.0,"frac_under5":5.6,"frac_elderly_65plus":17.6,"frac_elderly_75plus":6.8,"old_age_dependency_ratio":0.264,"has_data":true},"geometry":{"type":"Polygon","coordinates":[[[-80.36646,25.58245],[-80.36621,25.582712],[-80.364604,25.586002],[-80.360721,25.589875],[-80.358753,25.591826],[-80.358283,25.592602],[-80.356633,25.596127],[-80.355343,25.596089],[-80.348102,25.596058],[-80.348074,25.594406],[-80.350314,25.593678],[-80.351727,25.590972],[-80.355232,25.585894],[-80.358557,25.582419],[-80.358563,25.581192],[-80.358894,25.578765],[-80.360216,25.576307],[-80.362416,25.576327],[-80.363576,25.576546],[-80.365728,25.577506],[-80.368837,25.580019],[-80.36646,25.58245]]]}},{"type":"Feature","properties":{"unit_id":"12086980700","name":"Census Tract 9807","native_id":"12086980700","source":"census_tract_2025","adm3_name":"Miami-Dade County","adm3_id":"12086","area_sqm":10988290,"split":false,"population":3434.0,"days_covered":18,"daytime_peak_f":101.3,"heat_anomaly_f":3.8,"extreme_pct":28.0,"nighttime_stress_f":-6.7,"daytime_peak_f_climrel":0.5456,"heat_anomaly_f_climrel":0.5456,"nighttime_stress_f_climrel":-0.3,"extreme_pct_climrel":0.7,"ref_daytime_hi_mean":97.6,"ref_daytime_hi_p95":102.6,"rwi_mean":null,"health_per_10k":0.0,"built_frac":0.243,"tree_frac":0.103,"canopy_frac_over_3m":0.077,"viirs_mean":23.7,"gdl_hdi":0.936,"gdl_region":"Florida","ghsl_smod":11,"lst_anomaly_c":null,"lst_anomaly_c_climrel":null,"worldpop_pop_total":1132.0,"frac_under5":11.6,"frac_elderly_65plus":4.7,"frac_elderly_75plus":1.6,"old_age_dependency_ratio":0.081,"has_data":true},"geometry":{"type":"Polygon","coordinates":[[[-80.412211,25.487117],[-80.410185,25.487148],[-80.410245,25.49133],[-80.408233,25.494195],[-80.404978,25.494242],[-80.404196,25.499734],[-80.400734,25.499745],[-80.399719,25.500393],[-80.399696,25.502867],[-80.397654,25.503051],[-80.397651,25.505528],[-80.398719,25.506543],[-80.396749,25.506398],[-80.396111,25.505143],[-80.396159,25.51459],[-80.396221,25.518236],[-80.391582,25.518252],[-80.388103,25.518288],[-80.387883,25.518291],[-80.38786,25.509149],[-80.388217,25.507206],[-80.385854,25.507228],[-80.385886,25.504034],[-80.379804,25.503958],[-80.378932,25.504555],[-80.376391,25.504608],[-80.375559,25.503717],[-80.369617,25.503858],[-80.365241,25.499171],[-80.371667,25.494039],[-80.371639,25.492716],[-80.371615,25.48801],[-80.373621,25.487995],[-80.373629,25.488958],[-80.378079,25.488915],[-80.385185,25.483495],[-80.385637,25.475932],[-80.396012,25.47587],[-80.398287,25.474117],[-80.399555,25.475349],[-80.403404,25.472345],[-80.403761,25.47274],[-80.403768,25.473546],[-80.400781,25.475841],[-80.403907,25.475828],[-80.403937,25.477818],[-80.404863,25.48037],[-80.412067,25.480292],[-80.412169,25.485124],[-80.412211,25.487117]]]}},{"type":"Feature","properties":{"unit_id":"12086980100","name":"Census Tract 9801","native_id":"12086980100","source":"census_tract_2025","adm3_name":"Miami-Dade County","adm3_id":"12086","area_sqm":14159817,"split":false,"population":0.0,"days_covered":18,"daytime_peak_f":95.8,"heat_anomaly_f":2.8,"extreme_pct":6.0,"nighttime_stress_f":0.0,"daytime_peak_f_climrel":0.3911,"heat_anomaly_f_climrel":0.3911,"nighttime_stress_f_climrel":0.002,"extreme_pct_climrel":0.15,"ref_daytime_hi_mean":93.0,"ref_daytime_hi_p95":97.8,"rwi_mean":null,"health_per_10k":null,"built_frac":0.0,"tree_frac":0.079,"canopy_frac_over_3m":0.525,"viirs_mean":0.0,"gdl_hdi":0.936,"gdl_region":"Florida","ghsl_smod":10,"lst_anomaly_c":-9.93,"lst_anomaly_c_climrel":0,"worldpop_pop_total":null,"frac_under5":null,"frac_elderly_65plus":null,"frac_elderly_75plus":null,"old_age_dependency_ratio":null,"has_data":true},"geometry":{"type":"MultiPolygon","coordinates":[[[[-80.176276,25.525054],[-80.17395,25.525375],[-80.173116,25.524181],[-80.172863,25.523173],[-80.17268,25.522087],[-80.176024,25.521154],[-80.17706,25.521704],[-80.176276,25.525054]]],[[[-80.258601,25.359611],[-80.258425,25.364389],[-80.25754,25.364659],[-80.255868,25.366054],[-80.254679,25.368846],[-80.255155,25.370886],[-80.255892,25.373354],[-80.255864,25.376244],[-80.25543,25.380739],[-80.254292,25.382182],[-80.250876,25.384415],[-80.24945,25.386777],[-80.246391,25.388274],[-80.241202,25.386465],[-80.236602,25.389272],[-80.237363,25.391382],[-80.24187,25.391501],[-80.244214,25.393068],[-80.248293,25.392171],[-80.249491,25.395046],[-80.24229,25.399118],[-80.239403,25.396705],[-80.237825,25.394238],[-80.234794,25.393991],[-80.233971,25.39673],[-80.235684,25.397862],[-80.23614,25.399338],[-80.235274,25.401275],[-80.230298,25.402912],[-80.224619,25.402979],[-80.223305,25.405094],[-80.220957,25.406357],[-80.220148,25.406037],[-80.218308,25.405258],[-80.216523,25.405987],[-80.214747,25.408861],[-80.213889,25.410582],[-80.21178,25.412009],[-80.20922,25.41437],[-80.208539,25.416389],[-80.209348,25.417741],[-80.210292,25.421251],[-80.209807,25.42485],[-80.210352,25.426388],[-80.211897,25.427032],[-80.212016,25.428105],[-80.209758,25.429071],[-80.206074,25.432184],[-80.201305,25.4413],[-80.201079,25.44419],[-80.200212,25.444878],[-80.197193,25.451416],[-80.196513,25.454353],[-80.195656,25.457083],[-80.193763,25.46135],[-80.193562,25.463941],[-80.192174,25.467933],[-80.192,25.471946],[-80.190408,25.473163],[-80.188339,25.477292],[-80.188465,25.479677],[-80.187178,25.48283],[-80.185277,25.484332],[-80.183256,25.487014],[-80.181355,25.490554],[-80.18088,25.493235],[-80.183732,25.494523],[-80.189384,25.49713],[-80.189536,25.499357],[-80.190406,25.501091],[-80.189723,25.504092],[-80.188637,25.50556],[-80.18477,25.504803],[-80.182571,25.506407],[-80.1807,25.506407],[-80.179664,25.508494],[-80.18065,25.509917],[-80.178476,25.510695],[-80.178274,25.5126],[-80.178804,25.514251],[-80.178325,25.517197],[-80.177237,25.518425],[-80.175744,25.517714],[-80.175544,25.516361],[-80.175923,25.512668],[-80.175989,25.510287],[-80.177339,25.507027],[-80.178527,25.501476],[-80.177927,25.496452],[-80.177024,25.493327],[-80.177907,25.488603],[-80.176668,25.485896],[-80.177248,25.484635],[-80.178564,25.481309],[-80.181969,25.475047],[-80.185126,25.46977],[-80.185681,25.467613],[-80.187424,25.466467],[-80.188382,25.463829],[-80.189897,25.461397],[-80.189933,25.456434],[-80.189767,25.453438],[-80.19171,25.448069],[-80.195369,25.441096],[-80.200448,25.429796],[-80.202508,25.427354],[-80.202401,25.42393],[-80.204121,25.420151],[-80.203337,25.417422],[-80.203829,25.414497],[-80.205649,25.411551],[-80.208053,25.409713],[-80.21174,25.406798],[-80.215147,25.403493],[-80.219027,25.399982],[-80.221166,25.397835],[-80.222474,25.395688],[-80.225801,25.393863],[-80.226514,25.391394],[-80.231387,25.387421],[-80.23103,25.385811],[-80.22912,25.383186],[-80.230607,25.379997],[-80.231715,25.37658],[-80.233151,25.372748],[-80.235495,25.367678],[-80.237561,25.363571],[-80.240117,25.358365],[-80.241391,25.355563],[-80.240151,25.352604],[-80.239341,25.350586],[-80.240881,25.349829],[-80.242427,25.348858],[-80.243857,25.347096],[-80.247162,25.345536],[-80.250282,25.344791],[-80.251946,25.347798],[-80.253134,25.350483],[-80.255155,25.352308],[-80.257888,25.352953],[-80.258957,25.354349],[-80.258601,25.359611]]]]}},{"type":"Feature","properties":{"unit_id":"12086003710","name":"Census Tract 37.10","native_id":"12086003710","source":"census_tract_2025","adm3_name":"Miami-Dade County","adm3_id":"12086","area_sqm":1001420,"split":false,"population":15106.0,"days_covered":18,"daytime_peak_f":101.9,"heat_anomaly_f":5.5,"extreme_pct":39.0,"nighttime_stress_f":-3.1,"daytime_peak_f_climrel":0.8322,"heat_anomaly_f_climrel":0.8322,"nighttime_stress_f_climrel":-0.3,"extreme_pct_climrel":0.975,"ref_daytime_hi_mean":96.4,"ref_daytime_hi_p95":101.7,"rwi_mean":null,"health_per_10k":0.6619886137958427,"built_frac":0.819,"tree_frac":0.021,"canopy_frac_over_3m":0.096,"viirs_mean":185.3,"gdl_hdi":0.936,"gdl_region":"Florida","ghsl_smod":30,"lst_anomaly_c":-4.21,"lst_anomaly_c_climrel":0,"worldpop_pop_total":11014.0,"frac_under5":4.7,"frac_elderly_65plus":5.9,"frac_elderly_75plus":1.5,"old_age_dependency_ratio":0.069,"has_data":true},"geometry":{"type":"Polygon","coordinates":[[[-80.196204,25.788213],[-80.195976,25.789303],[-80.193892,25.789416],[-80.189078,25.789538],[-80.185403,25.789672],[-80.185464,25.787244],[-80.185512,25.783108],[-80.188899,25.782384],[-80.185291,25.782216],[-80.185231,25.780322],[-80.188883,25.780112],[-80.192152,25.779978],[-80.193831,25.779891],[-80.193818,25.780428],[-80.193939,25.783769],[-80.196165,25.783705],[-80.196202,25.784674],[-80.196285,25.787032],[-80.196204,25.788213]]]}},{"type":"Feature","properties":{"unit_id":"12086009031","name":"Census Tract 90.31","native_id":"12086009031","source":"census_tract_2025","adm3_name":"Miami-Dade County","adm3_id":"12086","area_sqm":292185,"split":false,"population":5495.0,"days_covered":18,"daytime_peak_f":102.1,"heat_anomaly_f":4.6,"extreme_pct":44.0,"nighttime_stress_f":-4.1,"daytime_peak_f_climrel":0.6814,"heat_anomaly_f_climrel":0.6814,"nighttime_stress_f_climrel":-0.3,"extreme_pct_climrel":1,"ref_daytime_hi_mean":97.5,"ref_daytime_hi_p95":102.7,"rwi_mean":null,"health_per_10k":0.0,"built_frac":0.862,"tree_frac":0.055,"canopy_frac_over_3m":0.138,"viirs_mean":156.5,"gdl_hdi":0.936,"gdl_region":"Florida","ghsl_smod":30,"lst_anomaly_c":null,"lst_anomaly_c_climrel":null,"worldpop_pop_total":4688.0,"frac_under5":4.7,"frac_elderly_65plus":17.4,"frac_elderly_75plus":6.2,"old_age_dependency_ratio":0.251,"has_data":true},"geometry":{"type":"Polygon","coordinates":[[[-80.336693,25.77755],[-80.334897,25.778169],[-80.330986,25.77819],[-80.328412,25.778196],[-80.323008,25.778224],[-80.323076,25.78008],[-80.320864,25.780043],[-80.320714,25.776917],[-80.328368,25.776762],[-80.336674,25.776575],[-80.336693,25.77755]]]}},{"type":"Feature","properties":{"unit_id":"12086009402","name":"Census Tract 94.02","native_id":"12086009402","source":"census_tract_2025","adm3_name":"Miami-Dade County","adm3_id":"12086","area_sqm":1297407,"split":false,"population":3627.0,"days_covered":18,"daytime_peak_f":102.6,"heat_anomaly_f":4.5,"extreme_pct":28.0,"nighttime_stress_f":-4.7,"daytime_peak_f_climrel":0.6666,"heat_anomaly_f_climrel":0.6666,"nighttime_stress_f_climrel":-0.3,"extreme_pct_climrel":0.7,"ref_daytime_hi_mean":98.0,"ref_daytime_hi_p95":103.2,"rwi_mean":null,"health_per_10k":0.0,"built_frac":0.802,"tree_frac":0.122,"canopy_frac_over_3m":0.141,"viirs_mean":51.0,"gdl_hdi":0.936,"gdl_region":"Florida","ghsl_smod":30,"lst_anomaly_c":1.99,"lst_anomaly_c_climrel":0.2487,"worldpop_pop_total":4146.0,"frac_under5":5.4,"frac_elderly_65plus":20.4,"frac_elderly_75plus":8.3,"old_age_dependency_ratio":0.323,"has_data":true},"geometry":{"type":"Polygon","coordinates":[[[-80.261378,25.940335],[-80.253349,25.940633],[-80.252977,25.933377],[-80.252665,25.926003],[-80.254516,25.925812],[-80.260652,25.92574],[-80.261018,25.933045],[-80.261378,25.940335]]]}},{"type":"Feature","properties":{"unit_id":"12086009906","name":"Census Tract 99.06","native_id":"12086009906","source":"census_tract_2025","adm3_name":"Miami-Dade County","adm3_id":"12086","area_sqm":2178085,"split":false,"population":3445.0,"days_covered":18,"daytime_peak_f":102.0,"heat_anomaly_f":5.1,"extreme_pct":33.0,"nighttime_stress_f":-3.1,"daytime_peak_f_climrel":0.7587,"heat_anomaly_f_climrel":0.7587,"nighttime_stress_f_climrel":-0.3,"extreme_pct_climrel":0.825,"ref_daytime_hi_mean":96.8,"ref_daytime_hi_p95":102.3,"rwi_mean":null,"health_per_10k":2.9027576197387517,"built_frac":0.646,"tree_frac":0.2,"canopy_frac_over_3m":0.146,"viirs_mean":50.4,"gdl_hdi":0.936,"gdl_region":"Florida","ghsl_smod":30,"lst_anomaly_c":2.69,"lst_anomaly_c_climrel":0.3362,"worldpop_pop_total":6344.0,"frac_under5":4.5,"frac_elderly_65plus":19.7,"frac_elderly_75plus":6.6,"old_age_dependency_ratio":0.305,"has_data":true},"geometry":{"type":"Polygon","coordinates":[[[-80.229159,25.960462],[-80.21398,25.959855],[-80.205752,25.959531],[-80.205688,25.957063],[-80.205443,25.94981],[-80.20519,25.942555],[-80.213189,25.9422],[-80.213512,25.949497],[-80.21368,25.952752],[-80.213843,25.956784],[-80.221893,25.956443],[-80.228962,25.956114],[-80.229159,25.960462]]]}},{"type":"Feature","properties":{"unit_id":"12086001603","name":"Census Tract 16.03","native_id":"12086001603","source":"census_tract_2025","adm3_name":"Miami-Dade County","adm3_id":"12086","area_sqm":969713,"split":false,"population":2196.0,"days_covered":18,"daytime_peak_f":102.1,"heat_anomaly_f":4.6,"extreme_pct":44.0,"nighttime_stress_f":-4.1,"daytime_peak_f_climrel":0.6814,"heat_anomaly_f_climrel":0.6814,"nighttime_stress_f_climrel":-0.3,"extreme_pct_climrel":1,"ref_daytime_hi_mean":97.5,"ref_daytime_hi_p95":102.7,"rwi_mean":null,"health_per_10k":9.107468123861567,"built_frac":0.966,"tree_frac":0.022,"canopy_frac_over_3m":0.098,"viirs_mean":110.4,"gdl_hdi":0.936,"gdl_region":"Florida","ghsl_smod":30,"lst_anomaly_c":4.09,"lst_anomaly_c_climrel":0.5112,"worldpop_pop_total":3667.0,"frac_under5":2.7,"frac_elderly_65plus":27.5,"frac_elderly_75plus":14.3,"old_age_dependency_ratio":0.438,"has_data":true},"geometry":{"type":"Polygon","coordinates":[[[-80.273423,25.825651],[-80.269352,25.825811],[-80.269564,25.830323],[-80.26879,25.830417],[-80.265503,25.830531],[-80.259176,25.83071],[-80.258976,25.823358],[-80.265177,25.82314],[-80.270678,25.822976],[-80.271291,25.822982],[-80.273303,25.822873],[-80.273423,25.825651]]]}},{"type":"Feature","properties":{"unit_id":"12086009811","name":"Census Tract 98.11","native_id":"12086009811","source":"census_tract_2025","adm3_name":"Miami-Dade County","adm3_id":"12086","area_sqm":477185,"split":false,"population":2387.0,"days_covered":18,"daytime_peak_f":102.0,"heat_anomaly_f":5.1,"extreme_pct":33.0,"nighttime_stress_f":-3.1,"daytime_peak_f_climrel":0.7587,"heat_anomaly_f_climrel":0.7587,"nighttime_stress_f_climrel":-0.3,"extreme_pct_climrel":0.825,"ref_daytime_hi_mean":96.8,"ref_daytime_hi_p95":102.3,"rwi_mean":null,"health_per_10k":0.0,"built_frac":0.602,"tree_frac":0.057,"canopy_frac_over_3m":0.09,"viirs_mean":70.8,"gdl_hdi":0.936,"gdl_region":"Florida","ghsl_smod":30,"lst_anomaly_c":0.38,"lst_anomaly_c_climrel":0.0475,"worldpop_pop_total":3350.0,"frac_under5":3.2,"frac_elderly_65plus":43.2,"frac_elderly_75plus":22.0,"old_age_dependency_ratio":0.918,"has_data":true},"geometry":{"type":"Polygon","coordinates":[[[-80.205913,25.965563],[-80.20183,25.965562],[-80.198182,25.965659],[-80.198165,25.962233],[-80.198564,25.959916],[-80.197675,25.957542],[-80.200012,25.957465],[-80.202089,25.958908],[-80.202731,25.959318],[-80.205752,25.959531],[-80.205913,25.965563]]]}},{"type":"Feature","properties":{"unit_id":"12086009064","name":"Census Tract 90.64","native_id":"12086009064","source":"census_tract_2025","adm3_name":"Miami-Dade County","adm3_id":"12086","area_sqm":591596,"split":false,"population":1556.0,"days_covered":18,"daytime_peak_f":102.3,"heat_anomaly_f":4.1,"extreme_pct":33.0,"nighttime_stress_f":-5.1,"daytime_peak_f_climrel":0.6155,"heat_anomaly_f_climrel":0.6155,"nighttime_stress_f_climrel":-0.3,"extreme_pct_climrel":0.825,"ref_daytime_hi_mean":98.1,"ref_daytime_hi_p95":103.4,"rwi_mean":null,"health_per_10k":0.0,"built_frac":0.556,"tree_frac":0.151,"canopy_frac_over_3m":0.123,"viirs_mean":82.6,"gdl_hdi":0.936,"gdl_region":"Florida","ghsl_smod":30,"lst_anomaly_c":null,"lst_anomaly_c_climrel":null,"worldpop_pop_total":2473.0,"frac_under5":3.5,"frac_elderly_65plus":18.6,"frac_elderly_75plus":7.9,"old_age_dependency_ratio":0.271,"has_data":true},"geometry":{"type":"Polygon","coordinates":[[[-80.385997,25.776193],[-80.385775,25.776413],[-80.38522,25.77682],[-80.383105,25.77766],[-80.374339,25.779835],[-80.36892,25.781065],[-80.368974,25.780746],[-80.369049,25.780119],[-80.369554,25.775583],[-80.37359,25.775503],[-80.375598,25.775491],[-80.375898,25.775488],[-80.377633,25.77547],[-80.381576,25.775411],[-80.384149,25.77535],[-80.384264,25.775359],[-80.385987,25.775307],[-80.385997,25.776193]]]}},{"type":"Feature","properties":{"unit_id":"12086009803","name":"Census Tract 98.03","native_id":"12086009803","source":"census_tract_2025","adm3_name":"Miami-Dade County","adm3_id":"12086","area_sqm":2639650,"split":false,"population":6677.0,"days_covered":18,"daytime_peak_f":102.0,"heat_anomaly_f":5.1,"extreme_pct":33.0,"nighttime_stress_f":-3.1,"daytime_peak_f_climrel":0.7587,"heat_anomaly_f_climrel":0.7587,"nighttime_stress_f_climrel":-0.3,"extreme_pct_climrel":0.825,"ref_daytime_hi_mean":96.8,"ref_daytime_hi_p95":102.3,"rwi_mean":null,"health_per_10k":0.0,"built_frac":0.54,"tree_frac":0.194,"canopy_frac_over_3m":0.156,"viirs_mean":57.2,"gdl_hdi":0.936,"gdl_region":"Florida","ghsl_smod":30,"lst_anomaly_c":0.96,"lst_anomaly_c_climrel":0.12,"worldpop_pop_total":10242.0,"frac_under5":5.7,"frac_elderly_65plus":12.6,"frac_elderly_75plus":4.1,"old_age_dependency_ratio":0.181,"has_data":true},"geometry":{"type":"Polygon","coordinates":[[[-80.194422,25.973169],[-80.190839,25.973228],[-80.185446,25.973359],[-80.18276,25.973415],[-80.181085,25.973484],[-80.18012,25.97347],[-80.174465,25.973569],[-80.166474,25.973579],[-80.165724,25.973783],[-80.165231,25.967067],[-80.165638,25.963995],[-80.168301,25.964532],[-80.1783,25.96486],[-80.18034,25.96483],[-80.183474,25.964268],[-80.185658,25.963081],[-80.186648,25.964264],[-80.186987,25.965014],[-80.187723,25.966265],[-80.189151,25.967088],[-80.192855,25.967717],[-80.194053,25.968979],[-80.194422,25.973169]]]}},{"type":"Feature","properties":{"unit_id":"12086000805","name":"Census Tract 8.05","native_id":"12086000805","source":"census_tract_2025","adm3_name":"Miami-Dade County","adm3_id":"12086","area_sqm":1585439,"split":false,"population":5122.0,"days_covered":18,"daytime_peak_f":102.1,"heat_anomaly_f":4.6,"extreme_pct":44.0,"nighttime_stress_f":-4.1,"daytime_peak_f_climrel":0.6814,"heat_anomaly_f_climrel":0.6814,"nighttime_stress_f_climrel":-0.3,"extreme_pct_climrel":1,"ref_daytime_hi_mean":97.5,"ref_daytime_hi_p95":102.7,"rwi_mean":null,"health_per_10k":0.0,"built_frac":0.925,"tree_frac":0.061,"canopy_frac_over_3m":0.116,"viirs_mean":88.4,"gdl_hdi":0.936,"gdl_region":"Florida","ghsl_smod":30,"lst_anomaly_c":4.29,"lst_anomaly_c_climrel":0.5363,"worldpop_pop_total":4787.0,"frac_under5":3.3,"frac_elderly_65plus":28.1,"frac_elderly_75plus":14.3,"old_age_dependency_ratio":0.455,"has_data":true},"geometry":{"type":"Polygon","coordinates":[[[-80.272046,25.841741],[-80.259525,25.842171],[-80.259481,25.839026],[-80.259369,25.838072],[-80.259176,25.83071],[-80.265503,25.830531],[-80.26879,25.830417],[-80.269564,25.830323],[-80.271533,25.830236],[-80.271744,25.833854],[-80.271836,25.836579],[-80.271927,25.839299],[-80.271978,25.841534],[-80.272046,25.841741]]]}},{"type":"Feature","properties":{"unit_id":"12086000505","name":"Census Tract 5.05","native_id":"12086000505","source":"census_tract_2025","adm3_name":"Miami-Dade County","adm3_id":"12086","area_sqm":4814813,"split":false,"population":5771.0,"days_covered":18,"daytime_peak_f":102.6,"heat_anomaly_f":4.5,"extreme_pct":28.0,"nighttime_stress_f":-4.7,"daytime_peak_f_climrel":0.6666,"heat_anomaly_f_climrel":0.6666,"nighttime_stress_f_climrel":-0.3,"extreme_pct_climrel":0.7,"ref_daytime_hi_mean":98.0,"ref_daytime_hi_p95":103.2,"rwi_mean":null,"health_per_10k":0.0,"built_frac":0.496,"tree_frac":0.16,"canopy_frac_over_3m":0.18,"viirs_mean":69.7,"gdl_hdi":0.936,"gdl_region":"Florida","ghsl_smod":30,"lst_anomaly_c":-0.41,"lst_anomaly_c_climrel":0,"worldpop_pop_total":6204.0,"frac_under5":4.3,"frac_elderly_65plus":22.6,"frac_elderly_75plus":11.0,"old_age_dependency_ratio":0.354,"has_data":true},"geometry":{"type":"Polygon","coordinates":[[[-80.292002,25.898616],[-80.290059,25.898445],[-80.287519,25.897082],[-80.281772,25.896199],[-80.275465,25.896268],[-80.275541,25.897941],[-80.267693,25.898184],[-80.267661,25.896525],[-80.260015,25.896631],[-80.2583,25.896723],[-80.260258,25.893451],[-80.260542,25.891107],[-80.260395,25.883121],[-80.260375,25.882032],[-80.267197,25.88184],[-80.273086,25.881696],[-80.275027,25.881637],[-80.279131,25.881541],[-80.28727,25.881322],[-80.287541,25.881324],[-80.29117,25.881201],[-80.291262,25.884341],[-80.291552,25.889833],[-80.291643,25.891604],[-80.291787,25.894577],[-80.291875,25.896312],[-80.292002,25.898616]]]}},{"type":"Feature","properties":{"unit_id":"12086000409","name":"Census Tract 4.09","native_id":"12086000409","source":"census_tract_2025","adm3_name":"Miami-Dade County","adm3_id":"12086","area_sqm":1078873,"split":false,"population":1620.0,"days_covered":18,"daytime_peak_f":102.2,"heat_anomaly_f":5.4,"extreme_pct":33.0,"nighttime_stress_f":-2.9,"daytime_peak_f_climrel":0.8011,"heat_anomaly_f_climrel":0.8011,"nighttime_stress_f_climrel":-0.3,"extreme_pct_climrel":0.825,"ref_daytime_hi_mean":96.9,"ref_daytime_hi_p95":102.4,"rwi_mean":null,"health_per_10k":6.172839506172839,"built_frac":0.779,"tree_frac":0.203,"canopy_frac_over_3m":0.188,"viirs_mean":63.9,"gdl_hdi":0.936,"gdl_region":"Florida","ghsl_smod":30,"lst_anomaly_c":3.71,"lst_anomaly_c_climrel":0.4637,"worldpop_pop_total":4937.0,"frac_under5":5.8,"frac_elderly_65plus":19.2,"frac_elderly_75plus":7.2,"old_age_dependency_ratio":0.307,"has_data":true},"geometry":{"type":"Polygon","coordinates":[[[-80.226737,25.883098],[-80.218685,25.883418],[-80.214613,25.883581],[-80.210586,25.883735],[-80.20942,25.883802],[-80.209131,25.883816],[-80.209235,25.880183],[-80.209063,25.876542],[-80.210246,25.876491],[-80.214292,25.876323],[-80.218383,25.876152],[-80.218523,25.879788],[-80.226532,25.879471],[-80.226737,25.883098]]]}},{"type":"Feature","properties":{"unit_id":"12086000222","name":"Census Tract 2.22","native_id":"12086000222","source":"census_tract_2025","adm3_name":"Miami-Dade County","adm3_id":"12086","area_sqm":1396018,"split":false,"population":3567.0,"days_covered":18,"daytime_peak_f":102.2,"heat_anomaly_f":5.4,"extreme_pct":33.0,"nighttime_stress_f":-2.9,"daytime_peak_f_climrel":0.8011,"heat_anomaly_f_climrel":0.8011,"nighttime_stress_f_climrel":-0.3,"extreme_pct_climrel":0.825,"ref_daytime_hi_mean":96.9,"ref_daytime_hi_p95":102.4,"rwi_mean":null,"health_per_10k":8.410428931875526,"built_frac":0.633,"tree_frac":0.231,"canopy_frac_over_3m":0.182,"viirs_mean":55.8,"gdl_hdi":0.936,"gdl_region":"Florida","ghsl_smod":30,"lst_anomaly_c":-0.08,"lst_anomaly_c_climrel":0,"worldpop_pop_total":5040.0,"frac_under5":3.9,"frac_elderly_65plus":21.3,"frac_elderly_75plus":7.9,"old_age_dependency_ratio":0.326,"has_data":true},"geometry":{"type":"Polygon","coordinates":[[[-80.180489,25.943917],[-80.179159,25.945134],[-80.176375,25.945537],[-80.173277,25.944783],[-80.172426,25.944756],[-80.171002,25.944979],[-80.168515,25.945833],[-80.164916,25.946006],[-80.162898,25.946069],[-80.162825,25.944262],[-80.162465,25.937058],[-80.166526,25.936854],[-80.172466,25.936627],[-80.174156,25.936711],[-80.180184,25.943618],[-80.180333,25.943611],[-80.180489,25.943917]]]}},{"type":"Feature","properties":{"unit_id":"12086006603","name":"Census Tract 66.03","native_id":"12086006603","source":"census_tract_2025","adm3_name":"Miami-Dade County","adm3_id":"12086","area_sqm":139922,"split":false,"population":16817.0,"days_covered":18,"daytime_peak_f":101.9,"heat_anomaly_f":5.5,"extreme_pct":39.0,"nighttime_stress_f":-3.1,"daytime_peak_f_climrel":0.8322,"heat_anomaly_f_climrel":0.8322,"nighttime_stress_f_climrel":-0.3,"extreme_pct_climrel":0.975,"ref_daytime_hi_mean":96.4,"ref_daytime_hi_p95":101.7,"rwi_mean":null,"health_per_10k":0.0,"built_frac":0.902,"tree_frac":0.086,"canopy_frac_over_3m":0.171,"viirs_mean":253.2,"gdl_hdi":0.936,"gdl_region":"Florida","ghsl_smod":30,"lst_anomaly_c":-2.65,"lst_anomaly_c_climrel":0,"worldpop_pop_total":3131.0,"frac_under5":3.5,"frac_elderly_65plus":15.2,"frac_elderly_75plus":5.4,"old_age_dependency_ratio":0.202,"has_data":true},"geometry":{"type":"Polygon","coordinates":[[[-80.197422,25.766282],[-80.195491,25.76635],[-80.195429,25.765404],[-80.195412,25.76441],[-80.195402,25.76347],[-80.195379,25.76248],[-80.19512,25.76154],[-80.195071,25.760567],[-80.195081,25.759304],[-80.196209,25.759932],[-80.196486,25.760091],[-80.197164,25.760478],[-80.197312,25.763389],[-80.197422,25.766282]]]}},{"type":"Feature","properties":{"unit_id":"12086001801","name":"Census Tract 18.01","native_id":"12086001801","source":"census_tract_2025","adm3_name":"Miami-Dade County","adm3_id":"12086","area_sqm":1307651,"split":false,"population":4285.0,"days_covered":18,"daytime_peak_f":101.9,"heat_anomaly_f":5.5,"extreme_pct":39.0,"nighttime_stress_f":-3.1,"daytime_peak_f_climrel":0.8322,"heat_anomaly_f_climrel":0.8322,"nighttime_stress_f_climrel":-0.3,"extreme_pct_climrel":0.975,"ref_daytime_hi_mean":96.4,"ref_daytime_hi_p95":101.7,"rwi_mean":null,"health_per_10k":0.0,"built_frac":0.663,"tree_frac":0.241,"canopy_frac_over_3m":0.177,"viirs_mean":78.3,"gdl_hdi":0.936,"gdl_region":"Florida","ghsl_smod":30,"lst_anomaly_c":3.69,"lst_anomaly_c_climrel":0.4612,"worldpop_pop_total":4510.0,"frac_under5":6.4,"frac_elderly_65plus":13.7,"frac_elderly_75plus":4.5,"old_age_dependency_ratio":0.21,"has_data":true},"geometry":{"type":"Polygon","coordinates":[[[-80.24111,25.831136],[-80.232978,25.831419],[-80.228915,25.831573],[-80.225296,25.831699],[-80.224902,25.831729],[-80.224747,25.828089],[-80.224552,25.82443],[-80.228623,25.824299],[-80.232667,25.824177],[-80.236731,25.824042],[-80.240772,25.823939],[-80.240961,25.827563],[-80.24111,25.831136]]]}},{"type":"Feature","properties":{"unit_id":"12086010613","name":"Census Tract 106.13","native_id":"12086010613","source":"census_tract_2025","adm3_name":"Miami-Dade County","adm3_id":"12086","area_sqm":7870627,"split":false,"population":5358.0,"days_covered":18,"daytime_peak_f":101.6,"heat_anomaly_f":5.0,"extreme_pct":44.0,"nighttime_stress_f":-3.3,"daytime_peak_f_climrel":0.7446,"heat_anomaly_f_climrel":0.7446,"nighttime_stress_f_climrel":-0.3,"extreme_pct_climrel":1,"ref_daytime_hi_mean":96.5,"ref_daytime_hi_p95":101.7,"rwi_mean":null,"health_per_10k":0.0,"built_frac":0.144,"tree_frac":0.06,"canopy_frac_over_3m":0.417,"viirs_mean":14.1,"gdl_hdi":0.936,"gdl_region":"Florida","ghsl_smod":30,"lst_anomaly_c":null,"lst_anomaly_c_climrel":null,"worldpop_pop_total":6913.0,"frac_under5":4.9,"frac_elderly_65plus":22.0,"frac_elderly_75plus":10.0,"old_age_dependency_ratio":0.353,"has_data":true},"geometry":{"type":"Polygon","coordinates":[[[-80.331798,25.579927],[-80.327657,25.577685],[-80.326953,25.576709],[-80.326543,25.575087],[-80.318123,25.575043],[-80.317617,25.577586],[-80.315651,25.577625],[-80.315749,25.581296],[-80.317354,25.581457],[-80.317403,25.585059],[-80.325871,25.585413],[-80.323067,25.588804],[-80.318779,25.5952],[-80.31617,25.599562],[-80.310003,25.599707],[-80.3082748574835,25.5995082897728],[-80.308545,25.595269],[-80.3081879270983,25.594440777462],[-80.307703,25.593316],[-80.308114,25.591912],[-80.307748,25.586237],[-80.3058178185489,25.5806844531334],[-80.305096,25.578608],[-80.30261,25.571791],[-80.302674,25.569497],[-80.306761,25.565071],[-80.307789,25.560998],[-80.3075872644609,25.5596721225799],[-80.310552,25.559916],[-80.311147,25.55988],[-80.316034,25.559591],[-80.31922,25.559524],[-80.331444,25.559427],[-80.331451,25.563915],[-80.331584,25.570415],[-80.331631,25.574069],[-80.331798,25.579927]]]}},{"type":"Feature","properties":{"unit_id":"12086000211","name":"Census Tract 2.11","native_id":"12086000211","source":"census_tract_2025","adm3_name":"Miami-Dade County","adm3_id":"12086","area_sqm":1608253,"split":false,"population":5420.0,"days_covered":18,"daytime_peak_f":102.2,"heat_anomaly_f":5.4,"extreme_pct":33.0,"nighttime_stress_f":-2.9,"daytime_peak_f_climrel":0.8011,"heat_anomaly_f_climrel":0.8011,"nighttime_stress_f_climrel":-0.3,"extreme_pct_climrel":0.825,"ref_daytime_hi_mean":96.9,"ref_daytime_hi_p95":102.4,"rwi_mean":null,"health_per_10k":0.0,"built_frac":0.319,"tree_frac":0.385,"canopy_frac_over_3m":0.373,"viirs_mean":53.9,"gdl_hdi":0.936,"gdl_region":"Florida","ghsl_smod":30,"lst_anomaly_c":-1.6,"lst_anomaly_c_climrel":0,"worldpop_pop_total":3581.0,"frac_under5":3.5,"frac_elderly_65plus":18.9,"frac_elderly_75plus":6.5,"old_age_dependency_ratio":0.28,"has_data":true},"geometry":{"type":"Polygon","coordinates":[[[-80.162898,25.946069],[-80.158767,25.946211],[-80.158605,25.94624],[-80.156683,25.946281],[-80.156726,25.947157],[-80.155047,25.947245],[-80.147582,25.947464],[-80.149151,25.942342],[-80.150599,25.937734],[-80.150858,25.937721],[-80.151487,25.93573],[-80.154272,25.935596],[-80.162399,25.935222],[-80.162465,25.937058],[-80.162825,25.944262],[-80.162898,25.946069]]]}},{"type":"Feature","properties":{"unit_id":"12086012102","name":"Census Tract 121.02","native_id":"12086012102","source":"census_tract_2025","adm3_name":"Miami-Dade County","adm3_id":"12086","area_sqm":388517,"split":false,"population":2339.0,"days_covered":18,"daytime_peak_f":102.6,"heat_anomaly_f":4.5,"extreme_pct":28.0,"nighttime_stress_f":-4.7,"daytime_peak_f_climrel":0.6666,"heat_anomaly_f_climrel":0.6666,"nighttime_stress_f_climrel":-0.3,"extreme_pct_climrel":0.7,"ref_daytime_hi_mean":98.0,"ref_daytime_hi_p95":103.2,"rwi_mean":null,"health_per_10k":0.0,"built_frac":0.727,"tree_frac":0.126,"canopy_frac_over_3m":0.156,"viirs_mean":76.8,"gdl_hdi":0.936,"gdl_region":"Florida","ghsl_smod":30,"lst_anomaly_c":1.61,"lst_anomaly_c_climrel":0.2013,"worldpop_pop_total":5271.0,"frac_under5":5.3,"frac_elderly_65plus":11.9,"frac_elderly_75plus":4.5,"old_age_dependency_ratio":0.166,"has_data":true},"geometry":{"type":"Polygon","coordinates":[[[-80.317293,25.933104],[-80.316685,25.934491],[-80.315158,25.934199],[-80.314976,25.934773],[-80.313893,25.934993],[-80.313791,25.935025],[-80.311879,25.935509],[-80.311871,25.935019],[-80.308383,25.934994],[-80.309368,25.932838],[-80.309659,25.930212],[-80.310953,25.930383],[-80.312547,25.928856],[-80.314759,25.928844],[-80.314584,25.931333],[-80.314904,25.931827],[-80.316225,25.932025],[-80.317147,25.932006],[-80.317293,25.933104]]]}},{"type":"Feature","properties":{"unit_id":"12086008202","name":"Census Tract 82.02","native_id":"12086008202","source":"census_tract_2025","adm3_name":"Miami-Dade County","adm3_id":"12086","area_sqm":2490523,"split":false,"population":3381.0,"days_covered":18,"daytime_peak_f":101.6,"heat_anomaly_f":5.0,"extreme_pct":44.0,"nighttime_stress_f":-3.3,"daytime_peak_f_climrel":0.7446,"heat_anomaly_f_climrel":0.7446,"nighttime_stress_f_climrel":-0.3,"extreme_pct_climrel":1,"ref_daytime_hi_mean":96.5,"ref_daytime_hi_p95":101.7,"rwi_mean":null,"health_per_10k":0.0,"built_frac":0.373,"tree_frac":0.512,"canopy_frac_over_3m":0.339,"viirs_mean":32.5,"gdl_hdi":0.936,"gdl_region":"Florida","ghsl_smod":30,"lst_anomaly_c":-2.19,"lst_anomaly_c_climrel":0,"worldpop_pop_total":4851.0,"frac_under5":4.5,"frac_elderly_65plus":20.4,"frac_elderly_75plus":7.7,"old_age_dependency_ratio":0.326,"has_data":true},"geometry":{"type":"Polygon","coordinates":[[[-80.343465,25.623782],[-80.341094,25.628907],[-80.333609,25.629095],[-80.327469,25.629277],[-80.327066,25.621868],[-80.32695,25.620054],[-80.324881,25.620103],[-80.324535,25.614588],[-80.317533,25.614781],[-80.317391,25.6113],[-80.318196,25.609716],[-80.318454,25.609291],[-80.320792,25.609168],[-80.327082,25.608938],[-80.328445,25.613462],[-80.328467,25.614481],[-80.328595,25.615232],[-80.331886,25.617933],[-80.333839,25.618],[-80.339411,25.621323],[-80.340792,25.621489],[-80.341621,25.622824],[-80.343465,25.623782]]]}},{"type":"Feature","properties":{"unit_id":"12086000120","name":"Census Tract 1.20","native_id":"12086000120","source":"census_tract_2025","adm3_name":"Miami-Dade County","adm3_id":"12086","area_sqm":1503155,"split":false,"population":2461.0,"days_covered":18,"daytime_peak_f":102.4,"heat_anomaly_f":5.5,"extreme_pct":33.0,"nighttime_stress_f":-3.2,"daytime_peak_f_climrel":0.8247,"heat_anomaly_f_climrel":0.8247,"nighttime_stress_f_climrel":-0.3,"extreme_pct_climrel":0.825,"ref_daytime_hi_mean":96.9,"ref_daytime_hi_p95":102.4,"rwi_mean":null,"health_per_10k":16.253555465258025,"built_frac":0.386,"tree_frac":0.047,"canopy_frac_over_3m":0.098,"viirs_mean":39.7,"gdl_hdi":0.936,"gdl_region":"Florida","ghsl_smod":30,"lst_anomaly_c":-4.72,"lst_anomaly_c_climrel":0,"worldpop_pop_total":5528.0,"frac_under5":3.1,"frac_elderly_65plus":20.4,"frac_elderly_75plus":7.5,"old_age_dependency_ratio":0.3,"has_data":true},"geometry":{"type":"Polygon","coordinates":[[[-80.163728,25.889408],[-80.160935,25.898662],[-80.160539,25.899932],[-80.159646,25.899942],[-80.156561,25.900057],[-80.149079,25.900362],[-80.146588,25.90089],[-80.142331,25.901074],[-80.13825,25.900342],[-80.131673,25.899901],[-80.130504,25.899823],[-80.131021,25.899132],[-80.131765,25.898326],[-80.1345,25.895539],[-80.140467,25.889872],[-80.142578,25.887329],[-80.147567,25.888263],[-80.150627,25.889179],[-80.151843,25.889491],[-80.152482,25.889554],[-80.15869,25.889307],[-80.162131,25.889433],[-80.163728,25.889408]]]}},{"type":"Feature","properties":{"unit_id":"12086003704","name":"Census Tract 37.04","native_id":"12086003704","source":"census_tract_2025","adm3_name":"Miami-Dade County","adm3_id":"12086","area_sqm":245507,"split":false,"population":6428.3947017540395,"days_covered":18,"daytime_peak_f":101.9,"heat_anomaly_f":5.5,"extreme_pct":39.0,"nighttime_stress_f":-3.1,"daytime_peak_f_climrel":0.8322,"heat_anomaly_f_climrel":0.8322,"nighttime_stress_f_climrel":-0.3,"extreme_pct_climrel":0.975,"ref_daytime_hi_mean":96.4,"ref_daytime_hi_p95":101.7,"rwi_mean":null,"health_per_10k":3.111196640514752,"built_frac":0.932,"tree_frac":0.019,"canopy_frac_over_3m":0.094,"viirs_mean":237.0,"gdl_hdi":0.936,"gdl_region":"Florida","ghsl_smod":30,"lst_anomaly_c":-2.58,"lst_anomaly_c_climrel":0,"worldpop_pop_total":2358.0,"frac_under5":1.8,"frac_elderly_65plus":10.7,"frac_elderly_75plus":3.4,"old_age_dependency_ratio":0.125,"has_data":true},"geometry":{"type":"Polygon","coordinates":[[[-80.193715,25.776067],[-80.192018,25.77613],[-80.187522,25.776241],[-80.187379,25.77529],[-80.19032,25.775222],[-80.190274,25.774245],[-80.190188,25.772609],[-80.190035,25.769927],[-80.192427,25.770314],[-80.193542,25.769573],[-80.193623,25.774134],[-80.193715,25.776067]]]}},{"type":"Feature","properties":{"unit_id":"12086012403","name":"Census Tract 124.03","native_id":"12086012403","source":"census_tract_2025","adm3_name":"Miami-Dade County","adm3_id":"12086","area_sqm":25127480,"split":false,"population":3692.0,"days_covered":18,"daytime_peak_f":101.7,"heat_anomaly_f":3.6,"extreme_pct":17.0,"nighttime_stress_f":-4.8,"daytime_peak_f_climrel":0.5257,"heat_anomaly_f_climrel":0.5257,"nighttime_stress_f_climrel":-0.3,"extreme_pct_climrel":0.425,"ref_daytime_hi_mean":98.1,"ref_daytime_hi_p95":103.0,"rwi_mean":null,"health_per_10k":0.0,"built_frac":0.087,"tree_frac":0.165,"canopy_frac_over_3m":0.159,"viirs_mean":16.0,"gdl_hdi":0.936,"gdl_region":"Florida","ghsl_smod":11,"lst_anomaly_c":-6.57,"lst_anomaly_c_climrel":0,"worldpop_pop_total":2106.0,"frac_under5":5.6,"frac_elderly_65plus":16.5,"frac_elderly_75plus":7.2,"old_age_dependency_ratio":0.25,"has_data":true},"geometry":{"type":"Polygon","coordinates":[[[-80.440928,25.956858],[-80.439389,25.956852],[-80.43577,25.95685],[-80.431359,25.956965],[-80.408726,25.956903],[-80.407382,25.956939],[-80.375067,25.957072],[-80.352088,25.956968],[-80.351384,25.956963],[-80.342815,25.95717],[-80.340877,25.957153],[-80.340043,25.957117],[-80.342859,25.954835],[-80.342635,25.94959],[-80.342517,25.947062],[-80.342308,25.942285],[-80.350719,25.942207],[-80.350393,25.935073],[-80.350064,25.927917],[-80.354499,25.927704],[-80.373736,25.927773],[-80.375488,25.927788],[-80.42005,25.927606],[-80.421219,25.927743],[-80.422334,25.927545],[-80.437661,25.938895],[-80.439612,25.941374],[-80.440263,25.942659],[-80.440928,25.956858]]]}},{"type":"Feature","properties":{"unit_id":"12086003915","name":"Census Tract 39.15","native_id":"12086003915","source":"census_tract_2025","adm3_name":"Miami-Dade County","adm3_id":"12086","area_sqm":786086,"split":false,"population":5384.0,"days_covered":18,"daytime_peak_f":102.4,"heat_anomaly_f":5.5,"extreme_pct":33.0,"nighttime_stress_f":-3.2,"daytime_peak_f_climrel":0.8247,"heat_anomaly_f_climrel":0.8247,"nighttime_stress_f_climrel":-0.3,"extreme_pct_climrel":0.825,"ref_daytime_hi_mean":96.9,"ref_daytime_hi_p95":102.4,"rwi_mean":null,"health_per_10k":1.8573551263001484,"built_frac":0.607,"tree_frac":0.084,"canopy_frac_over_3m":0.174,"viirs_mean":51.9,"gdl_hdi":0.936,"gdl_region":"Florida","ghsl_smod":30,"lst_anomaly_c":-2.15,"lst_anomaly_c_climrel":0,"worldpop_pop_total":5210.0,"frac_under5":3.2,"frac_elderly_65plus":19.6,"frac_elderly_75plus":8.1,"old_age_dependency_ratio":0.281,"has_data":true},"geometry":{"type":"Polygon","coordinates":[[[-80.14002,25.85133],[-80.140166,25.854098],[-80.138421,25.854368],[-80.135751,25.855151],[-80.133531,25.856431],[-80.132171,25.857225],[-80.129151,25.857265],[-80.128087,25.85805],[-80.126828,25.856861],[-80.126909,25.855958],[-80.123367,25.851573],[-80.131086,25.850231],[-80.132567,25.849973],[-80.136374,25.847603],[-80.136624,25.849312],[-80.140317,25.84911],[-80.14002,25.85133]]]}},{"type":"Feature","properties":{"unit_id":"12086004901","name":"Census Tract 49.01","native_id":"12086004901","source":"census_tract_2025","adm3_name":"Miami-Dade County","adm3_id":"12086","area_sqm":1550107,"split":false,"population":636.0,"days_covered":18,"daytime_peak_f":102.1,"heat_anomaly_f":4.6,"extreme_pct":44.0,"nighttime_stress_f":-4.1,"daytime_peak_f_climrel":0.6814,"heat_anomaly_f_climrel":0.6814,"nighttime_stress_f_climrel":-0.3,"extreme_pct_climrel":1,"ref_daytime_hi_mean":97.5,"ref_daytime_hi_p95":102.7,"rwi_mean":null,"health_per_10k":0.0,"built_frac":0.519,"tree_frac":0.017,"canopy_frac_over_3m":0.092,"viirs_mean":119.9,"gdl_hdi":0.936,"gdl_region":"Florida","ghsl_smod":30,"lst_anomaly_c":0.17,"lst_anomaly_c_climrel":0.0213,"worldpop_pop_total":3767.0,"frac_under5":4.5,"frac_elderly_65plus":18.2,"frac_elderly_75plus":7.0,"old_age_dependency_ratio":0.264,"has_data":true},"geometry":{"type":"Polygon","coordinates":[[[-80.274176,25.783728],[-80.270961,25.787248],[-80.268525,25.790001],[-80.265461,25.792949],[-80.264807,25.793365],[-80.262506,25.793948],[-80.256168,25.7944],[-80.256149,25.793851],[-80.256093,25.792351],[-80.256022,25.790117],[-80.255893,25.786408],[-80.255886,25.786046],[-80.261216,25.785897],[-80.26409,25.7851],[-80.26408,25.782491],[-80.264004,25.778715],[-80.26598,25.778725],[-80.267978,25.778705],[-80.269538,25.778713],[-80.269581,25.780868],[-80.269647,25.783159],[-80.271976,25.783075],[-80.274254,25.783561],[-80.274176,25.783728]]]}},{"type":"Feature","properties":{"unit_id":"12086008428","name":"Census Tract 84.28","native_id":"12086008428","source":"census_tract_2025","adm3_name":"Miami-Dade County","adm3_id":"12086","area_sqm":2557547,"split":false,"population":2864.0,"days_covered":18,"daytime_peak_f":102.4,"heat_anomaly_f":4.6,"extreme_pct":33.0,"nighttime_stress_f":-5.5,"daytime_peak_f_climrel":0.6622,"heat_anomaly_f_climrel":0.6622,"nighttime_stress_f_climrel":-0.3,"extreme_pct_climrel":0.825,"ref_daytime_hi_mean":97.8,"ref_daytime_hi_p95":103.3,"rwi_mean":null,"health_per_10k":0.0,"built_frac":0.358,"tree_frac":0.353,"canopy_frac_over_3m":0.227,"viirs_mean":37.6,"gdl_hdi":0.936,"gdl_region":"Florida","ghsl_smod":30,"lst_anomaly_c":-2.69,"lst_anomaly_c_climrel":0,"worldpop_pop_total":3188.0,"frac_under5":4.0,"frac_elderly_65plus":20.5,"frac_elderly_75plus":8.7,"old_age_dependency_ratio":0.32,"has_data":true},"geometry":{"type":"Polygon","coordinates":[[[-80.372361,25.664733],[-80.365707,25.672156],[-80.359159,25.679472],[-80.359111,25.679526],[-80.358637,25.680054],[-80.352019,25.68745],[-80.351366,25.687482],[-80.351123,25.687494],[-80.350769,25.687482],[-80.352119,25.685987],[-80.351607,25.682003],[-80.351318,25.672893],[-80.351095,25.665627],[-80.35435,25.665477],[-80.355358,25.665556],[-80.356055,25.66539],[-80.359302,25.66529],[-80.367573,25.66494],[-80.371773,25.664761],[-80.372361,25.664733]]]}},{"type":"Feature","properties":{"unit_id":"12086006402","name":"Census Tract 64.02","native_id":"12086006402","source":"census_tract_2025","adm3_name":"Miami-Dade County","adm3_id":"12086","area_sqm":665132,"split":false,"population":4072.0,"days_covered":18,"daytime_peak_f":101.9,"heat_anomaly_f":5.5,"extreme_pct":39.0,"nighttime_stress_f":-3.1,"daytime_peak_f_climrel":0.8322,"heat_anomaly_f_climrel":0.8322,"nighttime_stress_f_climrel":-0.3,"extreme_pct_climrel":0.975,"ref_daytime_hi_mean":96.4,"ref_daytime_hi_p95":101.7,"rwi_mean":null,"health_per_10k":0.0,"built_frac":0.817,"tree_frac":0.167,"canopy_frac_over_3m":0.242,"viirs_mean":69.4,"gdl_hdi":0.936,"gdl_region":"Florida","ghsl_smod":30,"lst_anomaly_c":1.17,"lst_anomaly_c_climrel":0.1462,"worldpop_pop_total":4313.0,"frac_under5":4.4,"frac_elderly_65plus":19.2,"frac_elderly_75plus":9.1,"old_age_dependency_ratio":0.28,"has_data":true},"geometry":{"type":"Polygon","coordinates":[[[-80.230675,25.765403],[-80.226622,25.765519],[-80.222498,25.765604],[-80.222406,25.761691],[-80.222308,25.758214],[-80.22635,25.758163],[-80.230397,25.758123],[-80.230521,25.761274],[-80.230675,25.765403]]]}},{"type":"Feature","properties":{"unit_id":"12086001904","name":"Census Tract 19.04","native_id":"12086001904","source":"census_tract_2025","adm3_name":"Miami-Dade County","adm3_id":"12086","area_sqm":1109145,"split":false,"population":3088.978342474887,"days_covered":18,"daytime_peak_f":101.9,"heat_anomaly_f":5.5,"extreme_pct":39.0,"nighttime_stress_f":-3.1,"daytime_peak_f_climrel":0.8322,"heat_anomaly_f_climrel":0.8322,"nighttime_stress_f_climrel":-0.3,"extreme_pct_climrel":0.975,"ref_daytime_hi_mean":96.4,"ref_daytime_hi_p95":101.7,"rwi_mean":null,"health_per_10k":0.0,"built_frac":0.674,"tree_frac":0.3,"canopy_frac_over_3m":0.218,"viirs_mean":83.6,"gdl_hdi":0.936,"gdl_region":"Florida","ghsl_smod":30,"lst_anomaly_c":3.12,"lst_anomaly_c_climrel":0.39,"worldpop_pop_total":5191.0,"frac_under5":5.6,"frac_elderly_65plus":17.8,"frac_elderly_75plus":7.4,"old_age_dependency_ratio":0.279,"has_data":true},"geometry":{"type":"Polygon","coordinates":[[[-80.224552,25.82443],[-80.216249,25.824667],[-80.21645,25.828319],[-80.212354,25.828484],[-80.208323,25.828603],[-80.206464,25.828607],[-80.206737,25.827157],[-80.206712,25.824975],[-80.206643,25.822215],[-80.208053,25.822157],[-80.208019,25.821236],[-80.21612,25.820994],[-80.224404,25.820796],[-80.224552,25.82443]]]}},{"type":"Feature","properties":{"unit_id":"12086019700","name":"Census Tract 197","native_id":"12086019700","source":"census_tract_2025","adm3_name":"Miami-Dade County","adm3_id":"12086","area_sqm":8021797,"split":false,"population":3297.0,"days_covered":18,"daytime_peak_f":101.9,"heat_anomaly_f":3.8,"extreme_pct":17.0,"nighttime_stress_f":-8.0,"daytime_peak_f_climrel":0.5437,"heat_anomaly_f_climrel":0.5437,"nighttime_stress_f_climrel":-0.3,"extreme_pct_climrel":0.425,"ref_daytime_hi_mean":98.1,"ref_daytime_hi_p95":103.5,"rwi_mean":null,"health_per_10k":0.0,"built_frac":0.164,"tree_frac":0.159,"canopy_frac_over_3m":0.113,"viirs_mean":17.6,"gdl_hdi":0.936,"gdl_region":"Florida","ghsl_smod":11,"lst_anomaly_c":-2.44,"lst_anomaly_c_climrel":0,"worldpop_pop_total":4300.0,"frac_under5":3.4,"frac_elderly_65plus":20.6,"frac_elderly_75plus":7.1,"old_age_dependency_ratio":0.316,"has_data":true},"geometry":{"type":"Polygon","coordinates":[[[-80.479522,25.624436],[-80.478998,25.624222],[-80.455641,25.625094],[-80.451276,25.625225],[-80.446984,25.625376],[-80.438837,25.625478],[-80.430709,25.625679],[-80.430366,25.618317],[-80.430186,25.614443],[-80.430016,25.611134],[-80.438158,25.61078],[-80.446477,25.610622],[-80.479065,25.609461],[-80.479522,25.624436]]]}},{"type":"Feature","properties":{"unit_id":"12086005708","name":"Census Tract 57.08","native_id":"12086005708","source":"census_tract_2025","adm3_name":"Miami-Dade County","adm3_id":"12086","area_sqm":824772,"split":false,"population":4305.515777273271,"days_covered":18,"daytime_peak_f":102.1,"heat_anomaly_f":4.6,"extreme_pct":44.0,"nighttime_stress_f":-4.1,"daytime_peak_f_climrel":0.6814,"heat_anomaly_f_climrel":0.6814,"nighttime_stress_f_climrel":-0.3,"extreme_pct_climrel":1,"ref_daytime_hi_mean":97.5,"ref_daytime_hi_p95":102.7,"rwi_mean":null,"health_per_10k":0.0,"built_frac":0.948,"tree_frac":0.039,"canopy_frac_over_3m":0.132,"viirs_mean":81.8,"gdl_hdi":0.936,"gdl_region":"Florida","ghsl_smod":30,"lst_anomaly_c":null,"lst_anomaly_c_climrel":null,"worldpop_pop_total":6758.0,"frac_under5":3.4,"frac_elderly_65plus":23.8,"frac_elderly_75plus":12.2,"old_age_dependency_ratio":0.367,"has_data":true},"geometry":{"type":"Polygon","coordinates":[[[-80.282194,25.778249],[-80.275357,25.778544],[-80.271918,25.778704],[-80.271893,25.777956],[-80.271838,25.775529],[-80.271697,25.771465],[-80.275841,25.771284],[-80.279902,25.771143],[-80.281962,25.771034],[-80.28215,25.776896],[-80.282194,25.778249]]]}},{"type":"Feature","properties":{"unit_id":"12086000144","name":"Census Tract 1.44","native_id":"12086000144","source":"census_tract_2025","adm3_name":"Miami-Dade County","adm3_id":"12086","area_sqm":673994,"split":false,"population":1167.0,"days_covered":18,"daytime_peak_f":100.4,"heat_anomaly_f":3.5,"extreme_pct":17.0,"nighttime_stress_f":-2.0,"daytime_peak_f_climrel":0.5167,"heat_anomaly_f_climrel":0.5167,"nighttime_stress_f_climrel":-0.2713,"extreme_pct_climrel":0.425,"ref_daytime_hi_mean":96.9,"ref_daytime_hi_p95":102.3,"rwi_mean":null,"health_per_10k":0.0,"built_frac":0.159,"tree_frac":0.095,"canopy_frac_over_3m":0.151,"viirs_mean":60.5,"gdl_hdi":0.936,"gdl_region":"Florida","ghsl_smod":30,"lst_anomaly_c":-3.26,"lst_anomaly_c_climrel":0,"worldpop_pop_total":802.0,"frac_under5":6.1,"frac_elderly_65plus":12.5,"frac_elderly_75plus":3.7,"old_age_dependency_ratio":0.185,"has_data":true},"geometry":{"type":"Polygon","coordinates":[[[-80.136898,25.958637],[-80.136825,25.960082],[-80.133384,25.960189],[-80.133453,25.962936],[-80.132062,25.963233],[-80.131522,25.963493],[-80.131289,25.963862],[-80.131707,25.96454],[-80.132877,25.965217],[-80.133938,25.965593],[-80.133792,25.96638],[-80.131543,25.966045],[-80.129966,25.965975],[-80.127652,25.965723],[-80.127164,25.965456],[-80.126547,25.964399],[-80.126699,25.962483],[-80.126862,25.961955],[-80.127046,25.961586],[-80.127352,25.961165],[-80.127885,25.960706],[-80.129086,25.959935],[-80.129768,25.95924],[-80.130368,25.957818],[-80.130523,25.955292],[-80.131839,25.955246],[-80.136616,25.954113],[-80.138522,25.957804],[-80.136898,25.958637]]]}},{"type":"Feature","properties":{"unit_id":"12086016100","name":"Census Tract 161","native_id":"12086016100","source":"census_tract_2025","adm3_name":"Miami-Dade County","adm3_id":"12086","area_sqm":1187565,"split":false,"population":2099.0,"days_covered":18,"daytime_peak_f":102.4,"heat_anomaly_f":4.6,"extreme_pct":33.0,"nighttime_stress_f":-5.5,"daytime_peak_f_climrel":0.6622,"heat_anomaly_f_climrel":0.6622,"nighttime_stress_f_climrel":-0.3,"extreme_pct_climrel":0.825,"ref_daytime_hi_mean":97.8,"ref_daytime_hi_p95":103.3,"rwi_mean":null,"health_per_10k":4.764173415912339,"built_frac":0.822,"tree_frac":0.027,"canopy_frac_over_3m":0.081,"viirs_mean":50.4,"gdl_hdi":0.936,"gdl_region":"Florida","ghsl_smod":30,"lst_anomaly_c":0.49,"lst_anomaly_c_climrel":0.0612,"worldpop_pop_total":3946.0,"frac_under5":3.4,"frac_elderly_65plus":25.9,"frac_elderly_75plus":12.0,"old_age_dependency_ratio":0.412,"has_data":true},"geometry":{"type":"Polygon","coordinates":[[[-80.431662,25.728577],[-80.423683,25.728941],[-80.423508,25.724057],[-80.423081,25.714111],[-80.427107,25.713986],[-80.431068,25.713879],[-80.431339,25.721194],[-80.431662,25.728577]]]}},{"type":"Feature","properties":{"unit_id":"12086009061","name":"Census Tract 90.61","native_id":"12086009061","source":"census_tract_2025","adm3_name":"Miami-Dade County","adm3_id":"12086","area_sqm":477743,"split":false,"population":4816.0,"days_covered":18,"daytime_peak_f":102.3,"heat_anomaly_f":4.1,"extreme_pct":33.0,"nighttime_stress_f":-5.1,"daytime_peak_f_climrel":0.6155,"heat_anomaly_f_climrel":0.6155,"nighttime_stress_f_climrel":-0.3,"extreme_pct_climrel":0.825,"ref_daytime_hi_mean":98.1,"ref_daytime_hi_p95":103.4,"rwi_mean":null,"health_per_10k":0.0,"built_frac":0.954,"tree_frac":0.008,"canopy_frac_over_3m":0.035,"viirs_mean":69.1,"gdl_hdi":0.936,"gdl_region":"Florida","ghsl_smod":30,"lst_anomaly_c":null,"lst_anomaly_c_climrel":null,"worldpop_pop_total":3639.0,"frac_under5":2.8,"frac_elderly_65plus":27.6,"frac_elderly_75plus":11.6,"old_age_dependency_ratio":0.442,"has_data":true},"geometry":{"type":"Polygon","coordinates":[[[-80.381576,25.775411],[-80.377633,25.77547],[-80.375898,25.775488],[-80.375598,25.775491],[-80.374951,25.768343],[-80.37703,25.768371],[-80.381025,25.768282],[-80.381318,25.772103],[-80.381576,25.775411]]]}},{"type":"Feature","properties":{"unit_id":"12086016401","name":"Census Tract 164.01","native_id":"12086016401","source":"census_tract_2025","adm3_name":"Miami-Dade County","adm3_id":"12086","area_sqm":1241596,"split":false,"population":3196.0,"days_covered":18,"daytime_peak_f":102.5,"heat_anomaly_f":4.0,"extreme_pct":28.0,"nighttime_stress_f":-7.5,"daytime_peak_f_climrel":0.5775,"heat_anomaly_f_climrel":0.5775,"nighttime_stress_f_climrel":-0.3,"extreme_pct_climrel":0.7,"ref_daytime_hi_mean":98.6,"ref_daytime_hi_p95":103.5,"rwi_mean":null,"health_per_10k":0.0,"built_frac":0.712,"tree_frac":0.038,"canopy_frac_over_3m":0.077,"viirs_mean":29.9,"gdl_hdi":0.936,"gdl_region":"Florida","ghsl_smod":30,"lst_anomaly_c":-0.97,"lst_anomaly_c_climrel":0,"worldpop_pop_total":6178.0,"frac_under5":5.5,"frac_elderly_65plus":14.2,"frac_elderly_75plus":6.6,"old_age_dependency_ratio":0.213,"has_data":true},"geometry":{"type":"Polygon","coordinates":[[[-80.463631,25.727442],[-80.455692,25.727702],[-80.447697,25.728013],[-80.447412,25.720717],[-80.455431,25.720425],[-80.463364,25.720158],[-80.463631,25.727442]]]}},{"type":"Feature","properties":{"unit_id":"12086010020","name":"Census Tract 100.20","native_id":"12086010020","source":"census_tract_2025","adm3_name":"Miami-Dade County","adm3_id":"12086","area_sqm":1348065,"split":false,"population":2755.9737002462775,"days_covered":18,"daytime_peak_f":103.3,"heat_anomaly_f":5.4,"extreme_pct":33.0,"nighttime_stress_f":-5.5,"daytime_peak_f_climrel":0.7702,"heat_anomaly_f_climrel":0.7702,"nighttime_stress_f_climrel":-0.3,"extreme_pct_climrel":0.825,"ref_daytime_hi_mean":97.9,"ref_daytime_hi_p95":103.4,"rwi_mean":null,"health_per_10k":0.0,"built_frac":0.67,"tree_frac":0.078,"canopy_frac_over_3m":0.12,"viirs_mean":38.9,"gdl_hdi":0.936,"gdl_region":"Florida","ghsl_smod":30,"lst_anomaly_c":1.07,"lst_anomaly_c_climrel":0.1338,"worldpop_pop_total":4285.0,"frac_under5":4.8,"frac_elderly_65plus":23.5,"frac_elderly_75plus":10.0,"old_age_dependency_ratio":0.374,"has_data":true},"geometry":{"type":"Polygon","coordinates":[[[-80.278447,25.962181],[-80.278266,25.964572],[-80.277824,25.964515],[-80.273115,25.962153],[-80.262269,25.961758],[-80.262051,25.954797],[-80.270057,25.954524],[-80.278209,25.954172],[-80.278331,25.958445],[-80.278447,25.962181]]]}},{"type":"Feature","properties":{"unit_id":"12086018902","name":"Census Tract 189.02","native_id":"12086018902","source":"census_tract_2025","adm3_name":"Miami-Dade County","adm3_id":"12086","area_sqm":1374964,"split":false,"population":4180.0,"days_covered":18,"daytime_peak_f":102.4,"heat_anomaly_f":4.6,"extreme_pct":33.0,"nighttime_stress_f":-5.5,"daytime_peak_f_climrel":0.6622,"heat_anomaly_f_climrel":0.6622,"nighttime_stress_f_climrel":-0.3,"extreme_pct_climrel":0.825,"ref_daytime_hi_mean":97.8,"ref_daytime_hi_p95":103.3,"rwi_mean":null,"health_per_10k":7.177033492822966,"built_frac":0.635,"tree_frac":0.265,"canopy_frac_over_3m":0.248,"viirs_mean":41.1,"gdl_hdi":0.936,"gdl_region":"Florida","ghsl_smod":30,"lst_anomaly_c":1.26,"lst_anomaly_c_climrel":0.1575,"worldpop_pop_total":3744.0,"frac_under5":4.5,"frac_elderly_65plus":24.6,"frac_elderly_75plus":8.9,"old_age_dependency_ratio":0.404,"has_data":true},"geometry":{"type":"Polygon","coordinates":[[[-80.41226,25.670931],[-80.403703,25.671222],[-80.400247,25.671325],[-80.40003,25.66571],[-80.399973,25.664097],[-80.399573,25.656836],[-80.407662,25.656536],[-80.407039,25.659091],[-80.407422,25.662992],[-80.408127,25.664727],[-80.4121,25.669545],[-80.41226,25.670931]]]}},{"type":"Feature","properties":{"unit_id":"12086980200","name":"Census Tract 9802","native_id":"12086980200","source":"census_tract_2025","adm3_name":"Miami-Dade County","adm3_id":"12086","area_sqm":5293068,"split":false,"population":2795.0,"days_covered":18,"daytime_peak_f":101.6,"heat_anomaly_f":4.2,"extreme_pct":22.0,"nighttime_stress_f":-6.1,"daytime_peak_f_climrel":0.5768,"heat_anomaly_f_climrel":0.5768,"nighttime_stress_f_climrel":-0.3,"extreme_pct_climrel":0.55,"ref_daytime_hi_mean":97.4,"ref_daytime_hi_p95":103.0,"rwi_mean":null,"health_per_10k":0.0,"built_frac":0.22,"tree_frac":0.029,"canopy_frac_over_3m":0.017,"viirs_mean":37.2,"gdl_hdi":0.936,"gdl_region":"Florida","ghsl_smod":30,"lst_anomaly_c":-0.23,"lst_anomaly_c_climrel":0,"worldpop_pop_total":null,"frac_under5":null,"frac_elderly_65plus":null,"frac_elderly_75plus":null,"old_age_dependency_ratio":null,"has_data":true},"geometry":{"type":"Polygon","coordinates":[[[-80.448306,25.654885],[-80.43203,25.655488],[-80.423849,25.655876],[-80.415821,25.656355],[-80.415576,25.648312],[-80.41473,25.641065],[-80.447226,25.6401],[-80.448306,25.654885]]]}},{"type":"Feature","properties":{"unit_id":"12086001607","name":"Census Tract 16.07","native_id":"12086001607","source":"census_tract_2025","adm3_name":"Miami-Dade County","adm3_id":"12086","area_sqm":1185623,"split":false,"population":3733.0,"days_covered":18,"daytime_peak_f":102.1,"heat_anomaly_f":4.6,"extreme_pct":44.0,"nighttime_stress_f":-4.1,"daytime_peak_f_climrel":0.6814,"heat_anomaly_f_climrel":0.6814,"nighttime_stress_f_climrel":-0.3,"extreme_pct_climrel":1,"ref_daytime_hi_mean":97.5,"ref_daytime_hi_p95":102.7,"rwi_mean":null,"health_per_10k":2.678810608090008,"built_frac":0.906,"tree_frac":0.033,"canopy_frac_over_3m":0.093,"viirs_mean":104.2,"gdl_hdi":0.936,"gdl_region":"Florida","ghsl_smod":30,"lst_anomaly_c":3.78,"lst_anomaly_c_climrel":0.4725,"worldpop_pop_total":2368.0,"frac_under5":4.1,"frac_elderly_65plus":23.6,"frac_elderly_75plus":11.3,"old_age_dependency_ratio":0.365,"has_data":true},"geometry":{"type":"Polygon","coordinates":[[[-80.264887,25.815775],[-80.265177,25.82314],[-80.258976,25.823358],[-80.258738,25.81596],[-80.258516,25.810406],[-80.258506,25.809632],[-80.258504,25.809003],[-80.25845,25.807188],[-80.258426,25.805959],[-80.261872,25.808468],[-80.271061,25.815425],[-80.264887,25.815775]]]}},{"type":"Feature","properties":{"unit_id":"12086010208","name":"Census Tract 102.08","native_id":"12086010208","source":"census_tract_2025","adm3_name":"Miami-Dade County","adm3_id":"12086","area_sqm":1073744,"split":false,"population":3907.0,"days_covered":18,"daytime_peak_f":101.6,"heat_anomaly_f":4.2,"extreme_pct":22.0,"nighttime_stress_f":-6.1,"daytime_peak_f_climrel":0.5768,"heat_anomaly_f_climrel":0.5768,"nighttime_stress_f_climrel":-0.3,"extreme_pct_climrel":0.55,"ref_daytime_hi_mean":97.4,"ref_daytime_hi_p95":103.0,"rwi_mean":null,"health_per_10k":2.559508574353724,"built_frac":0.838,"tree_frac":0.064,"canopy_frac_over_3m":0.106,"viirs_mean":58.9,"gdl_hdi":0.936,"gdl_region":"Florida","ghsl_smod":30,"lst_anomaly_c":null,"lst_anomaly_c_climrel":null,"worldpop_pop_total":5540.0,"frac_under5":5.2,"frac_elderly_65plus":22.4,"frac_elderly_75plus":9.5,"old_age_dependency_ratio":0.358,"has_data":true},"geometry":{"type":"Polygon","coordinates":[[[-80.380917,25.59759],[-80.37519,25.597868],[-80.374961,25.597883],[-80.37197,25.595376],[-80.372352,25.595301],[-80.374591,25.59489],[-80.374615,25.594131],[-80.374615,25.592257],[-80.376405,25.592222],[-80.376327,25.588469],[-80.376704,25.584874],[-80.376677,25.583523],[-80.375433,25.58344],[-80.370966,25.583454],[-80.371099,25.58253],[-80.371076,25.581013],[-80.375441,25.580947],[-80.380495,25.580884],[-80.380557,25.584244],[-80.380527,25.584832],[-80.380571,25.589802],[-80.3807,25.591007],[-80.38084,25.591782],[-80.380917,25.59759]]]}},{"type":"Feature","properties":{"unit_id":"12086005803","name":"Census Tract 58.03","native_id":"12086005803","source":"census_tract_2025","adm3_name":"Miami-Dade County","adm3_id":"12086","area_sqm":1124744,"split":false,"population":3773.735768956166,"days_covered":18,"daytime_peak_f":102.1,"heat_anomaly_f":4.6,"extreme_pct":44.0,"nighttime_stress_f":-4.1,"daytime_peak_f_climrel":0.6814,"heat_anomaly_f_climrel":0.6814,"nighttime_stress_f_climrel":-0.3,"extreme_pct_climrel":1,"ref_daytime_hi_mean":97.5,"ref_daytime_hi_p95":102.7,"rwi_mean":null,"health_per_10k":0.0,"built_frac":0.868,"tree_frac":0.092,"canopy_frac_over_3m":0.162,"viirs_mean":85.2,"gdl_hdi":0.936,"gdl_region":"Florida","ghsl_smod":30,"lst_anomaly_c":2.51,"lst_anomaly_c_climrel":0.3137,"worldpop_pop_total":5806.0,"frac_under5":3.2,"frac_elderly_65plus":28.3,"frac_elderly_75plus":14.6,"old_age_dependency_ratio":0.461,"has_data":true},"geometry":{"type":"Polygon","coordinates":[[[-80.3042,25.770498],[-80.30016,25.770566],[-80.299142,25.770586],[-80.295235,25.770646],[-80.294384,25.770676],[-80.291681,25.770714],[-80.291533,25.766148],[-80.287974,25.76625],[-80.287852,25.763563],[-80.291905,25.763441],[-80.29499,25.763344],[-80.298042,25.763258],[-80.2999,25.763205],[-80.303901,25.763099],[-80.304057,25.766823],[-80.3042,25.770498]]]}},{"type":"Feature","properties":{"unit_id":"12086000218","name":"Census Tract 2.18","native_id":"12086000218","source":"census_tract_2025","adm3_name":"Miami-Dade County","adm3_id":"12086","area_sqm":966792,"split":false,"population":1873.0,"days_covered":18,"daytime_peak_f":102.2,"heat_anomaly_f":5.4,"extreme_pct":33.0,"nighttime_stress_f":-2.9,"daytime_peak_f_climrel":0.8011,"heat_anomaly_f_climrel":0.8011,"nighttime_stress_f_climrel":-0.3,"extreme_pct_climrel":0.825,"ref_daytime_hi_mean":96.9,"ref_daytime_hi_p95":102.4,"rwi_mean":null,"health_per_10k":0.0,"built_frac":0.476,"tree_frac":0.443,"canopy_frac_over_3m":0.278,"viirs_mean":46.4,"gdl_hdi":0.936,"gdl_region":"Florida","ghsl_smod":30,"lst_anomaly_c":1.01,"lst_anomaly_c_climrel":0.1263,"worldpop_pop_total":3802.0,"frac_under5":5.5,"frac_elderly_65plus":18.4,"frac_elderly_75plus":5.9,"old_age_dependency_ratio":0.288,"has_data":true},"geometry":{"type":"Polygon","coordinates":[[[-80.187226,25.9067],[-80.183191,25.906865],[-80.179183,25.90703],[-80.175144,25.90719],[-80.171156,25.907354],[-80.174968,25.903565],[-80.175651,25.90354],[-80.178809,25.899762],[-80.18685,25.899457],[-80.187124,25.905],[-80.187226,25.9067]]]}},{"type":"Feature","properties":{"unit_id":"12086001401","name":"Census Tract 14.01","native_id":"12086001401","source":"census_tract_2025","adm3_name":"Miami-Dade County","adm3_id":"12086","area_sqm":1227177,"split":false,"population":5454.0,"days_covered":18,"daytime_peak_f":101.9,"heat_anomaly_f":5.5,"extreme_pct":39.0,"nighttime_stress_f":-3.1,"daytime_peak_f_climrel":0.8322,"heat_anomaly_f_climrel":0.8322,"nighttime_stress_f_climrel":-0.3,"extreme_pct_climrel":0.975,"ref_daytime_hi_mean":96.4,"ref_daytime_hi_p95":101.7,"rwi_mean":null,"health_per_10k":0.0,"built_frac":0.694,"tree_frac":0.228,"canopy_frac_over_3m":0.193,"viirs_mean":101.9,"gdl_hdi":0.936,"gdl_region":"Florida","ghsl_smod":30,"lst_anomaly_c":3.57,"lst_anomaly_c_climrel":0.4462,"worldpop_pop_total":5330.0,"frac_under5":6.1,"frac_elderly_65plus":20.5,"frac_elderly_75plus":8.3,"old_age_dependency_ratio":0.336,"has_data":true},"geometry":{"type":"Polygon","coordinates":[[[-80.207786,25.847101],[-80.203491,25.847252],[-80.196918,25.847433],[-80.196691,25.843746],[-80.196587,25.840039],[-80.196419,25.836333],[-80.200516,25.836208],[-80.206181,25.836075],[-80.206188,25.839746],[-80.206271,25.842167],[-80.206574,25.843426],[-80.207631,25.845986],[-80.207786,25.847101]]]}},{"type":"Feature","properties":{"unit_id":"12086007709","name":"Census Tract 77.09","native_id":"12086007709","source":"census_tract_2025","adm3_name":"Miami-Dade County","adm3_id":"12086","area_sqm":1312700,"split":false,"population":3520.0,"days_covered":18,"daytime_peak_f":102.2,"heat_anomaly_f":5.2,"extreme_pct":28.0,"nighttime_stress_f":-3.6,"daytime_peak_f_climrel":0.7489,"heat_anomaly_f_climrel":0.7489,"nighttime_stress_f_climrel":-0.3,"extreme_pct_climrel":0.7,"ref_daytime_hi_mean":97.0,"ref_daytime_hi_p95":102.0,"rwi_mean":null,"health_per_10k":8.522727272727272,"built_frac":0.827,"tree_frac":0.113,"canopy_frac_over_3m":0.156,"viirs_mean":75.9,"gdl_hdi":0.936,"gdl_region":"Florida","ghsl_smod":30,"lst_anomaly_c":0.49,"lst_anomaly_c_climrel":0.0612,"worldpop_pop_total":3553.0,"frac_under5":3.6,"frac_elderly_65plus":26.9,"frac_elderly_75plus":13.3,"old_age_dependency_ratio":0.452,"has_data":true},"geometry":{"type":"Polygon","coordinates":[[[-80.335781,25.736733],[-80.335741,25.740388],[-80.335734,25.741697],[-80.335656,25.747633],[-80.327658,25.747622],[-80.327594,25.742687],[-80.327569,25.740597],[-80.32756,25.738783],[-80.327523,25.736948],[-80.327463,25.733291],[-80.33582,25.733092],[-80.335781,25.736733]]]}},{"type":"Feature","properties":{"unit_id":"12086009200","name":"Census Tract 92","native_id":"12086009200","source":"census_tract_2025","adm3_name":"Miami-Dade County","adm3_id":"12086","area_sqm":1164361,"split":false,"population":4094.0,"days_covered":18,"daytime_peak_f":102.6,"heat_anomaly_f":4.5,"extreme_pct":28.0,"nighttime_stress_f":-4.7,"daytime_peak_f_climrel":0.6666,"heat_anomaly_f_climrel":0.6666,"nighttime_stress_f_climrel":-0.3,"extreme_pct_climrel":0.7,"ref_daytime_hi_mean":98.0,"ref_daytime_hi_p95":103.2,"rwi_mean":null,"health_per_10k":0.0,"built_frac":0.846,"tree_frac":0.032,"canopy_frac_over_3m":0.114,"viirs_mean":73.5,"gdl_hdi":0.936,"gdl_region":"Florida","ghsl_smod":30,"lst_anomaly_c":0.41,"lst_anomaly_c_climrel":0.0512,"worldpop_pop_total":2887.0,"frac_under5":2.9,"frac_elderly_65plus":28.2,"frac_elderly_75plus":14.2,"old_age_dependency_ratio":0.459,"has_data":true},"geometry":{"type":"Polygon","coordinates":[[[-80.299523,25.884312],[-80.295506,25.884337],[-80.291262,25.884341],[-80.29117,25.881201],[-80.291019,25.877047],[-80.290952,25.875535],[-80.290756,25.870908],[-80.292903,25.870208],[-80.295647,25.870222],[-80.298897,25.870199],[-80.298966,25.87272],[-80.299071,25.87344],[-80.299166,25.877049],[-80.299523,25.884312]]]}},{"type":"Feature","properties":{"unit_id":"12086017902","name":"Census Tract 179.02","native_id":"12086017902","source":"census_tract_2025","adm3_name":"Miami-Dade County","adm3_id":"12086","area_sqm":1249059,"split":false,"population":4162.0,"days_covered":18,"daytime_peak_f":102.5,"heat_anomaly_f":4.0,"extreme_pct":28.0,"nighttime_stress_f":-7.5,"daytime_peak_f_climrel":0.5775,"heat_anomaly_f_climrel":0.5775,"nighttime_stress_f_climrel":-0.3,"extreme_pct_climrel":0.7,"ref_daytime_hi_mean":98.6,"ref_daytime_hi_p95":103.5,"rwi_mean":null,"health_per_10k":0.0,"built_frac":0.752,"tree_frac":0.075,"canopy_frac_over_3m":0.169,"viirs_mean":49.7,"gdl_hdi":0.936,"gdl_region":"Florida","ghsl_smod":30,"lst_anomaly_c":1.72,"lst_anomaly_c_climrel":0.215,"worldpop_pop_total":5102.0,"frac_under5":3.4,"frac_elderly_65plus":22.4,"frac_elderly_75plus":9.8,"old_age_dependency_ratio":0.343,"has_data":true},"geometry":{"type":"Polygon","coordinates":[[[-80.454536,25.698589],[-80.446537,25.698879],[-80.446297,25.692442],[-80.446121,25.687232],[-80.446101,25.686707],[-80.446009,25.68445],[-80.449358,25.684308],[-80.454074,25.684142],[-80.454145,25.686429],[-80.454262,25.691453],[-80.454415,25.694379],[-80.454536,25.698589]]]}},{"type":"Feature","properties":{"unit_id":"12086005805","name":"Census Tract 58.05","native_id":"12086005805","source":"census_tract_2025","adm3_name":"Miami-Dade County","adm3_id":"12086","area_sqm":663859,"split":false,"population":3327.0,"days_covered":18,"daytime_peak_f":102.1,"heat_anomaly_f":4.6,"extreme_pct":44.0,"nighttime_stress_f":-4.1,"daytime_peak_f_climrel":0.6814,"heat_anomaly_f_climrel":0.6814,"nighttime_stress_f_climrel":-0.3,"extreme_pct_climrel":1,"ref_daytime_hi_mean":97.5,"ref_daytime_hi_p95":102.7,"rwi_mean":null,"health_per_10k":3.0057108506161705,"built_frac":0.875,"tree_frac":0.116,"canopy_frac_over_3m":0.179,"viirs_mean":66.7,"gdl_hdi":0.936,"gdl_region":"Florida","ghsl_smod":30,"lst_anomaly_c":2.81,"lst_anomaly_c_climrel":0.3513,"worldpop_pop_total":2398.0,"frac_under5":3.7,"frac_elderly_65plus":28.2,"frac_elderly_75plus":15.5,"old_age_dependency_ratio":0.465,"has_data":true},"geometry":{"type":"Polygon","coordinates":[[[-80.279902,25.771143],[-80.275841,25.771284],[-80.271697,25.771465],[-80.271464,25.76417],[-80.273315,25.764094],[-80.275615,25.764011],[-80.279259,25.763889],[-80.279662,25.763869],[-80.279902,25.771143]]]}},{"type":"Feature","properties":{"unit_id":"12086000128","name":"Census Tract 1.28","native_id":"12086000128","source":"census_tract_2025","adm3_name":"Miami-Dade County","adm3_id":"12086","area_sqm":1183119,"split":false,"population":6339.0,"days_covered":18,"daytime_peak_f":102.4,"heat_anomaly_f":5.5,"extreme_pct":33.0,"nighttime_stress_f":-3.2,"daytime_peak_f_climrel":0.8247,"heat_anomaly_f_climrel":0.8247,"nighttime_stress_f_climrel":-0.3,"extreme_pct_climrel":0.825,"ref_daytime_hi_mean":96.9,"ref_daytime_hi_p95":102.4,"rwi_mean":null,"health_per_10k":1.5775358889414735,"built_frac":0.465,"tree_frac":0.084,"canopy_frac_over_3m":0.197,"viirs_mean":56.6,"gdl_hdi":0.936,"gdl_region":"Florida","ghsl_smod":30,"lst_anomaly_c":-3.17,"lst_anomaly_c_climrel":0,"worldpop_pop_total":5776.0,"frac_under5":4.3,"frac_elderly_65plus":18.4,"frac_elderly_75plus":6.3,"old_age_dependency_ratio":0.271,"has_data":true},"geometry":{"type":"Polygon","coordinates":[[[-80.15604,25.929741],[-80.152652,25.933261],[-80.151947,25.934737],[-80.151487,25.93573],[-80.150858,25.937721],[-80.150599,25.937734],[-80.149937,25.937769],[-80.149778,25.938267],[-80.148224,25.937882],[-80.147952,25.931222],[-80.140773,25.93811],[-80.140328,25.938135],[-80.140983,25.935602],[-80.141656,25.931379],[-80.137029,25.932321],[-80.130435,25.932908],[-80.130336,25.930271],[-80.130973,25.930212],[-80.130466,25.929818],[-80.130734,25.929832],[-80.132129,25.929803],[-80.134751,25.928781],[-80.13975,25.926465],[-80.14414,25.926246],[-80.149351,25.92598],[-80.150576,25.925916],[-80.153735,25.926117],[-80.15425,25.926124],[-80.15594,25.926108],[-80.156048,25.928684],[-80.15604,25.929741]]]}},{"type":"Feature","properties":{"unit_id":"12086003918","name":"Census Tract 39.18","native_id":"12086003918","source":"census_tract_2025","adm3_name":"Miami-Dade County","adm3_id":"12086","area_sqm":351891,"split":false,"population":310.0,"days_covered":18,"daytime_peak_f":102.2,"heat_anomaly_f":5.4,"extreme_pct":33.0,"nighttime_stress_f":-2.9,"daytime_peak_f_climrel":0.8011,"heat_anomaly_f_climrel":0.8011,"nighttime_stress_f_climrel":-0.3,"extreme_pct_climrel":0.825,"ref_daytime_hi_mean":96.9,"ref_daytime_hi_p95":102.4,"rwi_mean":null,"health_per_10k":0.0,"built_frac":0.262,"tree_frac":0.033,"canopy_frac_over_3m":0.064,"viirs_mean":37.6,"gdl_hdi":0.936,"gdl_region":"Florida","ghsl_smod":30,"lst_anomaly_c":-7.05,"lst_anomaly_c_climrel":0,"worldpop_pop_total":3590.0,"frac_under5":4.5,"frac_elderly_65plus":13.4,"frac_elderly_75plus":4.4,"old_age_dependency_ratio":0.179,"has_data":true},"geometry":{"type":"Polygon","coordinates":[[[-80.16138,25.855786],[-80.153368,25.856073],[-80.148968,25.852573],[-80.148508,25.852174],[-80.14508,25.84926],[-80.145833,25.848732],[-80.148464,25.849489],[-80.148466,25.849567],[-80.154277,25.849321],[-80.155547,25.850455],[-80.155485,25.848593],[-80.156992,25.848554],[-80.156817,25.844175],[-80.157086,25.843964],[-80.15962,25.843883],[-80.160042,25.844121],[-80.160214,25.848443],[-80.161107,25.848432],[-80.16138,25.855786]]]}},{"type":"Feature","properties":{"unit_id":"12086003921","name":"Census Tract 39.21","native_id":"12086003921","source":"census_tract_2025","adm3_name":"Miami-Dade County","adm3_id":"12086","area_sqm":317086,"split":false,"population":1111.0,"days_covered":18,"daytime_peak_f":102.9,"heat_anomaly_f":6.1,"extreme_pct":44.0,"nighttime_stress_f":-3.1,"daytime_peak_f_climrel":0.9278,"heat_anomaly_f_climrel":0.9278,"nighttime_stress_f_climrel":-0.3,"extreme_pct_climrel":1,"ref_daytime_hi_mean":96.9,"ref_daytime_hi_p95":102.1,"rwi_mean":null,"health_per_10k":0.0,"built_frac":0.726,"tree_frac":0.016,"canopy_frac_over_3m":0.098,"viirs_mean":56.3,"gdl_hdi":0.936,"gdl_region":"Florida","ghsl_smod":30,"lst_anomaly_c":-3.18,"lst_anomaly_c_climrel":0,"worldpop_pop_total":4013.0,"frac_under5":3.4,"frac_elderly_65plus":34.1,"frac_elderly_75plus":15.9,"old_age_dependency_ratio":0.603,"has_data":true},"geometry":{"type":"Polygon","coordinates":[[[-80.1214,25.841066],[-80.120646,25.842725],[-80.120717,25.843744],[-80.12075,25.844557],[-80.120237,25.845671],[-80.120324,25.850601],[-80.120342,25.851285],[-80.1188553164362,25.851304968886],[-80.118793,25.845661],[-80.1188409063502,25.8444279948692],[-80.1188684235153,25.8437197629621],[-80.1189718496341,25.8410577998912],[-80.118974155141,25.8409984611644],[-80.1190496083725,25.8390564592955],[-80.1192131545096,25.8348471378719],[-80.120805,25.834852],[-80.120858,25.837101],[-80.121007,25.839065],[-80.121111,25.840427],[-80.1214,25.841066]]]}},{"type":"Feature","properties":{"unit_id":"12086000717","name":"Census Tract 7.17","native_id":"12086000717","source":"census_tract_2025","adm3_name":"Miami-Dade County","adm3_id":"12086","area_sqm":948144,"split":false,"population":3124.0,"days_covered":18,"daytime_peak_f":102.6,"heat_anomaly_f":4.5,"extreme_pct":28.0,"nighttime_stress_f":-4.7,"daytime_peak_f_climrel":0.6666,"heat_anomaly_f_climrel":0.6666,"nighttime_stress_f_climrel":-0.3,"extreme_pct_climrel":0.7,"ref_daytime_hi_mean":98.0,"ref_daytime_hi_p95":103.2,"rwi_mean":null,"health_per_10k":0.0,"built_frac":0.873,"tree_frac":0.027,"canopy_frac_over_3m":0.114,"viirs_mean":73.8,"gdl_hdi":0.936,"gdl_region":"Florida","ghsl_smod":30,"lst_anomaly_c":3.03,"lst_anomaly_c_climrel":0.3787,"worldpop_pop_total":2267.0,"frac_under5":3.2,"frac_elderly_65plus":32.6,"frac_elderly_75plus":18.4,"old_age_dependency_ratio":0.574,"has_data":true},"geometry":{"type":"Polygon","coordinates":[[[-80.298696,25.862538],[-80.291025,25.862529],[-80.290677,25.862946],[-80.290625,25.861101],[-80.290294,25.855316],[-80.290179,25.851776],[-80.290155,25.848014],[-80.294263,25.848007],[-80.294462,25.855256],[-80.298488,25.85526],[-80.298541,25.857085],[-80.298548,25.857419],[-80.298696,25.862538]]]}},{"type":"Feature","properties":{"unit_id":"12086004304","name":"Census Tract 43.04","native_id":"12086004304","source":"census_tract_2025","adm3_name":"Miami-Dade County","adm3_id":"12086","area_sqm":493718,"split":false,"population":3683.7500281182506,"days_covered":18,"daytime_peak_f":102.9,"heat_anomaly_f":6.1,"extreme_pct":44.0,"nighttime_stress_f":-3.1,"daytime_peak_f_climrel":0.9278,"heat_anomaly_f_climrel":0.9278,"nighttime_stress_f_climrel":-0.3,"extreme_pct_climrel":1,"ref_daytime_hi_mean":96.9,"ref_daytime_hi_p95":102.1,"rwi_mean":null,"health_per_10k":8.143875065085437,"built_frac":0.77,"tree_frac":0.119,"canopy_frac_over_3m":0.252,"viirs_mean":145.5,"gdl_hdi":0.936,"gdl_region":"Florida","ghsl_smod":30,"lst_anomaly_c":0.44,"lst_anomaly_c_climrel":0.055,"worldpop_pop_total":2437.0,"frac_under5":2.8,"frac_elderly_65plus":17.0,"frac_elderly_75plus":8.3,"old_age_dependency_ratio":0.225,"has_data":true},"geometry":{"type":"Polygon","coordinates":[[[-80.143545,25.787301],[-80.141123,25.78734],[-80.1387,25.787399],[-80.136463,25.787458],[-80.134205,25.787507],[-80.133026,25.787548],[-80.132957,25.785388],[-80.134153,25.785362],[-80.136387,25.78529],[-80.136323,25.782838],[-80.136299,25.781876],[-80.136235,25.780629],[-80.140896,25.780522],[-80.140967,25.782743],[-80.141057,25.785195],[-80.143522,25.785124],[-80.143545,25.787301]]]}},{"type":"Feature","properties":{"unit_id":"12086007200","name":"Census Tract 72","native_id":"12086007200","source":"census_tract_2025","adm3_name":"Miami-Dade County","adm3_id":"12086","area_sqm":910919,"split":false,"population":2669.0,"days_covered":18,"daytime_peak_f":102.2,"heat_anomaly_f":5.2,"extreme_pct":28.0,"nighttime_stress_f":-3.6,"daytime_peak_f_climrel":0.7489,"heat_anomaly_f_climrel":0.7489,"nighttime_stress_f_climrel":-0.3,"extreme_pct_climrel":0.7,"ref_daytime_hi_mean":97.0,"ref_daytime_hi_p95":102.0,"rwi_mean":null,"health_per_10k":0.0,"built_frac":0.532,"tree_frac":0.414,"canopy_frac_over_3m":0.339,"viirs_mean":78.2,"gdl_hdi":0.936,"gdl_region":"Florida","ghsl_smod":30,"lst_anomaly_c":-0.03,"lst_anomaly_c_climrel":0,"worldpop_pop_total":2866.0,"frac_under5":5.6,"frac_elderly_65plus":21.4,"frac_elderly_75plus":8.4,"old_age_dependency_ratio":0.34,"has_data":true},"geometry":{"type":"Polygon","coordinates":[[[-80.261687,25.726526],[-80.260372,25.727416],[-80.257869,25.729372],[-80.255865,25.731289],[-80.255099,25.73164],[-80.253892,25.732652],[-80.253808,25.731368],[-80.253711,25.729749],[-80.251397,25.729797],[-80.24992,25.72779],[-80.249614,25.727813],[-80.245489,25.727954],[-80.243746,25.72672],[-80.244153,25.726383],[-80.246299,25.723659],[-80.247022,25.724767],[-80.24952,25.724905],[-80.249522,25.724079],[-80.253417,25.723978],[-80.253438,25.724446],[-80.257613,25.724258],[-80.261552,25.723607],[-80.261615,25.724829],[-80.261687,25.726526]]]}},{"type":"Feature","properties":{"unit_id":"12086015600","name":"Census Tract 156","native_id":"12086015600","source":"census_tract_2025","adm3_name":"Miami-Dade County","adm3_id":"12086","area_sqm":1014537,"split":false,"population":4711.0,"days_covered":18,"daytime_peak_f":102.4,"heat_anomaly_f":4.6,"extreme_pct":33.0,"nighttime_stress_f":-5.5,"daytime_peak_f_climrel":0.6622,"heat_anomaly_f_climrel":0.6622,"nighttime_stress_f_climrel":-0.3,"extreme_pct_climrel":0.825,"ref_daytime_hi_mean":97.8,"ref_daytime_hi_p95":103.3,"rwi_mean":null,"health_per_10k":2.1226915729144555,"built_frac":0.664,"tree_frac":0.136,"canopy_frac_over_3m":0.146,"viirs_mean":60.7,"gdl_hdi":0.936,"gdl_region":"Florida","ghsl_smod":30,"lst_anomaly_c":1.12,"lst_anomaly_c_climrel":0.14,"worldpop_pop_total":5140.0,"frac_under5":4.1,"frac_elderly_65plus":20.6,"frac_elderly_75plus":8.3,"old_age_dependency_ratio":0.31,"has_data":true},"geometry":{"type":"Polygon","coordinates":[[[-80.383499,25.706784],[-80.383709,25.715147],[-80.382869,25.714919],[-80.382639,25.710599],[-80.382237,25.710204],[-80.377861,25.707916],[-80.374415,25.706135],[-80.367883,25.702751],[-80.366206,25.701895],[-80.364678,25.701142],[-80.366155,25.701101],[-80.372209,25.700876],[-80.376785,25.700721],[-80.380969,25.700587],[-80.382122,25.700702],[-80.383801,25.700875],[-80.383499,25.706784]]]}},{"type":"Feature","properties":{"unit_id":"12086007403","name":"Census Tract 74.03","native_id":"12086007403","source":"census_tract_2025","adm3_name":"Miami-Dade County","adm3_id":"12086","area_sqm":1673627,"split":false,"population":8468.0,"days_covered":18,"daytime_peak_f":102.2,"heat_anomaly_f":5.2,"extreme_pct":28.0,"nighttime_stress_f":-3.6,"daytime_peak_f_climrel":0.7489,"heat_anomaly_f_climrel":0.7489,"nighttime_stress_f_climrel":-0.3,"extreme_pct_climrel":0.7,"ref_daytime_hi_mean":97.0,"ref_daytime_hi_p95":102.0,"rwi_mean":null,"health_per_10k":1.1809163911195089,"built_frac":0.516,"tree_frac":0.402,"canopy_frac_over_3m":0.317,"viirs_mean":71.7,"gdl_hdi":0.936,"gdl_region":"Florida","ghsl_smod":30,"lst_anomaly_c":-0.05,"lst_anomaly_c_climrel":0,"worldpop_pop_total":3151.0,"frac_under5":4.4,"frac_elderly_65plus":20.9,"frac_elderly_75plus":8.2,"old_age_dependency_ratio":0.321,"has_data":true},"geometry":{"type":"Polygon","coordinates":[[[-80.273637,25.734353],[-80.266123,25.734616],[-80.264267,25.734702],[-80.262094,25.734787],[-80.260074,25.734837],[-80.25803,25.734922],[-80.257918,25.73218],[-80.255865,25.731289],[-80.257869,25.729372],[-80.260372,25.727416],[-80.261687,25.726526],[-80.270888,25.719387],[-80.272194,25.720896],[-80.272595,25.722261],[-80.27138,25.726422],[-80.271406,25.726991],[-80.272239,25.731455],[-80.273637,25.734353]]]}},{"type":"Feature","properties":{"unit_id":"12086018002","name":"Census Tract 180.02","native_id":"12086018002","source":"census_tract_2025","adm3_name":"Miami-Dade County","adm3_id":"12086","area_sqm":613610,"split":false,"population":1901.0,"days_covered":18,"daytime_peak_f":102.5,"heat_anomaly_f":4.0,"extreme_pct":28.0,"nighttime_stress_f":-7.5,"daytime_peak_f_climrel":0.5775,"heat_anomaly_f_climrel":0.5775,"nighttime_stress_f_climrel":-0.3,"extreme_pct_climrel":0.7,"ref_daytime_hi_mean":98.6,"ref_daytime_hi_p95":103.5,"rwi_mean":null,"health_per_10k":0.0,"built_frac":0.729,"tree_frac":0.131,"canopy_frac_over_3m":0.158,"viirs_mean":34.3,"gdl_hdi":0.936,"gdl_region":"Florida","ghsl_smod":30,"lst_anomaly_c":1.96,"lst_anomaly_c_climrel":0.245,"worldpop_pop_total":3425.0,"frac_under5":3.8,"frac_elderly_65plus":15.8,"frac_elderly_75plus":6.3,"old_age_dependency_ratio":0.224,"has_data":true},"geometry":{"type":"Polygon","coordinates":[[[-80.465442,25.676519],[-80.457414,25.67679],[-80.457533,25.67507],[-80.457499,25.673818],[-80.457455,25.669476],[-80.461553,25.669365],[-80.465575,25.669231],[-80.465442,25.676519]]]}},{"type":"Feature","properties":{"unit_id":"12086000715","name":"Census Tract 7.15","native_id":"12086000715","source":"census_tract_2025","adm3_name":"Miami-Dade County","adm3_id":"12086","area_sqm":565109,"split":false,"population":3540.0,"days_covered":18,"daytime_peak_f":102.6,"heat_anomaly_f":4.5,"extreme_pct":28.0,"nighttime_stress_f":-4.7,"daytime_peak_f_climrel":0.6666,"heat_anomaly_f_climrel":0.6666,"nighttime_stress_f_climrel":-0.3,"extreme_pct_climrel":0.7,"ref_daytime_hi_mean":98.0,"ref_daytime_hi_p95":103.2,"rwi_mean":null,"health_per_10k":2.824858757062147,"built_frac":0.913,"tree_frac":0.033,"canopy_frac_over_3m":0.102,"viirs_mean":112.3,"gdl_hdi":0.936,"gdl_region":"Florida","ghsl_smod":30,"lst_anomaly_c":4.33,"lst_anomaly_c_climrel":0.5413,"worldpop_pop_total":4240.0,"frac_under5":4.1,"frac_elderly_65plus":25.5,"frac_elderly_75plus":12.3,"old_age_dependency_ratio":0.414,"has_data":true},"geometry":{"type":"Polygon","coordinates":[[[-80.306846,25.866607],[-80.298806,25.866642],[-80.298696,25.862538],[-80.303641,25.862514],[-80.303745,25.859858],[-80.304343,25.857075],[-80.303559,25.856237],[-80.303233,25.855259],[-80.306538,25.855245],[-80.30665,25.859867],[-80.306733,25.862506],[-80.306762,25.863956],[-80.306846,25.866607]]]}},{"type":"Feature","properties":{"unit_id":"12086000213","name":"Census Tract 2.13","native_id":"12086000213","source":"census_tract_2025","adm3_name":"Miami-Dade County","adm3_id":"12086","area_sqm":1564555,"split":false,"population":5593.0,"days_covered":18,"daytime_peak_f":102.2,"heat_anomaly_f":5.4,"extreme_pct":33.0,"nighttime_stress_f":-2.9,"daytime_peak_f_climrel":0.8011,"heat_anomaly_f_climrel":0.8011,"nighttime_stress_f_climrel":-0.3,"extreme_pct_climrel":0.825,"ref_daytime_hi_mean":96.9,"ref_daytime_hi_p95":102.4,"rwi_mean":null,"health_per_10k":1.7879492222420883,"built_frac":0.648,"tree_frac":0.207,"canopy_frac_over_3m":0.175,"viirs_mean":75.7,"gdl_hdi":0.936,"gdl_region":"Florida","ghsl_smod":30,"lst_anomaly_c":1.52,"lst_anomaly_c_climrel":0.19,"worldpop_pop_total":6201.0,"frac_under5":7.1,"frac_elderly_65plus":17.6,"frac_elderly_75plus":6.2,"old_age_dependency_ratio":0.292,"has_data":true},"geometry":{"type":"Polygon","coordinates":[[[-80.193051,25.941565],[-80.186214,25.947279],[-80.185712,25.947666],[-80.185097,25.94736],[-80.184279,25.946606],[-80.182345,25.945266],[-80.181799,25.944903],[-80.180489,25.943917],[-80.180333,25.943611],[-80.180802,25.943329],[-80.180592,25.938133],[-80.180578,25.937694],[-80.180529,25.936309],[-80.180338,25.931677],[-80.180231,25.928929],[-80.182897,25.928668],[-80.184244,25.928755],[-80.188268,25.928587],[-80.188481,25.933178],[-80.188655,25.937738],[-80.188764,25.940529],[-80.188785,25.941199],[-80.188792,25.941449],[-80.189888,25.941431],[-80.192243,25.941343],[-80.193009,25.941546],[-80.193051,25.941565]]]}},{"type":"Feature","properties":{"unit_id":"12086010806","name":"Census Tract 108.06","native_id":"12086010806","source":"census_tract_2025","adm3_name":"Miami-Dade County","adm3_id":"12086","area_sqm":1071683,"split":false,"population":1571.0,"days_covered":18,"daytime_peak_f":101.3,"heat_anomaly_f":3.8,"extreme_pct":28.0,"nighttime_stress_f":-6.7,"daytime_peak_f_climrel":0.5456,"heat_anomaly_f_climrel":0.5456,"nighttime_stress_f_climrel":-0.3,"extreme_pct_climrel":0.7,"ref_daytime_hi_mean":97.6,"ref_daytime_hi_p95":102.6,"rwi_mean":null,"health_per_10k":0.0,"built_frac":0.518,"tree_frac":0.11,"canopy_frac_over_3m":0.103,"viirs_mean":57.1,"gdl_hdi":0.936,"gdl_region":"Florida","ghsl_smod":30,"lst_anomaly_c":-0.39,"lst_anomaly_c_climrel":0,"worldpop_pop_total":5185.0,"frac_under5":7.7,"frac_elderly_65plus":9.3,"frac_elderly_75plus":3.1,"old_age_dependency_ratio":0.142,"has_data":true},"geometry":{"type":"Polygon","coordinates":[[[-80.420747,25.507222],[-80.420058,25.50746],[-80.418663,25.509332],[-80.417867,25.513155],[-80.415992,25.514253],[-80.412517,25.514369],[-80.412492,25.510367],[-80.41233,25.499582],[-80.414768,25.499552],[-80.417249,25.499523],[-80.419011,25.49957],[-80.419036,25.501051],[-80.420433,25.503269],[-80.420746,25.503925],[-80.42088,25.507166],[-80.420747,25.507222]]]}},{"type":"Feature","properties":{"unit_id":"12086000712","name":"Census Tract 7.12","native_id":"12086000712","source":"census_tract_2025","adm3_name":"Miami-Dade County","adm3_id":"12086","area_sqm":971086,"split":false,"population":2959.0,"days_covered":18,"daytime_peak_f":102.1,"heat_anomaly_f":4.6,"extreme_pct":44.0,"nighttime_stress_f":-4.1,"daytime_peak_f_climrel":0.6814,"heat_anomaly_f_climrel":0.6814,"nighttime_stress_f_climrel":-0.3,"extreme_pct_climrel":1,"ref_daytime_hi_mean":97.5,"ref_daytime_hi_p95":102.7,"rwi_mean":null,"health_per_10k":0.0,"built_frac":0.943,"tree_frac":0.022,"canopy_frac_over_3m":0.063,"viirs_mean":93.0,"gdl_hdi":0.936,"gdl_region":"Florida","ghsl_smod":30,"lst_anomaly_c":2.08,"lst_anomaly_c_climrel":0.26,"worldpop_pop_total":2567.0,"frac_under5":5.0,"frac_elderly_65plus":20.1,"frac_elderly_75plus":9.6,"old_age_dependency_ratio":0.303,"has_data":true},"geometry":{"type":"Polygon","coordinates":[[[-80.302118,25.84109],[-80.295339,25.841273],[-80.289954,25.840583],[-80.289634,25.830294],[-80.289775,25.829683],[-80.289929,25.829508],[-80.295339,25.833465],[-80.297555,25.835038],[-80.304089,25.839986],[-80.302118,25.84109]]]}},{"type":"Feature","properties":{"unit_id":"12086006719","name":"Census Tract 67.19","native_id":"12086006719","source":"census_tract_2025","adm3_name":"Miami-Dade County","adm3_id":"12086","area_sqm":69923,"split":false,"population":1521.812038324639,"days_covered":18,"daytime_peak_f":101.9,"heat_anomaly_f":5.5,"extreme_pct":39.0,"nighttime_stress_f":-3.1,"daytime_peak_f_climrel":0.8322,"heat_anomaly_f_climrel":0.8322,"nighttime_stress_f_climrel":-0.3,"extreme_pct_climrel":0.975,"ref_daytime_hi_mean":96.4,"ref_daytime_hi_p95":101.7,"rwi_mean":null,"health_per_10k":0.0,"built_frac":0.93,"tree_frac":0.009,"canopy_frac_over_3m":0.111,"viirs_mean":254.7,"gdl_hdi":0.936,"gdl_region":"Florida","ghsl_smod":30,"lst_anomaly_c":-2.49,"lst_anomaly_c_climrel":0,"worldpop_pop_total":5320.0,"frac_under5":2.6,"frac_elderly_65plus":3.1,"frac_elderly_75plus":0.9,"old_age_dependency_ratio":0.033,"has_data":true},"geometry":{"type":"Polygon","coordinates":[[[-80.195491,25.76635],[-80.193313,25.766414],[-80.193281,25.76545],[-80.193233,25.764492],[-80.193208,25.76351],[-80.195402,25.76347],[-80.195412,25.76441],[-80.195429,25.765404],[-80.195491,25.76635]]]}},{"type":"Feature","properties":{"unit_id":"12086001402","name":"Census Tract 14.02","native_id":"12086001402","source":"census_tract_2025","adm3_name":"Miami-Dade County","adm3_id":"12086","area_sqm":1182337,"split":false,"population":3232.0,"days_covered":18,"daytime_peak_f":101.9,"heat_anomaly_f":5.5,"extreme_pct":39.0,"nighttime_stress_f":-3.1,"daytime_peak_f_climrel":0.8322,"heat_anomaly_f_climrel":0.8322,"nighttime_stress_f_climrel":-0.3,"extreme_pct_climrel":0.975,"ref_daytime_hi_mean":96.4,"ref_daytime_hi_p95":101.7,"rwi_mean":null,"health_per_10k":6.188118811881188,"built_frac":0.744,"tree_frac":0.208,"canopy_frac_over_3m":0.171,"viirs_mean":110.9,"gdl_hdi":0.936,"gdl_region":"Florida","ghsl_smod":30,"lst_anomaly_c":3.69,"lst_anomaly_c_climrel":0.4612,"worldpop_pop_total":5300.0,"frac_under5":5.2,"frac_elderly_65plus":20.6,"frac_elderly_75plus":6.8,"old_age_dependency_ratio":0.318,"has_data":true},"geometry":{"type":"Polygon","coordinates":[[[-80.197098,25.853025],[-80.195077,25.853076],[-80.19302,25.853519],[-80.188806,25.852952],[-80.188377,25.85238],[-80.188848,25.850838],[-80.188753,25.847706],[-80.18835,25.840243],[-80.192513,25.840159],[-80.196587,25.840039],[-80.196691,25.843746],[-80.196918,25.847433],[-80.196928,25.847903],[-80.197028,25.85113],[-80.197087,25.852546],[-80.197098,25.853025]]]}},{"type":"Feature","properties":{"unit_id":"12086003922","name":"Census Tract 39.22","native_id":"12086003922","source":"census_tract_2025","adm3_name":"Miami-Dade County","adm3_id":"12086","area_sqm":291669,"split":false,"population":1104.0,"days_covered":18,"daytime_peak_f":102.9,"heat_anomaly_f":6.1,"extreme_pct":44.0,"nighttime_stress_f":-3.1,"daytime_peak_f_climrel":0.9278,"heat_anomaly_f_climrel":0.9278,"nighttime_stress_f_climrel":-0.3,"extreme_pct_climrel":1,"ref_daytime_hi_mean":96.9,"ref_daytime_hi_p95":102.1,"rwi_mean":null,"health_per_10k":0.0,"built_frac":0.749,"tree_frac":0.008,"canopy_frac_over_3m":0.08,"viirs_mean":52.2,"gdl_hdi":0.936,"gdl_region":"Florida","ghsl_smod":30,"lst_anomaly_c":-4.28,"lst_anomaly_c_climrel":0,"worldpop_pop_total":2053.0,"frac_under5":3.2,"frac_elderly_65plus":34.1,"frac_elderly_75plus":15.6,"old_age_dependency_ratio":0.615,"has_data":true},"geometry":{"type":"Polygon","coordinates":[[[-80.121888,25.82598],[-80.122011,25.828754],[-80.122108,25.82974],[-80.121663,25.83243],[-80.120896,25.83413],[-80.120805,25.834852],[-80.1192131545096,25.8348471378719],[-80.1193126671515,25.8322858991746],[-80.1193423530527,25.8315218487233],[-80.1194249142198,25.8293969040712],[-80.119491,25.827696],[-80.1198080532113,25.8246661249804],[-80.1199317770637,25.8234837751533],[-80.122367,25.8236],[-80.121888,25.82598]]]}},{"type":"Feature","properties":{"unit_id":"12086009319","name":"Census Tract 93.19","native_id":"12086009319","source":"census_tract_2025","adm3_name":"Miami-Dade County","adm3_id":"12086","area_sqm":1751308,"split":false,"population":3725.0,"days_covered":18,"daytime_peak_f":102.6,"heat_anomaly_f":4.5,"extreme_pct":28.0,"nighttime_stress_f":-4.7,"daytime_peak_f_climrel":0.6666,"heat_anomaly_f_climrel":0.6666,"nighttime_stress_f_climrel":-0.3,"extreme_pct_climrel":0.7,"ref_daytime_hi_mean":98.0,"ref_daytime_hi_p95":103.2,"rwi_mean":null,"health_per_10k":0.0,"built_frac":0.36,"tree_frac":0.223,"canopy_frac_over_3m":0.233,"viirs_mean":54.5,"gdl_hdi":0.936,"gdl_region":"Florida","ghsl_smod":30,"lst_anomaly_c":-0.79,"lst_anomaly_c_climrel":0,"worldpop_pop_total":3960.0,"frac_under5":3.9,"frac_elderly_65plus":22.1,"frac_elderly_75plus":10.1,"old_age_dependency_ratio":0.339,"has_data":true},"geometry":{"type":"Polygon","coordinates":[[[-80.324866,25.920883],[-80.323032,25.923459],[-80.321861,25.924106],[-80.32055,25.92445],[-80.309394,25.92467],[-80.309103,25.918016],[-80.309722,25.918023],[-80.312595,25.915441],[-80.313901,25.913845],[-80.313486,25.911029],[-80.316804,25.909989],[-80.318476,25.909914],[-80.320062,25.9107],[-80.321127,25.911674],[-80.32281,25.913054],[-80.324858,25.913311],[-80.32513,25.919698],[-80.324866,25.920883]]]}},{"type":"Feature","properties":{"unit_id":"12086006104","name":"Census Tract 61.04","native_id":"12086006104","source":"census_tract_2025","adm3_name":"Miami-Dade County","adm3_id":"12086","area_sqm":2609666,"split":false,"population":3274.0,"days_covered":18,"daytime_peak_f":102.2,"heat_anomaly_f":5.2,"extreme_pct":28.0,"nighttime_stress_f":-3.6,"daytime_peak_f_climrel":0.7489,"heat_anomaly_f_climrel":0.7489,"nighttime_stress_f_climrel":-0.3,"extreme_pct_climrel":0.7,"ref_daytime_hi_mean":97.0,"ref_daytime_hi_p95":102.0,"rwi_mean":null,"health_per_10k":0.0,"built_frac":0.239,"tree_frac":0.54,"canopy_frac_over_3m":0.408,"viirs_mean":39.4,"gdl_hdi":0.936,"gdl_region":"Florida","ghsl_smod":30,"lst_anomaly_c":-3.67,"lst_anomaly_c_climrel":0,"worldpop_pop_total":4863.0,"frac_under5":3.2,"frac_elderly_65plus":35.8,"frac_elderly_75plus":18.6,"old_age_dependency_ratio":0.681,"has_data":true},"geometry":{"type":"Polygon","coordinates":[[[-80.287272,25.748425],[-80.28496,25.748529],[-80.275025,25.748813],[-80.266844,25.749326],[-80.266655,25.746388],[-80.266418,25.741916],[-80.274654,25.741617],[-80.274315,25.735785],[-80.273637,25.734353],[-80.28652,25.73404],[-80.286753,25.738555],[-80.286826,25.7399],[-80.287072,25.744707],[-80.287272,25.748425]]]}},{"type":"Feature","properties":{"unit_id":"12086000107","name":"Census Tract 1.07","native_id":"12086000107","source":"census_tract_2025","adm3_name":"Miami-Dade County","adm3_id":"12086","area_sqm":327224,"split":false,"population":5192.0,"days_covered":18,"daytime_peak_f":102.4,"heat_anomaly_f":5.5,"extreme_pct":33.0,"nighttime_stress_f":-3.2,"daytime_peak_f_climrel":0.8247,"heat_anomaly_f_climrel":0.8247,"nighttime_stress_f_climrel":-0.3,"extreme_pct_climrel":0.825,"ref_daytime_hi_mean":96.9,"ref_daytime_hi_p95":102.4,"rwi_mean":null,"health_per_10k":0.0,"built_frac":0.468,"tree_frac":0.015,"canopy_frac_over_3m":0.078,"viirs_mean":61.0,"gdl_hdi":0.936,"gdl_region":"Florida","ghsl_smod":30,"lst_anomaly_c":-5.07,"lst_anomaly_c_climrel":0,"worldpop_pop_total":3532.0,"frac_under5":3.9,"frac_elderly_65plus":21.2,"frac_elderly_75plus":8.3,"old_age_dependency_ratio":0.321,"has_data":true},"geometry":{"type":"Polygon","coordinates":[[[-80.130466,25.929818],[-80.129764,25.92978],[-80.128176,25.929676],[-80.122037,25.929891],[-80.122268,25.926998],[-80.122332,25.924925],[-80.122339,25.924695],[-80.122404,25.92242],[-80.122998,25.922344],[-80.124624,25.922709],[-80.125911,25.922748],[-80.126765,25.922826],[-80.129887,25.922843],[-80.130295,25.926243],[-80.130466,25.929818]]]}},{"type":"Feature","properties":{"unit_id":"12086005505","name":"Census Tract 55.05","native_id":"12086005505","source":"census_tract_2025","adm3_name":"Miami-Dade County","adm3_id":"12086","area_sqm":516354,"split":false,"population":2117.4128763399626,"days_covered":18,"daytime_peak_f":102.1,"heat_anomaly_f":4.6,"extreme_pct":44.0,"nighttime_stress_f":-4.1,"daytime_peak_f_climrel":0.6814,"heat_anomaly_f_climrel":0.6814,"nighttime_stress_f_climrel":-0.3,"extreme_pct_climrel":1,"ref_daytime_hi_mean":97.5,"ref_daytime_hi_p95":102.7,"rwi_mean":null,"health_per_10k":0.0,"built_frac":0.935,"tree_frac":0.037,"canopy_frac_over_3m":0.117,"viirs_mean":102.0,"gdl_hdi":0.936,"gdl_region":"Florida","ghsl_smod":30,"lst_anomaly_c":3.39,"lst_anomaly_c_climrel":0.4238,"worldpop_pop_total":3270.0,"frac_under5":3.9,"frac_elderly_65plus":24.9,"frac_elderly_75plus":12.8,"old_age_dependency_ratio":0.398,"has_data":true},"geometry":{"type":"Polygon","coordinates":[[[-80.255714,25.778936],[-80.251168,25.779093],[-80.249064,25.779144],[-80.249062,25.775559],[-80.248948,25.772034],[-80.251385,25.771936],[-80.254169,25.771853],[-80.254849,25.771835],[-80.255457,25.771834],[-80.255574,25.775449],[-80.255714,25.778936]]]}},{"type":"Feature","properties":{"unit_id":"12086980400","name":"Census Tract 9804","native_id":"12086980400","source":"census_tract_2025","adm3_name":"Miami-Dade County","adm3_id":"12086","area_sqm":7554780,"split":false,"population":1402.0,"days_covered":18,"daytime_peak_f":100.3,"heat_anomaly_f":3.9,"extreme_pct":22.0,"nighttime_stress_f":-1.6,"daytime_peak_f_climrel":0.5895,"heat_anomaly_f_climrel":0.5895,"nighttime_stress_f_climrel":-0.2482,"extreme_pct_climrel":0.55,"ref_daytime_hi_mean":96.4,"ref_daytime_hi_p95":101.7,"rwi_mean":null,"health_per_10k":0.0,"built_frac":0.101,"tree_frac":0.108,"canopy_frac_over_3m":0.29,"viirs_mean":15.2,"gdl_hdi":0.936,"gdl_region":"Florida","ghsl_smod":11,"lst_anomaly_c":-8.5,"lst_anomaly_c_climrel":0,"worldpop_pop_total":0.0,"frac_under5":0.5,"frac_elderly_65plus":39.3,"frac_elderly_75plus":30.8,"old_age_dependency_ratio":0.683,"has_data":true},"geometry":{"type":"Polygon","coordinates":[[[-80.179143,25.751338],[-80.173469,25.769776],[-80.162312,25.76435],[-80.154968,25.764277],[-80.1405883296597,25.754228123493],[-80.142851,25.750994],[-80.142717,25.746544],[-80.14514,25.741546],[-80.148242,25.738822],[-80.151344,25.737956],[-80.158732332114,25.7334029610471],[-80.15937,25.73301],[-80.154616,25.728835],[-80.152626,25.728628],[-80.148048,25.725852],[-80.147602,25.723467],[-80.148175,25.719103],[-80.15108,25.712929],[-80.151447,25.709035],[-80.152316,25.705325],[-80.154435,25.702313],[-80.155167105511,25.7004026779168],[-80.159341,25.700451],[-80.161585,25.700397],[-80.160563,25.702327],[-80.162808,25.702322],[-80.162804,25.700399],[-80.1676027276349,25.7003701145326],[-80.166868,25.701083],[-80.167859,25.706402],[-80.172516,25.707928],[-80.17243,25.709565],[-80.161771,25.716077],[-80.154256,25.723214],[-80.158011,25.726421],[-80.157611,25.727481],[-80.162103,25.731618],[-80.165954,25.731769],[-80.167115,25.733917],[-80.16627,25.735695],[-80.1737035817658,25.7430521115035],[-80.1741192514612,25.7434635051484],[-80.175116,25.74445],[-80.178896,25.746047],[-80.1789180499312,25.7460469382921],[-80.178375,25.746779],[-80.179143,25.751338]]]}},{"type":"Feature","properties":{"unit_id":"12086007610","name":"Census Tract 76.10","native_id":"12086007610","source":"census_tract_2025","adm3_name":"Miami-Dade County","adm3_id":"12086","area_sqm":2612025,"split":false,"population":8098.0,"days_covered":18,"daytime_peak_f":102.2,"heat_anomaly_f":5.2,"extreme_pct":28.0,"nighttime_stress_f":-3.6,"daytime_peak_f_climrel":0.7489,"heat_anomaly_f_climrel":0.7489,"nighttime_stress_f_climrel":-0.3,"extreme_pct_climrel":0.7,"ref_daytime_hi_mean":97.0,"ref_daytime_hi_p95":102.0,"rwi_mean":null,"health_per_10k":7.409236848604594,"built_frac":0.443,"tree_frac":0.521,"canopy_frac_over_3m":0.388,"viirs_mean":79.8,"gdl_hdi":0.936,"gdl_region":"Florida","ghsl_smod":30,"lst_anomaly_c":-0.96,"lst_anomaly_c_climrel":0,"worldpop_pop_total":5645.0,"frac_under5":4.7,"frac_elderly_65plus":17.5,"frac_elderly_75plus":6.5,"old_age_dependency_ratio":0.263,"has_data":true},"geometry":{"type":"Polygon","coordinates":[[[-80.302468,25.690018],[-80.301083,25.691381],[-80.30094,25.691834],[-80.301091,25.694807],[-80.301121,25.696431],[-80.30141,25.703757],[-80.293405,25.704137],[-80.290402,25.704279],[-80.290092,25.704277],[-80.285398,25.704445],[-80.285133,25.697016],[-80.284856,25.689672],[-80.285292,25.689651],[-80.292848,25.689373],[-80.303035,25.689009],[-80.302468,25.690018]]]}},{"type":"Feature","properties":{"unit_id":"12086011302","name":"Census Tract 113.02","native_id":"12086011302","source":"census_tract_2025","adm3_name":"Miami-Dade County","adm3_id":"12086","area_sqm":2273970,"split":false,"population":3615.0,"days_covered":18,"daytime_peak_f":100.7,"heat_anomaly_f":3.0,"extreme_pct":17.0,"nighttime_stress_f":-8.0,"daytime_peak_f_climrel":0.4742,"heat_anomaly_f_climrel":0.4742,"nighttime_stress_f_climrel":-0.3,"extreme_pct_climrel":0.425,"ref_daytime_hi_mean":97.7,"ref_daytime_hi_p95":102.5,"rwi_mean":null,"health_per_10k":5.532503457814661,"built_frac":0.571,"tree_frac":0.1,"canopy_frac_over_3m":0.121,"viirs_mean":60.4,"gdl_hdi":0.936,"gdl_region":"Florida","ghsl_smod":30,"lst_anomaly_c":null,"lst_anomaly_c_climrel":null,"worldpop_pop_total":7312.0,"frac_under5":8.7,"frac_elderly_65plus":9.6,"frac_elderly_75plus":3.5,"old_age_dependency_ratio":0.15,"has_data":true},"geometry":{"type":"Polygon","coordinates":[[[-80.493711,25.477059],[-80.489581,25.477071],[-80.487665,25.477093],[-80.487621,25.475257],[-80.48559,25.475277],[-80.477408,25.475325],[-80.477376,25.471651],[-80.485543,25.471617],[-80.485509,25.46977],[-80.485438,25.466115],[-80.485363,25.462459],[-80.485336,25.455153],[-80.493446,25.455121],[-80.493495,25.462412],[-80.493599,25.469722],[-80.493647,25.471583],[-80.493711,25.477059]]]}},{"type":"Feature","properties":{"unit_id":"12086000143","name":"Census Tract 1.43","native_id":"12086000143","source":"census_tract_2025","adm3_name":"Miami-Dade County","adm3_id":"12086","area_sqm":564824,"split":false,"population":5878.0,"days_covered":18,"daytime_peak_f":100.4,"heat_anomaly_f":3.5,"extreme_pct":17.0,"nighttime_stress_f":-2.0,"daytime_peak_f_climrel":0.5167,"heat_anomaly_f_climrel":0.5167,"nighttime_stress_f_climrel":-0.2713,"extreme_pct_climrel":0.425,"ref_daytime_hi_mean":96.9,"ref_daytime_hi_p95":102.3,"rwi_mean":null,"health_per_10k":0.0,"built_frac":0.351,"tree_frac":0.095,"canopy_frac_over_3m":0.185,"viirs_mean":109.4,"gdl_hdi":0.936,"gdl_region":"Florida","ghsl_smod":30,"lst_anomaly_c":-2.31,"lst_anomaly_c_climrel":0,"worldpop_pop_total":2480.0,"frac_under5":4.1,"frac_elderly_65plus":35.4,"frac_elderly_75plus":22.2,"old_age_dependency_ratio":0.662,"has_data":true},"geometry":{"type":"Polygon","coordinates":[[[-80.139576,25.961732],[-80.139479,25.965291],[-80.137224,25.96664],[-80.133792,25.96638],[-80.133938,25.965593],[-80.132877,25.965217],[-80.131707,25.96454],[-80.131289,25.963862],[-80.131522,25.963493],[-80.132062,25.963233],[-80.133453,25.962936],[-80.133384,25.960189],[-80.136825,25.960082],[-80.136898,25.958637],[-80.138522,25.957804],[-80.136616,25.954113],[-80.138484,25.953605],[-80.139354,25.957305],[-80.139538,25.961071],[-80.139576,25.961732]]]}},{"type":"Feature","properties":{"unit_id":"12086012002","name":"Census Tract 120.02","native_id":"12086012002","source":"census_tract_2025","adm3_name":"Miami-Dade County","adm3_id":"12086","area_sqm":464960,"split":false,"population":6694.0,"days_covered":18,"daytime_peak_f":102.6,"heat_anomaly_f":4.5,"extreme_pct":28.0,"nighttime_stress_f":-4.7,"daytime_peak_f_climrel":0.6666,"heat_anomaly_f_climrel":0.6666,"nighttime_stress_f_climrel":-0.3,"extreme_pct_climrel":0.7,"ref_daytime_hi_mean":98.0,"ref_daytime_hi_p95":103.2,"rwi_mean":null,"health_per_10k":0.0,"built_frac":0.66,"tree_frac":0.137,"canopy_frac_over_3m":0.163,"viirs_mean":87.7,"gdl_hdi":0.936,"gdl_region":"Florida","ghsl_smod":30,"lst_anomaly_c":-0.88,"lst_anomaly_c_climrel":0,"worldpop_pop_total":6666.0,"frac_under5":6.3,"frac_elderly_65plus":12.3,"frac_elderly_75plus":4.1,"old_age_dependency_ratio":0.178,"has_data":true},"geometry":{"type":"Polygon","coordinates":[[[-80.320065,25.939238],[-80.319949,25.939598],[-80.319468,25.941111],[-80.319404,25.941567],[-80.315925,25.941545],[-80.314799,25.941596],[-80.313421,25.942024],[-80.312092,25.939277],[-80.312028,25.93872],[-80.311879,25.935509],[-80.313791,25.935025],[-80.313893,25.934993],[-80.314976,25.934773],[-80.317273,25.937176],[-80.319597,25.937256],[-80.320363,25.937937],[-80.320065,25.939238]]]}},{"type":"Feature","properties":{"unit_id":"12086004404","name":"Census Tract 44.04","native_id":"12086004404","source":"census_tract_2025","adm3_name":"Miami-Dade County","adm3_id":"12086","area_sqm":404836,"split":false,"population":1882.4663350922726,"days_covered":18,"daytime_peak_f":102.9,"heat_anomaly_f":6.1,"extreme_pct":44.0,"nighttime_stress_f":-3.1,"daytime_peak_f_climrel":0.9278,"heat_anomaly_f_climrel":0.9278,"nighttime_stress_f_climrel":-0.3,"extreme_pct_climrel":1,"ref_daytime_hi_mean":96.9,"ref_daytime_hi_p95":102.1,"rwi_mean":null,"health_per_10k":15.936539974580471,"built_frac":0.658,"tree_frac":0.013,"canopy_frac_over_3m":0.135,"viirs_mean":117.9,"gdl_hdi":0.936,"gdl_region":"Florida","ghsl_smod":30,"lst_anomaly_c":-1.13,"lst_anomaly_c_climrel":0,"worldpop_pop_total":1591.0,"frac_under5":2.2,"frac_elderly_65plus":36.8,"frac_elderly_75plus":20.8,"old_age_dependency_ratio":0.643,"has_data":true},"geometry":{"type":"Polygon","coordinates":[[[-80.136299,25.781876],[-80.132551,25.781946],[-80.130907,25.781686],[-80.130379,25.781586],[-80.1288102426323,25.7810527923431],[-80.1306565827705,25.7719904131159],[-80.132511,25.772051],[-80.133514,25.772223],[-80.132997,25.7746],[-80.132483,25.776933],[-80.131982,25.779343],[-80.131695,25.780561],[-80.136235,25.780629],[-80.136299,25.781876]]]}},{"type":"Feature","properties":{"unit_id":"12086006304","name":"Census Tract 63.04","native_id":"12086006304","source":"census_tract_2025","adm3_name":"Miami-Dade County","adm3_id":"12086","area_sqm":669075,"split":false,"population":6605.0,"days_covered":18,"daytime_peak_f":102.1,"heat_anomaly_f":4.6,"extreme_pct":44.0,"nighttime_stress_f":-4.1,"daytime_peak_f_climrel":0.6814,"heat_anomaly_f_climrel":0.6814,"nighttime_stress_f_climrel":-0.3,"extreme_pct_climrel":1,"ref_daytime_hi_mean":97.5,"ref_daytime_hi_p95":102.7,"rwi_mean":null,"health_per_10k":0.0,"built_frac":0.522,"tree_frac":0.28,"canopy_frac_over_3m":0.236,"viirs_mean":89.5,"gdl_hdi":0.936,"gdl_region":"Florida","ghsl_smod":30,"lst_anomaly_c":0.97,"lst_anomaly_c_climrel":0.1212,"worldpop_pop_total":3434.0,"frac_under5":3.2,"frac_elderly_65plus":24.6,"frac_elderly_75plus":11.4,"old_age_dependency_ratio":0.374,"has_data":true},"geometry":{"type":"Polygon","coordinates":[[[-80.25514,25.764687],[-80.251041,25.76478],[-80.249518,25.764858],[-80.24701,25.764929],[-80.246788,25.757505],[-80.250392,25.7574],[-80.254832,25.757249],[-80.254912,25.758348],[-80.25494,25.759128],[-80.254995,25.760652],[-80.255005,25.761025],[-80.255077,25.763001],[-80.25514,25.764687]]]}},{"type":"Feature","properties":{"unit_id":"12086007607","name":"Census Tract 76.07","native_id":"12086007607","source":"census_tract_2025","adm3_name":"Miami-Dade County","adm3_id":"12086","area_sqm":1311680,"split":false,"population":1866.0,"days_covered":18,"daytime_peak_f":102.2,"heat_anomaly_f":5.2,"extreme_pct":28.0,"nighttime_stress_f":-3.6,"daytime_peak_f_climrel":0.7489,"heat_anomaly_f_climrel":0.7489,"nighttime_stress_f_climrel":-0.3,"extreme_pct_climrel":0.7,"ref_daytime_hi_mean":97.0,"ref_daytime_hi_p95":102.0,"rwi_mean":null,"health_per_10k":0.0,"built_frac":0.359,"tree_frac":0.547,"canopy_frac_over_3m":0.374,"viirs_mean":47.0,"gdl_hdi":0.936,"gdl_region":"Florida","ghsl_smod":30,"lst_anomaly_c":-0.66,"lst_anomaly_c_climrel":0,"worldpop_pop_total":2797.0,"frac_under5":5.3,"frac_elderly_65plus":24.5,"frac_elderly_75plus":10.0,"old_age_dependency_ratio":0.398,"has_data":true},"geometry":{"type":"Polygon","coordinates":[[[-80.302878,25.733403],[-80.300841,25.733483],[-80.299799,25.733524],[-80.298788,25.733563],[-80.294692,25.733715],[-80.294547,25.729977],[-80.294394,25.726203],[-80.294106,25.718614],[-80.295112,25.718584],[-80.297217,25.718505],[-80.298206,25.718495],[-80.302278,25.71833],[-80.302592,25.725901],[-80.302742,25.729648],[-80.302878,25.733403]]]}},{"type":"Feature","properties":{"unit_id":"12086003005","name":"Census Tract 30.05","native_id":"12086003005","source":"census_tract_2025","adm3_name":"Miami-Dade County","adm3_id":"12086","area_sqm":347842,"split":false,"population":1424.0153600290437,"days_covered":18,"daytime_peak_f":101.9,"heat_anomaly_f":5.5,"extreme_pct":39.0,"nighttime_stress_f":-3.1,"daytime_peak_f_climrel":0.8322,"heat_anomaly_f_climrel":0.8322,"nighttime_stress_f_climrel":-0.3,"extreme_pct_climrel":0.975,"ref_daytime_hi_mean":96.4,"ref_daytime_hi_p95":101.7,"rwi_mean":null,"health_per_10k":0.0,"built_frac":0.727,"tree_frac":0.066,"canopy_frac_over_3m":0.117,"viirs_mean":121.0,"gdl_hdi":0.936,"gdl_region":"Florida","ghsl_smod":30,"lst_anomaly_c":-0.27,"lst_anomaly_c_climrel":0,"worldpop_pop_total":1889.0,"frac_under5":5.3,"frac_elderly_65plus":19.0,"frac_elderly_75plus":7.8,"old_age_dependency_ratio":0.292,"has_data":true},"geometry":{"type":"Polygon","coordinates":[[[-80.242058,25.794225],[-80.240256,25.79427],[-80.239819,25.794275],[-80.235669,25.794411],[-80.231475,25.79452],[-80.231395,25.790866],[-80.23134,25.788796],[-80.234221,25.789961],[-80.235647,25.790272],[-80.239647,25.792647],[-80.240541,25.793116],[-80.242058,25.794225]]]}},{"type":"Feature","properties":{"unit_id":"12086006105","name":"Census Tract 61.05","native_id":"12086006105","source":"census_tract_2025","adm3_name":"Miami-Dade County","adm3_id":"12086","area_sqm":1069985,"split":false,"population":2420.0,"days_covered":18,"daytime_peak_f":102.1,"heat_anomaly_f":4.6,"extreme_pct":44.0,"nighttime_stress_f":-4.1,"daytime_peak_f_climrel":0.6814,"heat_anomaly_f_climrel":0.6814,"nighttime_stress_f_climrel":-0.3,"extreme_pct_climrel":1,"ref_daytime_hi_mean":97.5,"ref_daytime_hi_p95":102.7,"rwi_mean":null,"health_per_10k":0.0,"built_frac":0.302,"tree_frac":0.67,"canopy_frac_over_3m":0.481,"viirs_mean":57.8,"gdl_hdi":0.936,"gdl_region":"Florida","ghsl_smod":30,"lst_anomaly_c":-2.58,"lst_anomaly_c_climrel":0,"worldpop_pop_total":2551.0,"frac_under5":5.1,"frac_elderly_65plus":28.6,"frac_elderly_75plus":13.5,"old_age_dependency_ratio":0.508,"has_data":true},"geometry":{"type":"Polygon","coordinates":[[[-80.287852,25.763563],[-80.283797,25.76371],[-80.279662,25.763869],[-80.279259,25.763889],[-80.279072,25.759232],[-80.279549,25.758976],[-80.27932,25.75401],[-80.28313,25.753882],[-80.28508,25.751714],[-80.28496,25.748529],[-80.287272,25.748425],[-80.287573,25.756292],[-80.287664,25.758695],[-80.287852,25.763563]]]}},{"type":"Feature","properties":{"unit_id":"12086005403","name":"Census Tract 54.03","native_id":"12086005403","source":"census_tract_2025","adm3_name":"Miami-Dade County","adm3_id":"12086","area_sqm":264708,"split":false,"population":4500.0,"days_covered":18,"daytime_peak_f":101.9,"heat_anomaly_f":5.5,"extreme_pct":39.0,"nighttime_stress_f":-3.1,"daytime_peak_f_climrel":0.8322,"heat_anomaly_f_climrel":0.8322,"nighttime_stress_f_climrel":-0.3,"extreme_pct_climrel":0.975,"ref_daytime_hi_mean":96.4,"ref_daytime_hi_p95":101.7,"rwi_mean":null,"health_per_10k":0.0,"built_frac":0.878,"tree_frac":0.116,"canopy_frac_over_3m":0.158,"viirs_mean":104.9,"gdl_hdi":0.936,"gdl_region":"Florida","ghsl_smod":30,"lst_anomaly_c":3.86,"lst_anomaly_c_climrel":0.4825,"worldpop_pop_total":1758.0,"frac_under5":3.9,"frac_elderly_65plus":22.2,"frac_elderly_75plus":11.6,"old_age_dependency_ratio":0.342,"has_data":true},"geometry":{"type":"Polygon","coordinates":[[[-80.239339,25.779465],[-80.235753,25.779567],[-80.235646,25.77566],[-80.236165,25.775626],[-80.23606,25.77244],[-80.239102,25.772338],[-80.239246,25.776334],[-80.239339,25.779465]]]}},{"type":"Feature","properties":{"unit_id":"12086004701","name":"Census Tract 47.01","native_id":"12086004701","source":"census_tract_2025","adm3_name":"Miami-Dade County","adm3_id":"12086","area_sqm":2778512,"split":false,"population":7852.0,"days_covered":18,"daytime_peak_f":102.1,"heat_anomaly_f":4.6,"extreme_pct":44.0,"nighttime_stress_f":-4.1,"daytime_peak_f_climrel":0.6814,"heat_anomaly_f_climrel":0.6814,"nighttime_stress_f_climrel":-0.3,"extreme_pct_climrel":1,"ref_daytime_hi_mean":97.5,"ref_daytime_hi_p95":102.7,"rwi_mean":null,"health_per_10k":1.273560876209883,"built_frac":0.436,"tree_frac":0.298,"canopy_frac_over_3m":0.256,"viirs_mean":55.0,"gdl_hdi":0.936,"gdl_region":"Florida","ghsl_smod":30,"lst_anomaly_c":-2.65,"lst_anomaly_c_climrel":0,"worldpop_pop_total":6200.0,"frac_under5":4.0,"frac_elderly_65plus":21.5,"frac_elderly_75plus":8.7,"old_age_dependency_ratio":0.335,"has_data":true},"geometry":{"type":"Polygon","coordinates":[[[-80.306048,25.839091],[-80.304767,25.83988],[-80.304249,25.840061],[-80.304089,25.839986],[-80.297555,25.835038],[-80.295339,25.833465],[-80.289929,25.829508],[-80.281649,25.823296],[-80.280542,25.822404],[-80.281785,25.821657],[-80.284699,25.823848],[-80.287463,25.820799],[-80.288034,25.820748],[-80.297537,25.820764],[-80.305467,25.820756],[-80.305623,25.826205],[-80.305816,25.833449],[-80.306048,25.839091]]]}},{"type":"Feature","properties":{"unit_id":"12086015502","name":"Census Tract 155.02","native_id":"12086015502","source":"census_tract_2025","adm3_name":"Miami-Dade County","adm3_id":"12086","area_sqm":1188191,"split":false,"population":1496.0,"days_covered":18,"daytime_peak_f":102.4,"heat_anomaly_f":4.6,"extreme_pct":33.0,"nighttime_stress_f":-5.5,"daytime_peak_f_climrel":0.6622,"heat_anomaly_f_climrel":0.6622,"nighttime_stress_f_climrel":-0.3,"extreme_pct_climrel":0.825,"ref_daytime_hi_mean":97.8,"ref_daytime_hi_p95":103.3,"rwi_mean":null,"health_per_10k":0.0,"built_frac":0.787,"tree_frac":0.065,"canopy_frac_over_3m":0.119,"viirs_mean":44.2,"gdl_hdi":0.936,"gdl_region":"Florida","ghsl_smod":30,"lst_anomaly_c":0.27,"lst_anomaly_c_climrel":0.0338,"worldpop_pop_total":3668.0,"frac_under5":3.3,"frac_elderly_65plus":27.1,"frac_elderly_75plus":14.4,"old_age_dependency_ratio":0.446,"has_data":true},"geometry":{"type":"Polygon","coordinates":[[[-80.400131,25.744018],[-80.39212,25.744328],[-80.391858,25.737017],[-80.391576,25.729888],[-80.399617,25.729636],[-80.399844,25.736752],[-80.400131,25.744018]]]}},{"type":"Feature","properties":{"unit_id":"12086009054","name":"Census Tract 90.54","native_id":"12086009054","source":"census_tract_2025","adm3_name":"Miami-Dade County","adm3_id":"12086","area_sqm":629678,"split":false,"population":1730.0,"days_covered":18,"daytime_peak_f":102.3,"heat_anomaly_f":4.1,"extreme_pct":33.0,"nighttime_stress_f":-5.1,"daytime_peak_f_climrel":0.6155,"heat_anomaly_f_climrel":0.6155,"nighttime_stress_f_climrel":-0.3,"extreme_pct_climrel":0.825,"ref_daytime_hi_mean":98.1,"ref_daytime_hi_p95":103.4,"rwi_mean":null,"health_per_10k":0.0,"built_frac":0.853,"tree_frac":0.047,"canopy_frac_over_3m":0.073,"viirs_mean":94.5,"gdl_hdi":0.936,"gdl_region":"Florida","ghsl_smod":30,"lst_anomaly_c":0.73,"lst_anomaly_c_climrel":0.0912,"worldpop_pop_total":1883.0,"frac_under5":2.8,"frac_elderly_65plus":31.8,"frac_elderly_75plus":15.9,"old_age_dependency_ratio":0.542,"has_data":true},"geometry":{"type":"Polygon","coordinates":[[[-80.368995,25.76845],[-80.360989,25.76875],[-80.360695,25.765113],[-80.360641,25.764392],[-80.360618,25.764221],[-80.360433,25.761852],[-80.360397,25.761549],[-80.365406,25.761399],[-80.368408,25.7613],[-80.368454,25.761827],[-80.368691,25.764861],[-80.368995,25.76845]]]}},{"type":"Feature","properties":{"unit_id":"12086001701","name":"Census Tract 17.01","native_id":"12086001701","source":"census_tract_2025","adm3_name":"Miami-Dade County","adm3_id":"12086","area_sqm":2860865,"split":false,"population":6694.0,"days_covered":18,"daytime_peak_f":102.1,"heat_anomaly_f":4.6,"extreme_pct":44.0,"nighttime_stress_f":-4.1,"daytime_peak_f_climrel":0.6814,"heat_anomaly_f_climrel":0.6814,"nighttime_stress_f_climrel":-0.3,"extreme_pct_climrel":1,"ref_daytime_hi_mean":97.5,"ref_daytime_hi_p95":102.7,"rwi_mean":null,"health_per_10k":0.0,"built_frac":0.864,"tree_frac":0.103,"canopy_frac_over_3m":0.097,"viirs_mean":98.7,"gdl_hdi":0.936,"gdl_region":"Florida","ghsl_smod":30,"lst_anomaly_c":5.1,"lst_anomaly_c_climrel":0.6375,"worldpop_pop_total":5009.0,"frac_under5":5.3,"frac_elderly_65plus":14.8,"frac_elderly_75plus":4.6,"old_age_dependency_ratio":0.219,"has_data":true},"geometry":{"type":"Polygon","coordinates":[[[-80.259176,25.83071],[-80.257372,25.830783],[-80.253324,25.830844],[-80.247214,25.831028],[-80.24111,25.831136],[-80.240961,25.827563],[-80.240772,25.823939],[-80.246858,25.823781],[-80.248921,25.823682],[-80.248816,25.82142],[-80.24882,25.820705],[-80.248783,25.819953],[-80.248629,25.816261],[-80.248582,25.814905],[-80.248481,25.812276],[-80.24848,25.812206],[-80.249849,25.812032],[-80.255863,25.810716],[-80.258506,25.809632],[-80.258516,25.810406],[-80.258738,25.81596],[-80.258976,25.823358],[-80.259176,25.83071]]]}},{"type":"Feature","properties":{"unit_id":"12086010625","name":"Census Tract 106.25","native_id":"12086010625","source":"census_tract_2025","adm3_name":"Miami-Dade County","adm3_id":"12086","area_sqm":2342942,"split":false,"population":2377.0,"days_covered":18,"daytime_peak_f":101.6,"heat_anomaly_f":5.0,"extreme_pct":44.0,"nighttime_stress_f":-3.3,"daytime_peak_f_climrel":0.7446,"heat_anomaly_f_climrel":0.7446,"nighttime_stress_f_climrel":-0.3,"extreme_pct_climrel":1,"ref_daytime_hi_mean":96.5,"ref_daytime_hi_p95":101.7,"rwi_mean":null,"health_per_10k":0.0,"built_frac":0.249,"tree_frac":0.115,"canopy_frac_over_3m":0.439,"viirs_mean":27.8,"gdl_hdi":0.936,"gdl_region":"Florida","ghsl_smod":11,"lst_anomaly_c":-5.31,"lst_anomaly_c_climrel":0,"worldpop_pop_total":6831.0,"frac_under5":7.0,"frac_elderly_65plus":8.9,"frac_elderly_75plus":2.9,"old_age_dependency_ratio":0.13,"has_data":true},"geometry":{"type":"Polygon","coordinates":[[[-80.34774,25.554561],[-80.34778,25.559242],[-80.347134,25.559914],[-80.344123,25.559453],[-80.343217,25.559468],[-80.340516,25.560321],[-80.33723,25.560305],[-80.334498,25.559992],[-80.334311,25.559428],[-80.331444,25.559427],[-80.31922,25.559524],[-80.319222,25.555885],[-80.323258,25.5521],[-80.347803,25.551791],[-80.34774,25.554561]]]}},{"type":"Feature","properties":{"unit_id":"12086009063","name":"Census Tract 90.63","native_id":"12086009063","source":"census_tract_2025","adm3_name":"Miami-Dade County","adm3_id":"12086","area_sqm":349669,"split":false,"population":1048.4481280108887,"days_covered":18,"daytime_peak_f":102.3,"heat_anomaly_f":4.1,"extreme_pct":33.0,"nighttime_stress_f":-5.1,"daytime_peak_f_climrel":0.6155,"heat_anomaly_f_climrel":0.6155,"nighttime_stress_f_climrel":-0.3,"extreme_pct_climrel":0.825,"ref_daytime_hi_mean":98.1,"ref_daytime_hi_p95":103.4,"rwi_mean":null,"health_per_10k":0.0,"built_frac":0.732,"tree_frac":0.078,"canopy_frac_over_3m":0.093,"viirs_mean":65.5,"gdl_hdi":0.936,"gdl_region":"Florida","ghsl_smod":30,"lst_anomaly_c":null,"lst_anomaly_c_climrel":null,"worldpop_pop_total":3170.0,"frac_under5":3.8,"frac_elderly_65plus":24.5,"frac_elderly_75plus":10.9,"old_age_dependency_ratio":0.389,"has_data":true},"geometry":{"type":"Polygon","coordinates":[[[-80.385987,25.775307],[-80.384264,25.775359],[-80.384149,25.77535],[-80.381576,25.775411],[-80.381318,25.772103],[-80.381025,25.768282],[-80.384825,25.768163],[-80.384935,25.768162],[-80.385716,25.768151],[-80.385856,25.771847],[-80.385987,25.775307]]]}},{"type":"Feature","properties":{"unit_id":"12086018001","name":"Census Tract 180.01","native_id":"12086018001","source":"census_tract_2025","adm3_name":"Miami-Dade County","adm3_id":"12086","area_sqm":668025,"split":false,"population":2380.0,"days_covered":18,"daytime_peak_f":102.5,"heat_anomaly_f":4.0,"extreme_pct":28.0,"nighttime_stress_f":-7.5,"daytime_peak_f_climrel":0.5775,"heat_anomaly_f_climrel":0.5775,"nighttime_stress_f_climrel":-0.3,"extreme_pct_climrel":0.7,"ref_daytime_hi_mean":98.6,"ref_daytime_hi_p95":103.5,"rwi_mean":null,"health_per_10k":0.0,"built_frac":0.845,"tree_frac":0.134,"canopy_frac_over_3m":0.185,"viirs_mean":46.3,"gdl_hdi":0.936,"gdl_region":"Florida","ghsl_smod":30,"lst_anomaly_c":1.27,"lst_anomaly_c_climrel":0.1588,"worldpop_pop_total":2570.0,"frac_under5":3.3,"frac_elderly_65plus":17.0,"frac_elderly_75plus":7.4,"old_age_dependency_ratio":0.244,"has_data":true},"geometry":{"type":"Polygon","coordinates":[[[-80.457533,25.67507],[-80.457414,25.67679],[-80.451304,25.676989],[-80.449223,25.676986],[-80.44933,25.669705],[-80.457455,25.669476],[-80.457499,25.673818],[-80.457533,25.67507]]]}},{"type":"Feature","properties":{"unit_id":"12086009903","name":"Census Tract 99.03","native_id":"12086009903","source":"census_tract_2025","adm3_name":"Miami-Dade County","adm3_id":"12086","area_sqm":3954255,"split":false,"population":7180.0,"days_covered":18,"daytime_peak_f":102.0,"heat_anomaly_f":5.1,"extreme_pct":33.0,"nighttime_stress_f":-3.1,"daytime_peak_f_climrel":0.7587,"heat_anomaly_f_climrel":0.7587,"nighttime_stress_f_climrel":-0.3,"extreme_pct_climrel":0.825,"ref_daytime_hi_mean":96.8,"ref_daytime_hi_p95":102.3,"rwi_mean":null,"health_per_10k":0.0,"built_frac":0.56,"tree_frac":0.168,"canopy_frac_over_3m":0.163,"viirs_mean":84.4,"gdl_hdi":0.936,"gdl_region":"Florida","ghsl_smod":30,"lst_anomaly_c":4.05,"lst_anomaly_c_climrel":0.5062,"worldpop_pop_total":5887.0,"frac_under5":4.8,"frac_elderly_65plus":22.8,"frac_elderly_75plus":8.2,"old_age_dependency_ratio":0.374,"has_data":true},"geometry":{"type":"Polygon","coordinates":[[[-80.246512,25.961126],[-80.229159,25.960462],[-80.228962,25.956114],[-80.228624,25.952539],[-80.227632,25.949225],[-80.225137,25.944663],[-80.222683,25.941822],[-80.229279,25.941561],[-80.233285,25.941582],[-80.237306,25.94141],[-80.241286,25.941273],[-80.245317,25.940953],[-80.245461,25.943303],[-80.245659,25.948172],[-80.246092,25.955472],[-80.246512,25.961126]]]}},{"type":"Feature","properties":{"unit_id":"12086007101","name":"Census Tract 71.01","native_id":"12086007101","source":"census_tract_2025","adm3_name":"Miami-Dade County","adm3_id":"12086","area_sqm":610328,"split":false,"population":3268.0,"days_covered":18,"daytime_peak_f":100.3,"heat_anomaly_f":3.9,"extreme_pct":22.0,"nighttime_stress_f":-1.6,"daytime_peak_f_climrel":0.5895,"heat_anomaly_f_climrel":0.5895,"nighttime_stress_f_climrel":-0.2482,"extreme_pct_climrel":0.55,"ref_daytime_hi_mean":96.4,"ref_daytime_hi_p95":101.7,"rwi_mean":null,"health_per_10k":0.0,"built_frac":0.625,"tree_frac":0.359,"canopy_frac_over_3m":0.316,"viirs_mean":84.5,"gdl_hdi":0.936,"gdl_region":"Florida","ghsl_smod":30,"lst_anomaly_c":-1.31,"lst_anomaly_c_climrel":0,"worldpop_pop_total":2954.0,"frac_under5":6.1,"frac_elderly_65plus":23.6,"frac_elderly_75plus":10.6,"old_age_dependency_ratio":0.384,"has_data":true},"geometry":{"type":"Polygon","coordinates":[[[-80.253892,25.732652],[-80.252705,25.733744],[-80.250769,25.735172],[-80.24794,25.73625],[-80.245915,25.736973],[-80.24586,25.735324],[-80.245687,25.731622],[-80.245581,25.729825],[-80.245489,25.727954],[-80.249614,25.727813],[-80.24992,25.72779],[-80.251397,25.729797],[-80.253711,25.729749],[-80.253808,25.731368],[-80.253892,25.732652]]]}},{"type":"Feature","properties":{"unit_id":"12086012602","name":"Census Tract 126.02","native_id":"12086012602","source":"census_tract_2025","adm3_name":"Miami-Dade County","adm3_id":"12086","area_sqm":383698,"split":false,"population":3342.0,"days_covered":18,"daytime_peak_f":101.7,"heat_anomaly_f":3.6,"extreme_pct":17.0,"nighttime_stress_f":-4.8,"daytime_peak_f_climrel":0.5257,"heat_anomaly_f_climrel":0.5257,"nighttime_stress_f_climrel":-0.3,"extreme_pct_climrel":0.425,"ref_daytime_hi_mean":98.1,"ref_daytime_hi_p95":103.0,"rwi_mean":null,"health_per_10k":0.0,"built_frac":0.98,"tree_frac":0.008,"canopy_frac_over_3m":0.063,"viirs_mean":68.0,"gdl_hdi":0.936,"gdl_region":"Florida","ghsl_smod":30,"lst_anomaly_c":4.7,"lst_anomaly_c_climrel":0.5875,"worldpop_pop_total":2547.0,"frac_under5":3.7,"frac_elderly_65plus":21.1,"frac_elderly_75plus":8.5,"old_age_dependency_ratio":0.315,"has_data":true},"geometry":{"type":"Polygon","coordinates":[[[-80.355996,25.891501],[-80.351101,25.891496],[-80.350923,25.887862],[-80.351008,25.886102],[-80.352044,25.884081],[-80.353793,25.884171],[-80.355685,25.884118],[-80.355765,25.886905],[-80.355783,25.887853],[-80.356078,25.890953],[-80.355996,25.891501]]]}},{"type":"Feature","properties":{"unit_id":"12086000904","name":"Census Tract 9.04","native_id":"12086000904","source":"census_tract_2025","adm3_name":"Miami-Dade County","adm3_id":"12086","area_sqm":1890017,"split":false,"population":1625.0,"days_covered":18,"daytime_peak_f":102.6,"heat_anomaly_f":4.5,"extreme_pct":28.0,"nighttime_stress_f":-4.7,"daytime_peak_f_climrel":0.6666,"heat_anomaly_f_climrel":0.6666,"nighttime_stress_f_climrel":-0.3,"extreme_pct_climrel":0.7,"ref_daytime_hi_mean":98.0,"ref_daytime_hi_p95":103.2,"rwi_mean":null,"health_per_10k":6.153846153846154,"built_frac":0.863,"tree_frac":0.044,"canopy_frac_over_3m":0.077,"viirs_mean":94.2,"gdl_hdi":0.936,"gdl_region":"Florida","ghsl_smod":30,"lst_anomaly_c":3.02,"lst_anomaly_c_climrel":0.3775,"worldpop_pop_total":2030.0,"frac_under5":3.2,"frac_elderly_65plus":26.3,"frac_elderly_75plus":11.6,"old_age_dependency_ratio":0.426,"has_data":true},"geometry":{"type":"Polygon","coordinates":[[[-80.260245,25.867454],[-80.259623,25.867466],[-80.257604,25.860202],[-80.256591,25.860198],[-80.256334,25.852986],[-80.250191,25.853167],[-80.241996,25.853434],[-80.241746,25.84605],[-80.249908,25.845768],[-80.25811,25.845504],[-80.259614,25.845478],[-80.259643,25.848226],[-80.260134,25.860131],[-80.260245,25.867454]]]}},{"type":"Feature","properties":{"unit_id":"12086007809","name":"Census Tract 78.09","native_id":"12086007809","source":"census_tract_2025","adm3_name":"Miami-Dade County","adm3_id":"12086","area_sqm":986233,"split":false,"population":7171.0,"days_covered":18,"daytime_peak_f":102.2,"heat_anomaly_f":5.2,"extreme_pct":28.0,"nighttime_stress_f":-3.6,"daytime_peak_f_climrel":0.7489,"heat_anomaly_f_climrel":0.7489,"nighttime_stress_f_climrel":-0.3,"extreme_pct_climrel":0.7,"ref_daytime_hi_mean":97.0,"ref_daytime_hi_p95":102.0,"rwi_mean":null,"health_per_10k":4.18351694324362,"built_frac":0.654,"tree_frac":0.258,"canopy_frac_over_3m":0.262,"viirs_mean":93.4,"gdl_hdi":0.936,"gdl_region":"Florida","ghsl_smod":30,"lst_anomaly_c":1.95,"lst_anomaly_c_climrel":0.2437,"worldpop_pop_total":5057.0,"frac_under5":4.6,"frac_elderly_65plus":18.8,"frac_elderly_75plus":7.5,"old_age_dependency_ratio":0.28,"has_data":true},"geometry":{"type":"Polygon","coordinates":[[[-80.323433,25.688371],[-80.321367,25.68843],[-80.319394,25.688453],[-80.316873,25.688518],[-80.316632,25.686147],[-80.314859,25.68249],[-80.318233,25.677617],[-80.320185,25.673866],[-80.32291,25.673801],[-80.323071,25.677486],[-80.323246,25.682956],[-80.323433,25.688371]]]}},{"type":"Feature","properties":{"unit_id":"12086002707","name":"Census Tract 27.07","native_id":"12086002707","source":"census_tract_2025","adm3_name":"Miami-Dade County","adm3_id":"12086","area_sqm":181656,"split":false,"population":11284.0,"days_covered":18,"daytime_peak_f":101.9,"heat_anomaly_f":5.5,"extreme_pct":39.0,"nighttime_stress_f":-3.1,"daytime_peak_f_climrel":0.8322,"heat_anomaly_f_climrel":0.8322,"nighttime_stress_f_climrel":-0.3,"extreme_pct_climrel":0.975,"ref_daytime_hi_mean":96.4,"ref_daytime_hi_p95":101.7,"rwi_mean":null,"health_per_10k":0.0,"built_frac":0.158,"tree_frac":0.006,"canopy_frac_over_3m":0.023,"viirs_mean":45.2,"gdl_hdi":0.936,"gdl_region":"Florida","ghsl_smod":30,"lst_anomaly_c":-9.23,"lst_anomaly_c_climrel":0,"worldpop_pop_total":3854.0,"frac_under5":3.2,"frac_elderly_65plus":6.0,"frac_elderly_75plus":1.7,"old_age_dependency_ratio":0.069,"has_data":true},"geometry":{"type":"Polygon","coordinates":[[[-80.189397,25.805378],[-80.188601,25.805355],[-80.185376,25.80542],[-80.185427,25.804372],[-80.16174,25.804779],[-80.162636,25.801571],[-80.189117,25.800901],[-80.189357,25.804264],[-80.189397,25.805378]]]}},{"type":"Feature","properties":{"unit_id":"12086000146","name":"Census Tract 1.46","native_id":"12086000146","source":"census_tract_2025","adm3_name":"Miami-Dade County","adm3_id":"12086","area_sqm":464262,"split":false,"population":5789.0,"days_covered":18,"daytime_peak_f":100.4,"heat_anomaly_f":3.5,"extreme_pct":17.0,"nighttime_stress_f":-2.0,"daytime_peak_f_climrel":0.5167,"heat_anomaly_f_climrel":0.5167,"nighttime_stress_f_climrel":-0.2713,"extreme_pct_climrel":0.425,"ref_daytime_hi_mean":96.9,"ref_daytime_hi_p95":102.3,"rwi_mean":null,"health_per_10k":0.0,"built_frac":0.6,"tree_frac":0.127,"canopy_frac_over_3m":0.216,"viirs_mean":76.6,"gdl_hdi":0.936,"gdl_region":"Florida","ghsl_smod":30,"lst_anomaly_c":-1.61,"lst_anomaly_c_climrel":0,"worldpop_pop_total":4667.0,"frac_under5":3.5,"frac_elderly_65plus":37.0,"frac_elderly_75plus":17.6,"old_age_dependency_ratio":0.727,"has_data":true},"geometry":{"type":"Polygon","coordinates":[[[-80.13376,25.969985],[-80.131759,25.970042],[-80.129709,25.971092],[-80.129954,25.97296],[-80.130023,25.973819],[-80.130411,25.974227],[-80.123874,25.974484],[-80.123309,25.975103],[-80.123671,25.969709],[-80.12356,25.9675],[-80.124187,25.967769],[-80.131505,25.967737],[-80.133196,25.967683],[-80.133685,25.967578],[-80.13376,25.969985]]]}},{"type":"Feature","properties":{"unit_id":"12086008503","name":"Census Tract 85.03","native_id":"12086008503","source":"census_tract_2025","adm3_name":"Miami-Dade County","adm3_id":"12086","area_sqm":1479868,"split":false,"population":3863.0,"days_covered":18,"daytime_peak_f":102.2,"heat_anomaly_f":5.2,"extreme_pct":28.0,"nighttime_stress_f":-3.6,"daytime_peak_f_climrel":0.7489,"heat_anomaly_f_climrel":0.7489,"nighttime_stress_f_climrel":-0.3,"extreme_pct_climrel":0.7,"ref_daytime_hi_mean":97.0,"ref_daytime_hi_p95":102.0,"rwi_mean":null,"health_per_10k":2.588661661920787,"built_frac":0.74,"tree_frac":0.108,"canopy_frac_over_3m":0.147,"viirs_mean":52.1,"gdl_hdi":0.936,"gdl_region":"Florida","ghsl_smod":30,"lst_anomaly_c":3.37,"lst_anomaly_c_climrel":0.4213,"worldpop_pop_total":3794.0,"frac_under5":4.9,"frac_elderly_65plus":29.1,"frac_elderly_75plus":15.2,"old_age_dependency_ratio":0.512,"has_data":true},"geometry":{"type":"Polygon","coordinates":[[[-80.351736,25.732711],[-80.345731,25.732858],[-80.343728,25.732895],[-80.339787,25.732993],[-80.336578,25.733124],[-80.33582,25.733092],[-80.3353,25.724061],[-80.339714,25.723863],[-80.341208,25.724249],[-80.342456,25.724572],[-80.346722,25.72441],[-80.348937,25.723539],[-80.351257,25.723371],[-80.351736,25.732711]]]}},{"type":"Feature","properties":{"unit_id":"12086011701","name":"Census Tract 117.01","native_id":"12086011701","source":"census_tract_2025","adm3_name":"Miami-Dade County","adm3_id":"12086","area_sqm":544793,"split":false,"population":1449.5274278008321,"days_covered":18,"daytime_peak_f":103.3,"heat_anomaly_f":5.4,"extreme_pct":33.0,"nighttime_stress_f":-5.5,"daytime_peak_f_climrel":0.7702,"heat_anomaly_f_climrel":0.7702,"nighttime_stress_f_climrel":-0.3,"extreme_pct_climrel":0.825,"ref_daytime_hi_mean":97.9,"ref_daytime_hi_p95":103.4,"rwi_mean":null,"health_per_10k":0.0,"built_frac":0.843,"tree_frac":0.138,"canopy_frac_over_3m":0.202,"viirs_mean":50.6,"gdl_hdi":0.936,"gdl_region":"Florida","ghsl_smod":30,"lst_anomaly_c":2.31,"lst_anomaly_c_climrel":0.2888,"worldpop_pop_total":1573.0,"frac_under5":3.7,"frac_elderly_65plus":21.6,"frac_elderly_75plus":7.7,"old_age_dependency_ratio":0.328,"has_data":true},"geometry":{"type":"Polygon","coordinates":[[[-80.3051,25.951174],[-80.29935,25.95338],[-80.296057,25.95343],[-80.294745,25.953457],[-80.294604,25.95346],[-80.294297,25.946935],[-80.29958,25.946918],[-80.30036,25.948543],[-80.301865,25.948328],[-80.302866,25.950155],[-80.304654,25.950321],[-80.3051,25.951174]]]}},{"type":"Feature","properties":{"unit_id":"12086000411","name":"Census Tract 4.11","native_id":"12086000411","source":"census_tract_2025","adm3_name":"Miami-Dade County","adm3_id":"12086","area_sqm":1405157,"split":false,"population":6829.0,"days_covered":18,"daytime_peak_f":102.2,"heat_anomaly_f":5.4,"extreme_pct":33.0,"nighttime_stress_f":-2.9,"daytime_peak_f_climrel":0.8011,"heat_anomaly_f_climrel":0.8011,"nighttime_stress_f_climrel":-0.3,"extreme_pct_climrel":0.825,"ref_daytime_hi_mean":96.9,"ref_daytime_hi_p95":102.4,"rwi_mean":null,"health_per_10k":0.0,"built_frac":0.548,"tree_frac":0.172,"canopy_frac_over_3m":0.151,"viirs_mean":50.5,"gdl_hdi":0.936,"gdl_region":"Florida","ghsl_smod":30,"lst_anomaly_c":0.9,"lst_anomaly_c_climrel":0.1125,"worldpop_pop_total":6196.0,"frac_under5":6.0,"frac_elderly_65plus":16.6,"frac_elderly_75plus":5.2,"old_age_dependency_ratio":0.257,"has_data":true},"geometry":{"type":"Polygon","coordinates":[[[-80.226532,25.879471],[-80.218523,25.879788],[-80.218383,25.876152],[-80.214292,25.876323],[-80.210246,25.876491],[-80.209063,25.876542],[-80.208652,25.869239],[-80.209918,25.869232],[-80.21398,25.86908],[-80.218089,25.868919],[-80.226136,25.868601],[-80.226365,25.875831],[-80.226532,25.879471]]]}},{"type":"Feature","properties":{"unit_id":"12086004403","name":"Census Tract 44.03","native_id":"12086004403","source":"census_tract_2025","adm3_name":"Miami-Dade County","adm3_id":"12086","area_sqm":326360,"split":false,"population":1661.2902210980333,"days_covered":18,"daytime_peak_f":102.9,"heat_anomaly_f":6.1,"extreme_pct":44.0,"nighttime_stress_f":-3.1,"daytime_peak_f_climrel":0.9278,"heat_anomaly_f_climrel":0.9278,"nighttime_stress_f_climrel":-0.3,"extreme_pct_climrel":1,"ref_daytime_hi_mean":96.9,"ref_daytime_hi_p95":102.1,"rwi_mean":null,"health_per_10k":12.0388356868681,"built_frac":0.958,"tree_frac":0.036,"canopy_frac_over_3m":0.16,"viirs_mean":143.3,"gdl_hdi":0.936,"gdl_region":"Florida","ghsl_smod":30,"lst_anomaly_c":0.49,"lst_anomaly_c_climrel":0.0612,"worldpop_pop_total":2249.0,"frac_under5":3.6,"frac_elderly_65plus":16.2,"frac_elderly_75plus":6.6,"old_age_dependency_ratio":0.217,"has_data":true},"geometry":{"type":"Polygon","coordinates":[[[-80.136235,25.780629],[-80.131695,25.780561],[-80.131982,25.779343],[-80.132483,25.776933],[-80.132997,25.7746],[-80.133514,25.772223],[-80.134644,25.772388],[-80.135983,25.772374],[-80.136036,25.77444],[-80.136128,25.777054],[-80.136174,25.77828],[-80.136208,25.779393],[-80.136235,25.780629]]]}},{"type":"Feature","properties":{"unit_id":"12086008807","name":"Census Tract 88.07","native_id":"12086008807","source":"census_tract_2025","adm3_name":"Miami-Dade County","adm3_id":"12086","area_sqm":1287621,"split":false,"population":4662.0,"days_covered":18,"daytime_peak_f":102.4,"heat_anomaly_f":4.6,"extreme_pct":33.0,"nighttime_stress_f":-5.5,"daytime_peak_f_climrel":0.6622,"heat_anomaly_f_climrel":0.6622,"nighttime_stress_f_climrel":-0.3,"extreme_pct_climrel":0.825,"ref_daytime_hi_mean":97.8,"ref_daytime_hi_p95":103.3,"rwi_mean":null,"health_per_10k":0.0,"built_frac":0.832,"tree_frac":0.104,"canopy_frac_over_3m":0.139,"viirs_mean":57.8,"gdl_hdi":0.936,"gdl_region":"Florida","ghsl_smod":30,"lst_anomaly_c":-0.02,"lst_anomaly_c_climrel":0,"worldpop_pop_total":3877.0,"frac_under5":3.3,"frac_elderly_65plus":32.2,"frac_elderly_75plus":18.4,"old_age_dependency_ratio":0.563,"has_data":true},"geometry":{"type":"Polygon","coordinates":[[[-80.367734,25.744948],[-80.367711,25.746714],[-80.35969,25.747008],[-80.357697,25.747057],[-80.351628,25.747209],[-80.351695,25.739959],[-80.356333,25.739845],[-80.359745,25.739784],[-80.363741,25.739668],[-80.367718,25.739572],[-80.367717,25.743181],[-80.367734,25.744948]]]}},{"type":"Feature","properties":{"unit_id":"12086001501","name":"Census Tract 15.01","native_id":"12086001501","source":"census_tract_2025","adm3_name":"Miami-Dade County","adm3_id":"12086","area_sqm":683702,"split":false,"population":2855.0,"days_covered":18,"daytime_peak_f":101.9,"heat_anomaly_f":5.5,"extreme_pct":39.0,"nighttime_stress_f":-3.1,"daytime_peak_f_climrel":0.8322,"heat_anomaly_f_climrel":0.8322,"nighttime_stress_f_climrel":-0.3,"extreme_pct_climrel":0.975,"ref_daytime_hi_mean":96.4,"ref_daytime_hi_p95":101.7,"rwi_mean":null,"health_per_10k":0.0,"built_frac":0.785,"tree_frac":0.125,"canopy_frac_over_3m":0.108,"viirs_mean":81.1,"gdl_hdi":0.936,"gdl_region":"Florida","ghsl_smod":30,"lst_anomaly_c":4.09,"lst_anomaly_c_climrel":0.5112,"worldpop_pop_total":2375.0,"frac_under5":7.9,"frac_elderly_65plus":11.7,"frac_elderly_75plus":3.8,"old_age_dependency_ratio":0.184,"has_data":true},"geometry":{"type":"Polygon","coordinates":[[[-80.225252,25.839124],[-80.216995,25.839403],[-80.216786,25.835715],[-80.216592,25.831979],[-80.220765,25.831835],[-80.222882,25.83176],[-80.224902,25.831729],[-80.225252,25.839124]]]}},{"type":"Feature","properties":{"unit_id":"12086000804","name":"Census Tract 8.04","native_id":"12086000804","source":"census_tract_2025","adm3_name":"Miami-Dade County","adm3_id":"12086","area_sqm":1028529,"split":false,"population":2815.0,"days_covered":18,"daytime_peak_f":102.1,"heat_anomaly_f":4.6,"extreme_pct":44.0,"nighttime_stress_f":-4.1,"daytime_peak_f_climrel":0.6814,"heat_anomaly_f_climrel":0.6814,"nighttime_stress_f_climrel":-0.3,"extreme_pct_climrel":1,"ref_daytime_hi_mean":97.5,"ref_daytime_hi_p95":102.7,"rwi_mean":null,"health_per_10k":0.0,"built_frac":0.91,"tree_frac":0.073,"canopy_frac_over_3m":0.133,"viirs_mean":104.6,"gdl_hdi":0.936,"gdl_region":"Florida","ghsl_smod":30,"lst_anomaly_c":3.06,"lst_anomaly_c_climrel":0.3825,"worldpop_pop_total":3765.0,"frac_under5":3.8,"frac_elderly_65plus":26.4,"frac_elderly_75plus":13.3,"old_age_dependency_ratio":0.428,"has_data":true},"geometry":{"type":"Polygon","coordinates":[[[-80.279997,25.841487],[-80.274041,25.841678],[-80.272046,25.841741],[-80.271978,25.841534],[-80.271927,25.839299],[-80.271836,25.836579],[-80.271744,25.833854],[-80.271533,25.830236],[-80.275598,25.83011],[-80.279631,25.829955],[-80.27972,25.832702],[-80.279738,25.833618],[-80.279858,25.836357],[-80.280056,25.840904],[-80.279997,25.841487]]]}},{"type":"Feature","properties":{"unit_id":"12086014701","name":"Census Tract 147.01","native_id":"12086014701","source":"census_tract_2025","adm3_name":"Miami-Dade County","adm3_id":"12086","area_sqm":183129,"split":false,"population":754.9930390659225,"days_covered":18,"daytime_peak_f":102.3,"heat_anomaly_f":4.1,"extreme_pct":33.0,"nighttime_stress_f":-5.1,"daytime_peak_f_climrel":0.6155,"heat_anomaly_f_climrel":0.6155,"nighttime_stress_f_climrel":-0.3,"extreme_pct_climrel":0.825,"ref_daytime_hi_mean":98.1,"ref_daytime_hi_p95":103.4,"rwi_mean":null,"health_per_10k":0.0,"built_frac":0.565,"tree_frac":0.104,"canopy_frac_over_3m":0.109,"viirs_mean":79.0,"gdl_hdi":0.936,"gdl_region":"Florida","ghsl_smod":30,"lst_anomaly_c":1.53,"lst_anomaly_c_climrel":0.1913,"worldpop_pop_total":1921.0,"frac_under5":4.5,"frac_elderly_65plus":23.9,"frac_elderly_75plus":11.0,"old_age_dependency_ratio":0.382,"has_data":true},"geometry":{"type":"Polygon","coordinates":[[[-80.395155,25.755694],[-80.392469,25.757295],[-80.391012,25.755455],[-80.39075,25.75493],[-80.390562,25.754436],[-80.390366,25.751637],[-80.392221,25.751705],[-80.393538,25.752066],[-80.395034,25.752811],[-80.395929,25.753474],[-80.395155,25.755694]]]}},{"type":"Feature","properties":{"unit_id":"12086002404","name":"Census Tract 24.04","native_id":"12086002404","source":"census_tract_2025","adm3_name":"Miami-Dade County","adm3_id":"12086","area_sqm":920681,"split":false,"population":4208.0,"days_covered":18,"daytime_peak_f":101.9,"heat_anomaly_f":5.5,"extreme_pct":39.0,"nighttime_stress_f":-3.1,"daytime_peak_f_climrel":0.8322,"heat_anomaly_f_climrel":0.8322,"nighttime_stress_f_climrel":-0.3,"extreme_pct_climrel":0.975,"ref_daytime_hi_mean":96.4,"ref_daytime_hi_p95":101.7,"rwi_mean":null,"health_per_10k":0.0,"built_frac":0.786,"tree_frac":0.129,"canopy_frac_over_3m":0.162,"viirs_mean":101.6,"gdl_hdi":0.936,"gdl_region":"Florida","ghsl_smod":30,"lst_anomaly_c":1.56,"lst_anomaly_c_climrel":0.195,"worldpop_pop_total":6100.0,"frac_under5":4.2,"frac_elderly_65plus":35.2,"frac_elderly_75plus":17.0,"old_age_dependency_ratio":0.669,"has_data":true},"geometry":{"type":"Polygon","coordinates":[[[-80.232163,25.812038],[-80.228104,25.812135],[-80.224021,25.812211],[-80.223877,25.809529],[-80.223764,25.806909],[-80.223736,25.80585],[-80.223676,25.804409],[-80.223561,25.802147],[-80.227664,25.80202],[-80.231761,25.801903],[-80.231911,25.805648],[-80.232057,25.809331],[-80.232132,25.811197],[-80.232163,25.812038]]]}},{"type":"Feature","properties":{"unit_id":"12086013900","name":"Census Tract 139","native_id":"12086013900","source":"census_tract_2025","adm3_name":"Miami-Dade County","adm3_id":"12086","area_sqm":875157,"split":false,"population":1329.0,"days_covered":18,"daytime_peak_f":102.6,"heat_anomaly_f":4.5,"extreme_pct":28.0,"nighttime_stress_f":-4.7,"daytime_peak_f_climrel":0.6666,"heat_anomaly_f_climrel":0.6666,"nighttime_stress_f_climrel":-0.3,"extreme_pct_climrel":0.7,"ref_daytime_hi_mean":98.0,"ref_daytime_hi_p95":103.2,"rwi_mean":null,"health_per_10k":0.0,"built_frac":0.778,"tree_frac":0.002,"canopy_frac_over_3m":0.067,"viirs_mean":68.7,"gdl_hdi":0.936,"gdl_region":"Florida","ghsl_smod":30,"lst_anomaly_c":3.43,"lst_anomaly_c_climrel":0.4288,"worldpop_pop_total":4826.0,"frac_under5":3.5,"frac_elderly_65plus":23.4,"frac_elderly_75plus":9.8,"old_age_dependency_ratio":0.365,"has_data":true},"geometry":{"type":"Polygon","coordinates":[[[-80.34746,25.878797],[-80.343465,25.878807],[-80.339314,25.878821],[-80.339218,25.877017],[-80.339158,25.875226],[-80.338952,25.869803],[-80.339023,25.868243],[-80.339,25.867122],[-80.339546,25.866223],[-80.341114,25.867059],[-80.344616,25.869754],[-80.34724,25.87166],[-80.347276,25.875183],[-80.347359,25.876996],[-80.34746,25.878797]]]}},{"type":"Feature","properties":{"unit_id":"12086005804","name":"Census Tract 58.04","native_id":"12086005804","source":"census_tract_2025","adm3_name":"Miami-Dade County","adm3_id":"12086","area_sqm":1016717,"split":false,"population":2995.776455990314,"days_covered":18,"daytime_peak_f":102.1,"heat_anomaly_f":4.6,"extreme_pct":44.0,"nighttime_stress_f":-4.1,"daytime_peak_f_climrel":0.6814,"heat_anomaly_f_climrel":0.6814,"nighttime_stress_f_climrel":-0.3,"extreme_pct_climrel":1,"ref_daytime_hi_mean":97.5,"ref_daytime_hi_p95":102.7,"rwi_mean":null,"health_per_10k":0.0,"built_frac":0.911,"tree_frac":0.054,"canopy_frac_over_3m":0.137,"viirs_mean":90.5,"gdl_hdi":0.936,"gdl_region":"Florida","ghsl_smod":30,"lst_anomaly_c":null,"lst_anomaly_c_climrel":null,"worldpop_pop_total":2985.0,"frac_under5":3.2,"frac_elderly_65plus":29.1,"frac_elderly_75plus":14.8,"old_age_dependency_ratio":0.476,"has_data":true},"geometry":{"type":"Polygon","coordinates":[[[-80.315774,25.768089],[-80.313045,25.770141],[-80.307644,25.77035],[-80.3042,25.770498],[-80.304057,25.766823],[-80.303901,25.763099],[-80.307434,25.762979],[-80.309814,25.762896],[-80.31186,25.76283],[-80.315732,25.762717],[-80.317774,25.76264],[-80.315774,25.768089]]]}},{"type":"Feature","properties":{"unit_id":"12086980800","name":"Census Tract 9808","native_id":"12086980800","source":"census_tract_2025","adm3_name":"Miami-Dade County","adm3_id":"12086","area_sqm":6403671,"split":false,"population":1762.0,"days_covered":18,"daytime_peak_f":102.6,"heat_anomaly_f":4.5,"extreme_pct":28.0,"nighttime_stress_f":-4.7,"daytime_peak_f_climrel":0.6666,"heat_anomaly_f_climrel":0.6666,"nighttime_stress_f_climrel":-0.3,"extreme_pct_climrel":0.7,"ref_daytime_hi_mean":98.0,"ref_daytime_hi_p95":103.2,"rwi_mean":null,"health_per_10k":0.0,"built_frac":0.581,"tree_frac":0.004,"canopy_frac_over_3m":0.012,"viirs_mean":68.2,"gdl_hdi":0.936,"gdl_region":"Florida","ghsl_smod":30,"lst_anomaly_c":0.44,"lst_anomaly_c_climrel":0.055,"worldpop_pop_total":0.0,"frac_under5":10.4,"frac_elderly_65plus":46.6,"frac_elderly_75plus":45.9,"old_age_dependency_ratio":1.8,"has_data":true},"geometry":{"type":"Polygon","coordinates":[[[-80.292645,25.913364],[-80.27607,25.914211],[-80.260173,25.914913],[-80.259122,25.914975],[-80.2586,25.914214],[-80.258253,25.911291],[-80.258252,25.911271],[-80.258179,25.905907],[-80.258269,25.900376],[-80.260015,25.896631],[-80.267661,25.896525],[-80.267693,25.898184],[-80.275541,25.897941],[-80.275465,25.896268],[-80.281772,25.896199],[-80.287519,25.897082],[-80.290059,25.898445],[-80.292002,25.898616],[-80.292017,25.898841],[-80.292514,25.909864],[-80.292645,25.913364]]]}},{"type":"Feature","properties":{"unit_id":"12086010709","name":"Census Tract 107.09","native_id":"12086010709","source":"census_tract_2025","adm3_name":"Miami-Dade County","adm3_id":"12086","area_sqm":1351750,"split":false,"population":1852.9617278459268,"days_covered":18,"daytime_peak_f":101.3,"heat_anomaly_f":3.8,"extreme_pct":28.0,"nighttime_stress_f":-6.7,"daytime_peak_f_climrel":0.5456,"heat_anomaly_f_climrel":0.5456,"nighttime_stress_f_climrel":-0.3,"extreme_pct_climrel":0.7,"ref_daytime_hi_mean":97.6,"ref_daytime_hi_p95":102.6,"rwi_mean":null,"health_per_10k":0.0,"built_frac":0.664,"tree_frac":0.016,"canopy_frac_over_3m":0.046,"viirs_mean":42.4,"gdl_hdi":0.936,"gdl_region":"Florida","ghsl_smod":30,"lst_anomaly_c":null,"lst_anomaly_c_climrel":null,"worldpop_pop_total":11599.0,"frac_under5":8.0,"frac_elderly_65plus":7.7,"frac_elderly_75plus":2.6,"old_age_dependency_ratio":0.111,"has_data":true},"geometry":{"type":"Polygon","coordinates":[[[-80.389433,25.536819],[-80.38007,25.537057],[-80.372078,25.537132],[-80.365607,25.537294],[-80.368431,25.534347],[-80.370984,25.532729],[-80.37304,25.531976],[-80.388291,25.529253],[-80.388335,25.529246],[-80.38834,25.529891],[-80.388362,25.532334],[-80.389149,25.533262],[-80.389433,25.536819]]]}},{"type":"Feature","properties":{"unit_id":"12086010502","name":"Census Tract 105.02","native_id":"12086010502","source":"census_tract_2025","adm3_name":"Miami-Dade County","adm3_id":"12086","area_sqm":5218380,"split":false,"population":9216.0,"days_covered":18,"daytime_peak_f":101.3,"heat_anomaly_f":3.8,"extreme_pct":28.0,"nighttime_stress_f":-6.7,"daytime_peak_f_climrel":0.5456,"heat_anomaly_f_climrel":0.5456,"nighttime_stress_f_climrel":-0.3,"extreme_pct_climrel":0.7,"ref_daytime_hi_mean":97.6,"ref_daytime_hi_p95":102.6,"rwi_mean":null,"health_per_10k":2.170138888888889,"built_frac":0.377,"tree_frac":0.222,"canopy_frac_over_3m":0.192,"viirs_mean":44.2,"gdl_hdi":0.936,"gdl_region":"Florida","ghsl_smod":30,"lst_anomaly_c":null,"lst_anomaly_c_climrel":null,"worldpop_pop_total":14933.0,"frac_under5":7.1,"frac_elderly_65plus":9.7,"frac_elderly_75plus":3.1,"old_age_dependency_ratio":0.144,"has_data":true},"geometry":{"type":"Polygon","coordinates":[[[-80.411439,25.536488],[-80.396933,25.551268],[-80.396597,25.551092],[-80.396251,25.551449],[-80.392529,25.551441],[-80.380206,25.551584],[-80.380243,25.552827],[-80.376248,25.551635],[-80.372071,25.551629],[-80.372098,25.544363],[-80.372078,25.537132],[-80.38007,25.537057],[-80.389433,25.536819],[-80.392313,25.536747],[-80.396456,25.536661],[-80.408721,25.536504],[-80.410951,25.536505],[-80.411439,25.536488]]]}},{"type":"Feature","properties":{"unit_id":"12086004103","name":"Census Tract 41.03","native_id":"12086004103","source":"census_tract_2025","adm3_name":"Miami-Dade County","adm3_id":"12086","area_sqm":360620,"split":false,"population":871.2346708633363,"days_covered":18,"daytime_peak_f":102.9,"heat_anomaly_f":6.1,"extreme_pct":44.0,"nighttime_stress_f":-3.1,"daytime_peak_f_climrel":0.9278,"heat_anomaly_f_climrel":0.9278,"nighttime_stress_f_climrel":-0.3,"extreme_pct_climrel":1,"ref_daytime_hi_mean":96.9,"ref_daytime_hi_p95":102.1,"rwi_mean":null,"health_per_10k":0.0,"built_frac":0.776,"tree_frac":0.018,"canopy_frac_over_3m":0.144,"viirs_mean":77.7,"gdl_hdi":0.936,"gdl_region":"Florida","ghsl_smod":30,"lst_anomaly_c":-1.86,"lst_anomaly_c_climrel":0,"worldpop_pop_total":1162.0,"frac_under5":2.6,"frac_elderly_65plus":37.6,"frac_elderly_75plus":20.8,"old_age_dependency_ratio":0.676,"has_data":true},"geometry":{"type":"Polygon","coordinates":[[[-80.126133,25.806219],[-80.124698,25.808117],[-80.124667,25.811039],[-80.124188,25.813315],[-80.122996,25.813088],[-80.1211489278547,25.8126023539548],[-80.1213095009396,25.8119225359281],[-80.1223793490032,25.8073931217998],[-80.122925,25.805083],[-80.123270049816,25.8041092977795],[-80.124288,25.803265],[-80.125637,25.803738],[-80.126794,25.804121],[-80.126133,25.806219]]]}},{"type":"Feature","properties":{"unit_id":"12086010707","name":"Census Tract 107.07","native_id":"12086010707","source":"census_tract_2025","adm3_name":"Miami-Dade County","adm3_id":"12086","area_sqm":1683093,"split":false,"population":1248.0,"days_covered":18,"daytime_peak_f":101.3,"heat_anomaly_f":3.8,"extreme_pct":28.0,"nighttime_stress_f":-6.7,"daytime_peak_f_climrel":0.5456,"heat_anomaly_f_climrel":0.5456,"nighttime_stress_f_climrel":-0.3,"extreme_pct_climrel":0.7,"ref_daytime_hi_mean":97.6,"ref_daytime_hi_p95":102.6,"rwi_mean":null,"health_per_10k":0.0,"built_frac":0.556,"tree_frac":0.129,"canopy_frac_over_3m":0.155,"viirs_mean":38.5,"gdl_hdi":0.936,"gdl_region":"Florida","ghsl_smod":30,"lst_anomaly_c":null,"lst_anomaly_c_climrel":null,"worldpop_pop_total":4294.0,"frac_under5":5.5,"frac_elderly_65plus":15.1,"frac_elderly_75plus":5.1,"old_age_dependency_ratio":0.23,"has_data":true},"geometry":{"type":"Polygon","coordinates":[[[-80.404646,25.518178],[-80.401107,25.521919],[-80.397528,25.525694],[-80.394909,25.527545],[-80.388335,25.529246],[-80.388291,25.529253],[-80.388103,25.518288],[-80.391582,25.518252],[-80.396221,25.518236],[-80.396159,25.51459],[-80.404349,25.514525],[-80.407989,25.514462],[-80.404646,25.518178]]]}},{"type":"Feature","properties":{"unit_id":"12086002003","name":"Census Tract 20.03","native_id":"12086002003","source":"census_tract_2025","adm3_name":"Miami-Dade County","adm3_id":"12086","area_sqm":826695,"split":false,"population":2623.0,"days_covered":18,"daytime_peak_f":101.9,"heat_anomaly_f":5.5,"extreme_pct":39.0,"nighttime_stress_f":-3.1,"daytime_peak_f_climrel":0.8322,"heat_anomaly_f_climrel":0.8322,"nighttime_stress_f_climrel":-0.3,"extreme_pct_climrel":0.975,"ref_daytime_hi_mean":96.4,"ref_daytime_hi_p95":101.7,"rwi_mean":null,"health_per_10k":0.0,"built_frac":0.619,"tree_frac":0.318,"canopy_frac_over_3m":0.256,"viirs_mean":93.5,"gdl_hdi":0.936,"gdl_region":"Florida","ghsl_smod":30,"lst_anomaly_c":2.55,"lst_anomaly_c_climrel":0.3187,"worldpop_pop_total":4014.0,"frac_under5":5.5,"frac_elderly_65plus":21.2,"frac_elderly_75plus":6.9,"old_age_dependency_ratio":0.34,"has_data":true},"geometry":{"type":"Polygon","coordinates":[[[-80.206737,25.827157],[-80.206464,25.828607],[-80.206023,25.830733],[-80.206009,25.83232],[-80.200363,25.832502],[-80.196244,25.832622],[-80.196468,25.831441],[-80.195923,25.82528],[-80.200025,25.825174],[-80.202039,25.82511],[-80.206712,25.824975],[-80.206737,25.827157]]]}},{"type":"Feature","properties":{"unit_id":"12086000142","name":"Census Tract 1.42","native_id":"12086000142","source":"census_tract_2025","adm3_name":"Miami-Dade County","adm3_id":"12086","area_sqm":350755,"split":false,"population":6141.0,"days_covered":18,"daytime_peak_f":100.4,"heat_anomaly_f":3.5,"extreme_pct":17.0,"nighttime_stress_f":-2.0,"daytime_peak_f_climrel":0.5167,"heat_anomaly_f_climrel":0.5167,"nighttime_stress_f_climrel":-0.2713,"extreme_pct_climrel":0.425,"ref_daytime_hi_mean":96.9,"ref_daytime_hi_p95":102.3,"rwi_mean":null,"health_per_10k":0.0,"built_frac":0.569,"tree_frac":0.147,"canopy_frac_over_3m":0.197,"viirs_mean":68.9,"gdl_hdi":0.936,"gdl_region":"Florida","ghsl_smod":30,"lst_anomaly_c":-2.94,"lst_anomaly_c_climrel":0,"worldpop_pop_total":7319.0,"frac_under5":3.8,"frac_elderly_65plus":33.9,"frac_elderly_75plus":16.4,"old_age_dependency_ratio":0.632,"has_data":true},"geometry":{"type":"Polygon","coordinates":[[[-80.138484,25.953605],[-80.136616,25.954113],[-80.131839,25.955246],[-80.130523,25.955292],[-80.128807,25.955078],[-80.127627,25.95473],[-80.126234,25.954245],[-80.127439,25.95227],[-80.129849,25.952228],[-80.13169,25.952319],[-80.132593,25.952138],[-80.133079,25.950794],[-80.134539,25.952059],[-80.136559,25.950674],[-80.136595,25.951684],[-80.138499,25.952443],[-80.138484,25.953605]]]}},{"type":"Feature","properties":{"unit_id":"12086003604","name":"Census Tract 36.04","native_id":"12086003604","source":"census_tract_2025","adm3_name":"Miami-Dade County","adm3_id":"12086","area_sqm":215263,"split":false,"population":2188.095274963919,"days_covered":18,"daytime_peak_f":101.9,"heat_anomaly_f":5.5,"extreme_pct":39.0,"nighttime_stress_f":-3.1,"daytime_peak_f_climrel":0.8322,"heat_anomaly_f_climrel":0.8322,"nighttime_stress_f_climrel":-0.3,"extreme_pct_climrel":0.975,"ref_daytime_hi_mean":96.4,"ref_daytime_hi_p95":101.7,"rwi_mean":null,"health_per_10k":0.0,"built_frac":0.818,"tree_frac":0.083,"canopy_frac_over_3m":0.161,"viirs_mean":143.4,"gdl_hdi":0.936,"gdl_region":"Florida","ghsl_smod":30,"lst_anomaly_c":1.05,"lst_anomaly_c_climrel":0.1313,"worldpop_pop_total":2994.0,"frac_under5":4.1,"frac_elderly_65plus":17.1,"frac_elderly_75plus":6.9,"old_age_dependency_ratio":0.242,"has_data":true},"geometry":{"type":"Polygon","coordinates":[[[-80.207693,25.773714],[-80.206056,25.773774],[-80.204387,25.773834],[-80.204254,25.769916],[-80.204171,25.768015],[-80.205842,25.767972],[-80.20752,25.767901],[-80.207595,25.769847],[-80.207693,25.773714]]]}},{"type":"Feature","properties":{"unit_id":"12086010624","name":"Census Tract 106.24","native_id":"12086010624","source":"census_tract_2025","adm3_name":"Miami-Dade County","adm3_id":"12086","area_sqm":1690690,"split":false,"population":3166.0,"days_covered":18,"daytime_peak_f":101.6,"heat_anomaly_f":4.2,"extreme_pct":22.0,"nighttime_stress_f":-6.1,"daytime_peak_f_climrel":0.5768,"heat_anomaly_f_climrel":0.5768,"nighttime_stress_f_climrel":-0.3,"extreme_pct_climrel":0.55,"ref_daytime_hi_mean":97.4,"ref_daytime_hi_p95":103.0,"rwi_mean":null,"health_per_10k":0.0,"built_frac":0.593,"tree_frac":0.141,"canopy_frac_over_3m":0.162,"viirs_mean":33.4,"gdl_hdi":0.936,"gdl_region":"Florida","ghsl_smod":30,"lst_anomaly_c":null,"lst_anomaly_c_climrel":null,"worldpop_pop_total":3999.0,"frac_under5":4.7,"frac_elderly_65plus":20.0,"frac_elderly_75plus":8.4,"old_age_dependency_ratio":0.31,"has_data":true},"geometry":{"type":"Polygon","coordinates":[[[-80.358894,25.578765],[-80.358563,25.581192],[-80.358557,25.582419],[-80.355232,25.585894],[-80.351727,25.590972],[-80.350314,25.593678],[-80.348074,25.594406],[-80.34779,25.592667],[-80.346965,25.591604],[-80.345414,25.589836],[-80.342639,25.586655],[-80.343771,25.585756],[-80.345982,25.581522],[-80.346817,25.580777],[-80.353704,25.577044],[-80.35509,25.576542],[-80.3564,25.576341],[-80.35775,25.576323],[-80.360216,25.576307],[-80.358894,25.578765]]]}},{"type":"Feature","properties":{"unit_id":"12086013700","name":"Census Tract 137","native_id":"12086013700","source":"census_tract_2025","adm3_name":"Miami-Dade County","adm3_id":"12086","area_sqm":1370406,"split":false,"population":3516.0,"days_covered":18,"daytime_peak_f":102.6,"heat_anomaly_f":4.5,"extreme_pct":28.0,"nighttime_stress_f":-4.7,"daytime_peak_f_climrel":0.6666,"heat_anomaly_f_climrel":0.6666,"nighttime_stress_f_climrel":-0.3,"extreme_pct_climrel":0.7,"ref_daytime_hi_mean":98.0,"ref_daytime_hi_p95":103.2,"rwi_mean":null,"health_per_10k":0.0,"built_frac":0.791,"tree_frac":0.01,"canopy_frac_over_3m":0.062,"viirs_mean":127.3,"gdl_hdi":0.936,"gdl_region":"Florida","ghsl_smod":30,"lst_anomaly_c":2.77,"lst_anomaly_c_climrel":0.3463,"worldpop_pop_total":7655.0,"frac_under5":4.7,"frac_elderly_65plus":23.1,"frac_elderly_75plus":12.2,"old_age_dependency_ratio":0.368,"has_data":true},"geometry":{"type":"Polygon","coordinates":[[[-80.339,25.867122],[-80.339023,25.868243],[-80.337477,25.868977],[-80.335082,25.869309],[-80.33101,25.869297],[-80.328082,25.868659],[-80.3251,25.866995],[-80.322849,25.866634],[-80.322584,25.855839],[-80.322569,25.853835],[-80.322561,25.853659],[-80.323062,25.854061],[-80.339546,25.866223],[-80.339,25.867122]]]}},{"type":"Feature","properties":{"unit_id":"12086490100","name":"Census Tract 4901","native_id":"12086490100","source":"census_tract_2025","adm3_name":"Miami-Dade County","adm3_id":"12086","area_sqm":634164,"split":false,"population":3664.0,"days_covered":18,"daytime_peak_f":102.1,"heat_anomaly_f":4.6,"extreme_pct":44.0,"nighttime_stress_f":-4.1,"daytime_peak_f_climrel":0.6814,"heat_anomaly_f_climrel":0.6814,"nighttime_stress_f_climrel":-0.3,"extreme_pct_climrel":1,"ref_daytime_hi_mean":97.5,"ref_daytime_hi_p95":102.7,"rwi_mean":null,"health_per_10k":2.7292576419213974,"built_frac":0.897,"tree_frac":0.047,"canopy_frac_over_3m":0.116,"viirs_mean":140.0,"gdl_hdi":0.936,"gdl_region":"Florida","ghsl_smod":30,"lst_anomaly_c":3.26,"lst_anomaly_c_climrel":0.4075,"worldpop_pop_total":1178.0,"frac_under5":3.5,"frac_elderly_65plus":23.6,"frac_elderly_75plus":11.1,"old_age_dependency_ratio":0.356,"has_data":true},"geometry":{"type":"Polygon","coordinates":[[[-80.26409,25.7851],[-80.261216,25.785897],[-80.255886,25.786046],[-80.255714,25.778936],[-80.262387,25.778753],[-80.264004,25.778715],[-80.26408,25.782491],[-80.26409,25.7851]]]}},{"type":"Feature","properties":{"unit_id":"12086009326","name":"Census Tract 93.26","native_id":"12086009326","source":"census_tract_2025","adm3_name":"Miami-Dade County","adm3_id":"12086","area_sqm":657902,"split":false,"population":3069.0,"days_covered":18,"daytime_peak_f":102.6,"heat_anomaly_f":4.5,"extreme_pct":28.0,"nighttime_stress_f":-4.7,"daytime_peak_f_climrel":0.6666,"heat_anomaly_f_climrel":0.6666,"nighttime_stress_f_climrel":-0.3,"extreme_pct_climrel":0.7,"ref_daytime_hi_mean":98.0,"ref_daytime_hi_p95":103.2,"rwi_mean":null,"health_per_10k":0.0,"built_frac":0.9,"tree_frac":0.05,"canopy_frac_over_3m":0.13,"viirs_mean":90.5,"gdl_hdi":0.936,"gdl_region":"Florida","ghsl_smod":30,"lst_anomaly_c":0.4,"lst_anomaly_c_climrel":0.05,"worldpop_pop_total":3408.0,"frac_under5":3.9,"frac_elderly_65plus":25.4,"frac_elderly_75plus":12.7,"old_age_dependency_ratio":0.404,"has_data":true},"geometry":{"type":"Polygon","coordinates":[[[-80.315282,25.877026],[-80.307249,25.877028],[-80.307067,25.873391],[-80.306908,25.870165],[-80.306908,25.869675],[-80.314937,25.869592],[-80.315005,25.870863],[-80.315106,25.873755],[-80.315282,25.877026]]]}},{"type":"Feature","properties":{"unit_id":"12086000415","name":"Census Tract 4.15","native_id":"12086000415","source":"census_tract_2025","adm3_name":"Miami-Dade County","adm3_id":"12086","area_sqm":1102711,"split":false,"population":3443.0,"days_covered":18,"daytime_peak_f":102.2,"heat_anomaly_f":5.4,"extreme_pct":33.0,"nighttime_stress_f":-2.9,"daytime_peak_f_climrel":0.8011,"heat_anomaly_f_climrel":0.8011,"nighttime_stress_f_climrel":-0.3,"extreme_pct_climrel":0.825,"ref_daytime_hi_mean":96.9,"ref_daytime_hi_p95":102.4,"rwi_mean":null,"health_per_10k":0.0,"built_frac":0.372,"tree_frac":0.292,"canopy_frac_over_3m":0.189,"viirs_mean":44.6,"gdl_hdi":0.936,"gdl_region":"Florida","ghsl_smod":30,"lst_anomaly_c":-2.01,"lst_anomaly_c_climrel":0,"worldpop_pop_total":2611.0,"frac_under5":5.6,"frac_elderly_65plus":18.5,"frac_elderly_75plus":6.6,"old_age_dependency_ratio":0.293,"has_data":true},"geometry":{"type":"Polygon","coordinates":[[[-80.23475,25.882771],[-80.230744,25.882935],[-80.226737,25.883098],[-80.226532,25.879471],[-80.226365,25.875831],[-80.226136,25.868601],[-80.227871,25.868545],[-80.234327,25.868316],[-80.234335,25.870393],[-80.234198,25.871495],[-80.234178,25.873698],[-80.234503,25.875657],[-80.23475,25.882771]]]}},{"type":"Feature","properties":{"unit_id":"12086009051","name":"Census Tract 90.51","native_id":"12086009051","source":"census_tract_2025","adm3_name":"Miami-Dade County","adm3_id":"12086","area_sqm":1297761,"split":false,"population":1611.0,"days_covered":18,"daytime_peak_f":102.1,"heat_anomaly_f":4.6,"extreme_pct":44.0,"nighttime_stress_f":-4.1,"daytime_peak_f_climrel":0.6814,"heat_anomaly_f_climrel":0.6814,"nighttime_stress_f_climrel":-0.3,"extreme_pct_climrel":1,"ref_daytime_hi_mean":97.5,"ref_daytime_hi_p95":102.7,"rwi_mean":null,"health_per_10k":6.207324643078833,"built_frac":0.68,"tree_frac":0.145,"canopy_frac_over_3m":0.159,"viirs_mean":95.1,"gdl_hdi":0.936,"gdl_region":"Florida","ghsl_smod":30,"lst_anomaly_c":-1.45,"lst_anomaly_c_climrel":0,"worldpop_pop_total":2731.0,"frac_under5":3.1,"frac_elderly_65plus":28.4,"frac_elderly_75plus":15.2,"old_age_dependency_ratio":0.472,"has_data":true},"geometry":{"type":"Polygon","coordinates":[[[-80.336426,25.769605],[-80.320638,25.769881],[-80.320468,25.764791],[-80.320871,25.762398],[-80.327936,25.762182],[-80.336173,25.76199],[-80.336289,25.765901],[-80.336426,25.769605]]]}},{"type":"Feature","properties":{"unit_id":"12086019100","name":"Census Tract 191","native_id":"12086019100","source":"census_tract_2025","adm3_name":"Miami-Dade County","adm3_id":"12086","area_sqm":1869865,"split":false,"population":1670.0,"days_covered":18,"daytime_peak_f":102.4,"heat_anomaly_f":4.6,"extreme_pct":33.0,"nighttime_stress_f":-5.5,"daytime_peak_f_climrel":0.6622,"heat_anomaly_f_climrel":0.6622,"nighttime_stress_f_climrel":-0.3,"extreme_pct_climrel":0.825,"ref_daytime_hi_mean":97.8,"ref_daytime_hi_p95":103.3,"rwi_mean":null,"health_per_10k":11.976047904191617,"built_frac":0.614,"tree_frac":0.301,"canopy_frac_over_3m":0.21,"viirs_mean":62.4,"gdl_hdi":0.936,"gdl_region":"Florida","ghsl_smod":30,"lst_anomaly_c":-0.28,"lst_anomaly_c_climrel":0,"worldpop_pop_total":6815.0,"frac_under5":3.0,"frac_elderly_65plus":28.0,"frac_elderly_75plus":11.8,"old_age_dependency_ratio":0.46,"has_data":true},"geometry":{"type":"Polygon","coordinates":[[[-80.400657,25.685886],[-80.395899,25.686062],[-80.39391,25.68615],[-80.389221,25.686131],[-80.388896,25.677632],[-80.388651,25.671717],[-80.392117,25.671602],[-80.400247,25.671325],[-80.400511,25.678578],[-80.400579,25.680497],[-80.400602,25.680985],[-80.400657,25.685886]]]}},{"type":"Feature","properties":{"unit_id":"12086010626","name":"Census Tract 106.26","native_id":"12086010626","source":"census_tract_2025","adm3_name":"Miami-Dade County","adm3_id":"12086","area_sqm":3649741,"split":false,"population":4716.0,"days_covered":18,"daytime_peak_f":101.3,"heat_anomaly_f":3.8,"extreme_pct":28.0,"nighttime_stress_f":-6.7,"daytime_peak_f_climrel":0.5456,"heat_anomaly_f_climrel":0.5456,"nighttime_stress_f_climrel":-0.3,"extreme_pct_climrel":0.7,"ref_daytime_hi_mean":97.6,"ref_daytime_hi_p95":102.6,"rwi_mean":null,"health_per_10k":0.0,"built_frac":0.138,"tree_frac":0.166,"canopy_frac_over_3m":0.213,"viirs_mean":29.3,"gdl_hdi":0.936,"gdl_region":"Florida","ghsl_smod":11,"lst_anomaly_c":null,"lst_anomaly_c_climrel":null,"worldpop_pop_total":4375.0,"frac_under5":6.0,"frac_elderly_65plus":11.8,"frac_elderly_75plus":5.2,"old_age_dependency_ratio":0.178,"has_data":true},"geometry":{"type":"Polygon","coordinates":[[[-80.363696,25.540593],[-80.362635,25.544521],[-80.362564,25.545408],[-80.36266,25.551708],[-80.362713,25.559437],[-80.362762,25.562271],[-80.36279,25.566444],[-80.362811,25.56843],[-80.362159,25.56844],[-80.362041,25.56644],[-80.36027,25.561213],[-80.359126,25.559293],[-80.357855,25.559486],[-80.356659,25.560469],[-80.355473,25.559363],[-80.351887,25.559247],[-80.34778,25.559242],[-80.34774,25.554561],[-80.347803,25.551791],[-80.347732,25.548852],[-80.347508,25.537415],[-80.365607,25.537294],[-80.363696,25.540593]]]}},{"type":"Feature","properties":{"unit_id":"12086009044","name":"Census Tract 90.44","native_id":"12086009044","source":"census_tract_2025","adm3_name":"Miami-Dade County","adm3_id":"12086","area_sqm":684828,"split":false,"population":4582.0,"days_covered":18,"daytime_peak_f":101.7,"heat_anomaly_f":3.6,"extreme_pct":17.0,"nighttime_stress_f":-4.8,"daytime_peak_f_climrel":0.5257,"heat_anomaly_f_climrel":0.5257,"nighttime_stress_f_climrel":-0.3,"extreme_pct_climrel":0.425,"ref_daytime_hi_mean":98.1,"ref_daytime_hi_p95":103.0,"rwi_mean":null,"health_per_10k":0.0,"built_frac":0.685,"tree_frac":0.038,"canopy_frac_over_3m":0.074,"viirs_mean":38.5,"gdl_hdi":0.936,"gdl_region":"Florida","ghsl_smod":30,"lst_anomaly_c":-0.39,"lst_anomaly_c_climrel":0,"worldpop_pop_total":5410.0,"frac_under5":5.2,"frac_elderly_65plus":7.4,"frac_elderly_75plus":2.4,"old_age_dependency_ratio":0.106,"has_data":true},"geometry":{"type":"Polygon","coordinates":[[[-80.387658,25.855246],[-80.387242,25.855233],[-80.378707,25.855203],[-80.378603,25.85154],[-80.37905,25.849436],[-80.380193,25.847959],[-80.387061,25.847857],[-80.387525,25.847837],[-80.387658,25.855246]]]}},{"type":"Feature","properties":{"unit_id":"12086006715","name":"Census Tract 67.15","native_id":"12086006715","source":"census_tract_2025","adm3_name":"Miami-Dade County","adm3_id":"12086","area_sqm":1383765,"split":false,"population":4099.0,"days_covered":18,"daytime_peak_f":101.9,"heat_anomaly_f":5.5,"extreme_pct":39.0,"nighttime_stress_f":-3.1,"daytime_peak_f_climrel":0.8322,"heat_anomaly_f_climrel":0.8322,"nighttime_stress_f_climrel":-0.3,"extreme_pct_climrel":0.975,"ref_daytime_hi_mean":96.4,"ref_daytime_hi_p95":101.7,"rwi_mean":null,"health_per_10k":0.0,"built_frac":0.562,"tree_frac":0.382,"canopy_frac_over_3m":0.349,"viirs_mean":90.0,"gdl_hdi":0.936,"gdl_region":"Florida","ghsl_smod":30,"lst_anomaly_c":-2.58,"lst_anomaly_c_climrel":0,"worldpop_pop_total":5026.0,"frac_under5":5.0,"frac_elderly_65plus":15.1,"frac_elderly_75plus":6.4,"old_age_dependency_ratio":0.21,"has_data":true},"geometry":{"type":"Polygon","coordinates":[[[-80.21918,25.747813],[-80.21455,25.751063],[-80.214167,25.751283],[-80.209042,25.754792],[-80.207291,25.756015],[-80.203979,25.758277],[-80.199655,25.76125],[-80.198856,25.761454],[-80.197164,25.760478],[-80.196486,25.760091],[-80.196209,25.759932],[-80.195081,25.759304],[-80.192879,25.758009],[-80.194582,25.756823],[-80.195902,25.755903],[-80.197296,25.754934],[-80.19984,25.753165],[-80.201616,25.751931],[-80.203004,25.750969],[-80.203968,25.750403],[-80.207838,25.750126],[-80.208769,25.750198],[-80.211935,25.749319],[-80.219787,25.746554],[-80.21918,25.747813]]]}},{"type":"Feature","properties":{"unit_id":"12086008424","name":"Census Tract 84.24","native_id":"12086008424","source":"census_tract_2025","adm3_name":"Miami-Dade County","adm3_id":"12086","area_sqm":542240,"split":false,"population":4092.0,"days_covered":18,"daytime_peak_f":102.4,"heat_anomaly_f":4.6,"extreme_pct":33.0,"nighttime_stress_f":-5.5,"daytime_peak_f_climrel":0.6622,"heat_anomaly_f_climrel":0.6622,"nighttime_stress_f_climrel":-0.3,"extreme_pct_climrel":0.825,"ref_daytime_hi_mean":97.8,"ref_daytime_hi_p95":103.3,"rwi_mean":null,"health_per_10k":0.0,"built_frac":0.742,"tree_frac":0.103,"canopy_frac_over_3m":0.17,"viirs_mean":63.4,"gdl_hdi":0.936,"gdl_region":"Florida","ghsl_smod":30,"lst_anomaly_c":-1.57,"lst_anomaly_c_climrel":0,"worldpop_pop_total":4135.0,"frac_under5":3.3,"frac_elderly_65plus":29.9,"frac_elderly_75plus":15.1,"old_age_dependency_ratio":0.496,"has_data":true},"geometry":{"type":"Polygon","coordinates":[[[-80.375753,25.67215],[-80.369882,25.672315],[-80.367697,25.672411],[-80.365707,25.672156],[-80.372361,25.664733],[-80.375592,25.664577],[-80.375628,25.667343],[-80.375698,25.669272],[-80.375753,25.67215]]]}},{"type":"Feature","properties":{"unit_id":"12086008601","name":"Census Tract 86.01","native_id":"12086008601","source":"census_tract_2025","adm3_name":"Miami-Dade County","adm3_id":"12086","area_sqm":2774355,"split":false,"population":5953.0,"days_covered":18,"daytime_peak_f":102.4,"heat_anomaly_f":4.6,"extreme_pct":33.0,"nighttime_stress_f":-5.5,"daytime_peak_f_climrel":0.6622,"heat_anomaly_f_climrel":0.6622,"nighttime_stress_f_climrel":-0.3,"extreme_pct_climrel":0.825,"ref_daytime_hi_mean":97.8,"ref_daytime_hi_p95":103.3,"rwi_mean":null,"health_per_10k":8.399126490844951,"built_frac":0.59,"tree_frac":0.296,"canopy_frac_over_3m":0.199,"viirs_mean":46.2,"gdl_hdi":0.936,"gdl_region":"Florida","ghsl_smod":30,"lst_anomaly_c":2.31,"lst_anomaly_c_climrel":0.2888,"worldpop_pop_total":5360.0,"frac_under5":3.7,"frac_elderly_65plus":27.7,"frac_elderly_75plus":13.7,"old_age_dependency_ratio":0.459,"has_data":true},"geometry":{"type":"Polygon","coordinates":[[[-80.359765,25.732522],[-80.351736,25.732711],[-80.351257,25.723371],[-80.350882,25.716093],[-80.350143,25.70163],[-80.358137,25.701346],[-80.358887,25.715757],[-80.359239,25.723074],[-80.359765,25.732522]]]}},{"type":"Feature","properties":{"unit_id":"12086000302","name":"Census Tract 3.02","native_id":"12086000302","source":"census_tract_2025","adm3_name":"Miami-Dade County","adm3_id":"12086","area_sqm":1078285,"split":false,"population":1481.0,"days_covered":18,"daytime_peak_f":102.2,"heat_anomaly_f":5.4,"extreme_pct":33.0,"nighttime_stress_f":-2.9,"daytime_peak_f_climrel":0.8011,"heat_anomaly_f_climrel":0.8011,"nighttime_stress_f_climrel":-0.3,"extreme_pct_climrel":0.825,"ref_daytime_hi_mean":96.9,"ref_daytime_hi_p95":102.4,"rwi_mean":null,"health_per_10k":0.0,"built_frac":0.48,"tree_frac":0.385,"canopy_frac_over_3m":0.202,"viirs_mean":47.0,"gdl_hdi":0.936,"gdl_region":"Florida","ghsl_smod":30,"lst_anomaly_c":1.76,"lst_anomaly_c_climrel":0.22,"worldpop_pop_total":1970.0,"frac_under5":4.1,"frac_elderly_65plus":20.2,"frac_elderly_75plus":7.3,"old_age_dependency_ratio":0.303,"has_data":true},"geometry":{"type":"Polygon","coordinates":[[[-80.210472,25.916852],[-80.205578,25.916136],[-80.203392,25.914812],[-80.202324,25.913742],[-80.199805,25.910096],[-80.197137,25.906279],[-80.203433,25.90597],[-80.207545,25.905761],[-80.210196,25.905633],[-80.2102,25.91309],[-80.210472,25.916852]]]}}]}