{"type":"FeatureCollection","features":[{"type":"Feature","properties":{"unit_id":"27053021002","name":"Census Tract 210.02 \u2014 Hennepin","native_id":"27053021002","source":"census_tract_2025","adm3_name":"Hennepin County","adm3_id":"27053","area_sqm":1346088,"split":false,"population":1139.0,"days_covered":24,"daytime_peak_f":87.3,"heat_anomaly_f":6.2,"extreme_pct":17.0,"nighttime_stress_f":-2.9,"daytime_peak_f_climrel":0.3752,"heat_anomaly_f_climrel":0.3752,"nighttime_stress_f_climrel":-0.1776,"extreme_pct_climrel":0.425,"ref_daytime_hi_mean":81.1,"ref_daytime_hi_p95":93.7,"rwi_mean":null,"health_per_10k":0.0,"built_frac":0.168,"tree_frac":0.663,"canopy_frac_over_3m":0.436,"viirs_mean":17.7,"gdl_hdi":0.96,"gdl_region":"Minnesota","ghsl_smod":30,"lst_anomaly_c":null,"lst_anomaly_c_climrel":null,"worldpop_pop_total":2229.0,"frac_under5":5.9,"frac_elderly_65plus":24.8,"frac_elderly_75plus":14.2,"old_age_dependency_ratio":0.421,"has_data":true},"geometry":{"type":"Polygon","coordinates":[[[-93.370233,45.013627],[-93.370224,45.014614],[-93.366394,45.01461],[-93.36512,45.01461],[-93.360016,45.014614],[-93.349507,45.014444],[-93.349269,45.014449],[-93.349268,45.009681],[-93.349183,45.00723],[-93.36013,45.007263],[-93.365181,45.007298],[-93.366577,45.007305],[-93.370285,45.007328],[-93.370233,45.013627]]]}},{"type":"Feature","properties":{"unit_id":"27053126300","name":"Census Tract 1263 \u2014 Hennepin","native_id":"27053126300","source":"census_tract_2025","adm3_name":"Hennepin County","adm3_id":"27053","area_sqm":1979097,"split":false,"population":4754.0,"days_covered":24,"daytime_peak_f":87.5,"heat_anomaly_f":6.4,"extreme_pct":17.0,"nighttime_stress_f":-2.8,"daytime_peak_f_climrel":0.3865,"heat_anomaly_f_climrel":0.3865,"nighttime_stress_f_climrel":-0.1712,"extreme_pct_climrel":0.425,"ref_daytime_hi_mean":81.2,"ref_daytime_hi_p95":93.7,"rwi_mean":null,"health_per_10k":0.0,"built_frac":0.642,"tree_frac":0.229,"canopy_frac_over_3m":0.181,"viirs_mean":64.7,"gdl_hdi":0.96,"gdl_region":"Minnesota","ghsl_smod":30,"lst_anomaly_c":null,"lst_anomaly_c_climrel":null,"worldpop_pop_total":2843.0,"frac_under5":5.2,"frac_elderly_65plus":14.9,"frac_elderly_75plus":4.6,"old_age_dependency_ratio":0.227,"has_data":true},"geometry":{"type":"Polygon","coordinates":[[[-93.297165,44.999146],[-93.294089,44.999143],[-93.287987,44.999138],[-93.286439,44.999138],[-93.286453,45.002571],[-93.286438,45.005917],[-93.282436,45.005931],[-93.274436,45.005943],[-93.274424,45.00441],[-93.275431,44.998988],[-93.275768,44.99652],[-93.273645,44.992864],[-93.276375,44.99202],[-93.279818,44.991995],[-93.281428,44.991982],[-93.283792,44.991961],[-93.287994,44.991947],[-93.297194,44.991983],[-93.297165,44.999146]]]}},{"type":"Feature","properties":{"unit_id":"27123040901","name":"Census Tract 409.01 \u2014 Ramsey","native_id":"27123040901","source":"census_tract_2025","adm3_name":"Ramsey County","adm3_id":"27123","area_sqm":2940777,"split":false,"population":2855.0,"days_covered":24,"daytime_peak_f":87.1,"heat_anomaly_f":5.9,"extreme_pct":17.0,"nighttime_stress_f":-2.9,"daytime_peak_f_climrel":0.3472,"heat_anomaly_f_climrel":0.3472,"nighttime_stress_f_climrel":-0.1783,"extreme_pct_climrel":0.425,"ref_daytime_hi_mean":81.1,"ref_daytime_hi_p95":93.9,"rwi_mean":null,"health_per_10k":0.0,"built_frac":0.285,"tree_frac":0.535,"canopy_frac_over_3m":0.387,"viirs_mean":19.2,"gdl_hdi":0.96,"gdl_region":"Minnesota","ghsl_smod":21,"lst_anomaly_c":null,"lst_anomaly_c_climrel":null,"worldpop_pop_total":2368.0,"frac_under5":4.9,"frac_elderly_65plus":15.8,"frac_elderly_75plus":6.1,"old_age_dependency_ratio":0.235,"has_data":true},"geometry":{"type":"Polygon","coordinates":[[[-93.213609,45.124451],[-93.20467,45.124403],[-93.19882,45.124396],[-93.188706,45.124374],[-93.188631,45.118927],[-93.188358,45.118927],[-93.188241,45.10795],[-93.188521,45.107946],[-93.198774,45.108059],[-93.208983,45.108051],[-93.209095,45.115313],[-93.209151,45.118886],[-93.209735,45.122078],[-93.213609,45.124451]]]}},{"type":"Feature","properties":{"unit_id":"27053026702","name":"Census Tract 267.02 \u2014 Hennepin","native_id":"27053026702","source":"census_tract_2025","adm3_name":"Hennepin County","adm3_id":"27053","area_sqm":1922637,"split":false,"population":3926.0,"days_covered":24,"daytime_peak_f":87.3,"heat_anomaly_f":6.2,"extreme_pct":17.0,"nighttime_stress_f":-3.0,"daytime_peak_f_climrel":0.3731,"heat_anomaly_f_climrel":0.3731,"nighttime_stress_f_climrel":-0.1862,"extreme_pct_climrel":0.425,"ref_daytime_hi_mean":81.1,"ref_daytime_hi_p95":93.9,"rwi_mean":null,"health_per_10k":0.0,"built_frac":0.628,"tree_frac":0.223,"canopy_frac_over_3m":0.194,"viirs_mean":42.8,"gdl_hdi":0.96,"gdl_region":"Minnesota","ghsl_smod":30,"lst_anomaly_c":null,"lst_anomaly_c_climrel":null,"worldpop_pop_total":2913.0,"frac_under5":4.1,"frac_elderly_65plus":24.5,"frac_elderly_75plus":13.2,"old_age_dependency_ratio":0.387,"has_data":true},"geometry":{"type":"Polygon","coordinates":[[[-93.413614,45.12347],[-93.40956,45.123404],[-93.409593,45.121932],[-93.407191,45.12335],[-93.402069,45.12323],[-93.396973,45.123238],[-93.390333,45.123617],[-93.388941,45.123581],[-93.388895,45.122498],[-93.391158,45.113034],[-93.391268,45.110686],[-93.395723,45.110507],[-93.395518,45.109722],[-93.398366,45.110681],[-93.402282,45.110686],[-93.403477,45.110687],[-93.403454,45.115526],[-93.40725,45.116109],[-93.407216,45.119457],[-93.413575,45.120087],[-93.413614,45.12347]]]}},{"type":"Feature","properties":{"unit_id":"27123032700","name":"Census Tract 327 \u2014 Ramsey","native_id":"27123032700","source":"census_tract_2025","adm3_name":"Ramsey County","adm3_id":"27123","area_sqm":740026,"split":false,"population":1565.0,"days_covered":24,"daytime_peak_f":87.0,"heat_anomaly_f":6.5,"extreme_pct":17.0,"nighttime_stress_f":-2.0,"daytime_peak_f_climrel":0.3832,"heat_anomaly_f_climrel":0.3832,"nighttime_stress_f_climrel":-0.1206,"extreme_pct_climrel":0.425,"ref_daytime_hi_mean":80.6,"ref_daytime_hi_p95":92.9,"rwi_mean":null,"health_per_10k":0.0,"built_frac":0.581,"tree_frac":0.352,"canopy_frac_over_3m":0.241,"viirs_mean":65.8,"gdl_hdi":0.96,"gdl_region":"Minnesota","ghsl_smod":30,"lst_anomaly_c":null,"lst_anomaly_c_climrel":null,"worldpop_pop_total":2960.0,"frac_under5":7.3,"frac_elderly_65plus":7.5,"frac_elderly_75plus":2.9,"old_age_dependency_ratio":0.112,"has_data":true},"geometry":{"type":"Polygon","coordinates":[[[-93.116131,44.964575],[-93.11613,44.96518],[-93.107256,44.963271],[-93.106239,44.963221],[-93.105969,44.961196],[-93.105999,44.958954],[-93.105963,44.9558],[-93.109334,44.955787],[-93.11059,44.955782],[-93.116131,44.95576],[-93.116131,44.959359],[-93.116132,44.961173],[-93.116131,44.964575]]]}},{"type":"Feature","properties":{"unit_id":"27053026818","name":"Census Tract 268.18 \u2014 Hennepin","native_id":"27053026818","source":"census_tract_2025","adm3_name":"Hennepin County","adm3_id":"27053","area_sqm":2868074,"split":false,"population":3819.0,"days_covered":24,"daytime_peak_f":87.3,"heat_anomaly_f":6.2,"extreme_pct":17.0,"nighttime_stress_f":-3.0,"daytime_peak_f_climrel":0.3731,"heat_anomaly_f_climrel":0.3731,"nighttime_stress_f_climrel":-0.1862,"extreme_pct_climrel":0.425,"ref_daytime_hi_mean":81.1,"ref_daytime_hi_p95":93.9,"rwi_mean":null,"health_per_10k":0.0,"built_frac":0.364,"tree_frac":0.455,"canopy_frac_over_3m":0.284,"viirs_mean":41.4,"gdl_hdi":0.96,"gdl_region":"Minnesota","ghsl_smod":30,"lst_anomaly_c":null,"lst_anomaly_c_climrel":null,"worldpop_pop_total":5922.0,"frac_under5":7.0,"frac_elderly_65plus":11.7,"frac_elderly_75plus":4.5,"old_age_dependency_ratio":0.18,"has_data":true},"geometry":{"type":"Polygon","coordinates":[[[-93.384482,45.094607],[-93.376811,45.09457],[-93.371646,45.094529],[-93.361473,45.094503],[-93.361517,45.086971],[-93.36187,45.08366],[-93.361259,45.08366],[-93.355995,45.082447],[-93.355671,45.076353],[-93.356911,45.076428],[-93.36768,45.077949],[-93.373886,45.078217],[-93.377421,45.08368],[-93.384482,45.094607]]]}},{"type":"Feature","properties":{"unit_id":"27053111600","name":"Census Tract 1116 \u2014 Hennepin","native_id":"27053111600","source":"census_tract_2025","adm3_name":"Hennepin County","adm3_id":"27053","area_sqm":1335477,"split":false,"population":1225.0,"days_covered":24,"daytime_peak_f":87.8,"heat_anomaly_f":6.2,"extreme_pct":17.0,"nighttime_stress_f":-3.2,"daytime_peak_f_climrel":0.3756,"heat_anomaly_f_climrel":0.3756,"nighttime_stress_f_climrel":-0.1982,"extreme_pct_climrel":0.425,"ref_daytime_hi_mean":81.6,"ref_daytime_hi_p95":94.1,"rwi_mean":null,"health_per_10k":8.16326530612245,"built_frac":0.223,"tree_frac":0.687,"canopy_frac_over_3m":0.508,"viirs_mean":25.3,"gdl_hdi":0.96,"gdl_region":"Minnesota","ghsl_smod":30,"lst_anomaly_c":null,"lst_anomaly_c_climrel":null,"worldpop_pop_total":3417.0,"frac_under5":6.3,"frac_elderly_65plus":14.8,"frac_elderly_75plus":4.7,"old_age_dependency_ratio":0.222,"has_data":true},"geometry":{"type":"Polygon","coordinates":[[[-93.274662,44.909253],[-93.27468,44.912432],[-93.274629,44.916047],[-93.267738,44.916111],[-93.262642,44.916107],[-93.262642,44.911194],[-93.262642,44.910679],[-93.262665,44.903414],[-93.267151,44.903389],[-93.267357,44.903873],[-93.271263,44.903103],[-93.274744,44.90354],[-93.274662,44.909253]]]}},{"type":"Feature","properties":{"unit_id":"27053026816","name":"Census Tract 268.16 \u2014 Hennepin","native_id":"27053026816","source":"census_tract_2025","adm3_name":"Hennepin County","adm3_id":"27053","area_sqm":4188852,"split":false,"population":6965.0,"days_covered":24,"daytime_peak_f":87.3,"heat_anomaly_f":6.2,"extreme_pct":17.0,"nighttime_stress_f":-3.0,"daytime_peak_f_climrel":0.3731,"heat_anomaly_f_climrel":0.3731,"nighttime_stress_f_climrel":-0.1862,"extreme_pct_climrel":0.425,"ref_daytime_hi_mean":81.1,"ref_daytime_hi_p95":93.9,"rwi_mean":null,"health_per_10k":1.4357501794687726,"built_frac":0.442,"tree_frac":0.396,"canopy_frac_over_3m":0.293,"viirs_mean":45.5,"gdl_hdi":0.96,"gdl_region":"Minnesota","ghsl_smod":30,"lst_anomaly_c":null,"lst_anomaly_c_climrel":null,"worldpop_pop_total":7916.0,"frac_under5":6.2,"frac_elderly_65plus":11.4,"frac_elderly_75plus":3.5,"old_age_dependency_ratio":0.171,"has_data":true},"geometry":{"type":"Polygon","coordinates":[[[-93.394795,45.10897],[-93.381989,45.109055],[-93.376967,45.109038],[-93.369123,45.10898],[-93.362295,45.10886],[-93.361612,45.108899],[-93.35669,45.108879],[-93.35651,45.103011],[-93.356476,45.099857],[-93.356453,45.098061],[-93.356415,45.095375],[-93.356332,45.094206],[-93.357743,45.09448],[-93.361272,45.094499],[-93.361473,45.094503],[-93.371646,45.094529],[-93.376811,45.09457],[-93.384482,45.094607],[-93.393238,45.105809],[-93.394152,45.107224],[-93.394795,45.10897]]]}},{"type":"Feature","properties":{"unit_id":"27053009500","name":"Census Tract 95 \u2014 Hennepin","native_id":"27053009500","source":"census_tract_2025","adm3_name":"Hennepin County","adm3_id":"27053","area_sqm":641075,"split":false,"population":1302.0,"days_covered":24,"daytime_peak_f":87.8,"heat_anomaly_f":6.2,"extreme_pct":17.0,"nighttime_stress_f":-3.2,"daytime_peak_f_climrel":0.3756,"heat_anomaly_f_climrel":0.3756,"nighttime_stress_f_climrel":-0.1982,"extreme_pct_climrel":0.425,"ref_daytime_hi_mean":81.6,"ref_daytime_hi_p95":94.1,"rwi_mean":null,"health_per_10k":0.0,"built_frac":0.529,"tree_frac":0.425,"canopy_frac_over_3m":0.361,"viirs_mean":31.9,"gdl_hdi":0.96,"gdl_region":"Minnesota","ghsl_smod":30,"lst_anomaly_c":null,"lst_anomaly_c_climrel":null,"worldpop_pop_total":2642.0,"frac_under5":5.8,"frac_elderly_65plus":6.8,"frac_elderly_75plus":2.2,"old_age_dependency_ratio":0.092,"has_data":true},"geometry":{"type":"Polygon","coordinates":[[[-93.267654,44.941383],[-93.266388,44.941377],[-93.262566,44.941367],[-93.262546,44.939556],[-93.262527,44.937761],[-93.262475,44.934148],[-93.262474,44.930544],[-93.262512,44.926943],[-93.267555,44.926937],[-93.26754,44.93055],[-93.26754,44.934158],[-93.267593,44.937775],[-93.267654,44.941383]]]}},{"type":"Feature","properties":{"unit_id":"27123032500","name":"Census Tract 325 \u2014 Ramsey","native_id":"27123032500","source":"census_tract_2025","adm3_name":"Ramsey County","adm3_id":"27123","area_sqm":806486,"split":false,"population":2250.029451953537,"days_covered":24,"daytime_peak_f":87.0,"heat_anomaly_f":6.5,"extreme_pct":17.0,"nighttime_stress_f":-2.0,"daytime_peak_f_climrel":0.3832,"heat_anomaly_f_climrel":0.3832,"nighttime_stress_f_climrel":-0.1206,"extreme_pct_climrel":0.425,"ref_daytime_hi_mean":80.6,"ref_daytime_hi_p95":92.9,"rwi_mean":null,"health_per_10k":0.0,"built_frac":0.443,"tree_frac":0.547,"canopy_frac_over_3m":0.333,"viirs_mean":45.0,"gdl_hdi":0.96,"gdl_region":"Minnesota","ghsl_smod":30,"lst_anomaly_c":null,"lst_anomaly_c_climrel":null,"worldpop_pop_total":4610.0,"frac_under5":7.0,"frac_elderly_65plus":8.2,"frac_elderly_75plus":2.9,"old_age_dependency_ratio":0.121,"has_data":true},"geometry":{"type":"Polygon","coordinates":[[[-93.14661,44.959359],[-93.14661,44.960295],[-93.141553,44.960277],[-93.136494,44.960261],[-93.131435,44.960253],[-93.126375,44.960242],[-93.126371,44.959336],[-93.126351,44.955718],[-93.131416,44.955721],[-93.136481,44.955723],[-93.141553,44.955725],[-93.146624,44.955727],[-93.14661,44.959359]]]}},{"type":"Feature","properties":{"unit_id":"27053022302","name":"Census Tract 223.02 \u2014 Hennepin","native_id":"27053022302","source":"census_tract_2025","adm3_name":"Hennepin County","adm3_id":"27053","area_sqm":1449908,"split":false,"population":2058.0,"days_covered":24,"daytime_peak_f":87.9,"heat_anomaly_f":6.3,"extreme_pct":17.0,"nighttime_stress_f":-3.0,"daytime_peak_f_climrel":0.3805,"heat_anomaly_f_climrel":0.3805,"nighttime_stress_f_climrel":-0.1883,"extreme_pct_climrel":0.425,"ref_daytime_hi_mean":81.6,"ref_daytime_hi_p95":94.1,"rwi_mean":null,"health_per_10k":19.43634596695821,"built_frac":0.494,"tree_frac":0.385,"canopy_frac_over_3m":0.28,"viirs_mean":29.8,"gdl_hdi":0.96,"gdl_region":"Minnesota","ghsl_smod":30,"lst_anomaly_c":null,"lst_anomaly_c_climrel":null,"worldpop_pop_total":3706.0,"frac_under5":5.3,"frac_elderly_65plus":15.8,"frac_elderly_75plus":8.1,"old_age_dependency_ratio":0.226,"has_data":true},"geometry":{"type":"Polygon","coordinates":[[[-93.394993,44.935108],[-93.392455,44.939864],[-93.391153,44.942276],[-93.389635,44.945076],[-93.388913,44.94715],[-93.384392,44.952255],[-93.38266,44.953197],[-93.381042,44.95303],[-93.380898,44.949429],[-93.38089,44.945824],[-93.38089,44.942146],[-93.380839,44.93624],[-93.380829,44.935024],[-93.384918,44.935066],[-93.385577,44.935222],[-93.385675,44.935573],[-93.389095,44.93508],[-93.392811,44.934686],[-93.395308,44.934518],[-93.394993,44.935108]]]}},{"type":"Feature","properties":{"unit_id":"27123035900","name":"Census Tract 359 \u2014 Ramsey","native_id":"27123035900","source":"census_tract_2025","adm3_name":"Ramsey County","adm3_id":"27123","area_sqm":433338,"split":false,"population":5826.0,"days_covered":24,"daytime_peak_f":87.2,"heat_anomaly_f":6.2,"extreme_pct":17.0,"nighttime_stress_f":-2.9,"daytime_peak_f_climrel":0.3669,"heat_anomaly_f_climrel":0.3669,"nighttime_stress_f_climrel":-0.1738,"extreme_pct_climrel":0.425,"ref_daytime_hi_mean":81.0,"ref_daytime_hi_p95":93.5,"rwi_mean":null,"health_per_10k":5.1493305870236865,"built_frac":0.724,"tree_frac":0.24,"canopy_frac_over_3m":0.182,"viirs_mean":75.7,"gdl_hdi":0.96,"gdl_region":"Minnesota","ghsl_smod":30,"lst_anomaly_c":null,"lst_anomaly_c_climrel":null,"worldpop_pop_total":741.0,"frac_under5":2.3,"frac_elderly_65plus":18.1,"frac_elderly_75plus":6.9,"old_age_dependency_ratio":0.243,"has_data":true},"geometry":{"type":"Polygon","coordinates":[[[-93.116053,44.941358],[-93.112096,44.941327],[-93.110072,44.942472],[-93.104316,44.946782],[-93.103927,44.94548],[-93.102777,44.944586],[-93.103211,44.94406],[-93.109405,44.939517],[-93.115987,44.93505],[-93.116036,44.939676],[-93.116052,44.939871],[-93.116053,44.941358]]]}},{"type":"Feature","properties":{"unit_id":"27053025401","name":"Census Tract 254.01 \u2014 Hennepin","native_id":"27053025401","source":"census_tract_2025","adm3_name":"Hennepin County","adm3_id":"27053","area_sqm":2822710,"split":false,"population":3583.0,"days_covered":24,"daytime_peak_f":87.8,"heat_anomaly_f":6.2,"extreme_pct":17.0,"nighttime_stress_f":-3.2,"daytime_peak_f_climrel":0.3756,"heat_anomaly_f_climrel":0.3756,"nighttime_stress_f_climrel":-0.1982,"extreme_pct_climrel":0.425,"ref_daytime_hi_mean":81.6,"ref_daytime_hi_p95":94.1,"rwi_mean":null,"health_per_10k":2.7909572983533355,"built_frac":0.408,"tree_frac":0.486,"canopy_frac_over_3m":0.314,"viirs_mean":40.4,"gdl_hdi":0.96,"gdl_region":"Minnesota","ghsl_smod":30,"lst_anomaly_c":null,"lst_anomaly_c_climrel":null,"worldpop_pop_total":4438.0,"frac_under5":5.3,"frac_elderly_65plus":16.6,"frac_elderly_75plus":8.0,"old_age_dependency_ratio":0.251,"has_data":true},"geometry":{"type":"Polygon","coordinates":[[[-93.28347,44.847942],[-93.283409,44.85516],[-93.283366,44.859379],[-93.283348,44.862005],[-93.282577,44.862019],[-93.274469,44.861745],[-93.271561,44.86192],[-93.268149,44.86185],[-93.268165,44.859834],[-93.268208,44.855526],[-93.268211,44.855148],[-93.26828,44.847939],[-93.268272,44.840721],[-93.278435,44.840714],[-93.283501,44.840714],[-93.28347,44.847942]]]}},{"type":"Feature","properties":{"unit_id":"27053008500","name":"Census Tract 85 \u2014 Hennepin","native_id":"27053008500","source":"census_tract_2025","adm3_name":"Hennepin County","adm3_id":"27053","area_sqm":936189,"split":false,"population":5973.0,"days_covered":24,"daytime_peak_f":87.8,"heat_anomaly_f":6.2,"extreme_pct":17.0,"nighttime_stress_f":-3.2,"daytime_peak_f_climrel":0.3756,"heat_anomaly_f_climrel":0.3756,"nighttime_stress_f_climrel":-0.1982,"extreme_pct_climrel":0.425,"ref_daytime_hi_mean":81.6,"ref_daytime_hi_p95":94.1,"rwi_mean":null,"health_per_10k":1.6742005692281934,"built_frac":0.416,"tree_frac":0.394,"canopy_frac_over_3m":0.337,"viirs_mean":51.4,"gdl_hdi":0.96,"gdl_region":"Minnesota","ghsl_smod":30,"lst_anomaly_c":null,"lst_anomaly_c_climrel":null,"worldpop_pop_total":3729.0,"frac_under5":6.4,"frac_elderly_65plus":6.0,"frac_elderly_75plus":1.7,"old_age_dependency_ratio":0.08,"has_data":true},"geometry":{"type":"Polygon","coordinates":[[[-93.262672,44.948357],[-93.257584,44.948364],[-93.252502,44.948364],[-93.249939,44.948368],[-93.249951,44.946562],[-93.249901,44.939548],[-93.25243,44.939548],[-93.254967,44.939548],[-93.260029,44.939548],[-93.262546,44.939556],[-93.262566,44.941367],[-93.262607,44.943177],[-93.26266,44.946559],[-93.262672,44.948357]]]}},{"type":"Feature","properties":{"unit_id":"27123031100","name":"Census Tract 311 \u2014 Ramsey","native_id":"27123031100","source":"census_tract_2025","adm3_name":"Ramsey County","adm3_id":"27123","area_sqm":1370667,"split":false,"population":2972.0,"days_covered":24,"daytime_peak_f":87.0,"heat_anomaly_f":6.5,"extreme_pct":17.0,"nighttime_stress_f":-2.0,"daytime_peak_f_climrel":0.3832,"heat_anomaly_f_climrel":0.3832,"nighttime_stress_f_climrel":-0.1206,"extreme_pct_climrel":0.425,"ref_daytime_hi_mean":80.6,"ref_daytime_hi_p95":92.9,"rwi_mean":null,"health_per_10k":13.458950201884253,"built_frac":0.33,"tree_frac":0.514,"canopy_frac_over_3m":0.351,"viirs_mean":26.2,"gdl_hdi":0.96,"gdl_region":"Minnesota","ghsl_smod":30,"lst_anomaly_c":null,"lst_anomaly_c_climrel":null,"worldpop_pop_total":4976.0,"frac_under5":7.3,"frac_elderly_65plus":9.9,"frac_elderly_75plus":3.5,"old_age_dependency_ratio":0.145,"has_data":true},"geometry":{"type":"Polygon","coordinates":[[[-93.065994,44.981131],[-93.060901,44.981142],[-93.060932,44.984754],[-93.055488,44.984769],[-93.054372,44.982345],[-93.048179,44.979054],[-93.047097,44.977553],[-93.046776,44.975878],[-93.044889,44.974632],[-93.045447,44.973938],[-93.0558,44.973918],[-93.065964,44.973904],[-93.065968,44.977522],[-93.065994,44.981131]]]}},{"type":"Feature","properties":{"unit_id":"27123031300","name":"Census Tract 313 \u2014 Ramsey","native_id":"27123031300","source":"census_tract_2025","adm3_name":"Ramsey County","adm3_id":"27123","area_sqm":1096387,"split":false,"population":3181.0,"days_covered":24,"daytime_peak_f":87.0,"heat_anomaly_f":6.5,"extreme_pct":17.0,"nighttime_stress_f":-2.0,"daytime_peak_f_climrel":0.3832,"heat_anomaly_f_climrel":0.3832,"nighttime_stress_f_climrel":-0.1206,"extreme_pct_climrel":0.425,"ref_daytime_hi_mean":80.6,"ref_daytime_hi_p95":92.9,"rwi_mean":null,"health_per_10k":0.0,"built_frac":0.616,"tree_frac":0.332,"canopy_frac_over_3m":0.221,"viirs_mean":44.1,"gdl_hdi":0.96,"gdl_region":"Minnesota","ghsl_smod":30,"lst_anomaly_c":null,"lst_anomaly_c_climrel":null,"worldpop_pop_total":2676.0,"frac_under5":6.9,"frac_elderly_65plus":7.0,"frac_elderly_75plus":2.0,"old_age_dependency_ratio":0.103,"has_data":true},"geometry":{"type":"Polygon","coordinates":[[[-93.126369,44.968364],[-93.126361,44.970168],[-93.126361,44.971017],[-93.1238,44.971025],[-93.121244,44.970182],[-93.121243,44.971029],[-93.116126,44.971047],[-93.105961,44.971083],[-93.105966,44.970221],[-93.106016,44.964078],[-93.106239,44.963221],[-93.107256,44.963271],[-93.11613,44.96518],[-93.126379,44.965743],[-93.126369,44.968364]]]}},{"type":"Feature","properties":{"unit_id":"27053111200","name":"Census Tract 1112 \u2014 Hennepin","native_id":"27053111200","source":"census_tract_2025","adm3_name":"Hennepin County","adm3_id":"27053","area_sqm":1129921,"split":false,"population":1946.0,"days_covered":24,"daytime_peak_f":87.8,"heat_anomaly_f":6.2,"extreme_pct":17.0,"nighttime_stress_f":-3.2,"daytime_peak_f_climrel":0.3756,"heat_anomaly_f_climrel":0.3756,"nighttime_stress_f_climrel":-0.1982,"extreme_pct_climrel":0.425,"ref_daytime_hi_mean":81.6,"ref_daytime_hi_p95":94.1,"rwi_mean":null,"health_per_10k":30.832476875642342,"built_frac":0.34,"tree_frac":0.63,"canopy_frac_over_3m":0.486,"viirs_mean":30.1,"gdl_hdi":0.96,"gdl_region":"Minnesota","ghsl_smod":30,"lst_anomaly_c":null,"lst_anomaly_c_climrel":null,"worldpop_pop_total":3548.0,"frac_under5":6.3,"frac_elderly_65plus":16.8,"frac_elderly_75plus":6.7,"old_age_dependency_ratio":0.262,"has_data":true},"geometry":{"type":"Polygon","coordinates":[[[-93.329094,44.917915],[-93.322693,44.917912],[-93.318871,44.9179],[-93.318855,44.912449],[-93.31884,44.908836],[-93.318817,44.905239],[-93.328995,44.905308],[-93.329018,44.908924],[-93.329033,44.912529],[-93.329094,44.917915]]]}},{"type":"Feature","properties":{"unit_id":"27053026606","name":"Census Tract 266.06 \u2014 Hennepin","native_id":"27053026606","source":"census_tract_2025","adm3_name":"Hennepin County","adm3_id":"27053","area_sqm":4915588,"split":false,"population":3286.0,"days_covered":24,"daytime_peak_f":87.0,"heat_anomaly_f":6.2,"extreme_pct":17.0,"nighttime_stress_f":-3.1,"daytime_peak_f_climrel":0.3719,"heat_anomaly_f_climrel":0.3719,"nighttime_stress_f_climrel":-0.1886,"extreme_pct_climrel":0.425,"ref_daytime_hi_mean":80.8,"ref_daytime_hi_p95":93.4,"rwi_mean":null,"health_per_10k":3.0432136335970785,"built_frac":0.076,"tree_frac":0.771,"canopy_frac_over_3m":0.489,"viirs_mean":5.3,"gdl_hdi":0.96,"gdl_region":"Minnesota","ghsl_smod":21,"lst_anomaly_c":null,"lst_anomaly_c_climrel":null,"worldpop_pop_total":5304.0,"frac_under5":5.5,"frac_elderly_65plus":18.6,"frac_elderly_75plus":7.3,"old_age_dependency_ratio":0.299,"has_data":true},"geometry":{"type":"Polygon","coordinates":[[[-93.522491,44.992559],[-93.522491,44.993496],[-93.522402,44.999774],[-93.522423,45.007],[-93.522377,45.014336],[-93.507226,45.014484],[-93.507133,45.007085],[-93.506752,45.003586],[-93.504371,45.002067],[-93.502048,44.999525],[-93.501923,44.995514],[-93.502235,44.98225],[-93.509317,44.978225],[-93.510498,44.97821],[-93.511961,44.981781],[-93.522544,44.9816],[-93.522491,44.992559]]]}},{"type":"Feature","properties":{"unit_id":"27123037603","name":"Census Tract 376.03 \u2014 Ramsey","native_id":"27123037603","source":"census_tract_2025","adm3_name":"Ramsey County","adm3_id":"27123","area_sqm":598788,"split":false,"population":3024.0,"days_covered":24,"daytime_peak_f":87.7,"heat_anomaly_f":6.1,"extreme_pct":17.0,"nighttime_stress_f":-3.0,"daytime_peak_f_climrel":0.3591,"heat_anomaly_f_climrel":0.3591,"nighttime_stress_f_climrel":-0.1852,"extreme_pct_climrel":0.425,"ref_daytime_hi_mean":81.5,"ref_daytime_hi_p95":94.0,"rwi_mean":null,"health_per_10k":0.0,"built_frac":0.727,"tree_frac":0.197,"canopy_frac_over_3m":0.169,"viirs_mean":34.5,"gdl_hdi":0.96,"gdl_region":"Minnesota","ghsl_smod":30,"lst_anomaly_c":null,"lst_anomaly_c_climrel":null,"worldpop_pop_total":3689.0,"frac_under5":5.5,"frac_elderly_65plus":19.3,"frac_elderly_75plus":10.7,"old_age_dependency_ratio":0.289,"has_data":true},"geometry":{"type":"Polygon","coordinates":[[[-93.172113,44.904236],[-93.165096,44.904259],[-93.15684,44.908132],[-93.155658,44.908692],[-93.15429,44.905788],[-93.162157,44.902138],[-93.165253,44.90185],[-93.164512,44.901045],[-93.170872,44.89807],[-93.172105,44.898065],[-93.172101,44.90101],[-93.172113,44.904236]]]}},{"type":"Feature","properties":{"unit_id":"27053103100","name":"Census Tract 1031 \u2014 Hennepin","native_id":"27053103100","source":"census_tract_2025","adm3_name":"Hennepin County","adm3_id":"27053","area_sqm":525555,"split":false,"population":1669.0,"days_covered":24,"daytime_peak_f":87.5,"heat_anomaly_f":6.4,"extreme_pct":17.0,"nighttime_stress_f":-2.8,"daytime_peak_f_climrel":0.3865,"heat_anomaly_f_climrel":0.3865,"nighttime_stress_f_climrel":-0.1712,"extreme_pct_climrel":0.425,"ref_daytime_hi_mean":81.2,"ref_daytime_hi_p95":93.7,"rwi_mean":null,"health_per_10k":0.0,"built_frac":0.565,"tree_frac":0.37,"canopy_frac_over_3m":0.308,"viirs_mean":49.5,"gdl_hdi":0.96,"gdl_region":"Minnesota","ghsl_smod":30,"lst_anomaly_c":null,"lst_anomaly_c_climrel":null,"worldpop_pop_total":2351.0,"frac_under5":2.7,"frac_elderly_65plus":14.5,"frac_elderly_75plus":4.7,"old_age_dependency_ratio":0.188,"has_data":true},"geometry":{"type":"Polygon","coordinates":[[[-93.25753,44.998711],[-93.247248,44.998714],[-93.2474,44.996316],[-93.247469,44.996125],[-93.248186,44.995123],[-93.250206,44.992634],[-93.254945,44.991013],[-93.257515,44.994831],[-93.257515,44.995106],[-93.257515,44.995499],[-93.25753,44.998355],[-93.25753,44.998711]]]}},{"type":"Feature","properties":{"unit_id":"27053022700","name":"Census Tract 227 \u2014 Hennepin","native_id":"27053022700","source":"census_tract_2025","adm3_name":"Hennepin County","adm3_id":"27053","area_sqm":1752756,"split":false,"population":1618.0,"days_covered":24,"daytime_peak_f":87.3,"heat_anomaly_f":6.2,"extreme_pct":17.0,"nighttime_stress_f":-2.9,"daytime_peak_f_climrel":0.3752,"heat_anomaly_f_climrel":0.3752,"nighttime_stress_f_climrel":-0.1776,"extreme_pct_climrel":0.425,"ref_daytime_hi_mean":81.1,"ref_daytime_hi_p95":93.7,"rwi_mean":null,"health_per_10k":0.0,"built_frac":0.269,"tree_frac":0.662,"canopy_frac_over_3m":0.412,"viirs_mean":23.2,"gdl_hdi":0.96,"gdl_region":"Minnesota","ghsl_smod":30,"lst_anomaly_c":null,"lst_anomaly_c_climrel":null,"worldpop_pop_total":3346.0,"frac_under5":5.3,"frac_elderly_65plus":12.5,"frac_elderly_75plus":4.5,"old_age_dependency_ratio":0.171,"has_data":true},"geometry":{"type":"Polygon","coordinates":[[[-93.359202,44.959126],[-93.344666,44.961977],[-93.347538,44.955722],[-93.34793,44.953754],[-93.34795,44.951991],[-93.348006,44.948483],[-93.348054,44.943711],[-93.348058,44.943593],[-93.353689,44.940135],[-93.356429,44.939055],[-93.357572,44.939983],[-93.357599,44.943538],[-93.357384,44.945763],[-93.357491,44.949521],[-93.357535,44.951414],[-93.357576,44.953198],[-93.357872,44.95673],[-93.359202,44.959126]]]}},{"type":"Feature","properties":{"unit_id":"27053000603","name":"Census Tract 6.03 \u2014 Hennepin","native_id":"27053000603","source":"census_tract_2025","adm3_name":"Hennepin County","adm3_id":"27053","area_sqm":1298100,"split":false,"population":1721.0,"days_covered":24,"daytime_peak_f":87.6,"heat_anomaly_f":6.1,"extreme_pct":17.0,"nighttime_stress_f":-2.8,"daytime_peak_f_climrel":0.362,"heat_anomaly_f_climrel":0.362,"nighttime_stress_f_climrel":-0.1712,"extreme_pct_climrel":0.425,"ref_daytime_hi_mean":81.5,"ref_daytime_hi_p95":94.1,"rwi_mean":null,"health_per_10k":0.0,"built_frac":0.319,"tree_frac":0.616,"canopy_frac_over_3m":0.408,"viirs_mean":21.1,"gdl_hdi":0.96,"gdl_region":"Minnesota","ghsl_smod":30,"lst_anomaly_c":null,"lst_anomaly_c_climrel":null,"worldpop_pop_total":3215.0,"frac_under5":5.9,"frac_elderly_65plus":13.3,"frac_elderly_75plus":4.4,"old_age_dependency_ratio":0.184,"has_data":true},"geometry":{"type":"Polygon","coordinates":[[[-93.237122,45.024055],[-93.237114,45.02766],[-93.237106,45.035606],[-93.226929,45.035671],[-93.226898,45.027729],[-93.226898,45.027714],[-93.226883,45.024097],[-93.226868,45.020473],[-93.226863,45.019513],[-93.22686,45.018921],[-93.229614,45.019222],[-93.233276,45.022263],[-93.237122,45.023972],[-93.237122,45.024055]]]}},{"type":"Feature","properties":{"unit_id":"27053025803","name":"Census Tract 258.03 \u2014 Hennepin","native_id":"27053025803","source":"census_tract_2025","adm3_name":"Hennepin County","adm3_id":"27053","area_sqm":2115152,"split":false,"population":2195.0,"days_covered":24,"daytime_peak_f":87.8,"heat_anomaly_f":6.1,"extreme_pct":8.0,"nighttime_stress_f":-3.1,"daytime_peak_f_climrel":0.3674,"heat_anomaly_f_climrel":0.3674,"nighttime_stress_f_climrel":-0.1896,"extreme_pct_climrel":0.2,"ref_daytime_hi_mean":81.7,"ref_daytime_hi_p95":94.4,"rwi_mean":null,"health_per_10k":0.0,"built_frac":0.29,"tree_frac":0.638,"canopy_frac_over_3m":0.431,"viirs_mean":27.0,"gdl_hdi":0.96,"gdl_region":"Minnesota","ghsl_smod":23,"lst_anomaly_c":null,"lst_anomaly_c_climrel":null,"worldpop_pop_total":3510.0,"frac_under5":4.9,"frac_elderly_65plus":23.1,"frac_elderly_75plus":11.0,"old_age_dependency_ratio":0.368,"has_data":true},"geometry":{"type":"Polygon","coordinates":[[[-93.350441,44.80579],[-93.348511,44.807018],[-93.346161,44.807982],[-93.329533,44.813693],[-93.312053,44.818463],[-93.312179,44.816513],[-93.311912,44.815939],[-93.313797,44.814732],[-93.319267,44.813049],[-93.31929,44.811859],[-93.319397,44.804737],[-93.327003,44.804779],[-93.334641,44.804771],[-93.33712,44.80476],[-93.350449,44.804642],[-93.350441,44.80579]]]}},{"type":"Feature","properties":{"unit_id":"27053101300","name":"Census Tract 1013 \u2014 Hennepin","native_id":"27053101300","source":"census_tract_2025","adm3_name":"Hennepin County","adm3_id":"27053","area_sqm":474966,"split":false,"population":1621.0,"days_covered":24,"daytime_peak_f":87.5,"heat_anomaly_f":6.4,"extreme_pct":17.0,"nighttime_stress_f":-2.8,"daytime_peak_f_climrel":0.3865,"heat_anomaly_f_climrel":0.3865,"nighttime_stress_f_climrel":-0.1712,"extreme_pct_climrel":0.425,"ref_daytime_hi_mean":81.2,"ref_daytime_hi_p95":93.7,"rwi_mean":null,"health_per_10k":6.169031462060457,"built_frac":0.41,"tree_frac":0.562,"canopy_frac_over_3m":0.388,"viirs_mean":29.9,"gdl_hdi":0.96,"gdl_region":"Minnesota","ghsl_smod":30,"lst_anomaly_c":null,"lst_anomaly_c_climrel":null,"worldpop_pop_total":2133.0,"frac_under5":8.0,"frac_elderly_65plus":9.2,"frac_elderly_75plus":2.9,"old_age_dependency_ratio":0.139,"has_data":true},"geometry":{"type":"Polygon","coordinates":[[[-93.318494,45.013246],[-93.313339,45.013249],[-93.308235,45.013241],[-93.30822,45.009632],[-93.308205,45.006027],[-93.308205,45.003864],[-93.311566,45.006031],[-93.312302,45.006508],[-93.313305,45.007648],[-93.315041,45.009644],[-93.318499,45.012869],[-93.318494,45.013246]]]}},{"type":"Feature","properties":{"unit_id":"27053111500","name":"Census Tract 1115 \u2014 Hennepin","native_id":"27053111500","source":"census_tract_2025","adm3_name":"Hennepin County","adm3_id":"27053","area_sqm":2187487,"split":false,"population":5678.0,"days_covered":24,"daytime_peak_f":87.8,"heat_anomaly_f":6.2,"extreme_pct":17.0,"nighttime_stress_f":-3.2,"daytime_peak_f_climrel":0.3756,"heat_anomaly_f_climrel":0.3756,"nighttime_stress_f_climrel":-0.1982,"extreme_pct_climrel":0.425,"ref_daytime_hi_mean":81.6,"ref_daytime_hi_p95":94.1,"rwi_mean":null,"health_per_10k":3.522367030644593,"built_frac":0.293,"tree_frac":0.684,"canopy_frac_over_3m":0.502,"viirs_mean":27.3,"gdl_hdi":0.96,"gdl_region":"Minnesota","ghsl_smod":30,"lst_anomaly_c":null,"lst_anomaly_c_climrel":null,"worldpop_pop_total":6003.0,"frac_under5":5.1,"frac_elderly_65plus":17.6,"frac_elderly_75plus":7.3,"old_age_dependency_ratio":0.27,"has_data":true},"geometry":{"type":"Polygon","coordinates":[[[-93.288292,44.901443],[-93.288292,44.905083],[-93.28828,44.908288],[-93.288254,44.912308],[-93.288292,44.915939],[-93.275063,44.916044],[-93.274629,44.916047],[-93.27468,44.912432],[-93.274662,44.909253],[-93.274744,44.90354],[-93.274748,44.897877],[-93.281921,44.897854],[-93.283195,44.897846],[-93.289883,44.897837],[-93.288292,44.901443]]]}},{"type":"Feature","properties":{"unit_id":"27053105201","name":"Census Tract 1052.01 \u2014 Hennepin","native_id":"27053105201","source":"census_tract_2025","adm3_name":"Hennepin County","adm3_id":"27053","area_sqm":472265,"split":false,"population":3411.0,"days_covered":24,"daytime_peak_f":87.5,"heat_anomaly_f":6.4,"extreme_pct":17.0,"nighttime_stress_f":-2.8,"daytime_peak_f_climrel":0.3865,"heat_anomaly_f_climrel":0.3865,"nighttime_stress_f_climrel":-0.1712,"extreme_pct_climrel":0.425,"ref_daytime_hi_mean":81.2,"ref_daytime_hi_p95":93.7,"rwi_mean":null,"health_per_10k":0.0,"built_frac":0.631,"tree_frac":0.278,"canopy_frac_over_3m":0.199,"viirs_mean":103.9,"gdl_hdi":0.96,"gdl_region":"Minnesota","ghsl_smod":30,"lst_anomaly_c":null,"lst_anomaly_c_climrel":null,"worldpop_pop_total":3292.0,"frac_under5":1.7,"frac_elderly_65plus":26.4,"frac_elderly_75plus":12.0,"old_age_dependency_ratio":0.375,"has_data":true},"geometry":{"type":"Polygon","coordinates":[[[-93.288082,44.969917],[-93.288046,44.971982],[-93.288055,44.97493],[-93.282606,44.975399],[-93.281227,44.97621],[-93.280396,44.974758],[-93.278862,44.972908],[-93.277794,44.97263],[-93.279332,44.970929],[-93.279335,44.969883],[-93.281845,44.969891],[-93.281845,44.967731],[-93.285095,44.968109],[-93.286186,44.968555],[-93.288095,44.968903],[-93.288082,44.969917]]]}},{"type":"Feature","properties":{"unit_id":"27053108900","name":"Census Tract 1089 \u2014 Hennepin","native_id":"27053108900","source":"census_tract_2025","adm3_name":"Hennepin County","adm3_id":"27053","area_sqm":795194,"split":false,"population":2299.0,"days_covered":24,"daytime_peak_f":87.7,"heat_anomaly_f":6.1,"extreme_pct":17.0,"nighttime_stress_f":-3.0,"daytime_peak_f_climrel":0.3591,"heat_anomaly_f_climrel":0.3591,"nighttime_stress_f_climrel":-0.1852,"extreme_pct_climrel":0.425,"ref_daytime_hi_mean":81.5,"ref_daytime_hi_p95":94.0,"rwi_mean":null,"health_per_10k":0.0,"built_frac":0.257,"tree_frac":0.718,"canopy_frac_over_3m":0.484,"viirs_mean":27.7,"gdl_hdi":0.96,"gdl_region":"Minnesota","ghsl_smod":30,"lst_anomaly_c":null,"lst_anomaly_c_climrel":null,"worldpop_pop_total":2443.0,"frac_under5":5.2,"frac_elderly_65plus":16.4,"frac_elderly_75plus":4.1,"old_age_dependency_ratio":0.239,"has_data":true},"geometry":{"type":"Polygon","coordinates":[[[-93.222961,44.941387],[-93.222946,44.948368],[-93.217834,44.948357],[-93.217827,44.945019],[-93.21785,44.941425],[-93.215309,44.941457],[-93.215317,44.937847],[-93.215324,44.934246],[-93.222931,44.934147],[-93.222946,44.937767],[-93.222961,44.941387]]]}},{"type":"Feature","properties":{"unit_id":"27053102500","name":"Census Tract 1025 \u2014 Hennepin","native_id":"27053102500","source":"census_tract_2025","adm3_name":"Hennepin County","adm3_id":"27053","area_sqm":951009,"split":false,"population":1862.0,"days_covered":24,"daytime_peak_f":87.5,"heat_anomaly_f":6.4,"extreme_pct":17.0,"nighttime_stress_f":-2.8,"daytime_peak_f_climrel":0.3865,"heat_anomaly_f_climrel":0.3865,"nighttime_stress_f_climrel":-0.1712,"extreme_pct_climrel":0.425,"ref_daytime_hi_mean":81.2,"ref_daytime_hi_p95":93.7,"rwi_mean":null,"health_per_10k":0.0,"built_frac":0.647,"tree_frac":0.326,"canopy_frac_over_3m":0.284,"viirs_mean":38.9,"gdl_hdi":0.96,"gdl_region":"Minnesota","ghsl_smod":30,"lst_anomaly_c":null,"lst_anomaly_c_climrel":null,"worldpop_pop_total":2954.0,"frac_under5":3.6,"frac_elderly_65plus":12.6,"frac_elderly_75plus":3.6,"old_age_dependency_ratio":0.161,"has_data":true},"geometry":{"type":"Polygon","coordinates":[[[-93.260246,45.005249],[-93.257553,45.005241],[-93.256966,45.007477],[-93.253917,45.007488],[-93.247337,45.007896],[-93.247368,45.005928],[-93.247383,45.002281],[-93.247248,44.998714],[-93.25753,44.998711],[-93.260239,44.998707],[-93.260246,45.005249]]]}},{"type":"Feature","properties":{"unit_id":"27053002200","name":"Census Tract 22 \u2014 Hennepin","native_id":"27053002200","source":"census_tract_2025","adm3_name":"Hennepin County","adm3_id":"27053","area_sqm":453961,"split":false,"population":1614.0,"days_covered":24,"daytime_peak_f":87.5,"heat_anomaly_f":6.4,"extreme_pct":17.0,"nighttime_stress_f":-2.8,"daytime_peak_f_climrel":0.3865,"heat_anomaly_f_climrel":0.3865,"nighttime_stress_f_climrel":-0.1712,"extreme_pct_climrel":0.425,"ref_daytime_hi_mean":81.2,"ref_daytime_hi_p95":93.7,"rwi_mean":null,"health_per_10k":0.0,"built_frac":0.4,"tree_frac":0.577,"canopy_frac_over_3m":0.4,"viirs_mean":51.1,"gdl_hdi":0.96,"gdl_region":"Minnesota","ghsl_smod":30,"lst_anomaly_c":null,"lst_anomaly_c_climrel":null,"worldpop_pop_total":1923.0,"frac_under5":10.7,"frac_elderly_65plus":5.9,"frac_elderly_75plus":2.0,"old_age_dependency_ratio":0.094,"has_data":true},"geometry":{"type":"Polygon","coordinates":[[[-93.294195,45.005948],[-93.287987,45.005913],[-93.286438,45.005917],[-93.286453,45.002571],[-93.286439,44.999138],[-93.287987,44.999138],[-93.294089,44.999143],[-93.294084,45.002606],[-93.294195,45.005948]]]}},{"type":"Feature","properties":{"unit_id":"27053026908","name":"Census Tract 269.08 \u2014 Hennepin","native_id":"27053026908","source":"census_tract_2025","adm3_name":"Hennepin County","adm3_id":"27053","area_sqm":3876893,"split":false,"population":5084.0,"days_covered":24,"daytime_peak_f":87.5,"heat_anomaly_f":6.4,"extreme_pct":17.0,"nighttime_stress_f":-3.3,"daytime_peak_f_climrel":0.3766,"heat_anomaly_f_climrel":0.3766,"nighttime_stress_f_climrel":-0.2056,"extreme_pct_climrel":0.425,"ref_daytime_hi_mean":81.1,"ref_daytime_hi_p95":94.4,"rwi_mean":null,"health_per_10k":3.933910306845004,"built_frac":0.216,"tree_frac":0.567,"canopy_frac_over_3m":0.344,"viirs_mean":15.8,"gdl_hdi":0.96,"gdl_region":"Minnesota","ghsl_smod":23,"lst_anomaly_c":null,"lst_anomaly_c_climrel":null,"worldpop_pop_total":5626.0,"frac_under5":5.5,"frac_elderly_65plus":10.6,"frac_elderly_75plus":2.8,"old_age_dependency_ratio":0.147,"has_data":true},"geometry":{"type":"Polygon","coordinates":[[[-93.391446,45.159285],[-93.391323,45.166529],[-93.380806,45.166336],[-93.369423,45.166298],[-93.360626,45.16626],[-93.360634,45.161362],[-93.360574,45.151882],[-93.370964,45.151947],[-93.371598,45.151958],[-93.381149,45.151985],[-93.391693,45.151972],[-93.391446,45.159285]]]}},{"type":"Feature","properties":{"unit_id":"27053023100","name":"Census Tract 231 \u2014 Hennepin","native_id":"27053023100","source":"census_tract_2025","adm3_name":"Hennepin County","adm3_id":"27053","area_sqm":952802,"split":false,"population":2729.0,"days_covered":24,"daytime_peak_f":87.8,"heat_anomaly_f":6.2,"extreme_pct":17.0,"nighttime_stress_f":-3.2,"daytime_peak_f_climrel":0.3756,"heat_anomaly_f_climrel":0.3756,"nighttime_stress_f_climrel":-0.1982,"extreme_pct_climrel":0.425,"ref_daytime_hi_mean":81.6,"ref_daytime_hi_p95":94.1,"rwi_mean":null,"health_per_10k":25.65042139978014,"built_frac":0.144,"tree_frac":0.802,"canopy_frac_over_3m":0.557,"viirs_mean":21.0,"gdl_hdi":0.96,"gdl_region":"Minnesota","ghsl_smod":30,"lst_anomaly_c":null,"lst_anomaly_c_climrel":null,"worldpop_pop_total":2096.0,"frac_under5":5.8,"frac_elderly_65plus":14.2,"frac_elderly_75plus":5.6,"old_age_dependency_ratio":0.23,"has_data":true},"geometry":{"type":"Polygon","coordinates":[[[-93.340273,44.92345],[-93.339371,44.923447],[-93.339183,44.923446],[-93.33921,44.926979],[-93.339217,44.927842],[-93.339249,44.929436],[-93.339241,44.930599],[-93.336701,44.930588],[-93.329056,44.930587],[-93.329086,44.926937],[-93.329097,44.923378],[-93.3291,44.922634],[-93.329102,44.921936],[-93.334503,44.919163],[-93.336212,44.919086],[-93.339012,44.919289],[-93.339745,44.919174],[-93.339295,44.919697],[-93.339455,44.920188],[-93.33898,44.920298],[-93.339138,44.92069],[-93.339045,44.920702],[-93.339256,44.921176],[-93.340028,44.922902],[-93.340273,44.92345]]]}},{"type":"Feature","properties":{"unit_id":"27123032600","name":"Census Tract 326 \u2014 Ramsey","native_id":"27123032600","source":"census_tract_2025","adm3_name":"Ramsey County","adm3_id":"27123","area_sqm":875625,"split":false,"population":1998.0,"days_covered":24,"daytime_peak_f":87.0,"heat_anomaly_f":6.5,"extreme_pct":17.0,"nighttime_stress_f":-2.0,"daytime_peak_f_climrel":0.3832,"heat_anomaly_f_climrel":0.3832,"nighttime_stress_f_climrel":-0.1206,"extreme_pct_climrel":0.425,"ref_daytime_hi_mean":80.6,"ref_daytime_hi_p95":92.9,"rwi_mean":null,"health_per_10k":0.0,"built_frac":0.475,"tree_frac":0.458,"canopy_frac_over_3m":0.279,"viirs_mean":48.3,"gdl_hdi":0.96,"gdl_region":"Minnesota","ghsl_smod":30,"lst_anomaly_c":null,"lst_anomaly_c_climrel":null,"worldpop_pop_total":3529.0,"frac_under5":7.4,"frac_elderly_65plus":10.2,"frac_elderly_75plus":4.0,"old_age_dependency_ratio":0.155,"has_data":true},"geometry":{"type":"Polygon","coordinates":[[[-93.12639,44.962954],[-93.126379,44.965743],[-93.11613,44.96518],[-93.116131,44.964575],[-93.116132,44.961173],[-93.116131,44.959359],[-93.116131,44.95576],[-93.121241,44.955739],[-93.126351,44.955718],[-93.126371,44.959336],[-93.126375,44.960242],[-93.126381,44.961147],[-93.12639,44.962954]]]}},{"type":"Feature","properties":{"unit_id":"27053126000","name":"Census Tract 1260 \u2014 Hennepin","native_id":"27053126000","source":"census_tract_2025","adm3_name":"Hennepin County","adm3_id":"27053","area_sqm":987365,"split":false,"population":4224.0,"days_covered":24,"daytime_peak_f":87.5,"heat_anomaly_f":6.4,"extreme_pct":17.0,"nighttime_stress_f":-2.8,"daytime_peak_f_climrel":0.3865,"heat_anomaly_f_climrel":0.3865,"nighttime_stress_f_climrel":-0.1712,"extreme_pct_climrel":0.425,"ref_daytime_hi_mean":81.2,"ref_daytime_hi_p95":93.7,"rwi_mean":null,"health_per_10k":21.30681818181818,"built_frac":0.771,"tree_frac":0.179,"canopy_frac_over_3m":0.205,"viirs_mean":105.0,"gdl_hdi":0.96,"gdl_region":"Minnesota","ghsl_smod":30,"lst_anomaly_c":null,"lst_anomaly_c_climrel":null,"worldpop_pop_total":5465.0,"frac_under5":5.8,"frac_elderly_65plus":17.7,"frac_elderly_75plus":7.6,"old_age_dependency_ratio":0.278,"has_data":true},"geometry":{"type":"Polygon","coordinates":[[[-93.274492,44.949887],[-93.271696,44.953748],[-93.27021,44.955528],[-93.269473,44.956947],[-93.269982,44.959116],[-93.269962,44.960915],[-93.267658,44.960903],[-93.262785,44.960946],[-93.262558,44.960918],[-93.262558,44.959118],[-93.262581,44.955528],[-93.262589,44.953747],[-93.262672,44.948357],[-93.266502,44.948353],[-93.267761,44.948353],[-93.270309,44.948353],[-93.274627,44.948353],[-93.274492,44.949887]]]}},{"type":"Feature","properties":{"unit_id":"27053105700","name":"Census Tract 1057 \u2014 Hennepin","native_id":"27053105700","source":"census_tract_2025","adm3_name":"Hennepin County","adm3_id":"27053","area_sqm":271479,"split":false,"population":3022.080515215131,"days_covered":24,"daytime_peak_f":87.5,"heat_anomaly_f":6.4,"extreme_pct":17.0,"nighttime_stress_f":-2.8,"daytime_peak_f_climrel":0.3865,"heat_anomaly_f_climrel":0.3865,"nighttime_stress_f_climrel":-0.1712,"extreme_pct_climrel":0.425,"ref_daytime_hi_mean":81.2,"ref_daytime_hi_p95":93.7,"rwi_mean":null,"health_per_10k":3.3089786819555123,"built_frac":0.861,"tree_frac":0.124,"canopy_frac_over_3m":0.16,"viirs_mean":105.7,"gdl_hdi":0.96,"gdl_region":"Minnesota","ghsl_smod":30,"lst_anomaly_c":null,"lst_anomaly_c_climrel":null,"worldpop_pop_total":3655.0,"frac_under5":1.6,"frac_elderly_65plus":9.0,"frac_elderly_75plus":3.1,"old_age_dependency_ratio":0.103,"has_data":true},"geometry":{"type":"Polygon","coordinates":[[[-93.277817,44.966394],[-93.276519,44.966666],[-93.274802,44.966837],[-93.272737,44.966706],[-93.269937,44.966131],[-93.269929,44.965911],[-93.269925,44.962692],[-93.272762,44.962696],[-93.275284,44.962696],[-93.277817,44.962696],[-93.277817,44.966394]]]}},{"type":"Feature","properties":{"unit_id":"27053024300","name":"Census Tract 243 \u2014 Hennepin","native_id":"27053024300","source":"census_tract_2025","adm3_name":"Hennepin County","adm3_id":"27053","area_sqm":1896272,"split":false,"population":7235.0,"days_covered":24,"daytime_peak_f":87.8,"heat_anomaly_f":6.2,"extreme_pct":17.0,"nighttime_stress_f":-3.2,"daytime_peak_f_climrel":0.3756,"heat_anomaly_f_climrel":0.3756,"nighttime_stress_f_climrel":-0.1982,"extreme_pct_climrel":0.425,"ref_daytime_hi_mean":81.6,"ref_daytime_hi_p95":94.1,"rwi_mean":null,"health_per_10k":0.0,"built_frac":0.387,"tree_frac":0.468,"canopy_frac_over_3m":0.29,"viirs_mean":46.9,"gdl_hdi":0.96,"gdl_region":"Minnesota","ghsl_smod":30,"lst_anomaly_c":null,"lst_anomaly_c_climrel":null,"worldpop_pop_total":4935.0,"frac_under5":3.9,"frac_elderly_65plus":10.2,"frac_elderly_75plus":3.8,"old_age_dependency_ratio":0.126,"has_data":true},"geometry":{"type":"Polygon","coordinates":[[[-93.31881,44.865517],[-93.318776,44.872633],[-93.318756,44.873638],[-93.31749,44.872738],[-93.308609,44.872723],[-93.298608,44.872636],[-93.298757,44.870904],[-93.298915,44.867389],[-93.298749,44.865509],[-93.298332,44.861904],[-93.308677,44.862071],[-93.318828,44.861998],[-93.31881,44.865517]]]}},{"type":"Feature","properties":{"unit_id":"27053022802","name":"Census Tract 228.02 \u2014 Hennepin","native_id":"27053022802","source":"census_tract_2025","adm3_name":"Hennepin County","adm3_id":"27053","area_sqm":1387162,"split":false,"population":4414.0,"days_covered":24,"daytime_peak_f":87.8,"heat_anomaly_f":6.2,"extreme_pct":17.0,"nighttime_stress_f":-3.2,"daytime_peak_f_climrel":0.3756,"heat_anomaly_f_climrel":0.3756,"nighttime_stress_f_climrel":-0.1982,"extreme_pct_climrel":0.425,"ref_daytime_hi_mean":81.6,"ref_daytime_hi_p95":94.1,"rwi_mean":null,"health_per_10k":11.327594019030357,"built_frac":0.455,"tree_frac":0.422,"canopy_frac_over_3m":0.323,"viirs_mean":34.9,"gdl_hdi":0.96,"gdl_region":"Minnesota","ghsl_smod":30,"lst_anomaly_c":null,"lst_anomaly_c_climrel":null,"worldpop_pop_total":4100.0,"frac_under5":4.4,"frac_elderly_65plus":11.1,"frac_elderly_75plus":3.7,"old_age_dependency_ratio":0.142,"has_data":true},"geometry":{"type":"Polygon","coordinates":[[[-93.348058,44.943593],[-93.348054,44.943711],[-93.348006,44.948483],[-93.34795,44.951991],[-93.337784,44.952076],[-93.32878,44.952063],[-93.3289,44.948927],[-93.32885,44.948483],[-93.32885,44.948294],[-93.328826,44.945808],[-93.334465,44.945366],[-93.340213,44.943487],[-93.348026,44.940852],[-93.348207,44.940792],[-93.348058,44.943593]]]}},{"type":"Feature","properties":{"unit_id":"27123033300","name":"Census Tract 333 \u2014 Ramsey","native_id":"27123033300","source":"census_tract_2025","adm3_name":"Ramsey County","adm3_id":"27123","area_sqm":1031347,"split":false,"population":1079.0,"days_covered":24,"daytime_peak_f":87.6,"heat_anomaly_f":6.1,"extreme_pct":17.0,"nighttime_stress_f":-2.8,"daytime_peak_f_climrel":0.362,"heat_anomaly_f_climrel":0.362,"nighttime_stress_f_climrel":-0.1712,"extreme_pct_climrel":0.425,"ref_daytime_hi_mean":81.5,"ref_daytime_hi_p95":94.1,"rwi_mean":null,"health_per_10k":0.0,"built_frac":0.291,"tree_frac":0.674,"canopy_frac_over_3m":0.447,"viirs_mean":34.3,"gdl_hdi":0.96,"gdl_region":"Minnesota","ghsl_smod":30,"lst_anomaly_c":null,"lst_anomaly_c_climrel":null,"worldpop_pop_total":3405.0,"frac_under5":4.3,"frac_elderly_65plus":10.6,"frac_elderly_75plus":3.1,"old_age_dependency_ratio":0.137,"has_data":true},"geometry":{"type":"Polygon","coordinates":[[[-93.192365,44.955307],[-93.192361,44.956012],[-93.192368,44.956246],[-93.187391,44.954532],[-93.182532,44.952961],[-93.179612,44.952166],[-93.176677,44.951984],[-93.176295,44.951822],[-93.173356,44.950348],[-93.173318,44.946553],[-93.177171,44.946547],[-93.17717,44.947222],[-93.182721,44.947248],[-93.187353,44.94727],[-93.192431,44.947255],[-93.192365,44.955307]]]}},{"type":"Feature","properties":{"unit_id":"27123040704","name":"Census Tract 407.04 \u2014 Ramsey","native_id":"27123040704","source":"census_tract_2025","adm3_name":"Ramsey County","adm3_id":"27123","area_sqm":6836038,"split":false,"population":6835.0,"days_covered":24,"daytime_peak_f":87.0,"heat_anomaly_f":6.5,"extreme_pct":17.0,"nighttime_stress_f":-2.0,"daytime_peak_f_climrel":0.3832,"heat_anomaly_f_climrel":0.3832,"nighttime_stress_f_climrel":-0.1206,"extreme_pct_climrel":0.425,"ref_daytime_hi_mean":80.6,"ref_daytime_hi_p95":92.9,"rwi_mean":null,"health_per_10k":0.0,"built_frac":0.166,"tree_frac":0.486,"canopy_frac_over_3m":0.32,"viirs_mean":18.6,"gdl_hdi":0.96,"gdl_region":"Minnesota","ghsl_smod":21,"lst_anomaly_c":null,"lst_anomaly_c_climrel":null,"worldpop_pop_total":6694.0,"frac_under5":5.1,"frac_elderly_65plus":19.1,"frac_elderly_75plus":7.6,"old_age_dependency_ratio":0.292,"has_data":true},"geometry":{"type":"Polygon","coordinates":[[[-93.147173,45.059533],[-93.131421,45.056036],[-93.131088,45.057308],[-93.131389,45.061138],[-93.107672,45.061337],[-93.106788,45.062747],[-93.106394,45.062041],[-93.10633,45.057567],[-93.106285,45.043105],[-93.106284,45.04307],[-93.106275,45.042616],[-93.106214,45.035871],[-93.11006,45.03588],[-93.136773,45.035838],[-93.147079,45.035757],[-93.146983,45.039388],[-93.14701,45.042991],[-93.147022,45.04439],[-93.147173,45.059533]]]}},{"type":"Feature","properties":{"unit_id":"27053022101","name":"Census Tract 221.01 \u2014 Hennepin","native_id":"27053022101","source":"census_tract_2025","adm3_name":"Hennepin County","adm3_id":"27053","area_sqm":1368876,"split":false,"population":3623.0,"days_covered":24,"daytime_peak_f":87.3,"heat_anomaly_f":6.2,"extreme_pct":17.0,"nighttime_stress_f":-2.9,"daytime_peak_f_climrel":0.3752,"heat_anomaly_f_climrel":0.3752,"nighttime_stress_f_climrel":-0.1776,"extreme_pct_climrel":0.425,"ref_daytime_hi_mean":81.1,"ref_daytime_hi_p95":93.7,"rwi_mean":null,"health_per_10k":2.7601435274634283,"built_frac":0.392,"tree_frac":0.583,"canopy_frac_over_3m":0.369,"viirs_mean":39.1,"gdl_hdi":0.96,"gdl_region":"Minnesota","ghsl_smod":30,"lst_anomaly_c":null,"lst_anomaly_c_climrel":null,"worldpop_pop_total":3401.0,"frac_under5":5.4,"frac_elderly_65plus":9.7,"frac_elderly_75plus":3.6,"old_age_dependency_ratio":0.124,"has_data":true},"geometry":{"type":"Polygon","coordinates":[[[-93.370979,44.965355],[-93.370608,44.971243],[-93.356056,44.971054],[-93.358871,44.966793],[-93.359825,44.96405],[-93.360237,44.961075],[-93.359202,44.959126],[-93.370941,44.956844],[-93.370987,44.959618],[-93.370979,44.965355]]]}},{"type":"Feature","properties":{"unit_id":"27123030800","name":"Census Tract 308 \u2014 Ramsey","native_id":"27123030800","source":"census_tract_2025","adm3_name":"Ramsey County","adm3_id":"27123","area_sqm":1575437,"split":false,"population":1452.0,"days_covered":24,"daytime_peak_f":87.0,"heat_anomaly_f":6.5,"extreme_pct":17.0,"nighttime_stress_f":-2.0,"daytime_peak_f_climrel":0.3832,"heat_anomaly_f_climrel":0.3832,"nighttime_stress_f_climrel":-0.1206,"extreme_pct_climrel":0.425,"ref_daytime_hi_mean":80.6,"ref_daytime_hi_p95":92.9,"rwi_mean":null,"health_per_10k":6.887052341597796,"built_frac":0.333,"tree_frac":0.591,"canopy_frac_over_3m":0.369,"viirs_mean":25.7,"gdl_hdi":0.96,"gdl_region":"Minnesota","ghsl_smod":30,"lst_anomaly_c":null,"lst_anomaly_c_climrel":null,"worldpop_pop_total":6335.0,"frac_under5":7.1,"frac_elderly_65plus":8.4,"frac_elderly_75plus":2.9,"old_age_dependency_ratio":0.123,"has_data":true},"geometry":{"type":"Polygon","coordinates":[[[-93.126355,44.976064],[-93.123274,44.977367],[-93.117473,44.980526],[-93.116436,44.98083],[-93.10878,44.981861],[-93.105885,44.981906],[-93.105921,44.977385],[-93.10594,44.974432],[-93.105944,44.973803],[-93.105961,44.971083],[-93.116126,44.971047],[-93.121243,44.971029],[-93.121244,44.970182],[-93.1238,44.971025],[-93.126361,44.971017],[-93.126355,44.976064]]]}},{"type":"Feature","properties":{"unit_id":"27053012102","name":"Census Tract 121.02 \u2014 Hennepin","native_id":"27053012102","source":"census_tract_2025","adm3_name":"Hennepin County","adm3_id":"27053","area_sqm":1415246,"split":false,"population":3029.0,"days_covered":24,"daytime_peak_f":87.7,"heat_anomaly_f":6.1,"extreme_pct":17.0,"nighttime_stress_f":-3.0,"daytime_peak_f_climrel":0.3591,"heat_anomaly_f_climrel":0.3591,"nighttime_stress_f_climrel":-0.1852,"extreme_pct_climrel":0.425,"ref_daytime_hi_mean":81.5,"ref_daytime_hi_p95":94.0,"rwi_mean":null,"health_per_10k":0.0,"built_frac":0.459,"tree_frac":0.492,"canopy_frac_over_3m":0.334,"viirs_mean":37.0,"gdl_hdi":0.96,"gdl_region":"Minnesota","ghsl_smod":11,"lst_anomaly_c":null,"lst_anomaly_c_climrel":null,"worldpop_pop_total":3160.0,"frac_under5":4.1,"frac_elderly_65plus":13.6,"frac_elderly_75plus":5.1,"old_age_dependency_ratio":0.185,"has_data":true},"geometry":{"type":"Polygon","coordinates":[[[-93.222961,44.897449],[-93.222954,44.898113],[-93.222931,44.901758],[-93.222878,44.905373],[-93.217781,44.90538],[-93.212692,44.905388],[-93.207596,44.905392],[-93.207634,44.901798],[-93.207652,44.899963],[-93.207664,44.898496],[-93.207687,44.896317],[-93.210753,44.896313],[-93.210746,44.896135],[-93.210893,44.893092],[-93.217175,44.893697],[-93.217189,44.896144],[-93.219033,44.894897],[-93.222638,44.896048],[-93.222588,44.896821],[-93.219774,44.896965],[-93.219024,44.896742],[-93.219018,44.897903],[-93.220347,44.897133],[-93.222961,44.897152],[-93.222961,44.897449]]]}},{"type":"Feature","properties":{"unit_id":"27053024802","name":"Census Tract 248.02 \u2014 Hennepin","native_id":"27053024802","source":"census_tract_2025","adm3_name":"Hennepin County","adm3_id":"27053","area_sqm":1045749,"split":false,"population":2737.0,"days_covered":24,"daytime_peak_f":87.8,"heat_anomaly_f":6.2,"extreme_pct":17.0,"nighttime_stress_f":-3.2,"daytime_peak_f_climrel":0.3756,"heat_anomaly_f_climrel":0.3756,"nighttime_stress_f_climrel":-0.1982,"extreme_pct_climrel":0.425,"ref_daytime_hi_mean":81.6,"ref_daytime_hi_p95":94.1,"rwi_mean":null,"health_per_10k":0.0,"built_frac":0.43,"tree_frac":0.475,"canopy_frac_over_3m":0.32,"viirs_mean":45.3,"gdl_hdi":0.96,"gdl_region":"Minnesota","ghsl_smod":30,"lst_anomaly_c":null,"lst_anomaly_c_climrel":null,"worldpop_pop_total":3320.0,"frac_under5":6.2,"frac_elderly_65plus":13.2,"frac_elderly_75plus":6.0,"old_age_dependency_ratio":0.195,"has_data":true},"geometry":{"type":"Polygon","coordinates":[[[-93.274458,44.863709],[-93.274429,44.869095],[-93.268082,44.869095],[-93.266808,44.869099],[-93.257973,44.869106],[-93.257996,44.863731],[-93.257996,44.862272],[-93.257988,44.861863],[-93.268149,44.86185],[-93.271561,44.86192],[-93.274469,44.861745],[-93.274458,44.863709]]]}},{"type":"Feature","properties":{"unit_id":"27053025703","name":"Census Tract 257.03 \u2014 Hennepin","native_id":"27053025703","source":"census_tract_2025","adm3_name":"Hennepin County","adm3_id":"27053","area_sqm":2723766,"split":false,"population":1985.0,"days_covered":24,"daytime_peak_f":87.8,"heat_anomaly_f":6.1,"extreme_pct":8.0,"nighttime_stress_f":-3.1,"daytime_peak_f_climrel":0.3674,"heat_anomaly_f_climrel":0.3674,"nighttime_stress_f_climrel":-0.1896,"extreme_pct_climrel":0.2,"ref_daytime_hi_mean":81.7,"ref_daytime_hi_p95":94.4,"rwi_mean":null,"health_per_10k":0.0,"built_frac":0.191,"tree_frac":0.542,"canopy_frac_over_3m":0.366,"viirs_mean":11.1,"gdl_hdi":0.96,"gdl_region":"Minnesota","ghsl_smod":21,"lst_anomaly_c":null,"lst_anomaly_c_climrel":null,"worldpop_pop_total":2416.0,"frac_under5":5.2,"frac_elderly_65plus":27.4,"frac_elderly_75plus":13.3,"old_age_dependency_ratio":0.491,"has_data":true},"geometry":{"type":"Polygon","coordinates":[[[-93.350388,44.833434],[-93.350082,44.840851],[-93.350227,44.848715],[-93.348231,44.848047],[-93.346396,44.843542],[-93.345643,44.842964],[-93.340408,44.841586],[-93.338543,44.841095],[-93.337262,44.837038],[-93.329415,44.836849],[-93.329445,44.827366],[-93.331116,44.827259],[-93.335869,44.825298],[-93.338164,44.825174],[-93.343445,44.824417],[-93.345778,44.824822],[-93.347687,44.825718],[-93.350388,44.825905],[-93.350388,44.833434]]]}},{"type":"Feature","properties":{"unit_id":"27053102000","name":"Census Tract 1020 \u2014 Hennepin","native_id":"27053102000","source":"census_tract_2025","adm3_name":"Hennepin County","adm3_id":"27053","area_sqm":827691,"split":false,"population":1441.0,"days_covered":24,"daytime_peak_f":87.5,"heat_anomaly_f":6.4,"extreme_pct":17.0,"nighttime_stress_f":-2.8,"daytime_peak_f_climrel":0.3865,"heat_anomaly_f_climrel":0.3865,"nighttime_stress_f_climrel":-0.1712,"extreme_pct_climrel":0.425,"ref_daytime_hi_mean":81.2,"ref_daytime_hi_p95":93.7,"rwi_mean":null,"health_per_10k":0.0,"built_frac":0.24,"tree_frac":0.622,"canopy_frac_over_3m":0.43,"viirs_mean":22.4,"gdl_hdi":0.96,"gdl_region":"Minnesota","ghsl_smod":30,"lst_anomaly_c":null,"lst_anomaly_c_climrel":null,"worldpop_pop_total":2479.0,"frac_under5":7.3,"frac_elderly_65plus":9.2,"frac_elderly_75plus":2.7,"old_age_dependency_ratio":0.135,"has_data":true},"geometry":{"type":"Polygon","coordinates":[[[-93.318517,45.010205],[-93.318499,45.012869],[-93.315041,45.009644],[-93.313305,45.007648],[-93.312302,45.006508],[-93.311566,45.006031],[-93.308205,45.003864],[-93.308197,44.998764],[-93.313332,44.998806],[-93.318459,44.998906],[-93.31852,45.006042],[-93.318517,45.010205]]]}},{"type":"Feature","properties":{"unit_id":"27123033900","name":"Census Tract 339 \u2014 Ramsey","native_id":"27123033900","source":"census_tract_2025","adm3_name":"Ramsey County","adm3_id":"27123","area_sqm":435639,"split":false,"population":1709.8397980470247,"days_covered":24,"daytime_peak_f":87.2,"heat_anomaly_f":6.2,"extreme_pct":17.0,"nighttime_stress_f":-2.9,"daytime_peak_f_climrel":0.3669,"heat_anomaly_f_climrel":0.3669,"nighttime_stress_f_climrel":-0.1738,"extreme_pct_climrel":0.425,"ref_daytime_hi_mean":81.0,"ref_daytime_hi_p95":93.5,"rwi_mean":null,"health_per_10k":0.0,"built_frac":0.438,"tree_frac":0.516,"canopy_frac_over_3m":0.362,"viirs_mean":45.8,"gdl_hdi":0.96,"gdl_region":"Minnesota","ghsl_smod":30,"lst_anomaly_c":null,"lst_anomaly_c_climrel":null,"worldpop_pop_total":1739.0,"frac_under5":6.6,"frac_elderly_65plus":14.2,"frac_elderly_75plus":6.2,"old_age_dependency_ratio":0.215,"has_data":true},"geometry":{"type":"Polygon","coordinates":[[[-93.133214,44.950344],[-93.12632,44.950336],[-93.126325,44.951282],[-93.121228,44.951312],[-93.121224,44.950346],[-93.121204,44.947416],[-93.121194,44.946602],[-93.126281,44.946601],[-93.128823,44.946602],[-93.133187,44.946607],[-93.133188,44.947423],[-93.133189,44.94853],[-93.133214,44.950344]]]}},{"type":"Feature","properties":{"unit_id":"27053104400","name":"Census Tract 1044 \u2014 Hennepin","native_id":"27053104400","source":"census_tract_2025","adm3_name":"Hennepin County","adm3_id":"27053","area_sqm":788033,"split":false,"population":21755.0,"days_covered":24,"daytime_peak_f":87.5,"heat_anomaly_f":6.4,"extreme_pct":17.0,"nighttime_stress_f":-2.8,"daytime_peak_f_climrel":0.3865,"heat_anomaly_f_climrel":0.3865,"nighttime_stress_f_climrel":-0.1712,"extreme_pct_climrel":0.425,"ref_daytime_hi_mean":81.2,"ref_daytime_hi_p95":93.7,"rwi_mean":null,"health_per_10k":2.2983222247759136,"built_frac":0.962,"tree_frac":0.019,"canopy_frac_over_3m":0.025,"viirs_mean":194.0,"gdl_hdi":0.96,"gdl_region":"Minnesota","ghsl_smod":30,"lst_anomaly_c":null,"lst_anomaly_c_climrel":null,"worldpop_pop_total":3034.0,"frac_under5":0.9,"frac_elderly_65plus":4.7,"frac_elderly_75plus":1.4,"old_age_dependency_ratio":0.05,"has_data":true},"geometry":{"type":"Polygon","coordinates":[[[-93.281533,44.97893],[-93.280893,44.979104],[-93.278648,44.980755],[-93.276706,44.978893],[-93.274818,44.977978],[-93.269514,44.975723],[-93.265412,44.974008],[-93.267052,44.972084],[-93.267891,44.971104],[-93.269236,44.970049],[-93.269721,44.968067],[-93.269856,44.968067],[-93.270487,44.969956],[-93.273545,44.97087],[-93.276351,44.972032],[-93.277794,44.97263],[-93.278862,44.972908],[-93.280396,44.974758],[-93.281227,44.97621],[-93.281524,44.976877],[-93.281533,44.97893]]]}},{"type":"Feature","properties":{"unit_id":"27123041800","name":"Census Tract 418 \u2014 Ramsey","native_id":"27123041800","source":"census_tract_2025","adm3_name":"Ramsey County","adm3_id":"27123","area_sqm":2621259,"split":false,"population":2736.0,"days_covered":24,"daytime_peak_f":87.6,"heat_anomaly_f":6.1,"extreme_pct":17.0,"nighttime_stress_f":-2.8,"daytime_peak_f_climrel":0.362,"heat_anomaly_f_climrel":0.362,"nighttime_stress_f_climrel":-0.1712,"extreme_pct_climrel":0.425,"ref_daytime_hi_mean":81.5,"ref_daytime_hi_p95":94.1,"rwi_mean":null,"health_per_10k":7.309941520467836,"built_frac":0.381,"tree_frac":0.546,"canopy_frac_over_3m":0.308,"viirs_mean":33.8,"gdl_hdi":0.96,"gdl_region":"Minnesota","ghsl_smod":30,"lst_anomaly_c":null,"lst_anomaly_c_climrel":null,"worldpop_pop_total":4150.0,"frac_under5":5.8,"frac_elderly_65plus":16.8,"frac_elderly_75plus":7.3,"old_age_dependency_ratio":0.253,"has_data":true},"geometry":{"type":"Polygon","coordinates":[[[-93.166362,45.010361],[-93.156642,45.010427],[-93.146511,45.010466],[-93.146509,45.010383],[-93.146414,45.006421],[-93.146382,44.999216],[-93.146464,44.991976],[-93.151349,44.99191],[-93.156555,44.99184],[-93.156577,44.999093],[-93.164215,44.999002],[-93.166493,44.998974],[-93.166362,45.010361]]]}},{"type":"Feature","properties":{"unit_id":"27123041002","name":"Census Tract 410.02 \u2014 Ramsey","native_id":"27123041002","source":"census_tract_2025","adm3_name":"Ramsey County","adm3_id":"27123","area_sqm":2297937,"split":false,"population":2643.0,"days_covered":24,"daytime_peak_f":87.1,"heat_anomaly_f":5.9,"extreme_pct":17.0,"nighttime_stress_f":-2.9,"daytime_peak_f_climrel":0.3472,"heat_anomaly_f_climrel":0.3472,"nighttime_stress_f_climrel":-0.1783,"extreme_pct_climrel":0.425,"ref_daytime_hi_mean":81.1,"ref_daytime_hi_p95":93.9,"rwi_mean":null,"health_per_10k":0.0,"built_frac":0.166,"tree_frac":0.737,"canopy_frac_over_3m":0.502,"viirs_mean":12.9,"gdl_hdi":0.96,"gdl_region":"Minnesota","ghsl_smod":21,"lst_anomaly_c":null,"lst_anomaly_c_climrel":null,"worldpop_pop_total":3836.0,"frac_under5":6.5,"frac_elderly_65plus":18.3,"frac_elderly_75plus":7.9,"old_age_dependency_ratio":0.285,"has_data":true},"geometry":{"type":"Polygon","coordinates":[[[-93.227828,45.107038],[-93.223091,45.10778],[-93.219204,45.107861],[-93.215206,45.107001],[-93.21311,45.107968],[-93.208983,45.108051],[-93.208941,45.105244],[-93.208865,45.100789],[-93.208726,45.093553],[-93.218943,45.09335],[-93.227734,45.093217],[-93.227755,45.100407],[-93.227828,45.107038]]]}},{"type":"Feature","properties":{"unit_id":"27053020101","name":"Census Tract 201.01 \u2014 Hennepin","native_id":"27053020101","source":"census_tract_2025","adm3_name":"Hennepin County","adm3_id":"27053","area_sqm":1868497,"split":false,"population":1819.0,"days_covered":24,"daytime_peak_f":87.6,"heat_anomaly_f":6.1,"extreme_pct":17.0,"nighttime_stress_f":-2.8,"daytime_peak_f_climrel":0.362,"heat_anomaly_f_climrel":0.362,"nighttime_stress_f_climrel":-0.1712,"extreme_pct_climrel":0.425,"ref_daytime_hi_mean":81.5,"ref_daytime_hi_p95":94.1,"rwi_mean":null,"health_per_10k":0.0,"built_frac":0.27,"tree_frac":0.593,"canopy_frac_over_3m":0.342,"viirs_mean":21.2,"gdl_hdi":0.96,"gdl_region":"Minnesota","ghsl_smod":30,"lst_anomaly_c":null,"lst_anomaly_c_climrel":null,"worldpop_pop_total":3575.0,"frac_under5":5.5,"frac_elderly_65plus":18.4,"frac_elderly_75plus":8.2,"old_age_dependency_ratio":0.298,"has_data":true},"geometry":{"type":"Polygon","coordinates":[[[-93.226929,45.035671],[-93.219498,45.035698],[-93.21823,45.035698],[-93.208092,45.035744],[-93.207949,45.027802],[-93.207926,45.027561],[-93.209578,45.024668],[-93.211166,45.025078],[-93.21254,45.024174],[-93.226883,45.024097],[-93.226898,45.027714],[-93.226898,45.027729],[-93.226929,45.035671]]]}},{"type":"Feature","properties":{"unit_id":"27053021100","name":"Census Tract 211 \u2014 Hennepin","native_id":"27053021100","source":"census_tract_2025","adm3_name":"Hennepin County","adm3_id":"27053","area_sqm":1106190,"split":false,"population":1484.0,"days_covered":24,"daytime_peak_f":87.5,"heat_anomaly_f":6.4,"extreme_pct":17.0,"nighttime_stress_f":-2.8,"daytime_peak_f_climrel":0.3865,"heat_anomaly_f_climrel":0.3865,"nighttime_stress_f_climrel":-0.1712,"extreme_pct_climrel":0.425,"ref_daytime_hi_mean":81.2,"ref_daytime_hi_p95":93.7,"rwi_mean":null,"health_per_10k":0.0,"built_frac":0.334,"tree_frac":0.538,"canopy_frac_over_3m":0.3,"viirs_mean":18.0,"gdl_hdi":0.96,"gdl_region":"Minnesota","ghsl_smod":30,"lst_anomaly_c":null,"lst_anomaly_c_climrel":null,"worldpop_pop_total":2159.0,"frac_under5":5.6,"frac_elderly_65plus":12.1,"frac_elderly_75plus":4.6,"old_age_dependency_ratio":0.167,"has_data":true},"geometry":{"type":"Polygon","coordinates":[[[-93.356257,45.032711],[-93.349485,45.032618],[-93.349915,45.036915],[-93.350048,45.039997],[-93.34893,45.039993],[-93.339835,45.039996],[-93.339834,45.040332],[-93.334551,45.040368],[-93.34058,45.038151],[-93.343011,45.036236],[-93.344512,45.034783],[-93.34583,45.033435],[-93.346997,45.031377],[-93.347298,45.03],[-93.347351,45.025942],[-93.348596,45.021131],[-93.349599,45.021455],[-93.349495,45.02534],[-93.356238,45.025349],[-93.356255,45.032219],[-93.356257,45.032711]]]}},{"type":"Feature","properties":{"unit_id":"27053024100","name":"Census Tract 241 \u2014 Hennepin","native_id":"27053024100","source":"census_tract_2025","adm3_name":"Hennepin County","adm3_id":"27053","area_sqm":1757176,"split":false,"population":2154.0,"days_covered":24,"daytime_peak_f":87.8,"heat_anomaly_f":6.2,"extreme_pct":17.0,"nighttime_stress_f":-3.2,"daytime_peak_f_climrel":0.3756,"heat_anomaly_f_climrel":0.3756,"nighttime_stress_f_climrel":-0.1982,"extreme_pct_climrel":0.425,"ref_daytime_hi_mean":81.6,"ref_daytime_hi_p95":94.1,"rwi_mean":null,"health_per_10k":4.642525533890437,"built_frac":0.403,"tree_frac":0.527,"canopy_frac_over_3m":0.347,"viirs_mean":33.5,"gdl_hdi":0.96,"gdl_region":"Minnesota","ghsl_smod":30,"lst_anomaly_c":null,"lst_anomaly_c_climrel":null,"worldpop_pop_total":3691.0,"frac_under5":5.3,"frac_elderly_65plus":16.1,"frac_elderly_75plus":6.2,"old_age_dependency_ratio":0.23,"has_data":true},"geometry":{"type":"Polygon","coordinates":[[[-93.318817,44.889519],[-93.318825,44.890752],[-93.308661,44.890605],[-93.30505,44.890596],[-93.297323,44.890305],[-93.295966,44.890171],[-93.296091,44.889379],[-93.295803,44.883435],[-93.297211,44.883446],[-93.297203,44.881638],[-93.308617,44.881741],[-93.318779,44.881763],[-93.318787,44.883507],[-93.318843,44.888844],[-93.318817,44.889519]]]}},{"type":"Feature","properties":{"unit_id":"27053000101","name":"Census Tract 1.01 \u2014 Hennepin","native_id":"27053000101","source":"census_tract_2025","adm3_name":"Hennepin County","adm3_id":"27053","area_sqm":2001537,"split":false,"population":1732.0,"days_covered":24,"daytime_peak_f":87.5,"heat_anomaly_f":6.4,"extreme_pct":17.0,"nighttime_stress_f":-2.8,"daytime_peak_f_climrel":0.3865,"heat_anomaly_f_climrel":0.3865,"nighttime_stress_f_climrel":-0.1712,"extreme_pct_climrel":0.425,"ref_daytime_hi_mean":81.2,"ref_daytime_hi_p95":93.7,"rwi_mean":null,"health_per_10k":0.0,"built_frac":0.475,"tree_frac":0.379,"canopy_frac_over_3m":0.291,"viirs_mean":27.5,"gdl_hdi":0.96,"gdl_region":"Minnesota","ghsl_smod":30,"lst_anomaly_c":null,"lst_anomaly_c_climrel":null,"worldpop_pop_total":3730.0,"frac_under5":6.2,"frac_elderly_65plus":9.7,"frac_elderly_75plus":3.6,"old_age_dependency_ratio":0.138,"has_data":true},"geometry":{"type":"Polygon","coordinates":[[[-93.319496,45.05125],[-93.314187,45.051239],[-93.304306,45.051182],[-93.299194,45.051136],[-93.29921,45.043919],[-93.299065,45.037659],[-93.306676,45.039352],[-93.319433,45.04217],[-93.319443,45.047596],[-93.319496,45.05125]]]}},{"type":"Feature","properties":{"unit_id":"27053022000","name":"Census Tract 220 \u2014 Hennepin","native_id":"27053022000","source":"census_tract_2025","adm3_name":"Hennepin County","adm3_id":"27053","area_sqm":1731908,"split":false,"population":6930.0,"days_covered":24,"daytime_peak_f":87.5,"heat_anomaly_f":6.4,"extreme_pct":17.0,"nighttime_stress_f":-2.8,"daytime_peak_f_climrel":0.3865,"heat_anomaly_f_climrel":0.3865,"nighttime_stress_f_climrel":-0.1712,"extreme_pct_climrel":0.425,"ref_daytime_hi_mean":81.2,"ref_daytime_hi_p95":93.7,"rwi_mean":null,"health_per_10k":0.0,"built_frac":0.598,"tree_frac":0.31,"canopy_frac_over_3m":0.229,"viirs_mean":61.8,"gdl_hdi":0.96,"gdl_region":"Minnesota","ghsl_smod":30,"lst_anomaly_c":null,"lst_anomaly_c_climrel":null,"worldpop_pop_total":2663.0,"frac_under5":1.9,"frac_elderly_65plus":9.4,"frac_elderly_75plus":3.2,"old_age_dependency_ratio":0.11,"has_data":true},"geometry":{"type":"Polygon","coordinates":[[[-93.359825,44.96405],[-93.358871,44.966793],[-93.356056,44.971054],[-93.349481,44.970361],[-93.344036,44.97047],[-93.342987,44.966622],[-93.328692,44.966484],[-93.328697,44.965038],[-93.344666,44.961977],[-93.359202,44.959126],[-93.360237,44.961075],[-93.359825,44.96405]]]}},{"type":"Feature","properties":{"unit_id":"27053008100","name":"Census Tract 81 \u2014 Hennepin","native_id":"27053008100","source":"census_tract_2025","adm3_name":"Hennepin County","adm3_id":"27053","area_sqm":628139,"split":false,"population":3360.0,"days_covered":24,"daytime_peak_f":87.8,"heat_anomaly_f":6.2,"extreme_pct":17.0,"nighttime_stress_f":-3.2,"daytime_peak_f_climrel":0.3756,"heat_anomaly_f_climrel":0.3756,"nighttime_stress_f_climrel":-0.1982,"extreme_pct_climrel":0.425,"ref_daytime_hi_mean":81.6,"ref_daytime_hi_p95":94.1,"rwi_mean":null,"health_per_10k":8.928571428571429,"built_frac":0.547,"tree_frac":0.443,"canopy_frac_over_3m":0.412,"viirs_mean":46.4,"gdl_hdi":0.96,"gdl_region":"Minnesota","ghsl_smod":30,"lst_anomaly_c":null,"lst_anomaly_c_climrel":null,"worldpop_pop_total":3824.0,"frac_under5":2.8,"frac_elderly_65plus":8.0,"frac_elderly_75plus":2.3,"old_age_dependency_ratio":0.093,"has_data":true},"geometry":{"type":"Polygon","coordinates":[[[-93.298317,44.944691],[-93.298279,44.948364],[-93.295731,44.948364],[-93.290649,44.948364],[-93.288094,44.948364],[-93.288139,44.944736],[-93.28817,44.94133],[-93.290726,44.941332],[-93.295815,44.941328],[-93.298355,44.941326],[-93.298317,44.944691]]]}},{"type":"Feature","properties":{"unit_id":"27053020700","name":"Census Tract 207 \u2014 Hennepin","native_id":"27053020700","source":"census_tract_2025","adm3_name":"Hennepin County","adm3_id":"27053","area_sqm":3852113,"split":false,"population":2425.0,"days_covered":24,"daytime_peak_f":87.3,"heat_anomaly_f":6.2,"extreme_pct":17.0,"nighttime_stress_f":-2.8,"daytime_peak_f_climrel":0.3737,"heat_anomaly_f_climrel":0.3737,"nighttime_stress_f_climrel":-0.1775,"extreme_pct_climrel":0.425,"ref_daytime_hi_mean":81.1,"ref_daytime_hi_p95":93.9,"rwi_mean":null,"health_per_10k":28.8659793814433,"built_frac":0.336,"tree_frac":0.369,"canopy_frac_over_3m":0.235,"viirs_mean":20.2,"gdl_hdi":0.96,"gdl_region":"Minnesota","ghsl_smod":30,"lst_anomaly_c":null,"lst_anomaly_c_climrel":null,"worldpop_pop_total":4717.0,"frac_under5":5.3,"frac_elderly_65plus":16.2,"frac_elderly_75plus":6.7,"old_age_dependency_ratio":0.241,"has_data":true},"geometry":{"type":"Polygon","coordinates":[[[-93.360054,45.065693],[-93.349819,45.065697],[-93.339686,45.06562],[-93.33962,45.059616],[-93.338443,45.058254],[-93.339789,45.053643],[-93.339806,45.048462],[-93.339834,45.040332],[-93.339835,45.039996],[-93.34893,45.039993],[-93.350227,45.041561],[-93.354485,45.047997],[-93.358864,45.054642],[-93.358293,45.05464],[-93.359182,45.055696],[-93.365731,45.06568],[-93.360054,45.065693]]]}},{"type":"Feature","properties":{"unit_id":"27123030300","name":"Census Tract 303 \u2014 Ramsey","native_id":"27123030300","source":"census_tract_2025","adm3_name":"Ramsey County","adm3_id":"27123","area_sqm":2743575,"split":false,"population":4924.0,"days_covered":24,"daytime_peak_f":87.0,"heat_anomaly_f":6.5,"extreme_pct":17.0,"nighttime_stress_f":-2.0,"daytime_peak_f_climrel":0.3832,"heat_anomaly_f_climrel":0.3832,"nighttime_stress_f_climrel":-0.1206,"extreme_pct_climrel":0.425,"ref_daytime_hi_mean":80.6,"ref_daytime_hi_p95":92.9,"rwi_mean":null,"health_per_10k":6.092607636068237,"built_frac":0.226,"tree_frac":0.622,"canopy_frac_over_3m":0.356,"viirs_mean":21.2,"gdl_hdi":0.96,"gdl_region":"Minnesota","ghsl_smod":30,"lst_anomaly_c":null,"lst_anomaly_c_climrel":null,"worldpop_pop_total":6087.0,"frac_under5":5.2,"frac_elderly_65plus":17.8,"frac_elderly_75plus":5.8,"old_age_dependency_ratio":0.268,"has_data":true},"geometry":{"type":"Polygon","coordinates":[[[-93.146868,44.978905],[-93.145253,44.980661],[-93.146212,44.98196],[-93.142988,44.984732],[-93.146261,44.986722],[-93.146494,44.987476],[-93.146464,44.991976],[-93.14136,44.991936],[-93.139389,44.991921],[-93.137723,44.991908],[-93.126099,44.991794],[-93.126215,44.984577],[-93.126354,44.977362],[-93.126355,44.976064],[-93.129788,44.975089],[-93.134741,44.974293],[-93.138556,44.973722],[-93.144033,44.973541],[-93.146565,44.973549],[-93.146868,44.978905]]]}},{"type":"Feature","properties":{"unit_id":"27123041106","name":"Census Tract 411.06 \u2014 Ramsey","native_id":"27123041106","source":"census_tract_2025","adm3_name":"Ramsey County","adm3_id":"27123","area_sqm":2411701,"split":false,"population":2951.0,"days_covered":24,"daytime_peak_f":87.1,"heat_anomaly_f":5.9,"extreme_pct":17.0,"nighttime_stress_f":-2.9,"daytime_peak_f_climrel":0.3472,"heat_anomaly_f_climrel":0.3472,"nighttime_stress_f_climrel":-0.1783,"extreme_pct_climrel":0.425,"ref_daytime_hi_mean":81.1,"ref_daytime_hi_p95":93.9,"rwi_mean":null,"health_per_10k":0.0,"built_frac":0.215,"tree_frac":0.677,"canopy_frac_over_3m":0.434,"viirs_mean":19.0,"gdl_hdi":0.96,"gdl_region":"Minnesota","ghsl_smod":30,"lst_anomaly_c":null,"lst_anomaly_c_climrel":null,"worldpop_pop_total":4194.0,"frac_under5":6.4,"frac_elderly_65plus":17.4,"frac_elderly_75plus":7.4,"old_age_dependency_ratio":0.278,"has_data":true},"geometry":{"type":"Polygon","coordinates":[[[-93.227235,45.064842],[-93.222441,45.064396],[-93.218519,45.064379],[-93.218338,45.064386],[-93.20656,45.064632],[-93.20622,45.063989],[-93.206194,45.061009],[-93.208901,45.061017],[-93.208186,45.055089],[-93.210749,45.053748],[-93.206904,45.053792],[-93.20685,45.050162],[-93.208155,45.050159],[-93.21834,45.050044],[-93.227059,45.049937],[-93.22709,45.055873],[-93.227208,45.061619],[-93.227235,45.064842]]]}},{"type":"Feature","properties":{"unit_id":"27123030900","name":"Census Tract 309 \u2014 Ramsey","native_id":"27123030900","source":"census_tract_2025","adm3_name":"Ramsey County","adm3_id":"27123","area_sqm":925367,"split":false,"population":4357.0,"days_covered":24,"daytime_peak_f":87.0,"heat_anomaly_f":6.5,"extreme_pct":17.0,"nighttime_stress_f":-2.0,"daytime_peak_f_climrel":0.3832,"heat_anomaly_f_climrel":0.3832,"nighttime_stress_f_climrel":-0.1206,"extreme_pct_climrel":0.425,"ref_daytime_hi_mean":80.6,"ref_daytime_hi_p95":92.9,"rwi_mean":null,"health_per_10k":0.0,"built_frac":0.347,"tree_frac":0.625,"canopy_frac_over_3m":0.434,"viirs_mean":27.4,"gdl_hdi":0.96,"gdl_region":"Minnesota","ghsl_smod":30,"lst_anomaly_c":null,"lst_anomaly_c_climrel":null,"worldpop_pop_total":4042.0,"frac_under5":8.0,"frac_elderly_65plus":7.6,"frac_elderly_75plus":2.4,"old_age_dependency_ratio":0.115,"has_data":true},"geometry":{"type":"Polygon","coordinates":[[[-93.088805,44.977109],[-93.083641,44.977348],[-93.081154,44.978545],[-93.076111,44.981038],[-93.07608,44.974695],[-93.076082,44.970235],[-93.076082,44.970192],[-93.081143,44.970146],[-93.083702,44.970123],[-93.087628,44.970158],[-93.088853,44.970027],[-93.088805,44.977109]]]}},{"type":"Feature","properties":{"unit_id":"27053026510","name":"Census Tract 265.10 \u2014 Hennepin","native_id":"27053026510","source":"census_tract_2025","adm3_name":"Hennepin County","adm3_id":"27053","area_sqm":2824147,"split":false,"population":4328.0,"days_covered":24,"daytime_peak_f":87.3,"heat_anomaly_f":6.2,"extreme_pct":17.0,"nighttime_stress_f":-2.9,"daytime_peak_f_climrel":0.3752,"heat_anomaly_f_climrel":0.3752,"nighttime_stress_f_climrel":-0.1776,"extreme_pct_climrel":0.425,"ref_daytime_hi_mean":81.1,"ref_daytime_hi_p95":93.7,"rwi_mean":null,"health_per_10k":9.242144177449168,"built_frac":0.309,"tree_frac":0.498,"canopy_frac_over_3m":0.295,"viirs_mean":18.4,"gdl_hdi":0.96,"gdl_region":"Minnesota","ghsl_smod":30,"lst_anomaly_c":null,"lst_anomaly_c_climrel":null,"worldpop_pop_total":3243.0,"frac_under5":3.8,"frac_elderly_65plus":20.8,"frac_elderly_75plus":8.3,"old_age_dependency_ratio":0.301,"has_data":true},"geometry":{"type":"Polygon","coordinates":[[[-93.42096,45.043597],[-93.420974,45.047315],[-93.420781,45.049764],[-93.419365,45.049763],[-93.410488,45.049184],[-93.405708,45.048912],[-93.40079,45.048924],[-93.400781,45.043889],[-93.400715,45.033314],[-93.408539,45.033257],[-93.415718,45.03307],[-93.420853,45.033138],[-93.421149,45.041265],[-93.42096,45.043597]]]}},{"type":"Feature","properties":{"unit_id":"27053104001","name":"Census Tract 1040.01 \u2014 Hennepin","native_id":"27053104001","source":"census_tract_2025","adm3_name":"Hennepin County","adm3_id":"27053","area_sqm":1748428,"split":false,"population":5404.0,"days_covered":24,"daytime_peak_f":87.6,"heat_anomaly_f":6.1,"extreme_pct":17.0,"nighttime_stress_f":-2.8,"daytime_peak_f_climrel":0.362,"heat_anomaly_f_climrel":0.362,"nighttime_stress_f_climrel":-0.1712,"extreme_pct_climrel":0.425,"ref_daytime_hi_mean":81.5,"ref_daytime_hi_p95":94.1,"rwi_mean":null,"health_per_10k":0.0,"built_frac":0.659,"tree_frac":0.292,"canopy_frac_over_3m":0.199,"viirs_mean":64.5,"gdl_hdi":0.96,"gdl_region":"Minnesota","ghsl_smod":30,"lst_anomaly_c":null,"lst_anomaly_c_climrel":null,"worldpop_pop_total":2997.0,"frac_under5":2.9,"frac_elderly_65plus":4.6,"frac_elderly_75plus":1.4,"old_age_dependency_ratio":0.053,"has_data":true},"geometry":{"type":"Polygon","coordinates":[[[-93.236174,44.988139],[-93.235576,44.987891],[-93.226936,44.987827],[-93.215204,44.987961],[-93.207587,44.988071],[-93.207649,44.980331],[-93.207672,44.976326],[-93.210419,44.97676],[-93.211423,44.977365],[-93.226131,44.981735],[-93.230851,44.984378],[-93.234649,44.986482],[-93.236718,44.98762],[-93.236174,44.988139]]]}},{"type":"Feature","properties":{"unit_id":"27053020500","name":"Census Tract 205 \u2014 Hennepin","native_id":"27053020500","source":"census_tract_2025","adm3_name":"Hennepin County","adm3_id":"27053","area_sqm":1992919,"split":false,"population":2708.0,"days_covered":24,"daytime_peak_f":87.3,"heat_anomaly_f":6.2,"extreme_pct":17.0,"nighttime_stress_f":-2.8,"daytime_peak_f_climrel":0.3737,"heat_anomaly_f_climrel":0.3737,"nighttime_stress_f_climrel":-0.1775,"extreme_pct_climrel":0.425,"ref_daytime_hi_mean":81.1,"ref_daytime_hi_p95":93.9,"rwi_mean":null,"health_per_10k":0.0,"built_frac":0.286,"tree_frac":0.544,"canopy_frac_over_3m":0.362,"viirs_mean":22.4,"gdl_hdi":0.96,"gdl_region":"Minnesota","ghsl_smod":30,"lst_anomaly_c":null,"lst_anomaly_c_climrel":null,"worldpop_pop_total":4535.0,"frac_under5":6.8,"frac_elderly_65plus":11.2,"frac_elderly_75plus":4.3,"old_age_dependency_ratio":0.166,"has_data":true},"geometry":{"type":"Polygon","coordinates":[[[-93.314455,45.055399],[-93.303349,45.062038],[-93.301361,45.062019],[-93.301483,45.05846],[-93.293777,45.058422],[-93.285226,45.058465],[-93.282926,45.053465],[-93.282226,45.051165],[-93.291527,45.051128],[-93.29409,45.051128],[-93.299194,45.051136],[-93.304306,45.051182],[-93.314187,45.051239],[-93.314545,45.052248],[-93.314455,45.055399]]]}},{"type":"Feature","properties":{"unit_id":"27053008400","name":"Census Tract 84 \u2014 Hennepin","native_id":"27053008400","source":"census_tract_2025","adm3_name":"Hennepin County","adm3_id":"27053","area_sqm":466901,"split":false,"population":1976.7523488365525,"days_covered":24,"daytime_peak_f":87.8,"heat_anomaly_f":6.2,"extreme_pct":17.0,"nighttime_stress_f":-3.2,"daytime_peak_f_climrel":0.3756,"heat_anomaly_f_climrel":0.3756,"nighttime_stress_f_climrel":-0.1982,"extreme_pct_climrel":0.425,"ref_daytime_hi_mean":81.6,"ref_daytime_hi_p95":94.1,"rwi_mean":null,"health_per_10k":0.0,"built_frac":0.598,"tree_frac":0.399,"canopy_frac_over_3m":0.364,"viirs_mean":56.8,"gdl_hdi":0.96,"gdl_region":"Minnesota","ghsl_smod":30,"lst_anomaly_c":null,"lst_anomaly_c_climrel":null,"worldpop_pop_total":3137.0,"frac_under5":6.5,"frac_elderly_65plus":5.2,"frac_elderly_75plus":1.8,"old_age_dependency_ratio":0.072,"has_data":true},"geometry":{"type":"Polygon","coordinates":[[[-93.270309,44.948353],[-93.267761,44.948353],[-93.266502,44.948353],[-93.262672,44.948357],[-93.26266,44.946559],[-93.262607,44.943177],[-93.262566,44.941367],[-93.266388,44.941377],[-93.267654,44.941383],[-93.270203,44.941372],[-93.270309,44.948353]]]}},{"type":"Feature","properties":{"unit_id":"27053100700","name":"Census Tract 1007 \u2014 Hennepin","native_id":"27053100700","source":"census_tract_2025","adm3_name":"Hennepin County","adm3_id":"27053","area_sqm":967533,"split":false,"population":1192.0,"days_covered":24,"daytime_peak_f":87.5,"heat_anomaly_f":6.4,"extreme_pct":17.0,"nighttime_stress_f":-2.8,"daytime_peak_f_climrel":0.3865,"heat_anomaly_f_climrel":0.3865,"nighttime_stress_f_climrel":-0.1712,"extreme_pct_climrel":0.425,"ref_daytime_hi_mean":81.2,"ref_daytime_hi_p95":93.7,"rwi_mean":null,"health_per_10k":0.0,"built_frac":0.25,"tree_frac":0.72,"canopy_frac_over_3m":0.515,"viirs_mean":26.9,"gdl_hdi":0.96,"gdl_region":"Minnesota","ghsl_smod":30,"lst_anomaly_c":null,"lst_anomaly_c_climrel":null,"worldpop_pop_total":3372.0,"frac_under5":5.5,"frac_elderly_65plus":9.7,"frac_elderly_75plus":3.3,"old_age_dependency_ratio":0.133,"has_data":true},"geometry":{"type":"Polygon","coordinates":[[[-93.318527,45.024094],[-93.313431,45.024097],[-93.308334,45.02409],[-93.30827,45.018654],[-93.308235,45.013241],[-93.313339,45.013249],[-93.318494,45.013246],[-93.318436,45.018677],[-93.318527,45.024094]]]}},{"type":"Feature","properties":{"unit_id":"27053022801","name":"Census Tract 228.01 \u2014 Hennepin","native_id":"27053022801","source":"census_tract_2025","adm3_name":"Hennepin County","adm3_id":"27053","area_sqm":1734405,"split":false,"population":3610.0,"days_covered":24,"daytime_peak_f":87.5,"heat_anomaly_f":6.4,"extreme_pct":17.0,"nighttime_stress_f":-2.8,"daytime_peak_f_climrel":0.3865,"heat_anomaly_f_climrel":0.3865,"nighttime_stress_f_climrel":-0.1712,"extreme_pct_climrel":0.425,"ref_daytime_hi_mean":81.2,"ref_daytime_hi_p95":93.7,"rwi_mean":null,"health_per_10k":0.0,"built_frac":0.152,"tree_frac":0.774,"canopy_frac_over_3m":0.482,"viirs_mean":27.8,"gdl_hdi":0.96,"gdl_region":"Minnesota","ghsl_smod":30,"lst_anomaly_c":null,"lst_anomaly_c_climrel":null,"worldpop_pop_total":2570.0,"frac_under5":6.3,"frac_elderly_65plus":16.9,"frac_elderly_75plus":5.5,"old_age_dependency_ratio":0.272,"has_data":true},"geometry":{"type":"Polygon","coordinates":[[[-93.34793,44.953754],[-93.347538,44.955722],[-93.344666,44.961977],[-93.328697,44.965038],[-93.328731,44.959332],[-93.328738,44.958365],[-93.32878,44.952063],[-93.337784,44.952076],[-93.34795,44.951991],[-93.34793,44.953754]]]}},{"type":"Feature","properties":{"unit_id":"27053100800","name":"Census Tract 1008 \u2014 Hennepin","native_id":"27053100800","source":"census_tract_2025","adm3_name":"Hennepin County","adm3_id":"27053","area_sqm":1084917,"split":false,"population":1092.0,"days_covered":24,"daytime_peak_f":87.5,"heat_anomaly_f":6.4,"extreme_pct":17.0,"nighttime_stress_f":-2.8,"daytime_peak_f_climrel":0.3865,"heat_anomaly_f_climrel":0.3865,"nighttime_stress_f_climrel":-0.1712,"extreme_pct_climrel":0.425,"ref_daytime_hi_mean":81.2,"ref_daytime_hi_p95":93.7,"rwi_mean":null,"health_per_10k":0.0,"built_frac":0.264,"tree_frac":0.641,"canopy_frac_over_3m":0.437,"viirs_mean":25.6,"gdl_hdi":0.96,"gdl_region":"Minnesota","ghsl_smod":30,"lst_anomaly_c":null,"lst_anomaly_c_climrel":null,"worldpop_pop_total":4627.0,"frac_under5":7.3,"frac_elderly_65plus":6.9,"frac_elderly_75plus":1.9,"old_age_dependency_ratio":0.1,"has_data":true},"geometry":{"type":"Polygon","coordinates":[[[-93.308334,45.02409],[-93.303223,45.024048],[-93.296844,45.023998],[-93.296852,45.018578],[-93.296844,45.013161],[-93.300636,45.013185],[-93.303185,45.013203],[-93.308235,45.013241],[-93.30827,45.018654],[-93.308334,45.02409]]]}},{"type":"Feature","properties":{"unit_id":"27123042900","name":"Census Tract 429 \u2014 Ramsey","native_id":"27123042900","source":"census_tract_2025","adm3_name":"Ramsey County","adm3_id":"27123","area_sqm":1211122,"split":false,"population":7922.0,"days_covered":24,"daytime_peak_f":87.2,"heat_anomaly_f":6.2,"extreme_pct":17.0,"nighttime_stress_f":-2.9,"daytime_peak_f_climrel":0.3669,"heat_anomaly_f_climrel":0.3669,"nighttime_stress_f_climrel":-0.1738,"extreme_pct_climrel":0.425,"ref_daytime_hi_mean":81.0,"ref_daytime_hi_p95":93.5,"rwi_mean":null,"health_per_10k":8.836152486745771,"built_frac":0.456,"tree_frac":0.51,"canopy_frac_over_3m":0.389,"viirs_mean":38.6,"gdl_hdi":0.96,"gdl_region":"Minnesota","ghsl_smod":30,"lst_anomaly_c":null,"lst_anomaly_c_climrel":null,"worldpop_pop_total":4281.0,"frac_under5":4.0,"frac_elderly_65plus":12.1,"frac_elderly_75plus":3.7,"old_age_dependency_ratio":0.16,"has_data":true},"geometry":{"type":"Polygon","coordinates":[[[-93.146633,44.946619],[-93.139005,44.946599],[-93.136455,44.946593],[-93.133187,44.946607],[-93.128823,44.946602],[-93.128784,44.94317],[-93.128761,44.941356],[-93.128755,44.938814],[-93.136409,44.938833],[-93.1466,44.938915],[-93.146604,44.941291],[-93.146605,44.941515],[-93.146633,44.946619]]]}},{"type":"Feature","properties":{"unit_id":"27053008300","name":"Census Tract 83 \u2014 Hennepin","native_id":"27053008300","source":"census_tract_2025","adm3_name":"Hennepin County","adm3_id":"27053","area_sqm":470682,"split":false,"population":2439.0,"days_covered":24,"daytime_peak_f":87.8,"heat_anomaly_f":6.2,"extreme_pct":17.0,"nighttime_stress_f":-3.2,"daytime_peak_f_climrel":0.3756,"heat_anomaly_f_climrel":0.3756,"nighttime_stress_f_climrel":-0.1982,"extreme_pct_climrel":0.425,"ref_daytime_hi_mean":81.6,"ref_daytime_hi_p95":94.1,"rwi_mean":null,"health_per_10k":0.0,"built_frac":0.72,"tree_frac":0.258,"canopy_frac_over_3m":0.273,"viirs_mean":64.5,"gdl_hdi":0.96,"gdl_region":"Minnesota","ghsl_smod":30,"lst_anomaly_c":null,"lst_anomaly_c_climrel":null,"worldpop_pop_total":1982.0,"frac_under5":5.8,"frac_elderly_65plus":5.2,"frac_elderly_75plus":2.0,"old_age_dependency_ratio":0.069,"has_data":true},"geometry":{"type":"Polygon","coordinates":[[[-93.277946,44.948353],[-93.27668,44.948353],[-93.274627,44.948353],[-93.270309,44.948353],[-93.270203,44.941372],[-93.274586,44.941359],[-93.274864,44.941364],[-93.277916,44.941345],[-93.277939,44.944748],[-93.277946,44.948353]]]}},{"type":"Feature","properties":{"unit_id":"27053020302","name":"Census Tract 203.02 \u2014 Hennepin","native_id":"27053020302","source":"census_tract_2025","adm3_name":"Hennepin County","adm3_id":"27053","area_sqm":1208095,"split":false,"population":2013.0,"days_covered":24,"daytime_peak_f":87.3,"heat_anomaly_f":6.2,"extreme_pct":17.0,"nighttime_stress_f":-2.8,"daytime_peak_f_climrel":0.3737,"heat_anomaly_f_climrel":0.3737,"nighttime_stress_f_climrel":-0.1775,"extreme_pct_climrel":0.425,"ref_daytime_hi_mean":81.1,"ref_daytime_hi_p95":93.9,"rwi_mean":null,"health_per_10k":0.0,"built_frac":0.397,"tree_frac":0.454,"canopy_frac_over_3m":0.298,"viirs_mean":68.0,"gdl_hdi":0.96,"gdl_region":"Minnesota","ghsl_smod":30,"lst_anomaly_c":null,"lst_anomaly_c_climrel":null,"worldpop_pop_total":2870.0,"frac_under5":6.7,"frac_elderly_65plus":18.5,"frac_elderly_75plus":10.3,"old_age_dependency_ratio":0.306,"has_data":true},"geometry":{"type":"Polygon","coordinates":[[[-93.351108,45.08723],[-93.348516,45.087245],[-93.344305,45.087252],[-93.336712,45.080075],[-93.33342,45.076754],[-93.332661,45.07602],[-93.350757,45.076249],[-93.351092,45.080078],[-93.351108,45.08723]]]}},{"type":"Feature","properties":{"unit_id":"27053111300","name":"Census Tract 1113 \u2014 Hennepin","native_id":"27053111300","source":"census_tract_2025","adm3_name":"Hennepin County","adm3_id":"27053","area_sqm":1776103,"split":false,"population":1742.0,"days_covered":24,"daytime_peak_f":87.8,"heat_anomaly_f":6.2,"extreme_pct":17.0,"nighttime_stress_f":-3.2,"daytime_peak_f_climrel":0.3756,"heat_anomaly_f_climrel":0.3756,"nighttime_stress_f_climrel":-0.1982,"extreme_pct_climrel":0.425,"ref_daytime_hi_mean":81.6,"ref_daytime_hi_p95":94.1,"rwi_mean":null,"health_per_10k":0.0,"built_frac":0.255,"tree_frac":0.725,"canopy_frac_over_3m":0.542,"viirs_mean":20.9,"gdl_hdi":0.96,"gdl_region":"Minnesota","ghsl_smod":30,"lst_anomaly_c":null,"lst_anomaly_c_climrel":null,"worldpop_pop_total":5700.0,"frac_under5":7.0,"frac_elderly_65plus":15.2,"frac_elderly_75plus":5.0,"old_age_dependency_ratio":0.234,"has_data":true},"geometry":{"type":"Polygon","coordinates":[[[-93.318855,44.912449],[-93.313774,44.912403],[-93.308701,44.912365],[-93.303581,44.912347],[-93.29847,44.912334],[-93.298477,44.911043],[-93.29847,44.905106],[-93.303551,44.905117],[-93.303566,44.901512],[-93.308655,44.901535],[-93.318825,44.901619],[-93.318817,44.905239],[-93.31884,44.908836],[-93.318855,44.912449]]]}},{"type":"Feature","properties":{"unit_id":"27123040705","name":"Census Tract 407.05 \u2014 Ramsey","native_id":"27123040705","source":"census_tract_2025","adm3_name":"Ramsey County","adm3_id":"27123","area_sqm":5434049,"split":false,"population":4256.0,"days_covered":24,"daytime_peak_f":87.1,"heat_anomaly_f":5.9,"extreme_pct":17.0,"nighttime_stress_f":-2.9,"daytime_peak_f_climrel":0.3472,"heat_anomaly_f_climrel":0.3472,"nighttime_stress_f_climrel":-0.1783,"extreme_pct_climrel":0.425,"ref_daytime_hi_mean":81.1,"ref_daytime_hi_p95":93.9,"rwi_mean":null,"health_per_10k":2.3496240601503757,"built_frac":0.17,"tree_frac":0.48,"canopy_frac_over_3m":0.307,"viirs_mean":16.4,"gdl_hdi":0.96,"gdl_region":"Minnesota","ghsl_smod":21,"lst_anomaly_c":null,"lst_anomaly_c_climrel":null,"worldpop_pop_total":4477.0,"frac_under5":5.5,"frac_elderly_65plus":22.0,"frac_elderly_75plus":9.1,"old_age_dependency_ratio":0.361,"has_data":true},"geometry":{"type":"Polygon","coordinates":[[[-93.188706,45.124374],[-93.188413,45.124375],[-93.165192,45.1243],[-93.153392,45.124219],[-93.150072,45.124212],[-93.149645,45.119393],[-93.152161,45.118111],[-93.148681,45.115741],[-93.147841,45.114249],[-93.147689,45.108074],[-93.158111,45.108052],[-93.185108,45.107973],[-93.188241,45.10795],[-93.188358,45.118927],[-93.188631,45.118927],[-93.188706,45.124374]]]}},{"type":"Feature","properties":{"unit_id":"27053024003","name":"Census Tract 240.03 \u2014 Hennepin","native_id":"27053024003","source":"census_tract_2025","adm3_name":"Hennepin County","adm3_id":"27053","area_sqm":2630839,"split":false,"population":9735.0,"days_covered":24,"daytime_peak_f":87.8,"heat_anomaly_f":6.2,"extreme_pct":17.0,"nighttime_stress_f":-3.2,"daytime_peak_f_climrel":0.3756,"heat_anomaly_f_climrel":0.3756,"nighttime_stress_f_climrel":-0.1982,"extreme_pct_climrel":0.425,"ref_daytime_hi_mean":81.6,"ref_daytime_hi_p95":94.1,"rwi_mean":null,"health_per_10k":3.0816640986132513,"built_frac":0.391,"tree_frac":0.401,"canopy_frac_over_3m":0.282,"viirs_mean":52.2,"gdl_hdi":0.96,"gdl_region":"Minnesota","ghsl_smod":30,"lst_anomaly_c":null,"lst_anomaly_c_climrel":null,"worldpop_pop_total":5422.0,"frac_under5":5.6,"frac_elderly_65plus":15.8,"frac_elderly_75plus":7.4,"old_age_dependency_ratio":0.235,"has_data":true},"geometry":{"type":"Polygon","coordinates":[[[-93.350631,44.876252],[-93.348511,44.876362],[-93.336044,44.87635],[-93.332023,44.876466],[-93.330597,44.87853],[-93.32912,44.878061],[-93.32909,44.876339],[-93.329055,44.872919],[-93.32903,44.872739],[-93.32903,44.86825],[-93.328933,44.861973],[-93.350174,44.862066],[-93.350174,44.864147],[-93.350631,44.876252]]]}},{"type":"Feature","properties":{"unit_id":"27053020303","name":"Census Tract 203.03 \u2014 Hennepin","native_id":"27053020303","source":"census_tract_2025","adm3_name":"Hennepin County","adm3_id":"27053","area_sqm":1950719,"split":false,"population":2971.0,"days_covered":24,"daytime_peak_f":87.3,"heat_anomaly_f":6.2,"extreme_pct":17.0,"nighttime_stress_f":-2.8,"daytime_peak_f_climrel":0.3737,"heat_anomaly_f_climrel":0.3737,"nighttime_stress_f_climrel":-0.1775,"extreme_pct_climrel":0.425,"ref_daytime_hi_mean":81.1,"ref_daytime_hi_p95":93.9,"rwi_mean":null,"health_per_10k":3.365870077415012,"built_frac":0.335,"tree_frac":0.512,"canopy_frac_over_3m":0.357,"viirs_mean":38.1,"gdl_hdi":0.96,"gdl_region":"Minnesota","ghsl_smod":30,"lst_anomaly_c":null,"lst_anomaly_c_climrel":null,"worldpop_pop_total":4815.0,"frac_under5":6.9,"frac_elderly_65plus":14.9,"frac_elderly_75plus":6.6,"old_age_dependency_ratio":0.235,"has_data":true},"geometry":{"type":"Polygon","coordinates":[[[-93.350757,45.076249],[-93.332661,45.07602],[-93.331385,45.074688],[-93.327907,45.069294],[-93.325833,45.065705],[-93.327682,45.065693],[-93.329033,45.06535],[-93.332344,45.065361],[-93.332961,45.065467],[-93.333595,45.065639],[-93.339686,45.06562],[-93.349819,45.065697],[-93.350139,45.069302],[-93.35045,45.072825],[-93.350757,45.076249]]]}},{"type":"Feature","properties":{"unit_id":"27053026403","name":"Census Tract 264.03 \u2014 Hennepin","native_id":"27053026403","source":"census_tract_2025","adm3_name":"Hennepin County","adm3_id":"27053","area_sqm":3294525,"split":false,"population":3820.8050486481416,"days_covered":24,"daytime_peak_f":87.3,"heat_anomaly_f":6.2,"extreme_pct":17.0,"nighttime_stress_f":-2.9,"daytime_peak_f_climrel":0.3752,"heat_anomaly_f_climrel":0.3752,"nighttime_stress_f_climrel":-0.1776,"extreme_pct_climrel":0.425,"ref_daytime_hi_mean":81.1,"ref_daytime_hi_p95":93.7,"rwi_mean":null,"health_per_10k":0.0,"built_frac":0.32,"tree_frac":0.559,"canopy_frac_over_3m":0.38,"viirs_mean":28.6,"gdl_hdi":0.96,"gdl_region":"Minnesota","ghsl_smod":21,"lst_anomaly_c":null,"lst_anomaly_c_climrel":null,"worldpop_pop_total":3914.0,"frac_under5":4.9,"frac_elderly_65plus":26.6,"frac_elderly_75plus":16.6,"old_age_dependency_ratio":0.447,"has_data":true},"geometry":{"type":"Polygon","coordinates":[[[-93.459972,44.97855],[-93.430893,44.97884],[-93.420753,44.978672],[-93.415677,44.978582],[-93.410466,44.978553],[-93.410511,44.972895],[-93.412303,44.972739],[-93.420592,44.970897],[-93.430911,44.970854],[-93.432934,44.970878],[-93.444832,44.970839],[-93.451302,44.970884],[-93.460288,44.971015],[-93.459972,44.97855]]]}},{"type":"Feature","properties":{"unit_id":"27123034000","name":"Census Tract 340 \u2014 Ramsey","native_id":"27123034000","source":"census_tract_2025","adm3_name":"Ramsey County","adm3_id":"27123","area_sqm":414816,"split":false,"population":2308.4366485138403,"days_covered":24,"daytime_peak_f":87.2,"heat_anomaly_f":6.2,"extreme_pct":17.0,"nighttime_stress_f":-2.9,"daytime_peak_f_climrel":0.3669,"heat_anomaly_f_climrel":0.3669,"nighttime_stress_f_climrel":-0.1738,"extreme_pct_climrel":0.425,"ref_daytime_hi_mean":81.0,"ref_daytime_hi_p95":93.5,"rwi_mean":null,"health_per_10k":4.331936077361251,"built_frac":0.549,"tree_frac":0.369,"canopy_frac_over_3m":0.292,"viirs_mean":63.7,"gdl_hdi":0.96,"gdl_region":"Minnesota","ghsl_smod":30,"lst_anomaly_c":null,"lst_anomaly_c_climrel":null,"worldpop_pop_total":1918.0,"frac_under5":3.4,"frac_elderly_65plus":19.1,"frac_elderly_75plus":6.3,"old_age_dependency_ratio":0.265,"has_data":true},"geometry":{"type":"Polygon","coordinates":[[[-93.121224,44.950346],[-93.118674,44.95036],[-93.118671,44.948555],[-93.116127,44.948565],[-93.116128,44.950672],[-93.109609,44.950334],[-93.107322,44.949131],[-93.108123,44.946539],[-93.11178,44.945044],[-93.111941,44.946548],[-93.116107,44.946554],[-93.121194,44.946602],[-93.121204,44.947416],[-93.121224,44.950346]]]}},{"type":"Feature","properties":{"unit_id":"27053106400","name":"Census Tract 1064 \u2014 Hennepin","native_id":"27053106400","source":"census_tract_2025","adm3_name":"Hennepin County","adm3_id":"27053","area_sqm":529153,"split":false,"population":1696.0,"days_covered":24,"daytime_peak_f":87.6,"heat_anomaly_f":6.1,"extreme_pct":17.0,"nighttime_stress_f":-2.8,"daytime_peak_f_climrel":0.362,"heat_anomaly_f_climrel":0.362,"nighttime_stress_f_climrel":-0.1712,"extreme_pct_climrel":0.425,"ref_daytime_hi_mean":81.5,"ref_daytime_hi_p95":94.1,"rwi_mean":null,"health_per_10k":0.0,"built_frac":0.256,"tree_frac":0.569,"canopy_frac_over_3m":0.413,"viirs_mean":38.9,"gdl_hdi":0.96,"gdl_region":"Minnesota","ghsl_smod":30,"lst_anomaly_c":null,"lst_anomaly_c_climrel":null,"worldpop_pop_total":1898.0,"frac_under5":4.6,"frac_elderly_65plus":26.1,"frac_elderly_75plus":10.1,"old_age_dependency_ratio":0.421,"has_data":true},"geometry":{"type":"Polygon","coordinates":[[[-93.233174,44.964227],[-93.229723,44.964464],[-93.225735,44.966158],[-93.222864,44.963818],[-93.217211,44.959212],[-93.226944,44.959183],[-93.233032,44.95916],[-93.233002,44.962761],[-93.233174,44.964227]]]}},{"type":"Feature","properties":{"unit_id":"27123042001","name":"Census Tract 420.01 \u2014 Ramsey","native_id":"27123042001","source":"census_tract_2025","adm3_name":"Ramsey County","adm3_id":"27123","area_sqm":3534582,"split":false,"population":5655.0,"days_covered":24,"daytime_peak_f":87.6,"heat_anomaly_f":6.1,"extreme_pct":17.0,"nighttime_stress_f":-2.8,"daytime_peak_f_climrel":0.362,"heat_anomaly_f_climrel":0.362,"nighttime_stress_f_climrel":-0.1712,"extreme_pct_climrel":0.425,"ref_daytime_hi_mean":81.5,"ref_daytime_hi_p95":94.1,"rwi_mean":null,"health_per_10k":1.7683465959328029,"built_frac":0.396,"tree_frac":0.212,"canopy_frac_over_3m":0.2,"viirs_mean":39.3,"gdl_hdi":0.96,"gdl_region":"Minnesota","ghsl_smod":30,"lst_anomaly_c":null,"lst_anomaly_c_climrel":null,"worldpop_pop_total":1785.0,"frac_under5":4.3,"frac_elderly_65plus":11.5,"frac_elderly_75plus":6.3,"old_age_dependency_ratio":0.148,"has_data":true},"geometry":{"type":"Polygon","coordinates":[[[-93.197349,44.991659],[-93.197368,44.998919],[-93.187121,44.998924],[-93.187139,44.991694],[-93.166522,44.991766],[-93.166864,44.98815],[-93.16693,44.984531],[-93.166968,44.980745],[-93.167025,44.977306],[-93.178035,44.977271],[-93.187302,44.977244],[-93.187233,44.983538],[-93.187223,44.984497],[-93.18719,44.988086],[-93.197383,44.988074],[-93.197349,44.991659]]]}},{"type":"Feature","properties":{"unit_id":"27123033100","name":"Census Tract 331 \u2014 Ramsey","native_id":"27123033100","source":"census_tract_2025","adm3_name":"Ramsey County","adm3_id":"27123","area_sqm":848169,"split":false,"population":4302.0,"days_covered":24,"daytime_peak_f":87.0,"heat_anomaly_f":6.5,"extreme_pct":17.0,"nighttime_stress_f":-2.0,"daytime_peak_f_climrel":0.3832,"heat_anomaly_f_climrel":0.3832,"nighttime_stress_f_climrel":-0.1206,"extreme_pct_climrel":0.425,"ref_daytime_hi_mean":80.6,"ref_daytime_hi_p95":92.9,"rwi_mean":null,"health_per_10k":4.6490004649000465,"built_frac":0.57,"tree_frac":0.362,"canopy_frac_over_3m":0.272,"viirs_mean":55.0,"gdl_hdi":0.96,"gdl_region":"Minnesota","ghsl_smod":30,"lst_anomaly_c":null,"lst_anomaly_c_climrel":null,"worldpop_pop_total":2010.0,"frac_under5":6.2,"frac_elderly_65plus":15.2,"frac_elderly_75plus":6.2,"old_age_dependency_ratio":0.238,"has_data":true},"geometry":{"type":"Polygon","coordinates":[[[-93.077036,44.9602],[-93.072929,44.961858],[-93.072027,44.963012],[-93.072085,44.965332],[-93.066071,44.9656],[-93.062314,44.965768],[-93.060924,44.965948],[-93.06095,44.963047],[-93.06093,44.961263],[-93.06091,44.959444],[-93.067,44.959639],[-93.069112,44.958624],[-93.074439,44.956065],[-93.075846,44.957078],[-93.077292,44.956429],[-93.077036,44.9602]]]}},{"type":"Feature","properties":{"unit_id":"27053003801","name":"Census Tract 38.01 \u2014 Hennepin","native_id":"27053003801","source":"census_tract_2025","adm3_name":"Hennepin County","adm3_id":"27053","area_sqm":543327,"split":false,"population":2032.0,"days_covered":24,"daytime_peak_f":87.6,"heat_anomaly_f":6.1,"extreme_pct":17.0,"nighttime_stress_f":-2.8,"daytime_peak_f_climrel":0.362,"heat_anomaly_f_climrel":0.362,"nighttime_stress_f_climrel":-0.1712,"extreme_pct_climrel":0.425,"ref_daytime_hi_mean":81.5,"ref_daytime_hi_p95":94.1,"rwi_mean":null,"health_per_10k":0.0,"built_frac":0.585,"tree_frac":0.303,"canopy_frac_over_3m":0.205,"viirs_mean":62.7,"gdl_hdi":0.96,"gdl_region":"Minnesota","ghsl_smod":30,"lst_anomaly_c":null,"lst_anomaly_c_climrel":null,"worldpop_pop_total":3535.0,"frac_under5":2.5,"frac_elderly_65plus":2.0,"frac_elderly_75plus":0.7,"old_age_dependency_ratio":0.022,"has_data":true},"geometry":{"type":"Polygon","coordinates":[[[-93.253725,44.980617],[-93.249835,44.981331],[-93.249176,44.981987],[-93.247673,44.983929],[-93.246902,44.984917],[-93.24456,44.987877],[-93.242996,44.989819],[-93.243477,44.991493],[-93.242065,44.991493],[-93.239944,44.989635],[-93.237078,44.987817],[-93.239965,44.986088],[-93.242587,44.983201],[-93.243729,44.981681],[-93.245026,44.978882],[-93.245408,44.978851],[-93.24787,44.978863],[-93.251424,44.979665],[-93.253725,44.980617]]]}},{"type":"Feature","properties":{"unit_id":"27123034400","name":"Census Tract 344 \u2014 Ramsey","native_id":"27123034400","source":"census_tract_2025","adm3_name":"Ramsey County","adm3_id":"27123","area_sqm":1421346,"split":false,"population":1994.0,"days_covered":24,"daytime_peak_f":87.0,"heat_anomaly_f":6.5,"extreme_pct":17.0,"nighttime_stress_f":-2.0,"daytime_peak_f_climrel":0.3832,"heat_anomaly_f_climrel":0.3832,"nighttime_stress_f_climrel":-0.1206,"extreme_pct_climrel":0.425,"ref_daytime_hi_mean":80.6,"ref_daytime_hi_p95":92.9,"rwi_mean":null,"health_per_10k":0.0,"built_frac":0.375,"tree_frac":0.395,"canopy_frac_over_3m":0.236,"viirs_mean":46.1,"gdl_hdi":0.96,"gdl_region":"Minnesota","ghsl_smod":30,"lst_anomaly_c":null,"lst_anomaly_c_climrel":null,"worldpop_pop_total":2407.0,"frac_under5":5.8,"frac_elderly_65plus":8.2,"frac_elderly_75plus":2.7,"old_age_dependency_ratio":0.116,"has_data":true},"geometry":{"type":"Polygon","coordinates":[[[-93.082822,44.95295],[-93.081008,44.953575],[-93.078252,44.954835],[-93.077552,44.955247],[-93.074439,44.956065],[-93.069112,44.958624],[-93.066956,44.956617],[-93.06345,44.955832],[-93.064996,44.954815],[-93.061921,44.951944],[-93.063383,44.952006],[-93.059628,44.947688],[-93.060548,44.946943],[-93.061485,44.945923],[-93.062687,44.944649],[-93.067912,44.946527],[-93.072228,44.947301],[-93.079228,44.946794],[-93.081696,44.951417],[-93.082822,44.95295]]]}},{"type":"Feature","properties":{"unit_id":"27053003200","name":"Census Tract 32 \u2014 Hennepin","native_id":"27053003200","source":"census_tract_2025","adm3_name":"Hennepin County","adm3_id":"27053","area_sqm":646049,"split":false,"population":1001.0,"days_covered":24,"daytime_peak_f":87.5,"heat_anomaly_f":6.4,"extreme_pct":17.0,"nighttime_stress_f":-2.8,"daytime_peak_f_climrel":0.3865,"heat_anomaly_f_climrel":0.3865,"nighttime_stress_f_climrel":-0.1712,"extreme_pct_climrel":0.425,"ref_daytime_hi_mean":81.2,"ref_daytime_hi_p95":93.7,"rwi_mean":null,"health_per_10k":0.0,"built_frac":0.295,"tree_frac":0.64,"canopy_frac_over_3m":0.398,"viirs_mean":22.6,"gdl_hdi":0.96,"gdl_region":"Minnesota","ghsl_smod":30,"lst_anomaly_c":null,"lst_anomaly_c_climrel":null,"worldpop_pop_total":1957.0,"frac_under5":7.0,"frac_elderly_65plus":12.3,"frac_elderly_75plus":5.1,"old_age_dependency_ratio":0.186,"has_data":true},"geometry":{"type":"Polygon","coordinates":[[[-93.318481,44.987949],[-93.318467,44.991558],[-93.313354,44.991528],[-93.30822,44.991505],[-93.308258,44.987892],[-93.308288,44.984511],[-93.316101,44.984018],[-93.318468,44.984051],[-93.318468,44.986965],[-93.318481,44.987949]]]}},{"type":"Feature","properties":{"unit_id":"27123036600","name":"Census Tract 366 \u2014 Ramsey","native_id":"27123036600","source":"census_tract_2025","adm3_name":"Ramsey County","adm3_id":"27123","area_sqm":2077631,"split":false,"population":4002.0,"days_covered":24,"daytime_peak_f":87.7,"heat_anomaly_f":6.1,"extreme_pct":17.0,"nighttime_stress_f":-3.0,"daytime_peak_f_climrel":0.3591,"heat_anomaly_f_climrel":0.3591,"nighttime_stress_f_climrel":-0.1852,"extreme_pct_climrel":0.425,"ref_daytime_hi_mean":81.5,"ref_daytime_hi_p95":94.0,"rwi_mean":null,"health_per_10k":0.0,"built_frac":0.22,"tree_frac":0.722,"canopy_frac_over_3m":0.49,"viirs_mean":23.9,"gdl_hdi":0.96,"gdl_region":"Minnesota","ghsl_smod":30,"lst_anomaly_c":null,"lst_anomaly_c_climrel":null,"worldpop_pop_total":4690.0,"frac_under5":4.7,"frac_elderly_65plus":22.2,"frac_elderly_75plus":9.5,"old_age_dependency_ratio":0.35,"has_data":true},"geometry":{"type":"Polygon","coordinates":[[[-93.157189,44.909205],[-93.156837,44.913869],[-93.156832,44.919723],[-93.156834,44.921523],[-93.156834,44.922435],[-93.156838,44.926961],[-93.15684,44.934215],[-93.151708,44.934194],[-93.150173,44.934188],[-93.144931,44.930573],[-93.141663,44.93059],[-93.141287,44.930602],[-93.14355,44.929022],[-93.144734,44.926929],[-93.144941,44.92693],[-93.146603,44.926937],[-93.146646,44.919669],[-93.147694,44.918003],[-93.149263,44.912862],[-93.152818,44.910014],[-93.155658,44.908692],[-93.15684,44.908132],[-93.157189,44.909205]]]}},{"type":"Feature","properties":{"unit_id":"27123040302","name":"Census Tract 403.02 \u2014 Ramsey","native_id":"27123040302","source":"census_tract_2025","adm3_name":"Ramsey County","adm3_id":"27123","area_sqm":3255248,"split":false,"population":3892.0,"days_covered":24,"daytime_peak_f":86.4,"heat_anomaly_f":6.4,"extreme_pct":17.0,"nighttime_stress_f":-2.5,"daytime_peak_f_climrel":0.3794,"heat_anomaly_f_climrel":0.3794,"nighttime_stress_f_climrel":-0.1514,"extreme_pct_climrel":0.425,"ref_daytime_hi_mean":80.1,"ref_daytime_hi_p95":92.4,"rwi_mean":null,"health_per_10k":0.0,"built_frac":0.197,"tree_frac":0.677,"canopy_frac_over_3m":0.399,"viirs_mean":14.7,"gdl_hdi":0.96,"gdl_region":"Minnesota","ghsl_smod":21,"lst_anomaly_c":null,"lst_anomaly_c_climrel":null,"worldpop_pop_total":5512.0,"frac_under5":5.5,"frac_elderly_65plus":18.5,"frac_elderly_75plus":8.3,"old_age_dependency_ratio":0.288,"has_data":true},"geometry":{"type":"Polygon","coordinates":[[[-93.027811,45.059271],[-93.024972,45.064749],[-93.01542,45.064702],[-93.005189,45.064664],[-92.996328,45.064692],[-92.993261,45.064698],[-92.987973,45.064704],[-92.984803,45.064736],[-92.984763,45.05972],[-92.984767,45.057592],[-92.984763,45.053916],[-92.984757,45.052337],[-92.984771,45.050243],[-92.991054,45.050223],[-92.994942,45.050206],[-92.994964,45.057447],[-93.003258,45.057423],[-93.005156,45.057418],[-93.013705,45.057472],[-93.015379,45.057483],[-93.026595,45.057726],[-93.028337,45.058551],[-93.027811,45.059271]]]}},{"type":"Feature","properties":{"unit_id":"27053025603","name":"Census Tract 256.03 \u2014 Hennepin","native_id":"27053025603","source":"census_tract_2025","adm3_name":"Hennepin County","adm3_id":"27053","area_sqm":3654002,"split":false,"population":4152.0,"days_covered":24,"daytime_peak_f":87.8,"heat_anomaly_f":6.2,"extreme_pct":17.0,"nighttime_stress_f":-3.2,"daytime_peak_f_climrel":0.3756,"heat_anomaly_f_climrel":0.3756,"nighttime_stress_f_climrel":-0.1982,"extreme_pct_climrel":0.425,"ref_daytime_hi_mean":81.6,"ref_daytime_hi_p95":94.1,"rwi_mean":null,"health_per_10k":9.633911368015415,"built_frac":0.343,"tree_frac":0.514,"canopy_frac_over_3m":0.332,"viirs_mean":29.9,"gdl_hdi":0.96,"gdl_region":"Minnesota","ghsl_smod":30,"lst_anomaly_c":null,"lst_anomaly_c_climrel":null,"worldpop_pop_total":4041.0,"frac_under5":4.6,"frac_elderly_65plus":25.3,"frac_elderly_75plus":12.9,"old_age_dependency_ratio":0.408,"has_data":true},"geometry":{"type":"Polygon","coordinates":[[[-93.329212,44.851704],[-93.328933,44.861973],[-93.323895,44.861926],[-93.323882,44.861028],[-93.322479,44.861446],[-93.320671,44.861828],[-93.319275,44.861969],[-93.318828,44.861998],[-93.308677,44.862071],[-93.308641,44.858955],[-93.308798,44.851612],[-93.308815,44.848015],[-93.308861,44.840782],[-93.31588,44.840816],[-93.317657,44.840824],[-93.323051,44.840915],[-93.329366,44.842293],[-93.329212,44.851704]]]}},{"type":"Feature","properties":{"unit_id":"27053026301","name":"Census Tract 263.01 \u2014 Hennepin","native_id":"27053026301","source":"census_tract_2025","adm3_name":"Hennepin County","adm3_id":"27053","area_sqm":7398899,"split":false,"population":2650.0,"days_covered":24,"daytime_peak_f":87.0,"heat_anomaly_f":6.2,"extreme_pct":17.0,"nighttime_stress_f":-3.1,"daytime_peak_f_climrel":0.3719,"heat_anomaly_f_climrel":0.3719,"nighttime_stress_f_climrel":-0.1886,"extreme_pct_climrel":0.425,"ref_daytime_hi_mean":80.8,"ref_daytime_hi_p95":93.4,"rwi_mean":null,"health_per_10k":3.773584905660377,"built_frac":0.132,"tree_frac":0.651,"canopy_frac_over_3m":0.423,"viirs_mean":13.9,"gdl_hdi":0.96,"gdl_region":"Minnesota","ghsl_smod":21,"lst_anomaly_c":null,"lst_anomaly_c_climrel":null,"worldpop_pop_total":4154.0,"frac_under5":4.3,"frac_elderly_65plus":21.3,"frac_elderly_75plus":7.8,"old_age_dependency_ratio":0.327,"has_data":true},"geometry":{"type":"Polygon","coordinates":[[[-93.494402,44.978467],[-93.492134,44.978475],[-93.471581,44.978642],[-93.459972,44.97855],[-93.460288,44.971015],[-93.45923,44.951928],[-93.45866,44.949886],[-93.45843,44.949323],[-93.456169,44.943783],[-93.456246,44.941071],[-93.4582,44.941055],[-93.465183,44.945435],[-93.474519,44.946091],[-93.476214,44.945652],[-93.481506,44.94826],[-93.486608,44.953022],[-93.489376,44.955118],[-93.491932,44.956954],[-93.491979,44.964102],[-93.489199,44.96409],[-93.488948,44.967556],[-93.486866,44.967577],[-93.486878,44.965845],[-93.481808,44.965821],[-93.47674,44.965794],[-93.476723,44.970919],[-93.476721,44.971382],[-93.48172,44.971348],[-93.4817,44.973933],[-93.48343,44.97391],[-93.483371,44.971334],[-93.485265,44.971437],[-93.487729,44.974502],[-93.48527,44.976203],[-93.487921,44.978051],[-93.490072,44.976477],[-93.491388,44.974422],[-93.494113,44.974934],[-93.494402,44.978467]]]}},{"type":"Feature","properties":{"unit_id":"27053126101","name":"Census Tract 1261.01 \u2014 Hennepin","native_id":"27053126101","source":"census_tract_2025","adm3_name":"Hennepin County","adm3_id":"27053","area_sqm":293673,"split":false,"population":5237.706081760667,"days_covered":24,"daytime_peak_f":87.5,"heat_anomaly_f":6.4,"extreme_pct":17.0,"nighttime_stress_f":-2.8,"daytime_peak_f_climrel":0.3865,"heat_anomaly_f_climrel":0.3865,"nighttime_stress_f_climrel":-0.1712,"extreme_pct_climrel":0.425,"ref_daytime_hi_mean":81.2,"ref_daytime_hi_p95":93.7,"rwi_mean":null,"health_per_10k":0.0,"built_frac":0.676,"tree_frac":0.119,"canopy_frac_over_3m":0.048,"viirs_mean":143.7,"gdl_hdi":0.96,"gdl_region":"Minnesota","ghsl_smod":30,"lst_anomaly_c":null,"lst_anomaly_c_climrel":null,"worldpop_pop_total":3011.0,"frac_under5":2.2,"frac_elderly_65plus":20.6,"frac_elderly_75plus":9.6,"old_age_dependency_ratio":0.273,"has_data":true},"geometry":{"type":"Polygon","coordinates":[[[-93.269073,44.982147],[-93.266815,44.983795],[-93.26535,44.984749],[-93.263914,44.985364],[-93.259985,44.983041],[-93.257124,44.981865],[-93.259972,44.978264],[-93.265465,44.980572],[-93.266853,44.981194],[-93.269073,44.982147]]]}},{"type":"Feature","properties":{"unit_id":"27053000300","name":"Census Tract 3 \u2014 Hennepin","native_id":"27053000300","source":"census_tract_2025","adm3_name":"Hennepin County","adm3_id":"27053","area_sqm":1016694,"split":false,"population":1216.0,"days_covered":24,"daytime_peak_f":87.5,"heat_anomaly_f":6.4,"extreme_pct":17.0,"nighttime_stress_f":-2.8,"daytime_peak_f_climrel":0.3865,"heat_anomaly_f_climrel":0.3865,"nighttime_stress_f_climrel":-0.1712,"extreme_pct_climrel":0.425,"ref_daytime_hi_mean":81.2,"ref_daytime_hi_p95":93.7,"rwi_mean":null,"health_per_10k":16.44736842105263,"built_frac":0.398,"tree_frac":0.591,"canopy_frac_over_3m":0.482,"viirs_mean":21.8,"gdl_hdi":0.96,"gdl_region":"Minnesota","ghsl_smod":30,"lst_anomaly_c":null,"lst_anomaly_c_climrel":null,"worldpop_pop_total":3486.0,"frac_under5":5.7,"frac_elderly_65plus":12.0,"frac_elderly_75plus":3.9,"old_age_dependency_ratio":0.167,"has_data":true},"geometry":{"type":"Polygon","coordinates":[[[-93.318794,45.035458],[-93.308563,45.03545],[-93.308479,45.031319],[-93.308334,45.02409],[-93.313431,45.024097],[-93.318527,45.024094],[-93.318619,45.027718],[-93.318703,45.031342],[-93.318794,45.035458]]]}},{"type":"Feature","properties":{"unit_id":"27053025302","name":"Census Tract 253.02 \u2014 Hennepin","native_id":"27053025302","source":"census_tract_2025","adm3_name":"Hennepin County","adm3_id":"27053","area_sqm":2633204,"split":false,"population":1954.0,"days_covered":24,"daytime_peak_f":87.8,"heat_anomaly_f":6.1,"extreme_pct":8.0,"nighttime_stress_f":-3.1,"daytime_peak_f_climrel":0.3674,"heat_anomaly_f_climrel":0.3674,"nighttime_stress_f_climrel":-0.1896,"extreme_pct_climrel":0.2,"ref_daytime_hi_mean":81.7,"ref_daytime_hi_p95":94.4,"rwi_mean":null,"health_per_10k":10.235414534288639,"built_frac":0.281,"tree_frac":0.564,"canopy_frac_over_3m":0.365,"viirs_mean":21.5,"gdl_hdi":0.96,"gdl_region":"Minnesota","ghsl_smod":30,"lst_anomaly_c":null,"lst_anomaly_c_climrel":null,"worldpop_pop_total":4697.0,"frac_under5":4.9,"frac_elderly_65plus":19.7,"frac_elderly_75plus":9.5,"old_age_dependency_ratio":0.303,"has_data":true},"geometry":{"type":"Polygon","coordinates":[[[-93.291482,44.826298],[-93.285179,44.826286],[-93.283531,44.826286],[-93.278488,44.826279],[-93.268349,44.826263],[-93.263251,44.826368],[-93.263344,44.819096],[-93.268417,44.819065],[-93.268448,44.815414],[-93.269234,44.815414],[-93.278526,44.81543],[-93.280594,44.815754],[-93.282806,44.814301],[-93.285461,44.814392],[-93.288628,44.815105],[-93.288643,44.811844],[-93.29129,44.811848],[-93.291482,44.826298]]]}},{"type":"Feature","properties":{"unit_id":"27123030202","name":"Census Tract 302.02 \u2014 Ramsey","native_id":"27123030202","source":"census_tract_2025","adm3_name":"Ramsey County","adm3_id":"27123","area_sqm":2323597,"split":false,"population":5675.0,"days_covered":24,"daytime_peak_f":87.6,"heat_anomaly_f":6.1,"extreme_pct":17.0,"nighttime_stress_f":-2.8,"daytime_peak_f_climrel":0.362,"heat_anomaly_f_climrel":0.362,"nighttime_stress_f_climrel":-0.1712,"extreme_pct_climrel":0.425,"ref_daytime_hi_mean":81.5,"ref_daytime_hi_p95":94.1,"rwi_mean":null,"health_per_10k":1.762114537444934,"built_frac":0.407,"tree_frac":0.271,"canopy_frac_over_3m":0.221,"viirs_mean":42.4,"gdl_hdi":0.96,"gdl_region":"Minnesota","ghsl_smod":30,"lst_anomaly_c":null,"lst_anomaly_c_climrel":null,"worldpop_pop_total":2065.0,"frac_under5":3.4,"frac_elderly_65plus":7.0,"frac_elderly_75plus":1.8,"old_age_dependency_ratio":0.082,"has_data":true},"geometry":{"type":"Polygon","coordinates":[[[-93.16699,44.970937],[-93.166967,44.973406],[-93.166964,44.973594],[-93.166549,44.975015],[-93.156815,44.975593],[-93.156746,44.980728],[-93.15668,44.984619],[-93.154536,44.98461],[-93.15401,44.988258],[-93.148767,44.988314],[-93.146494,44.987476],[-93.146261,44.986722],[-93.142988,44.984732],[-93.146212,44.98196],[-93.145253,44.980661],[-93.146868,44.978905],[-93.146565,44.973549],[-93.146577,44.970455],[-93.146588,44.967349],[-93.156817,44.968823],[-93.160613,44.969357],[-93.16698,44.970259],[-93.16699,44.970937]]]}},{"type":"Feature","properties":{"unit_id":"27053023401","name":"Census Tract 234.01 \u2014 Hennepin","native_id":"27053023401","source":"census_tract_2025","adm3_name":"Hennepin County","adm3_id":"27053","area_sqm":2137561,"split":false,"population":4089.0,"days_covered":24,"daytime_peak_f":87.9,"heat_anomaly_f":6.3,"extreme_pct":17.0,"nighttime_stress_f":-3.0,"daytime_peak_f_climrel":0.3805,"heat_anomaly_f_climrel":0.3805,"nighttime_stress_f_climrel":-0.1883,"extreme_pct_climrel":0.425,"ref_daytime_hi_mean":81.6,"ref_daytime_hi_p95":94.1,"rwi_mean":null,"health_per_10k":0.0,"built_frac":0.424,"tree_frac":0.355,"canopy_frac_over_3m":0.234,"viirs_mean":39.7,"gdl_hdi":0.96,"gdl_region":"Minnesota","ghsl_smod":30,"lst_anomaly_c":null,"lst_anomaly_c_climrel":null,"worldpop_pop_total":4840.0,"frac_under5":4.9,"frac_elderly_65plus":19.7,"frac_elderly_75plus":11.7,"old_age_dependency_ratio":0.296,"has_data":true},"geometry":{"type":"Polygon","coordinates":[[[-93.422304,44.912455],[-93.414264,44.9167],[-93.404099,44.921791],[-93.40152,44.922649],[-93.401475,44.920502],[-93.401426,44.917],[-93.401125,44.913456],[-93.401298,44.906134],[-93.41423,44.906227],[-93.420807,44.90633],[-93.421998,44.906342],[-93.422304,44.912455]]]}},{"type":"Feature","properties":{"unit_id":"27053025802","name":"Census Tract 258.02 \u2014 Hennepin","native_id":"27053025802","source":"census_tract_2025","adm3_name":"Hennepin County","adm3_id":"27053","area_sqm":2141427,"split":false,"population":1184.0,"days_covered":24,"daytime_peak_f":87.8,"heat_anomaly_f":6.1,"extreme_pct":8.0,"nighttime_stress_f":-3.1,"daytime_peak_f_climrel":0.3674,"heat_anomaly_f_climrel":0.3674,"nighttime_stress_f_climrel":-0.1896,"extreme_pct_climrel":0.2,"ref_daytime_hi_mean":81.7,"ref_daytime_hi_p95":94.4,"rwi_mean":null,"health_per_10k":0.0,"built_frac":0.092,"tree_frac":0.877,"canopy_frac_over_3m":0.591,"viirs_mean":9.4,"gdl_hdi":0.96,"gdl_region":"Minnesota","ghsl_smod":21,"lst_anomaly_c":null,"lst_anomaly_c_climrel":null,"worldpop_pop_total":2566.0,"frac_under5":5.4,"frac_elderly_65plus":22.8,"frac_elderly_75plus":10.1,"old_age_dependency_ratio":0.37,"has_data":true},"geometry":{"type":"Polygon","coordinates":[[[-93.319397,44.804737],[-93.31929,44.811859],[-93.319267,44.813049],[-93.313797,44.814732],[-93.311912,44.815939],[-93.309229,44.816129],[-93.307354,44.817989],[-93.304701,44.819612],[-93.301727,44.819597],[-93.301968,44.818354],[-93.300113,44.816486],[-93.300052,44.814853],[-93.302021,44.814672],[-93.301939,44.811912],[-93.303264,44.810415],[-93.301508,44.80753],[-93.30553,44.804754],[-93.307648,44.804668],[-93.307724,44.801918],[-93.314316,44.801548],[-93.317642,44.799316],[-93.31942,44.799232],[-93.319397,44.804737]]]}},{"type":"Feature","properties":{"unit_id":"27123037402","name":"Census Tract 374.02 \u2014 Ramsey","native_id":"27123037402","source":"census_tract_2025","adm3_name":"Ramsey County","adm3_id":"27123","area_sqm":2127489,"split":false,"population":3289.0,"days_covered":24,"daytime_peak_f":87.1,"heat_anomaly_f":6.0,"extreme_pct":17.0,"nighttime_stress_f":-3.3,"daytime_peak_f_climrel":0.3557,"heat_anomaly_f_climrel":0.3557,"nighttime_stress_f_climrel":-0.195,"extreme_pct_climrel":0.425,"ref_daytime_hi_mean":81.1,"ref_daytime_hi_p95":93.7,"rwi_mean":null,"health_per_10k":0.0,"built_frac":0.191,"tree_frac":0.724,"canopy_frac_over_3m":0.518,"viirs_mean":20.0,"gdl_hdi":0.96,"gdl_region":"Minnesota","ghsl_smod":30,"lst_anomaly_c":null,"lst_anomaly_c_climrel":null,"worldpop_pop_total":4575.0,"frac_under5":7.1,"frac_elderly_65plus":13.8,"frac_elderly_75plus":5.2,"old_age_dependency_ratio":0.206,"has_data":true},"geometry":{"type":"Polygon","coordinates":[[[-93.040844,44.947722],[-93.040535,44.94875],[-93.034635,44.948777],[-93.025216,44.948725],[-93.025222,44.949685],[-93.021102,44.949667],[-93.018951,44.94866],[-93.01511,44.948642],[-93.01511,44.948678],[-93.005992,44.948635],[-93.005031,44.948515],[-93.004957,44.945],[-93.007615,44.943878],[-93.009112,44.944776],[-93.014728,44.943372],[-93.015051,44.943756],[-93.01893,44.944054],[-93.020805,44.943556],[-93.021624,44.942729],[-93.022182,44.942496],[-93.023127,44.940809],[-93.022698,44.938723],[-93.024512,44.93739],[-93.027147,44.936971],[-93.029197,44.934593],[-93.030612,44.935852],[-93.036034,44.944164],[-93.039464,44.945958],[-93.040605,44.947136],[-93.040844,44.947722]]]}},{"type":"Feature","properties":{"unit_id":"27123042602","name":"Census Tract 426.02 \u2014 Ramsey","native_id":"27123042602","source":"census_tract_2025","adm3_name":"Ramsey County","adm3_id":"27123","area_sqm":1693820,"split":false,"population":2939.0,"days_covered":24,"daytime_peak_f":86.8,"heat_anomaly_f":6.5,"extreme_pct":17.0,"nighttime_stress_f":-2.3,"daytime_peak_f_climrel":0.392,"heat_anomaly_f_climrel":0.392,"nighttime_stress_f_climrel":-0.1343,"extreme_pct_climrel":0.425,"ref_daytime_hi_mean":80.3,"ref_daytime_hi_p95":92.8,"rwi_mean":null,"health_per_10k":6.805035726437564,"built_frac":0.262,"tree_frac":0.525,"canopy_frac_over_3m":0.304,"viirs_mean":28.7,"gdl_hdi":0.96,"gdl_region":"Minnesota","ghsl_smod":21,"lst_anomaly_c":null,"lst_anomaly_c_climrel":null,"worldpop_pop_total":2465.0,"frac_under5":5.9,"frac_elderly_65plus":20.8,"frac_elderly_75plus":10.5,"old_age_dependency_ratio":0.33,"has_data":true},"geometry":{"type":"Polygon","coordinates":[[[-92.997377,45.013319],[-92.994994,45.014163],[-92.992277,45.015715],[-92.994858,45.01654],[-92.994873,45.021057],[-92.994922,45.02826],[-92.994947,45.031874],[-92.992207,45.031909],[-92.990694,45.029691],[-92.989975,45.029716],[-92.989785,45.029738],[-92.989078,45.029914],[-92.988653,45.029953],[-92.988344,45.029944],[-92.987712,45.030008],[-92.987631,45.030105],[-92.986646,45.029922],[-92.986794,45.029379],[-92.984766,45.029312],[-92.984777,45.020009],[-92.984749,45.013977],[-92.984744,45.010361],[-92.984744,45.009465],[-92.989794,45.009373],[-92.989791,45.008474],[-92.997348,45.008362],[-92.997377,45.013319]]]}},{"type":"Feature","properties":{"unit_id":"27053022400","name":"Census Tract 224 \u2014 Hennepin","native_id":"27053022400","source":"census_tract_2025","adm3_name":"Hennepin County","adm3_id":"27053","area_sqm":1572636,"split":false,"population":3016.0,"days_covered":24,"daytime_peak_f":87.3,"heat_anomaly_f":6.2,"extreme_pct":17.0,"nighttime_stress_f":-2.9,"daytime_peak_f_climrel":0.3752,"heat_anomaly_f_climrel":0.3752,"nighttime_stress_f_climrel":-0.1776,"extreme_pct_climrel":0.425,"ref_daytime_hi_mean":81.1,"ref_daytime_hi_p95":93.7,"rwi_mean":null,"health_per_10k":3.315649867374005,"built_frac":0.341,"tree_frac":0.575,"canopy_frac_over_3m":0.405,"viirs_mean":20.6,"gdl_hdi":0.96,"gdl_region":"Minnesota","ghsl_smod":30,"lst_anomaly_c":null,"lst_anomaly_c_climrel":null,"worldpop_pop_total":4152.0,"frac_under5":5.7,"frac_elderly_65plus":13.3,"frac_elderly_75plus":5.6,"old_age_dependency_ratio":0.189,"has_data":true},"geometry":{"type":"Polygon","coordinates":[[[-93.3834,44.954388],[-93.370941,44.956844],[-93.359202,44.959126],[-93.357872,44.95673],[-93.357576,44.953198],[-93.357535,44.951414],[-93.357491,44.949521],[-93.360588,44.949619],[-93.370804,44.949524],[-93.373329,44.949501],[-93.377106,44.949463],[-93.380898,44.949429],[-93.381042,44.95303],[-93.38266,44.953197],[-93.3834,44.954388]]]}},{"type":"Feature","properties":{"unit_id":"27123040708","name":"Census Tract 407.08 \u2014 Ramsey","native_id":"27123040708","source":"census_tract_2025","adm3_name":"Ramsey County","adm3_id":"27123","area_sqm":2940007,"split":false,"population":4524.0,"days_covered":24,"daytime_peak_f":86.6,"heat_anomaly_f":6.1,"extreme_pct":17.0,"nighttime_stress_f":-2.5,"daytime_peak_f_climrel":0.3594,"heat_anomaly_f_climrel":0.3594,"nighttime_stress_f_climrel":-0.151,"extreme_pct_climrel":0.425,"ref_daytime_hi_mean":80.4,"ref_daytime_hi_p95":92.8,"rwi_mean":null,"health_per_10k":4.420866489832007,"built_frac":0.116,"tree_frac":0.582,"canopy_frac_over_3m":0.364,"viirs_mean":17.7,"gdl_hdi":0.96,"gdl_region":"Minnesota","ghsl_smod":21,"lst_anomaly_c":null,"lst_anomaly_c_climrel":null,"worldpop_pop_total":3890.0,"frac_under5":4.3,"frac_elderly_65plus":24.9,"frac_elderly_75plus":10.5,"old_age_dependency_ratio":0.414,"has_data":true},"geometry":{"type":"Polygon","coordinates":[[[-93.147378,45.079386],[-93.136886,45.079249],[-93.135528,45.079305],[-93.132682,45.079497],[-93.117217,45.079475],[-93.117154,45.079339],[-93.114576,45.073777],[-93.119431,45.073817],[-93.119212,45.073075],[-93.12259,45.065295],[-93.131859,45.064759],[-93.131925,45.064758],[-93.14722,45.064704],[-93.14727,45.071928],[-93.147377,45.079219],[-93.147378,45.079386]]]}},{"type":"Feature","properties":{"unit_id":"27123033700","name":"Census Tract 337 \u2014 Ramsey","native_id":"27123033700","source":"census_tract_2025","adm3_name":"Ramsey County","adm3_id":"27123","area_sqm":498133,"split":false,"population":2275.0,"days_covered":24,"daytime_peak_f":87.0,"heat_anomaly_f":6.5,"extreme_pct":17.0,"nighttime_stress_f":-2.0,"daytime_peak_f_climrel":0.3832,"heat_anomaly_f_climrel":0.3832,"nighttime_stress_f_climrel":-0.1206,"extreme_pct_climrel":0.425,"ref_daytime_hi_mean":80.6,"ref_daytime_hi_p95":92.9,"rwi_mean":null,"health_per_10k":0.0,"built_frac":0.775,"tree_frac":0.141,"canopy_frac_over_3m":0.142,"viirs_mean":93.6,"gdl_hdi":0.96,"gdl_region":"Minnesota","ghsl_smod":30,"lst_anomaly_c":null,"lst_anomaly_c_climrel":null,"worldpop_pop_total":1954.0,"frac_under5":7.4,"frac_elderly_65plus":15.0,"frac_elderly_75plus":5.8,"old_age_dependency_ratio":0.243,"has_data":true},"geometry":{"type":"Polygon","coordinates":[[[-93.116131,44.95576],[-93.11059,44.955782],[-93.109334,44.955787],[-93.105963,44.9558],[-93.105476,44.951443],[-93.107322,44.949131],[-93.109609,44.950334],[-93.116128,44.950672],[-93.116128,44.951782],[-93.116131,44.95576]]]}},{"type":"Feature","properties":{"unit_id":"27123042503","name":"Census Tract 425.03 \u2014 Ramsey","native_id":"27123042503","source":"census_tract_2025","adm3_name":"Ramsey County","adm3_id":"27123","area_sqm":5026568,"split":false,"population":2110.0,"days_covered":24,"daytime_peak_f":87.1,"heat_anomaly_f":6.0,"extreme_pct":17.0,"nighttime_stress_f":-3.3,"daytime_peak_f_climrel":0.3557,"heat_anomaly_f_climrel":0.3557,"nighttime_stress_f_climrel":-0.195,"extreme_pct_climrel":0.425,"ref_daytime_hi_mean":81.1,"ref_daytime_hi_p95":93.7,"rwi_mean":null,"health_per_10k":0.0,"built_frac":0.091,"tree_frac":0.723,"canopy_frac_over_3m":0.495,"viirs_mean":8.5,"gdl_hdi":0.96,"gdl_region":"Minnesota","ghsl_smod":21,"lst_anomaly_c":null,"lst_anomaly_c_climrel":null,"worldpop_pop_total":3408.0,"frac_under5":4.5,"frac_elderly_65plus":14.9,"frac_elderly_75plus":4.4,"old_age_dependency_ratio":0.215,"has_data":true},"geometry":{"type":"Polygon","coordinates":[[[-93.004816,44.919443],[-92.984653,44.919731],[-92.984441,44.919568],[-92.984394,44.912521],[-92.984396,44.911812],[-92.98421,44.894594],[-92.984192,44.890814],[-93.004424,44.890767],[-93.004324,44.891585],[-93.004618,44.912242],[-93.004816,44.919443]]]}},{"type":"Feature","properties":{"unit_id":"27123040301","name":"Census Tract 403.01 \u2014 Ramsey","native_id":"27123040301","source":"census_tract_2025","adm3_name":"Ramsey County","adm3_id":"27123","area_sqm":1685871,"split":false,"population":433.0,"days_covered":24,"daytime_peak_f":86.4,"heat_anomaly_f":6.4,"extreme_pct":17.0,"nighttime_stress_f":-2.5,"daytime_peak_f_climrel":0.3794,"heat_anomaly_f_climrel":0.3794,"nighttime_stress_f_climrel":-0.1514,"extreme_pct_climrel":0.425,"ref_daytime_hi_mean":80.1,"ref_daytime_hi_p95":92.4,"rwi_mean":null,"health_per_10k":23.094688221709006,"built_frac":0.105,"tree_frac":0.608,"canopy_frac_over_3m":0.403,"viirs_mean":10.6,"gdl_hdi":0.96,"gdl_region":"Minnesota","ghsl_smod":21,"lst_anomaly_c":null,"lst_anomaly_c_climrel":null,"worldpop_pop_total":1861.0,"frac_under5":4.4,"frac_elderly_65plus":23.6,"frac_elderly_75plus":9.5,"old_age_dependency_ratio":0.384,"has_data":true},"geometry":{"type":"Polygon","coordinates":[[[-93.019967,45.073435],[-93.018352,45.075592],[-93.015524,45.074118],[-93.011486,45.074146],[-93.008796,45.070445],[-93.005258,45.070239],[-93.002472,45.068908],[-92.999862,45.070737],[-92.997123,45.071074],[-92.99632,45.071213],[-92.992159,45.070016],[-92.98943,45.069943],[-92.984822,45.065885],[-92.984803,45.064736],[-92.987973,45.064704],[-92.993261,45.064698],[-92.996328,45.064692],[-93.005189,45.064664],[-93.01542,45.064702],[-93.024972,45.064749],[-93.019967,45.073435]]]}},{"type":"Feature","properties":{"unit_id":"27053024200","name":"Census Tract 242 \u2014 Hennepin","native_id":"27053024200","source":"census_tract_2025","adm3_name":"Hennepin County","adm3_id":"27053","area_sqm":1687680,"split":false,"population":1552.0,"days_covered":24,"daytime_peak_f":87.8,"heat_anomaly_f":6.2,"extreme_pct":17.0,"nighttime_stress_f":-3.2,"daytime_peak_f_climrel":0.3756,"heat_anomaly_f_climrel":0.3756,"nighttime_stress_f_climrel":-0.1982,"extreme_pct_climrel":0.425,"ref_daytime_hi_mean":81.6,"ref_daytime_hi_p95":94.1,"rwi_mean":null,"health_per_10k":0.0,"built_frac":0.149,"tree_frac":0.729,"canopy_frac_over_3m":0.456,"viirs_mean":27.4,"gdl_hdi":0.96,"gdl_region":"Minnesota","ghsl_smod":30,"lst_anomaly_c":null,"lst_anomaly_c_climrel":null,"worldpop_pop_total":3386.0,"frac_under5":5.3,"frac_elderly_65plus":17.9,"frac_elderly_75plus":6.5,"old_age_dependency_ratio":0.262,"has_data":true},"geometry":{"type":"Polygon","coordinates":[[[-93.318779,44.881763],[-93.308617,44.881741],[-93.297203,44.881638],[-93.297211,44.883446],[-93.295803,44.883435],[-93.295947,44.881419],[-93.298269,44.875831],[-93.298608,44.872636],[-93.308609,44.872723],[-93.31749,44.872738],[-93.318756,44.873638],[-93.318756,44.876354],[-93.318771,44.879959],[-93.318779,44.881763]]]}},{"type":"Feature","properties":{"unit_id":"27053024904","name":"Census Tract 249.04 \u2014 Hennepin","native_id":"27053024904","source":"census_tract_2025","adm3_name":"Hennepin County","adm3_id":"27053","area_sqm":1786788,"split":false,"population":1747.0,"days_covered":24,"daytime_peak_f":87.8,"heat_anomaly_f":6.2,"extreme_pct":17.0,"nighttime_stress_f":-3.2,"daytime_peak_f_climrel":0.3756,"heat_anomaly_f_climrel":0.3756,"nighttime_stress_f_climrel":-0.1982,"extreme_pct_climrel":0.425,"ref_daytime_hi_mean":81.6,"ref_daytime_hi_p95":94.1,"rwi_mean":null,"health_per_10k":22.896393817973667,"built_frac":0.438,"tree_frac":0.463,"canopy_frac_over_3m":0.318,"viirs_mean":32.2,"gdl_hdi":0.96,"gdl_region":"Minnesota","ghsl_smod":12,"lst_anomaly_c":null,"lst_anomaly_c_climrel":null,"worldpop_pop_total":3897.0,"frac_under5":5.4,"frac_elderly_65plus":10.6,"frac_elderly_75plus":4.1,"old_age_dependency_ratio":0.148,"has_data":true},"geometry":{"type":"Polygon","coordinates":[[[-93.258018,44.890381],[-93.257167,44.890715],[-93.252899,44.890717],[-93.24779,44.890607],[-93.246792,44.888814],[-93.246819,44.883501],[-93.244908,44.883043],[-93.245597,44.881742],[-93.246462,44.878098],[-93.247902,44.878105],[-93.247902,44.875942],[-93.24791,44.872711],[-93.252929,44.872715],[-93.256386,44.87101],[-93.257965,44.870926],[-93.25795,44.876312],[-93.25798,44.883495],[-93.258018,44.890381]]]}},{"type":"Feature","properties":{"unit_id":"27053024004","name":"Census Tract 240.04 \u2014 Hennepin","native_id":"27053024004","source":"census_tract_2025","adm3_name":"Hennepin County","adm3_id":"27053","area_sqm":1304474,"split":false,"population":3690.0,"days_covered":24,"daytime_peak_f":87.8,"heat_anomaly_f":6.2,"extreme_pct":17.0,"nighttime_stress_f":-3.2,"daytime_peak_f_climrel":0.3756,"heat_anomaly_f_climrel":0.3756,"nighttime_stress_f_climrel":-0.1982,"extreme_pct_climrel":0.425,"ref_daytime_hi_mean":81.6,"ref_daytime_hi_p95":94.1,"rwi_mean":null,"health_per_10k":2.710027100271003,"built_frac":0.666,"tree_frac":0.207,"canopy_frac_over_3m":0.175,"viirs_mean":67.3,"gdl_hdi":0.96,"gdl_region":"Minnesota","ghsl_smod":30,"lst_anomaly_c":null,"lst_anomaly_c_climrel":null,"worldpop_pop_total":4933.0,"frac_under5":3.4,"frac_elderly_65plus":47.1,"frac_elderly_75plus":31.2,"old_age_dependency_ratio":1.046,"has_data":true},"geometry":{"type":"Polygon","coordinates":[[[-93.32909,44.876339],[-93.321092,44.87635],[-93.318756,44.876354],[-93.318756,44.873638],[-93.318776,44.872633],[-93.31881,44.865517],[-93.318828,44.861998],[-93.319275,44.861969],[-93.320671,44.861828],[-93.322479,44.861446],[-93.323882,44.861028],[-93.323895,44.861926],[-93.328933,44.861973],[-93.32903,44.86825],[-93.32903,44.872739],[-93.329055,44.872919],[-93.32909,44.876339]]]}},{"type":"Feature","properties":{"unit_id":"27053105400","name":"Census Tract 1054 \u2014 Hennepin","native_id":"27053105400","source":"census_tract_2025","adm3_name":"Hennepin County","adm3_id":"27053","area_sqm":547188,"split":false,"population":10689.0,"days_covered":24,"daytime_peak_f":87.5,"heat_anomaly_f":6.4,"extreme_pct":17.0,"nighttime_stress_f":-2.8,"daytime_peak_f_climrel":0.3865,"heat_anomaly_f_climrel":0.3865,"nighttime_stress_f_climrel":-0.1712,"extreme_pct_climrel":0.425,"ref_daytime_hi_mean":81.2,"ref_daytime_hi_p95":93.7,"rwi_mean":null,"health_per_10k":0.9355412105903265,"built_frac":0.933,"tree_frac":0.049,"canopy_frac_over_3m":0.075,"viirs_mean":150.9,"gdl_hdi":0.96,"gdl_region":"Minnesota","ghsl_smod":30,"lst_anomaly_c":null,"lst_anomaly_c_climrel":null,"worldpop_pop_total":5325.0,"frac_under5":1.6,"frac_elderly_65plus":5.1,"frac_elderly_75plus":1.4,"old_age_dependency_ratio":0.056,"has_data":true},"geometry":{"type":"Polygon","coordinates":[[[-93.269236,44.970049],[-93.267891,44.971104],[-93.267052,44.972084],[-93.265412,44.974008],[-93.263789,44.975922],[-93.262429,44.97535],[-93.26106,44.974777],[-93.260493,44.974527],[-93.260345,44.97444],[-93.260102,44.974162],[-93.260057,44.973974],[-93.260063,44.973749],[-93.26049,44.973248],[-93.256406,44.971529],[-93.25812,44.969538],[-93.258148,44.968929],[-93.259644,44.968048],[-93.262539,44.968033],[-93.262538,44.968117],[-93.269721,44.968067],[-93.269236,44.970049]]]}},{"type":"Feature","properties":{"unit_id":"27053021400","name":"Census Tract 214 \u2014 Hennepin","native_id":"27053021400","source":"census_tract_2025","adm3_name":"Hennepin County","adm3_id":"27053","area_sqm":1645689,"split":false,"population":2502.0,"days_covered":24,"daytime_peak_f":87.5,"heat_anomaly_f":6.4,"extreme_pct":17.0,"nighttime_stress_f":-2.8,"daytime_peak_f_climrel":0.3865,"heat_anomaly_f_climrel":0.3865,"nighttime_stress_f_climrel":-0.1712,"extreme_pct_climrel":0.425,"ref_daytime_hi_mean":81.2,"ref_daytime_hi_p95":93.7,"rwi_mean":null,"health_per_10k":7.993605115907274,"built_frac":0.254,"tree_frac":0.69,"canopy_frac_over_3m":0.484,"viirs_mean":19.1,"gdl_hdi":0.96,"gdl_region":"Minnesota","ghsl_smod":30,"lst_anomaly_c":null,"lst_anomaly_c_climrel":null,"worldpop_pop_total":3554.0,"frac_under5":6.1,"frac_elderly_65plus":12.0,"frac_elderly_75plus":4.1,"old_age_dependency_ratio":0.167,"has_data":true},"geometry":{"type":"Polygon","coordinates":[[[-93.333794,45.007839],[-93.333794,45.016888],[-93.333687,45.020504],[-93.328583,45.0205],[-93.326576,45.020528],[-93.319578,45.014201],[-93.318817,45.013317],[-93.318499,45.012869],[-93.318517,45.010205],[-93.31852,45.006042],[-93.321045,45.006049],[-93.32869,45.006069],[-93.331595,45.006103],[-93.333874,45.00611],[-93.333794,45.007839]]]}},{"type":"Feature","properties":{"unit_id":"27053109000","name":"Census Tract 1090 \u2014 Hennepin","native_id":"27053109000","source":"census_tract_2025","adm3_name":"Hennepin County","adm3_id":"27053","area_sqm":807138,"split":false,"population":1936.0,"days_covered":24,"daytime_peak_f":87.7,"heat_anomaly_f":6.1,"extreme_pct":17.0,"nighttime_stress_f":-3.0,"daytime_peak_f_climrel":0.3591,"heat_anomaly_f_climrel":0.3591,"nighttime_stress_f_climrel":-0.1852,"extreme_pct_climrel":0.425,"ref_daytime_hi_mean":81.5,"ref_daytime_hi_p95":94.0,"rwi_mean":null,"health_per_10k":0.0,"built_frac":0.146,"tree_frac":0.74,"canopy_frac_over_3m":0.546,"viirs_mean":19.7,"gdl_hdi":0.96,"gdl_region":"Minnesota","ghsl_smod":30,"lst_anomaly_c":null,"lst_anomaly_c_climrel":null,"worldpop_pop_total":1896.0,"frac_under5":5.1,"frac_elderly_65plus":21.2,"frac_elderly_75plus":6.2,"old_age_dependency_ratio":0.325,"has_data":true},"geometry":{"type":"Polygon","coordinates":[[[-93.215317,44.937847],[-93.215309,44.941457],[-93.208923,44.941509],[-93.208716,44.941508],[-93.202355,44.941577],[-93.200104,44.941506],[-93.200791,44.934301],[-93.203026,44.934349],[-93.208931,44.9343],[-93.212769,44.934265],[-93.215324,44.934246],[-93.215317,44.937847]]]}},{"type":"Feature","properties":{"unit_id":"27123035300","name":"Census Tract 353 \u2014 Ramsey","native_id":"27123035300","source":"census_tract_2025","adm3_name":"Ramsey County","adm3_id":"27123","area_sqm":1284611,"split":false,"population":3615.0,"days_covered":24,"daytime_peak_f":87.7,"heat_anomaly_f":6.1,"extreme_pct":17.0,"nighttime_stress_f":-3.0,"daytime_peak_f_climrel":0.3591,"heat_anomaly_f_climrel":0.3591,"nighttime_stress_f_climrel":-0.1852,"extreme_pct_climrel":0.425,"ref_daytime_hi_mean":81.5,"ref_daytime_hi_p95":94.0,"rwi_mean":null,"health_per_10k":2.7662517289073305,"built_frac":0.273,"tree_frac":0.707,"canopy_frac_over_3m":0.465,"viirs_mean":35.2,"gdl_hdi":0.96,"gdl_region":"Minnesota","ghsl_smod":30,"lst_anomaly_c":null,"lst_anomaly_c_climrel":null,"worldpop_pop_total":4222.0,"frac_under5":3.7,"frac_elderly_65plus":12.5,"frac_elderly_75plus":3.9,"old_age_dependency_ratio":0.168,"has_data":true},"geometry":{"type":"Polygon","coordinates":[[[-93.156831,44.937891],[-93.156821,44.941613],[-93.156806,44.946633],[-93.156804,44.947464],[-93.156801,44.94852],[-93.15172,44.948532],[-93.146638,44.948543],[-93.146633,44.947436],[-93.146633,44.946619],[-93.146605,44.941515],[-93.146604,44.941291],[-93.1466,44.938915],[-93.146574,44.934173],[-93.150173,44.934188],[-93.151708,44.934194],[-93.15684,44.934215],[-93.156831,44.937891]]]}},{"type":"Feature","properties":{"unit_id":"27053105100","name":"Census Tract 1051 \u2014 Hennepin","native_id":"27053105100","source":"census_tract_2025","adm3_name":"Hennepin County","adm3_id":"27053","area_sqm":3058250,"split":false,"population":1844.0,"days_covered":24,"daytime_peak_f":87.5,"heat_anomaly_f":6.4,"extreme_pct":17.0,"nighttime_stress_f":-2.8,"daytime_peak_f_climrel":0.3865,"heat_anomaly_f_climrel":0.3865,"nighttime_stress_f_climrel":-0.1712,"extreme_pct_climrel":0.425,"ref_daytime_hi_mean":81.2,"ref_daytime_hi_p95":93.7,"rwi_mean":null,"health_per_10k":21.69197396963124,"built_frac":0.251,"tree_frac":0.642,"canopy_frac_over_3m":0.485,"viirs_mean":25.1,"gdl_hdi":0.96,"gdl_region":"Minnesota","ghsl_smod":30,"lst_anomaly_c":null,"lst_anomaly_c_climrel":null,"worldpop_pop_total":3005.0,"frac_under5":4.6,"frac_elderly_65plus":18.5,"frac_elderly_75plus":6.1,"old_age_dependency_ratio":0.271,"has_data":true},"geometry":{"type":"Polygon","coordinates":[[[-93.328697,44.965038],[-93.328692,44.966484],[-93.328691,44.97002],[-93.328654,44.977142],[-93.318372,44.977298],[-93.318524,44.97783],[-93.318504,44.980747],[-93.314346,44.980736],[-93.312841,44.978675],[-93.308343,44.977773],[-93.301017,44.976047],[-93.295521,44.977081],[-93.295521,44.977216],[-93.289894,44.977055],[-93.288073,44.977656],[-93.288071,44.977359],[-93.294403,44.974056],[-93.300461,44.970459],[-93.30249,44.96999],[-93.304596,44.969481],[-93.30521,44.969537],[-93.307594,44.968922],[-93.316521,44.966534],[-93.324043,44.965904],[-93.324768,44.961342],[-93.327042,44.959454],[-93.328731,44.959332],[-93.328697,44.965038]]]}},{"type":"Feature","properties":{"unit_id":"27053026511","name":"Census Tract 265.11 \u2014 Hennepin","native_id":"27053026511","source":"census_tract_2025","adm3_name":"Hennepin County","adm3_id":"27053","area_sqm":1891893,"split":false,"population":1314.0,"days_covered":24,"daytime_peak_f":87.3,"heat_anomaly_f":6.2,"extreme_pct":17.0,"nighttime_stress_f":-2.9,"daytime_peak_f_climrel":0.3752,"heat_anomaly_f_climrel":0.3752,"nighttime_stress_f_climrel":-0.1776,"extreme_pct_climrel":0.425,"ref_daytime_hi_mean":81.1,"ref_daytime_hi_p95":93.7,"rwi_mean":null,"health_per_10k":0.0,"built_frac":0.213,"tree_frac":0.608,"canopy_frac_over_3m":0.396,"viirs_mean":12.3,"gdl_hdi":0.96,"gdl_region":"Minnesota","ghsl_smod":21,"lst_anomaly_c":null,"lst_anomaly_c_climrel":null,"worldpop_pop_total":3750.0,"frac_under5":5.0,"frac_elderly_65plus":14.0,"frac_elderly_75plus":5.0,"old_age_dependency_ratio":0.196,"has_data":true},"geometry":{"type":"Polygon","coordinates":[[[-93.420853,45.033138],[-93.415718,45.03307],[-93.408539,45.033257],[-93.400715,45.033314],[-93.400692,45.029265],[-93.4007,45.022029],[-93.408234,45.021999],[-93.420746,45.021931],[-93.420839,45.028606],[-93.420853,45.033138]]]}},{"type":"Feature","properties":{"unit_id":"27053026824","name":"Census Tract 268.24 \u2014 Hennepin","native_id":"27053026824","source":"census_tract_2025","adm3_name":"Hennepin County","adm3_id":"27053","area_sqm":5076991,"split":false,"population":6072.0,"days_covered":24,"daytime_peak_f":87.3,"heat_anomaly_f":6.2,"extreme_pct":17.0,"nighttime_stress_f":-2.8,"daytime_peak_f_climrel":0.3737,"heat_anomaly_f_climrel":0.3737,"nighttime_stress_f_climrel":-0.1775,"extreme_pct_climrel":0.425,"ref_daytime_hi_mean":81.1,"ref_daytime_hi_p95":93.9,"rwi_mean":null,"health_per_10k":1.6469038208168643,"built_frac":0.278,"tree_frac":0.325,"canopy_frac_over_3m":0.172,"viirs_mean":23.1,"gdl_hdi":0.96,"gdl_region":"Minnesota","ghsl_smod":21,"lst_anomaly_c":null,"lst_anomaly_c_climrel":null,"worldpop_pop_total":6917.0,"frac_under5":5.3,"frac_elderly_65plus":12.8,"frac_elderly_75plus":6.6,"old_age_dependency_ratio":0.196,"has_data":true},"geometry":{"type":"Polygon","coordinates":[[[-93.360734,45.148371],[-93.360574,45.151882],[-93.337194,45.151633],[-93.335653,45.150155],[-93.335682,45.14478],[-93.335881,45.14193],[-93.336195,45.14097],[-93.337386,45.139008],[-93.337544,45.137562],[-93.337524,45.134235],[-93.335766,45.130582],[-93.335791,45.124234],[-93.341807,45.12485],[-93.34615,45.12575],[-93.356281,45.128022],[-93.356425,45.131964],[-93.357025,45.133279],[-93.360077,45.141384],[-93.360612,45.14335],[-93.360799,45.144707],[-93.360734,45.148371]]]}},{"type":"Feature","properties":{"unit_id":"27053022102","name":"Census Tract 221.02 \u2014 Hennepin","native_id":"27053022102","source":"census_tract_2025","adm3_name":"Hennepin County","adm3_id":"27053","area_sqm":1339601,"split":false,"population":2239.0,"days_covered":24,"daytime_peak_f":87.3,"heat_anomaly_f":6.2,"extreme_pct":17.0,"nighttime_stress_f":-2.9,"daytime_peak_f_climrel":0.3752,"heat_anomaly_f_climrel":0.3752,"nighttime_stress_f_climrel":-0.1776,"extreme_pct_climrel":0.425,"ref_daytime_hi_mean":81.1,"ref_daytime_hi_p95":93.7,"rwi_mean":null,"health_per_10k":17.86511835640911,"built_frac":0.282,"tree_frac":0.572,"canopy_frac_over_3m":0.358,"viirs_mean":28.5,"gdl_hdi":0.96,"gdl_region":"Minnesota","ghsl_smod":30,"lst_anomaly_c":null,"lst_anomaly_c_climrel":null,"worldpop_pop_total":2833.0,"frac_under5":5.1,"frac_elderly_65plus":18.2,"frac_elderly_75plus":7.6,"old_age_dependency_ratio":0.262,"has_data":true},"geometry":{"type":"Polygon","coordinates":[[[-93.383691,44.956864],[-93.381196,44.957296],[-93.38125,44.960323],[-93.381279,44.96167],[-93.381401,44.964962],[-93.379501,44.968796],[-93.380067,44.971079],[-93.370608,44.971243],[-93.370979,44.965355],[-93.370987,44.959618],[-93.370941,44.956844],[-93.3834,44.954388],[-93.383601,44.954866],[-93.383691,44.956864]]]}},{"type":"Feature","properties":{"unit_id":"27053110400","name":"Census Tract 1104 \u2014 Hennepin","native_id":"27053110400","source":"census_tract_2025","adm3_name":"Hennepin County","adm3_id":"27053","area_sqm":1006784,"split":false,"population":1513.0,"days_covered":24,"daytime_peak_f":87.7,"heat_anomaly_f":6.1,"extreme_pct":17.0,"nighttime_stress_f":-3.0,"daytime_peak_f_climrel":0.3591,"heat_anomaly_f_climrel":0.3591,"nighttime_stress_f_climrel":-0.1852,"extreme_pct_climrel":0.425,"ref_daytime_hi_mean":81.5,"ref_daytime_hi_p95":94.0,"rwi_mean":null,"health_per_10k":6.609385327164573,"built_frac":0.424,"tree_frac":0.572,"canopy_frac_over_3m":0.404,"viirs_mean":34.0,"gdl_hdi":0.96,"gdl_region":"Minnesota","ghsl_smod":30,"lst_anomaly_c":null,"lst_anomaly_c_climrel":null,"worldpop_pop_total":3880.0,"frac_under5":7.3,"frac_elderly_65plus":11.2,"frac_elderly_75plus":3.4,"old_age_dependency_ratio":0.156,"has_data":true},"geometry":{"type":"Polygon","coordinates":[[[-93.228508,44.934082],[-93.222931,44.934147],[-93.215324,44.934246],[-93.212769,44.934265],[-93.212753,44.930636],[-93.212761,44.927006],[-93.212761,44.925199],[-93.222371,44.92511],[-93.223604,44.926914],[-93.226054,44.930513],[-93.228508,44.934082]]]}},{"type":"Feature","properties":{"unit_id":"27053024006","name":"Census Tract 240.06 \u2014 Hennepin","native_id":"27053024006","source":"census_tract_2025","adm3_name":"Hennepin County","adm3_id":"27053","area_sqm":1789565,"split":false,"population":3727.0,"days_covered":24,"daytime_peak_f":87.8,"heat_anomaly_f":6.2,"extreme_pct":17.0,"nighttime_stress_f":-3.2,"daytime_peak_f_climrel":0.3756,"heat_anomaly_f_climrel":0.3756,"nighttime_stress_f_climrel":-0.1982,"extreme_pct_climrel":0.425,"ref_daytime_hi_mean":81.6,"ref_daytime_hi_p95":94.1,"rwi_mean":null,"health_per_10k":2.6831231553528307,"built_frac":0.215,"tree_frac":0.6,"canopy_frac_over_3m":0.357,"viirs_mean":24.1,"gdl_hdi":0.96,"gdl_region":"Minnesota","ghsl_smod":30,"lst_anomaly_c":null,"lst_anomaly_c_climrel":null,"worldpop_pop_total":2155.0,"frac_under5":4.5,"frac_elderly_65plus":30.2,"frac_elderly_75plus":16.6,"old_age_dependency_ratio":0.574,"has_data":true},"geometry":{"type":"Polygon","coordinates":[[[-93.350439,44.883689],[-93.350223,44.889621],[-93.342392,44.886911],[-93.339032,44.886867],[-93.333635,44.886871],[-93.329086,44.886924],[-93.329056,44.885707],[-93.329089,44.883529],[-93.329099,44.879861],[-93.32912,44.878061],[-93.330597,44.87853],[-93.332023,44.876466],[-93.336044,44.87635],[-93.348511,44.876362],[-93.350631,44.876252],[-93.350439,44.883689]]]}},{"type":"Feature","properties":{"unit_id":"27123036300","name":"Census Tract 363 \u2014 Ramsey","native_id":"27123036300","source":"census_tract_2025","adm3_name":"Ramsey County","adm3_id":"27123","area_sqm":1290570,"split":false,"population":4327.0,"days_covered":24,"daytime_peak_f":87.7,"heat_anomaly_f":6.1,"extreme_pct":17.0,"nighttime_stress_f":-3.0,"daytime_peak_f_climrel":0.3591,"heat_anomaly_f_climrel":0.3591,"nighttime_stress_f_climrel":-0.1852,"extreme_pct_climrel":0.425,"ref_daytime_hi_mean":81.5,"ref_daytime_hi_p95":94.0,"rwi_mean":null,"health_per_10k":4.622140050843541,"built_frac":0.267,"tree_frac":0.679,"canopy_frac_over_3m":0.458,"viirs_mean":26.6,"gdl_hdi":0.96,"gdl_region":"Minnesota","ghsl_smod":30,"lst_anomaly_c":null,"lst_anomaly_c_climrel":null,"worldpop_pop_total":4248.0,"frac_under5":3.7,"frac_elderly_65plus":20.0,"frac_elderly_75plus":11.2,"old_age_dependency_ratio":0.299,"has_data":true},"geometry":{"type":"Polygon","coordinates":[[[-93.187379,44.934329],[-93.182296,44.934306],[-93.177208,44.934286],[-93.177209,44.932462],[-93.177207,44.929744],[-93.177202,44.927028],[-93.177199,44.919765],[-93.187371,44.919797],[-93.187371,44.922526],[-93.187372,44.927064],[-93.187376,44.929794],[-93.18738,44.932506],[-93.187379,44.934329]]]}},{"type":"Feature","properties":{"unit_id":"27053103000","name":"Census Tract 1030 \u2014 Hennepin","native_id":"27053103000","source":"census_tract_2025","adm3_name":"Hennepin County","adm3_id":"27053","area_sqm":845558,"split":false,"population":2818.0,"days_covered":24,"daytime_peak_f":87.5,"heat_anomaly_f":6.4,"extreme_pct":17.0,"nighttime_stress_f":-2.8,"daytime_peak_f_climrel":0.3865,"heat_anomaly_f_climrel":0.3865,"nighttime_stress_f_climrel":-0.1712,"extreme_pct_climrel":0.425,"ref_daytime_hi_mean":81.2,"ref_daytime_hi_p95":93.7,"rwi_mean":null,"health_per_10k":0.0,"built_frac":0.392,"tree_frac":0.282,"canopy_frac_over_3m":0.204,"viirs_mean":51.6,"gdl_hdi":0.96,"gdl_region":"Minnesota","ghsl_smod":30,"lst_anomaly_c":null,"lst_anomaly_c_climrel":null,"worldpop_pop_total":2097.0,"frac_under5":2.8,"frac_elderly_65plus":22.9,"frac_elderly_75plus":14.4,"old_age_dependency_ratio":0.324,"has_data":true},"geometry":{"type":"Polygon","coordinates":[[[-93.275431,44.998988],[-93.270828,44.998699],[-93.26911,44.998701],[-93.267288,44.998703],[-93.260239,44.998707],[-93.25753,44.998711],[-93.25753,44.998355],[-93.257515,44.995499],[-93.264664,44.992706],[-93.262482,44.991711],[-93.261353,44.990036],[-93.260713,44.989092],[-93.265025,44.990819],[-93.267646,44.989486],[-93.270341,44.990746],[-93.273645,44.992864],[-93.275768,44.99652],[-93.275431,44.998988]]]}},{"type":"Feature","properties":{"unit_id":"27123041200","name":"Census Tract 412 \u2014 Ramsey","native_id":"27123041200","source":"census_tract_2025","adm3_name":"Ramsey County","adm3_id":"27123","area_sqm":2665597,"split":false,"population":4029.0,"days_covered":24,"daytime_peak_f":87.1,"heat_anomaly_f":5.9,"extreme_pct":17.0,"nighttime_stress_f":-2.9,"daytime_peak_f_climrel":0.3472,"heat_anomaly_f_climrel":0.3472,"nighttime_stress_f_climrel":-0.1783,"extreme_pct_climrel":0.425,"ref_daytime_hi_mean":81.1,"ref_daytime_hi_p95":93.9,"rwi_mean":null,"health_per_10k":7.4460163812360385,"built_frac":0.418,"tree_frac":0.448,"canopy_frac_over_3m":0.316,"viirs_mean":32.6,"gdl_hdi":0.96,"gdl_region":"Minnesota","ghsl_smod":30,"lst_anomaly_c":null,"lst_anomaly_c_climrel":null,"worldpop_pop_total":4403.0,"frac_under5":6.5,"frac_elderly_65plus":16.3,"frac_elderly_75plus":7.9,"old_age_dependency_ratio":0.246,"has_data":true},"geometry":{"type":"Polygon","coordinates":[[[-93.208186,45.055089],[-93.208901,45.061017],[-93.206194,45.061009],[-93.20622,45.063989],[-93.20656,45.064632],[-93.203628,45.065],[-93.202176,45.0653],[-93.199208,45.065969],[-93.195285,45.066461],[-93.186241,45.067001],[-93.18793,45.056197],[-93.18788,45.054534],[-93.187745,45.050305],[-93.188818,45.050336],[-93.188716,45.051116],[-93.199497,45.051067],[-93.202718,45.050305],[-93.20685,45.050162],[-93.206904,45.053792],[-93.210749,45.053748],[-93.208186,45.055089]]]}},{"type":"Feature","properties":{"unit_id":"27123030602","name":"Census Tract 306.02 \u2014 Ramsey","native_id":"27123030602","source":"census_tract_2025","adm3_name":"Ramsey County","adm3_id":"27123","area_sqm":2031224,"split":false,"population":2699.0,"days_covered":24,"daytime_peak_f":87.0,"heat_anomaly_f":6.5,"extreme_pct":17.0,"nighttime_stress_f":-2.0,"daytime_peak_f_climrel":0.3832,"heat_anomaly_f_climrel":0.3832,"nighttime_stress_f_climrel":-0.1206,"extreme_pct_climrel":0.425,"ref_daytime_hi_mean":80.6,"ref_daytime_hi_p95":92.9,"rwi_mean":null,"health_per_10k":7.410151908114116,"built_frac":0.181,"tree_frac":0.408,"canopy_frac_over_3m":0.295,"viirs_mean":14.8,"gdl_hdi":0.96,"gdl_region":"Minnesota","ghsl_smod":30,"lst_anomaly_c":null,"lst_anomaly_c_climrel":null,"worldpop_pop_total":4900.0,"frac_under5":7.3,"frac_elderly_65plus":10.7,"frac_elderly_75plus":3.9,"old_age_dependency_ratio":0.16,"has_data":true},"geometry":{"type":"Polygon","coordinates":[[[-93.076208,44.991915],[-93.073667,44.991906],[-93.066099,44.991978],[-93.045699,44.992016],[-93.04567,44.984794],[-93.047023,44.984361],[-93.045762,44.982521],[-93.046075,44.980087],[-93.048179,44.979054],[-93.054372,44.982345],[-93.055488,44.984769],[-93.060932,44.984754],[-93.060901,44.981142],[-93.065994,44.981131],[-93.066008,44.982929],[-93.071067,44.982882],[-93.071011,44.981083],[-93.073581,44.981058],[-93.076111,44.981038],[-93.076142,44.984644],[-93.076208,44.991915]]]}},{"type":"Feature","properties":{"unit_id":"27053002700","name":"Census Tract 27 \u2014 Hennepin","native_id":"27053002700","source":"census_tract_2025","adm3_name":"Hennepin County","adm3_id":"27053","area_sqm":653720,"split":false,"population":1590.0,"days_covered":24,"daytime_peak_f":87.5,"heat_anomaly_f":6.4,"extreme_pct":17.0,"nighttime_stress_f":-2.8,"daytime_peak_f_climrel":0.3865,"heat_anomaly_f_climrel":0.3865,"nighttime_stress_f_climrel":-0.1712,"extreme_pct_climrel":0.425,"ref_daytime_hi_mean":81.2,"ref_daytime_hi_p95":93.7,"rwi_mean":null,"health_per_10k":6.289308176100628,"built_frac":0.479,"tree_frac":0.48,"canopy_frac_over_3m":0.314,"viirs_mean":25.4,"gdl_hdi":0.96,"gdl_region":"Minnesota","ghsl_smod":30,"lst_anomaly_c":null,"lst_anomaly_c_climrel":null,"worldpop_pop_total":3073.0,"frac_under5":7.8,"frac_elderly_65plus":9.8,"frac_elderly_75plus":3.6,"old_age_dependency_ratio":0.151,"has_data":true},"geometry":{"type":"Polygon","coordinates":[[[-93.318459,44.998906],[-93.313332,44.998806],[-93.308197,44.998764],[-93.308212,44.996323],[-93.30822,44.991505],[-93.313354,44.991528],[-93.318467,44.991558],[-93.318459,44.998906]]]}},{"type":"Feature","properties":{"unit_id":"27053001700","name":"Census Tract 17 \u2014 Hennepin","native_id":"27053001700","source":"census_tract_2025","adm3_name":"Hennepin County","adm3_id":"27053","area_sqm":851236,"split":false,"population":2051.0,"days_covered":24,"daytime_peak_f":87.5,"heat_anomaly_f":6.4,"extreme_pct":17.0,"nighttime_stress_f":-2.8,"daytime_peak_f_climrel":0.3865,"heat_anomaly_f_climrel":0.3865,"nighttime_stress_f_climrel":-0.1712,"extreme_pct_climrel":0.425,"ref_daytime_hi_mean":81.2,"ref_daytime_hi_p95":93.7,"rwi_mean":null,"health_per_10k":4.875670404680643,"built_frac":0.467,"tree_frac":0.344,"canopy_frac_over_3m":0.28,"viirs_mean":37.6,"gdl_hdi":0.96,"gdl_region":"Minnesota","ghsl_smod":30,"lst_anomaly_c":null,"lst_anomaly_c_climrel":null,"worldpop_pop_total":2702.0,"frac_under5":6.0,"frac_elderly_65plus":6.1,"frac_elderly_75plus":1.9,"old_age_dependency_ratio":0.079,"has_data":true},"geometry":{"type":"Polygon","coordinates":[[[-93.274889,45.013126],[-93.263084,45.013161],[-93.260345,45.013165],[-93.260246,45.005249],[-93.263069,45.005287],[-93.26767,45.005039],[-93.26886,45.006054],[-93.274436,45.005943],[-93.274889,45.013126]]]}},{"type":"Feature","properties":{"unit_id":"27123031000","name":"Census Tract 310 \u2014 Ramsey","native_id":"27123031000","source":"census_tract_2025","adm3_name":"Ramsey County","adm3_id":"27123","area_sqm":1038314,"split":false,"population":4836.0,"days_covered":24,"daytime_peak_f":87.0,"heat_anomaly_f":6.5,"extreme_pct":17.0,"nighttime_stress_f":-2.0,"daytime_peak_f_climrel":0.3832,"heat_anomaly_f_climrel":0.3832,"nighttime_stress_f_climrel":-0.1206,"extreme_pct_climrel":0.425,"ref_daytime_hi_mean":80.6,"ref_daytime_hi_p95":92.9,"rwi_mean":null,"health_per_10k":8.271298593879239,"built_frac":0.475,"tree_frac":0.482,"canopy_frac_over_3m":0.344,"viirs_mean":32.5,"gdl_hdi":0.96,"gdl_region":"Minnesota","ghsl_smod":30,"lst_anomaly_c":null,"lst_anomaly_c_climrel":null,"worldpop_pop_total":5096.0,"frac_under5":7.4,"frac_elderly_65plus":9.2,"frac_elderly_75plus":3.1,"old_age_dependency_ratio":0.138,"has_data":true},"geometry":{"type":"Polygon","coordinates":[[[-93.076111,44.981038],[-93.073581,44.981058],[-93.071011,44.981083],[-93.071067,44.982882],[-93.066008,44.982929],[-93.065994,44.981131],[-93.065968,44.977522],[-93.065964,44.973904],[-93.065964,44.970315],[-93.069392,44.970284],[-93.073561,44.970254],[-93.076082,44.970235],[-93.07608,44.974695],[-93.076111,44.981038]]]}},{"type":"Feature","properties":{"unit_id":"27123042302","name":"Census Tract 423.02 \u2014 Ramsey","native_id":"27123042302","source":"census_tract_2025","adm3_name":"Ramsey County","adm3_id":"27123","area_sqm":4350608,"split":false,"population":3808.0,"days_covered":24,"daytime_peak_f":86.8,"heat_anomaly_f":6.5,"extreme_pct":17.0,"nighttime_stress_f":-2.3,"daytime_peak_f_climrel":0.392,"heat_anomaly_f_climrel":0.392,"nighttime_stress_f_climrel":-0.1343,"extreme_pct_climrel":0.425,"ref_daytime_hi_mean":80.3,"ref_daytime_hi_p95":92.8,"rwi_mean":null,"health_per_10k":2.6260504201680672,"built_frac":0.183,"tree_frac":0.534,"canopy_frac_over_3m":0.339,"viirs_mean":13.2,"gdl_hdi":0.96,"gdl_region":"Minnesota","ghsl_smod":30,"lst_anomaly_c":null,"lst_anomaly_c_climrel":null,"worldpop_pop_total":5869.0,"frac_under5":6.1,"frac_elderly_65plus":18.1,"frac_elderly_75plus":8.1,"old_age_dependency_ratio":0.284,"has_data":true},"geometry":{"type":"Polygon","coordinates":[[[-93.06607,44.995607],[-93.065964,44.997603],[-93.065509,44.999045],[-93.064317,45.000331],[-93.059753,45.004908],[-93.057439,45.008285],[-93.055091,45.011793],[-93.035467,45.011753],[-93.035474,45.006432],[-93.035465,44.999199],[-93.033782,44.99919],[-93.032755,44.994484],[-93.032757,44.993148],[-93.033767,44.991977],[-93.045699,44.992016],[-93.066099,44.991978],[-93.06607,44.995607]]]}},{"type":"Feature","properties":{"unit_id":"27053106000","name":"Census Tract 1060 \u2014 Hennepin","native_id":"27053106000","source":"census_tract_2025","adm3_name":"Hennepin County","adm3_id":"27053","area_sqm":683668,"split":false,"population":2921.0,"days_covered":24,"daytime_peak_f":87.5,"heat_anomaly_f":6.4,"extreme_pct":17.0,"nighttime_stress_f":-2.8,"daytime_peak_f_climrel":0.3865,"heat_anomaly_f_climrel":0.3865,"nighttime_stress_f_climrel":-0.1712,"extreme_pct_climrel":0.425,"ref_daytime_hi_mean":81.2,"ref_daytime_hi_p95":93.7,"rwi_mean":null,"health_per_10k":6.846970215679561,"built_frac":0.706,"tree_frac":0.263,"canopy_frac_over_3m":0.224,"viirs_mean":74.6,"gdl_hdi":0.96,"gdl_region":"Minnesota","ghsl_smod":30,"lst_anomaly_c":null,"lst_anomaly_c_climrel":null,"worldpop_pop_total":3662.0,"frac_under5":5.2,"frac_elderly_65plus":13.5,"frac_elderly_75plus":5.7,"old_age_dependency_ratio":0.198,"has_data":true},"geometry":{"type":"Polygon","coordinates":[[[-93.259662,44.965685],[-93.259662,44.965834],[-93.258165,44.965837],[-93.256688,44.965749],[-93.256048,44.965513],[-93.252271,44.966],[-93.252026,44.966033],[-93.249533,44.966223],[-93.247019,44.962532],[-93.245886,44.96087],[-93.24667,44.960098],[-93.247547,44.960917],[-93.24984,44.96093],[-93.249832,44.959135],[-93.252342,44.959133],[-93.257439,44.959122],[-93.259628,44.959126],[-93.259674,44.962719],[-93.259662,44.965685]]]}},{"type":"Feature","properties":{"unit_id":"27053026617","name":"Census Tract 266.17 \u2014 Hennepin","native_id":"27053026617","source":"census_tract_2025","adm3_name":"Hennepin County","adm3_id":"27053","area_sqm":2456785,"split":false,"population":1512.0,"days_covered":24,"daytime_peak_f":87.0,"heat_anomaly_f":6.2,"extreme_pct":17.0,"nighttime_stress_f":-3.1,"daytime_peak_f_climrel":0.3719,"heat_anomaly_f_climrel":0.3719,"nighttime_stress_f_climrel":-0.1886,"extreme_pct_climrel":0.425,"ref_daytime_hi_mean":80.8,"ref_daytime_hi_p95":93.4,"rwi_mean":null,"health_per_10k":0.0,"built_frac":0.295,"tree_frac":0.463,"canopy_frac_over_3m":0.235,"viirs_mean":18.6,"gdl_hdi":0.96,"gdl_region":"Minnesota","ghsl_smod":21,"lst_anomaly_c":null,"lst_anomaly_c_climrel":null,"worldpop_pop_total":2352.0,"frac_under5":3.4,"frac_elderly_65plus":31.7,"frac_elderly_75plus":20.1,"old_age_dependency_ratio":0.589,"has_data":true},"geometry":{"type":"Polygon","coordinates":[[[-93.515038,45.038311],[-93.510895,45.036499],[-93.507535,45.035736],[-93.502296,45.034592],[-93.49205,45.034344],[-93.490532,45.034267],[-93.484421,45.032089],[-93.48175,45.032204],[-93.48175,45.018768],[-93.48175,45.018559],[-93.487129,45.019123],[-93.490295,45.020252],[-93.492981,45.022038],[-93.516164,45.037963],[-93.515038,45.038311]]]}},{"type":"Feature","properties":{"unit_id":"27123042504","name":"Census Tract 425.04 \u2014 Ramsey","native_id":"27123042504","source":"census_tract_2025","adm3_name":"Ramsey County","adm3_id":"27123","area_sqm":5093555,"split":false,"population":6192.0,"days_covered":24,"daytime_peak_f":87.1,"heat_anomaly_f":6.0,"extreme_pct":17.0,"nighttime_stress_f":-3.3,"daytime_peak_f_climrel":0.3557,"heat_anomaly_f_climrel":0.3557,"nighttime_stress_f_climrel":-0.195,"extreme_pct_climrel":0.425,"ref_daytime_hi_mean":81.1,"ref_daytime_hi_p95":93.7,"rwi_mean":null,"health_per_10k":0.0,"built_frac":0.141,"tree_frac":0.592,"canopy_frac_over_3m":0.432,"viirs_mean":16.3,"gdl_hdi":0.96,"gdl_region":"Minnesota","ghsl_smod":12,"lst_anomaly_c":null,"lst_anomaly_c_climrel":null,"worldpop_pop_total":4452.0,"frac_under5":5.4,"frac_elderly_65plus":19.6,"frac_elderly_75plus":8.2,"old_age_dependency_ratio":0.306,"has_data":true},"geometry":{"type":"Polygon","coordinates":[[[-93.005043,44.950352],[-92.990936,44.948557],[-92.98466,44.948522],[-92.984561,44.945534],[-92.984597,44.944974],[-92.984502,44.941422],[-92.984459,44.928024],[-92.984459,44.927907],[-92.984441,44.919568],[-92.984653,44.919731],[-93.004816,44.919443],[-93.004816,44.919765],[-93.00482,44.926638],[-93.004823,44.932983],[-93.00484,44.935282],[-93.004906,44.941048],[-93.004957,44.945],[-93.005031,44.948515],[-93.005043,44.950352]]]}},{"type":"Feature","properties":{"unit_id":"27053126202","name":"Census Tract 1262.02 \u2014 Hennepin","native_id":"27053126202","source":"census_tract_2025","adm3_name":"Hennepin County","adm3_id":"27053","area_sqm":691365,"split":false,"population":3212.0,"days_covered":24,"daytime_peak_f":87.5,"heat_anomaly_f":6.4,"extreme_pct":17.0,"nighttime_stress_f":-2.8,"daytime_peak_f_climrel":0.3865,"heat_anomaly_f_climrel":0.3865,"nighttime_stress_f_climrel":-0.1712,"extreme_pct_climrel":0.425,"ref_daytime_hi_mean":81.2,"ref_daytime_hi_p95":93.7,"rwi_mean":null,"health_per_10k":15.566625155666252,"built_frac":0.703,"tree_frac":0.191,"canopy_frac_over_3m":0.134,"viirs_mean":88.6,"gdl_hdi":0.96,"gdl_region":"Minnesota","ghsl_smod":30,"lst_anomaly_c":null,"lst_anomaly_c_climrel":null,"worldpop_pop_total":6005.0,"frac_under5":1.8,"frac_elderly_65plus":8.1,"frac_elderly_75plus":2.0,"old_age_dependency_ratio":0.091,"has_data":true},"geometry":{"type":"Polygon","coordinates":[[[-93.281428,44.991982],[-93.279818,44.991995],[-93.276375,44.99202],[-93.273645,44.992864],[-93.270341,44.990746],[-93.267646,44.989486],[-93.266233,44.987708],[-93.265188,44.986284],[-93.263914,44.985364],[-93.26535,44.984749],[-93.266815,44.983795],[-93.269073,44.982147],[-93.272514,44.984516],[-93.273787,44.985416],[-93.276642,44.987442],[-93.280595,44.990287],[-93.281428,44.991982]]]}},{"type":"Feature","properties":{"unit_id":"27123042301","name":"Census Tract 423.01 \u2014 Ramsey","native_id":"27123042301","source":"census_tract_2025","adm3_name":"Ramsey County","adm3_id":"27123","area_sqm":5240544,"split":false,"population":4533.0,"days_covered":24,"daytime_peak_f":86.8,"heat_anomaly_f":6.5,"extreme_pct":17.0,"nighttime_stress_f":-2.3,"daytime_peak_f_climrel":0.392,"heat_anomaly_f_climrel":0.392,"nighttime_stress_f_climrel":-0.1343,"extreme_pct_climrel":0.425,"ref_daytime_hi_mean":80.3,"ref_daytime_hi_p95":92.8,"rwi_mean":null,"health_per_10k":4.412089124200309,"built_frac":0.223,"tree_frac":0.485,"canopy_frac_over_3m":0.315,"viirs_mean":27.5,"gdl_hdi":0.96,"gdl_region":"Minnesota","ghsl_smod":21,"lst_anomaly_c":null,"lst_anomaly_c_climrel":null,"worldpop_pop_total":3188.0,"frac_under5":5.0,"frac_elderly_65plus":23.0,"frac_elderly_75plus":9.7,"old_age_dependency_ratio":0.37,"has_data":true},"geometry":{"type":"Polygon","coordinates":[[[-93.066345,45.028117],[-93.05607,45.028059],[-93.056231,45.035876],[-93.04381,45.035831],[-93.036793,45.035796],[-93.036467,45.036048],[-93.03584,45.035213],[-93.035509,45.034722],[-93.035619,45.028058],[-93.03545,45.02083],[-93.035467,45.011753],[-93.055091,45.011793],[-93.061782,45.011729],[-93.066161,45.010569],[-93.066106,45.020849],[-93.066345,45.028117]]]}},{"type":"Feature","properties":{"unit_id":"27123032000","name":"Census Tract 320 \u2014 Ramsey","native_id":"27123032000","source":"census_tract_2025","adm3_name":"Ramsey County","adm3_id":"27123","area_sqm":990631,"split":false,"population":2902.4153337949815,"days_covered":24,"daytime_peak_f":87.6,"heat_anomaly_f":6.1,"extreme_pct":17.0,"nighttime_stress_f":-2.8,"daytime_peak_f_climrel":0.362,"heat_anomaly_f_climrel":0.362,"nighttime_stress_f_climrel":-0.1712,"extreme_pct_climrel":0.425,"ref_daytime_hi_mean":81.5,"ref_daytime_hi_p95":94.1,"rwi_mean":null,"health_per_10k":3.445406273720566,"built_frac":0.291,"tree_frac":0.695,"canopy_frac_over_3m":0.451,"viirs_mean":59.5,"gdl_hdi":0.96,"gdl_region":"Minnesota","ghsl_smod":30,"lst_anomaly_c":null,"lst_anomaly_c_climrel":null,"worldpop_pop_total":3132.0,"frac_under5":5.3,"frac_elderly_65plus":10.8,"frac_elderly_75plus":3.4,"old_age_dependency_ratio":0.145,"has_data":true},"geometry":{"type":"Polygon","coordinates":[[[-93.182273,44.968753],[-93.171993,44.968947],[-93.172135,44.962865],[-93.169628,44.961972],[-93.169576,44.95567],[-93.173368,44.955656],[-93.175919,44.955664],[-93.177193,44.95586],[-93.17722,44.962862],[-93.182302,44.962855],[-93.182273,44.968753]]]}},{"type":"Feature","properties":{"unit_id":"27053103900","name":"Census Tract 1039 \u2014 Hennepin","native_id":"27053103900","source":"census_tract_2025","adm3_name":"Hennepin County","adm3_id":"27053","area_sqm":269683,"split":false,"population":2328.7760696255996,"days_covered":24,"daytime_peak_f":87.6,"heat_anomaly_f":6.1,"extreme_pct":17.0,"nighttime_stress_f":-2.8,"daytime_peak_f_climrel":0.362,"heat_anomaly_f_climrel":0.362,"nighttime_stress_f_climrel":-0.1712,"extreme_pct_climrel":0.425,"ref_daytime_hi_mean":81.5,"ref_daytime_hi_p95":94.1,"rwi_mean":null,"health_per_10k":0.0,"built_frac":0.832,"tree_frac":0.167,"canopy_frac_over_3m":0.183,"viirs_mean":76.5,"gdl_hdi":0.96,"gdl_region":"Minnesota","ghsl_smod":30,"lst_anomaly_c":null,"lst_anomaly_c_climrel":null,"worldpop_pop_total":5573.0,"frac_under5":2.0,"frac_elderly_65plus":0.6,"frac_elderly_75plus":0.2,"old_age_dependency_ratio":0.006,"has_data":true},"geometry":{"type":"Polygon","coordinates":[[[-93.237732,44.982567],[-93.236932,44.983545],[-93.234649,44.986482],[-93.230851,44.984378],[-93.232819,44.981895],[-93.2351,44.978943],[-93.2393,44.980596],[-93.237732,44.982567]]]}},{"type":"Feature","properties":{"unit_id":"27053021602","name":"Census Tract 216.02 \u2014 Hennepin","native_id":"27053021602","source":"census_tract_2025","adm3_name":"Hennepin County","adm3_id":"27053","area_sqm":6296127,"split":false,"population":9085.0,"days_covered":24,"daytime_peak_f":87.3,"heat_anomaly_f":6.2,"extreme_pct":17.0,"nighttime_stress_f":-2.9,"daytime_peak_f_climrel":0.3752,"heat_anomaly_f_climrel":0.3752,"nighttime_stress_f_climrel":-0.1776,"extreme_pct_climrel":0.425,"ref_daytime_hi_mean":81.1,"ref_daytime_hi_p95":93.7,"rwi_mean":null,"health_per_10k":2.201430930104568,"built_frac":0.329,"tree_frac":0.466,"canopy_frac_over_3m":0.324,"viirs_mean":27.2,"gdl_hdi":0.96,"gdl_region":"Minnesota","ghsl_smod":30,"lst_anomaly_c":null,"lst_anomaly_c_climrel":null,"worldpop_pop_total":6304.0,"frac_under5":4.0,"frac_elderly_65plus":28.2,"frac_elderly_75plus":17.2,"old_age_dependency_ratio":0.469,"has_data":true},"geometry":{"type":"Polygon","coordinates":[[[-93.380357,44.996266],[-93.380356,44.996414],[-93.380294,45.001839],[-93.380287,45.00367],[-93.380295,45.007328],[-93.370285,45.007328],[-93.366577,45.007305],[-93.365181,45.007298],[-93.36013,45.007263],[-93.349183,45.00723],[-93.349233,44.999176],[-93.349343,44.990576],[-93.349275,44.987815],[-93.349253,44.984646],[-93.358717,44.984819],[-93.360224,44.984709],[-93.370239,44.983147],[-93.37717,44.983076],[-93.380333,44.983601],[-93.380409,44.992802],[-93.380357,44.996266]]]}},{"type":"Feature","properties":{"unit_id":"27123042002","name":"Census Tract 420.02 \u2014 Ramsey","native_id":"27123042002","source":"census_tract_2025","adm3_name":"Ramsey County","adm3_id":"27123","area_sqm":1085574,"split":false,"population":624.0,"days_covered":24,"daytime_peak_f":87.6,"heat_anomaly_f":6.1,"extreme_pct":17.0,"nighttime_stress_f":-2.8,"daytime_peak_f_climrel":0.362,"heat_anomaly_f_climrel":0.362,"nighttime_stress_f_climrel":-0.1712,"extreme_pct_climrel":0.425,"ref_daytime_hi_mean":81.5,"ref_daytime_hi_p95":94.1,"rwi_mean":null,"health_per_10k":0.0,"built_frac":0.378,"tree_frac":0.562,"canopy_frac_over_3m":0.358,"viirs_mean":38.9,"gdl_hdi":0.96,"gdl_region":"Minnesota","ghsl_smod":30,"lst_anomaly_c":null,"lst_anomaly_c_climrel":null,"worldpop_pop_total":2141.0,"frac_under5":3.8,"frac_elderly_65plus":14.9,"frac_elderly_75plus":5.8,"old_age_dependency_ratio":0.197,"has_data":true},"geometry":{"type":"Polygon","coordinates":[[[-93.207602,45.000643],[-93.199885,45.000692],[-93.199881,44.998921],[-93.197368,44.998919],[-93.197349,44.991659],[-93.197383,44.988074],[-93.202484,44.988074],[-93.207587,44.988071],[-93.207558,44.991684],[-93.207602,45.000643]]]}},{"type":"Feature","properties":{"unit_id":"27123031200","name":"Census Tract 312 \u2014 Ramsey","native_id":"27123031200","source":"census_tract_2025","adm3_name":"Ramsey County","adm3_id":"27123","area_sqm":1396962,"split":false,"population":3180.0,"days_covered":24,"daytime_peak_f":87.0,"heat_anomaly_f":6.5,"extreme_pct":17.0,"nighttime_stress_f":-2.0,"daytime_peak_f_climrel":0.3832,"heat_anomaly_f_climrel":0.3832,"nighttime_stress_f_climrel":-0.1206,"extreme_pct_climrel":0.425,"ref_daytime_hi_mean":80.6,"ref_daytime_hi_p95":92.9,"rwi_mean":null,"health_per_10k":0.0,"built_frac":0.227,"tree_frac":0.499,"canopy_frac_over_3m":0.33,"viirs_mean":31.3,"gdl_hdi":0.96,"gdl_region":"Minnesota","ghsl_smod":30,"lst_anomaly_c":null,"lst_anomaly_c_climrel":null,"worldpop_pop_total":3219.0,"frac_under5":5.5,"frac_elderly_65plus":11.4,"frac_elderly_75plus":3.1,"old_age_dependency_ratio":0.156,"has_data":true},"geometry":{"type":"Polygon","coordinates":[[[-93.146577,44.970455],[-93.146565,44.973549],[-93.144033,44.973541],[-93.138556,44.973722],[-93.134741,44.974293],[-93.129788,44.975089],[-93.126355,44.976064],[-93.126361,44.971017],[-93.126361,44.970168],[-93.126369,44.968364],[-93.126379,44.965743],[-93.139147,44.96647],[-93.141539,44.966653],[-93.146588,44.967349],[-93.146577,44.970455]]]}},{"type":"Feature","properties":{"unit_id":"27053012001","name":"Census Tract 120.01 \u2014 Hennepin","native_id":"27053012001","source":"census_tract_2025","adm3_name":"Hennepin County","adm3_id":"27053","area_sqm":2536347,"split":false,"population":2778.0,"days_covered":24,"daytime_peak_f":87.8,"heat_anomaly_f":6.2,"extreme_pct":17.0,"nighttime_stress_f":-3.2,"daytime_peak_f_climrel":0.3756,"heat_anomaly_f_climrel":0.3756,"nighttime_stress_f_climrel":-0.1982,"extreme_pct_climrel":0.425,"ref_daytime_hi_mean":81.6,"ref_daytime_hi_p95":94.1,"rwi_mean":null,"health_per_10k":0.0,"built_frac":0.378,"tree_frac":0.515,"canopy_frac_over_3m":0.389,"viirs_mean":21.9,"gdl_hdi":0.96,"gdl_region":"Minnesota","ghsl_smod":30,"lst_anomaly_c":null,"lst_anomaly_c_climrel":null,"worldpop_pop_total":7011.0,"frac_under5":7.1,"frac_elderly_65plus":13.6,"frac_elderly_75plus":4.7,"old_age_dependency_ratio":0.203,"has_data":true},"geometry":{"type":"Polygon","coordinates":[[[-93.318825,44.901619],[-93.308655,44.901535],[-93.303566,44.901512],[-93.288292,44.901443],[-93.289883,44.897837],[-93.290868,44.896026],[-93.295437,44.891368],[-93.295864,44.890483],[-93.295966,44.890171],[-93.297323,44.890305],[-93.30505,44.890596],[-93.308661,44.890605],[-93.318825,44.890752],[-93.318825,44.894398],[-93.318832,44.897999],[-93.318825,44.901619]]]}},{"type":"Feature","properties":{"unit_id":"27053021501","name":"Census Tract 215.01 \u2014 Hennepin","native_id":"27053021501","source":"census_tract_2025","adm3_name":"Hennepin County","adm3_id":"27053","area_sqm":1826550,"split":false,"population":3595.0,"days_covered":24,"daytime_peak_f":87.3,"heat_anomaly_f":6.2,"extreme_pct":17.0,"nighttime_stress_f":-3.0,"daytime_peak_f_climrel":0.3731,"heat_anomaly_f_climrel":0.3731,"nighttime_stress_f_climrel":-0.1862,"extreme_pct_climrel":0.425,"ref_daytime_hi_mean":81.1,"ref_daytime_hi_p95":93.9,"rwi_mean":null,"health_per_10k":0.0,"built_frac":0.241,"tree_frac":0.627,"canopy_frac_over_3m":0.398,"viirs_mean":21.0,"gdl_hdi":0.96,"gdl_region":"Minnesota","ghsl_smod":30,"lst_anomaly_c":null,"lst_anomaly_c_climrel":null,"worldpop_pop_total":5060.0,"frac_under5":4.9,"frac_elderly_65plus":23.7,"frac_elderly_75plus":14.7,"old_age_dependency_ratio":0.384,"has_data":true},"geometry":{"type":"Polygon","coordinates":[[[-93.400695,45.065736],[-93.390503,45.06559],[-93.385452,45.065643],[-93.380402,45.065723],[-93.375328,45.065697],[-93.370255,45.065666],[-93.370255,45.061091],[-93.372717,45.062005],[-93.380429,45.061975],[-93.380455,45.058272],[-93.378555,45.058296],[-93.378548,45.054691],[-93.380447,45.055071],[-93.383827,45.056396],[-93.384705,45.05658],[-93.387299,45.056973],[-93.390594,45.057735],[-93.393982,45.058163],[-93.399315,45.057785],[-93.400769,45.058022],[-93.400695,45.065736]]]}},{"type":"Feature","properties":{"unit_id":"27123035500","name":"Census Tract 355 \u2014 Ramsey","native_id":"27123035500","source":"census_tract_2025","adm3_name":"Ramsey County","adm3_id":"27123","area_sqm":441006,"split":false,"population":6889.0,"days_covered":24,"daytime_peak_f":87.2,"heat_anomaly_f":6.2,"extreme_pct":17.0,"nighttime_stress_f":-2.9,"daytime_peak_f_climrel":0.3669,"heat_anomaly_f_climrel":0.3669,"nighttime_stress_f_climrel":-0.1738,"extreme_pct_climrel":0.425,"ref_daytime_hi_mean":81.0,"ref_daytime_hi_p95":93.5,"rwi_mean":null,"health_per_10k":5.806357961968355,"built_frac":0.346,"tree_frac":0.647,"canopy_frac_over_3m":0.501,"viirs_mean":47.8,"gdl_hdi":0.96,"gdl_region":"Minnesota","ghsl_smod":30,"lst_anomaly_c":null,"lst_anomaly_c_climrel":null,"worldpop_pop_total":2428.0,"frac_under5":2.2,"frac_elderly_65plus":21.1,"frac_elderly_75plus":6.6,"old_age_dependency_ratio":0.293,"has_data":true},"geometry":{"type":"Polygon","coordinates":[[[-93.128823,44.946602],[-93.126281,44.946601],[-93.121194,44.946602],[-93.116107,44.946554],[-93.111941,44.946548],[-93.11178,44.945044],[-93.112602,44.944945],[-93.116075,44.943452],[-93.121155,44.943439],[-93.128784,44.94317],[-93.128823,44.946602]]]}},{"type":"Feature","properties":{"unit_id":"27053020600","name":"Census Tract 206 \u2014 Hennepin","native_id":"27053020600","source":"census_tract_2025","adm3_name":"Hennepin County","adm3_id":"27053","area_sqm":1562360,"split":false,"population":1068.0,"days_covered":24,"daytime_peak_f":87.3,"heat_anomaly_f":6.2,"extreme_pct":17.0,"nighttime_stress_f":-2.8,"daytime_peak_f_climrel":0.3737,"heat_anomaly_f_climrel":0.3737,"nighttime_stress_f_climrel":-0.1775,"extreme_pct_climrel":0.425,"ref_daytime_hi_mean":81.1,"ref_daytime_hi_p95":93.9,"rwi_mean":null,"health_per_10k":0.0,"built_frac":0.402,"tree_frac":0.379,"canopy_frac_over_3m":0.308,"viirs_mean":24.5,"gdl_hdi":0.96,"gdl_region":"Minnesota","ghsl_smod":30,"lst_anomaly_c":null,"lst_anomaly_c_climrel":null,"worldpop_pop_total":2686.0,"frac_under5":4.8,"frac_elderly_65plus":15.5,"frac_elderly_75plus":7.3,"old_age_dependency_ratio":0.235,"has_data":true},"geometry":{"type":"Polygon","coordinates":[[[-93.30154,45.063314],[-93.299904,45.065306],[-93.299115,45.067876],[-93.299861,45.06972],[-93.29702,45.069651],[-93.294037,45.069812],[-93.290557,45.070012],[-93.286136,45.069671],[-93.282094,45.069493],[-93.284068,45.064933],[-93.285226,45.058465],[-93.293777,45.058422],[-93.301483,45.05846],[-93.301361,45.062019],[-93.303349,45.062038],[-93.30154,45.063314]]]}},{"type":"Feature","properties":{"unit_id":"27123036500","name":"Census Tract 365 \u2014 Ramsey","native_id":"27123036500","source":"census_tract_2025","adm3_name":"Ramsey County","adm3_id":"27123","area_sqm":1296628,"split":false,"population":2513.0,"days_covered":24,"daytime_peak_f":87.7,"heat_anomaly_f":6.1,"extreme_pct":17.0,"nighttime_stress_f":-3.0,"daytime_peak_f_climrel":0.3591,"heat_anomaly_f_climrel":0.3591,"nighttime_stress_f_climrel":-0.1852,"extreme_pct_climrel":0.425,"ref_daytime_hi_mean":81.5,"ref_daytime_hi_p95":94.0,"rwi_mean":null,"health_per_10k":15.917230401910068,"built_frac":0.312,"tree_frac":0.641,"canopy_frac_over_3m":0.387,"viirs_mean":26.4,"gdl_hdi":0.96,"gdl_region":"Minnesota","ghsl_smod":30,"lst_anomaly_c":null,"lst_anomaly_c_climrel":null,"worldpop_pop_total":4224.0,"frac_under5":4.5,"frac_elderly_65plus":16.9,"frac_elderly_75plus":7.3,"old_age_dependency_ratio":0.244,"has_data":true},"geometry":{"type":"Polygon","coordinates":[[[-93.167026,44.934254],[-93.161929,44.934235],[-93.15684,44.934215],[-93.156838,44.926961],[-93.156834,44.922435],[-93.156834,44.921523],[-93.156832,44.919723],[-93.167024,44.919734],[-93.167025,44.923361],[-93.167025,44.926985],[-93.167026,44.934254]]]}},{"type":"Feature","properties":{"unit_id":"27053026907","name":"Census Tract 269.07 \u2014 Hennepin","native_id":"27053026907","source":"census_tract_2025","adm3_name":"Hennepin County","adm3_id":"27053","area_sqm":6973851,"split":false,"population":5709.0,"days_covered":24,"daytime_peak_f":87.5,"heat_anomaly_f":6.4,"extreme_pct":17.0,"nighttime_stress_f":-3.3,"daytime_peak_f_climrel":0.3766,"heat_anomaly_f_climrel":0.3766,"nighttime_stress_f_climrel":-0.2056,"extreme_pct_climrel":0.425,"ref_daytime_hi_mean":81.1,"ref_daytime_hi_p95":94.4,"rwi_mean":null,"health_per_10k":1.7516202487300754,"built_frac":0.178,"tree_frac":0.547,"canopy_frac_over_3m":0.383,"viirs_mean":12.3,"gdl_hdi":0.96,"gdl_region":"Minnesota","ghsl_smod":21,"lst_anomaly_c":null,"lst_anomaly_c_climrel":null,"worldpop_pop_total":5852.0,"frac_under5":4.2,"frac_elderly_65plus":17.6,"frac_elderly_75plus":7.6,"old_age_dependency_ratio":0.266,"has_data":true},"geometry":{"type":"Polygon","coordinates":[[[-93.422019,45.171692],[-93.416687,45.176975],[-93.41655,45.180828],[-93.401955,45.18058],[-93.392068,45.180644],[-93.391323,45.166529],[-93.391446,45.159285],[-93.391693,45.151972],[-93.401611,45.152035],[-93.402901,45.152052],[-93.40696,45.152103],[-93.417831,45.152241],[-93.42164,45.152243],[-93.421923,45.162907],[-93.422019,45.171692]]]}},{"type":"Feature","properties":{"unit_id":"27053000601","name":"Census Tract 6.01 \u2014 Hennepin","native_id":"27053000601","source":"census_tract_2025","adm3_name":"Hennepin County","adm3_id":"27053","area_sqm":3785112,"split":false,"population":4275.0,"days_covered":24,"daytime_peak_f":87.5,"heat_anomaly_f":6.4,"extreme_pct":17.0,"nighttime_stress_f":-2.8,"daytime_peak_f_climrel":0.3865,"heat_anomaly_f_climrel":0.3865,"nighttime_stress_f_climrel":-0.1712,"extreme_pct_climrel":0.425,"ref_daytime_hi_mean":81.2,"ref_daytime_hi_p95":93.7,"rwi_mean":null,"health_per_10k":0.0,"built_frac":0.367,"tree_frac":0.401,"canopy_frac_over_3m":0.305,"viirs_mean":35.2,"gdl_hdi":0.96,"gdl_region":"Minnesota","ghsl_smod":30,"lst_anomaly_c":null,"lst_anomaly_c_climrel":null,"worldpop_pop_total":5131.0,"frac_under5":5.8,"frac_elderly_65plus":12.0,"frac_elderly_75plus":3.9,"old_age_dependency_ratio":0.163,"has_data":true},"geometry":{"type":"Polygon","coordinates":[[[-93.264113,45.027603],[-93.262383,45.027603],[-93.262103,45.029444],[-93.259979,45.03051],[-93.259918,45.035544],[-93.249847,45.035549],[-93.247387,45.035553],[-93.242184,45.035579],[-93.237106,45.035606],[-93.237114,45.02766],[-93.237122,45.024055],[-93.237122,45.023972],[-93.237114,45.020443],[-93.247481,45.020385],[-93.247345,45.016769],[-93.260714,45.016818],[-93.263115,45.016815],[-93.26269,45.02101],[-93.264113,45.027603]]]}},{"type":"Feature","properties":{"unit_id":"27053109700","name":"Census Tract 1097 \u2014 Hennepin","native_id":"27053109700","source":"census_tract_2025","adm3_name":"Hennepin County","adm3_id":"27053","area_sqm":522127,"split":false,"population":3601.0,"days_covered":24,"daytime_peak_f":87.7,"heat_anomaly_f":6.1,"extreme_pct":17.0,"nighttime_stress_f":-3.0,"daytime_peak_f_climrel":0.3591,"heat_anomaly_f_climrel":0.3591,"nighttime_stress_f_climrel":-0.1852,"extreme_pct_climrel":0.425,"ref_daytime_hi_mean":81.5,"ref_daytime_hi_p95":94.0,"rwi_mean":null,"health_per_10k":0.0,"built_frac":0.457,"tree_frac":0.533,"canopy_frac_over_3m":0.392,"viirs_mean":28.1,"gdl_hdi":0.96,"gdl_region":"Minnesota","ghsl_smod":30,"lst_anomaly_c":null,"lst_anomaly_c_climrel":null,"worldpop_pop_total":2481.0,"frac_under5":5.4,"frac_elderly_65plus":9.3,"frac_elderly_75plus":2.7,"old_age_dependency_ratio":0.128,"has_data":true},"geometry":{"type":"Polygon","coordinates":[[[-93.254967,44.939548],[-93.25243,44.939548],[-93.249901,44.939548],[-93.247364,44.939548],[-93.247353,44.937733],[-93.242256,44.937733],[-93.242264,44.934116],[-93.247345,44.934116],[-93.254929,44.934139],[-93.25494,44.935938],[-93.254967,44.939548]]]}},{"type":"Feature","properties":{"unit_id":"27053109200","name":"Census Tract 1092 \u2014 Hennepin","native_id":"27053109200","source":"census_tract_2025","adm3_name":"Hennepin County","adm3_id":"27053","area_sqm":485943,"split":false,"population":1642.428240904128,"days_covered":24,"daytime_peak_f":87.8,"heat_anomaly_f":6.2,"extreme_pct":17.0,"nighttime_stress_f":-3.2,"daytime_peak_f_climrel":0.3756,"heat_anomaly_f_climrel":0.3756,"nighttime_stress_f_climrel":-0.1982,"extreme_pct_climrel":0.425,"ref_daytime_hi_mean":81.6,"ref_daytime_hi_p95":94.1,"rwi_mean":null,"health_per_10k":6.0885460630506305,"built_frac":0.579,"tree_frac":0.42,"canopy_frac_over_3m":0.429,"viirs_mean":28.4,"gdl_hdi":0.96,"gdl_region":"Minnesota","ghsl_smod":30,"lst_anomaly_c":null,"lst_anomaly_c_climrel":null,"worldpop_pop_total":3757.0,"frac_under5":2.3,"frac_elderly_65plus":15.6,"frac_elderly_75plus":8.8,"old_age_dependency_ratio":0.198,"has_data":true},"geometry":{"type":"Polygon","coordinates":[[[-93.298378,44.939514],[-93.298355,44.941326],[-93.295815,44.941328],[-93.290726,44.941332],[-93.28817,44.94133],[-93.288189,44.939522],[-93.288208,44.937717],[-93.288239,44.934074],[-93.293287,44.934078],[-93.293297,44.93771],[-93.298393,44.937706],[-93.298378,44.939514]]]}},{"type":"Feature","properties":{"unit_id":"27123031701","name":"Census Tract 317.01 \u2014 Ramsey","native_id":"27123031701","source":"census_tract_2025","adm3_name":"Ramsey County","adm3_id":"27123","area_sqm":868150,"split":false,"population":2557.0,"days_covered":24,"daytime_peak_f":87.0,"heat_anomaly_f":6.5,"extreme_pct":17.0,"nighttime_stress_f":-2.0,"daytime_peak_f_climrel":0.3832,"heat_anomaly_f_climrel":0.3832,"nighttime_stress_f_climrel":-0.1206,"extreme_pct_climrel":0.425,"ref_daytime_hi_mean":80.6,"ref_daytime_hi_p95":92.9,"rwi_mean":null,"health_per_10k":0.0,"built_frac":0.441,"tree_frac":0.474,"canopy_frac_over_3m":0.339,"viirs_mean":34.8,"gdl_hdi":0.96,"gdl_region":"Minnesota","ghsl_smod":30,"lst_anomaly_c":null,"lst_anomaly_c_climrel":null,"worldpop_pop_total":3302.0,"frac_under5":8.1,"frac_elderly_65plus":5.5,"frac_elderly_75plus":2.0,"old_age_dependency_ratio":0.08,"has_data":true},"geometry":{"type":"Polygon","coordinates":[[[-93.06095,44.963047],[-93.060924,44.965948],[-93.055843,44.966897],[-93.055842,44.966948],[-93.051615,44.968066],[-93.047022,44.971081],[-93.045928,44.972441],[-93.045447,44.973938],[-93.044889,44.974632],[-93.044404,44.973931],[-93.044003,44.971534],[-93.044999,44.968956],[-93.045104,44.966082],[-93.045939,44.963107],[-93.053329,44.963054],[-93.053303,44.961261],[-93.055847,44.961242],[-93.06093,44.961263],[-93.06095,44.963047]]]}},{"type":"Feature","properties":{"unit_id":"27053003802","name":"Census Tract 38.02 \u2014 Hennepin","native_id":"27053003802","source":"census_tract_2025","adm3_name":"Hennepin County","adm3_id":"27053","area_sqm":304569,"split":false,"population":2393.0,"days_covered":24,"daytime_peak_f":87.6,"heat_anomaly_f":6.1,"extreme_pct":17.0,"nighttime_stress_f":-2.8,"daytime_peak_f_climrel":0.362,"heat_anomaly_f_climrel":0.362,"nighttime_stress_f_climrel":-0.1712,"extreme_pct_climrel":0.425,"ref_daytime_hi_mean":81.5,"ref_daytime_hi_p95":94.1,"rwi_mean":null,"health_per_10k":0.0,"built_frac":0.691,"tree_frac":0.298,"canopy_frac_over_3m":0.299,"viirs_mean":65.8,"gdl_hdi":0.96,"gdl_region":"Minnesota","ghsl_smod":30,"lst_anomaly_c":null,"lst_anomaly_c_climrel":null,"worldpop_pop_total":4145.0,"frac_under5":3.1,"frac_elderly_65plus":0.5,"frac_elderly_75plus":0.2,"old_age_dependency_ratio":0.006,"has_data":true},"geometry":{"type":"Polygon","coordinates":[[[-93.245026,44.978882],[-93.243729,44.981681],[-93.242587,44.983201],[-93.239965,44.986088],[-93.237078,44.987817],[-93.236718,44.98762],[-93.234649,44.986482],[-93.236932,44.983545],[-93.237732,44.982567],[-93.2393,44.980596],[-93.24297,44.980741],[-93.244009,44.978864],[-93.245026,44.978882]]]}},{"type":"Feature","properties":{"unit_id":"27053026024","name":"Census Tract 260.24 \u2014 Hennepin","native_id":"27053026024","source":"census_tract_2025","adm3_name":"Hennepin County","adm3_id":"27053","area_sqm":3523499,"split":false,"population":1779.0,"days_covered":24,"daytime_peak_f":88.0,"heat_anomaly_f":6.3,"extreme_pct":8.0,"nighttime_stress_f":-3.0,"daytime_peak_f_climrel":0.3788,"heat_anomaly_f_climrel":0.3788,"nighttime_stress_f_climrel":-0.1821,"extreme_pct_climrel":0.2,"ref_daytime_hi_mean":81.7,"ref_daytime_hi_p95":94.4,"rwi_mean":null,"health_per_10k":5.621135469364812,"built_frac":0.109,"tree_frac":0.588,"canopy_frac_over_3m":0.367,"viirs_mean":10.0,"gdl_hdi":0.96,"gdl_region":"Minnesota","ghsl_smod":21,"lst_anomaly_c":null,"lst_anomaly_c_climrel":null,"worldpop_pop_total":3068.0,"frac_under5":4.6,"frac_elderly_65plus":21.6,"frac_elderly_75plus":7.0,"old_age_dependency_ratio":0.343,"has_data":true},"geometry":{"type":"Polygon","coordinates":[[[-93.429489,44.837181],[-93.426186,44.837937],[-93.4248,44.837862],[-93.42345,44.840235],[-93.420924,44.840921],[-93.418355,44.840431],[-93.415355,44.837224],[-93.408495,44.837034],[-93.408319,44.83683],[-93.406143,44.835991],[-93.39867,44.837065],[-93.398657,44.836963],[-93.398645,44.83687],[-93.39846,44.833253],[-93.39841,44.818921],[-93.405445,44.82049],[-93.408847,44.822737],[-93.416253,44.826469],[-93.418061,44.827037],[-93.422277,44.827436],[-93.427416,44.829573],[-93.429169,44.829812],[-93.429199,44.832378],[-93.430901,44.835682],[-93.429489,44.837181]]]}},{"type":"Feature","properties":{"unit_id":"27123041400","name":"Census Tract 414 \u2014 Ramsey","native_id":"27123041400","source":"census_tract_2025","adm3_name":"Ramsey County","adm3_id":"27123","area_sqm":3933600,"split":false,"population":6100.0,"days_covered":24,"daytime_peak_f":87.6,"heat_anomaly_f":6.1,"extreme_pct":17.0,"nighttime_stress_f":-2.8,"daytime_peak_f_climrel":0.362,"heat_anomaly_f_climrel":0.362,"nighttime_stress_f_climrel":-0.1712,"extreme_pct_climrel":0.425,"ref_daytime_hi_mean":81.5,"ref_daytime_hi_p95":94.1,"rwi_mean":null,"health_per_10k":0.0,"built_frac":0.294,"tree_frac":0.504,"canopy_frac_over_3m":0.315,"viirs_mean":31.3,"gdl_hdi":0.96,"gdl_region":"Minnesota","ghsl_smod":21,"lst_anomaly_c":null,"lst_anomaly_c_climrel":null,"worldpop_pop_total":6158.0,"frac_under5":5.8,"frac_elderly_65plus":20.7,"frac_elderly_75plus":10.5,"old_age_dependency_ratio":0.329,"has_data":true},"geometry":{"type":"Polygon","coordinates":[[[-93.167172,45.027916],[-93.167033,45.030756],[-93.16628,45.03253],[-93.165643,45.033464],[-93.163043,45.035727],[-93.157064,45.035742],[-93.147079,45.035757],[-93.148195,45.034043],[-93.149077,45.030181],[-93.146865,45.025839],[-93.146695,45.020321],[-93.146511,45.010466],[-93.156642,45.010427],[-93.166362,45.010361],[-93.166619,45.01036],[-93.167082,45.013511],[-93.167049,45.020676],[-93.167057,45.020987],[-93.167172,45.027916]]]}},{"type":"Feature","properties":{"unit_id":"27123041900","name":"Census Tract 419 \u2014 Ramsey","native_id":"27123041900","source":"census_tract_2025","adm3_name":"Ramsey County","adm3_id":"27123","area_sqm":2248658,"split":false,"population":1720.0,"days_covered":24,"daytime_peak_f":87.6,"heat_anomaly_f":6.1,"extreme_pct":17.0,"nighttime_stress_f":-2.8,"daytime_peak_f_climrel":0.362,"heat_anomaly_f_climrel":0.362,"nighttime_stress_f_climrel":-0.1712,"extreme_pct_climrel":0.425,"ref_daytime_hi_mean":81.5,"ref_daytime_hi_p95":94.1,"rwi_mean":null,"health_per_10k":17.441860465116278,"built_frac":0.197,"tree_frac":0.528,"canopy_frac_over_3m":0.289,"viirs_mean":20.3,"gdl_hdi":0.96,"gdl_region":"Minnesota","ghsl_smod":30,"lst_anomaly_c":null,"lst_anomaly_c_climrel":null,"worldpop_pop_total":3677.0,"frac_under5":5.8,"frac_elderly_65plus":20.0,"frac_elderly_75plus":7.7,"old_age_dependency_ratio":0.315,"has_data":true},"geometry":{"type":"Polygon","coordinates":[[[-93.187121,44.998924],[-93.176964,44.998947],[-93.166493,44.998974],[-93.164215,44.999002],[-93.156577,44.999093],[-93.156555,44.99184],[-93.156617,44.98823],[-93.166864,44.98815],[-93.166522,44.991766],[-93.187139,44.991694],[-93.187121,44.998924]]]}},{"type":"Feature","properties":{"unit_id":"27053026616","name":"Census Tract 266.16 \u2014 Hennepin","native_id":"27053026616","source":"census_tract_2025","adm3_name":"Hennepin County","adm3_id":"27053","area_sqm":10549204,"split":false,"population":9199.0,"days_covered":24,"daytime_peak_f":87.0,"heat_anomaly_f":6.2,"extreme_pct":17.0,"nighttime_stress_f":-3.2,"daytime_peak_f_climrel":0.3696,"heat_anomaly_f_climrel":0.3696,"nighttime_stress_f_climrel":-0.1996,"extreme_pct_climrel":0.425,"ref_daytime_hi_mean":80.8,"ref_daytime_hi_p95":93.8,"rwi_mean":null,"health_per_10k":0.0,"built_frac":0.179,"tree_frac":0.399,"canopy_frac_over_3m":0.204,"viirs_mean":9.6,"gdl_hdi":0.96,"gdl_region":"Minnesota","ghsl_smod":21,"lst_anomaly_c":null,"lst_anomaly_c_climrel":null,"worldpop_pop_total":14170.0,"frac_under5":8.6,"frac_elderly_65plus":6.9,"frac_elderly_75plus":2.3,"old_age_dependency_ratio":0.11,"has_data":true},"geometry":{"type":"Polygon","coordinates":[[[-93.522079,45.065559],[-93.517349,45.064895],[-93.517357,45.06561],[-93.502083,45.065577],[-93.481702,45.065753],[-93.481842,45.064313],[-93.481712,45.043766],[-93.481766,45.038364],[-93.48175,45.032204],[-93.484421,45.032089],[-93.490532,45.034267],[-93.49205,45.034344],[-93.502296,45.034592],[-93.507535,45.035736],[-93.510895,45.036499],[-93.515038,45.038311],[-93.516164,45.037963],[-93.520761,45.041366],[-93.522348,45.042373],[-93.522079,45.065559]]]}},{"type":"Feature","properties":{"unit_id":"27053100500","name":"Census Tract 1005 \u2014 Hennepin","native_id":"27053100500","source":"census_tract_2025","adm3_name":"Hennepin County","adm3_id":"27053","area_sqm":3028722,"split":false,"population":1835.0,"days_covered":24,"daytime_peak_f":87.5,"heat_anomaly_f":6.4,"extreme_pct":17.0,"nighttime_stress_f":-2.8,"daytime_peak_f_climrel":0.3865,"heat_anomaly_f_climrel":0.3865,"nighttime_stress_f_climrel":-0.1712,"extreme_pct_climrel":0.425,"ref_daytime_hi_mean":81.2,"ref_daytime_hi_p95":93.7,"rwi_mean":null,"health_per_10k":0.0,"built_frac":0.586,"tree_frac":0.162,"canopy_frac_over_3m":0.156,"viirs_mean":42.8,"gdl_hdi":0.96,"gdl_region":"Minnesota","ghsl_smod":30,"lst_anomaly_c":null,"lst_anomaly_c_climrel":null,"worldpop_pop_total":2129.0,"frac_under5":5.3,"frac_elderly_65plus":16.0,"frac_elderly_75plus":8.8,"old_age_dependency_ratio":0.223,"has_data":true},"geometry":{"type":"Polygon","coordinates":[[[-93.283426,45.035365],[-93.272152,45.035496],[-93.272029,45.035503],[-93.259918,45.035544],[-93.259979,45.03051],[-93.262103,45.029444],[-93.262383,45.027603],[-93.264113,45.027603],[-93.26269,45.02101],[-93.263115,45.016815],[-93.263084,45.013161],[-93.274889,45.013126],[-93.275073,45.01474],[-93.276603,45.017711],[-93.278146,45.023844],[-93.278629,45.024982],[-93.281468,45.029312],[-93.282192,45.030751],[-93.282696,45.032427],[-93.283215,45.033452],[-93.283426,45.035365]]]}},{"type":"Feature","properties":{"unit_id":"27123041105","name":"Census Tract 411.05 \u2014 Ramsey","native_id":"27123041105","source":"census_tract_2025","adm3_name":"Ramsey County","adm3_id":"27123","area_sqm":6308550,"split":false,"population":5321.0,"days_covered":24,"daytime_peak_f":87.1,"heat_anomaly_f":5.9,"extreme_pct":17.0,"nighttime_stress_f":-2.9,"daytime_peak_f_climrel":0.3472,"heat_anomaly_f_climrel":0.3472,"nighttime_stress_f_climrel":-0.1783,"extreme_pct_climrel":0.425,"ref_daytime_hi_mean":81.1,"ref_daytime_hi_p95":93.9,"rwi_mean":null,"health_per_10k":3.758691975192633,"built_frac":0.203,"tree_frac":0.501,"canopy_frac_over_3m":0.342,"viirs_mean":17.2,"gdl_hdi":0.96,"gdl_region":"Minnesota","ghsl_smod":30,"lst_anomaly_c":null,"lst_anomaly_c_climrel":null,"worldpop_pop_total":6569.0,"frac_under5":6.0,"frac_elderly_65plus":23.7,"frac_elderly_75plus":11.9,"old_age_dependency_ratio":0.404,"has_data":true},"geometry":{"type":"Polygon","coordinates":[[[-93.227734,45.093217],[-93.218943,45.09335],[-93.208726,45.093553],[-93.198539,45.093579],[-93.198419,45.086313],[-93.187382,45.086308],[-93.186303,45.083224],[-93.185451,45.079056],[-93.185147,45.074568],[-93.185928,45.067016],[-93.186241,45.067001],[-93.195285,45.066461],[-93.199208,45.065969],[-93.202176,45.0653],[-93.203628,45.065],[-93.20656,45.064632],[-93.218338,45.064386],[-93.218472,45.065298],[-93.218643,45.071639],[-93.218821,45.075374],[-93.218911,45.082499],[-93.218913,45.086103],[-93.218925,45.088424],[-93.222385,45.088361],[-93.223535,45.090083],[-93.2277,45.090177],[-93.227734,45.093178],[-93.227734,45.093217]]]}},{"type":"Feature","properties":{"unit_id":"27053111400","name":"Census Tract 1114 \u2014 Hennepin","native_id":"27053111400","source":"census_tract_2025","adm3_name":"Hennepin County","adm3_id":"27053","area_sqm":1439830,"split":false,"population":1661.0,"days_covered":24,"daytime_peak_f":87.8,"heat_anomaly_f":6.2,"extreme_pct":17.0,"nighttime_stress_f":-3.2,"daytime_peak_f_climrel":0.3756,"heat_anomaly_f_climrel":0.3756,"nighttime_stress_f_climrel":-0.1982,"extreme_pct_climrel":0.425,"ref_daytime_hi_mean":81.6,"ref_daytime_hi_p95":94.1,"rwi_mean":null,"health_per_10k":12.040939193257074,"built_frac":0.223,"tree_frac":0.758,"canopy_frac_over_3m":0.581,"viirs_mean":23.7,"gdl_hdi":0.96,"gdl_region":"Minnesota","ghsl_smod":30,"lst_anomaly_c":null,"lst_anomaly_c_climrel":null,"worldpop_pop_total":4222.0,"frac_under5":7.4,"frac_elderly_65plus":16.1,"frac_elderly_75plus":5.4,"old_age_dependency_ratio":0.258,"has_data":true},"geometry":{"type":"Polygon","coordinates":[[[-93.303551,44.905117],[-93.29847,44.905106],[-93.298477,44.911043],[-93.29847,44.912334],[-93.297981,44.912331],[-93.297966,44.915108],[-93.298401,44.915955],[-93.288292,44.915939],[-93.288254,44.912308],[-93.28828,44.908288],[-93.288292,44.905083],[-93.288292,44.901443],[-93.303566,44.901512],[-93.303551,44.905117]]]}},{"type":"Feature","properties":{"unit_id":"27053110200","name":"Census Tract 1102 \u2014 Hennepin","native_id":"27053110200","source":"census_tract_2025","adm3_name":"Hennepin County","adm3_id":"27053","area_sqm":1185377,"split":false,"population":2585.0,"days_covered":24,"daytime_peak_f":87.7,"heat_anomaly_f":6.1,"extreme_pct":17.0,"nighttime_stress_f":-3.0,"daytime_peak_f_climrel":0.3591,"heat_anomaly_f_climrel":0.3591,"nighttime_stress_f_climrel":-0.1852,"extreme_pct_climrel":0.425,"ref_daytime_hi_mean":81.5,"ref_daytime_hi_p95":94.0,"rwi_mean":null,"health_per_10k":0.0,"built_frac":0.403,"tree_frac":0.566,"canopy_frac_over_3m":0.385,"viirs_mean":28.9,"gdl_hdi":0.96,"gdl_region":"Minnesota","ghsl_smod":30,"lst_anomaly_c":null,"lst_anomaly_c_climrel":null,"worldpop_pop_total":3942.0,"frac_under5":6.3,"frac_elderly_65plus":12.7,"frac_elderly_75plus":4.1,"old_age_dependency_ratio":0.178,"has_data":true},"geometry":{"type":"Polygon","coordinates":[[[-93.242264,44.934116],[-93.232109,44.93409],[-93.228508,44.934082],[-93.226054,44.930513],[-93.223604,44.926914],[-93.227036,44.92688],[-93.232124,44.926876],[-93.232112,44.925082],[-93.237198,44.925102],[-93.242249,44.925114],[-93.242256,44.930511],[-93.242264,44.934116]]]}},{"type":"Feature","properties":{"unit_id":"27053026609","name":"Census Tract 266.09 \u2014 Hennepin","native_id":"27053026609","source":"census_tract_2025","adm3_name":"Hennepin County","adm3_id":"27053","area_sqm":4014865,"split":false,"population":4870.0,"days_covered":24,"daytime_peak_f":87.0,"heat_anomaly_f":6.2,"extreme_pct":17.0,"nighttime_stress_f":-3.1,"daytime_peak_f_climrel":0.3719,"heat_anomaly_f_climrel":0.3719,"nighttime_stress_f_climrel":-0.1886,"extreme_pct_climrel":0.425,"ref_daytime_hi_mean":80.8,"ref_daytime_hi_p95":93.4,"rwi_mean":null,"health_per_10k":0.0,"built_frac":0.13,"tree_frac":0.652,"canopy_frac_over_3m":0.415,"viirs_mean":13.4,"gdl_hdi":0.96,"gdl_region":"Minnesota","ghsl_smod":21,"lst_anomaly_c":null,"lst_anomaly_c_climrel":null,"worldpop_pop_total":3124.0,"frac_under5":5.9,"frac_elderly_65plus":24.6,"frac_elderly_75plus":11.9,"old_age_dependency_ratio":0.421,"has_data":true},"geometry":{"type":"Polygon","coordinates":[[[-93.493037,44.979422],[-93.49128,44.986876],[-93.482498,44.989269],[-93.474927,44.989473],[-93.476608,44.992485],[-93.477592,44.99593],[-93.47113,44.997437],[-93.471543,45.000529],[-93.472001,45.000973],[-93.468788,45.000854],[-93.461548,45.001465],[-93.461563,44.996689],[-93.458003,44.996663],[-93.458832,44.991332],[-93.459572,44.987013],[-93.459708,44.9836],[-93.459972,44.97855],[-93.471581,44.978642],[-93.492134,44.978475],[-93.493037,44.979422]]]}},{"type":"Feature","properties":{"unit_id":"27123034701","name":"Census Tract 347.01 \u2014 Ramsey","native_id":"27123034701","source":"census_tract_2025","adm3_name":"Ramsey County","adm3_id":"27123","area_sqm":1718220,"split":false,"population":5221.0,"days_covered":24,"daytime_peak_f":86.8,"heat_anomaly_f":6.5,"extreme_pct":17.0,"nighttime_stress_f":-2.3,"daytime_peak_f_climrel":0.392,"heat_anomaly_f_climrel":0.392,"nighttime_stress_f_climrel":-0.1343,"extreme_pct_climrel":0.425,"ref_daytime_hi_mean":80.3,"ref_daytime_hi_p95":92.8,"rwi_mean":null,"health_per_10k":3.830683777054204,"built_frac":0.442,"tree_frac":0.481,"canopy_frac_over_3m":0.327,"viirs_mean":35.6,"gdl_hdi":0.96,"gdl_region":"Minnesota","ghsl_smod":30,"lst_anomaly_c":null,"lst_anomaly_c_climrel":null,"worldpop_pop_total":5515.0,"frac_under5":6.8,"frac_elderly_65plus":9.8,"frac_elderly_75plus":4.0,"old_age_dependency_ratio":0.14,"has_data":true},"geometry":{"type":"Polygon","coordinates":[[[-93.034677,44.952345],[-93.030648,44.95178],[-93.030352,44.95277],[-93.03035,44.956783],[-93.030415,44.963098],[-93.025319,44.963083],[-93.020253,44.963074],[-93.02021,44.956766],[-93.015152,44.956737],[-93.015127,44.951572],[-93.01511,44.948678],[-93.01511,44.948642],[-93.018951,44.94866],[-93.021102,44.949667],[-93.025222,44.949685],[-93.025216,44.948725],[-93.034635,44.948777],[-93.034677,44.952345]]]}},{"type":"Feature","properties":{"unit_id":"27053026005","name":"Census Tract 260.05 \u2014 Hennepin","native_id":"27053026005","source":"census_tract_2025","adm3_name":"Hennepin County","adm3_id":"27053","area_sqm":4598018,"split":false,"population":1971.0,"days_covered":24,"daytime_peak_f":87.4,"heat_anomaly_f":6.2,"extreme_pct":17.0,"nighttime_stress_f":-2.9,"daytime_peak_f_climrel":0.3694,"heat_anomaly_f_climrel":0.3694,"nighttime_stress_f_climrel":-0.1763,"extreme_pct_climrel":0.425,"ref_daytime_hi_mean":81.2,"ref_daytime_hi_p95":93.5,"rwi_mean":null,"health_per_10k":5.073566717402334,"built_frac":0.082,"tree_frac":0.789,"canopy_frac_over_3m":0.521,"viirs_mean":10.8,"gdl_hdi":0.96,"gdl_region":"Minnesota","ghsl_smod":21,"lst_anomaly_c":null,"lst_anomaly_c_climrel":null,"worldpop_pop_total":4189.0,"frac_under5":5.7,"frac_elderly_65plus":18.2,"frac_elderly_75plus":6.5,"old_age_dependency_ratio":0.289,"has_data":true},"geometry":{"type":"Polygon","coordinates":[[[-93.485695,44.875099],[-93.485016,44.879776],[-93.483841,44.88163],[-93.48233,44.882748],[-93.478247,44.884343],[-93.474945,44.886135],[-93.474367,44.887302],[-93.474263,44.887554],[-93.473541,44.88887],[-93.470348,44.891674],[-93.469294,44.891682],[-93.461563,44.891334],[-93.454857,44.891792],[-93.459359,44.885585],[-93.45985,44.884908],[-93.462845,44.880104],[-93.466064,44.870979],[-93.466976,44.869311],[-93.470032,44.865814],[-93.473614,44.863051],[-93.474547,44.861784],[-93.47683,44.861527],[-93.480095,44.861649],[-93.482177,44.86175],[-93.485397,44.862361],[-93.485558,44.869022],[-93.485695,44.875099]]]}},{"type":"Feature","properties":{"unit_id":"27053102800","name":"Census Tract 1028 \u2014 Hennepin","native_id":"27053102800","source":"census_tract_2025","adm3_name":"Hennepin County","adm3_id":"27053","area_sqm":861531,"split":false,"population":1513.0,"days_covered":24,"daytime_peak_f":87.5,"heat_anomaly_f":6.4,"extreme_pct":17.0,"nighttime_stress_f":-2.8,"daytime_peak_f_climrel":0.3865,"heat_anomaly_f_climrel":0.3865,"nighttime_stress_f_climrel":-0.1712,"extreme_pct_climrel":0.425,"ref_daytime_hi_mean":81.2,"ref_daytime_hi_p95":93.7,"rwi_mean":null,"health_per_10k":0.0,"built_frac":0.371,"tree_frac":0.527,"canopy_frac_over_3m":0.402,"viirs_mean":40.0,"gdl_hdi":0.96,"gdl_region":"Minnesota","ghsl_smod":30,"lst_anomaly_c":null,"lst_anomaly_c_climrel":null,"worldpop_pop_total":3223.0,"frac_under5":8.2,"frac_elderly_65plus":8.2,"frac_elderly_75plus":2.7,"old_age_dependency_ratio":0.127,"has_data":true},"geometry":{"type":"Polygon","coordinates":[[[-93.308212,44.996323],[-93.308197,44.998764],[-93.308205,45.003864],[-93.30584,45.002197],[-93.30497,45.000439],[-93.302849,44.999615],[-93.298955,44.999491],[-93.298958,44.999477],[-93.297165,44.999146],[-93.297194,44.991983],[-93.29834,44.991543],[-93.301926,44.991501],[-93.303207,44.991501],[-93.30822,44.991505],[-93.308212,44.996323]]]}},{"type":"Feature","properties":{"unit_id":"27053026615","name":"Census Tract 266.15 \u2014 Hennepin","native_id":"27053026615","source":"census_tract_2025","adm3_name":"Hennepin County","adm3_id":"27053","area_sqm":5690949,"split":false,"population":5896.0,"days_covered":24,"daytime_peak_f":87.0,"heat_anomaly_f":6.2,"extreme_pct":17.0,"nighttime_stress_f":-3.2,"daytime_peak_f_climrel":0.3696,"heat_anomaly_f_climrel":0.3696,"nighttime_stress_f_climrel":-0.1996,"extreme_pct_climrel":0.425,"ref_daytime_hi_mean":80.8,"ref_daytime_hi_p95":93.8,"rwi_mean":null,"health_per_10k":0.0,"built_frac":0.249,"tree_frac":0.44,"canopy_frac_over_3m":0.211,"viirs_mean":10.7,"gdl_hdi":0.96,"gdl_region":"Minnesota","ghsl_smod":21,"lst_anomaly_c":null,"lst_anomaly_c_climrel":null,"worldpop_pop_total":9882.0,"frac_under5":6.7,"frac_elderly_65plus":11.2,"frac_elderly_75plus":5.8,"old_age_dependency_ratio":0.168,"has_data":true},"geometry":{"type":"Polygon","coordinates":[[[-93.481842,45.064313],[-93.481702,45.065753],[-93.466525,45.065745],[-93.461494,45.065741],[-93.448079,45.065677],[-93.450113,45.060373],[-93.451492,45.056194],[-93.45225,45.046836],[-93.452492,45.043713],[-93.461539,45.043705],[-93.461624,45.043703],[-93.469658,45.043171],[-93.474365,45.043694],[-93.481712,45.043766],[-93.481842,45.064313]]]}},{"type":"Feature","properties":{"unit_id":"27123036700","name":"Census Tract 367 \u2014 Ramsey","native_id":"27123036700","source":"census_tract_2025","adm3_name":"Ramsey County","adm3_id":"27123","area_sqm":3003843,"split":false,"population":5064.0,"days_covered":24,"daytime_peak_f":87.2,"heat_anomaly_f":6.2,"extreme_pct":17.0,"nighttime_stress_f":-2.9,"daytime_peak_f_climrel":0.3669,"heat_anomaly_f_climrel":0.3669,"nighttime_stress_f_climrel":-0.1738,"extreme_pct_climrel":0.425,"ref_daytime_hi_mean":81.0,"ref_daytime_hi_p95":93.5,"rwi_mean":null,"health_per_10k":7.898894154818326,"built_frac":0.314,"tree_frac":0.572,"canopy_frac_over_3m":0.395,"viirs_mean":24.0,"gdl_hdi":0.96,"gdl_region":"Minnesota","ghsl_smod":30,"lst_anomaly_c":null,"lst_anomaly_c_climrel":null,"worldpop_pop_total":5818.0,"frac_under5":3.8,"frac_elderly_65plus":19.2,"frac_elderly_75plus":9.6,"old_age_dependency_ratio":0.271,"has_data":true},"geometry":{"type":"Polygon","coordinates":[[[-93.155658,44.908692],[-93.152818,44.910014],[-93.149263,44.912862],[-93.147694,44.918003],[-93.146646,44.919669],[-93.146603,44.926937],[-93.144941,44.92693],[-93.144734,44.926929],[-93.14355,44.929022],[-93.141287,44.930602],[-93.141663,44.93059],[-93.144931,44.930573],[-93.150173,44.934188],[-93.146574,44.934173],[-93.13773,44.934138],[-93.137776,44.932283],[-93.136399,44.931396],[-93.136413,44.926891],[-93.136421,44.92415],[-93.136427,44.922366],[-93.135545,44.921733],[-93.135135,44.919658],[-93.131441,44.91965],[-93.130639,44.919798],[-93.129475,44.920564],[-93.128499,44.919689],[-93.128629,44.919648],[-93.131941,44.916025],[-93.133671,44.910265],[-93.136493,44.906102],[-93.139085,44.904227],[-93.142625,44.908092],[-93.143984,44.910857],[-93.153675,44.90514],[-93.15429,44.905788],[-93.155658,44.908692]]]}},{"type":"Feature","properties":{"unit_id":"27053021900","name":"Census Tract 219 \u2014 Hennepin","native_id":"27053021900","source":"census_tract_2025","adm3_name":"Hennepin County","adm3_id":"27053","area_sqm":6243494,"split":false,"population":6199.0,"days_covered":24,"daytime_peak_f":87.3,"heat_anomaly_f":6.2,"extreme_pct":17.0,"nighttime_stress_f":-2.9,"daytime_peak_f_climrel":0.3752,"heat_anomaly_f_climrel":0.3752,"nighttime_stress_f_climrel":-0.1776,"extreme_pct_climrel":0.425,"ref_daytime_hi_mean":81.1,"ref_daytime_hi_p95":93.7,"rwi_mean":null,"health_per_10k":1.613163413453783,"built_frac":0.331,"tree_frac":0.437,"canopy_frac_over_3m":0.305,"viirs_mean":35.9,"gdl_hdi":0.96,"gdl_region":"Minnesota","ghsl_smod":30,"lst_anomaly_c":null,"lst_anomaly_c_climrel":null,"worldpop_pop_total":5298.0,"frac_under5":4.3,"frac_elderly_65plus":20.0,"frac_elderly_75plus":9.8,"old_age_dependency_ratio":0.299,"has_data":true},"geometry":{"type":"Polygon","coordinates":[[[-93.400579,44.983041],[-93.389374,44.984631],[-93.387009,44.984749],[-93.380333,44.983601],[-93.37717,44.983076],[-93.370239,44.983147],[-93.360224,44.984709],[-93.358717,44.984819],[-93.349253,44.984646],[-93.348774,44.981843],[-93.348149,44.980508],[-93.347405,44.979526],[-93.344387,44.977316],[-93.341691,44.974534],[-93.340954,44.972551],[-93.341113,44.970086],[-93.342987,44.966622],[-93.344036,44.97047],[-93.349481,44.970361],[-93.356056,44.971054],[-93.370608,44.971243],[-93.380067,44.971079],[-93.381929,44.971001],[-93.385793,44.971067],[-93.390316,44.971147],[-93.396478,44.971254],[-93.400573,44.971325],[-93.400493,44.973282],[-93.400483,44.973519],[-93.400419,44.978502],[-93.400579,44.983041]]]}},{"type":"Feature","properties":{"unit_id":"27123041103","name":"Census Tract 411.03 \u2014 Ramsey","native_id":"27123041103","source":"census_tract_2025","adm3_name":"Ramsey County","adm3_id":"27123","area_sqm":1428073,"split":false,"population":3175.0,"days_covered":24,"daytime_peak_f":87.6,"heat_anomaly_f":6.1,"extreme_pct":17.0,"nighttime_stress_f":-2.8,"daytime_peak_f_climrel":0.362,"heat_anomaly_f_climrel":0.362,"nighttime_stress_f_climrel":-0.1712,"extreme_pct_climrel":0.425,"ref_daytime_hi_mean":81.5,"ref_daytime_hi_p95":94.1,"rwi_mean":null,"health_per_10k":12.598425196850393,"built_frac":0.369,"tree_frac":0.379,"canopy_frac_over_3m":0.277,"viirs_mean":32.7,"gdl_hdi":0.96,"gdl_region":"Minnesota","ghsl_smod":30,"lst_anomaly_c":null,"lst_anomaly_c_climrel":null,"worldpop_pop_total":4090.0,"frac_under5":5.3,"frac_elderly_65plus":23.2,"frac_elderly_75plus":13.3,"old_age_dependency_ratio":0.367,"has_data":true},"geometry":{"type":"Polygon","coordinates":[[[-93.227059,45.049937],[-93.21834,45.050044],[-93.218326,45.042874],[-93.208122,45.042954],[-93.208092,45.035744],[-93.21823,45.035698],[-93.219498,45.035698],[-93.226929,45.035671],[-93.226966,45.04025],[-93.227059,45.049937]]]}},{"type":"Feature","properties":{"unit_id":"27053026605","name":"Census Tract 266.05 \u2014 Hennepin","native_id":"27053026605","source":"census_tract_2025","adm3_name":"Hennepin County","adm3_id":"27053","area_sqm":4248395,"split":false,"population":3608.0,"days_covered":24,"daytime_peak_f":87.0,"heat_anomaly_f":6.2,"extreme_pct":17.0,"nighttime_stress_f":-3.1,"daytime_peak_f_climrel":0.3719,"heat_anomaly_f_climrel":0.3719,"nighttime_stress_f_climrel":-0.1886,"extreme_pct_climrel":0.425,"ref_daytime_hi_mean":80.8,"ref_daytime_hi_p95":93.4,"rwi_mean":null,"health_per_10k":0.0,"built_frac":0.266,"tree_frac":0.463,"canopy_frac_over_3m":0.268,"viirs_mean":21.6,"gdl_hdi":0.96,"gdl_region":"Minnesota","ghsl_smod":21,"lst_anomaly_c":null,"lst_anomaly_c_climrel":null,"worldpop_pop_total":4710.0,"frac_under5":5.6,"frac_elderly_65plus":19.1,"frac_elderly_75plus":10.0,"old_age_dependency_ratio":0.307,"has_data":true},"geometry":{"type":"Polygon","coordinates":[[[-93.522376,45.041377],[-93.520761,45.041366],[-93.516164,45.037963],[-93.492981,45.022038],[-93.493759,45.021465],[-93.495811,45.019062],[-93.497284,45.017792],[-93.50222,45.014832],[-93.503326,45.014572],[-93.507226,45.014484],[-93.522377,45.014336],[-93.522353,45.025295],[-93.522217,45.027527],[-93.522652,45.036263],[-93.522376,45.041377]]]}},{"type":"Feature","properties":{"unit_id":"27053022902","name":"Census Tract 229.02 \u2014 Hennepin","native_id":"27053022902","source":"census_tract_2025","adm3_name":"Hennepin County","adm3_id":"27053","area_sqm":834815,"split":false,"population":601.0,"days_covered":24,"daytime_peak_f":87.8,"heat_anomaly_f":6.2,"extreme_pct":17.0,"nighttime_stress_f":-3.2,"daytime_peak_f_climrel":0.3756,"heat_anomaly_f_climrel":0.3756,"nighttime_stress_f_climrel":-0.1982,"extreme_pct_climrel":0.425,"ref_daytime_hi_mean":81.6,"ref_daytime_hi_p95":94.1,"rwi_mean":null,"health_per_10k":0.0,"built_frac":0.195,"tree_frac":0.771,"canopy_frac_over_3m":0.554,"viirs_mean":17.9,"gdl_hdi":0.96,"gdl_region":"Minnesota","ghsl_smod":30,"lst_anomaly_c":null,"lst_anomaly_c_climrel":null,"worldpop_pop_total":1956.0,"frac_under5":6.6,"frac_elderly_65plus":16.2,"frac_elderly_75plus":5.3,"old_age_dependency_ratio":0.247,"has_data":true},"geometry":{"type":"Polygon","coordinates":[[[-93.349882,44.930374],[-93.348343,44.93087],[-93.34523,44.927586],[-93.339249,44.929436],[-93.339217,44.927842],[-93.33921,44.926979],[-93.339183,44.923446],[-93.339371,44.923447],[-93.340273,44.92345],[-93.340028,44.922902],[-93.339256,44.921176],[-93.339045,44.920702],[-93.339138,44.92069],[-93.33898,44.920298],[-93.339455,44.920188],[-93.339295,44.919697],[-93.344597,44.919717],[-93.347769,44.919729],[-93.349503,44.919736],[-93.349673,44.919735],[-93.349617,44.920288],[-93.349597,44.92049],[-93.349536,44.925948],[-93.350086,44.930313],[-93.349882,44.930374]]]}},{"type":"Feature","properties":{"unit_id":"27053024005","name":"Census Tract 240.05 \u2014 Hennepin","native_id":"27053024005","source":"census_tract_2025","adm3_name":"Hennepin County","adm3_id":"27053","area_sqm":1152233,"split":false,"population":3774.0,"days_covered":24,"daytime_peak_f":87.8,"heat_anomaly_f":6.2,"extreme_pct":17.0,"nighttime_stress_f":-3.2,"daytime_peak_f_climrel":0.3756,"heat_anomaly_f_climrel":0.3756,"nighttime_stress_f_climrel":-0.1982,"extreme_pct_climrel":0.425,"ref_daytime_hi_mean":81.6,"ref_daytime_hi_p95":94.1,"rwi_mean":null,"health_per_10k":15.898251192368841,"built_frac":0.857,"tree_frac":0.082,"canopy_frac_over_3m":0.116,"viirs_mean":71.2,"gdl_hdi":0.96,"gdl_region":"Minnesota","ghsl_smod":30,"lst_anomaly_c":null,"lst_anomaly_c_climrel":null,"worldpop_pop_total":3432.0,"frac_under5":2.7,"frac_elderly_65plus":26.6,"frac_elderly_75plus":14.5,"old_age_dependency_ratio":0.394,"has_data":true},"geometry":{"type":"Polygon","coordinates":[[[-93.329099,44.879861],[-93.329089,44.883529],[-93.329056,44.885707],[-93.329086,44.886924],[-93.327623,44.887227],[-93.324373,44.889011],[-93.321647,44.890455],[-93.318825,44.890752],[-93.318817,44.889519],[-93.318843,44.888844],[-93.318787,44.883507],[-93.318779,44.881763],[-93.318771,44.879959],[-93.318756,44.876354],[-93.321092,44.87635],[-93.32909,44.876339],[-93.32912,44.878061],[-93.329099,44.879861]]]}},{"type":"Feature","properties":{"unit_id":"27053026404","name":"Census Tract 264.04 \u2014 Hennepin","native_id":"27053026404","source":"census_tract_2025","adm3_name":"Hennepin County","adm3_id":"27053","area_sqm":9156677,"split":false,"population":8600.0,"days_covered":24,"daytime_peak_f":87.3,"heat_anomaly_f":6.2,"extreme_pct":17.0,"nighttime_stress_f":-2.9,"daytime_peak_f_climrel":0.3752,"heat_anomaly_f_climrel":0.3752,"nighttime_stress_f_climrel":-0.1776,"extreme_pct_climrel":0.425,"ref_daytime_hi_mean":81.1,"ref_daytime_hi_p95":93.7,"rwi_mean":null,"health_per_10k":1.1627906976744187,"built_frac":0.151,"tree_frac":0.722,"canopy_frac_over_3m":0.492,"viirs_mean":17.6,"gdl_hdi":0.96,"gdl_region":"Minnesota","ghsl_smod":21,"lst_anomaly_c":null,"lst_anomaly_c_climrel":null,"worldpop_pop_total":5827.0,"frac_under5":4.0,"frac_elderly_65plus":27.9,"frac_elderly_75plus":11.6,"old_age_dependency_ratio":0.475,"has_data":true},"geometry":{"type":"Polygon","coordinates":[[[-93.460288,44.971015],[-93.451302,44.970884],[-93.444832,44.970839],[-93.432934,44.970878],[-93.430911,44.970854],[-93.420592,44.970897],[-93.420639,44.960541],[-93.420923,44.952278],[-93.421023,44.948883],[-93.425449,44.947486],[-93.424841,44.944621],[-93.430954,44.943325],[-93.435768,44.94305],[-93.441872,44.942001],[-93.446159,44.941105],[-93.450012,44.940392],[-93.456285,44.940796],[-93.456246,44.941071],[-93.456169,44.943783],[-93.45843,44.949323],[-93.45866,44.949886],[-93.45923,44.951928],[-93.460288,44.971015]]]}},{"type":"Feature","properties":{"unit_id":"27053010700","name":"Census Tract 107 \u2014 Hennepin","native_id":"27053010700","source":"census_tract_2025","adm3_name":"Hennepin County","adm3_id":"27053","area_sqm":874057,"split":false,"population":605.0,"days_covered":24,"daytime_peak_f":87.8,"heat_anomaly_f":6.2,"extreme_pct":17.0,"nighttime_stress_f":-3.2,"daytime_peak_f_climrel":0.3756,"heat_anomaly_f_climrel":0.3756,"nighttime_stress_f_climrel":-0.1982,"extreme_pct_climrel":0.425,"ref_daytime_hi_mean":81.6,"ref_daytime_hi_p95":94.1,"rwi_mean":null,"health_per_10k":16.52892561983471,"built_frac":0.225,"tree_frac":0.769,"canopy_frac_over_3m":0.585,"viirs_mean":19.0,"gdl_hdi":0.96,"gdl_region":"Minnesota","ghsl_smod":30,"lst_anomaly_c":null,"lst_anomaly_c_climrel":null,"worldpop_pop_total":2612.0,"frac_under5":4.6,"frac_elderly_65plus":13.9,"frac_elderly_75plus":4.0,"old_age_dependency_ratio":0.199,"has_data":true},"geometry":{"type":"Polygon","coordinates":[[[-93.299591,44.917377],[-93.297982,44.919571],[-93.296326,44.923428],[-93.295578,44.926788],[-93.290817,44.926805],[-93.288284,44.926807],[-93.288315,44.919567],[-93.288292,44.915939],[-93.298401,44.915955],[-93.300049,44.917007],[-93.299591,44.917377]]]}},{"type":"Feature","properties":{"unit_id":"27053021800","name":"Census Tract 218 \u2014 Hennepin","native_id":"27053021800","source":"census_tract_2025","adm3_name":"Hennepin County","adm3_id":"27053","area_sqm":3853676,"split":false,"population":4776.0,"days_covered":24,"daytime_peak_f":87.5,"heat_anomaly_f":6.4,"extreme_pct":17.0,"nighttime_stress_f":-2.8,"daytime_peak_f_climrel":0.3865,"heat_anomaly_f_climrel":0.3865,"nighttime_stress_f_climrel":-0.1712,"extreme_pct_climrel":0.425,"ref_daytime_hi_mean":81.2,"ref_daytime_hi_p95":93.7,"rwi_mean":null,"health_per_10k":6.28140703517588,"built_frac":0.203,"tree_frac":0.602,"canopy_frac_over_3m":0.411,"viirs_mean":21.0,"gdl_hdi":0.96,"gdl_region":"Minnesota","ghsl_smod":30,"lst_anomaly_c":null,"lst_anomaly_c_climrel":null,"worldpop_pop_total":2464.0,"frac_under5":5.9,"frac_elderly_65plus":23.9,"frac_elderly_75plus":11.6,"old_age_dependency_ratio":0.395,"has_data":true},"geometry":{"type":"Polygon","coordinates":[[[-93.349275,44.987815],[-93.348743,44.987764],[-93.339147,44.98759],[-93.334412,44.987179],[-93.333954,44.987175],[-93.326515,44.989162],[-93.323227,44.989918],[-93.321419,44.989662],[-93.320091,44.989132],[-93.318468,44.986965],[-93.318468,44.984051],[-93.318504,44.980747],[-93.318524,44.97783],[-93.318372,44.977298],[-93.328654,44.977142],[-93.328691,44.97002],[-93.328692,44.966484],[-93.342987,44.966622],[-93.341113,44.970086],[-93.340954,44.972551],[-93.341691,44.974534],[-93.344387,44.977316],[-93.347405,44.979526],[-93.348149,44.980508],[-93.348774,44.981843],[-93.349253,44.984646],[-93.349275,44.987815]]]}},{"type":"Feature","properties":{"unit_id":"27053126201","name":"Census Tract 1262.01 \u2014 Hennepin","native_id":"27053126201","source":"census_tract_2025","adm3_name":"Hennepin County","adm3_id":"27053","area_sqm":1460890,"split":false,"population":7748.0,"days_covered":24,"daytime_peak_f":87.5,"heat_anomaly_f":6.4,"extreme_pct":17.0,"nighttime_stress_f":-2.8,"daytime_peak_f_climrel":0.3865,"heat_anomaly_f_climrel":0.3865,"nighttime_stress_f_climrel":-0.1712,"extreme_pct_climrel":0.425,"ref_daytime_hi_mean":81.2,"ref_daytime_hi_p95":93.7,"rwi_mean":null,"health_per_10k":0.0,"built_frac":0.897,"tree_frac":0.029,"canopy_frac_over_3m":0.025,"viirs_mean":110.2,"gdl_hdi":0.96,"gdl_region":"Minnesota","ghsl_smod":30,"lst_anomaly_c":null,"lst_anomaly_c_climrel":null,"worldpop_pop_total":4166.0,"frac_under5":3.3,"frac_elderly_65plus":2.6,"frac_elderly_75plus":0.6,"old_age_dependency_ratio":0.029,"has_data":true},"geometry":{"type":"Polygon","coordinates":[[[-93.28863,44.984242],[-93.287861,44.984458],[-93.288238,44.988869],[-93.28769,44.989815],[-93.287994,44.991947],[-93.283792,44.991961],[-93.281428,44.991982],[-93.280595,44.990287],[-93.276642,44.987442],[-93.273787,44.985416],[-93.272514,44.984516],[-93.275978,44.982044],[-93.276604,44.981598],[-93.278648,44.980755],[-93.280893,44.979104],[-93.281533,44.97893],[-93.281524,44.976877],[-93.281227,44.97621],[-93.282606,44.975399],[-93.288055,44.97493],[-93.288071,44.977359],[-93.288073,44.977656],[-93.288044,44.979493],[-93.288052,44.981436],[-93.28863,44.984242]]]}},{"type":"Feature","properties":{"unit_id":"27053023501","name":"Census Tract 235.01 \u2014 Hennepin","native_id":"27053023501","source":"census_tract_2025","adm3_name":"Hennepin County","adm3_id":"27053","area_sqm":2926055,"split":false,"population":1073.0,"days_covered":24,"daytime_peak_f":87.9,"heat_anomaly_f":6.3,"extreme_pct":17.0,"nighttime_stress_f":-3.0,"daytime_peak_f_climrel":0.3805,"heat_anomaly_f_climrel":0.3805,"nighttime_stress_f_climrel":-0.1883,"extreme_pct_climrel":0.425,"ref_daytime_hi_mean":81.6,"ref_daytime_hi_p95":94.1,"rwi_mean":null,"health_per_10k":0.0,"built_frac":0.114,"tree_frac":0.688,"canopy_frac_over_3m":0.445,"viirs_mean":18.6,"gdl_hdi":0.96,"gdl_region":"Minnesota","ghsl_smod":30,"lst_anomaly_c":null,"lst_anomaly_c_climrel":null,"worldpop_pop_total":4037.0,"frac_under5":4.7,"frac_elderly_65plus":23.6,"frac_elderly_75plus":12.8,"old_age_dependency_ratio":0.393,"has_data":true},"geometry":{"type":"Polygon","coordinates":[[[-93.401475,44.920502],[-93.385811,44.920395],[-93.37563,44.920357],[-93.370636,44.920503],[-93.360696,44.920527],[-93.360659,44.920527],[-93.356875,44.920515],[-93.355538,44.92051],[-93.349597,44.92049],[-93.349617,44.920288],[-93.349673,44.919735],[-93.350848,44.912414],[-93.351558,44.91248],[-93.353548,44.91225],[-93.354095,44.912125],[-93.355262,44.911252],[-93.357727,44.907041],[-93.360814,44.904524],[-93.360751,44.913319],[-93.369225,44.913422],[-93.375758,44.913499],[-93.378098,44.913654],[-93.380669,44.913559],[-93.38163,44.913559],[-93.383423,44.913956],[-93.385628,44.914799],[-93.385788,44.915718],[-93.387451,44.915775],[-93.387703,44.917053],[-93.401426,44.917],[-93.401475,44.920502]]]}},{"type":"Feature","properties":{"unit_id":"27053023902","name":"Census Tract 239.02 \u2014 Hennepin","native_id":"27053023902","source":"census_tract_2025","adm3_name":"Hennepin County","adm3_id":"27053","area_sqm":4332476,"split":false,"population":4279.0,"days_covered":24,"daytime_peak_f":87.9,"heat_anomaly_f":6.3,"extreme_pct":17.0,"nighttime_stress_f":-3.0,"daytime_peak_f_climrel":0.3805,"heat_anomaly_f_climrel":0.3805,"nighttime_stress_f_climrel":-0.1883,"extreme_pct_climrel":0.425,"ref_daytime_hi_mean":81.6,"ref_daytime_hi_p95":94.1,"rwi_mean":null,"health_per_10k":2.336994624912363,"built_frac":0.18,"tree_frac":0.562,"canopy_frac_over_3m":0.414,"viirs_mean":20.9,"gdl_hdi":0.96,"gdl_region":"Minnesota","ghsl_smod":21,"lst_anomaly_c":null,"lst_anomaly_c_climrel":null,"worldpop_pop_total":2171.0,"frac_under5":3.9,"frac_elderly_65plus":20.0,"frac_elderly_75plus":9.6,"old_age_dependency_ratio":0.327,"has_data":true},"geometry":{"type":"Polygon","coordinates":[[[-93.399289,44.890918],[-93.398638,44.890905],[-93.3952,44.890616],[-93.386953,44.88965],[-93.387482,44.887768],[-93.384203,44.885288],[-93.381889,44.881893],[-93.382219,44.879986],[-93.383347,44.877831],[-93.381897,44.874783],[-93.37973,44.874375],[-93.379204,44.874068],[-93.378256,44.872928],[-93.378891,44.871578],[-93.378845,44.870129],[-93.378296,44.869167],[-93.376999,44.867012],[-93.377785,44.865428],[-93.378235,44.864513],[-93.376816,44.863609],[-93.375549,44.863125],[-93.375145,44.861992],[-93.378,44.861966],[-93.386546,44.861991],[-93.386567,44.860101],[-93.391052,44.860023],[-93.398773,44.862037],[-93.398438,44.86911],[-93.398727,44.873363],[-93.398735,44.873421],[-93.398958,44.876421],[-93.399229,44.883578],[-93.399259,44.890454],[-93.39928,44.890763],[-93.399289,44.890918]]]}},{"type":"Feature","properties":{"unit_id":"27123036000","name":"Census Tract 360 \u2014 Ramsey","native_id":"27123036000","source":"census_tract_2025","adm3_name":"Ramsey County","adm3_id":"27123","area_sqm":1419557,"split":false,"population":2098.0,"days_covered":24,"daytime_peak_f":87.2,"heat_anomaly_f":6.2,"extreme_pct":17.0,"nighttime_stress_f":-2.9,"daytime_peak_f_climrel":0.3669,"heat_anomaly_f_climrel":0.3669,"nighttime_stress_f_climrel":-0.1738,"extreme_pct_climrel":0.425,"ref_daytime_hi_mean":81.0,"ref_daytime_hi_p95":93.5,"rwi_mean":null,"health_per_10k":0.0,"built_frac":0.391,"tree_frac":0.268,"canopy_frac_over_3m":0.172,"viirs_mean":53.3,"gdl_hdi":0.96,"gdl_region":"Minnesota","ghsl_smod":30,"lst_anomaly_c":null,"lst_anomaly_c_climrel":null,"worldpop_pop_total":3159.0,"frac_under5":3.9,"frac_elderly_65plus":15.9,"frac_elderly_75plus":4.8,"old_age_dependency_ratio":0.216,"has_data":true},"geometry":{"type":"Polygon","coordinates":[[[-93.117957,44.929012],[-93.117647,44.929106],[-93.11727,44.929393],[-93.115936,44.930296],[-93.115939,44.930593],[-93.115978,44.934136],[-93.115987,44.93505],[-93.109405,44.939517],[-93.103211,44.94406],[-93.102777,44.944586],[-93.100384,44.943588],[-93.094288,44.943735],[-93.092356,44.943386],[-93.091411,44.942334],[-93.092438,44.94172],[-93.093444,44.941849],[-93.099857,44.937606],[-93.104254,44.933076],[-93.111224,44.926051],[-93.117488,44.923872],[-93.118795,44.927721],[-93.117957,44.929012]]]}},{"type":"Feature","properties":{"unit_id":"27123040804","name":"Census Tract 408.04 \u2014 Ramsey","native_id":"27123040804","source":"census_tract_2025","adm3_name":"Ramsey County","adm3_id":"27123","area_sqm":3309781,"split":false,"population":3146.0,"days_covered":24,"daytime_peak_f":87.6,"heat_anomaly_f":6.1,"extreme_pct":17.0,"nighttime_stress_f":-2.8,"daytime_peak_f_climrel":0.362,"heat_anomaly_f_climrel":0.362,"nighttime_stress_f_climrel":-0.1712,"extreme_pct_climrel":0.425,"ref_daytime_hi_mean":81.5,"ref_daytime_hi_p95":94.1,"rwi_mean":null,"health_per_10k":9.535918626827717,"built_frac":0.246,"tree_frac":0.442,"canopy_frac_over_3m":0.32,"viirs_mean":22.3,"gdl_hdi":0.96,"gdl_region":"Minnesota","ghsl_smod":21,"lst_anomaly_c":null,"lst_anomaly_c_climrel":null,"worldpop_pop_total":1897.0,"frac_under5":4.5,"frac_elderly_65plus":35.0,"frac_elderly_75plus":22.9,"old_age_dependency_ratio":0.692,"has_data":true},"geometry":{"type":"Polygon","coordinates":[[[-93.177546,45.042618],[-93.176438,45.044032],[-93.176812,45.047126],[-93.175701,45.048277],[-93.171084,45.048025],[-93.16491,45.050187],[-93.156898,45.050202],[-93.156945,45.052837],[-93.157439,45.059174],[-93.158374,45.061602],[-93.156191,45.060994],[-93.147173,45.059533],[-93.147022,45.04439],[-93.14701,45.042991],[-93.146983,45.039388],[-93.147079,45.035757],[-93.157064,45.035742],[-93.163043,45.035727],[-93.177497,45.035737],[-93.177546,45.042618]]]}},{"type":"Feature","properties":{"unit_id":"27123040603","name":"Census Tract 406.03 \u2014 Ramsey","native_id":"27123040603","source":"census_tract_2025","adm3_name":"Ramsey County","adm3_id":"27123","area_sqm":5923470,"split":false,"population":3537.0,"days_covered":24,"daytime_peak_f":86.6,"heat_anomaly_f":6.1,"extreme_pct":17.0,"nighttime_stress_f":-2.5,"daytime_peak_f_climrel":0.3594,"heat_anomaly_f_climrel":0.3594,"nighttime_stress_f_climrel":-0.151,"extreme_pct_climrel":0.425,"ref_daytime_hi_mean":80.4,"ref_daytime_hi_p95":92.8,"rwi_mean":null,"health_per_10k":2.827254735651682,"built_frac":0.12,"tree_frac":0.654,"canopy_frac_over_3m":0.386,"viirs_mean":8.9,"gdl_hdi":0.96,"gdl_region":"Minnesota","ghsl_smod":21,"lst_anomaly_c":null,"lst_anomaly_c_climrel":null,"worldpop_pop_total":4847.0,"frac_under5":4.2,"frac_elderly_65plus":23.7,"frac_elderly_75plus":7.7,"old_age_dependency_ratio":0.386,"has_data":true},"geometry":{"type":"Polygon","coordinates":[[[-93.106532,45.079104],[-93.086768,45.079173],[-93.076556,45.079204],[-93.075619,45.079212],[-93.075309,45.079214],[-93.056126,45.079252],[-93.056144,45.072032],[-93.05626,45.064695],[-93.084255,45.064663],[-93.086732,45.064798],[-93.097027,45.064784],[-93.106366,45.06477],[-93.106532,45.079104]]]}},{"type":"Feature","properties":{"unit_id":"27123036400","name":"Census Tract 364 \u2014 Ramsey","native_id":"27123036400","source":"census_tract_2025","adm3_name":"Ramsey County","adm3_id":"27123","area_sqm":1296535,"split":false,"population":2983.0,"days_covered":24,"daytime_peak_f":87.7,"heat_anomaly_f":6.1,"extreme_pct":17.0,"nighttime_stress_f":-3.0,"daytime_peak_f_climrel":0.3591,"heat_anomaly_f_climrel":0.3591,"nighttime_stress_f_climrel":-0.1852,"extreme_pct_climrel":0.425,"ref_daytime_hi_mean":81.5,"ref_daytime_hi_p95":94.0,"rwi_mean":null,"health_per_10k":6.704659738518271,"built_frac":0.229,"tree_frac":0.705,"canopy_frac_over_3m":0.444,"viirs_mean":24.0,"gdl_hdi":0.96,"gdl_region":"Minnesota","ghsl_smod":30,"lst_anomaly_c":null,"lst_anomaly_c_climrel":null,"worldpop_pop_total":4223.0,"frac_under5":5.4,"frac_elderly_65plus":15.2,"frac_elderly_75plus":4.4,"old_age_dependency_ratio":0.22,"has_data":true},"geometry":{"type":"Polygon","coordinates":[[[-93.177208,44.934286],[-93.172113,44.934272],[-93.170291,44.934265],[-93.167026,44.934254],[-93.167025,44.926985],[-93.167025,44.923361],[-93.167024,44.919734],[-93.172112,44.919754],[-93.177199,44.919765],[-93.177202,44.927028],[-93.177207,44.929744],[-93.177209,44.932462],[-93.177208,44.934286]]]}},{"type":"Feature","properties":{"unit_id":"27053026516","name":"Census Tract 265.16 \u2014 Hennepin","native_id":"27053026516","source":"census_tract_2025","adm3_name":"Hennepin County","adm3_id":"27053","area_sqm":4097129,"split":false,"population":3534.0,"days_covered":24,"daytime_peak_f":87.3,"heat_anomaly_f":6.2,"extreme_pct":17.0,"nighttime_stress_f":-2.9,"daytime_peak_f_climrel":0.3752,"heat_anomaly_f_climrel":0.3752,"nighttime_stress_f_climrel":-0.1776,"extreme_pct_climrel":0.425,"ref_daytime_hi_mean":81.1,"ref_daytime_hi_p95":93.7,"rwi_mean":null,"health_per_10k":0.0,"built_frac":0.111,"tree_frac":0.351,"canopy_frac_over_3m":0.231,"viirs_mean":8.6,"gdl_hdi":0.96,"gdl_region":"Minnesota","ghsl_smod":21,"lst_anomaly_c":null,"lst_anomaly_c_climrel":null,"worldpop_pop_total":4116.0,"frac_under5":3.8,"frac_elderly_65plus":18.1,"frac_elderly_75plus":6.6,"old_age_dependency_ratio":0.261,"has_data":true},"geometry":{"type":"Polygon","coordinates":[[[-93.442314,45.021752],[-93.438374,45.021797],[-93.437955,45.020668],[-93.434902,45.015653],[-93.43416,45.015378],[-93.431501,45.017621],[-93.420699,45.017312],[-93.420715,45.018028],[-93.420746,45.021931],[-93.408234,45.021999],[-93.4007,45.022029],[-93.400639,45.016666],[-93.400813,45.007478],[-93.400873,45.002053],[-93.400855,45.000214],[-93.400796,44.99661],[-93.400704,44.99292],[-93.400675,44.991747],[-93.401579,44.991824],[-93.410706,44.993721],[-93.411407,44.993736],[-93.417007,44.993168],[-93.415754,44.993079],[-93.415752,44.992898],[-93.417338,44.992192],[-93.420325,44.992194],[-93.420818,44.993126],[-93.422928,44.993149],[-93.426414,44.993813],[-93.428787,45.000423],[-93.430588,45.003651],[-93.430824,45.006119],[-93.431953,45.00724],[-93.434692,45.010506],[-93.438904,45.014149],[-93.440811,45.016529],[-93.442307,45.017227],[-93.441856,45.018555],[-93.442314,45.021752]]]}},{"type":"Feature","properties":{"unit_id":"27053026104","name":"Census Tract 261.04 \u2014 Hennepin","native_id":"27053026104","source":"census_tract_2025","adm3_name":"Hennepin County","adm3_id":"27053","area_sqm":5236161,"split":false,"population":10218.0,"days_covered":24,"daytime_peak_f":87.9,"heat_anomaly_f":6.3,"extreme_pct":17.0,"nighttime_stress_f":-3.0,"daytime_peak_f_climrel":0.3805,"heat_anomaly_f_climrel":0.3805,"nighttime_stress_f_climrel":-0.1883,"extreme_pct_climrel":0.425,"ref_daytime_hi_mean":81.6,"ref_daytime_hi_p95":94.1,"rwi_mean":null,"health_per_10k":0.9786651008025053,"built_frac":0.382,"tree_frac":0.481,"canopy_frac_over_3m":0.363,"viirs_mean":28.2,"gdl_hdi":0.96,"gdl_region":"Minnesota","ghsl_smod":30,"lst_anomaly_c":null,"lst_anomaly_c_climrel":null,"worldpop_pop_total":5000.0,"frac_under5":3.6,"frac_elderly_65plus":23.4,"frac_elderly_75plus":9.4,"old_age_dependency_ratio":0.347,"has_data":true},"geometry":{"type":"Polygon","coordinates":[[[-93.445479,44.898816],[-93.433968,44.906269],[-93.428512,44.909152],[-93.422304,44.912455],[-93.421998,44.906342],[-93.420807,44.90633],[-93.41423,44.906227],[-93.401298,44.906134],[-93.4013,44.906064],[-93.401378,44.902511],[-93.401408,44.89891],[-93.401622,44.891642],[-93.412079,44.892265],[-93.42002,44.891951],[-93.422197,44.891823],[-93.443347,44.891754],[-93.444038,44.895164],[-93.445479,44.898816]]]}},{"type":"Feature","properties":{"unit_id":"27053022901","name":"Census Tract 229.01 \u2014 Hennepin","native_id":"27053022901","source":"census_tract_2025","adm3_name":"Hennepin County","adm3_id":"27053","area_sqm":2469763,"split":false,"population":6253.0,"days_covered":24,"daytime_peak_f":87.8,"heat_anomaly_f":6.2,"extreme_pct":17.0,"nighttime_stress_f":-3.2,"daytime_peak_f_climrel":0.3756,"heat_anomaly_f_climrel":0.3756,"nighttime_stress_f_climrel":-0.1982,"extreme_pct_climrel":0.425,"ref_daytime_hi_mean":81.6,"ref_daytime_hi_p95":94.1,"rwi_mean":null,"health_per_10k":28.78618263233648,"built_frac":0.482,"tree_frac":0.396,"canopy_frac_over_3m":0.289,"viirs_mean":45.2,"gdl_hdi":0.96,"gdl_region":"Minnesota","ghsl_smod":30,"lst_anomaly_c":null,"lst_anomaly_c_climrel":null,"worldpop_pop_total":6444.0,"frac_under5":3.2,"frac_elderly_65plus":19.2,"frac_elderly_75plus":10.7,"old_age_dependency_ratio":0.268,"has_data":true},"geometry":{"type":"Polygon","coordinates":[[[-93.350164,44.935328],[-93.349991,44.936271],[-93.348207,44.940792],[-93.348026,44.940852],[-93.340213,44.943487],[-93.334465,44.945366],[-93.328826,44.945808],[-93.329109,44.944378],[-93.329139,44.940591],[-93.329004,44.939824],[-93.329025,44.934063],[-93.329056,44.930587],[-93.336701,44.930588],[-93.339241,44.930599],[-93.339249,44.929436],[-93.34523,44.927586],[-93.348343,44.93087],[-93.349882,44.930374],[-93.350086,44.930313],[-93.350164,44.935328]]]}},{"type":"Feature","properties":{"unit_id":"27053100900","name":"Census Tract 1009 \u2014 Hennepin","native_id":"27053100900","source":"census_tract_2025","adm3_name":"Hennepin County","adm3_id":"27053","area_sqm":1805013,"split":false,"population":2624.0,"days_covered":24,"daytime_peak_f":87.5,"heat_anomaly_f":6.4,"extreme_pct":17.0,"nighttime_stress_f":-2.8,"daytime_peak_f_climrel":0.3865,"heat_anomaly_f_climrel":0.3865,"nighttime_stress_f_climrel":-0.1712,"extreme_pct_climrel":0.425,"ref_daytime_hi_mean":81.2,"ref_daytime_hi_p95":93.7,"rwi_mean":null,"health_per_10k":0.0,"built_frac":0.425,"tree_frac":0.449,"canopy_frac_over_3m":0.32,"viirs_mean":28.7,"gdl_hdi":0.96,"gdl_region":"Minnesota","ghsl_smod":30,"lst_anomaly_c":null,"lst_anomaly_c_climrel":null,"worldpop_pop_total":5457.0,"frac_under5":8.1,"frac_elderly_65plus":7.2,"frac_elderly_75plus":2.4,"old_age_dependency_ratio":0.106,"has_data":true},"geometry":{"type":"Polygon","coordinates":[[[-93.296852,45.018578],[-93.296844,45.023998],[-93.295601,45.023987],[-93.293091,45.023968],[-93.290573,45.023949],[-93.288055,45.02393],[-93.278146,45.023844],[-93.276603,45.017711],[-93.275073,45.01474],[-93.274889,45.013126],[-93.282388,45.013115],[-93.28801,45.013111],[-93.29306,45.013141],[-93.294312,45.013149],[-93.296844,45.013161],[-93.296852,45.018578]]]}},{"type":"Feature","properties":{"unit_id":"27123040707","name":"Census Tract 407.07 \u2014 Ramsey","native_id":"27123040707","source":"census_tract_2025","adm3_name":"Ramsey County","adm3_id":"27123","area_sqm":3997581,"split":false,"population":2521.0,"days_covered":24,"daytime_peak_f":86.6,"heat_anomaly_f":6.1,"extreme_pct":17.0,"nighttime_stress_f":-2.5,"daytime_peak_f_climrel":0.3594,"heat_anomaly_f_climrel":0.3594,"nighttime_stress_f_climrel":-0.151,"extreme_pct_climrel":0.425,"ref_daytime_hi_mean":80.4,"ref_daytime_hi_p95":92.8,"rwi_mean":null,"health_per_10k":0.0,"built_frac":0.113,"tree_frac":0.511,"canopy_frac_over_3m":0.334,"viirs_mean":8.3,"gdl_hdi":0.96,"gdl_region":"Minnesota","ghsl_smod":21,"lst_anomaly_c":null,"lst_anomaly_c_climrel":null,"worldpop_pop_total":4925.0,"frac_under5":4.3,"frac_elderly_65plus":28.6,"frac_elderly_75plus":13.3,"old_age_dependency_ratio":0.511,"has_data":true},"geometry":{"type":"Polygon","coordinates":[[[-93.147689,45.108074],[-93.144076,45.108095],[-93.127273,45.10819],[-93.127004,45.091764],[-93.123516,45.088471],[-93.1169,45.088352],[-93.116742,45.082788],[-93.118771,45.082806],[-93.117217,45.079475],[-93.132682,45.079497],[-93.135528,45.079305],[-93.136886,45.079249],[-93.147378,45.079386],[-93.147399,45.086382],[-93.147434,45.089565],[-93.147689,45.108074]]]}},{"type":"Feature","properties":{"unit_id":"27053126102","name":"Census Tract 1261.02 \u2014 Hennepin","native_id":"27053126102","source":"census_tract_2025","adm3_name":"Hennepin County","adm3_id":"27053","area_sqm":1637765,"split":false,"population":43177.0,"days_covered":24,"daytime_peak_f":87.5,"heat_anomaly_f":6.4,"extreme_pct":17.0,"nighttime_stress_f":-2.8,"daytime_peak_f_climrel":0.3865,"heat_anomaly_f_climrel":0.3865,"nighttime_stress_f_climrel":-0.1712,"extreme_pct_climrel":0.425,"ref_daytime_hi_mean":81.2,"ref_daytime_hi_p95":93.7,"rwi_mean":null,"health_per_10k":1.389628737522292,"built_frac":0.825,"tree_frac":0.079,"canopy_frac_over_3m":0.034,"viirs_mean":160.2,"gdl_hdi":0.96,"gdl_region":"Minnesota","ghsl_smod":30,"lst_anomaly_c":null,"lst_anomaly_c_climrel":null,"worldpop_pop_total":10415.0,"frac_under5":2.7,"frac_elderly_65plus":11.3,"frac_elderly_75plus":3.2,"old_age_dependency_ratio":0.135,"has_data":true},"geometry":{"type":"Polygon","coordinates":[[[-93.278648,44.980755],[-93.276604,44.981598],[-93.275978,44.982044],[-93.272514,44.984516],[-93.269073,44.982147],[-93.266853,44.981194],[-93.265465,44.980572],[-93.259972,44.978264],[-93.257124,44.981865],[-93.253725,44.980617],[-93.251424,44.979665],[-93.24787,44.978863],[-93.245408,44.978851],[-93.246402,44.976548],[-93.249702,44.973928],[-93.251348,44.972233],[-93.252544,44.970816],[-93.253044,44.969997],[-93.253365,44.970189],[-93.256406,44.971529],[-93.26049,44.973248],[-93.260063,44.973749],[-93.260057,44.973974],[-93.260102,44.974162],[-93.260345,44.97444],[-93.260493,44.974527],[-93.26106,44.974777],[-93.262429,44.97535],[-93.263789,44.975922],[-93.265412,44.974008],[-93.269514,44.975723],[-93.274818,44.977978],[-93.276706,44.978893],[-93.278648,44.980755]]]}},{"type":"Feature","properties":{"unit_id":"27053026507","name":"Census Tract 265.07 \u2014 Hennepin","native_id":"27053026507","source":"census_tract_2025","adm3_name":"Hennepin County","adm3_id":"27053","area_sqm":7103992,"split":false,"population":10935.0,"days_covered":24,"daytime_peak_f":87.3,"heat_anomaly_f":6.2,"extreme_pct":17.0,"nighttime_stress_f":-2.9,"daytime_peak_f_climrel":0.3752,"heat_anomaly_f_climrel":0.3752,"nighttime_stress_f_climrel":-0.1776,"extreme_pct_climrel":0.425,"ref_daytime_hi_mean":81.1,"ref_daytime_hi_p95":93.7,"rwi_mean":null,"health_per_10k":0.0,"built_frac":0.252,"tree_frac":0.582,"canopy_frac_over_3m":0.397,"viirs_mean":21.4,"gdl_hdi":0.96,"gdl_region":"Minnesota","ghsl_smod":21,"lst_anomaly_c":null,"lst_anomaly_c_climrel":null,"worldpop_pop_total":5637.0,"frac_under5":5.3,"frac_elderly_65plus":17.9,"frac_elderly_75plus":8.4,"old_age_dependency_ratio":0.267,"has_data":true},"geometry":{"type":"Polygon","coordinates":[[[-93.459708,44.9836],[-93.454925,44.985983],[-93.451408,44.986034],[-93.451191,44.993151],[-93.439011,44.995945],[-93.438494,44.996012],[-93.432686,44.995438],[-93.426414,44.993813],[-93.422928,44.993149],[-93.420818,44.993126],[-93.420325,44.992194],[-93.417338,44.992192],[-93.415752,44.992898],[-93.415754,44.993079],[-93.417007,44.993168],[-93.411407,44.993736],[-93.410706,44.993721],[-93.401579,44.991824],[-93.400675,44.991747],[-93.400579,44.983041],[-93.400419,44.978502],[-93.400575,44.978502],[-93.410466,44.978553],[-93.415677,44.978582],[-93.420753,44.978672],[-93.430893,44.97884],[-93.459972,44.97855],[-93.459708,44.9836]]]}},{"type":"Feature","properties":{"unit_id":"27053101900","name":"Census Tract 1019 \u2014 Hennepin","native_id":"27053101900","source":"census_tract_2025","adm3_name":"Hennepin County","adm3_id":"27053","area_sqm":644009,"split":false,"population":3489.0,"days_covered":24,"daytime_peak_f":87.6,"heat_anomaly_f":6.1,"extreme_pct":17.0,"nighttime_stress_f":-2.8,"daytime_peak_f_climrel":0.362,"heat_anomaly_f_climrel":0.362,"nighttime_stress_f_climrel":-0.1712,"extreme_pct_climrel":0.425,"ref_daytime_hi_mean":81.5,"ref_daytime_hi_p95":94.1,"rwi_mean":null,"health_per_10k":2.866150759529951,"built_frac":0.479,"tree_frac":0.515,"canopy_frac_over_3m":0.386,"viirs_mean":36.2,"gdl_hdi":0.96,"gdl_region":"Minnesota","ghsl_smod":30,"lst_anomaly_c":null,"lst_anomaly_c_climrel":null,"worldpop_pop_total":3033.0,"frac_under5":3.3,"frac_elderly_65plus":16.6,"frac_elderly_75plus":5.8,"old_age_dependency_ratio":0.224,"has_data":true},"geometry":{"type":"Polygon","coordinates":[[[-93.247337,45.007896],[-93.24733,45.008892],[-93.247337,45.013161],[-93.242249,45.013176],[-93.237152,45.013195],[-93.23716,45.00959],[-93.237175,45.005981],[-93.242271,45.005955],[-93.247368,45.005928],[-93.247337,45.007896]]]}},{"type":"Feature","properties":{"unit_id":"27053024600","name":"Census Tract 246 \u2014 Hennepin","native_id":"27053024600","source":"census_tract_2025","adm3_name":"Hennepin County","adm3_id":"27053","area_sqm":1906731,"split":false,"population":5750.0,"days_covered":24,"daytime_peak_f":87.8,"heat_anomaly_f":6.2,"extreme_pct":17.0,"nighttime_stress_f":-3.2,"daytime_peak_f_climrel":0.3756,"heat_anomaly_f_climrel":0.3756,"nighttime_stress_f_climrel":-0.1982,"extreme_pct_climrel":0.425,"ref_daytime_hi_mean":81.6,"ref_daytime_hi_p95":94.1,"rwi_mean":null,"health_per_10k":0.0,"built_frac":0.403,"tree_frac":0.529,"canopy_frac_over_3m":0.351,"viirs_mean":56.5,"gdl_hdi":0.96,"gdl_region":"Minnesota","ghsl_smod":30,"lst_anomaly_c":null,"lst_anomaly_c_climrel":null,"worldpop_pop_total":4342.0,"frac_under5":4.8,"frac_elderly_65plus":18.6,"frac_elderly_75plus":9.8,"old_age_dependency_ratio":0.276,"has_data":true},"geometry":{"type":"Polygon","coordinates":[[[-93.298757,44.870904],[-93.295982,44.87048],[-93.293445,44.870901],[-93.288391,44.870892],[-93.278214,44.870884],[-93.278214,44.870899],[-93.274408,44.870898],[-93.274429,44.869095],[-93.274458,44.863709],[-93.274469,44.861745],[-93.282577,44.862019],[-93.283348,44.862005],[-93.284026,44.862046],[-93.288505,44.861988],[-93.298332,44.861904],[-93.298749,44.865509],[-93.298915,44.867389],[-93.298757,44.870904]]]}},{"type":"Feature","properties":{"unit_id":"27053125800","name":"Census Tract 1258 \u2014 Hennepin","native_id":"27053125800","source":"census_tract_2025","adm3_name":"Hennepin County","adm3_id":"27053","area_sqm":959819,"split":false,"population":11686.0,"days_covered":24,"daytime_peak_f":87.5,"heat_anomaly_f":6.4,"extreme_pct":17.0,"nighttime_stress_f":-2.8,"daytime_peak_f_climrel":0.3865,"heat_anomaly_f_climrel":0.3865,"nighttime_stress_f_climrel":-0.1712,"extreme_pct_climrel":0.425,"ref_daytime_hi_mean":81.2,"ref_daytime_hi_p95":93.7,"rwi_mean":null,"health_per_10k":3.422899195618689,"built_frac":0.588,"tree_frac":0.38,"canopy_frac_over_3m":0.318,"viirs_mean":81.8,"gdl_hdi":0.96,"gdl_region":"Minnesota","ghsl_smod":30,"lst_anomaly_c":null,"lst_anomaly_c_climrel":null,"worldpop_pop_total":5683.0,"frac_under5":7.6,"frac_elderly_65plus":6.0,"frac_elderly_75plus":1.8,"old_age_dependency_ratio":0.086,"has_data":true},"geometry":{"type":"Polygon","coordinates":[[[-93.262589,44.953747],[-93.262581,44.955528],[-93.262558,44.959118],[-93.259628,44.959126],[-93.257439,44.959122],[-93.252342,44.959133],[-93.252419,44.955532],[-93.252438,44.953751],[-93.252464,44.951952],[-93.252502,44.948364],[-93.257584,44.948364],[-93.262672,44.948357],[-93.262589,44.953747]]]}},{"type":"Feature","properties":{"unit_id":"27053026405","name":"Census Tract 264.05 \u2014 Hennepin","native_id":"27053026405","source":"census_tract_2025","adm3_name":"Hennepin County","adm3_id":"27053","area_sqm":2800737,"split":false,"population":4764.0,"days_covered":24,"daytime_peak_f":87.3,"heat_anomaly_f":6.2,"extreme_pct":17.0,"nighttime_stress_f":-2.9,"daytime_peak_f_climrel":0.3752,"heat_anomaly_f_climrel":0.3752,"nighttime_stress_f_climrel":-0.1776,"extreme_pct_climrel":0.425,"ref_daytime_hi_mean":81.1,"ref_daytime_hi_p95":93.7,"rwi_mean":null,"health_per_10k":0.0,"built_frac":0.222,"tree_frac":0.664,"canopy_frac_over_3m":0.436,"viirs_mean":15.6,"gdl_hdi":0.96,"gdl_region":"Minnesota","ghsl_smod":21,"lst_anomaly_c":null,"lst_anomaly_c_climrel":null,"worldpop_pop_total":2780.0,"frac_under5":5.4,"frac_elderly_65plus":20.7,"frac_elderly_75plus":8.3,"old_age_dependency_ratio":0.322,"has_data":true},"geometry":{"type":"Polygon","coordinates":[[[-93.420639,44.960541],[-93.420592,44.970897],[-93.412303,44.972739],[-93.410511,44.972895],[-93.404296,44.973022],[-93.405563,44.967724],[-93.404702,44.967108],[-93.405556,44.964108],[-93.400759,44.964048],[-93.400639,44.964045],[-93.400691,44.960972],[-93.40071,44.954434],[-93.40087,44.954452],[-93.407906,44.956146],[-93.410309,44.955086],[-93.411751,44.954021],[-93.418846,44.952362],[-93.420923,44.952278],[-93.420639,44.960541]]]}},{"type":"Feature","properties":{"unit_id":"27053026208","name":"Census Tract 262.08 \u2014 Hennepin","native_id":"27053026208","source":"census_tract_2025","adm3_name":"Hennepin County","adm3_id":"27053","area_sqm":5380319,"split":false,"population":3841.0,"days_covered":24,"daytime_peak_f":87.4,"heat_anomaly_f":6.2,"extreme_pct":17.0,"nighttime_stress_f":-2.9,"daytime_peak_f_climrel":0.3694,"heat_anomaly_f_climrel":0.3694,"nighttime_stress_f_climrel":-0.1763,"extreme_pct_climrel":0.425,"ref_daytime_hi_mean":81.2,"ref_daytime_hi_p95":93.5,"rwi_mean":null,"health_per_10k":2.603488674824265,"built_frac":0.133,"tree_frac":0.684,"canopy_frac_over_3m":0.468,"viirs_mean":8.8,"gdl_hdi":0.96,"gdl_region":"Minnesota","ghsl_smod":21,"lst_anomaly_c":null,"lst_anomaly_c_climrel":null,"worldpop_pop_total":3280.0,"frac_under5":5.0,"frac_elderly_65plus":25.5,"frac_elderly_75plus":10.7,"old_age_dependency_ratio":0.439,"has_data":true},"geometry":{"type":"Polygon","coordinates":[[[-93.493126,44.90448],[-93.488838,44.90443],[-93.486786,44.904209],[-93.483101,44.903751],[-93.483101,44.90377],[-93.475021,44.902091],[-93.47417,44.901556],[-93.472571,44.901416],[-93.46785,44.903294],[-93.465263,44.904491],[-93.46003,44.907082],[-93.456595,44.909515],[-93.449415,44.914516],[-93.448637,44.907067],[-93.445479,44.898816],[-93.444038,44.895164],[-93.443347,44.891754],[-93.444312,44.891747],[-93.446933,44.891747],[-93.448723,44.891749],[-93.454158,44.891806],[-93.454857,44.891792],[-93.461563,44.891334],[-93.469294,44.891682],[-93.470348,44.891674],[-93.480198,44.891668],[-93.482252,44.891723],[-93.488056,44.891931],[-93.489991,44.892157],[-93.490854,44.892256],[-93.492264,44.892327],[-93.492908,44.893366],[-93.493126,44.90448]]]}},{"type":"Feature","properties":{"unit_id":"27053027002","name":"Census Tract 270.02 \u2014 Hennepin","native_id":"27053027002","source":"census_tract_2025","adm3_name":"Hennepin County","adm3_id":"27053","area_sqm":86754439,"split":false,"population":4644.0,"days_covered":24,"daytime_peak_f":87.0,"heat_anomaly_f":6.4,"extreme_pct":17.0,"nighttime_stress_f":-2.8,"daytime_peak_f_climrel":0.3799,"heat_anomaly_f_climrel":0.3799,"nighttime_stress_f_climrel":-0.1758,"extreme_pct_climrel":0.425,"ref_daytime_hi_mean":80.6,"ref_daytime_hi_p95":93.3,"rwi_mean":null,"health_per_10k":0.0,"built_frac":0.026,"tree_frac":0.34,"canopy_frac_over_3m":0.272,"viirs_mean":2.2,"gdl_hdi":0.96,"gdl_region":"Minnesota","ghsl_smod":11,"lst_anomaly_c":null,"lst_anomaly_c_climrel":null,"worldpop_pop_total":5773.0,"frac_under5":5.6,"frac_elderly_65plus":18.3,"frac_elderly_75plus":7.4,"old_age_dependency_ratio":0.29,"has_data":true},"geometry":{"type":"Polygon","coordinates":[[[-93.766868,45.028162],[-93.766845,45.035568],[-93.766813,45.050023],[-93.766714,45.060232],[-93.765617,45.059686],[-93.765023,45.061718],[-93.765748,45.064476],[-93.747133,45.06462],[-93.746831,45.064624],[-93.736696,45.064762],[-93.726321,45.0649],[-93.706581,45.065075],[-93.680682,45.065352],[-93.64781,45.065736],[-93.645828,45.065765],[-93.645966,45.05114],[-93.645829,45.036765],[-93.645744,45.026185],[-93.645664,45.012508],[-93.645645,45.003353],[-93.645645,45.002915],[-93.645645,45.00045],[-93.645514,44.988613],[-93.645508,44.987736],[-93.645492,44.985903],[-93.64547,44.982273],[-93.645462,44.978645],[-93.671165,44.978348],[-93.686271,44.97813],[-93.701422,44.978039],[-93.706528,44.978012],[-93.726856,44.977952],[-93.736899,44.977835],[-93.738342,44.977818],[-93.766444,44.977641],[-93.766447,44.978124],[-93.767367,44.977964],[-93.766868,45.028162]]]}},{"type":"Feature","properties":{"unit_id":"27123040401","name":"Census Tract 404.01 \u2014 Ramsey","native_id":"27123040401","source":"census_tract_2025","adm3_name":"Ramsey County","adm3_id":"27123","area_sqm":2358516,"split":false,"population":3304.0,"days_covered":24,"daytime_peak_f":86.4,"heat_anomaly_f":6.4,"extreme_pct":17.0,"nighttime_stress_f":-2.5,"daytime_peak_f_climrel":0.3794,"heat_anomaly_f_climrel":0.3794,"nighttime_stress_f_climrel":-0.1514,"extreme_pct_climrel":0.425,"ref_daytime_hi_mean":80.1,"ref_daytime_hi_p95":92.4,"rwi_mean":null,"health_per_10k":0.0,"built_frac":0.154,"tree_frac":0.741,"canopy_frac_over_3m":0.441,"viirs_mean":14.5,"gdl_hdi":0.96,"gdl_region":"Minnesota","ghsl_smod":21,"lst_anomaly_c":null,"lst_anomaly_c_climrel":null,"worldpop_pop_total":3774.0,"frac_under5":5.5,"frac_elderly_65plus":20.5,"frac_elderly_75plus":9.7,"old_age_dependency_ratio":0.331,"has_data":true},"geometry":{"type":"Polygon","coordinates":[[[-93.033089,45.050299],[-93.031396,45.056484],[-93.029513,45.057573],[-93.028337,45.058551],[-93.026595,45.057726],[-93.015379,45.057483],[-93.013705,45.057472],[-93.005156,45.057418],[-93.003258,45.057423],[-92.994964,45.057447],[-92.994942,45.050206],[-93.005141,45.050207],[-93.013687,45.050248],[-93.015338,45.050255],[-93.028041,45.050271],[-93.030693,45.050286],[-93.032307,45.050294],[-93.033089,45.050299]]]}},{"type":"Feature","properties":{"unit_id":"27053020903","name":"Census Tract 209.03 \u2014 Hennepin","native_id":"27053020903","source":"census_tract_2025","adm3_name":"Hennepin County","adm3_id":"27053","area_sqm":1971596,"split":false,"population":2959.0,"days_covered":24,"daytime_peak_f":87.3,"heat_anomaly_f":6.2,"extreme_pct":17.0,"nighttime_stress_f":-2.9,"daytime_peak_f_climrel":0.3752,"heat_anomaly_f_climrel":0.3752,"nighttime_stress_f_climrel":-0.1776,"extreme_pct_climrel":0.425,"ref_daytime_hi_mean":81.1,"ref_daytime_hi_p95":93.7,"rwi_mean":null,"health_per_10k":0.0,"built_frac":0.308,"tree_frac":0.499,"canopy_frac_over_3m":0.327,"viirs_mean":19.7,"gdl_hdi":0.96,"gdl_region":"Minnesota","ghsl_smod":30,"lst_anomaly_c":null,"lst_anomaly_c_climrel":null,"worldpop_pop_total":3429.0,"frac_under5":5.6,"frac_elderly_65plus":15.7,"frac_elderly_75plus":6.3,"old_age_dependency_ratio":0.23,"has_data":true},"geometry":{"type":"Polygon","coordinates":[[[-93.372803,45.040054],[-93.360138,45.040043],[-93.360176,45.043686],[-93.360222,45.047474],[-93.354485,45.047997],[-93.350227,45.041561],[-93.34893,45.039993],[-93.350048,45.039997],[-93.349915,45.036915],[-93.349485,45.032618],[-93.356257,45.032711],[-93.356255,45.032219],[-93.360092,45.032768],[-93.370232,45.032814],[-93.370988,45.03372],[-93.371011,45.036447],[-93.372787,45.036442],[-93.372803,45.040054]]]}},{"type":"Feature","properties":{"unit_id":"27123042501","name":"Census Tract 425.01 \u2014 Ramsey","native_id":"27123042501","source":"census_tract_2025","adm3_name":"Ramsey County","adm3_id":"27123","area_sqm":5852567,"split":false,"population":11974.0,"days_covered":24,"daytime_peak_f":86.8,"heat_anomaly_f":6.5,"extreme_pct":17.0,"nighttime_stress_f":-2.3,"daytime_peak_f_climrel":0.392,"heat_anomaly_f_climrel":0.392,"nighttime_stress_f_climrel":-0.1343,"extreme_pct_climrel":0.425,"ref_daytime_hi_mean":80.3,"ref_daytime_hi_p95":92.8,"rwi_mean":null,"health_per_10k":0.0,"built_frac":0.308,"tree_frac":0.452,"canopy_frac_over_3m":0.295,"viirs_mean":31.5,"gdl_hdi":0.96,"gdl_region":"Minnesota","ghsl_smod":21,"lst_anomaly_c":null,"lst_anomaly_c_climrel":null,"worldpop_pop_total":6727.0,"frac_under5":5.4,"frac_elderly_65plus":16.9,"frac_elderly_75plus":7.2,"old_age_dependency_ratio":0.256,"has_data":true},"geometry":{"type":"Polygon","coordinates":[[[-93.0051,44.980834],[-93.004364,44.98107],[-92.986876,44.987064],[-92.984705,44.987605],[-92.984703,44.981387],[-92.984706,44.977756],[-92.984763,44.975676],[-92.984833,44.970473],[-92.984735,44.963252],[-92.984663,44.948993],[-92.98466,44.948522],[-92.990936,44.948557],[-93.005043,44.950352],[-93.00503,44.956733],[-93.00505,44.963045],[-93.005113,44.968559],[-93.0051,44.980834]]]}},{"type":"Feature","properties":{"unit_id":"27053025301","name":"Census Tract 253.01 \u2014 Hennepin","native_id":"27053025301","source":"census_tract_2025","adm3_name":"Hennepin County","adm3_id":"27053","area_sqm":4741973,"split":false,"population":2592.0,"days_covered":24,"daytime_peak_f":87.8,"heat_anomaly_f":6.1,"extreme_pct":8.0,"nighttime_stress_f":-3.1,"daytime_peak_f_climrel":0.3674,"heat_anomaly_f_climrel":0.3674,"nighttime_stress_f_climrel":-0.1896,"extreme_pct_climrel":0.2,"ref_daytime_hi_mean":81.7,"ref_daytime_hi_p95":94.4,"rwi_mean":null,"health_per_10k":0.0,"built_frac":0.073,"tree_frac":0.622,"canopy_frac_over_3m":0.429,"viirs_mean":8.0,"gdl_hdi":0.96,"gdl_region":"Minnesota","ghsl_smod":21,"lst_anomaly_c":null,"lst_anomaly_c_climrel":null,"worldpop_pop_total":3470.0,"frac_under5":3.3,"frac_elderly_65plus":35.3,"frac_elderly_75plus":20.5,"old_age_dependency_ratio":0.656,"has_data":true},"geometry":{"type":"Polygon","coordinates":[[[-93.29129,44.811848],[-93.288643,44.811844],[-93.288628,44.815105],[-93.285461,44.814392],[-93.282806,44.814301],[-93.280594,44.815754],[-93.278526,44.81543],[-93.269234,44.815414],[-93.268448,44.815414],[-93.268417,44.819065],[-93.263344,44.819096],[-93.263251,44.826368],[-93.257843,44.829891],[-93.256783,44.830627],[-93.252235,44.833782],[-93.247864,44.837536],[-93.247696,44.83218],[-93.234047,44.827972],[-93.232065,44.826709],[-93.23492,44.824611],[-93.239351,44.820199],[-93.247965,44.815324],[-93.251873,44.811476],[-93.261714,44.809262],[-93.27246,44.806874],[-93.280817,44.806354],[-93.282364,44.805896],[-93.284118,44.804473],[-93.285301,44.802067],[-93.289828,44.800177],[-93.291239,44.808043],[-93.29129,44.811848]]]}},{"type":"Feature","properties":{"unit_id":"27053026025","name":"Census Tract 260.25 \u2014 Hennepin","native_id":"27053026025","source":"census_tract_2025","adm3_name":"Hennepin County","adm3_id":"27053","area_sqm":2300531,"split":false,"population":1877.0,"days_covered":24,"daytime_peak_f":87.9,"heat_anomaly_f":6.3,"extreme_pct":8.0,"nighttime_stress_f":-2.8,"daytime_peak_f_climrel":0.3788,"heat_anomaly_f_climrel":0.3788,"nighttime_stress_f_climrel":-0.1729,"extreme_pct_climrel":0.2,"ref_daytime_hi_mean":81.6,"ref_daytime_hi_p95":94.3,"rwi_mean":null,"health_per_10k":0.0,"built_frac":0.147,"tree_frac":0.649,"canopy_frac_over_3m":0.356,"viirs_mean":9.4,"gdl_hdi":0.96,"gdl_region":"Minnesota","ghsl_smod":21,"lst_anomaly_c":null,"lst_anomaly_c_climrel":null,"worldpop_pop_total":2953.0,"frac_under5":4.6,"frac_elderly_65plus":10.9,"frac_elderly_75plus":2.7,"old_age_dependency_ratio":0.156,"has_data":true},"geometry":{"type":"Polygon","coordinates":[[[-93.520017,44.827667],[-93.500916,44.842302],[-93.491726,44.849291],[-93.491106,44.849291],[-93.490154,44.850011],[-93.484776,44.851548],[-93.483505,44.846779],[-93.480583,44.842102],[-93.480553,44.838364],[-93.486359,44.838528],[-93.492081,44.837643],[-93.495903,44.836884],[-93.499899,44.835008],[-93.501877,44.834141],[-93.510696,44.832497],[-93.513306,44.831589],[-93.51551,44.829114],[-93.516129,44.828621],[-93.520017,44.827667]]]}},{"type":"Feature","properties":{"unit_id":"27053021300","name":"Census Tract 213 \u2014 Hennepin","native_id":"27053021300","source":"census_tract_2025","adm3_name":"Hennepin County","adm3_id":"27053","area_sqm":1859190,"split":false,"population":4816.0,"days_covered":24,"daytime_peak_f":87.5,"heat_anomaly_f":6.4,"extreme_pct":17.0,"nighttime_stress_f":-2.8,"daytime_peak_f_climrel":0.3865,"heat_anomaly_f_climrel":0.3865,"nighttime_stress_f_climrel":-0.1712,"extreme_pct_climrel":0.425,"ref_daytime_hi_mean":81.2,"ref_daytime_hi_p95":93.7,"rwi_mean":null,"health_per_10k":16.611295681063122,"built_frac":0.549,"tree_frac":0.369,"canopy_frac_over_3m":0.288,"viirs_mean":30.0,"gdl_hdi":0.96,"gdl_region":"Minnesota","ghsl_smod":30,"lst_anomaly_c":null,"lst_anomaly_c_climrel":null,"worldpop_pop_total":5357.0,"frac_under5":4.9,"frac_elderly_65plus":20.0,"frac_elderly_75plus":9.8,"old_age_dependency_ratio":0.307,"has_data":true},"geometry":{"type":"Polygon","coordinates":[[[-93.349599,45.021455],[-93.348596,45.021131],[-93.347351,45.025942],[-93.347298,45.03],[-93.346997,45.031377],[-93.34583,45.033435],[-93.344512,45.034783],[-93.343011,45.036236],[-93.338502,45.03222],[-93.336044,45.033222],[-93.335396,45.032475],[-93.331917,45.029209],[-93.333905,45.028317],[-93.329403,45.02447],[-93.326576,45.020528],[-93.328583,45.0205],[-93.333687,45.020504],[-93.338806,45.020508],[-93.348784,45.020519],[-93.349036,45.020518],[-93.349599,45.021455]]]}},{"type":"Feature","properties":{"unit_id":"27053107000","name":"Census Tract 1070 \u2014 Hennepin","native_id":"27053107000","source":"census_tract_2025","adm3_name":"Hennepin County","adm3_id":"27053","area_sqm":479106,"split":false,"population":6505.0,"days_covered":24,"daytime_peak_f":87.5,"heat_anomaly_f":6.4,"extreme_pct":17.0,"nighttime_stress_f":-2.8,"daytime_peak_f_climrel":0.3865,"heat_anomaly_f_climrel":0.3865,"nighttime_stress_f_climrel":-0.1712,"extreme_pct_climrel":0.425,"ref_daytime_hi_mean":81.2,"ref_daytime_hi_p95":93.7,"rwi_mean":null,"health_per_10k":0.0,"built_frac":0.708,"tree_frac":0.275,"canopy_frac_over_3m":0.323,"viirs_mean":55.2,"gdl_hdi":0.96,"gdl_region":"Minnesota","ghsl_smod":30,"lst_anomaly_c":null,"lst_anomaly_c_climrel":null,"worldpop_pop_total":4327.0,"frac_under5":4.1,"frac_elderly_65plus":4.1,"frac_elderly_75plus":0.9,"old_age_dependency_ratio":0.05,"has_data":true},"geometry":{"type":"Polygon","coordinates":[[[-93.288055,44.953732],[-93.28804,44.955536],[-93.288033,44.95731],[-93.277863,44.957336],[-93.277878,44.955532],[-93.277893,44.953743],[-93.277901,44.951942],[-93.288071,44.95195],[-93.288055,44.953732]]]}},{"type":"Feature","properties":{"unit_id":"27053026717","name":"Census Tract 267.17 \u2014 Hennepin","native_id":"27053026717","source":"census_tract_2025","adm3_name":"Hennepin County","adm3_id":"27053","area_sqm":8734033,"split":false,"population":6066.0,"days_covered":24,"daytime_peak_f":87.0,"heat_anomaly_f":6.2,"extreme_pct":17.0,"nighttime_stress_f":-3.2,"daytime_peak_f_climrel":0.3696,"heat_anomaly_f_climrel":0.3696,"nighttime_stress_f_climrel":-0.1996,"extreme_pct_climrel":0.425,"ref_daytime_hi_mean":80.8,"ref_daytime_hi_p95":93.8,"rwi_mean":null,"health_per_10k":3.297065611605671,"built_frac":0.166,"tree_frac":0.344,"canopy_frac_over_3m":0.167,"viirs_mean":12.1,"gdl_hdi":0.96,"gdl_region":"Minnesota","ghsl_smod":21,"lst_anomaly_c":null,"lst_anomaly_c_climrel":null,"worldpop_pop_total":6853.0,"frac_under5":5.7,"frac_elderly_65plus":13.0,"frac_elderly_75plus":4.7,"old_age_dependency_ratio":0.192,"has_data":true},"geometry":{"type":"Polygon","coordinates":[[[-93.522217,45.119789],[-93.522125,45.131092],[-93.521818,45.152911],[-93.505642,45.15273],[-93.501816,45.149757],[-93.500488,45.147903],[-93.497917,45.142498],[-93.494766,45.138191],[-93.485922,45.127676],[-93.488518,45.12714],[-93.490356,45.126408],[-93.492081,45.124512],[-93.492264,45.123981],[-93.492439,45.116403],[-93.502449,45.116596],[-93.512627,45.116501],[-93.513779,45.11586],[-93.516647,45.116531],[-93.521851,45.116653],[-93.522224,45.117199],[-93.522217,45.119789]]]}},{"type":"Feature","properties":{"unit_id":"27053025702","name":"Census Tract 257.02 \u2014 Hennepin","native_id":"27053025702","source":"census_tract_2025","adm3_name":"Hennepin County","adm3_id":"27053","area_sqm":5612322,"split":false,"population":7380.0,"days_covered":24,"daytime_peak_f":87.8,"heat_anomaly_f":6.1,"extreme_pct":8.0,"nighttime_stress_f":-3.1,"daytime_peak_f_climrel":0.3674,"heat_anomaly_f_climrel":0.3674,"nighttime_stress_f_climrel":-0.1896,"extreme_pct_climrel":0.2,"ref_daytime_hi_mean":81.7,"ref_daytime_hi_p95":94.4,"rwi_mean":null,"health_per_10k":0.0,"built_frac":0.258,"tree_frac":0.514,"canopy_frac_over_3m":0.329,"viirs_mean":21.4,"gdl_hdi":0.96,"gdl_region":"Minnesota","ghsl_smod":21,"lst_anomaly_c":null,"lst_anomaly_c_climrel":null,"worldpop_pop_total":5172.0,"frac_under5":4.9,"frac_elderly_65plus":26.1,"frac_elderly_75plus":15.1,"old_age_dependency_ratio":0.444,"has_data":true},"geometry":{"type":"Polygon","coordinates":[[[-93.329514,44.819248],[-93.329445,44.827366],[-93.329415,44.836849],[-93.329366,44.842293],[-93.323051,44.840915],[-93.317657,44.840824],[-93.31588,44.840816],[-93.308861,44.840782],[-93.308815,44.833565],[-93.294899,44.833519],[-93.292306,44.829194],[-93.298409,44.826309],[-93.30574,44.821236],[-93.30883,44.819736],[-93.310181,44.819092],[-93.312053,44.818463],[-93.329533,44.813693],[-93.329514,44.819248]]]}},{"type":"Feature","properties":{"unit_id":"27123030601","name":"Census Tract 306.01 \u2014 Ramsey","native_id":"27123030601","source":"census_tract_2025","adm3_name":"Ramsey County","adm3_id":"27123","area_sqm":1519890,"split":false,"population":3806.0,"days_covered":24,"daytime_peak_f":87.0,"heat_anomaly_f":6.5,"extreme_pct":17.0,"nighttime_stress_f":-2.0,"daytime_peak_f_climrel":0.3832,"heat_anomaly_f_climrel":0.3832,"nighttime_stress_f_climrel":-0.1206,"extreme_pct_climrel":0.425,"ref_daytime_hi_mean":80.6,"ref_daytime_hi_p95":92.9,"rwi_mean":null,"health_per_10k":2.627430373095113,"built_frac":0.288,"tree_frac":0.619,"canopy_frac_over_3m":0.402,"viirs_mean":26.6,"gdl_hdi":0.96,"gdl_region":"Minnesota","ghsl_smod":30,"lst_anomaly_c":null,"lst_anomaly_c_climrel":null,"worldpop_pop_total":6520.0,"frac_under5":9.3,"frac_elderly_65plus":6.6,"frac_elderly_75plus":2.4,"old_age_dependency_ratio":0.099,"has_data":true},"geometry":{"type":"Polygon","coordinates":[[[-93.089372,44.991807],[-93.080511,44.991862],[-93.076208,44.991915],[-93.076142,44.984644],[-93.076111,44.981038],[-93.081154,44.978545],[-93.083641,44.977348],[-93.088805,44.977109],[-93.089093,44.984551],[-93.089372,44.991807]]]}},{"type":"Feature","properties":{"unit_id":"27053026207","name":"Census Tract 262.07 \u2014 Hennepin","native_id":"27053026207","source":"census_tract_2025","adm3_name":"Hennepin County","adm3_id":"27053","area_sqm":4604793,"split":false,"population":3167.0,"days_covered":24,"daytime_peak_f":87.4,"heat_anomaly_f":6.2,"extreme_pct":17.0,"nighttime_stress_f":-2.9,"daytime_peak_f_climrel":0.3694,"heat_anomaly_f_climrel":0.3694,"nighttime_stress_f_climrel":-0.1763,"extreme_pct_climrel":0.425,"ref_daytime_hi_mean":81.2,"ref_daytime_hi_p95":93.5,"rwi_mean":null,"health_per_10k":0.0,"built_frac":0.126,"tree_frac":0.748,"canopy_frac_over_3m":0.514,"viirs_mean":7.8,"gdl_hdi":0.96,"gdl_region":"Minnesota","ghsl_smod":21,"lst_anomaly_c":null,"lst_anomaly_c_climrel":null,"worldpop_pop_total":4354.0,"frac_under5":4.9,"frac_elderly_65plus":18.8,"frac_elderly_75plus":6.8,"old_age_dependency_ratio":0.296,"has_data":true},"geometry":{"type":"Polygon","coordinates":[[[-93.52327,44.897991],[-93.523126,44.911414],[-93.523125,44.911545],[-93.520684,44.911943],[-93.517843,44.911597],[-93.51478,44.910765],[-93.511871,44.910683],[-93.509734,44.911256],[-93.509228,44.911126],[-93.508381,44.910905],[-93.504014,44.908716],[-93.500343,44.907536],[-93.495705,44.904762],[-93.493126,44.90448],[-93.492908,44.893366],[-93.492264,44.892327],[-93.495943,44.89207],[-93.50106,44.891842],[-93.508662,44.891718],[-93.515965,44.891646],[-93.520706,44.891502],[-93.523355,44.891457],[-93.52327,44.897991]]]}},{"type":"Feature","properties":{"unit_id":"27053026811","name":"Census Tract 268.11 \u2014 Hennepin","native_id":"27053026811","source":"census_tract_2025","adm3_name":"Hennepin County","adm3_id":"27053","area_sqm":3971777,"split":false,"population":4320.0,"days_covered":24,"daytime_peak_f":87.3,"heat_anomaly_f":6.2,"extreme_pct":17.0,"nighttime_stress_f":-2.8,"daytime_peak_f_climrel":0.3737,"heat_anomaly_f_climrel":0.3737,"nighttime_stress_f_climrel":-0.1775,"extreme_pct_climrel":0.425,"ref_daytime_hi_mean":81.1,"ref_daytime_hi_p95":93.9,"rwi_mean":null,"health_per_10k":0.0,"built_frac":0.268,"tree_frac":0.539,"canopy_frac_over_3m":0.369,"viirs_mean":14.7,"gdl_hdi":0.96,"gdl_region":"Minnesota","ghsl_smod":30,"lst_anomaly_c":null,"lst_anomaly_c_climrel":null,"worldpop_pop_total":7154.0,"frac_under5":7.1,"frac_elderly_65plus":12.3,"frac_elderly_75plus":4.1,"old_age_dependency_ratio":0.193,"has_data":true},"geometry":{"type":"Polygon","coordinates":[[[-93.341284,45.108909],[-93.324759,45.108973],[-93.321101,45.108992],[-93.321136,45.104008],[-93.320984,45.097179],[-93.3209,45.094586],[-93.318254,45.093923],[-93.3178,45.090967],[-93.317175,45.087302],[-93.320008,45.087309],[-93.320721,45.087311],[-93.330856,45.087315],[-93.341072,45.08726],[-93.341085,45.087933],[-93.341225,45.098049],[-93.341293,45.105247],[-93.341284,45.108909]]]}},{"type":"Feature","properties":{"unit_id":"27053026724","name":"Census Tract 267.24 \u2014 Hennepin","native_id":"27053026724","source":"census_tract_2025","adm3_name":"Hennepin County","adm3_id":"27053","area_sqm":8119115,"split":false,"population":9618.0,"days_covered":24,"daytime_peak_f":87.3,"heat_anomaly_f":6.2,"extreme_pct":17.0,"nighttime_stress_f":-3.0,"daytime_peak_f_climrel":0.3731,"heat_anomaly_f_climrel":0.3731,"nighttime_stress_f_climrel":-0.1862,"extreme_pct_climrel":0.425,"ref_daytime_hi_mean":81.1,"ref_daytime_hi_p95":93.9,"rwi_mean":null,"health_per_10k":9.357454772301933,"built_frac":0.442,"tree_frac":0.043,"canopy_frac_over_3m":0.022,"viirs_mean":57.4,"gdl_hdi":0.96,"gdl_region":"Minnesota","ghsl_smod":12,"lst_anomaly_c":null,"lst_anomaly_c_climrel":null,"worldpop_pop_total":8189.0,"frac_under5":7.2,"frac_elderly_65plus":21.1,"frac_elderly_75plus":14.0,"old_age_dependency_ratio":0.334,"has_data":true},"geometry":{"type":"Polygon","coordinates":[[[-93.457658,45.10492],[-93.453097,45.10518],[-93.451848,45.105148],[-93.451611,45.105136],[-93.444628,45.104343],[-93.442633,45.104299],[-93.436716,45.105743],[-93.432365,45.108044],[-93.430115,45.108791],[-93.427605,45.109177],[-93.422232,45.109198],[-93.402343,45.108785],[-93.402178,45.098593],[-93.40224,45.094582],[-93.402035,45.082903],[-93.408586,45.084973],[-93.421165,45.087914],[-93.431328,45.089518],[-93.438499,45.090382],[-93.441858,45.090524],[-93.443703,45.090763],[-93.446552,45.091887],[-93.453018,45.098553],[-93.46024,45.104537],[-93.457658,45.10492]]]}},{"type":"Feature","properties":{"unit_id":"27053021700","name":"Census Tract 217 \u2014 Hennepin","native_id":"27053021700","source":"census_tract_2025","adm3_name":"Hennepin County","adm3_id":"27053","area_sqm":5849650,"split":false,"population":4517.0,"days_covered":24,"daytime_peak_f":87.5,"heat_anomaly_f":6.4,"extreme_pct":17.0,"nighttime_stress_f":-2.8,"daytime_peak_f_climrel":0.3865,"heat_anomaly_f_climrel":0.3865,"nighttime_stress_f_climrel":-0.1712,"extreme_pct_climrel":0.425,"ref_daytime_hi_mean":81.2,"ref_daytime_hi_p95":93.7,"rwi_mean":null,"health_per_10k":4.427717511622759,"built_frac":0.095,"tree_frac":0.725,"canopy_frac_over_3m":0.489,"viirs_mean":14.2,"gdl_hdi":0.96,"gdl_region":"Minnesota","ghsl_smod":30,"lst_anomaly_c":null,"lst_anomaly_c_climrel":null,"worldpop_pop_total":5430.0,"frac_under5":4.9,"frac_elderly_65plus":20.6,"frac_elderly_75plus":7.9,"old_age_dependency_ratio":0.315,"has_data":true},"geometry":{"type":"Polygon","coordinates":[[[-93.349343,44.990576],[-93.349233,44.999176],[-93.349183,45.00723],[-93.349268,45.009681],[-93.349269,45.014449],[-93.349279,45.01697],[-93.338799,45.016899],[-93.333794,45.016888],[-93.333794,45.007839],[-93.333874,45.00611],[-93.331595,45.006103],[-93.32869,45.006069],[-93.321045,45.006049],[-93.31852,45.006042],[-93.318459,44.998906],[-93.318467,44.991558],[-93.318481,44.987949],[-93.318468,44.986965],[-93.320091,44.989132],[-93.321419,44.989662],[-93.323227,44.989918],[-93.326515,44.989162],[-93.333954,44.987175],[-93.334412,44.987179],[-93.339147,44.98759],[-93.348743,44.987764],[-93.349275,44.987815],[-93.349343,44.990576]]]}},{"type":"Feature","properties":{"unit_id":"27123032200","name":"Census Tract 322 \u2014 Ramsey","native_id":"27123032200","source":"census_tract_2025","adm3_name":"Ramsey County","adm3_id":"27123","area_sqm":721773,"split":false,"population":2482.0,"days_covered":24,"daytime_peak_f":87.6,"heat_anomaly_f":6.1,"extreme_pct":17.0,"nighttime_stress_f":-2.8,"daytime_peak_f_climrel":0.362,"heat_anomaly_f_climrel":0.362,"nighttime_stress_f_climrel":-0.1712,"extreme_pct_climrel":0.425,"ref_daytime_hi_mean":81.5,"ref_daytime_hi_p95":94.1,"rwi_mean":null,"health_per_10k":0.0,"built_frac":0.312,"tree_frac":0.642,"canopy_frac_over_3m":0.394,"viirs_mean":53.0,"gdl_hdi":0.96,"gdl_region":"Minnesota","ghsl_smod":30,"lst_anomaly_c":null,"lst_anomaly_c_climrel":null,"worldpop_pop_total":2714.0,"frac_under5":3.7,"frac_elderly_65plus":14.6,"frac_elderly_75plus":4.9,"old_age_dependency_ratio":0.199,"has_data":true},"geometry":{"type":"Polygon","coordinates":[[[-93.163722,44.964069],[-93.162197,44.964076],[-93.16222,44.967682],[-93.160613,44.969357],[-93.156817,44.968823],[-93.156841,44.962938],[-93.156827,44.959318],[-93.156821,44.955703],[-93.163665,44.955686],[-93.163685,44.959278],[-93.163709,44.96289],[-93.163722,44.964069]]]}},{"type":"Feature","properties":{"unit_id":"27053107400","name":"Census Tract 1074 \u2014 Hennepin","native_id":"27053107400","source":"census_tract_2025","adm3_name":"Hennepin County","adm3_id":"27053","area_sqm":856659,"split":false,"population":2321.2980708119426,"days_covered":24,"daytime_peak_f":87.6,"heat_anomaly_f":6.1,"extreme_pct":17.0,"nighttime_stress_f":-2.8,"daytime_peak_f_climrel":0.362,"heat_anomaly_f_climrel":0.362,"nighttime_stress_f_climrel":-0.1712,"extreme_pct_climrel":0.425,"ref_daytime_hi_mean":81.5,"ref_daytime_hi_p95":94.1,"rwi_mean":null,"health_per_10k":8.6158689620607,"built_frac":0.547,"tree_frac":0.429,"canopy_frac_over_3m":0.317,"viirs_mean":62.8,"gdl_hdi":0.96,"gdl_region":"Minnesota","ghsl_smod":30,"lst_anomaly_c":null,"lst_anomaly_c_climrel":null,"worldpop_pop_total":1950.0,"frac_under5":5.3,"frac_elderly_65plus":10.6,"frac_elderly_75plus":3.3,"old_age_dependency_ratio":0.141,"has_data":true},"geometry":{"type":"Polygon","coordinates":[[[-93.238516,44.951586],[-93.234932,44.953587],[-93.227028,44.953461],[-93.221878,44.953228],[-93.220383,44.953271],[-93.220383,44.951973],[-93.217842,44.951969],[-93.217834,44.948357],[-93.222946,44.948368],[-93.227081,44.948372],[-93.230003,44.948372],[-93.237305,44.948372],[-93.238874,44.95102],[-93.238516,44.951586]]]}},{"type":"Feature","properties":{"unit_id":"27053026912","name":"Census Tract 269.12 \u2014 Hennepin","native_id":"27053026912","source":"census_tract_2025","adm3_name":"Hennepin County","adm3_id":"27053","area_sqm":53746702,"split":false,"population":7415.0,"days_covered":24,"daytime_peak_f":87.4,"heat_anomaly_f":6.6,"extreme_pct":17.0,"nighttime_stress_f":-3.3,"daytime_peak_f_climrel":0.3917,"heat_anomaly_f_climrel":0.3917,"nighttime_stress_f_climrel":-0.2099,"extreme_pct_climrel":0.425,"ref_daytime_hi_mean":80.8,"ref_daytime_hi_p95":93.9,"rwi_mean":null,"health_per_10k":4.045853000674309,"built_frac":0.06,"tree_frac":0.305,"canopy_frac_over_3m":0.238,"viirs_mean":4.7,"gdl_hdi":0.96,"gdl_region":"Minnesota","ghsl_smod":11,"lst_anomaly_c":null,"lst_anomaly_c_climrel":null,"worldpop_pop_total":10085.0,"frac_under5":6.5,"frac_elderly_65plus":13.7,"frac_elderly_75plus":5.6,"old_age_dependency_ratio":0.213,"has_data":true},"geometry":{"type":"Polygon","coordinates":[[[-93.676267,45.151044],[-93.672341,45.152363],[-93.669858,45.153924],[-93.666075,45.15446],[-93.662778,45.153314],[-93.661132,45.153326],[-93.656931,45.155437],[-93.652157,45.156593],[-93.647747,45.158609],[-93.645168,45.161561],[-93.643154,45.163049],[-93.640514,45.164003],[-93.638622,45.16562],[-93.638393,45.167604],[-93.639095,45.169236],[-93.638653,45.174161],[-93.639427,45.175349],[-93.640098,45.175849],[-93.644878,45.179132],[-93.647197,45.179734],[-93.651312,45.182528],[-93.653292,45.185973],[-93.65667,45.188458],[-93.658536,45.191491],[-93.658917,45.193551],[-93.657117,45.197532],[-93.654004,45.198747],[-93.649289,45.198877],[-93.647221,45.199599],[-93.645565,45.201678],[-93.645977,45.20244],[-93.645135,45.204014],[-93.643329,45.204433],[-93.642132,45.20708],[-93.639951,45.2093],[-93.637129,45.210155],[-93.634571,45.209197],[-93.633117,45.204815],[-93.63092,45.20287],[-93.628487,45.202406],[-93.624751,45.202817],[-93.623384,45.203934],[-93.623444,45.205494],[-93.625916,45.207427],[-93.625911,45.20923],[-93.623925,45.209629],[-93.619456,45.209023],[-93.616216,45.209624],[-93.614571,45.210986],[-93.612655,45.211549],[-93.611917,45.210416],[-93.612573,45.209125],[-93.610879,45.208127],[-93.608758,45.210188],[-93.607838,45.21216],[-93.605034,45.21223],[-93.604072,45.212828],[-93.601919,45.210177],[-93.60196,45.208081],[-93.597863,45.207308],[-93.593912,45.209086],[-93.592645,45.210741],[-93.592523,45.212565],[-93.594324,45.214876],[-93.593759,45.216624],[-93.584077,45.210735],[-93.571854,45.2033],[-93.569729,45.202153],[-93.552612,45.194817],[-93.54911,45.19326],[-93.547079,45.191967],[-93.52916,45.177078],[-93.528236,45.176182],[-93.5271,45.173798],[-93.526909,45.169659],[-93.526344,45.167709],[-93.524185,45.165298],[-93.521477,45.163475],[-93.521485,45.163408],[-93.521818,45.152911],[-93.527029,45.15288],[-93.532106,45.152847],[-93.542488,45.152794],[-93.583778,45.152687],[-93.630424,45.152557],[-93.635376,45.152542],[-93.635506,45.145287],[-93.645998,45.145239],[-93.676413,45.145122],[-93.676267,45.151044]]]}},{"type":"Feature","properties":{"unit_id":"27123042402","name":"Census Tract 424.02 \u2014 Ramsey","native_id":"27123042402","source":"census_tract_2025","adm3_name":"Ramsey County","adm3_id":"27123","area_sqm":6428127,"split":false,"population":5496.0,"days_covered":24,"daytime_peak_f":86.8,"heat_anomaly_f":6.5,"extreme_pct":17.0,"nighttime_stress_f":-2.3,"daytime_peak_f_climrel":0.392,"heat_anomaly_f_climrel":0.392,"nighttime_stress_f_climrel":-0.1343,"extreme_pct_climrel":0.425,"ref_daytime_hi_mean":80.3,"ref_daytime_hi_p95":92.8,"rwi_mean":null,"health_per_10k":3.63901018922853,"built_frac":0.219,"tree_frac":0.574,"canopy_frac_over_3m":0.38,"viirs_mean":16.8,"gdl_hdi":0.96,"gdl_region":"Minnesota","ghsl_smod":21,"lst_anomaly_c":null,"lst_anomaly_c_climrel":null,"worldpop_pop_total":7303.0,"frac_under5":6.3,"frac_elderly_65plus":19.4,"frac_elderly_75plus":9.1,"old_age_dependency_ratio":0.316,"has_data":true},"geometry":{"type":"Polygon","coordinates":[[[-93.035467,45.011753],[-93.021685,45.011718],[-93.018844,45.011711],[-93.01509,45.011873],[-93.01553,45.010633],[-93.01507,45.006397],[-93.016108,45.003694],[-93.015047,45.003688],[-93.015055,44.99914],[-93.012534,44.999198],[-93.004966,44.999229],[-92.99789,44.999334],[-92.997392,44.995742],[-92.994869,44.995755],[-92.994856,44.999379],[-92.984702,44.999529],[-92.984696,44.992273],[-92.984705,44.987605],[-92.986876,44.987064],[-93.004364,44.98107],[-93.0051,44.980834],[-93.005099,44.98111],[-93.005064,44.991989],[-93.015043,44.99197],[-93.025222,44.991949],[-93.033767,44.991977],[-93.032757,44.993148],[-93.032755,44.994484],[-93.033782,44.99919],[-93.035465,44.999199],[-93.035474,45.006432],[-93.035467,45.011753]]]}},{"type":"Feature","properties":{"unit_id":"27053023202","name":"Census Tract 232.02 \u2014 Hennepin","native_id":"27053023202","source":"census_tract_2025","adm3_name":"Hennepin County","adm3_id":"27053","area_sqm":1298931,"split":false,"population":2950.0,"days_covered":24,"daytime_peak_f":87.9,"heat_anomaly_f":6.3,"extreme_pct":17.0,"nighttime_stress_f":-3.0,"daytime_peak_f_climrel":0.3805,"heat_anomaly_f_climrel":0.3805,"nighttime_stress_f_climrel":-0.1883,"extreme_pct_climrel":0.425,"ref_daytime_hi_mean":81.6,"ref_daytime_hi_p95":94.1,"rwi_mean":null,"health_per_10k":3.3898305084745766,"built_frac":0.553,"tree_frac":0.336,"canopy_frac_over_3m":0.236,"viirs_mean":45.0,"gdl_hdi":0.96,"gdl_region":"Minnesota","ghsl_smod":30,"lst_anomaly_c":null,"lst_anomaly_c_climrel":null,"worldpop_pop_total":4239.0,"frac_under5":6.5,"frac_elderly_65plus":8.1,"frac_elderly_75plus":2.4,"old_age_dependency_ratio":0.106,"has_data":true},"geometry":{"type":"Polygon","coordinates":[[[-93.401254,44.92481],[-93.399284,44.927875],[-93.397033,44.932425],[-93.396678,44.935116],[-93.396035,44.935113],[-93.395308,44.934518],[-93.392811,44.934686],[-93.389095,44.93508],[-93.385675,44.935573],[-93.385577,44.935222],[-93.384918,44.935066],[-93.380829,44.935024],[-93.380821,44.932907],[-93.380924,44.932041],[-93.380806,44.929695],[-93.385551,44.928083],[-93.395567,44.924684],[-93.40152,44.922649],[-93.401254,44.92481]]]}},{"type":"Feature","properties":{"unit_id":"27053024801","name":"Census Tract 248.01 \u2014 Hennepin","native_id":"27053024801","source":"census_tract_2025","adm3_name":"Hennepin County","adm3_id":"27053","area_sqm":1039844,"split":false,"population":1559.0,"days_covered":24,"daytime_peak_f":87.8,"heat_anomaly_f":6.2,"extreme_pct":17.0,"nighttime_stress_f":-3.2,"daytime_peak_f_climrel":0.3756,"heat_anomaly_f_climrel":0.3756,"nighttime_stress_f_climrel":-0.1982,"extreme_pct_climrel":0.425,"ref_daytime_hi_mean":81.6,"ref_daytime_hi_p95":94.1,"rwi_mean":null,"health_per_10k":0.0,"built_frac":0.295,"tree_frac":0.623,"canopy_frac_over_3m":0.367,"viirs_mean":20.6,"gdl_hdi":0.96,"gdl_region":"Minnesota","ghsl_smod":30,"lst_anomaly_c":null,"lst_anomaly_c_climrel":null,"worldpop_pop_total":2755.0,"frac_under5":6.8,"frac_elderly_65plus":12.6,"frac_elderly_75plus":5.0,"old_age_dependency_ratio":0.185,"has_data":true},"geometry":{"type":"Polygon","coordinates":[[[-93.274408,44.870898],[-93.274345,44.876308],[-93.267975,44.876305],[-93.262978,44.876308],[-93.25795,44.876312],[-93.257965,44.870926],[-93.257973,44.869106],[-93.266808,44.869099],[-93.268082,44.869095],[-93.274429,44.869095],[-93.274408,44.870898]]]}},{"type":"Feature","properties":{"unit_id":"27053026827","name":"Census Tract 268.27 \u2014 Hennepin","native_id":"27053026827","source":"census_tract_2025","adm3_name":"Hennepin County","adm3_id":"27053","area_sqm":1139674,"split":false,"population":1948.0,"days_covered":24,"daytime_peak_f":87.3,"heat_anomaly_f":6.2,"extreme_pct":17.0,"nighttime_stress_f":-2.8,"daytime_peak_f_climrel":0.3737,"heat_anomaly_f_climrel":0.3737,"nighttime_stress_f_climrel":-0.1775,"extreme_pct_climrel":0.425,"ref_daytime_hi_mean":81.1,"ref_daytime_hi_p95":93.9,"rwi_mean":null,"health_per_10k":5.13347022587269,"built_frac":0.521,"tree_frac":0.291,"canopy_frac_over_3m":0.215,"viirs_mean":45.0,"gdl_hdi":0.96,"gdl_region":"Minnesota","ghsl_smod":30,"lst_anomaly_c":null,"lst_anomaly_c_climrel":null,"worldpop_pop_total":2247.0,"frac_under5":6.9,"frac_elderly_65plus":11.5,"frac_elderly_75plus":5.0,"old_age_dependency_ratio":0.17,"has_data":true},"geometry":{"type":"Polygon","coordinates":[[[-93.356415,45.095375],[-93.352425,45.095512],[-93.351616,45.095776],[-93.349686,45.097153],[-93.348427,45.097763],[-93.346947,45.098042],[-93.341225,45.098049],[-93.341085,45.087933],[-93.341072,45.08726],[-93.344305,45.087252],[-93.348516,45.087245],[-93.356351,45.091746],[-93.356332,45.094206],[-93.356415,45.095375]]]}},{"type":"Feature","properties":{"unit_id":"27053109900","name":"Census Tract 1099 \u2014 Hennepin","native_id":"27053109900","source":"census_tract_2025","adm3_name":"Hennepin County","adm3_id":"27053","area_sqm":2598672,"split":false,"population":5726.0,"days_covered":24,"daytime_peak_f":87.8,"heat_anomaly_f":6.2,"extreme_pct":17.0,"nighttime_stress_f":-3.2,"daytime_peak_f_climrel":0.3756,"heat_anomaly_f_climrel":0.3756,"nighttime_stress_f_climrel":-0.1982,"extreme_pct_climrel":0.425,"ref_daytime_hi_mean":81.6,"ref_daytime_hi_p95":94.1,"rwi_mean":null,"health_per_10k":1.7464198393293746,"built_frac":0.132,"tree_frac":0.346,"canopy_frac_over_3m":0.318,"viirs_mean":17.9,"gdl_hdi":0.96,"gdl_region":"Minnesota","ghsl_smod":30,"lst_anomaly_c":null,"lst_anomaly_c_climrel":null,"worldpop_pop_total":4329.0,"frac_under5":5.3,"frac_elderly_65plus":12.3,"frac_elderly_75plus":3.9,"old_age_dependency_ratio":0.166,"has_data":true},"geometry":{"type":"Polygon","coordinates":[[[-93.314049,44.919174],[-93.312173,44.92237],[-93.311172,44.923195],[-93.310829,44.924397],[-93.309153,44.92777],[-93.307969,44.93029],[-93.310302,44.933628],[-93.305209,44.935901],[-93.304012,44.937717],[-93.298393,44.937706],[-93.293297,44.93771],[-93.293287,44.934078],[-93.288239,44.934074],[-93.285645,44.93409],[-93.279747,44.934109],[-93.275314,44.934118],[-93.274833,44.934122],[-93.274546,44.934124],[-93.274568,44.926896],[-93.277931,44.926876],[-93.283104,44.926838],[-93.285713,44.926824],[-93.288284,44.926807],[-93.290817,44.926805],[-93.295578,44.926788],[-93.296326,44.923428],[-93.297982,44.919571],[-93.299591,44.917377],[-93.300049,44.917007],[-93.303162,44.915596],[-93.308746,44.915443],[-93.310699,44.915871],[-93.313843,44.917988],[-93.314049,44.919174]]]}},{"type":"Feature","properties":{"unit_id":"27053024903","name":"Census Tract 249.03 \u2014 Hennepin","native_id":"27053024903","source":"census_tract_2025","adm3_name":"Hennepin County","adm3_id":"27053","area_sqm":894068,"split":false,"population":2957.0,"days_covered":24,"daytime_peak_f":87.8,"heat_anomaly_f":6.2,"extreme_pct":17.0,"nighttime_stress_f":-3.2,"daytime_peak_f_climrel":0.3756,"heat_anomaly_f_climrel":0.3756,"nighttime_stress_f_climrel":-0.1982,"extreme_pct_climrel":0.425,"ref_daytime_hi_mean":81.6,"ref_daytime_hi_p95":94.1,"rwi_mean":null,"health_per_10k":0.0,"built_frac":0.424,"tree_frac":0.468,"canopy_frac_over_3m":0.323,"viirs_mean":49.8,"gdl_hdi":0.96,"gdl_region":"Minnesota","ghsl_smod":21,"lst_anomaly_c":null,"lst_anomaly_c_climrel":null,"worldpop_pop_total":2465.0,"frac_under5":7.4,"frac_elderly_65plus":10.8,"frac_elderly_75plus":4.5,"old_age_dependency_ratio":0.164,"has_data":true},"geometry":{"type":"Polygon","coordinates":[[[-93.257996,44.863731],[-93.257973,44.869106],[-93.257965,44.870926],[-93.256386,44.87101],[-93.252929,44.872715],[-93.24791,44.872711],[-93.247983,44.864738],[-93.247985,44.862271],[-93.247984,44.861919],[-93.257988,44.861863],[-93.257996,44.862272],[-93.257996,44.863731]]]}},{"type":"Feature","properties":{"unit_id":"27053104902","name":"Census Tract 1049.02 \u2014 Hennepin","native_id":"27053104902","source":"census_tract_2025","adm3_name":"Hennepin County","adm3_id":"27053","area_sqm":719993,"split":false,"population":3589.0,"days_covered":24,"daytime_peak_f":87.6,"heat_anomaly_f":6.1,"extreme_pct":17.0,"nighttime_stress_f":-2.8,"daytime_peak_f_climrel":0.362,"heat_anomaly_f_climrel":0.362,"nighttime_stress_f_climrel":-0.1712,"extreme_pct_climrel":0.425,"ref_daytime_hi_mean":81.5,"ref_daytime_hi_p95":94.1,"rwi_mean":null,"health_per_10k":8.35887433825578,"built_frac":0.698,"tree_frac":0.245,"canopy_frac_over_3m":0.22,"viirs_mean":69.9,"gdl_hdi":0.96,"gdl_region":"Minnesota","ghsl_smod":30,"lst_anomaly_c":null,"lst_anomaly_c_climrel":null,"worldpop_pop_total":6998.0,"frac_under5":3.0,"frac_elderly_65plus":2.5,"frac_elderly_75plus":0.9,"old_age_dependency_ratio":0.028,"has_data":true},"geometry":{"type":"Polygon","coordinates":[[[-93.227104,44.973664],[-93.226622,44.975525],[-93.223618,44.974316],[-93.218613,44.972332],[-93.217239,44.97179],[-93.216759,44.970055],[-93.218582,44.967953],[-93.216276,44.967337],[-93.214878,44.964555],[-93.21572,44.964617],[-93.216069,44.964607],[-93.221157,44.964802],[-93.222864,44.963818],[-93.225735,44.966158],[-93.224492,44.966936],[-93.224551,44.966991],[-93.227101,44.968863],[-93.227112,44.971321],[-93.227104,44.973664]]]}},{"type":"Feature","properties":{"unit_id":"27053022301","name":"Census Tract 223.01 \u2014 Hennepin","native_id":"27053022301","source":"census_tract_2025","adm3_name":"Hennepin County","adm3_id":"27053","area_sqm":1402023,"split":false,"population":2154.0,"days_covered":24,"daytime_peak_f":87.9,"heat_anomaly_f":6.3,"extreme_pct":17.0,"nighttime_stress_f":-3.0,"daytime_peak_f_climrel":0.3805,"heat_anomaly_f_climrel":0.3805,"nighttime_stress_f_climrel":-0.1883,"extreme_pct_climrel":0.425,"ref_daytime_hi_mean":81.6,"ref_daytime_hi_p95":94.1,"rwi_mean":null,"health_per_10k":0.0,"built_frac":0.231,"tree_frac":0.657,"canopy_frac_over_3m":0.417,"viirs_mean":14.5,"gdl_hdi":0.96,"gdl_region":"Minnesota","ghsl_smod":21,"lst_anomaly_c":null,"lst_anomaly_c_climrel":null,"worldpop_pop_total":2735.0,"frac_under5":3.9,"frac_elderly_65plus":33.5,"frac_elderly_75plus":19.7,"old_age_dependency_ratio":0.604,"has_data":true},"geometry":{"type":"Polygon","coordinates":[[[-93.400619,44.940508],[-93.398742,44.94051],[-93.398795,44.941167],[-93.399347,44.942308],[-93.400619,44.942375],[-93.400619,44.943697],[-93.400542,44.944894],[-93.40042,44.950111],[-93.397804,44.950588],[-93.3834,44.954388],[-93.38266,44.953197],[-93.384392,44.952255],[-93.388913,44.94715],[-93.389635,44.945076],[-93.391153,44.942276],[-93.392455,44.939864],[-93.394993,44.935108],[-93.395308,44.934518],[-93.396035,44.935113],[-93.396678,44.935116],[-93.400614,44.935133],[-93.400617,44.938747],[-93.400619,44.940508]]]}},{"type":"Feature","properties":{"unit_id":"27053026722","name":"Census Tract 267.22 \u2014 Hennepin","native_id":"27053026722","source":"census_tract_2025","adm3_name":"Hennepin County","adm3_id":"27053","area_sqm":3182605,"split":false,"population":3553.0,"days_covered":24,"daytime_peak_f":87.0,"heat_anomaly_f":6.2,"extreme_pct":17.0,"nighttime_stress_f":-3.2,"daytime_peak_f_climrel":0.3696,"heat_anomaly_f_climrel":0.3696,"nighttime_stress_f_climrel":-0.1996,"extreme_pct_climrel":0.425,"ref_daytime_hi_mean":80.8,"ref_daytime_hi_p95":93.8,"rwi_mean":null,"health_per_10k":0.0,"built_frac":0.306,"tree_frac":0.311,"canopy_frac_over_3m":0.077,"viirs_mean":13.7,"gdl_hdi":0.96,"gdl_region":"Minnesota","ghsl_smod":21,"lst_anomaly_c":null,"lst_anomaly_c_climrel":null,"worldpop_pop_total":6236.0,"frac_under5":5.8,"frac_elderly_65plus":6.1,"frac_elderly_75plus":2.2,"old_age_dependency_ratio":0.088,"has_data":true},"geometry":{"type":"Polygon","coordinates":[[[-93.522034,45.087105],[-93.51957,45.086954],[-93.517142,45.085786],[-93.512286,45.082921],[-93.507157,45.081966],[-93.502749,45.082734],[-93.5021,45.082764],[-93.5022,45.076499],[-93.502183,45.072924],[-93.50209,45.069176],[-93.502083,45.065577],[-93.517357,45.06561],[-93.517349,45.064895],[-93.522079,45.065559],[-93.522057,45.072834],[-93.522011,45.076557],[-93.521974,45.080373],[-93.522224,45.087101],[-93.522034,45.087105]]]}},{"type":"Feature","properties":{"unit_id":"27053101800","name":"Census Tract 1018 \u2014 Hennepin","native_id":"27053101800","source":"census_tract_2025","adm3_name":"Hennepin County","adm3_id":"27053","area_sqm":1181801,"split":false,"population":1651.0,"days_covered":24,"daytime_peak_f":87.5,"heat_anomaly_f":6.4,"extreme_pct":17.0,"nighttime_stress_f":-2.8,"daytime_peak_f_climrel":0.3865,"heat_anomaly_f_climrel":0.3865,"nighttime_stress_f_climrel":-0.1712,"extreme_pct_climrel":0.425,"ref_daytime_hi_mean":81.2,"ref_daytime_hi_p95":93.7,"rwi_mean":null,"health_per_10k":6.0569351907934585,"built_frac":0.584,"tree_frac":0.366,"canopy_frac_over_3m":0.292,"viirs_mean":45.4,"gdl_hdi":0.96,"gdl_region":"Minnesota","ghsl_smod":30,"lst_anomaly_c":null,"lst_anomaly_c_climrel":null,"worldpop_pop_total":4627.0,"frac_under5":4.6,"frac_elderly_65plus":9.0,"frac_elderly_75plus":3.6,"old_age_dependency_ratio":0.119,"has_data":true},"geometry":{"type":"Polygon","coordinates":[[[-93.263115,45.016815],[-93.260714,45.016818],[-93.247345,45.016769],[-93.247337,45.013161],[-93.24733,45.008892],[-93.247337,45.007896],[-93.253917,45.007488],[-93.256966,45.007477],[-93.257553,45.005241],[-93.260246,45.005249],[-93.260345,45.013165],[-93.263084,45.013161],[-93.263115,45.016815]]]}},{"type":"Feature","properties":{"unit_id":"27053001100","name":"Census Tract 11 \u2014 Hennepin","native_id":"27053001100","source":"census_tract_2025","adm3_name":"Hennepin County","adm3_id":"27053","area_sqm":651500,"split":false,"population":1540.8461482522946,"days_covered":24,"daytime_peak_f":87.6,"heat_anomaly_f":6.1,"extreme_pct":17.0,"nighttime_stress_f":-2.8,"daytime_peak_f_climrel":0.362,"heat_anomaly_f_climrel":0.362,"nighttime_stress_f_climrel":-0.1712,"extreme_pct_climrel":0.425,"ref_daytime_hi_mean":81.5,"ref_daytime_hi_p95":94.1,"rwi_mean":null,"health_per_10k":6.489940615643232,"built_frac":0.316,"tree_frac":0.643,"canopy_frac_over_3m":0.43,"viirs_mean":41.7,"gdl_hdi":0.96,"gdl_region":"Minnesota","ghsl_smod":30,"lst_anomaly_c":null,"lst_anomaly_c_climrel":null,"worldpop_pop_total":2493.0,"frac_under5":5.7,"frac_elderly_65plus":7.9,"frac_elderly_75plus":2.1,"old_age_dependency_ratio":0.102,"has_data":true},"geometry":{"type":"Polygon","coordinates":[[[-93.247481,45.020385],[-93.237114,45.020443],[-93.237129,45.016819],[-93.237152,45.013195],[-93.242249,45.013176],[-93.247337,45.013161],[-93.247345,45.016769],[-93.247481,45.020385]]]}},{"type":"Feature","properties":{"unit_id":"27123040801","name":"Census Tract 408.01 \u2014 Ramsey","native_id":"27123040801","source":"census_tract_2025","adm3_name":"Ramsey County","adm3_id":"27123","area_sqm":13902707,"split":false,"population":5125.0,"days_covered":24,"daytime_peak_f":87.1,"heat_anomaly_f":5.9,"extreme_pct":17.0,"nighttime_stress_f":-2.9,"daytime_peak_f_climrel":0.3472,"heat_anomaly_f_climrel":0.3472,"nighttime_stress_f_climrel":-0.1783,"extreme_pct_climrel":0.425,"ref_daytime_hi_mean":81.1,"ref_daytime_hi_p95":93.9,"rwi_mean":null,"health_per_10k":0.0,"built_frac":0.155,"tree_frac":0.302,"canopy_frac_over_3m":0.221,"viirs_mean":16.9,"gdl_hdi":0.96,"gdl_region":"Minnesota","ghsl_smod":21,"lst_anomaly_c":null,"lst_anomaly_c_climrel":null,"worldpop_pop_total":4028.0,"frac_under5":6.1,"frac_elderly_65plus":19.3,"frac_elderly_75plus":7.4,"old_age_dependency_ratio":0.317,"has_data":true},"geometry":{"type":"Polygon","coordinates":[[[-93.188241,45.10795],[-93.185108,45.107973],[-93.158111,45.108052],[-93.147689,45.108074],[-93.147434,45.089565],[-93.147399,45.086382],[-93.147378,45.079386],[-93.147377,45.079219],[-93.14727,45.071928],[-93.14722,45.064704],[-93.147173,45.059533],[-93.156191,45.060994],[-93.158374,45.061602],[-93.16644,45.065889],[-93.169704,45.0665],[-93.185928,45.067016],[-93.185147,45.074568],[-93.185451,45.079056],[-93.186303,45.083224],[-93.187382,45.086308],[-93.187024,45.086316],[-93.187855,45.089549],[-93.188031,45.091721],[-93.188241,45.10795]]]}},{"type":"Feature","properties":{"unit_id":"27053026809","name":"Census Tract 268.09 \u2014 Hennepin","native_id":"27053026809","source":"census_tract_2025","adm3_name":"Hennepin County","adm3_id":"27053","area_sqm":1926841,"split":false,"population":2445.0,"days_covered":24,"daytime_peak_f":87.3,"heat_anomaly_f":6.2,"extreme_pct":17.0,"nighttime_stress_f":-3.0,"daytime_peak_f_climrel":0.3731,"heat_anomaly_f_climrel":0.3731,"nighttime_stress_f_climrel":-0.1862,"extreme_pct_climrel":0.425,"ref_daytime_hi_mean":81.1,"ref_daytime_hi_p95":93.9,"rwi_mean":null,"health_per_10k":0.0,"built_frac":0.407,"tree_frac":0.353,"canopy_frac_over_3m":0.235,"viirs_mean":24.4,"gdl_hdi":0.96,"gdl_region":"Minnesota","ghsl_smod":30,"lst_anomaly_c":null,"lst_anomaly_c_climrel":null,"worldpop_pop_total":4573.0,"frac_under5":8.6,"frac_elderly_65plus":5.8,"frac_elderly_75plus":1.8,"old_age_dependency_ratio":0.082,"has_data":true},"geometry":{"type":"Polygon","coordinates":[[[-93.373886,45.078217],[-93.36768,45.077949],[-93.356911,45.076428],[-93.355671,45.076353],[-93.350757,45.076249],[-93.35045,45.072825],[-93.350139,45.069302],[-93.349819,45.065697],[-93.360054,45.065693],[-93.365731,45.06568],[-93.370462,45.072885],[-93.373886,45.078217]]]}},{"type":"Feature","properties":{"unit_id":"27123037200","name":"Census Tract 372 \u2014 Ramsey","native_id":"27123037200","source":"census_tract_2025","adm3_name":"Ramsey County","adm3_id":"27123","area_sqm":2020845,"split":false,"population":7254.0,"days_covered":24,"daytime_peak_f":87.2,"heat_anomaly_f":6.2,"extreme_pct":17.0,"nighttime_stress_f":-2.9,"daytime_peak_f_climrel":0.3669,"heat_anomaly_f_climrel":0.3669,"nighttime_stress_f_climrel":-0.1738,"extreme_pct_climrel":0.425,"ref_daytime_hi_mean":81.0,"ref_daytime_hi_p95":93.5,"rwi_mean":null,"health_per_10k":0.0,"built_frac":0.255,"tree_frac":0.71,"canopy_frac_over_3m":0.487,"viirs_mean":24.3,"gdl_hdi":0.96,"gdl_region":"Minnesota","ghsl_smod":30,"lst_anomaly_c":null,"lst_anomaly_c_climrel":null,"worldpop_pop_total":6477.0,"frac_under5":6.9,"frac_elderly_65plus":9.7,"frac_elderly_75plus":3.5,"old_age_dependency_ratio":0.141,"has_data":true},"geometry":{"type":"Polygon","coordinates":[[[-93.090928,44.922206],[-93.088039,44.922229],[-93.088048,44.924588],[-93.088091,44.929661],[-93.085158,44.929681],[-93.080784,44.929701],[-93.07796,44.929657],[-93.068955,44.927076],[-93.066297,44.925604],[-93.061502,44.921856],[-93.059647,44.919515],[-93.065388,44.919527],[-93.073012,44.919562],[-93.076465,44.919581],[-93.080674,44.919615],[-93.088016,44.919662],[-93.09091,44.919668],[-93.090928,44.922206]]]}},{"type":"Feature","properties":{"unit_id":"27053021200","name":"Census Tract 212 \u2014 Hennepin","native_id":"27053021200","source":"census_tract_2025","adm3_name":"Hennepin County","adm3_id":"27053","area_sqm":2627788,"split":false,"population":4407.0,"days_covered":24,"daytime_peak_f":87.5,"heat_anomaly_f":6.4,"extreme_pct":17.0,"nighttime_stress_f":-2.8,"daytime_peak_f_climrel":0.3865,"heat_anomaly_f_climrel":0.3865,"nighttime_stress_f_climrel":-0.1712,"extreme_pct_climrel":0.425,"ref_daytime_hi_mean":81.2,"ref_daytime_hi_p95":93.7,"rwi_mean":null,"health_per_10k":0.0,"built_frac":0.235,"tree_frac":0.462,"canopy_frac_over_3m":0.347,"viirs_mean":25.4,"gdl_hdi":0.96,"gdl_region":"Minnesota","ghsl_smod":30,"lst_anomaly_c":null,"lst_anomaly_c_climrel":null,"worldpop_pop_total":4780.0,"frac_under5":5.2,"frac_elderly_65plus":15.2,"frac_elderly_75plus":5.5,"old_age_dependency_ratio":0.219,"has_data":true},"geometry":{"type":"Polygon","coordinates":[[[-93.34058,45.038151],[-93.334551,45.040368],[-93.331253,45.041706],[-93.330225,45.042374],[-93.329843,45.041585],[-93.329564,45.040402],[-93.323233,45.040448],[-93.319315,45.040419],[-93.319275,45.038556],[-93.31929,45.036896],[-93.319419,45.035451],[-93.318794,45.035458],[-93.318703,45.031342],[-93.318619,45.027718],[-93.318527,45.024094],[-93.318436,45.018677],[-93.318494,45.013246],[-93.318499,45.012869],[-93.318817,45.013317],[-93.319578,45.014201],[-93.326576,45.020528],[-93.329403,45.02447],[-93.333905,45.028317],[-93.331917,45.029209],[-93.335396,45.032475],[-93.336044,45.033222],[-93.338502,45.03222],[-93.343011,45.036236],[-93.34058,45.038151]]]}},{"type":"Feature","properties":{"unit_id":"27123031900","name":"Census Tract 319 \u2014 Ramsey","native_id":"27123031900","source":"census_tract_2025","adm3_name":"Ramsey County","adm3_id":"27123","area_sqm":3666497,"split":false,"population":8073.0,"days_covered":24,"daytime_peak_f":87.6,"heat_anomaly_f":6.1,"extreme_pct":17.0,"nighttime_stress_f":-2.8,"daytime_peak_f_climrel":0.362,"heat_anomaly_f_climrel":0.362,"nighttime_stress_f_climrel":-0.1712,"extreme_pct_climrel":0.425,"ref_daytime_hi_mean":81.5,"ref_daytime_hi_p95":94.1,"rwi_mean":null,"health_per_10k":13.625665799578844,"built_frac":0.807,"tree_frac":0.134,"canopy_frac_over_3m":0.097,"viirs_mean":72.4,"gdl_hdi":0.96,"gdl_region":"Minnesota","ghsl_smod":30,"lst_anomaly_c":null,"lst_anomaly_c_climrel":null,"worldpop_pop_total":3869.0,"frac_under5":6.0,"frac_elderly_65plus":7.2,"frac_elderly_75plus":2.1,"old_age_dependency_ratio":0.091,"has_data":true},"geometry":{"type":"Polygon","coordinates":[[[-93.207702,44.971587],[-93.207672,44.976326],[-93.207649,44.980331],[-93.201201,44.976848],[-93.196612,44.975476],[-93.195665,44.975248],[-93.19353,44.975021],[-93.177738,44.97341],[-93.166967,44.973406],[-93.16699,44.970937],[-93.16698,44.970259],[-93.16698,44.969342],[-93.16951,44.969305],[-93.171993,44.968947],[-93.182273,44.968753],[-93.182302,44.962855],[-93.17722,44.962862],[-93.177193,44.95586],[-93.182289,44.957836],[-93.197557,44.963922],[-93.201419,44.965461],[-93.207726,44.96801],[-93.207702,44.971587]]]}},{"type":"Feature","properties":{"unit_id":"27123037100","name":"Census Tract 371 \u2014 Ramsey","native_id":"27123037100","source":"census_tract_2025","adm3_name":"Ramsey County","adm3_id":"27123","area_sqm":2307680,"split":false,"population":2990.0,"days_covered":24,"daytime_peak_f":87.2,"heat_anomaly_f":6.2,"extreme_pct":17.0,"nighttime_stress_f":-2.9,"daytime_peak_f_climrel":0.3669,"heat_anomaly_f_climrel":0.3669,"nighttime_stress_f_climrel":-0.1738,"extreme_pct_climrel":0.425,"ref_daytime_hi_mean":81.0,"ref_daytime_hi_p95":93.5,"rwi_mean":null,"health_per_10k":3.3444816053511706,"built_frac":0.361,"tree_frac":0.474,"canopy_frac_over_3m":0.329,"viirs_mean":46.4,"gdl_hdi":0.96,"gdl_region":"Minnesota","ghsl_smod":30,"lst_anomaly_c":null,"lst_anomaly_c_climrel":null,"worldpop_pop_total":5413.0,"frac_under5":6.1,"frac_elderly_65plus":15.4,"frac_elderly_75plus":6.3,"old_age_dependency_ratio":0.234,"has_data":true},"geometry":{"type":"Polygon","coordinates":[[[-93.104254,44.933076],[-93.099857,44.937606],[-93.093444,44.941849],[-93.092438,44.94172],[-93.091411,44.942334],[-93.089009,44.942987],[-93.087497,44.944019],[-93.081287,44.936826],[-93.080983,44.936247],[-93.080784,44.929701],[-93.085158,44.929681],[-93.088091,44.929661],[-93.088048,44.924588],[-93.088039,44.922229],[-93.090928,44.922206],[-93.090935,44.923236],[-93.096041,44.923287],[-93.097658,44.923644],[-93.097683,44.925622],[-93.097736,44.929562],[-93.097753,44.931295],[-93.097694,44.932635],[-93.102031,44.930685],[-93.102434,44.931573],[-93.104254,44.933076]]]}},{"type":"Feature","properties":{"unit_id":"27053025205","name":"Census Tract 252.05 \u2014 Hennepin","native_id":"27053025205","source":"census_tract_2025","adm3_name":"Hennepin County","adm3_id":"27053","area_sqm":3164420,"split":false,"population":2801.0,"days_covered":24,"daytime_peak_f":87.8,"heat_anomaly_f":6.1,"extreme_pct":8.0,"nighttime_stress_f":-3.1,"daytime_peak_f_climrel":0.3674,"heat_anomaly_f_climrel":0.3674,"nighttime_stress_f_climrel":-0.1896,"extreme_pct_climrel":0.2,"ref_daytime_hi_mean":81.7,"ref_daytime_hi_p95":94.4,"rwi_mean":null,"health_per_10k":0.0,"built_frac":0.271,"tree_frac":0.55,"canopy_frac_over_3m":0.361,"viirs_mean":14.7,"gdl_hdi":0.96,"gdl_region":"Minnesota","ghsl_smod":30,"lst_anomaly_c":null,"lst_anomaly_c_climrel":null,"worldpop_pop_total":5549.0,"frac_under5":6.4,"frac_elderly_65plus":16.3,"frac_elderly_75plus":6.9,"old_age_dependency_ratio":0.246,"has_data":true},"geometry":{"type":"Polygon","coordinates":[[[-93.268295,44.833496],[-93.268288,44.8353],[-93.268272,44.840721],[-93.26828,44.847939],[-93.258064,44.847954],[-93.247902,44.84795],[-93.247864,44.840771],[-93.247864,44.837536],[-93.252235,44.833782],[-93.256783,44.830627],[-93.257843,44.829891],[-93.263251,44.826368],[-93.268349,44.826263],[-93.268295,44.833496]]]}},{"type":"Feature","properties":{"unit_id":"27123037601","name":"Census Tract 376.01 \u2014 Ramsey","native_id":"27123037601","source":"census_tract_2025","adm3_name":"Ramsey County","adm3_id":"27123","area_sqm":2883064,"split":false,"population":2152.0,"days_covered":24,"daytime_peak_f":87.7,"heat_anomaly_f":6.1,"extreme_pct":17.0,"nighttime_stress_f":-3.0,"daytime_peak_f_climrel":0.3591,"heat_anomaly_f_climrel":0.3591,"nighttime_stress_f_climrel":-0.1852,"extreme_pct_climrel":0.425,"ref_daytime_hi_mean":81.5,"ref_daytime_hi_p95":94.0,"rwi_mean":null,"health_per_10k":13.940520446096654,"built_frac":0.211,"tree_frac":0.538,"canopy_frac_over_3m":0.393,"viirs_mean":27.3,"gdl_hdi":0.96,"gdl_region":"Minnesota","ghsl_smod":30,"lst_anomaly_c":null,"lst_anomaly_c_climrel":null,"worldpop_pop_total":4426.0,"frac_under5":4.9,"frac_elderly_65plus":21.5,"frac_elderly_75plus":10.1,"old_age_dependency_ratio":0.326,"has_data":true},"geometry":{"type":"Polygon","coordinates":[[[-93.201213,44.917878],[-93.198814,44.917868],[-93.195492,44.917893],[-93.187374,44.91792],[-93.187377,44.916165],[-93.184939,44.912532],[-93.183043,44.909732],[-93.178261,44.904424],[-93.1772,44.904221],[-93.172113,44.904236],[-93.172101,44.90101],[-93.177994,44.897828],[-93.179516,44.89643],[-93.181529,44.894259],[-93.18739,44.89512],[-93.190385,44.897987],[-93.190676,44.901217],[-93.192214,44.904376],[-93.194042,44.905414],[-93.198737,44.907761],[-93.200367,44.909625],[-93.201213,44.917878]]]}},{"type":"Feature","properties":{"unit_id":"27053106700","name":"Census Tract 1067 \u2014 Hennepin","native_id":"27053106700","source":"census_tract_2025","adm3_name":"Hennepin County","adm3_id":"27053","area_sqm":747589,"split":false,"population":3615.0,"days_covered":24,"daytime_peak_f":87.5,"heat_anomaly_f":6.4,"extreme_pct":17.0,"nighttime_stress_f":-2.8,"daytime_peak_f_climrel":0.3865,"heat_anomaly_f_climrel":0.3865,"nighttime_stress_f_climrel":-0.1712,"extreme_pct_climrel":0.425,"ref_daytime_hi_mean":81.2,"ref_daytime_hi_p95":93.7,"rwi_mean":null,"health_per_10k":11.065006915629322,"built_frac":0.694,"tree_frac":0.301,"canopy_frac_over_3m":0.336,"viirs_mean":54.7,"gdl_hdi":0.96,"gdl_region":"Minnesota","ghsl_smod":30,"lst_anomaly_c":null,"lst_anomaly_c_climrel":null,"worldpop_pop_total":5517.0,"frac_under5":1.7,"frac_elderly_65plus":5.3,"frac_elderly_75plus":1.4,"old_age_dependency_ratio":0.059,"has_data":true},"geometry":{"type":"Polygon","coordinates":[[[-93.296789,44.955543],[-93.29409,44.959122],[-93.292725,44.960918],[-93.288624,44.966286],[-93.28811,44.968087],[-93.288147,44.96576],[-93.287964,44.965491],[-93.28796,44.962798],[-93.288002,44.9627],[-93.28801,44.960918],[-93.288017,44.959118],[-93.288033,44.95731],[-93.28804,44.955536],[-93.288055,44.953732],[-93.288071,44.95195],[-93.298256,44.951954],[-93.296789,44.955543]]]}},{"type":"Feature","properties":{"unit_id":"27053026910","name":"Census Tract 269.10 \u2014 Hennepin","native_id":"27053026910","source":"census_tract_2025","adm3_name":"Hennepin County","adm3_id":"27053","area_sqm":60542913,"split":false,"population":7648.0,"days_covered":24,"daytime_peak_f":87.4,"heat_anomaly_f":6.3,"extreme_pct":17.0,"nighttime_stress_f":-3.5,"daytime_peak_f_climrel":0.368,"heat_anomaly_f_climrel":0.368,"nighttime_stress_f_climrel":-0.2136,"extreme_pct_climrel":0.425,"ref_daytime_hi_mean":81.1,"ref_daytime_hi_p95":94.5,"rwi_mean":null,"health_per_10k":0.0,"built_frac":0.043,"tree_frac":0.336,"canopy_frac_over_3m":0.274,"viirs_mean":6.7,"gdl_hdi":0.96,"gdl_region":"Minnesota","ghsl_smod":11,"lst_anomaly_c":null,"lst_anomaly_c_climrel":null,"worldpop_pop_total":8895.0,"frac_under5":6.6,"frac_elderly_65plus":13.1,"frac_elderly_75plus":4.1,"old_age_dependency_ratio":0.198,"has_data":true},"geometry":{"type":"Polygon","coordinates":[[[-93.522298,45.245035],[-93.521653,45.246618],[-93.514032,45.246145],[-93.51219,45.245683],[-93.502681,45.242224],[-93.501598,45.241594],[-93.500234,45.240565],[-93.496892,45.234264],[-93.492315,45.230144],[-93.487523,45.226985],[-93.485469,45.225678],[-93.48174,45.224971],[-93.47707,45.225108],[-93.47028,45.225942],[-93.466526,45.225482],[-93.464405,45.22462],[-93.460072,45.221362],[-93.457362,45.220139],[-93.450718,45.219478],[-93.44405,45.216632],[-93.442249,45.216358],[-93.438824,45.216816],[-93.436539,45.217567],[-93.43317,45.21796],[-93.427732,45.215565],[-93.426409,45.214903],[-93.424915,45.214099],[-93.422453,45.211423],[-93.422401,45.201431],[-93.422237,45.188011],[-93.422019,45.171692],[-93.421923,45.162907],[-93.42164,45.152243],[-93.424365,45.152251],[-93.427797,45.152259],[-93.471966,45.152331],[-93.487007,45.152471],[-93.492705,45.152558],[-93.505093,45.152726],[-93.505642,45.15273],[-93.521818,45.152911],[-93.521485,45.163408],[-93.521477,45.163475],[-93.521343,45.167027],[-93.522409,45.195759],[-93.52236,45.202695],[-93.522126,45.209836],[-93.522122,45.232279],[-93.521789,45.232475],[-93.521368,45.23608],[-93.519895,45.238265],[-93.519315,45.23848],[-93.515965,45.238469],[-93.515335,45.238665],[-93.51467,45.239925],[-93.515968,45.24147],[-93.517575,45.242175],[-93.519948,45.242279],[-93.520574,45.242442],[-93.52243,45.244371],[-93.522298,45.245035]]]}},{"type":"Feature","properties":{"unit_id":"27123031600","name":"Census Tract 316 \u2014 Ramsey","native_id":"27123031600","source":"census_tract_2025","adm3_name":"Ramsey County","adm3_id":"27123","area_sqm":1131420,"split":false,"population":3327.0,"days_covered":24,"daytime_peak_f":87.0,"heat_anomaly_f":6.5,"extreme_pct":17.0,"nighttime_stress_f":-2.0,"daytime_peak_f_climrel":0.3832,"heat_anomaly_f_climrel":0.3832,"nighttime_stress_f_climrel":-0.1206,"extreme_pct_climrel":0.425,"ref_daytime_hi_mean":80.6,"ref_daytime_hi_p95":92.9,"rwi_mean":null,"health_per_10k":3.0057108506161705,"built_frac":0.37,"tree_frac":0.533,"canopy_frac_over_3m":0.334,"viirs_mean":43.6,"gdl_hdi":0.96,"gdl_region":"Minnesota","ghsl_smod":30,"lst_anomaly_c":null,"lst_anomaly_c_climrel":null,"worldpop_pop_total":5193.0,"frac_under5":8.1,"frac_elderly_65plus":7.4,"frac_elderly_75plus":2.9,"old_age_dependency_ratio":0.112,"has_data":true},"geometry":{"type":"Polygon","coordinates":[[[-93.065964,44.970315],[-93.065964,44.973904],[-93.0558,44.973918],[-93.045447,44.973938],[-93.045928,44.972441],[-93.047022,44.971081],[-93.051615,44.968066],[-93.055842,44.966948],[-93.055843,44.966897],[-93.060924,44.965948],[-93.062314,44.965768],[-93.066071,44.9656],[-93.065964,44.970315]]]}},{"type":"Feature","properties":{"unit_id":"27053109400","name":"Census Tract 1094 \u2014 Hennepin","native_id":"27053109400","source":"census_tract_2025","adm3_name":"Hennepin County","adm3_id":"27053","area_sqm":440842,"split":false,"population":2027.0,"days_covered":24,"daytime_peak_f":87.8,"heat_anomaly_f":6.2,"extreme_pct":17.0,"nighttime_stress_f":-3.2,"daytime_peak_f_climrel":0.3756,"heat_anomaly_f_climrel":0.3756,"nighttime_stress_f_climrel":-0.1982,"extreme_pct_climrel":0.425,"ref_daytime_hi_mean":81.6,"ref_daytime_hi_p95":94.1,"rwi_mean":null,"health_per_10k":4.933399111988161,"built_frac":0.654,"tree_frac":0.301,"canopy_frac_over_3m":0.27,"viirs_mean":42.4,"gdl_hdi":0.96,"gdl_region":"Minnesota","ghsl_smod":30,"lst_anomaly_c":null,"lst_anomaly_c_climrel":null,"worldpop_pop_total":2366.0,"frac_under5":6.9,"frac_elderly_65plus":4.7,"frac_elderly_75plus":1.5,"old_age_dependency_ratio":0.063,"has_data":true},"geometry":{"type":"Polygon","coordinates":[[[-93.274586,44.941359],[-93.270203,44.941372],[-93.267654,44.941383],[-93.267593,44.937775],[-93.26754,44.934158],[-93.274017,44.934128],[-93.274546,44.934124],[-93.274532,44.937741],[-93.274586,44.941359]]]}},{"type":"Feature","properties":{"unit_id":"27053027400","name":"Census Tract 274 \u2014 Hennepin","native_id":"27053027400","source":"census_tract_2025","adm3_name":"Hennepin County","adm3_id":"27053","area_sqm":7516629,"split":false,"population":4193.0,"days_covered":24,"daytime_peak_f":87.4,"heat_anomaly_f":6.2,"extreme_pct":17.0,"nighttime_stress_f":-2.9,"daytime_peak_f_climrel":0.3694,"heat_anomaly_f_climrel":0.3694,"nighttime_stress_f_climrel":-0.1763,"extreme_pct_climrel":0.425,"ref_daytime_hi_mean":81.2,"ref_daytime_hi_p95":93.5,"rwi_mean":null,"health_per_10k":0.0,"built_frac":0.026,"tree_frac":0.516,"canopy_frac_over_3m":0.387,"viirs_mean":4.5,"gdl_hdi":0.96,"gdl_region":"Minnesota","ghsl_smod":21,"lst_anomaly_c":null,"lst_anomaly_c_climrel":null,"worldpop_pop_total":4452.0,"frac_under5":4.0,"frac_elderly_65plus":20.9,"frac_elderly_75plus":9.0,"old_age_dependency_ratio":0.352,"has_data":true},"geometry":{"type":"Polygon","coordinates":[[[-93.558294,44.923761],[-93.543151,44.934847],[-93.543002,44.94952],[-93.532076,44.949541],[-93.530124,44.949525],[-93.526411,44.956639],[-93.52264,44.960385],[-93.511099,44.960438],[-93.509208,44.959939],[-93.502063,44.95346],[-93.502067,44.952346],[-93.502228,44.945618],[-93.50727,44.945608],[-93.507443,44.939391],[-93.502343,44.939308],[-93.502388,44.936588],[-93.505315,44.936009],[-93.507425,44.934713],[-93.507813,44.928802],[-93.518322,44.925873],[-93.518326,44.920393],[-93.520664,44.920452],[-93.520823,44.916695],[-93.523391,44.916771],[-93.523327,44.911467],[-93.525431,44.910526],[-93.528424,44.909423],[-93.528428,44.910972],[-93.533324,44.909971],[-93.533288,44.916887],[-93.538352,44.916909],[-93.538345,44.92054],[-93.546616,44.920628],[-93.547541,44.919297],[-93.547724,44.920202],[-93.549153,44.920387],[-93.553631,44.920581],[-93.558294,44.923761]]]}},{"type":"Feature","properties":{"unit_id":"27123040102","name":"Census Tract 401.02 \u2014 Ramsey","native_id":"27123040102","source":"census_tract_2025","adm3_name":"Ramsey County","adm3_id":"27123","area_sqm":5810969,"split":false,"population":2739.0,"days_covered":24,"daytime_peak_f":86.4,"heat_anomaly_f":6.4,"extreme_pct":17.0,"nighttime_stress_f":-2.5,"daytime_peak_f_climrel":0.3794,"heat_anomaly_f_climrel":0.3794,"nighttime_stress_f_climrel":-0.1514,"extreme_pct_climrel":0.425,"ref_daytime_hi_mean":80.1,"ref_daytime_hi_p95":92.4,"rwi_mean":null,"health_per_10k":0.0,"built_frac":0.066,"tree_frac":0.427,"canopy_frac_over_3m":0.282,"viirs_mean":4.0,"gdl_hdi":0.96,"gdl_region":"Minnesota","ghsl_smod":21,"lst_anomaly_c":null,"lst_anomaly_c_climrel":null,"worldpop_pop_total":4231.0,"frac_under5":4.6,"frac_elderly_65plus":19.8,"frac_elderly_75plus":6.6,"old_age_dependency_ratio":0.309,"has_data":true},"geometry":{"type":"Polygon","coordinates":[[[-93.035841,45.09738],[-93.025607,45.09736],[-93.023754,45.097946],[-93.021966,45.09979],[-93.024652,45.103644],[-93.026522,45.10757],[-93.027017,45.111579],[-93.026742,45.113539],[-93.027854,45.115024],[-93.027471,45.118605],[-93.025464,45.12052],[-93.025404,45.122808],[-93.024716,45.12386],[-93.020518,45.123866],[-93.003849,45.123753],[-93.003037,45.123754],[-92.989277,45.12376],[-92.984619,45.123622],[-92.984549,45.115937],[-92.984537,45.103049],[-92.994832,45.101898],[-92.996301,45.101602],[-93.003008,45.099621],[-93.005258,45.098923],[-93.015392,45.095868],[-93.01539,45.09602],[-93.025624,45.094032],[-93.030731,45.093758],[-93.03073,45.093151],[-93.035828,45.09227],[-93.035841,45.09738]]]}},{"type":"Feature","properties":{"unit_id":"27053008200","name":"Census Tract 82 \u2014 Hennepin","native_id":"27053008200","source":"census_tract_2025","adm3_name":"Hennepin County","adm3_id":"27053","area_sqm":628213,"split":false,"population":5979.0,"days_covered":24,"daytime_peak_f":87.8,"heat_anomaly_f":6.2,"extreme_pct":17.0,"nighttime_stress_f":-3.2,"daytime_peak_f_climrel":0.3756,"heat_anomaly_f_climrel":0.3756,"nighttime_stress_f_climrel":-0.1982,"extreme_pct_climrel":0.425,"ref_daytime_hi_mean":81.6,"ref_daytime_hi_p95":94.1,"rwi_mean":null,"health_per_10k":3.345040976751965,"built_frac":0.659,"tree_frac":0.317,"canopy_frac_over_3m":0.306,"viirs_mean":54.4,"gdl_hdi":0.96,"gdl_region":"Minnesota","ghsl_smod":30,"lst_anomaly_c":null,"lst_anomaly_c_climrel":null,"worldpop_pop_total":3975.0,"frac_under5":4.1,"frac_elderly_65plus":15.2,"frac_elderly_75plus":7.2,"old_age_dependency_ratio":0.208,"has_data":true},"geometry":{"type":"Polygon","coordinates":[[[-93.288139,44.944736],[-93.288094,44.948364],[-93.283012,44.948359],[-93.277946,44.948353],[-93.277939,44.944748],[-93.277916,44.941345],[-93.281387,44.941338],[-93.28817,44.94133],[-93.288139,44.944736]]]}},{"type":"Feature","properties":{"unit_id":"27053023802","name":"Census Tract 238.02 \u2014 Hennepin","native_id":"27053023802","source":"census_tract_2025","adm3_name":"Hennepin County","adm3_id":"27053","area_sqm":1443511,"split":false,"population":1872.0,"days_covered":24,"daytime_peak_f":87.8,"heat_anomaly_f":6.2,"extreme_pct":17.0,"nighttime_stress_f":-3.2,"daytime_peak_f_climrel":0.3756,"heat_anomaly_f_climrel":0.3756,"nighttime_stress_f_climrel":-0.1982,"extreme_pct_climrel":0.425,"ref_daytime_hi_mean":81.6,"ref_daytime_hi_p95":94.1,"rwi_mean":null,"health_per_10k":0.0,"built_frac":0.267,"tree_frac":0.65,"canopy_frac_over_3m":0.435,"viirs_mean":17.5,"gdl_hdi":0.96,"gdl_region":"Minnesota","ghsl_smod":30,"lst_anomaly_c":null,"lst_anomaly_c_climrel":null,"worldpop_pop_total":3400.0,"frac_under5":7.2,"frac_elderly_65plus":13.3,"frac_elderly_75plus":5.0,"old_age_dependency_ratio":0.21,"has_data":true},"geometry":{"type":"Polygon","coordinates":[[[-93.32898,44.88902],[-93.329002,44.894451],[-93.32901,44.898067],[-93.328995,44.905308],[-93.318817,44.905239],[-93.318825,44.901619],[-93.318832,44.897999],[-93.318825,44.894398],[-93.318825,44.890752],[-93.321647,44.890455],[-93.324373,44.889011],[-93.327623,44.887227],[-93.329086,44.886924],[-93.32898,44.88902]]]}},{"type":"Feature","properties":{"unit_id":"27053011703","name":"Census Tract 117.03 \u2014 Hennepin","native_id":"27053011703","source":"census_tract_2025","adm3_name":"Hennepin County","adm3_id":"27053","area_sqm":1737541,"split":false,"population":4447.0,"days_covered":24,"daytime_peak_f":87.8,"heat_anomaly_f":6.2,"extreme_pct":17.0,"nighttime_stress_f":-3.2,"daytime_peak_f_climrel":0.3756,"heat_anomaly_f_climrel":0.3756,"nighttime_stress_f_climrel":-0.1982,"extreme_pct_climrel":0.425,"ref_daytime_hi_mean":81.6,"ref_daytime_hi_p95":94.1,"rwi_mean":null,"health_per_10k":2.24870699347875,"built_frac":0.227,"tree_frac":0.637,"canopy_frac_over_3m":0.475,"viirs_mean":23.0,"gdl_hdi":0.96,"gdl_region":"Minnesota","ghsl_smod":30,"lst_anomaly_c":null,"lst_anomaly_c_climrel":null,"worldpop_pop_total":4549.0,"frac_under5":6.4,"frac_elderly_65plus":15.2,"frac_elderly_75plus":4.2,"old_age_dependency_ratio":0.231,"has_data":true},"geometry":{"type":"Polygon","coordinates":[[[-93.262642,44.910679],[-93.262642,44.911194],[-93.262642,44.916107],[-93.251076,44.916092],[-93.251128,44.915512],[-93.247307,44.916056],[-93.247307,44.915076],[-93.247322,44.91066],[-93.247513,44.900906],[-93.249412,44.900921],[-93.251205,44.901672],[-93.253258,44.903633],[-93.253845,44.903431],[-93.257629,44.903442],[-93.262665,44.903414],[-93.262642,44.910679]]]}},{"type":"Feature","properties":{"unit_id":"27053020400","name":"Census Tract 204 \u2014 Hennepin","native_id":"27053020400","source":"census_tract_2025","adm3_name":"Hennepin County","adm3_id":"27053","area_sqm":3837236,"split":false,"population":5135.0,"days_covered":24,"daytime_peak_f":87.3,"heat_anomaly_f":6.2,"extreme_pct":17.0,"nighttime_stress_f":-2.8,"daytime_peak_f_climrel":0.3737,"heat_anomaly_f_climrel":0.3737,"nighttime_stress_f_climrel":-0.1775,"extreme_pct_climrel":0.425,"ref_daytime_hi_mean":81.1,"ref_daytime_hi_p95":93.9,"rwi_mean":null,"health_per_10k":1.9474196689386563,"built_frac":0.344,"tree_frac":0.387,"canopy_frac_over_3m":0.266,"viirs_mean":27.8,"gdl_hdi":0.96,"gdl_region":"Minnesota","ghsl_smod":30,"lst_anomaly_c":null,"lst_anomaly_c_climrel":null,"worldpop_pop_total":5745.0,"frac_under5":5.5,"frac_elderly_65plus":11.7,"frac_elderly_75plus":4.6,"old_age_dependency_ratio":0.166,"has_data":true},"geometry":{"type":"Polygon","coordinates":[[[-93.339806,45.048462],[-93.339789,45.053643],[-93.338443,45.058254],[-93.33962,45.059616],[-93.339686,45.06562],[-93.333595,45.065639],[-93.332961,45.065467],[-93.332344,45.065361],[-93.329033,45.06535],[-93.327682,45.065693],[-93.325833,45.065705],[-93.32518,45.06115],[-93.324846,45.06028],[-93.322365,45.060126],[-93.320323,45.059382],[-93.319499,45.059263],[-93.314344,45.059236],[-93.314455,45.055399],[-93.314545,45.052248],[-93.314187,45.051239],[-93.319496,45.05125],[-93.319443,45.047596],[-93.319433,45.04217],[-93.322606,45.042644],[-93.323233,45.040448],[-93.329564,45.040402],[-93.329843,45.041585],[-93.330225,45.042374],[-93.331253,45.041706],[-93.334551,45.040368],[-93.339834,45.040332],[-93.339806,45.048462]]]}},{"type":"Feature","properties":{"unit_id":"27053106600","name":"Census Tract 1066 \u2014 Hennepin","native_id":"27053106600","source":"census_tract_2025","adm3_name":"Hennepin County","adm3_id":"27053","area_sqm":602347,"split":false,"population":1670.6955939283346,"days_covered":24,"daytime_peak_f":87.5,"heat_anomaly_f":6.4,"extreme_pct":17.0,"nighttime_stress_f":-2.8,"daytime_peak_f_climrel":0.3865,"heat_anomaly_f_climrel":0.3865,"nighttime_stress_f_climrel":-0.1712,"extreme_pct_climrel":0.425,"ref_daytime_hi_mean":81.2,"ref_daytime_hi_p95":93.7,"rwi_mean":null,"health_per_10k":35.913185033858255,"built_frac":0.412,"tree_frac":0.576,"canopy_frac_over_3m":0.452,"viirs_mean":39.1,"gdl_hdi":0.96,"gdl_region":"Minnesota","ghsl_smod":30,"lst_anomaly_c":null,"lst_anomaly_c_climrel":null,"worldpop_pop_total":2696.0,"frac_under5":3.2,"frac_elderly_65plus":18.0,"frac_elderly_75plus":6.9,"old_age_dependency_ratio":0.249,"has_data":true},"geometry":{"type":"Polygon","coordinates":[[[-93.305122,44.951138],[-93.302406,44.952957],[-93.301331,44.955212],[-93.301689,44.955715],[-93.303612,44.956573],[-93.303543,44.957634],[-93.301353,44.9603],[-93.301437,44.96088],[-93.299683,44.960934],[-93.295639,44.960922],[-93.293083,44.960918],[-93.292725,44.960918],[-93.29409,44.959122],[-93.296789,44.955543],[-93.298256,44.951954],[-93.298266,44.950321],[-93.305019,44.950481],[-93.305122,44.951138]]]}},{"type":"Feature","properties":{"unit_id":"27053020801","name":"Census Tract 208.01 \u2014 Hennepin","native_id":"27053020801","source":"census_tract_2025","adm3_name":"Hennepin County","adm3_id":"27053","area_sqm":1369367,"split":false,"population":2326.147962294298,"days_covered":24,"daytime_peak_f":87.3,"heat_anomaly_f":6.2,"extreme_pct":17.0,"nighttime_stress_f":-3.0,"daytime_peak_f_climrel":0.3731,"heat_anomaly_f_climrel":0.3731,"nighttime_stress_f_climrel":-0.1862,"extreme_pct_climrel":0.425,"ref_daytime_hi_mean":81.1,"ref_daytime_hi_p95":93.9,"rwi_mean":null,"health_per_10k":0.0,"built_frac":0.356,"tree_frac":0.539,"canopy_frac_over_3m":0.34,"viirs_mean":28.1,"gdl_hdi":0.96,"gdl_region":"Minnesota","ghsl_smod":30,"lst_anomaly_c":null,"lst_anomaly_c_climrel":null,"worldpop_pop_total":2365.0,"frac_under5":4.9,"frac_elderly_65plus":14.0,"frac_elderly_75plus":5.8,"old_age_dependency_ratio":0.199,"has_data":true},"geometry":{"type":"Polygon","coordinates":[[[-93.380429,45.061975],[-93.372717,45.062005],[-93.370255,45.061091],[-93.370255,45.065666],[-93.365731,45.06568],[-93.359182,45.055696],[-93.358293,45.05464],[-93.358864,45.054642],[-93.365593,45.054661],[-93.369985,45.054672],[-93.370964,45.054672],[-93.371538,45.054676],[-93.372727,45.054679],[-93.372856,45.05468],[-93.372825,45.056223],[-93.374108,45.05623],[-93.373051,45.05468],[-93.37307,45.051965],[-93.37577,45.051959],[-93.376099,45.054685],[-93.375289,45.055606],[-93.375255,45.058368],[-93.37664,45.058372],[-93.376702,45.055623],[-93.378548,45.054691],[-93.378555,45.058296],[-93.380455,45.058272],[-93.380429,45.061975]]]}},{"type":"Feature","properties":{"unit_id":"27053025201","name":"Census Tract 252.01 \u2014 Hennepin","native_id":"27053025201","source":"census_tract_2025","adm3_name":"Hennepin County","adm3_id":"27053","area_sqm":2526945,"split":false,"population":2111.0,"days_covered":24,"daytime_peak_f":87.8,"heat_anomaly_f":6.2,"extreme_pct":17.0,"nighttime_stress_f":-3.2,"daytime_peak_f_climrel":0.3756,"heat_anomaly_f_climrel":0.3756,"nighttime_stress_f_climrel":-0.1982,"extreme_pct_climrel":0.425,"ref_daytime_hi_mean":81.6,"ref_daytime_hi_p95":94.1,"rwi_mean":null,"health_per_10k":9.474182851729038,"built_frac":0.446,"tree_frac":0.398,"canopy_frac_over_3m":0.277,"viirs_mean":36.3,"gdl_hdi":0.96,"gdl_region":"Minnesota","ghsl_smod":30,"lst_anomaly_c":null,"lst_anomaly_c_climrel":null,"worldpop_pop_total":5853.0,"frac_under5":6.3,"frac_elderly_65plus":9.7,"frac_elderly_75plus":3.6,"old_age_dependency_ratio":0.142,"has_data":true},"geometry":{"type":"Polygon","coordinates":[[[-93.268211,44.855148],[-93.268208,44.855526],[-93.268165,44.859834],[-93.268149,44.86185],[-93.257988,44.861863],[-93.247984,44.861919],[-93.247336,44.861921],[-93.247281,44.860015],[-93.247036,44.856833],[-93.247112,44.852305],[-93.247902,44.84795],[-93.258064,44.847954],[-93.26828,44.847939],[-93.268211,44.855148]]]}},{"type":"Feature","properties":{"unit_id":"27053026822","name":"Census Tract 268.22 \u2014 Hennepin","native_id":"27053026822","source":"census_tract_2025","adm3_name":"Hennepin County","adm3_id":"27053","area_sqm":4792314,"split":false,"population":3653.0,"days_covered":24,"daytime_peak_f":87.3,"heat_anomaly_f":6.2,"extreme_pct":17.0,"nighttime_stress_f":-2.8,"daytime_peak_f_climrel":0.3737,"heat_anomaly_f_climrel":0.3737,"nighttime_stress_f_climrel":-0.1775,"extreme_pct_climrel":0.425,"ref_daytime_hi_mean":81.1,"ref_daytime_hi_p95":93.9,"rwi_mean":null,"health_per_10k":19.162332329592118,"built_frac":0.192,"tree_frac":0.537,"canopy_frac_over_3m":0.352,"viirs_mean":12.2,"gdl_hdi":0.96,"gdl_region":"Minnesota","ghsl_smod":30,"lst_anomaly_c":null,"lst_anomaly_c_climrel":null,"worldpop_pop_total":5324.0,"frac_under5":4.6,"frac_elderly_65plus":22.1,"frac_elderly_75plus":8.9,"old_age_dependency_ratio":0.352,"has_data":true},"geometry":{"type":"Polygon","coordinates":[[[-93.34125,45.110481],[-93.340284,45.113345],[-93.337844,45.116576],[-93.337173,45.116325],[-93.331055,45.116077],[-93.32975,45.116081],[-93.329002,45.116104],[-93.327164,45.116608],[-93.323463,45.119396],[-93.318657,45.121067],[-93.317627,45.122146],[-93.319399,45.123235],[-93.313299,45.122856],[-93.308629,45.12257],[-93.306274,45.122772],[-93.303123,45.124172],[-93.300176,45.127812],[-93.298986,45.128892],[-93.297128,45.126965],[-93.296092,45.121736],[-93.296059,45.119416],[-93.29507,45.115326],[-93.2934,45.113599],[-93.287946,45.110736],[-93.284779,45.1086],[-93.290291,45.108627],[-93.30142,45.10883],[-93.31151,45.108912],[-93.321101,45.108992],[-93.324759,45.108973],[-93.341284,45.108909],[-93.34125,45.110481]]]}},{"type":"Feature","properties":{"unit_id":"27123042102","name":"Census Tract 421.02 \u2014 Ramsey","native_id":"27123042102","source":"census_tract_2025","adm3_name":"Ramsey County","adm3_id":"27123","area_sqm":4972817,"split":false,"population":4122.0,"days_covered":24,"daytime_peak_f":87.0,"heat_anomaly_f":6.5,"extreme_pct":17.0,"nighttime_stress_f":-2.0,"daytime_peak_f_climrel":0.3832,"heat_anomaly_f_climrel":0.3832,"nighttime_stress_f_climrel":-0.1206,"extreme_pct_climrel":0.425,"ref_daytime_hi_mean":80.6,"ref_daytime_hi_p95":92.9,"rwi_mean":null,"health_per_10k":0.0,"built_frac":0.146,"tree_frac":0.564,"canopy_frac_over_3m":0.373,"viirs_mean":11.8,"gdl_hdi":0.96,"gdl_region":"Minnesota","ghsl_smod":21,"lst_anomaly_c":null,"lst_anomaly_c_climrel":null,"worldpop_pop_total":5034.0,"frac_under5":5.5,"frac_elderly_65plus":16.5,"frac_elderly_75plus":5.9,"old_age_dependency_ratio":0.25,"has_data":true},"geometry":{"type":"Polygon","coordinates":[[[-93.090057,45.03209],[-93.088282,45.034382],[-93.085285,45.035496],[-93.082258,45.035913],[-93.07667,45.035883],[-93.058815,45.035878],[-93.056231,45.035876],[-93.05607,45.028059],[-93.066345,45.028117],[-93.066106,45.020849],[-93.066161,45.010569],[-93.069207,45.009766],[-93.076364,45.009641],[-93.079341,45.009681],[-93.086523,45.010742],[-93.088155,45.010793],[-93.089811,45.010726],[-93.089897,45.017087],[-93.089852,45.022905],[-93.090057,45.03209]]]}},{"type":"Feature","properties":{"unit_id":"27053020102","name":"Census Tract 201.02 \u2014 Hennepin","native_id":"27053020102","source":"census_tract_2025","adm3_name":"Hennepin County","adm3_id":"27053","area_sqm":2494179,"split":false,"population":1391.0,"days_covered":24,"daytime_peak_f":87.6,"heat_anomaly_f":6.1,"extreme_pct":17.0,"nighttime_stress_f":-2.8,"daytime_peak_f_climrel":0.362,"heat_anomaly_f_climrel":0.362,"nighttime_stress_f_climrel":-0.1712,"extreme_pct_climrel":0.425,"ref_daytime_hi_mean":81.5,"ref_daytime_hi_p95":94.1,"rwi_mean":null,"health_per_10k":7.1890726096333575,"built_frac":0.232,"tree_frac":0.363,"canopy_frac_over_3m":0.303,"viirs_mean":25.8,"gdl_hdi":0.96,"gdl_region":"Minnesota","ghsl_smod":30,"lst_anomaly_c":null,"lst_anomaly_c_climrel":null,"worldpop_pop_total":2408.0,"frac_under5":4.6,"frac_elderly_65plus":29.0,"frac_elderly_75plus":16.0,"old_age_dependency_ratio":0.516,"has_data":true},"geometry":{"type":"Polygon","coordinates":[[[-93.226883,45.024097],[-93.21254,45.024174],[-93.211166,45.025078],[-93.209578,45.024668],[-93.207926,45.027561],[-93.207866,45.024616],[-93.207802,45.020584],[-93.207636,45.006205],[-93.217675,45.006042],[-93.217871,45.013371],[-93.219601,45.01335],[-93.220497,45.013263],[-93.226629,45.013245],[-93.226845,45.013214],[-93.226857,45.016842],[-93.22686,45.018921],[-93.226863,45.019513],[-93.226868,45.020473],[-93.226883,45.024097]]]}},{"type":"Feature","properties":{"unit_id":"27053023600","name":"Census Tract 236 \u2014 Hennepin","native_id":"27053023600","source":"census_tract_2025","adm3_name":"Hennepin County","adm3_id":"27053","area_sqm":2651997,"split":false,"population":4672.0,"days_covered":24,"daytime_peak_f":87.8,"heat_anomaly_f":6.2,"extreme_pct":17.0,"nighttime_stress_f":-3.2,"daytime_peak_f_climrel":0.3756,"heat_anomaly_f_climrel":0.3756,"nighttime_stress_f_climrel":-0.1982,"extreme_pct_climrel":0.425,"ref_daytime_hi_mean":81.6,"ref_daytime_hi_p95":94.1,"rwi_mean":null,"health_per_10k":25.684931506849313,"built_frac":0.181,"tree_frac":0.603,"canopy_frac_over_3m":0.448,"viirs_mean":27.6,"gdl_hdi":0.96,"gdl_region":"Minnesota","ghsl_smod":30,"lst_anomaly_c":null,"lst_anomaly_c_climrel":null,"worldpop_pop_total":4059.0,"frac_under5":4.1,"frac_elderly_65plus":17.1,"frac_elderly_75plus":6.9,"old_age_dependency_ratio":0.273,"has_data":true},"geometry":{"type":"Polygon","coordinates":[[[-93.350848,44.912414],[-93.349673,44.919735],[-93.349503,44.919736],[-93.347769,44.919729],[-93.344597,44.919717],[-93.339295,44.919697],[-93.339745,44.919174],[-93.339012,44.919289],[-93.336212,44.919086],[-93.334503,44.919163],[-93.329102,44.921936],[-93.329094,44.917915],[-93.329033,44.912529],[-93.329018,44.908924],[-93.328995,44.905308],[-93.339188,44.905296],[-93.349877,44.905265],[-93.350078,44.90527],[-93.350814,44.910228],[-93.350848,44.912414]]]}},{"type":"Feature","properties":{"unit_id":"27053020201","name":"Census Tract 202.01 \u2014 Hennepin","native_id":"27053020201","source":"census_tract_2025","adm3_name":"Hennepin County","adm3_id":"27053","area_sqm":3451093,"split":false,"population":5955.0,"days_covered":24,"daytime_peak_f":87.3,"heat_anomaly_f":6.2,"extreme_pct":17.0,"nighttime_stress_f":-2.8,"daytime_peak_f_climrel":0.3737,"heat_anomaly_f_climrel":0.3737,"nighttime_stress_f_climrel":-0.1775,"extreme_pct_climrel":0.425,"ref_daytime_hi_mean":81.1,"ref_daytime_hi_p95":93.9,"rwi_mean":null,"health_per_10k":1.6792611251049538,"built_frac":0.485,"tree_frac":0.196,"canopy_frac_over_3m":0.162,"viirs_mean":40.9,"gdl_hdi":0.96,"gdl_region":"Minnesota","ghsl_smod":30,"lst_anomaly_c":null,"lst_anomaly_c_climrel":null,"worldpop_pop_total":3379.0,"frac_under5":7.4,"frac_elderly_65plus":12.0,"frac_elderly_75plus":5.7,"old_age_dependency_ratio":0.181,"has_data":true},"geometry":{"type":"Polygon","coordinates":[[[-93.320008,45.087309],[-93.317175,45.087302],[-93.308037,45.087276],[-93.306725,45.087269],[-93.300423,45.087223],[-93.300217,45.080044],[-93.299503,45.072868],[-93.299861,45.06972],[-93.299115,45.067876],[-93.299904,45.065306],[-93.30154,45.063314],[-93.303349,45.062038],[-93.314455,45.055399],[-93.314344,45.059236],[-93.314108,45.065576],[-93.309612,45.071744],[-93.309209,45.073276],[-93.314225,45.076529],[-93.315578,45.080132],[-93.31568,45.080639],[-93.321708,45.083173],[-93.320008,45.087309]]]}},{"type":"Feature","properties":{"unit_id":"27053003300","name":"Census Tract 33 \u2014 Hennepin","native_id":"27053003300","source":"census_tract_2025","adm3_name":"Hennepin County","adm3_id":"27053","area_sqm":616347,"split":false,"population":1394.0,"days_covered":24,"daytime_peak_f":87.5,"heat_anomaly_f":6.4,"extreme_pct":17.0,"nighttime_stress_f":-2.8,"daytime_peak_f_climrel":0.3865,"heat_anomaly_f_climrel":0.3865,"nighttime_stress_f_climrel":-0.1712,"extreme_pct_climrel":0.425,"ref_daytime_hi_mean":81.2,"ref_daytime_hi_p95":93.7,"rwi_mean":null,"health_per_10k":0.0,"built_frac":0.422,"tree_frac":0.537,"canopy_frac_over_3m":0.374,"viirs_mean":40.1,"gdl_hdi":0.96,"gdl_region":"Minnesota","ghsl_smod":30,"lst_anomaly_c":null,"lst_anomaly_c_climrel":null,"worldpop_pop_total":3028.0,"frac_under5":9.3,"frac_elderly_65plus":5.6,"frac_elderly_75plus":2.0,"old_age_dependency_ratio":0.087,"has_data":true},"geometry":{"type":"Polygon","coordinates":[[[-93.308258,44.987892],[-93.30822,44.991505],[-93.303207,44.991501],[-93.301926,44.991501],[-93.29834,44.991543],[-93.298195,44.984471],[-93.303238,44.984487],[-93.308288,44.984511],[-93.308258,44.987892]]]}},{"type":"Feature","properties":{"unit_id":"27053026718","name":"Census Tract 267.18 \u2014 Hennepin","native_id":"27053026718","source":"census_tract_2025","adm3_name":"Hennepin County","adm3_id":"27053","area_sqm":4231319,"split":false,"population":3956.0,"days_covered":24,"daytime_peak_f":87.0,"heat_anomaly_f":6.2,"extreme_pct":17.0,"nighttime_stress_f":-3.2,"daytime_peak_f_climrel":0.3696,"heat_anomaly_f_climrel":0.3696,"nighttime_stress_f_climrel":-0.1996,"extreme_pct_climrel":0.425,"ref_daytime_hi_mean":80.8,"ref_daytime_hi_p95":93.8,"rwi_mean":null,"health_per_10k":0.0,"built_frac":0.188,"tree_frac":0.497,"canopy_frac_over_3m":0.252,"viirs_mean":13.4,"gdl_hdi":0.96,"gdl_region":"Minnesota","ghsl_smod":21,"lst_anomaly_c":null,"lst_anomaly_c_climrel":null,"worldpop_pop_total":3910.0,"frac_under5":5.6,"frac_elderly_65plus":19.9,"frac_elderly_75plus":8.1,"old_age_dependency_ratio":0.316,"has_data":true},"geometry":{"type":"Polygon","coordinates":[[[-93.513779,45.11586],[-93.512627,45.116501],[-93.502449,45.116596],[-93.492439,45.116403],[-93.492264,45.123981],[-93.492081,45.124512],[-93.490356,45.126408],[-93.488518,45.12714],[-93.485922,45.127676],[-93.484097,45.124705],[-93.479759,45.117558],[-93.477386,45.115529],[-93.467796,45.108612],[-93.466795,45.108044],[-93.462425,45.106026],[-93.46024,45.104537],[-93.462462,45.104171],[-93.464494,45.103647],[-93.466872,45.102822],[-93.468015,45.102745],[-93.471756,45.102451],[-93.475029,45.102901],[-93.476044,45.10321],[-93.478745,45.106087],[-93.480927,45.10709],[-93.486076,45.109005],[-93.492287,45.109127],[-93.492104,45.103657],[-93.502503,45.103664],[-93.502556,45.105225],[-93.507492,45.107147],[-93.509476,45.106525],[-93.511819,45.106602],[-93.511948,45.113682],[-93.512962,45.115303],[-93.513779,45.11586]]]}},{"type":"Feature","properties":{"unit_id":"27053111100","name":"Census Tract 1111 \u2014 Hennepin","native_id":"27053111100","source":"census_tract_2025","adm3_name":"Hennepin County","adm3_id":"27053","area_sqm":2113228,"split":false,"population":3004.0,"days_covered":24,"daytime_peak_f":87.7,"heat_anomaly_f":6.1,"extreme_pct":17.0,"nighttime_stress_f":-3.0,"daytime_peak_f_climrel":0.3591,"heat_anomaly_f_climrel":0.3591,"nighttime_stress_f_climrel":-0.1852,"extreme_pct_climrel":0.425,"ref_daytime_hi_mean":81.5,"ref_daytime_hi_p95":94.0,"rwi_mean":null,"health_per_10k":0.0,"built_frac":0.2,"tree_frac":0.408,"canopy_frac_over_3m":0.332,"viirs_mean":20.8,"gdl_hdi":0.96,"gdl_region":"Minnesota","ghsl_smod":30,"lst_anomaly_c":null,"lst_anomaly_c_climrel":null,"worldpop_pop_total":3619.0,"frac_under5":5.9,"frac_elderly_65plus":16.0,"frac_elderly_75plus":4.7,"old_age_dependency_ratio":0.236,"has_data":true},"geometry":{"type":"Polygon","coordinates":[[[-93.247322,44.926941],[-93.246063,44.926931],[-93.246056,44.925129],[-93.242249,44.925114],[-93.237198,44.925102],[-93.232112,44.925082],[-93.232124,44.926876],[-93.227036,44.92688],[-93.223604,44.926914],[-93.222371,44.92511],[-93.218559,44.919708],[-93.21523,44.916465],[-93.215016,44.916312],[-93.215244,44.916308],[-93.217738,44.916438],[-93.222847,44.916401],[-93.232211,44.916421],[-93.247269,44.916054],[-93.247269,44.917908],[-93.247269,44.919716],[-93.247322,44.925133],[-93.247322,44.926941]]]}},{"type":"Feature","properties":{"unit_id":"27053021601","name":"Census Tract 216.01 \u2014 Hennepin","native_id":"27053021601","source":"census_tract_2025","adm3_name":"Hennepin County","adm3_id":"27053","area_sqm":4184079,"split":false,"population":4650.0,"days_covered":24,"daytime_peak_f":87.3,"heat_anomaly_f":6.2,"extreme_pct":17.0,"nighttime_stress_f":-2.9,"daytime_peak_f_climrel":0.3752,"heat_anomaly_f_climrel":0.3752,"nighttime_stress_f_climrel":-0.1776,"extreme_pct_climrel":0.425,"ref_daytime_hi_mean":81.1,"ref_daytime_hi_p95":93.7,"rwi_mean":null,"health_per_10k":2.150537634408602,"built_frac":0.326,"tree_frac":0.558,"canopy_frac_over_3m":0.38,"viirs_mean":25.7,"gdl_hdi":0.96,"gdl_region":"Minnesota","ghsl_smod":21,"lst_anomaly_c":null,"lst_anomaly_c_climrel":null,"worldpop_pop_total":4968.0,"frac_under5":4.9,"frac_elderly_65plus":19.0,"frac_elderly_75plus":8.4,"old_age_dependency_ratio":0.282,"has_data":true},"geometry":{"type":"Polygon","coordinates":[[[-93.400873,45.002053],[-93.400813,45.007478],[-93.398094,45.007462],[-93.39032,45.007423],[-93.380295,45.007328],[-93.380287,45.00367],[-93.380294,45.001839],[-93.380356,44.996414],[-93.380357,44.996266],[-93.380409,44.992802],[-93.380333,44.983601],[-93.387009,44.984749],[-93.389374,44.984631],[-93.400579,44.983041],[-93.400675,44.991747],[-93.400704,44.99292],[-93.400796,44.99661],[-93.400855,45.000214],[-93.400873,45.002053]]]}},{"type":"Feature","properties":{"unit_id":"27053125600","name":"Census Tract 1256 \u2014 Hennepin","native_id":"27053125600","source":"census_tract_2025","adm3_name":"Hennepin County","adm3_id":"27053","area_sqm":2341122,"split":false,"population":15389.0,"days_covered":24,"daytime_peak_f":87.6,"heat_anomaly_f":6.1,"extreme_pct":17.0,"nighttime_stress_f":-2.8,"daytime_peak_f_climrel":0.362,"heat_anomaly_f_climrel":0.362,"nighttime_stress_f_climrel":-0.1712,"extreme_pct_climrel":0.425,"ref_daytime_hi_mean":81.5,"ref_daytime_hi_p95":94.1,"rwi_mean":null,"health_per_10k":3.8988888166872444,"built_frac":0.489,"tree_frac":0.406,"canopy_frac_over_3m":0.307,"viirs_mean":69.2,"gdl_hdi":0.96,"gdl_region":"Minnesota","ghsl_smod":30,"lst_anomaly_c":null,"lst_anomaly_c_climrel":null,"worldpop_pop_total":6815.0,"frac_under5":2.9,"frac_elderly_65plus":9.0,"frac_elderly_75plus":3.5,"old_age_dependency_ratio":0.107,"has_data":true},"geometry":{"type":"Polygon","coordinates":[[[-93.228287,44.980461],[-93.222382,44.979675],[-93.226131,44.981735],[-93.211423,44.977365],[-93.210419,44.97676],[-93.207672,44.976326],[-93.207702,44.971587],[-93.207726,44.96801],[-93.207741,44.964607],[-93.20777,44.960006],[-93.20777,44.959664],[-93.207768,44.958426],[-93.207757,44.953209],[-93.210028,44.954691],[-93.21276,44.956101],[-93.21494,44.957361],[-93.217211,44.959212],[-93.222864,44.963818],[-93.221157,44.964802],[-93.216069,44.964607],[-93.21572,44.964617],[-93.214878,44.964555],[-93.216276,44.967337],[-93.218582,44.967953],[-93.216759,44.970055],[-93.217239,44.97179],[-93.218613,44.972332],[-93.223618,44.974316],[-93.226622,44.975525],[-93.227602,44.978489],[-93.232324,44.980273],[-93.228287,44.980461]]]}},{"type":"Feature","properties":{"unit_id":"27123040805","name":"Census Tract 408.05 \u2014 Ramsey","native_id":"27123040805","source":"census_tract_2025","adm3_name":"Ramsey County","adm3_id":"27123","area_sqm":4767068,"split":false,"population":5014.0,"days_covered":24,"daytime_peak_f":87.1,"heat_anomaly_f":5.9,"extreme_pct":17.0,"nighttime_stress_f":-2.9,"daytime_peak_f_climrel":0.3472,"heat_anomaly_f_climrel":0.3472,"nighttime_stress_f_climrel":-0.1783,"extreme_pct_climrel":0.425,"ref_daytime_hi_mean":81.1,"ref_daytime_hi_p95":93.9,"rwi_mean":null,"health_per_10k":0.0,"built_frac":0.136,"tree_frac":0.683,"canopy_frac_over_3m":0.46,"viirs_mean":19.2,"gdl_hdi":0.96,"gdl_region":"Minnesota","ghsl_smod":21,"lst_anomaly_c":null,"lst_anomaly_c_climrel":null,"worldpop_pop_total":3856.0,"frac_under5":3.6,"frac_elderly_65plus":14.1,"frac_elderly_75plus":5.0,"old_age_dependency_ratio":0.193,"has_data":true},"geometry":{"type":"Polygon","coordinates":[[[-93.18793,45.056197],[-93.186241,45.067001],[-93.185928,45.067016],[-93.169704,45.0665],[-93.16644,45.065889],[-93.158374,45.061602],[-93.157439,45.059174],[-93.156945,45.052837],[-93.156898,45.050202],[-93.16491,45.050187],[-93.171084,45.048025],[-93.175701,45.048277],[-93.176812,45.047126],[-93.176438,45.044032],[-93.177546,45.042618],[-93.177497,45.035737],[-93.187706,45.035747],[-93.18771,45.042919],[-93.182629,45.04293],[-93.182658,45.046547],[-93.182686,45.050164],[-93.187745,45.050305],[-93.18788,45.054534],[-93.18793,45.056197]]]}},{"type":"Feature","properties":{"unit_id":"27123042202","name":"Census Tract 422.02 \u2014 Ramsey","native_id":"27123042202","source":"census_tract_2025","adm3_name":"Ramsey County","adm3_id":"27123","area_sqm":4021148,"split":false,"population":4162.0,"days_covered":24,"daytime_peak_f":87.0,"heat_anomaly_f":6.5,"extreme_pct":17.0,"nighttime_stress_f":-2.0,"daytime_peak_f_climrel":0.3832,"heat_anomaly_f_climrel":0.3832,"nighttime_stress_f_climrel":-0.1206,"extreme_pct_climrel":0.425,"ref_daytime_hi_mean":80.6,"ref_daytime_hi_p95":92.9,"rwi_mean":null,"health_per_10k":0.0,"built_frac":0.191,"tree_frac":0.62,"canopy_frac_over_3m":0.392,"viirs_mean":13.1,"gdl_hdi":0.96,"gdl_region":"Minnesota","ghsl_smod":30,"lst_anomaly_c":null,"lst_anomaly_c_climrel":null,"worldpop_pop_total":5644.0,"frac_under5":5.5,"frac_elderly_65plus":17.9,"frac_elderly_75plus":8.2,"old_age_dependency_ratio":0.278,"has_data":true},"geometry":{"type":"Polygon","coordinates":[[[-93.089811,45.010726],[-93.088155,45.010793],[-93.086523,45.010742],[-93.079341,45.009681],[-93.076364,45.009641],[-93.069207,45.009766],[-93.066161,45.010569],[-93.061782,45.011729],[-93.055091,45.011793],[-93.057439,45.008285],[-93.059753,45.004908],[-93.064317,45.000331],[-93.065509,44.999045],[-93.065964,44.997603],[-93.06607,44.995607],[-93.066099,44.991978],[-93.073667,44.991906],[-93.076208,44.991915],[-93.080511,44.991862],[-93.089372,44.991807],[-93.089641,44.999048],[-93.08975,45.006253],[-93.089811,45.010726]]]}},{"type":"Feature","properties":{"unit_id":"27053026013","name":"Census Tract 260.13 \u2014 Hennepin","native_id":"27053026013","source":"census_tract_2025","adm3_name":"Hennepin County","adm3_id":"27053","area_sqm":4608872,"split":false,"population":2349.0,"days_covered":24,"daytime_peak_f":87.4,"heat_anomaly_f":6.2,"extreme_pct":17.0,"nighttime_stress_f":-2.9,"daytime_peak_f_climrel":0.3694,"heat_anomaly_f_climrel":0.3694,"nighttime_stress_f_climrel":-0.1763,"extreme_pct_climrel":0.425,"ref_daytime_hi_mean":81.2,"ref_daytime_hi_p95":93.5,"rwi_mean":null,"health_per_10k":4.257130693912303,"built_frac":0.083,"tree_frac":0.757,"canopy_frac_over_3m":0.437,"viirs_mean":5.1,"gdl_hdi":0.96,"gdl_region":"Minnesota","ghsl_smod":21,"lst_anomaly_c":null,"lst_anomaly_c_climrel":null,"worldpop_pop_total":4773.0,"frac_under5":5.5,"frac_elderly_65plus":14.6,"frac_elderly_75plus":3.7,"old_age_dependency_ratio":0.221,"has_data":true},"geometry":{"type":"Polygon","coordinates":[[[-93.520706,44.891502],[-93.515965,44.891646],[-93.508662,44.891718],[-93.50106,44.891842],[-93.495943,44.89207],[-93.492264,44.892327],[-93.490854,44.892256],[-93.489991,44.892157],[-93.488056,44.891931],[-93.482252,44.891723],[-93.480198,44.891668],[-93.470348,44.891674],[-93.473541,44.88887],[-93.474263,44.887554],[-93.474367,44.887302],[-93.474945,44.886135],[-93.478247,44.884343],[-93.48233,44.882748],[-93.483841,44.88163],[-93.484764,44.881695],[-93.49572,44.880013],[-93.502014,44.879513],[-93.504631,44.878895],[-93.510292,44.876324],[-93.512544,44.876842],[-93.513641,44.876968],[-93.51385,44.878989],[-93.516261,44.880268],[-93.516355,44.880297],[-93.519691,44.882187],[-93.520737,44.883194],[-93.520706,44.891502]]]}},{"type":"Feature","properties":{"unit_id":"27053026814","name":"Census Tract 268.14 \u2014 Hennepin","native_id":"27053026814","source":"census_tract_2025","adm3_name":"Hennepin County","adm3_id":"27053","area_sqm":3586278,"split":false,"population":5210.0,"days_covered":24,"daytime_peak_f":87.3,"heat_anomaly_f":6.2,"extreme_pct":17.0,"nighttime_stress_f":-2.8,"daytime_peak_f_climrel":0.3737,"heat_anomaly_f_climrel":0.3737,"nighttime_stress_f_climrel":-0.1775,"extreme_pct_climrel":0.425,"ref_daytime_hi_mean":81.1,"ref_daytime_hi_p95":93.9,"rwi_mean":null,"health_per_10k":0.0,"built_frac":0.247,"tree_frac":0.627,"canopy_frac_over_3m":0.396,"viirs_mean":13.4,"gdl_hdi":0.96,"gdl_region":"Minnesota","ghsl_smod":30,"lst_anomaly_c":null,"lst_anomaly_c_climrel":null,"worldpop_pop_total":8020.0,"frac_under5":6.5,"frac_elderly_65plus":11.7,"frac_elderly_75plus":3.5,"old_age_dependency_ratio":0.177,"has_data":true},"geometry":{"type":"Polygon","coordinates":[[[-93.321101,45.108992],[-93.31151,45.108912],[-93.30142,45.10883],[-93.301304,45.102716],[-93.300266,45.100912],[-93.300806,45.099317],[-93.300621,45.09441],[-93.300423,45.087223],[-93.306725,45.087269],[-93.308037,45.087276],[-93.317175,45.087302],[-93.3178,45.090967],[-93.318254,45.093923],[-93.3209,45.094586],[-93.320984,45.097179],[-93.321136,45.104008],[-93.321101,45.108992]]]}},{"type":"Feature","properties":{"unit_id":"27053027703","name":"Census Tract 277.03 \u2014 Hennepin","native_id":"27053027703","source":"census_tract_2025","adm3_name":"Hennepin County","adm3_id":"27053","area_sqm":20572700,"split":false,"population":3394.0,"days_covered":24,"daytime_peak_f":87.0,"heat_anomaly_f":6.3,"extreme_pct":8.0,"nighttime_stress_f":-2.4,"daytime_peak_f_climrel":0.3644,"heat_anomaly_f_climrel":0.3644,"nighttime_stress_f_climrel":-0.1476,"extreme_pct_climrel":0.2,"ref_daytime_hi_mean":80.7,"ref_daytime_hi_p95":93.5,"rwi_mean":null,"health_per_10k":0.0,"built_frac":0.033,"tree_frac":0.318,"canopy_frac_over_3m":0.231,"viirs_mean":3.1,"gdl_hdi":0.96,"gdl_region":"Minnesota","ghsl_smod":11,"lst_anomaly_c":null,"lst_anomaly_c_climrel":null,"worldpop_pop_total":5339.0,"frac_under5":6.2,"frac_elderly_65plus":11.2,"frac_elderly_75plus":3.8,"old_age_dependency_ratio":0.173,"has_data":true},"geometry":{"type":"Polygon","coordinates":[[[-93.768043,44.905436],[-93.76794,44.912653],[-93.767838,44.919817],[-93.762081,44.919953],[-93.757523,44.920078],[-93.747307,44.920357],[-93.747292,44.91663],[-93.741158,44.916729],[-93.737055,44.918085],[-93.728606,44.920488],[-93.725601,44.922119],[-93.720439,44.923344],[-93.713882,44.924477],[-93.706444,44.924362],[-93.702652,44.924011],[-93.697029,44.922306],[-93.693429,44.923189],[-93.693476,44.922436],[-93.692381,44.920446],[-93.686273,44.921489],[-93.683857,44.920252],[-93.680015,44.92003],[-93.673537,44.920952],[-93.667419,44.921344],[-93.66379,44.919573],[-93.663407,44.919204],[-93.661291,44.917167],[-93.6586,44.916796],[-93.652269,44.917051],[-93.645421,44.916964],[-93.645317,44.891058],[-93.652526,44.890979],[-93.655537,44.891062],[-93.65863,44.891034],[-93.663256,44.891432],[-93.666523,44.891339],[-93.669107,44.891342],[-93.683722,44.890934],[-93.687054,44.890895],[-93.698031,44.891053],[-93.69903,44.891067],[-93.705439,44.890662],[-93.706078,44.890662],[-93.706774,44.890662],[-93.729588,44.890762],[-93.749489,44.890675],[-93.768385,44.89087],[-93.768043,44.905436]],[[-93.757874,44.89827],[-93.752824,44.898367],[-93.75275,44.894233],[-93.747328,44.897713],[-93.747314,44.89835],[-93.744206,44.900545],[-93.746251,44.900592],[-93.746246,44.901797],[-93.740911,44.901708],[-93.745975,44.898344],[-93.737227,44.898336],[-93.737172,44.901619],[-93.737076,44.913133],[-93.738042,44.91312],[-93.747276,44.912995],[-93.757451,44.912786],[-93.75826,44.904902],[-93.757874,44.89827]]]}},{"type":"Feature","properties":{"unit_id":"27053027702","name":"Census Tract 277.02 \u2014 Hennepin","native_id":"27053027702","source":"census_tract_2025","adm3_name":"Hennepin County","adm3_id":"27053","area_sqm":2691948,"split":false,"population":1357.0,"days_covered":24,"daytime_peak_f":87.0,"heat_anomaly_f":6.3,"extreme_pct":8.0,"nighttime_stress_f":-2.4,"daytime_peak_f_climrel":0.3644,"heat_anomaly_f_climrel":0.3644,"nighttime_stress_f_climrel":-0.1476,"extreme_pct_climrel":0.2,"ref_daytime_hi_mean":80.7,"ref_daytime_hi_p95":93.5,"rwi_mean":null,"health_per_10k":14.738393515106853,"built_frac":0.17,"tree_frac":0.534,"canopy_frac_over_3m":0.319,"viirs_mean":8.2,"gdl_hdi":0.96,"gdl_region":"Minnesota","ghsl_smod":12,"lst_anomaly_c":null,"lst_anomaly_c_climrel":null,"worldpop_pop_total":2462.0,"frac_under5":5.9,"frac_elderly_65plus":13.6,"frac_elderly_75plus":5.1,"old_age_dependency_ratio":0.202,"has_data":true},"geometry":{"type":"Polygon","coordinates":[[[-93.75826,44.904902],[-93.757451,44.912786],[-93.747276,44.912995],[-93.738042,44.91312],[-93.737076,44.913133],[-93.737172,44.901619],[-93.737227,44.898336],[-93.745975,44.898344],[-93.740911,44.901708],[-93.746246,44.901797],[-93.746251,44.900592],[-93.744206,44.900545],[-93.747314,44.89835],[-93.747328,44.897713],[-93.75275,44.894233],[-93.752824,44.898367],[-93.757874,44.89827],[-93.75826,44.904902]]]}},{"type":"Feature","properties":{"unit_id":"27053026014","name":"Census Tract 260.14 \u2014 Hennepin","native_id":"27053026014","source":"census_tract_2025","adm3_name":"Hennepin County","adm3_id":"27053","area_sqm":5298019,"split":false,"population":8510.0,"days_covered":24,"daytime_peak_f":87.4,"heat_anomaly_f":6.2,"extreme_pct":17.0,"nighttime_stress_f":-2.9,"daytime_peak_f_climrel":0.3694,"heat_anomaly_f_climrel":0.3694,"nighttime_stress_f_climrel":-0.1763,"extreme_pct_climrel":0.425,"ref_daytime_hi_mean":81.2,"ref_daytime_hi_p95":93.5,"rwi_mean":null,"health_per_10k":3.5252643948296125,"built_frac":0.197,"tree_frac":0.602,"canopy_frac_over_3m":0.357,"viirs_mean":14.3,"gdl_hdi":0.96,"gdl_region":"Minnesota","ghsl_smod":21,"lst_anomaly_c":null,"lst_anomaly_c_climrel":null,"worldpop_pop_total":5434.0,"frac_under5":5.2,"frac_elderly_65plus":18.4,"frac_elderly_75plus":5.5,"old_age_dependency_ratio":0.284,"has_data":true},"geometry":{"type":"Polygon","coordinates":[[[-93.520813,44.866077],[-93.520758,44.87748],[-93.520757,44.877963],[-93.520737,44.883194],[-93.519691,44.882187],[-93.516355,44.880297],[-93.516261,44.880268],[-93.51385,44.878989],[-93.513641,44.876968],[-93.512544,44.876842],[-93.510292,44.876324],[-93.504631,44.878895],[-93.502014,44.879513],[-93.49572,44.880013],[-93.484764,44.881695],[-93.483841,44.88163],[-93.485016,44.879776],[-93.485695,44.875099],[-93.485558,44.869022],[-93.485397,44.862361],[-93.487948,44.862813],[-93.497722,44.862868],[-93.502058,44.86274],[-93.506746,44.861915],[-93.511337,44.862036],[-93.51133,44.861812],[-93.511331,44.860163],[-93.511329,44.858365],[-93.520632,44.858529],[-93.520715,44.862187],[-93.520632,44.864108],[-93.520814,44.864031],[-93.520813,44.866077]]]}},{"type":"Feature","properties":{"unit_id":"27053027701","name":"Census Tract 277.01 \u2014 Hennepin","native_id":"27053027701","source":"census_tract_2025","adm3_name":"Hennepin County","adm3_id":"27053","area_sqm":47046116,"split":false,"population":2682.0,"days_covered":24,"daytime_peak_f":87.0,"heat_anomaly_f":6.4,"extreme_pct":17.0,"nighttime_stress_f":-2.8,"daytime_peak_f_climrel":0.3799,"heat_anomaly_f_climrel":0.3799,"nighttime_stress_f_climrel":-0.1758,"extreme_pct_climrel":0.425,"ref_daytime_hi_mean":80.6,"ref_daytime_hi_p95":93.3,"rwi_mean":null,"health_per_10k":0.0,"built_frac":0.023,"tree_frac":0.384,"canopy_frac_over_3m":0.296,"viirs_mean":1.5,"gdl_hdi":0.96,"gdl_region":"Minnesota","ghsl_smod":11,"lst_anomaly_c":null,"lst_anomaly_c_climrel":null,"worldpop_pop_total":4176.0,"frac_under5":5.0,"frac_elderly_65plus":16.7,"frac_elderly_75plus":5.5,"old_age_dependency_ratio":0.261,"has_data":true},"geometry":{"type":"Polygon","coordinates":[[[-93.767632,44.948765],[-93.767548,44.974098],[-93.767535,44.977016],[-93.767532,44.977646],[-93.767367,44.977964],[-93.766447,44.978124],[-93.766444,44.977641],[-93.738342,44.977818],[-93.736899,44.977835],[-93.726856,44.977952],[-93.706528,44.978012],[-93.701422,44.978039],[-93.686271,44.97813],[-93.671165,44.978348],[-93.645462,44.978645],[-93.645407,44.951292],[-93.656524,44.95295],[-93.658479,44.949554],[-93.665609,44.949542],[-93.665794,44.945858],[-93.671889,44.945873],[-93.685998,44.942286],[-93.686012,44.938478],[-93.686157,44.933824],[-93.686478,44.924732],[-93.688484,44.924644],[-93.693429,44.923189],[-93.697029,44.922306],[-93.702652,44.924011],[-93.706444,44.924362],[-93.713882,44.924477],[-93.720439,44.923344],[-93.725601,44.922119],[-93.728606,44.920488],[-93.737055,44.918085],[-93.741158,44.916729],[-93.747292,44.91663],[-93.747307,44.920357],[-93.757523,44.920078],[-93.762081,44.919953],[-93.767838,44.919817],[-93.767632,44.948765]]]}},{"type":"Feature","properties":{"unit_id":"27053109800","name":"Census Tract 1098 \u2014 Hennepin","native_id":"27053109800","source":"census_tract_2025","adm3_name":"Hennepin County","adm3_id":"27053","area_sqm":1450478,"split":false,"population":3006.0,"days_covered":24,"daytime_peak_f":87.8,"heat_anomaly_f":6.2,"extreme_pct":17.0,"nighttime_stress_f":-3.2,"daytime_peak_f_climrel":0.3756,"heat_anomaly_f_climrel":0.3756,"nighttime_stress_f_climrel":-0.1982,"extreme_pct_climrel":0.425,"ref_daytime_hi_mean":81.6,"ref_daytime_hi_p95":94.1,"rwi_mean":null,"health_per_10k":6.65335994677312,"built_frac":0.283,"tree_frac":0.7,"canopy_frac_over_3m":0.536,"viirs_mean":20.1,"gdl_hdi":0.96,"gdl_region":"Minnesota","ghsl_smod":30,"lst_anomaly_c":null,"lst_anomaly_c_climrel":null,"worldpop_pop_total":4933.0,"frac_under5":6.2,"frac_elderly_65plus":14.7,"frac_elderly_75plus":4.9,"old_age_dependency_ratio":0.221,"has_data":true},"geometry":{"type":"Polygon","coordinates":[[[-93.3291,44.922634],[-93.329097,44.923378],[-93.329086,44.926937],[-93.329056,44.930587],[-93.329025,44.934063],[-93.323906,44.934036],[-93.322632,44.934151],[-93.318802,44.93412],[-93.318817,44.932304],[-93.318848,44.926888],[-93.318901,44.923336],[-93.318871,44.9179],[-93.322693,44.917912],[-93.329094,44.917915],[-93.329102,44.921936],[-93.3291,44.922634]]]}},{"type":"Feature","properties":{"unit_id":"27053107500","name":"Census Tract 1075 \u2014 Hennepin","native_id":"27053107500","source":"census_tract_2025","adm3_name":"Hennepin County","adm3_id":"27053","area_sqm":1470031,"split":false,"population":5390.0,"days_covered":24,"daytime_peak_f":87.6,"heat_anomaly_f":6.1,"extreme_pct":17.0,"nighttime_stress_f":-2.8,"daytime_peak_f_climrel":0.362,"heat_anomaly_f_climrel":0.362,"nighttime_stress_f_climrel":-0.1712,"extreme_pct_climrel":0.425,"ref_daytime_hi_mean":81.5,"ref_daytime_hi_p95":94.1,"rwi_mean":null,"health_per_10k":0.0,"built_frac":0.49,"tree_frac":0.425,"canopy_frac_over_3m":0.319,"viirs_mean":46.4,"gdl_hdi":0.96,"gdl_region":"Minnesota","ghsl_smod":30,"lst_anomaly_c":null,"lst_anomaly_c_climrel":null,"worldpop_pop_total":1714.0,"frac_under5":3.7,"frac_elderly_65plus":18.5,"frac_elderly_75plus":5.6,"old_age_dependency_ratio":0.266,"has_data":true},"geometry":{"type":"Polygon","coordinates":[[[-93.245689,44.959145],[-93.239357,44.959153],[-93.233032,44.95916],[-93.226944,44.959183],[-93.217211,44.959212],[-93.21494,44.957361],[-93.21276,44.956101],[-93.216675,44.954025],[-93.220383,44.953271],[-93.221878,44.953228],[-93.227028,44.953461],[-93.234932,44.953587],[-93.238516,44.951586],[-93.238874,44.95102],[-93.237305,44.948372],[-93.238065,44.948372],[-93.240868,44.951977],[-93.241227,44.952448],[-93.24297,44.955548],[-93.244108,44.957422],[-93.245689,44.959145]]]}},{"type":"Feature","properties":{"unit_id":"27053026807","name":"Census Tract 268.07 \u2014 Hennepin","native_id":"27053026807","source":"census_tract_2025","adm3_name":"Hennepin County","adm3_id":"27053","area_sqm":8284060,"split":false,"population":7303.0,"days_covered":24,"daytime_peak_f":87.3,"heat_anomaly_f":6.2,"extreme_pct":17.0,"nighttime_stress_f":-3.0,"daytime_peak_f_climrel":0.3731,"heat_anomaly_f_climrel":0.3731,"nighttime_stress_f_climrel":-0.1862,"extreme_pct_climrel":0.425,"ref_daytime_hi_mean":81.1,"ref_daytime_hi_p95":93.9,"rwi_mean":null,"health_per_10k":1.3693002875530602,"built_frac":0.391,"tree_frac":0.419,"canopy_frac_over_3m":0.285,"viirs_mean":36.6,"gdl_hdi":0.96,"gdl_region":"Minnesota","ghsl_smod":30,"lst_anomaly_c":null,"lst_anomaly_c_climrel":null,"worldpop_pop_total":6635.0,"frac_under5":6.7,"frac_elderly_65plus":18.2,"frac_elderly_75plus":8.4,"old_age_dependency_ratio":0.293,"has_data":true},"geometry":{"type":"Polygon","coordinates":[[[-93.402282,45.110686],[-93.398366,45.110681],[-93.395518,45.109722],[-93.395723,45.110507],[-93.394795,45.10897],[-93.394152,45.107224],[-93.393238,45.105809],[-93.384482,45.094607],[-93.377421,45.08368],[-93.373886,45.078217],[-93.370462,45.072885],[-93.365731,45.06568],[-93.370255,45.065666],[-93.375328,45.065697],[-93.380402,45.065723],[-93.385452,45.065643],[-93.390503,45.06559],[-93.400695,45.065736],[-93.401331,45.072978],[-93.401811,45.078594],[-93.402035,45.082903],[-93.40224,45.094582],[-93.402178,45.098593],[-93.402343,45.108785],[-93.402282,45.110686]]]}},{"type":"Feature","properties":{"unit_id":"27053025906","name":"Census Tract 259.06 \u2014 Hennepin","native_id":"27053025906","source":"census_tract_2025","adm3_name":"Hennepin County","adm3_id":"27053","area_sqm":7975611,"split":false,"population":4213.0,"days_covered":24,"daytime_peak_f":88.0,"heat_anomaly_f":6.3,"extreme_pct":8.0,"nighttime_stress_f":-3.0,"daytime_peak_f_climrel":0.3788,"heat_anomaly_f_climrel":0.3788,"nighttime_stress_f_climrel":-0.1821,"extreme_pct_climrel":0.2,"ref_daytime_hi_mean":81.7,"ref_daytime_hi_p95":94.4,"rwi_mean":null,"health_per_10k":0.0,"built_frac":0.136,"tree_frac":0.646,"canopy_frac_over_3m":0.495,"viirs_mean":11.9,"gdl_hdi":0.96,"gdl_region":"Minnesota","ghsl_smod":21,"lst_anomaly_c":null,"lst_anomaly_c_climrel":null,"worldpop_pop_total":6381.0,"frac_under5":4.7,"frac_elderly_65plus":19.8,"frac_elderly_75plus":6.5,"old_age_dependency_ratio":0.304,"has_data":true},"geometry":{"type":"Polygon","coordinates":[[[-93.398657,44.836963],[-93.396019,44.838444],[-93.3955,44.839596],[-93.391212,44.841637],[-93.390671,44.839539],[-93.388588,44.838566],[-93.388336,44.836796],[-93.385849,44.834366],[-93.384865,44.830837],[-93.383415,44.828892],[-93.380747,44.82756],[-93.379748,44.8276],[-93.376663,44.831264],[-93.377068,44.833633],[-93.375404,44.836357],[-93.375732,44.839787],[-93.37236,44.847519],[-93.3713,44.849869],[-93.367233,44.852608],[-93.364418,44.853893],[-93.363632,44.853844],[-93.364197,44.849468],[-93.360855,44.837078],[-93.362953,44.833149],[-93.363937,44.831593],[-93.364487,44.829605],[-93.363899,44.824947],[-93.362528,44.82091],[-93.36245,44.820362],[-93.365128,44.810535],[-93.365537,44.808023],[-93.376748,44.808095],[-93.383874,44.808082],[-93.383892,44.816828],[-93.384287,44.817362],[-93.388283,44.818938],[-93.393015,44.818896],[-93.398125,44.818896],[-93.39841,44.818921],[-93.39846,44.833253],[-93.398645,44.83687],[-93.398657,44.836963]]]}},{"type":"Feature","properties":{"unit_id":"27053104802","name":"Census Tract 1048.02 \u2014 Hennepin","native_id":"27053104802","source":"census_tract_2025","adm3_name":"Hennepin County","adm3_id":"27053","area_sqm":1332334,"split":false,"population":8613.0,"days_covered":24,"daytime_peak_f":87.6,"heat_anomaly_f":6.1,"extreme_pct":17.0,"nighttime_stress_f":-2.8,"daytime_peak_f_climrel":0.362,"heat_anomaly_f_climrel":0.362,"nighttime_stress_f_climrel":-0.1712,"extreme_pct_climrel":0.425,"ref_daytime_hi_mean":81.5,"ref_daytime_hi_p95":94.1,"rwi_mean":null,"health_per_10k":8.127249506559851,"built_frac":0.528,"tree_frac":0.266,"canopy_frac_over_3m":0.188,"viirs_mean":95.5,"gdl_hdi":0.96,"gdl_region":"Minnesota","ghsl_smod":30,"lst_anomaly_c":null,"lst_anomaly_c_climrel":null,"worldpop_pop_total":5026.0,"frac_under5":3.3,"frac_elderly_65plus":4.5,"frac_elderly_75plus":1.8,"old_age_dependency_ratio":0.051,"has_data":true},"geometry":{"type":"Polygon","coordinates":[[[-93.249702,44.973928],[-93.246402,44.976548],[-93.245408,44.978851],[-93.245026,44.978882],[-93.244009,44.978864],[-93.240652,44.977363],[-93.239627,44.976467],[-93.239337,44.97551],[-93.239268,44.973257],[-93.238049,44.970322],[-93.236452,44.969455],[-93.227804,44.967428],[-93.22595,44.966307],[-93.225735,44.966158],[-93.229723,44.964464],[-93.233174,44.964227],[-93.242693,44.964293],[-93.244851,44.964733],[-93.247261,44.965668],[-93.247258,44.96586],[-93.247253,44.96762],[-93.247231,44.970249],[-93.247231,44.971862],[-93.249451,44.97176],[-93.251348,44.972233],[-93.249702,44.973928]]]}},{"type":"Feature","properties":{"unit_id":"27053108700","name":"Census Tract 1087 \u2014 Hennepin","native_id":"27053108700","source":"census_tract_2025","adm3_name":"Hennepin County","adm3_id":"27053","area_sqm":1116192,"split":false,"population":2768.0,"days_covered":24,"daytime_peak_f":87.7,"heat_anomaly_f":6.1,"extreme_pct":17.0,"nighttime_stress_f":-3.0,"daytime_peak_f_climrel":0.3591,"heat_anomaly_f_climrel":0.3591,"nighttime_stress_f_climrel":-0.1852,"extreme_pct_climrel":0.425,"ref_daytime_hi_mean":81.5,"ref_daytime_hi_p95":94.0,"rwi_mean":null,"health_per_10k":3.61271676300578,"built_frac":0.457,"tree_frac":0.531,"canopy_frac_over_3m":0.332,"viirs_mean":41.7,"gdl_hdi":0.96,"gdl_region":"Minnesota","ghsl_smod":30,"lst_anomaly_c":null,"lst_anomaly_c_climrel":null,"worldpop_pop_total":4628.0,"frac_under5":6.1,"frac_elderly_65plus":14.7,"frac_elderly_75plus":6.0,"old_age_dependency_ratio":0.212,"has_data":true},"geometry":{"type":"Polygon","coordinates":[[[-93.242348,44.948372],[-93.238349,44.948372],[-93.238065,44.948372],[-93.233487,44.941363],[-93.233467,44.941334],[-93.230977,44.937717],[-93.228508,44.934082],[-93.232109,44.93409],[-93.242264,44.934116],[-93.242256,44.937733],[-93.242287,44.941341],[-93.242348,44.948372]]]}},{"type":"Feature","properties":{"unit_id":"27123030400","name":"Census Tract 304 \u2014 Ramsey","native_id":"27123030400","source":"census_tract_2025","adm3_name":"Ramsey County","adm3_id":"27123","area_sqm":2092122,"split":false,"population":3497.0,"days_covered":24,"daytime_peak_f":87.0,"heat_anomaly_f":6.5,"extreme_pct":17.0,"nighttime_stress_f":-2.0,"daytime_peak_f_climrel":0.3832,"heat_anomaly_f_climrel":0.3832,"nighttime_stress_f_climrel":-0.1206,"extreme_pct_climrel":0.425,"ref_daytime_hi_mean":80.6,"ref_daytime_hi_p95":92.9,"rwi_mean":null,"health_per_10k":2.8595939376608523,"built_frac":0.327,"tree_frac":0.505,"canopy_frac_over_3m":0.358,"viirs_mean":23.4,"gdl_hdi":0.96,"gdl_region":"Minnesota","ghsl_smod":30,"lst_anomaly_c":null,"lst_anomaly_c_climrel":null,"worldpop_pop_total":6750.0,"frac_under5":7.1,"frac_elderly_65plus":9.9,"frac_elderly_75plus":3.2,"old_age_dependency_ratio":0.142,"has_data":true},"geometry":{"type":"Polygon","coordinates":[[[-93.126354,44.977362],[-93.126215,44.984577],[-93.126099,44.991794],[-93.109669,44.991844],[-93.105878,44.991867],[-93.105864,44.984586],[-93.105885,44.981906],[-93.10878,44.981861],[-93.116436,44.98083],[-93.117473,44.980526],[-93.123274,44.977367],[-93.126355,44.976064],[-93.126354,44.977362]]]}},{"type":"Feature","properties":{"unit_id":"27123041107","name":"Census Tract 411.07 \u2014 Ramsey","native_id":"27123041107","source":"census_tract_2025","adm3_name":"Ramsey County","adm3_id":"27123","area_sqm":3534950,"split":false,"population":5204.0,"days_covered":24,"daytime_peak_f":87.6,"heat_anomaly_f":6.1,"extreme_pct":17.0,"nighttime_stress_f":-2.8,"daytime_peak_f_climrel":0.362,"heat_anomaly_f_climrel":0.362,"nighttime_stress_f_climrel":-0.1712,"extreme_pct_climrel":0.425,"ref_daytime_hi_mean":81.5,"ref_daytime_hi_p95":94.1,"rwi_mean":null,"health_per_10k":1.9215987701767872,"built_frac":0.399,"tree_frac":0.434,"canopy_frac_over_3m":0.293,"viirs_mean":27.6,"gdl_hdi":0.96,"gdl_region":"Minnesota","ghsl_smod":30,"lst_anomaly_c":null,"lst_anomaly_c_climrel":null,"worldpop_pop_total":6978.0,"frac_under5":6.2,"frac_elderly_65plus":15.7,"frac_elderly_75plus":7.4,"old_age_dependency_ratio":0.232,"has_data":true},"geometry":{"type":"Polygon","coordinates":[[[-93.21834,45.050044],[-93.208155,45.050159],[-93.20685,45.050162],[-93.202718,45.050305],[-93.199497,45.051067],[-93.188716,45.051116],[-93.188818,45.050336],[-93.187745,45.050305],[-93.182686,45.050164],[-93.182658,45.046547],[-93.182629,45.04293],[-93.18771,45.042919],[-93.187706,45.035747],[-93.190647,45.035742],[-93.197892,45.035731],[-93.208092,45.035744],[-93.208122,45.042954],[-93.218326,45.042874],[-93.21834,45.050044]]]}},{"type":"Feature","properties":{"unit_id":"27053026711","name":"Census Tract 267.11 \u2014 Hennepin","native_id":"27053026711","source":"census_tract_2025","adm3_name":"Hennepin County","adm3_id":"27053","area_sqm":2762880,"split":false,"population":1934.0,"days_covered":24,"daytime_peak_f":87.0,"heat_anomaly_f":6.2,"extreme_pct":17.0,"nighttime_stress_f":-3.2,"daytime_peak_f_climrel":0.3696,"heat_anomaly_f_climrel":0.3696,"nighttime_stress_f_climrel":-0.1996,"extreme_pct_climrel":0.425,"ref_daytime_hi_mean":80.8,"ref_daytime_hi_p95":93.8,"rwi_mean":null,"health_per_10k":10.34126163391934,"built_frac":0.236,"tree_frac":0.574,"canopy_frac_over_3m":0.327,"viirs_mean":17.7,"gdl_hdi":0.96,"gdl_region":"Minnesota","ghsl_smod":21,"lst_anomaly_c":null,"lst_anomaly_c_climrel":null,"worldpop_pop_total":3245.0,"frac_under5":5.5,"frac_elderly_65plus":16.8,"frac_elderly_75plus":5.3,"old_age_dependency_ratio":0.247,"has_data":true},"geometry":{"type":"Polygon","coordinates":[[[-93.46024,45.104537],[-93.453018,45.098553],[-93.446552,45.091887],[-93.443703,45.090763],[-93.441858,45.090524],[-93.445131,45.089852],[-93.44664,45.087463],[-93.446922,45.08493],[-93.446564,45.080734],[-93.445869,45.0723],[-93.447624,45.066902],[-93.451469,45.0695],[-93.45652,45.069305],[-93.457291,45.07159],[-93.455587,45.072497],[-93.461563,45.075157],[-93.461617,45.080193],[-93.458954,45.080173],[-93.459259,45.081654],[-93.456566,45.083126],[-93.452301,45.083778],[-93.451744,45.084736],[-93.454159,45.085183],[-93.454216,45.087372],[-93.457626,45.090225],[-93.457657,45.092037],[-93.456345,45.094784],[-93.454292,45.095303],[-93.456299,45.096134],[-93.457039,45.097702],[-93.45533,45.097836],[-93.456131,45.099831],[-93.45876,45.099592],[-93.459183,45.101751],[-93.457321,45.101551],[-93.459564,45.10346],[-93.462462,45.104171],[-93.46024,45.104537]]]}},{"type":"Feature","properties":{"unit_id":"27123034204","name":"Census Tract 342.04 \u2014 Ramsey","native_id":"27123034204","source":"census_tract_2025","adm3_name":"Ramsey County","adm3_id":"27123","area_sqm":350700,"split":false,"population":3402.9959683378265,"days_covered":24,"daytime_peak_f":87.2,"heat_anomaly_f":6.2,"extreme_pct":17.0,"nighttime_stress_f":-2.9,"daytime_peak_f_climrel":0.3669,"heat_anomaly_f_climrel":0.3669,"nighttime_stress_f_climrel":-0.1738,"extreme_pct_climrel":0.425,"ref_daytime_hi_mean":81.0,"ref_daytime_hi_p95":93.5,"rwi_mean":null,"health_per_10k":5.8771741683164205,"built_frac":0.953,"tree_frac":0.042,"canopy_frac_over_3m":0.027,"viirs_mean":188.6,"gdl_hdi":0.96,"gdl_region":"Minnesota","ghsl_smod":30,"lst_anomaly_c":null,"lst_anomaly_c_climrel":null,"worldpop_pop_total":3289.0,"frac_under5":0.5,"frac_elderly_65plus":20.7,"frac_elderly_75plus":7.0,"old_age_dependency_ratio":0.268,"has_data":true},"geometry":{"type":"Polygon","coordinates":[[[-93.101509,44.950227],[-93.098491,44.951548],[-93.094633,44.953499],[-93.091667,44.950411],[-93.093102,44.949734],[-93.095472,44.948617],[-93.096414,44.948425],[-93.098081,44.947651],[-93.100692,44.946404],[-93.103737,44.94745],[-93.101509,44.950227]]]}},{"type":"Feature","properties":{"unit_id":"27123031802","name":"Census Tract 318.02 \u2014 Ramsey","native_id":"27123031802","source":"census_tract_2025","adm3_name":"Ramsey County","adm3_id":"27123","area_sqm":1892481,"split":false,"population":1231.0,"days_covered":24,"daytime_peak_f":86.8,"heat_anomaly_f":6.5,"extreme_pct":17.0,"nighttime_stress_f":-2.3,"daytime_peak_f_climrel":0.392,"heat_anomaly_f_climrel":0.392,"nighttime_stress_f_climrel":-0.1343,"extreme_pct_climrel":0.425,"ref_daytime_hi_mean":80.3,"ref_daytime_hi_p95":92.8,"rwi_mean":null,"health_per_10k":0.0,"built_frac":0.302,"tree_frac":0.57,"canopy_frac_over_3m":0.337,"viirs_mean":26.9,"gdl_hdi":0.96,"gdl_region":"Minnesota","ghsl_smod":30,"lst_anomaly_c":null,"lst_anomaly_c_climrel":null,"worldpop_pop_total":5043.0,"frac_under5":6.9,"frac_elderly_65plus":10.2,"frac_elderly_75plus":3.6,"old_age_dependency_ratio":0.147,"has_data":true},"geometry":{"type":"Polygon","coordinates":[[[-93.020237,44.967729],[-93.020231,44.975465],[-93.020181,44.975974],[-93.020231,44.977502],[-93.014825,44.977494],[-93.007713,44.980025],[-93.0051,44.980834],[-93.005113,44.968559],[-93.00505,44.963045],[-93.015187,44.963065],[-93.020253,44.963074],[-93.020237,44.967729]]]}},{"type":"Feature","properties":{"unit_id":"27123041500","name":"Census Tract 415 \u2014 Ramsey","native_id":"27123041500","source":"census_tract_2025","adm3_name":"Ramsey County","adm3_id":"27123","area_sqm":4305434,"split":false,"population":4873.0,"days_covered":24,"daytime_peak_f":87.0,"heat_anomaly_f":6.5,"extreme_pct":17.0,"nighttime_stress_f":-2.0,"daytime_peak_f_climrel":0.3832,"heat_anomaly_f_climrel":0.3832,"nighttime_stress_f_climrel":-0.1206,"extreme_pct_climrel":0.425,"ref_daytime_hi_mean":80.6,"ref_daytime_hi_p95":92.9,"rwi_mean":null,"health_per_10k":0.0,"built_frac":0.125,"tree_frac":0.61,"canopy_frac_over_3m":0.38,"viirs_mean":11.4,"gdl_hdi":0.96,"gdl_region":"Minnesota","ghsl_smod":21,"lst_anomaly_c":null,"lst_anomaly_c_climrel":null,"worldpop_pop_total":5730.0,"frac_under5":3.8,"frac_elderly_65plus":33.1,"frac_elderly_75plus":18.0,"old_age_dependency_ratio":0.604,"has_data":true},"geometry":{"type":"Polygon","coordinates":[[[-93.148195,45.034043],[-93.147079,45.035757],[-93.136773,45.035838],[-93.11006,45.03588],[-93.112816,45.035208],[-93.116438,45.034174],[-93.118189,45.033223],[-93.12634,45.027231],[-93.126295,45.02067],[-93.126238,45.013366],[-93.126192,45.009672],[-93.12874,45.009639],[-93.136087,45.01027],[-93.139582,45.010517],[-93.146511,45.010466],[-93.146695,45.020321],[-93.146865,45.025839],[-93.149077,45.030181],[-93.148195,45.034043]]]}},{"type":"Feature","properties":{"unit_id":"27053026101","name":"Census Tract 261.01 \u2014 Hennepin","native_id":"27053026101","source":"census_tract_2025","adm3_name":"Hennepin County","adm3_id":"27053","area_sqm":4398737,"split":false,"population":2391.0,"days_covered":24,"daytime_peak_f":87.9,"heat_anomaly_f":6.3,"extreme_pct":17.0,"nighttime_stress_f":-3.0,"daytime_peak_f_climrel":0.3805,"heat_anomaly_f_climrel":0.3805,"nighttime_stress_f_climrel":-0.1883,"extreme_pct_climrel":0.425,"ref_daytime_hi_mean":81.6,"ref_daytime_hi_p95":94.1,"rwi_mean":null,"health_per_10k":0.0,"built_frac":0.111,"tree_frac":0.811,"canopy_frac_over_3m":0.527,"viirs_mean":8.0,"gdl_hdi":0.96,"gdl_region":"Minnesota","ghsl_smod":21,"lst_anomaly_c":null,"lst_anomaly_c_climrel":null,"worldpop_pop_total":3684.0,"frac_under5":4.7,"frac_elderly_65plus":26.8,"frac_elderly_75plus":12.6,"old_age_dependency_ratio":0.465,"has_data":true},"geometry":{"type":"Polygon","coordinates":[[[-93.456285,44.940796],[-93.450012,44.940392],[-93.446159,44.941105],[-93.441872,44.942001],[-93.435768,44.94305],[-93.430954,44.943325],[-93.424841,44.944621],[-93.423956,44.944738],[-93.423922,44.945484],[-93.423608,44.945512],[-93.421065,44.945741],[-93.421118,44.942436],[-93.415993,44.942429],[-93.416007,44.939178],[-93.419573,44.939132],[-93.41958,44.936903],[-93.421037,44.936899],[-93.421084,44.932792],[-93.424302,44.932419],[-93.422637,44.931573],[-93.426281,44.931543],[-93.429186,44.930389],[-93.435626,44.927117],[-93.437752,44.926418],[-93.445465,44.926102],[-93.447378,44.925781],[-93.451415,44.924872],[-93.451706,44.927475],[-93.452744,44.930195],[-93.456451,44.936882],[-93.456285,44.940796]]]}},{"type":"Feature","properties":{"unit_id":"27053012003","name":"Census Tract 120.03 \u2014 Hennepin","native_id":"27053012003","source":"census_tract_2025","adm3_name":"Hennepin County","adm3_id":"27053","area_sqm":2379029,"split":false,"population":3817.0,"days_covered":24,"daytime_peak_f":87.8,"heat_anomaly_f":6.2,"extreme_pct":17.0,"nighttime_stress_f":-3.2,"daytime_peak_f_climrel":0.3756,"heat_anomaly_f_climrel":0.3756,"nighttime_stress_f_climrel":-0.1982,"extreme_pct_climrel":0.425,"ref_daytime_hi_mean":81.6,"ref_daytime_hi_p95":94.1,"rwi_mean":null,"health_per_10k":2.619858527639508,"built_frac":0.485,"tree_frac":0.358,"canopy_frac_over_3m":0.271,"viirs_mean":37.8,"gdl_hdi":0.96,"gdl_region":"Minnesota","ghsl_smod":30,"lst_anomaly_c":null,"lst_anomaly_c_climrel":null,"worldpop_pop_total":5687.0,"frac_under5":6.5,"frac_elderly_65plus":12.7,"frac_elderly_75plus":4.2,"old_age_dependency_ratio":0.188,"has_data":true},"geometry":{"type":"Polygon","coordinates":[[[-93.295864,44.890483],[-93.295437,44.891368],[-93.290868,44.896026],[-93.289883,44.897837],[-93.283195,44.897846],[-93.281921,44.897854],[-93.274748,44.897877],[-93.274744,44.90354],[-93.271263,44.903103],[-93.267357,44.903873],[-93.267151,44.903389],[-93.262665,44.903414],[-93.262779,44.897926],[-93.262856,44.894314],[-93.262802,44.891411],[-93.261686,44.890625],[-93.261689,44.890518],[-93.264834,44.890637],[-93.27442,44.890569],[-93.276824,44.890554],[-93.278108,44.890164],[-93.28321,44.890059],[-93.288353,44.890083],[-93.293224,44.889896],[-93.295966,44.890171],[-93.295864,44.890483]]]}},{"type":"Feature","properties":{"unit_id":"27123036900","name":"Census Tract 369 \u2014 Ramsey","native_id":"27123036900","source":"census_tract_2025","adm3_name":"Ramsey County","adm3_id":"27123","area_sqm":1390127,"split":false,"population":2115.0,"days_covered":24,"daytime_peak_f":87.2,"heat_anomaly_f":6.2,"extreme_pct":17.0,"nighttime_stress_f":-2.9,"daytime_peak_f_climrel":0.3669,"heat_anomaly_f_climrel":0.3669,"nighttime_stress_f_climrel":-0.1738,"extreme_pct_climrel":0.425,"ref_daytime_hi_mean":81.0,"ref_daytime_hi_p95":93.5,"rwi_mean":null,"health_per_10k":0.0,"built_frac":0.486,"tree_frac":0.396,"canopy_frac_over_3m":0.281,"viirs_mean":33.5,"gdl_hdi":0.96,"gdl_region":"Minnesota","ghsl_smod":30,"lst_anomaly_c":null,"lst_anomaly_c_climrel":null,"worldpop_pop_total":2713.0,"frac_under5":4.3,"frac_elderly_65plus":16.7,"frac_elderly_75plus":7.0,"old_age_dependency_ratio":0.235,"has_data":true},"geometry":{"type":"Polygon","coordinates":[[[-93.129475,44.920564],[-93.127214,44.921808],[-93.128213,44.923223],[-93.128255,44.926699],[-93.128254,44.926852],[-93.127979,44.932827],[-93.125709,44.934108],[-93.126692,44.934105],[-93.128462,44.93411],[-93.12817,44.934493],[-93.126251,44.935397],[-93.116052,44.939871],[-93.116036,44.939676],[-93.115987,44.93505],[-93.115978,44.934136],[-93.115939,44.930593],[-93.115936,44.930296],[-93.11727,44.929393],[-93.117647,44.929106],[-93.117957,44.929012],[-93.118795,44.927721],[-93.117488,44.923872],[-93.122379,44.922521],[-93.128499,44.919689],[-93.129475,44.920564]]]}},{"type":"Feature","properties":{"unit_id":"27123034900","name":"Census Tract 349 \u2014 Ramsey","native_id":"27123034900","source":"census_tract_2025","adm3_name":"Ramsey County","adm3_id":"27123","area_sqm":1131082,"split":false,"population":4121.0,"days_covered":24,"daytime_peak_f":87.7,"heat_anomaly_f":6.1,"extreme_pct":17.0,"nighttime_stress_f":-3.0,"daytime_peak_f_climrel":0.3591,"heat_anomaly_f_climrel":0.3591,"nighttime_stress_f_climrel":-0.1852,"extreme_pct_climrel":0.425,"ref_daytime_hi_mean":81.5,"ref_daytime_hi_p95":94.0,"rwi_mean":null,"health_per_10k":0.0,"built_frac":0.288,"tree_frac":0.661,"canopy_frac_over_3m":0.462,"viirs_mean":31.3,"gdl_hdi":0.96,"gdl_region":"Minnesota","ghsl_smod":30,"lst_anomaly_c":null,"lst_anomaly_c_climrel":null,"worldpop_pop_total":5578.0,"frac_under5":2.9,"frac_elderly_65plus":7.7,"frac_elderly_75plus":2.9,"old_age_dependency_ratio":0.09,"has_data":true},"geometry":{"type":"Polygon","coordinates":[[[-93.192469,44.941335],[-93.192434,44.946197],[-93.192431,44.947255],[-93.187353,44.94727],[-93.182721,44.947248],[-93.182743,44.941346],[-93.182289,44.941332],[-93.182296,44.934306],[-93.187379,44.934329],[-93.192487,44.93432],[-93.192469,44.941335]]]}},{"type":"Feature","properties":{"unit_id":"27123043002","name":"Census Tract 430.02 \u2014 Ramsey","native_id":"27123043002","source":"census_tract_2025","adm3_name":"Ramsey County","adm3_id":"27123","area_sqm":1671319,"split":false,"population":3103.0,"days_covered":24,"daytime_peak_f":87.7,"heat_anomaly_f":6.1,"extreme_pct":17.0,"nighttime_stress_f":-3.0,"daytime_peak_f_climrel":0.3591,"heat_anomaly_f_climrel":0.3591,"nighttime_stress_f_climrel":-0.1852,"extreme_pct_climrel":0.425,"ref_daytime_hi_mean":81.5,"ref_daytime_hi_p95":94.0,"rwi_mean":null,"health_per_10k":0.0,"built_frac":0.09,"tree_frac":0.536,"canopy_frac_over_3m":0.414,"viirs_mean":22.5,"gdl_hdi":0.96,"gdl_region":"Minnesota","ghsl_smod":30,"lst_anomaly_c":null,"lst_anomaly_c_climrel":null,"worldpop_pop_total":1780.0,"frac_under5":3.5,"frac_elderly_65plus":21.1,"frac_elderly_75plus":7.4,"old_age_dependency_ratio":0.315,"has_data":true},"geometry":{"type":"Polygon","coordinates":[[[-93.207768,44.958426],[-93.205709,44.958834],[-93.201052,44.955593],[-93.192365,44.955307],[-93.192431,44.947255],[-93.192434,44.946197],[-93.192469,44.941335],[-93.192487,44.93432],[-93.200791,44.934301],[-93.200104,44.941506],[-93.202056,44.948376],[-93.203597,44.950978],[-93.207757,44.953209],[-93.207768,44.958426]]]}},{"type":"Feature","properties":{"unit_id":"27053025905","name":"Census Tract 259.05 \u2014 Hennepin","native_id":"27053025905","source":"census_tract_2025","adm3_name":"Hennepin County","adm3_id":"27053","area_sqm":5586648,"split":false,"population":2252.0,"days_covered":24,"daytime_peak_f":88.0,"heat_anomaly_f":6.3,"extreme_pct":8.0,"nighttime_stress_f":-3.0,"daytime_peak_f_climrel":0.3788,"heat_anomaly_f_climrel":0.3788,"nighttime_stress_f_climrel":-0.1821,"extreme_pct_climrel":0.2,"ref_daytime_hi_mean":81.7,"ref_daytime_hi_p95":94.4,"rwi_mean":null,"health_per_10k":0.0,"built_frac":0.161,"tree_frac":0.61,"canopy_frac_over_3m":0.45,"viirs_mean":13.2,"gdl_hdi":0.96,"gdl_region":"Minnesota","ghsl_smod":21,"lst_anomaly_c":null,"lst_anomaly_c_climrel":null,"worldpop_pop_total":3819.0,"frac_under5":4.0,"frac_elderly_65plus":40.8,"frac_elderly_75plus":24.3,"old_age_dependency_ratio":0.866,"has_data":true},"geometry":{"type":"Polygon","coordinates":[[[-93.398902,44.839843],[-93.398577,44.849514],[-93.398726,44.851584],[-93.398754,44.855741],[-93.398782,44.859511],[-93.398857,44.860679],[-93.398773,44.862037],[-93.391052,44.860023],[-93.386567,44.860101],[-93.386546,44.861991],[-93.378,44.861966],[-93.375145,44.861992],[-93.37352,44.861984],[-93.362421,44.862038],[-93.362724,44.8595],[-93.36351,44.854736],[-93.363632,44.853844],[-93.364418,44.853893],[-93.367233,44.852608],[-93.3713,44.849869],[-93.37236,44.847519],[-93.375732,44.839787],[-93.375404,44.836357],[-93.377068,44.833633],[-93.376663,44.831264],[-93.379748,44.8276],[-93.380747,44.82756],[-93.383415,44.828892],[-93.384865,44.830837],[-93.385849,44.834366],[-93.388336,44.836796],[-93.388588,44.838566],[-93.390671,44.839539],[-93.391212,44.841637],[-93.3955,44.839596],[-93.396019,44.838444],[-93.398657,44.836963],[-93.39867,44.837065],[-93.398902,44.839843]]]}},{"type":"Feature","properties":{"unit_id":"27053026826","name":"Census Tract 268.26 \u2014 Hennepin","native_id":"27053026826","source":"census_tract_2025","adm3_name":"Hennepin County","adm3_id":"27053","area_sqm":4137952,"split":false,"population":2623.0,"days_covered":24,"daytime_peak_f":87.3,"heat_anomaly_f":6.2,"extreme_pct":17.0,"nighttime_stress_f":-2.8,"daytime_peak_f_climrel":0.3737,"heat_anomaly_f_climrel":0.3737,"nighttime_stress_f_climrel":-0.1775,"extreme_pct_climrel":0.425,"ref_daytime_hi_mean":81.1,"ref_daytime_hi_p95":93.9,"rwi_mean":null,"health_per_10k":0.0,"built_frac":0.143,"tree_frac":0.516,"canopy_frac_over_3m":0.342,"viirs_mean":10.7,"gdl_hdi":0.96,"gdl_region":"Minnesota","ghsl_smod":21,"lst_anomaly_c":null,"lst_anomaly_c_climrel":null,"worldpop_pop_total":4723.0,"frac_under5":5.3,"frac_elderly_65plus":13.9,"frac_elderly_75plus":4.6,"old_age_dependency_ratio":0.207,"has_data":true},"geometry":{"type":"Polygon","coordinates":[[[-93.337544,45.137562],[-93.337386,45.139008],[-93.336195,45.14097],[-93.335881,45.14193],[-93.335682,45.14478],[-93.335653,45.150155],[-93.337194,45.151633],[-93.331599,45.151787],[-93.328389,45.151507],[-93.323429,45.147465],[-93.319728,45.145965],[-93.315728,45.145365],[-93.312128,45.144165],[-93.311604,45.143817],[-93.311544,45.143778],[-93.309055,45.140674],[-93.309097,45.139356],[-93.308308,45.137946],[-93.301128,45.131965],[-93.299165,45.129148],[-93.298986,45.128892],[-93.300176,45.127812],[-93.307663,45.130283],[-93.313354,45.130375],[-93.32071,45.130496],[-93.335766,45.130582],[-93.337524,45.134235],[-93.337544,45.137562]]]}},{"type":"Feature","properties":{"unit_id":"27053027602","name":"Census Tract 276.02 \u2014 Hennepin","native_id":"27053027602","source":"census_tract_2025","adm3_name":"Hennepin County","adm3_id":"27053","area_sqm":4741564,"split":false,"population":2196.0,"days_covered":24,"daytime_peak_f":87.0,"heat_anomaly_f":6.3,"extreme_pct":8.0,"nighttime_stress_f":-2.4,"daytime_peak_f_climrel":0.3644,"heat_anomaly_f_climrel":0.3644,"nighttime_stress_f_climrel":-0.1476,"extreme_pct_climrel":0.2,"ref_daytime_hi_mean":80.7,"ref_daytime_hi_p95":93.5,"rwi_mean":null,"health_per_10k":4.553734061930784,"built_frac":0.082,"tree_frac":0.426,"canopy_frac_over_3m":0.263,"viirs_mean":4.6,"gdl_hdi":0.96,"gdl_region":"Minnesota","ghsl_smod":21,"lst_anomaly_c":null,"lst_anomaly_c_climrel":null,"worldpop_pop_total":5644.0,"frac_under5":4.4,"frac_elderly_65plus":17.1,"frac_elderly_75plus":5.8,"old_age_dependency_ratio":0.248,"has_data":true},"geometry":{"type":"Polygon","coordinates":[[[-93.693429,44.923189],[-93.688484,44.924644],[-93.686478,44.924732],[-93.686157,44.933824],[-93.673508,44.936786],[-93.666359,44.937168],[-93.652695,44.937496],[-93.64454,44.937126],[-93.645611,44.934901],[-93.645442,44.933718],[-93.642025,44.932252],[-93.637775,44.932642],[-93.633547,44.931903],[-93.631208,44.932424],[-93.629744,44.932354],[-93.62603,44.931384],[-93.628451,44.922238],[-93.632793,44.922248],[-93.640277,44.916962],[-93.645421,44.916964],[-93.652269,44.917051],[-93.6586,44.916796],[-93.661291,44.917167],[-93.663407,44.919204],[-93.66379,44.919573],[-93.667419,44.921344],[-93.673537,44.920952],[-93.680015,44.92003],[-93.683857,44.920252],[-93.686273,44.921489],[-93.692381,44.920446],[-93.693476,44.922436],[-93.693429,44.923189]]]}},{"type":"Feature","properties":{"unit_id":"27053025805","name":"Census Tract 258.05 \u2014 Hennepin","native_id":"27053025805","source":"census_tract_2025","adm3_name":"Hennepin County","adm3_id":"27053","area_sqm":5226909,"split":false,"population":2977.0,"days_covered":24,"daytime_peak_f":87.8,"heat_anomaly_f":6.1,"extreme_pct":8.0,"nighttime_stress_f":-3.1,"daytime_peak_f_climrel":0.3674,"heat_anomaly_f_climrel":0.3674,"nighttime_stress_f_climrel":-0.1896,"extreme_pct_climrel":0.2,"ref_daytime_hi_mean":81.7,"ref_daytime_hi_p95":94.4,"rwi_mean":null,"health_per_10k":0.0,"built_frac":0.06,"tree_frac":0.655,"canopy_frac_over_3m":0.476,"viirs_mean":9.9,"gdl_hdi":0.96,"gdl_region":"Minnesota","ghsl_smod":21,"lst_anomaly_c":null,"lst_anomaly_c_climrel":null,"worldpop_pop_total":3034.0,"frac_under5":4.5,"frac_elderly_65plus":33.0,"frac_elderly_75plus":20.6,"old_age_dependency_ratio":0.617,"has_data":true},"geometry":{"type":"Polygon","coordinates":[[[-93.355194,44.791931],[-93.351952,44.793304],[-93.35067,44.794651],[-93.350464,44.801128],[-93.350449,44.804642],[-93.33712,44.80476],[-93.334641,44.804771],[-93.327003,44.804779],[-93.319397,44.804737],[-93.31942,44.799232],[-93.317642,44.799316],[-93.314316,44.801548],[-93.307724,44.801918],[-93.307648,44.804668],[-93.30553,44.804754],[-93.305327,44.802303],[-93.303183,44.801175],[-93.299522,44.801841],[-93.293099,44.801885],[-93.291767,44.802708],[-93.290358,44.800034],[-93.294105,44.79902],[-93.298178,44.797425],[-93.30453,44.794501],[-93.314122,44.792471],[-93.319407,44.792817],[-93.325729,44.792666],[-93.329589,44.791099],[-93.329615,44.791087],[-93.335958,44.786476],[-93.338394,44.78648],[-93.343655,44.78848],[-93.345966,44.790363],[-93.348556,44.791352],[-93.351904,44.790189],[-93.355385,44.791519],[-93.355194,44.791931]]]}},{"type":"Feature","properties":{"unit_id":"27053025601","name":"Census Tract 256.01 \u2014 Hennepin","native_id":"27053025601","source":"census_tract_2025","adm3_name":"Hennepin County","adm3_id":"27053","area_sqm":2563987,"split":false,"population":2410.0,"days_covered":24,"daytime_peak_f":87.8,"heat_anomaly_f":6.1,"extreme_pct":8.0,"nighttime_stress_f":-3.1,"daytime_peak_f_climrel":0.3674,"heat_anomaly_f_climrel":0.3674,"nighttime_stress_f_climrel":-0.1896,"extreme_pct_climrel":0.2,"ref_daytime_hi_mean":81.7,"ref_daytime_hi_p95":94.4,"rwi_mean":null,"health_per_10k":0.0,"built_frac":0.449,"tree_frac":0.382,"canopy_frac_over_3m":0.257,"viirs_mean":43.4,"gdl_hdi":0.96,"gdl_region":"Minnesota","ghsl_smod":30,"lst_anomaly_c":null,"lst_anomaly_c_climrel":null,"worldpop_pop_total":3030.0,"frac_under5":4.1,"frac_elderly_65plus":22.8,"frac_elderly_75plus":11.1,"old_age_dependency_ratio":0.353,"has_data":true},"geometry":{"type":"Polygon","coordinates":[[[-93.308861,44.840782],[-93.308815,44.848015],[-93.308798,44.851612],[-93.308641,44.858955],[-93.308677,44.862071],[-93.298332,44.861904],[-93.298027,44.859044],[-93.298058,44.84798],[-93.298058,44.839329],[-93.29715,44.837139],[-93.294899,44.833519],[-93.308815,44.833565],[-93.308861,44.840782]]]}},{"type":"Feature","properties":{"unit_id":"27123034203","name":"Census Tract 342.03 \u2014 Ramsey","native_id":"27123034203","source":"census_tract_2025","adm3_name":"Ramsey County","adm3_id":"27123","area_sqm":279204,"split":false,"population":2289.5381874903665,"days_covered":24,"daytime_peak_f":87.0,"heat_anomaly_f":6.5,"extreme_pct":17.0,"nighttime_stress_f":-2.0,"daytime_peak_f_climrel":0.3832,"heat_anomaly_f_climrel":0.3832,"nighttime_stress_f_climrel":-0.1206,"extreme_pct_climrel":0.425,"ref_daytime_hi_mean":80.6,"ref_daytime_hi_p95":92.9,"rwi_mean":null,"health_per_10k":0.0,"built_frac":0.904,"tree_frac":0.066,"canopy_frac_over_3m":0.071,"viirs_mean":156.7,"gdl_hdi":0.96,"gdl_region":"Minnesota","ghsl_smod":30,"lst_anomaly_c":null,"lst_anomaly_c_climrel":null,"worldpop_pop_total":3073.0,"frac_under5":1.9,"frac_elderly_65plus":16.2,"frac_elderly_75plus":5.2,"old_age_dependency_ratio":0.207,"has_data":true},"geometry":{"type":"Polygon","coordinates":[[[-93.092835,44.95444],[-93.091201,44.95456],[-93.087928,44.952841],[-93.0864,44.952376],[-93.087038,44.951711],[-93.085947,44.951028],[-93.085111,44.95018],[-93.088124,44.948713],[-93.090296,44.948855],[-93.091667,44.950411],[-93.094633,44.953499],[-93.092835,44.95444]]]}},{"type":"Feature","properties":{"unit_id":"27053024500","name":"Census Tract 245 \u2014 Hennepin","native_id":"27053024500","source":"census_tract_2025","adm3_name":"Hennepin County","adm3_id":"27053","area_sqm":1875330,"split":false,"population":3686.0,"days_covered":24,"daytime_peak_f":87.8,"heat_anomaly_f":6.2,"extreme_pct":17.0,"nighttime_stress_f":-3.2,"daytime_peak_f_climrel":0.3756,"heat_anomaly_f_climrel":0.3756,"nighttime_stress_f_climrel":-0.1982,"extreme_pct_climrel":0.425,"ref_daytime_hi_mean":81.6,"ref_daytime_hi_p95":94.1,"rwi_mean":null,"health_per_10k":0.0,"built_frac":0.189,"tree_frac":0.604,"canopy_frac_over_3m":0.431,"viirs_mean":24.5,"gdl_hdi":0.96,"gdl_region":"Minnesota","ghsl_smod":30,"lst_anomaly_c":null,"lst_anomaly_c_climrel":null,"worldpop_pop_total":2460.0,"frac_under5":5.1,"frac_elderly_65plus":18.1,"frac_elderly_75plus":6.9,"old_age_dependency_ratio":0.272,"has_data":true},"geometry":{"type":"Polygon","coordinates":[[[-93.298608,44.872636],[-93.298269,44.875831],[-93.295947,44.881419],[-93.295803,44.883435],[-93.292976,44.8834],[-93.291046,44.88295],[-93.288078,44.880844],[-93.28788,44.879829],[-93.278152,44.879871],[-93.274315,44.879883],[-93.274196,44.878201],[-93.274345,44.876308],[-93.274408,44.870898],[-93.278214,44.870899],[-93.278214,44.870884],[-93.288391,44.870892],[-93.293445,44.870901],[-93.295982,44.87048],[-93.298757,44.870904],[-93.298608,44.872636]]]}},{"type":"Feature","properties":{"unit_id":"27053980100","name":"Census Tract 9801 \u2014 Hennepin","native_id":"27053980100","source":"census_tract_2025","adm3_name":"Hennepin County","adm3_id":"27053","area_sqm":3545255,"split":false,"population":3430.0,"days_covered":24,"daytime_peak_f":87.7,"heat_anomaly_f":6.1,"extreme_pct":17.0,"nighttime_stress_f":-3.0,"daytime_peak_f_climrel":0.3591,"heat_anomaly_f_climrel":0.3591,"nighttime_stress_f_climrel":-0.1852,"extreme_pct_climrel":0.425,"ref_daytime_hi_mean":81.5,"ref_daytime_hi_p95":94.0,"rwi_mean":null,"health_per_10k":5.830903790087463,"built_frac":0.416,"tree_frac":0.266,"canopy_frac_over_3m":0.251,"viirs_mean":44.2,"gdl_hdi":0.96,"gdl_region":"Minnesota","ghsl_smod":11,"lst_anomaly_c":null,"lst_anomaly_c_climrel":null,"worldpop_pop_total":637.0,"frac_under5":1.6,"frac_elderly_65plus":42.6,"frac_elderly_75plus":15.0,"old_age_dependency_ratio":0.802,"has_data":true},"geometry":{"type":"Polygon","coordinates":[[[-93.207687,44.896317],[-93.207664,44.898496],[-93.207652,44.899963],[-93.207634,44.901798],[-93.207596,44.905392],[-93.203381,44.905404],[-93.198449,44.905409],[-93.194042,44.905414],[-93.192214,44.904376],[-93.190676,44.901217],[-93.190385,44.897987],[-93.18739,44.89512],[-93.181529,44.894259],[-93.177218,44.893928],[-93.177999,44.891176],[-93.177964,44.889641],[-93.178539,44.888338],[-93.179577,44.888252],[-93.184896,44.891313],[-93.186514,44.88931],[-93.190696,44.882231],[-93.195901,44.884432],[-93.199592,44.885022],[-93.207757,44.888776],[-93.207687,44.896317]]]}},{"type":"Feature","properties":{"unit_id":"27053026202","name":"Census Tract 262.02 \u2014 Hennepin","native_id":"27053026202","source":"census_tract_2025","adm3_name":"Hennepin County","adm3_id":"27053","area_sqm":4107973,"split":false,"population":2067.0,"days_covered":24,"daytime_peak_f":87.4,"heat_anomaly_f":6.2,"extreme_pct":17.0,"nighttime_stress_f":-2.9,"daytime_peak_f_climrel":0.3694,"heat_anomaly_f_climrel":0.3694,"nighttime_stress_f_climrel":-0.1763,"extreme_pct_climrel":0.425,"ref_daytime_hi_mean":81.2,"ref_daytime_hi_p95":93.5,"rwi_mean":null,"health_per_10k":4.837929366231253,"built_frac":0.122,"tree_frac":0.834,"canopy_frac_over_3m":0.549,"viirs_mean":8.6,"gdl_hdi":0.96,"gdl_region":"Minnesota","ghsl_smod":21,"lst_anomaly_c":null,"lst_anomaly_c_climrel":null,"worldpop_pop_total":3043.0,"frac_under5":5.0,"frac_elderly_65plus":21.9,"frac_elderly_75plus":7.5,"old_age_dependency_ratio":0.359,"has_data":true},"geometry":{"type":"Polygon","coordinates":[[[-93.484441,44.924788],[-93.482792,44.926864],[-93.482297,44.935583],[-93.48114,44.93581],[-93.471992,44.936977],[-93.466908,44.937643],[-93.466896,44.937901],[-93.461357,44.939949],[-93.456285,44.940796],[-93.456451,44.936882],[-93.452744,44.930195],[-93.451706,44.927475],[-93.451415,44.924872],[-93.462756,44.922708],[-93.467868,44.921902],[-93.473003,44.921099],[-93.482392,44.919607],[-93.482404,44.919728],[-93.483391,44.919872],[-93.484879,44.921787],[-93.484441,44.924788]]]}},{"type":"Feature","properties":{"unit_id":"27123032300","name":"Census Tract 323 \u2014 Ramsey","native_id":"27123032300","source":"census_tract_2025","adm3_name":"Ramsey County","adm3_id":"27123","area_sqm":1107754,"split":false,"population":1969.0,"days_covered":24,"daytime_peak_f":87.6,"heat_anomaly_f":6.1,"extreme_pct":17.0,"nighttime_stress_f":-2.8,"daytime_peak_f_climrel":0.362,"heat_anomaly_f_climrel":0.362,"nighttime_stress_f_climrel":-0.1712,"extreme_pct_climrel":0.425,"ref_daytime_hi_mean":81.5,"ref_daytime_hi_p95":94.1,"rwi_mean":null,"health_per_10k":0.0,"built_frac":0.381,"tree_frac":0.585,"canopy_frac_over_3m":0.36,"viirs_mean":43.6,"gdl_hdi":0.96,"gdl_region":"Minnesota","ghsl_smod":30,"lst_anomaly_c":null,"lst_anomaly_c_climrel":null,"worldpop_pop_total":4016.0,"frac_under5":6.3,"frac_elderly_65plus":10.4,"frac_elderly_75plus":3.2,"old_age_dependency_ratio":0.145,"has_data":true},"geometry":{"type":"Polygon","coordinates":[[[-93.156841,44.962938],[-93.156817,44.968823],[-93.146588,44.967349],[-93.146604,44.963008],[-93.14661,44.960295],[-93.14661,44.959359],[-93.146624,44.955727],[-93.156821,44.955703],[-93.156827,44.959318],[-93.156841,44.962938]]]}},{"type":"Feature","properties":{"unit_id":"27123042800","name":"Census Tract 428 \u2014 Ramsey","native_id":"27123042800","source":"census_tract_2025","adm3_name":"Ramsey County","adm3_id":"27123","area_sqm":1620478,"split":false,"population":9660.0,"days_covered":24,"daytime_peak_f":87.0,"heat_anomaly_f":6.5,"extreme_pct":17.0,"nighttime_stress_f":-2.0,"daytime_peak_f_climrel":0.3832,"heat_anomaly_f_climrel":0.3832,"nighttime_stress_f_climrel":-0.1206,"extreme_pct_climrel":0.425,"ref_daytime_hi_mean":80.6,"ref_daytime_hi_p95":92.9,"rwi_mean":null,"health_per_10k":3.1055900621118013,"built_frac":0.71,"tree_frac":0.149,"canopy_frac_over_3m":0.139,"viirs_mean":106.8,"gdl_hdi":0.96,"gdl_region":"Minnesota","ghsl_smod":30,"lst_anomaly_c":null,"lst_anomaly_c_climrel":null,"worldpop_pop_total":2631.0,"frac_under5":5.6,"frac_elderly_65plus":11.0,"frac_elderly_75plus":4.4,"old_age_dependency_ratio":0.178,"has_data":true},"geometry":{"type":"Polygon","coordinates":[[[-93.107739,44.947642],[-93.106171,44.948531],[-93.107322,44.949131],[-93.105476,44.951443],[-93.105963,44.9558],[-93.105999,44.958954],[-93.105969,44.961196],[-93.106239,44.963221],[-93.097916,44.963193],[-93.093371,44.963813],[-93.090456,44.963535],[-93.091039,44.957867],[-93.091459,44.955715],[-93.091201,44.95456],[-93.092835,44.95444],[-93.094633,44.953499],[-93.098491,44.951548],[-93.101509,44.950227],[-93.103737,44.94745],[-93.104351,44.946901],[-93.104724,44.947676],[-93.106223,44.946684],[-93.107739,44.947642]]]}},{"type":"Feature","properties":{"unit_id":"27123040101","name":"Census Tract 401.01 \u2014 Ramsey","native_id":"27123040101","source":"census_tract_2025","adm3_name":"Ramsey County","adm3_id":"27123","area_sqm":7508445,"split":false,"population":2845.0,"days_covered":24,"daytime_peak_f":86.4,"heat_anomaly_f":6.4,"extreme_pct":17.0,"nighttime_stress_f":-2.5,"daytime_peak_f_climrel":0.3794,"heat_anomaly_f_climrel":0.3794,"nighttime_stress_f_climrel":-0.1514,"extreme_pct_climrel":0.425,"ref_daytime_hi_mean":80.1,"ref_daytime_hi_p95":92.4,"rwi_mean":null,"health_per_10k":0.0,"built_frac":0.11,"tree_frac":0.47,"canopy_frac_over_3m":0.315,"viirs_mean":6.2,"gdl_hdi":0.96,"gdl_region":"Minnesota","ghsl_smod":21,"lst_anomaly_c":null,"lst_anomaly_c_climrel":null,"worldpop_pop_total":3011.0,"frac_under5":5.0,"frac_elderly_65plus":20.9,"frac_elderly_75plus":5.9,"old_age_dependency_ratio":0.328,"has_data":true},"geometry":{"type":"Polygon","coordinates":[[[-93.056778,45.124008],[-93.055407,45.124059],[-93.04798,45.123992],[-93.024716,45.12386],[-93.025404,45.122808],[-93.025464,45.12052],[-93.027471,45.118605],[-93.027854,45.115024],[-93.026742,45.113539],[-93.027017,45.111579],[-93.026522,45.10757],[-93.024652,45.103644],[-93.021966,45.09979],[-93.023754,45.097946],[-93.025607,45.09736],[-93.035841,45.09738],[-93.035828,45.09227],[-93.035826,45.091839],[-93.044427,45.09035],[-93.045656,45.090138],[-93.045852,45.090137],[-93.046201,45.090137],[-93.050502,45.089587],[-93.052642,45.088882],[-93.056187,45.087349],[-93.056188,45.087491],[-93.056409,45.122677],[-93.056778,45.124008]]]}},{"type":"Feature","properties":{"unit_id":"27123041302","name":"Census Tract 413.02 \u2014 Ramsey","native_id":"27123041302","source":"census_tract_2025","adm3_name":"Ramsey County","adm3_id":"27123","area_sqm":8972583,"split":false,"population":12545.0,"days_covered":24,"daytime_peak_f":87.6,"heat_anomaly_f":6.1,"extreme_pct":17.0,"nighttime_stress_f":-2.8,"daytime_peak_f_climrel":0.362,"heat_anomaly_f_climrel":0.362,"nighttime_stress_f_climrel":-0.1712,"extreme_pct_climrel":0.425,"ref_daytime_hi_mean":81.5,"ref_daytime_hi_p95":94.1,"rwi_mean":null,"health_per_10k":6.377042646472698,"built_frac":0.565,"tree_frac":0.251,"canopy_frac_over_3m":0.182,"viirs_mean":61.1,"gdl_hdi":0.96,"gdl_region":"Minnesota","ghsl_smod":30,"lst_anomaly_c":null,"lst_anomaly_c_climrel":null,"worldpop_pop_total":4407.0,"frac_under5":3.4,"frac_elderly_65plus":25.4,"frac_elderly_75plus":17.5,"old_age_dependency_ratio":0.398,"has_data":true},"geometry":{"type":"Polygon","coordinates":[[[-93.208092,45.035744],[-93.197892,45.035731],[-93.190647,45.035742],[-93.187706,45.035747],[-93.177497,45.035737],[-93.163043,45.035727],[-93.165643,45.033464],[-93.16628,45.03253],[-93.167033,45.030756],[-93.167172,45.027916],[-93.167057,45.020987],[-93.167049,45.020676],[-93.167082,45.013511],[-93.166619,45.01036],[-93.176376,45.010338],[-93.186625,45.010288],[-93.198834,45.010378],[-93.200702,45.010099],[-93.201958,45.009643],[-93.204594,45.007836],[-93.20604,45.006923],[-93.207636,45.006205],[-93.207802,45.020584],[-93.207866,45.024616],[-93.207926,45.027561],[-93.207949,45.027802],[-93.208092,45.035744]]]}},{"type":"Feature","properties":{"unit_id":"27053026911","name":"Census Tract 269.11 \u2014 Hennepin","native_id":"27053026911","source":"census_tract_2025","adm3_name":"Hennepin County","adm3_id":"27053","area_sqm":17347328,"split":false,"population":8261.0,"days_covered":24,"daytime_peak_f":87.4,"heat_anomaly_f":6.3,"extreme_pct":17.0,"nighttime_stress_f":-3.5,"daytime_peak_f_climrel":0.368,"heat_anomaly_f_climrel":0.368,"nighttime_stress_f_climrel":-0.2136,"extreme_pct_climrel":0.425,"ref_daytime_hi_mean":81.1,"ref_daytime_hi_p95":94.5,"rwi_mean":null,"health_per_10k":10.894564822660694,"built_frac":0.261,"tree_frac":0.288,"canopy_frac_over_3m":0.218,"viirs_mean":23.8,"gdl_hdi":0.96,"gdl_region":"Minnesota","ghsl_smod":12,"lst_anomaly_c":null,"lst_anomaly_c_climrel":null,"worldpop_pop_total":5550.0,"frac_under5":5.3,"frac_elderly_65plus":11.3,"frac_elderly_75plus":5.1,"old_age_dependency_ratio":0.164,"has_data":true},"geometry":{"type":"Polygon","coordinates":[[[-93.593848,45.21691],[-93.592395,45.218402],[-93.5905,45.218176],[-93.589475,45.214806],[-93.587503,45.214643],[-93.585924,45.214967],[-93.583316,45.216361],[-93.579937,45.217109],[-93.575469,45.218574],[-93.569971,45.218523],[-93.5666,45.221208],[-93.562718,45.223007],[-93.561523,45.224584],[-93.561109,45.226995],[-93.559747,45.226864],[-93.558607,45.225502],[-93.557059,45.224971],[-93.555087,45.226755],[-93.552312,45.226976],[-93.548635,45.226456],[-93.547798,45.22671],[-93.542636,45.232591],[-93.539413,45.230973],[-93.53557,45.231386],[-93.534107,45.230606],[-93.534294,45.228594],[-93.533393,45.225603],[-93.531288,45.222842],[-93.528678,45.22243],[-93.525636,45.224964],[-93.525244,45.226221],[-93.526588,45.228663],[-93.524558,45.231173],[-93.522122,45.232279],[-93.522126,45.209836],[-93.52236,45.202695],[-93.522409,45.195759],[-93.521343,45.167027],[-93.521477,45.163475],[-93.524185,45.165298],[-93.526344,45.167709],[-93.526909,45.169659],[-93.5271,45.173798],[-93.528236,45.176182],[-93.52916,45.177078],[-93.547079,45.191967],[-93.54911,45.19326],[-93.552612,45.194817],[-93.569729,45.202153],[-93.571854,45.2033],[-93.584077,45.210735],[-93.593759,45.216624],[-93.593848,45.21691]]]}},{"type":"Feature","properties":{"unit_id":"27123031500","name":"Census Tract 315 \u2014 Ramsey","native_id":"27123031500","source":"census_tract_2025","adm3_name":"Ramsey County","adm3_id":"27123","area_sqm":995161,"split":false,"population":2988.349751656522,"days_covered":24,"daytime_peak_f":87.0,"heat_anomaly_f":6.5,"extreme_pct":17.0,"nighttime_stress_f":-2.0,"daytime_peak_f_climrel":0.3832,"heat_anomaly_f_climrel":0.3832,"nighttime_stress_f_climrel":-0.1206,"extreme_pct_climrel":0.425,"ref_daytime_hi_mean":80.6,"ref_daytime_hi_p95":92.9,"rwi_mean":null,"health_per_10k":6.6926570388601485,"built_frac":0.424,"tree_frac":0.471,"canopy_frac_over_3m":0.305,"viirs_mean":46.6,"gdl_hdi":0.96,"gdl_region":"Minnesota","ghsl_smod":30,"lst_anomaly_c":null,"lst_anomaly_c_climrel":null,"worldpop_pop_total":3575.0,"frac_under5":8.8,"frac_elderly_65plus":8.5,"frac_elderly_75plus":2.9,"old_age_dependency_ratio":0.129,"has_data":true},"geometry":{"type":"Polygon","coordinates":[[[-93.083838,44.9661],[-93.083702,44.970123],[-93.081143,44.970146],[-93.076082,44.970192],[-93.076082,44.970235],[-93.073561,44.970254],[-93.069392,44.970284],[-93.065964,44.970315],[-93.066071,44.9656],[-93.072085,44.965332],[-93.072027,44.963012],[-93.076089,44.962981],[-93.079754,44.962954],[-93.083773,44.962924],[-93.083442,44.964837],[-93.084273,44.965694],[-93.083838,44.9661]]]}},{"type":"Feature","properties":{"unit_id":"27053027601","name":"Census Tract 276.01 \u2014 Hennepin","native_id":"27053027601","source":"census_tract_2025","adm3_name":"Hennepin County","adm3_id":"27053","area_sqm":2668283,"split":false,"population":3568.0,"days_covered":24,"daytime_peak_f":87.0,"heat_anomaly_f":6.3,"extreme_pct":8.0,"nighttime_stress_f":-2.4,"daytime_peak_f_climrel":0.3644,"heat_anomaly_f_climrel":0.3644,"nighttime_stress_f_climrel":-0.1476,"extreme_pct_climrel":0.2,"ref_daytime_hi_mean":80.7,"ref_daytime_hi_p95":93.5,"rwi_mean":null,"health_per_10k":2.802690582959641,"built_frac":0.099,"tree_frac":0.465,"canopy_frac_over_3m":0.269,"viirs_mean":6.8,"gdl_hdi":0.96,"gdl_region":"Minnesota","ghsl_smod":21,"lst_anomaly_c":null,"lst_anomaly_c_climrel":null,"worldpop_pop_total":4311.0,"frac_under5":5.1,"frac_elderly_65plus":18.7,"frac_elderly_75plus":6.9,"old_age_dependency_ratio":0.287,"has_data":true},"geometry":{"type":"Polygon","coordinates":[[[-93.686012,44.938478],[-93.685998,44.942286],[-93.671889,44.945873],[-93.665794,44.945858],[-93.665609,44.949542],[-93.658479,44.949554],[-93.656524,44.95295],[-93.645407,44.951292],[-93.643258,44.950978],[-93.638867,44.947837],[-93.638849,44.939398],[-93.643841,44.939328],[-93.64454,44.937126],[-93.652695,44.937496],[-93.666359,44.937168],[-93.673508,44.936786],[-93.686157,44.933824],[-93.686012,44.938478]]]}},{"type":"Feature","properties":{"unit_id":"27053023700","name":"Census Tract 237 \u2014 Hennepin","native_id":"27053023700","source":"census_tract_2025","adm3_name":"Hennepin County","adm3_id":"27053","area_sqm":4554143,"split":false,"population":2895.0,"days_covered":24,"daytime_peak_f":87.9,"heat_anomaly_f":6.3,"extreme_pct":17.0,"nighttime_stress_f":-3.0,"daytime_peak_f_climrel":0.3805,"heat_anomaly_f_climrel":0.3805,"nighttime_stress_f_climrel":-0.1883,"extreme_pct_climrel":0.425,"ref_daytime_hi_mean":81.6,"ref_daytime_hi_p95":94.1,"rwi_mean":null,"health_per_10k":20.72538860103627,"built_frac":0.172,"tree_frac":0.723,"canopy_frac_over_3m":0.468,"viirs_mean":13.3,"gdl_hdi":0.96,"gdl_region":"Minnesota","ghsl_smod":30,"lst_anomaly_c":null,"lst_anomaly_c_climrel":null,"worldpop_pop_total":5648.0,"frac_under5":5.0,"frac_elderly_65plus":24.5,"frac_elderly_75plus":12.8,"old_age_dependency_ratio":0.431,"has_data":true},"geometry":{"type":"Polygon","coordinates":[[[-93.38581,44.892529],[-93.386484,44.895877],[-93.386009,44.896294],[-93.381416,44.898834],[-93.380653,44.899193],[-93.370955,44.902373],[-93.370255,44.902454],[-93.36792,44.902458],[-93.365334,44.902634],[-93.360814,44.904524],[-93.357727,44.907041],[-93.355262,44.911252],[-93.354095,44.912125],[-93.353548,44.91225],[-93.351558,44.91248],[-93.350848,44.912414],[-93.350814,44.910228],[-93.350078,44.90527],[-93.350029,44.900159],[-93.350095,44.896604],[-93.350221,44.889804],[-93.357928,44.889809],[-93.362117,44.888679],[-93.36523,44.887711],[-93.368967,44.887469],[-93.386953,44.88965],[-93.38581,44.892529]]]}},{"type":"Feature","properties":{"unit_id":"27053104002","name":"Census Tract 1040.02 \u2014 Hennepin","native_id":"27053104002","source":"census_tract_2025","adm3_name":"Hennepin County","adm3_id":"27053","area_sqm":3842532,"split":false,"population":5511.0,"days_covered":24,"daytime_peak_f":87.6,"heat_anomaly_f":6.1,"extreme_pct":17.0,"nighttime_stress_f":-2.8,"daytime_peak_f_climrel":0.362,"heat_anomaly_f_climrel":0.362,"nighttime_stress_f_climrel":-0.1712,"extreme_pct_climrel":0.425,"ref_daytime_hi_mean":81.5,"ref_daytime_hi_p95":94.1,"rwi_mean":null,"health_per_10k":1.8145527127563055,"built_frac":0.764,"tree_frac":0.167,"canopy_frac_over_3m":0.133,"viirs_mean":78.0,"gdl_hdi":0.96,"gdl_region":"Minnesota","ghsl_smod":30,"lst_anomaly_c":null,"lst_anomaly_c_climrel":null,"worldpop_pop_total":4696.0,"frac_under5":3.9,"frac_elderly_65plus":4.5,"frac_elderly_75plus":1.3,"old_age_dependency_ratio":0.051,"has_data":true},"geometry":{"type":"Polygon","coordinates":[[[-93.242065,44.991493],[-93.236355,44.991492],[-93.238355,44.995175],[-93.237696,44.998711],[-93.235781,45.001307],[-93.235286,45.001625],[-93.232688,45.00233],[-93.227055,45.001223],[-93.223198,45.000719],[-93.220193,45.000982],[-93.218366,45.00144],[-93.207638,45.005977],[-93.207602,45.000643],[-93.207558,44.991684],[-93.207587,44.988071],[-93.215204,44.987961],[-93.226936,44.987827],[-93.235576,44.987891],[-93.236174,44.988139],[-93.236718,44.98762],[-93.237078,44.987817],[-93.239944,44.989635],[-93.242065,44.991493]]]}},{"type":"Feature","properties":{"unit_id":"27123037403","name":"Census Tract 374.03 \u2014 Ramsey","native_id":"27123037403","source":"census_tract_2025","adm3_name":"Ramsey County","adm3_id":"27123","area_sqm":5636122,"split":false,"population":1858.0,"days_covered":24,"daytime_peak_f":87.1,"heat_anomaly_f":6.0,"extreme_pct":17.0,"nighttime_stress_f":-3.3,"daytime_peak_f_climrel":0.3557,"heat_anomaly_f_climrel":0.3557,"nighttime_stress_f_climrel":-0.195,"extreme_pct_climrel":0.425,"ref_daytime_hi_mean":81.1,"ref_daytime_hi_p95":93.7,"rwi_mean":null,"health_per_10k":0.0,"built_frac":0.133,"tree_frac":0.782,"canopy_frac_over_3m":0.618,"viirs_mean":12.6,"gdl_hdi":0.96,"gdl_region":"Minnesota","ghsl_smod":30,"lst_anomaly_c":null,"lst_anomaly_c_climrel":null,"worldpop_pop_total":7358.0,"frac_under5":8.6,"frac_elderly_65plus":13.4,"frac_elderly_75plus":4.8,"old_age_dependency_ratio":0.213,"has_data":true},"geometry":{"type":"Polygon","coordinates":[[[-93.027147,44.936971],[-93.024512,44.93739],[-93.022698,44.938723],[-93.023127,44.940809],[-93.022182,44.942496],[-93.021624,44.942729],[-93.020805,44.943556],[-93.01893,44.944054],[-93.015051,44.943756],[-93.014728,44.943372],[-93.009112,44.944776],[-93.007615,44.943878],[-93.004957,44.945],[-93.004906,44.941048],[-93.00484,44.935282],[-93.004823,44.932983],[-93.00482,44.926638],[-93.004816,44.919765],[-93.004816,44.919443],[-93.004618,44.912242],[-93.004324,44.891585],[-93.004424,44.890767],[-93.006773,44.890765],[-93.009941,44.898793],[-93.01043,44.901872],[-93.014385,44.912183],[-93.015039,44.915533],[-93.018381,44.923346],[-93.026558,44.932485],[-93.029197,44.934593],[-93.027147,44.936971]]]}},{"type":"Feature","properties":{"unit_id":"27053101600","name":"Census Tract 1016 \u2014 Hennepin","native_id":"27053101600","source":"census_tract_2025","adm3_name":"Hennepin County","adm3_id":"27053","area_sqm":1184516,"split":false,"population":2254.0,"days_covered":24,"daytime_peak_f":87.5,"heat_anomaly_f":6.4,"extreme_pct":17.0,"nighttime_stress_f":-2.8,"daytime_peak_f_climrel":0.3865,"heat_anomaly_f_climrel":0.3865,"nighttime_stress_f_climrel":-0.1712,"extreme_pct_climrel":0.425,"ref_daytime_hi_mean":81.2,"ref_daytime_hi_p95":93.7,"rwi_mean":null,"health_per_10k":0.0,"built_frac":0.533,"tree_frac":0.348,"canopy_frac_over_3m":0.263,"viirs_mean":41.1,"gdl_hdi":0.96,"gdl_region":"Minnesota","ghsl_smod":30,"lst_anomaly_c":null,"lst_anomaly_c_climrel":null,"worldpop_pop_total":3716.0,"frac_under5":8.2,"frac_elderly_65plus":8.0,"frac_elderly_75plus":2.4,"old_age_dependency_ratio":0.124,"has_data":true},"geometry":{"type":"Polygon","coordinates":[[[-93.294312,45.013149],[-93.29306,45.013141],[-93.28801,45.013111],[-93.282388,45.013115],[-93.274889,45.013126],[-93.274436,45.005943],[-93.282436,45.005931],[-93.286438,45.005917],[-93.287987,45.005913],[-93.294195,45.005948],[-93.294312,45.009544],[-93.294312,45.013149]]]}},{"type":"Feature","properties":{"unit_id":"27053002400","name":"Census Tract 24 \u2014 Hennepin","native_id":"27053002400","source":"census_tract_2025","adm3_name":"Hennepin County","adm3_id":"27053","area_sqm":766875,"split":false,"population":3225.0,"days_covered":24,"daytime_peak_f":87.5,"heat_anomaly_f":6.4,"extreme_pct":17.0,"nighttime_stress_f":-2.8,"daytime_peak_f_climrel":0.3865,"heat_anomaly_f_climrel":0.3865,"nighttime_stress_f_climrel":-0.1712,"extreme_pct_climrel":0.425,"ref_daytime_hi_mean":81.2,"ref_daytime_hi_p95":93.7,"rwi_mean":null,"health_per_10k":6.2015503875969,"built_frac":0.443,"tree_frac":0.41,"canopy_frac_over_3m":0.295,"viirs_mean":46.5,"gdl_hdi":0.96,"gdl_region":"Minnesota","ghsl_smod":30,"lst_anomaly_c":null,"lst_anomaly_c_climrel":null,"worldpop_pop_total":3281.0,"frac_under5":3.8,"frac_elderly_65plus":8.4,"frac_elderly_75plus":2.9,"old_age_dependency_ratio":0.102,"has_data":true},"geometry":{"type":"Polygon","coordinates":[[[-93.274424,45.00441],[-93.274436,45.005943],[-93.26886,45.006054],[-93.26767,45.005039],[-93.263069,45.005287],[-93.260246,45.005249],[-93.260239,44.998707],[-93.267288,44.998703],[-93.26911,44.998701],[-93.270828,44.998699],[-93.275431,44.998988],[-93.274424,45.00441]]]}},{"type":"Feature","properties":{"unit_id":"27053026023","name":"Census Tract 260.23 \u2014 Hennepin","native_id":"27053026023","source":"census_tract_2025","adm3_name":"Hennepin County","adm3_id":"27053","area_sqm":2952190,"split":false,"population":2413.0,"days_covered":24,"daytime_peak_f":88.0,"heat_anomaly_f":6.3,"extreme_pct":8.0,"nighttime_stress_f":-3.0,"daytime_peak_f_climrel":0.3788,"heat_anomaly_f_climrel":0.3788,"nighttime_stress_f_climrel":-0.1821,"extreme_pct_climrel":0.2,"ref_daytime_hi_mean":81.7,"ref_daytime_hi_p95":94.4,"rwi_mean":null,"health_per_10k":4.144218814753419,"built_frac":0.222,"tree_frac":0.591,"canopy_frac_over_3m":0.395,"viirs_mean":18.4,"gdl_hdi":0.96,"gdl_region":"Minnesota","ghsl_smod":12,"lst_anomaly_c":null,"lst_anomaly_c_climrel":null,"worldpop_pop_total":4400.0,"frac_under5":5.8,"frac_elderly_65plus":13.5,"frac_elderly_75plus":4.6,"old_age_dependency_ratio":0.195,"has_data":true},"geometry":{"type":"Polygon","coordinates":[[[-93.449175,44.842261],[-93.446266,44.842548],[-93.444519,44.844318],[-93.443413,44.844002],[-93.43956,44.844009],[-93.43544,44.843971],[-93.429581,44.842213],[-93.427048,44.842003],[-93.423706,44.84367],[-93.421646,44.844322],[-93.41935,44.844039],[-93.415245,44.843765],[-93.412727,44.841702],[-93.410385,44.840645],[-93.408495,44.837034],[-93.415355,44.837224],[-93.418355,44.840431],[-93.420924,44.840921],[-93.42345,44.840235],[-93.4248,44.837862],[-93.426186,44.837937],[-93.429489,44.837181],[-93.430901,44.835682],[-93.429199,44.832378],[-93.429169,44.829812],[-93.435602,44.829671],[-93.438603,44.829117],[-93.442603,44.827171],[-93.445425,44.828198],[-93.441061,44.831748],[-93.440705,44.832127],[-93.448509,44.832633],[-93.450851,44.836804],[-93.449175,44.842261]]]}},{"type":"Feature","properties":{"unit_id":"27123040902","name":"Census Tract 409.02 \u2014 Ramsey","native_id":"27123040902","source":"census_tract_2025","adm3_name":"Ramsey County","adm3_id":"27123","area_sqm":3243438,"split":false,"population":4180.0,"days_covered":24,"daytime_peak_f":87.1,"heat_anomaly_f":5.9,"extreme_pct":17.0,"nighttime_stress_f":-2.9,"daytime_peak_f_climrel":0.3472,"heat_anomaly_f_climrel":0.3472,"nighttime_stress_f_climrel":-0.1783,"extreme_pct_climrel":0.425,"ref_daytime_hi_mean":81.1,"ref_daytime_hi_p95":93.9,"rwi_mean":null,"health_per_10k":4.784688995215311,"built_frac":0.431,"tree_frac":0.434,"canopy_frac_over_3m":0.314,"viirs_mean":28.2,"gdl_hdi":0.96,"gdl_region":"Minnesota","ghsl_smod":21,"lst_anomaly_c":null,"lst_anomaly_c_climrel":null,"worldpop_pop_total":4741.0,"frac_under5":6.8,"frac_elderly_65plus":11.3,"frac_elderly_75plus":5.4,"old_age_dependency_ratio":0.168,"has_data":true},"geometry":{"type":"Polygon","coordinates":[[[-93.208983,45.108051],[-93.198774,45.108059],[-93.188521,45.107946],[-93.188241,45.10795],[-93.188031,45.091721],[-93.187855,45.089549],[-93.187024,45.086316],[-93.187382,45.086308],[-93.198419,45.086313],[-93.198539,45.093579],[-93.208726,45.093553],[-93.208865,45.100789],[-93.208941,45.105244],[-93.208983,45.108051]]]}},{"type":"Feature","properties":{"unit_id":"27053026508","name":"Census Tract 265.08 \u2014 Hennepin","native_id":"27053026508","source":"census_tract_2025","adm3_name":"Hennepin County","adm3_id":"27053","area_sqm":6510695,"split":false,"population":5939.0,"days_covered":24,"daytime_peak_f":87.3,"heat_anomaly_f":6.2,"extreme_pct":17.0,"nighttime_stress_f":-3.0,"daytime_peak_f_climrel":0.3731,"heat_anomaly_f_climrel":0.3731,"nighttime_stress_f_climrel":-0.1862,"extreme_pct_climrel":0.425,"ref_daytime_hi_mean":81.1,"ref_daytime_hi_p95":93.9,"rwi_mean":null,"health_per_10k":0.0,"built_frac":0.213,"tree_frac":0.463,"canopy_frac_over_3m":0.29,"viirs_mean":16.2,"gdl_hdi":0.96,"gdl_region":"Minnesota","ghsl_smod":21,"lst_anomaly_c":null,"lst_anomaly_c_climrel":null,"worldpop_pop_total":4558.0,"frac_under5":4.7,"frac_elderly_65plus":23.6,"frac_elderly_75plus":9.7,"old_age_dependency_ratio":0.375,"has_data":true},"geometry":{"type":"Polygon","coordinates":[[[-93.451492,45.056194],[-93.450113,45.060373],[-93.448079,45.065677],[-93.446617,45.066387],[-93.441332,45.064701],[-93.439576,45.065642],[-93.432693,45.065631],[-93.431008,45.06563],[-93.415037,45.065641],[-93.400695,45.065736],[-93.400769,45.058022],[-93.400796,45.050944],[-93.40079,45.048924],[-93.405708,45.048912],[-93.410488,45.049184],[-93.419365,45.049763],[-93.420781,45.049764],[-93.426971,45.049633],[-93.433739,45.047489],[-93.435877,45.047342],[-93.436058,45.047337],[-93.441132,45.047206],[-93.444479,45.047096],[-93.45225,45.046836],[-93.451492,45.056194]]]}},{"type":"Feature","properties":{"unit_id":"27053023502","name":"Census Tract 235.02 \u2014 Hennepin","native_id":"27053023502","source":"census_tract_2025","adm3_name":"Hennepin County","adm3_id":"27053","area_sqm":6068371,"split":false,"population":5651.0,"days_covered":24,"daytime_peak_f":87.9,"heat_anomaly_f":6.3,"extreme_pct":17.0,"nighttime_stress_f":-3.0,"daytime_peak_f_climrel":0.3805,"heat_anomaly_f_climrel":0.3805,"nighttime_stress_f_climrel":-0.1883,"extreme_pct_climrel":0.425,"ref_daytime_hi_mean":81.6,"ref_daytime_hi_p95":94.1,"rwi_mean":null,"health_per_10k":0.0,"built_frac":0.132,"tree_frac":0.701,"canopy_frac_over_3m":0.439,"viirs_mean":17.8,"gdl_hdi":0.96,"gdl_region":"Minnesota","ghsl_smod":30,"lst_anomaly_c":null,"lst_anomaly_c_climrel":null,"worldpop_pop_total":6988.0,"frac_under5":4.2,"frac_elderly_65plus":24.1,"frac_elderly_75plus":9.6,"old_age_dependency_ratio":0.396,"has_data":true},"geometry":{"type":"Polygon","coordinates":[[[-93.401408,44.89891],[-93.401378,44.902511],[-93.4013,44.906064],[-93.401298,44.906134],[-93.401125,44.913456],[-93.401426,44.917],[-93.387703,44.917053],[-93.387451,44.915775],[-93.385788,44.915718],[-93.385628,44.914799],[-93.383423,44.913956],[-93.38163,44.913559],[-93.380669,44.913559],[-93.378098,44.913654],[-93.375758,44.913499],[-93.369225,44.913422],[-93.360751,44.913319],[-93.360814,44.904524],[-93.365334,44.902634],[-93.36792,44.902458],[-93.370255,44.902454],[-93.370955,44.902373],[-93.380653,44.899193],[-93.381416,44.898834],[-93.386009,44.896294],[-93.386484,44.895877],[-93.38581,44.892529],[-93.386953,44.88965],[-93.3952,44.890616],[-93.398638,44.890905],[-93.399289,44.890918],[-93.399521,44.891608],[-93.401622,44.891642],[-93.401408,44.89891]]]}},{"type":"Feature","properties":{"unit_id":"27053023201","name":"Census Tract 232.01 \u2014 Hennepin","native_id":"27053023201","source":"census_tract_2025","adm3_name":"Hennepin County","adm3_id":"27053","area_sqm":2445314,"split":false,"population":1520.0,"days_covered":24,"daytime_peak_f":87.9,"heat_anomaly_f":6.3,"extreme_pct":17.0,"nighttime_stress_f":-3.0,"daytime_peak_f_climrel":0.3805,"heat_anomaly_f_climrel":0.3805,"nighttime_stress_f_climrel":-0.1883,"extreme_pct_climrel":0.425,"ref_daytime_hi_mean":81.6,"ref_daytime_hi_p95":94.1,"rwi_mean":null,"health_per_10k":6.578947368421052,"built_frac":0.176,"tree_frac":0.545,"canopy_frac_over_3m":0.411,"viirs_mean":16.2,"gdl_hdi":0.96,"gdl_region":"Minnesota","ghsl_smod":21,"lst_anomaly_c":null,"lst_anomaly_c_climrel":null,"worldpop_pop_total":2442.0,"frac_under5":4.8,"frac_elderly_65plus":21.1,"frac_elderly_75plus":11.4,"old_age_dependency_ratio":0.325,"has_data":true},"geometry":{"type":"Polygon","coordinates":[[[-93.425449,44.947486],[-93.421023,44.948883],[-93.410883,44.949549],[-93.410883,44.94931],[-93.410959,44.940478],[-93.405765,44.940465],[-93.405746,44.938707],[-93.400617,44.938747],[-93.400614,44.935133],[-93.396678,44.935116],[-93.397033,44.932425],[-93.399284,44.927875],[-93.405823,44.929985],[-93.414055,44.932541],[-93.414746,44.932641],[-93.414743,44.932809],[-93.421084,44.932792],[-93.421037,44.936899],[-93.41958,44.936903],[-93.419573,44.939132],[-93.416007,44.939178],[-93.415993,44.942429],[-93.421118,44.942436],[-93.421065,44.945741],[-93.423608,44.945512],[-93.423922,44.945484],[-93.423956,44.944738],[-93.424841,44.944621],[-93.425449,44.947486]]]}},{"type":"Feature","properties":{"unit_id":"27123040606","name":"Census Tract 406.06 \u2014 Ramsey","native_id":"27123040606","source":"census_tract_2025","adm3_name":"Ramsey County","adm3_id":"27123","area_sqm":5055031,"split":false,"population":5298.0,"days_covered":24,"daytime_peak_f":87.0,"heat_anomaly_f":6.5,"extreme_pct":17.0,"nighttime_stress_f":-2.0,"daytime_peak_f_climrel":0.3832,"heat_anomaly_f_climrel":0.3832,"nighttime_stress_f_climrel":-0.1206,"extreme_pct_climrel":0.425,"ref_daytime_hi_mean":80.6,"ref_daytime_hi_p95":92.9,"rwi_mean":null,"health_per_10k":7.550018875047187,"built_frac":0.375,"tree_frac":0.406,"canopy_frac_over_3m":0.277,"viirs_mean":35.1,"gdl_hdi":0.96,"gdl_region":"Minnesota","ghsl_smod":12,"lst_anomaly_c":null,"lst_anomaly_c_climrel":null,"worldpop_pop_total":4678.0,"frac_under5":6.2,"frac_elderly_65plus":19.5,"frac_elderly_75plus":8.8,"old_age_dependency_ratio":0.305,"has_data":true},"geometry":{"type":"Polygon","coordinates":[[[-93.076669,45.039595],[-93.07658,45.052896],[-93.074535,45.051631],[-93.069469,45.050335],[-93.065544,45.050332],[-93.051301,45.05032],[-93.035973,45.050314],[-93.035794,45.048813],[-93.036984,45.047597],[-93.033879,45.047604],[-93.033089,45.050299],[-93.032307,45.050294],[-93.030693,45.050286],[-93.030685,45.046661],[-93.033315,45.046672],[-93.034099,45.046675],[-93.035796,45.046682],[-93.034735,45.042981],[-93.036188,45.037285],[-93.036467,45.036048],[-93.036793,45.035796],[-93.04381,45.035831],[-93.056231,45.035876],[-93.058815,45.035878],[-93.07667,45.035883],[-93.076669,45.039595]]]}},{"type":"Feature","properties":{"unit_id":"27053107600","name":"Census Tract 1076 \u2014 Hennepin","native_id":"27053107600","source":"census_tract_2025","adm3_name":"Hennepin County","adm3_id":"27053","area_sqm":1513214,"split":false,"population":2319.0,"days_covered":24,"daytime_peak_f":87.7,"heat_anomaly_f":6.1,"extreme_pct":17.0,"nighttime_stress_f":-3.0,"daytime_peak_f_climrel":0.3591,"heat_anomaly_f_climrel":0.3591,"nighttime_stress_f_climrel":-0.1852,"extreme_pct_climrel":0.425,"ref_daytime_hi_mean":81.5,"ref_daytime_hi_p95":94.0,"rwi_mean":null,"health_per_10k":8.624407072013799,"built_frac":0.179,"tree_frac":0.671,"canopy_frac_over_3m":0.492,"viirs_mean":25.0,"gdl_hdi":0.96,"gdl_region":"Minnesota","ghsl_smod":30,"lst_anomaly_c":null,"lst_anomaly_c_climrel":null,"worldpop_pop_total":3775.0,"frac_under5":4.5,"frac_elderly_65plus":17.0,"frac_elderly_75plus":4.8,"old_age_dependency_ratio":0.245,"has_data":true},"geometry":{"type":"Polygon","coordinates":[[[-93.220383,44.953271],[-93.216675,44.954025],[-93.21276,44.956101],[-93.210028,44.954691],[-93.207757,44.953209],[-93.203597,44.950978],[-93.202056,44.948376],[-93.200104,44.941506],[-93.202355,44.941577],[-93.208716,44.941508],[-93.208923,44.941509],[-93.215309,44.941457],[-93.21785,44.941425],[-93.217827,44.945019],[-93.217834,44.948357],[-93.217842,44.951969],[-93.220383,44.951973],[-93.220383,44.953271]]]}},{"type":"Feature","properties":{"unit_id":"27053023901","name":"Census Tract 239.01 \u2014 Hennepin","native_id":"27053023901","source":"census_tract_2025","adm3_name":"Hennepin County","adm3_id":"27053","area_sqm":3402894,"split":false,"population":2996.0,"days_covered":24,"daytime_peak_f":87.9,"heat_anomaly_f":6.3,"extreme_pct":17.0,"nighttime_stress_f":-3.0,"daytime_peak_f_climrel":0.3805,"heat_anomaly_f_climrel":0.3805,"nighttime_stress_f_climrel":-0.1883,"extreme_pct_climrel":0.425,"ref_daytime_hi_mean":81.6,"ref_daytime_hi_p95":94.1,"rwi_mean":null,"health_per_10k":0.0,"built_frac":0.185,"tree_frac":0.686,"canopy_frac_over_3m":0.452,"viirs_mean":13.8,"gdl_hdi":0.96,"gdl_region":"Minnesota","ghsl_smod":30,"lst_anomaly_c":null,"lst_anomaly_c_climrel":null,"worldpop_pop_total":3872.0,"frac_under5":6.1,"frac_elderly_65plus":17.7,"frac_elderly_75plus":7.3,"old_age_dependency_ratio":0.283,"has_data":true},"geometry":{"type":"Polygon","coordinates":[[[-93.386953,44.88965],[-93.368967,44.887469],[-93.36523,44.887711],[-93.362117,44.888679],[-93.357928,44.889809],[-93.350221,44.889804],[-93.350223,44.889621],[-93.350439,44.883689],[-93.350631,44.876252],[-93.35334,44.875298],[-93.360464,44.875707],[-93.363419,44.876432],[-93.372154,44.876408],[-93.373688,44.8764],[-93.373741,44.880009],[-93.382219,44.879986],[-93.381889,44.881893],[-93.384203,44.885288],[-93.387482,44.887768],[-93.386953,44.88965]]]}},{"type":"Feature","properties":{"unit_id":"27053011704","name":"Census Tract 117.04 \u2014 Hennepin","native_id":"27053011704","source":"census_tract_2025","adm3_name":"Hennepin County","adm3_id":"27053","area_sqm":1209063,"split":false,"population":940.0,"days_covered":24,"daytime_peak_f":87.8,"heat_anomaly_f":6.2,"extreme_pct":17.0,"nighttime_stress_f":-3.2,"daytime_peak_f_climrel":0.3756,"heat_anomaly_f_climrel":0.3756,"nighttime_stress_f_climrel":-0.1982,"extreme_pct_climrel":0.425,"ref_daytime_hi_mean":81.6,"ref_daytime_hi_p95":94.1,"rwi_mean":null,"health_per_10k":10.638297872340425,"built_frac":0.317,"tree_frac":0.635,"canopy_frac_over_3m":0.457,"viirs_mean":21.1,"gdl_hdi":0.96,"gdl_region":"Minnesota","ghsl_smod":30,"lst_anomaly_c":null,"lst_anomaly_c_climrel":null,"worldpop_pop_total":3583.0,"frac_under5":6.1,"frac_elderly_65plus":13.8,"frac_elderly_75plus":4.9,"old_age_dependency_ratio":0.203,"has_data":true},"geometry":{"type":"Polygon","coordinates":[[[-93.262856,44.894314],[-93.262779,44.897926],[-93.262665,44.903414],[-93.257629,44.903442],[-93.253845,44.903431],[-93.253258,44.903633],[-93.251205,44.901672],[-93.249412,44.900921],[-93.247513,44.900906],[-93.247139,44.899647],[-93.247161,44.897643],[-93.248314,44.897945],[-93.254639,44.89793],[-93.255287,44.895439],[-93.254646,44.894329],[-93.254066,44.894341],[-93.254126,44.892717],[-93.252945,44.892525],[-93.252899,44.890717],[-93.257167,44.890715],[-93.258802,44.890449],[-93.261689,44.890518],[-93.261686,44.890625],[-93.262802,44.891411],[-93.262856,44.894314]]]}},{"type":"Feature","properties":{"unit_id":"27053025908","name":"Census Tract 259.08 \u2014 Hennepin","native_id":"27053025908","source":"census_tract_2025","adm3_name":"Hennepin County","adm3_id":"27053","area_sqm":4322029,"split":false,"population":6823.0,"days_covered":24,"daytime_peak_f":88.0,"heat_anomaly_f":6.3,"extreme_pct":8.0,"nighttime_stress_f":-3.0,"daytime_peak_f_climrel":0.3788,"heat_anomaly_f_climrel":0.3788,"nighttime_stress_f_climrel":-0.1821,"extreme_pct_climrel":0.2,"ref_daytime_hi_mean":81.7,"ref_daytime_hi_p95":94.4,"rwi_mean":null,"health_per_10k":1.465630954125751,"built_frac":0.227,"tree_frac":0.559,"canopy_frac_over_3m":0.371,"viirs_mean":22.4,"gdl_hdi":0.96,"gdl_region":"Minnesota","ghsl_smod":21,"lst_anomaly_c":null,"lst_anomaly_c_climrel":null,"worldpop_pop_total":4558.0,"frac_under5":3.1,"frac_elderly_65plus":26.2,"frac_elderly_75plus":11.3,"old_age_dependency_ratio":0.416,"has_data":true},"geometry":{"type":"Polygon","coordinates":[[[-93.363937,44.831593],[-93.362953,44.833149],[-93.360855,44.837078],[-93.364197,44.849468],[-93.363632,44.853844],[-93.36351,44.854736],[-93.362724,44.8595],[-93.362421,44.862038],[-93.361315,44.86204],[-93.358249,44.862046],[-93.354733,44.862055],[-93.354475,44.862055],[-93.354481,44.863245],[-93.351277,44.86325],[-93.351002,44.863055],[-93.350734,44.862748],[-93.350697,44.862069],[-93.350174,44.862066],[-93.350316,44.858755],[-93.350332,44.851736],[-93.350227,44.848715],[-93.350082,44.840851],[-93.350388,44.833434],[-93.350388,44.825905],[-93.35041,44.818918],[-93.351485,44.818708],[-93.358444,44.81876],[-93.358437,44.820145],[-93.362528,44.82091],[-93.363899,44.824947],[-93.364487,44.829605],[-93.363937,44.831593]]]}},{"type":"Feature","properties":{"unit_id":"27053026406","name":"Census Tract 264.06 \u2014 Hennepin","native_id":"27053026406","source":"census_tract_2025","adm3_name":"Hennepin County","adm3_id":"27053","area_sqm":1765805,"split":false,"population":1069.0,"days_covered":24,"daytime_peak_f":87.9,"heat_anomaly_f":6.3,"extreme_pct":17.0,"nighttime_stress_f":-3.0,"daytime_peak_f_climrel":0.3805,"heat_anomaly_f_climrel":0.3805,"nighttime_stress_f_climrel":-0.1883,"extreme_pct_climrel":0.425,"ref_daytime_hi_mean":81.6,"ref_daytime_hi_p95":94.1,"rwi_mean":null,"health_per_10k":0.0,"built_frac":0.249,"tree_frac":0.572,"canopy_frac_over_3m":0.347,"viirs_mean":13.7,"gdl_hdi":0.96,"gdl_region":"Minnesota","ghsl_smod":21,"lst_anomaly_c":null,"lst_anomaly_c_climrel":null,"worldpop_pop_total":4562.0,"frac_under5":3.6,"frac_elderly_65plus":22.0,"frac_elderly_75plus":10.5,"old_age_dependency_ratio":0.316,"has_data":true},"geometry":{"type":"Polygon","coordinates":[[[-93.420923,44.952278],[-93.418846,44.952362],[-93.411751,44.954021],[-93.410309,44.955086],[-93.407906,44.956146],[-93.40087,44.954452],[-93.40071,44.954434],[-93.40042,44.950111],[-93.400542,44.944894],[-93.400619,44.943697],[-93.400619,44.942375],[-93.399347,44.942308],[-93.398795,44.941167],[-93.398742,44.94051],[-93.400619,44.940508],[-93.400617,44.938747],[-93.405746,44.938707],[-93.405765,44.940465],[-93.410959,44.940478],[-93.410883,44.94931],[-93.410883,44.949549],[-93.421023,44.948883],[-93.420923,44.952278]]]}},{"type":"Feature","properties":{"unit_id":"27053027501","name":"Census Tract 275.01 \u2014 Hennepin","native_id":"27053027501","source":"census_tract_2025","adm3_name":"Hennepin County","adm3_id":"27053","area_sqm":4999188,"split":false,"population":2953.0,"days_covered":24,"daytime_peak_f":86.9,"heat_anomaly_f":6.3,"extreme_pct":8.0,"nighttime_stress_f":-2.5,"daytime_peak_f_climrel":0.3684,"heat_anomaly_f_climrel":0.3684,"nighttime_stress_f_climrel":-0.1506,"extreme_pct_climrel":0.2,"ref_daytime_hi_mean":80.7,"ref_daytime_hi_p95":93.3,"rwi_mean":null,"health_per_10k":3.3863867253640367,"built_frac":0.083,"tree_frac":0.328,"canopy_frac_over_3m":0.336,"viirs_mean":6.4,"gdl_hdi":0.96,"gdl_region":"Minnesota","ghsl_smod":21,"lst_anomaly_c":null,"lst_anomaly_c_climrel":null,"worldpop_pop_total":4634.0,"frac_under5":3.0,"frac_elderly_65plus":25.7,"frac_elderly_75plus":10.8,"old_age_dependency_ratio":0.411,"has_data":true},"geometry":{"type":"Polygon","coordinates":[[[-93.604738,44.916769],[-93.604656,44.918844],[-93.604642,44.920288],[-93.595612,44.925945],[-93.594042,44.927585],[-93.593061,44.928806],[-93.590488,44.932141],[-93.582377,44.928126],[-93.582109,44.927706],[-93.578744,44.92246],[-93.570432,44.922498],[-93.561778,44.922647],[-93.559747,44.922696],[-93.558294,44.923761],[-93.553631,44.920581],[-93.549153,44.920387],[-93.547724,44.920202],[-93.547541,44.919297],[-93.548912,44.918278],[-93.548462,44.913425],[-93.543381,44.909748],[-93.543585,44.90541],[-93.544808,44.905166],[-93.548504,44.902963],[-93.552782,44.901737],[-93.552954,44.901707],[-93.552448,44.899278],[-93.553609,44.898337],[-93.558252,44.898402],[-93.557998,44.896428],[-93.558947,44.895204],[-93.560762,44.896581],[-93.565485,44.895976],[-93.567548,44.896504],[-93.568177,44.898319],[-93.57104,44.897095],[-93.572362,44.89543],[-93.573363,44.896963],[-93.574962,44.896474],[-93.575252,44.897561],[-93.579101,44.897858],[-93.577785,44.898864],[-93.577753,44.901426],[-93.576511,44.901417],[-93.576787,44.904106],[-93.577667,44.905531],[-93.57119,44.909871],[-93.573385,44.911917],[-93.57882,44.909184],[-93.584248,44.90758],[-93.584247,44.90625],[-93.584332,44.904111],[-93.587465,44.905118],[-93.587493,44.900888],[-93.588975,44.900859],[-93.589405,44.905177],[-93.593947,44.905288],[-93.601927,44.906126],[-93.601866,44.908368],[-93.601828,44.909763],[-93.604872,44.911108],[-93.604738,44.916769]]]}},{"type":"Feature","properties":{"unit_id":"27053007801","name":"Census Tract 78.01 \u2014 Hennepin","native_id":"27053007801","source":"census_tract_2025","adm3_name":"Hennepin County","adm3_id":"27053","area_sqm":271660,"split":false,"population":1458.8664802132685,"days_covered":24,"daytime_peak_f":87.5,"heat_anomaly_f":6.4,"extreme_pct":17.0,"nighttime_stress_f":-2.8,"daytime_peak_f_climrel":0.3865,"heat_anomaly_f_climrel":0.3865,"nighttime_stress_f_climrel":-0.1712,"extreme_pct_climrel":0.425,"ref_daytime_hi_mean":81.2,"ref_daytime_hi_p95":93.7,"rwi_mean":null,"health_per_10k":20.5639106846943,"built_frac":0.76,"tree_frac":0.234,"canopy_frac_over_3m":0.218,"viirs_mean":88.8,"gdl_hdi":0.96,"gdl_region":"Minnesota","ghsl_smod":30,"lst_anomaly_c":null,"lst_anomaly_c_climrel":null,"worldpop_pop_total":2265.0,"frac_under5":5.9,"frac_elderly_65plus":5.5,"frac_elderly_75plus":1.9,"old_age_dependency_ratio":0.071,"has_data":true},"geometry":{"type":"Polygon","coordinates":[[[-93.277893,44.953743],[-93.277878,44.955532],[-93.272766,44.955532],[-93.27021,44.955528],[-93.271696,44.953748],[-93.274492,44.949887],[-93.274627,44.948353],[-93.27668,44.948353],[-93.276642,44.951939],[-93.277901,44.951942],[-93.277893,44.953743]]]}},{"type":"Feature","properties":{"unit_id":"27053025907","name":"Census Tract 259.07 \u2014 Hennepin","native_id":"27053025907","source":"census_tract_2025","adm3_name":"Hennepin County","adm3_id":"27053","area_sqm":6050134,"split":false,"population":4360.0,"days_covered":24,"daytime_peak_f":88.0,"heat_anomaly_f":6.3,"extreme_pct":8.0,"nighttime_stress_f":-3.0,"daytime_peak_f_climrel":0.3788,"heat_anomaly_f_climrel":0.3788,"nighttime_stress_f_climrel":-0.1821,"extreme_pct_climrel":0.2,"ref_daytime_hi_mean":81.7,"ref_daytime_hi_p95":94.4,"rwi_mean":null,"health_per_10k":2.293577981651376,"built_frac":0.216,"tree_frac":0.589,"canopy_frac_over_3m":0.424,"viirs_mean":14.9,"gdl_hdi":0.96,"gdl_region":"Minnesota","ghsl_smod":23,"lst_anomaly_c":null,"lst_anomaly_c_climrel":null,"worldpop_pop_total":5392.0,"frac_under5":3.8,"frac_elderly_65plus":25.7,"frac_elderly_75plus":11.1,"old_age_dependency_ratio":0.419,"has_data":true},"geometry":{"type":"Polygon","coordinates":[[[-93.398532,44.800592],[-93.398395,44.80826],[-93.39841,44.818921],[-93.398125,44.818896],[-93.393015,44.818896],[-93.388283,44.818938],[-93.384287,44.817362],[-93.383892,44.816828],[-93.383874,44.808082],[-93.376748,44.808095],[-93.365537,44.808023],[-93.367244,44.795678],[-93.368126,44.79287],[-93.367416,44.791637],[-93.362427,44.790718],[-93.3582,44.791401],[-93.355385,44.791519],[-93.351904,44.790189],[-93.352155,44.789998],[-93.352359,44.78958],[-93.356063,44.785438],[-93.358671,44.785962],[-93.363019,44.788888],[-93.364245,44.789158],[-93.366584,44.78891],[-93.372359,44.787194],[-93.373802,44.786649],[-93.378244,44.78519],[-93.380317,44.785308],[-93.380986,44.785831],[-93.383376,44.791958],[-93.384809,44.797287],[-93.38755,44.798608],[-93.396324,44.797079],[-93.398591,44.798268],[-93.398532,44.800592]]]}},{"type":"Feature","properties":{"unit_id":"27053011000","name":"Census Tract 110 \u2014 Hennepin","native_id":"27053011000","source":"census_tract_2025","adm3_name":"Hennepin County","adm3_id":"27053","area_sqm":1458151,"split":false,"population":2098.0,"days_covered":24,"daytime_peak_f":87.8,"heat_anomaly_f":6.2,"extreme_pct":17.0,"nighttime_stress_f":-3.2,"daytime_peak_f_climrel":0.3756,"heat_anomaly_f_climrel":0.3756,"nighttime_stress_f_climrel":-0.1982,"extreme_pct_climrel":0.425,"ref_daytime_hi_mean":81.6,"ref_daytime_hi_p95":94.1,"rwi_mean":null,"health_per_10k":9.532888465204957,"built_frac":0.342,"tree_frac":0.481,"canopy_frac_over_3m":0.423,"viirs_mean":28.4,"gdl_hdi":0.96,"gdl_region":"Minnesota","ghsl_smod":30,"lst_anomaly_c":null,"lst_anomaly_c_climrel":null,"worldpop_pop_total":3766.0,"frac_under5":6.6,"frac_elderly_65plus":14.1,"frac_elderly_75plus":3.8,"old_age_dependency_ratio":0.203,"has_data":true},"geometry":{"type":"Polygon","coordinates":[[[-93.262623,44.917906],[-93.262611,44.919716],[-93.262558,44.923325],[-93.262512,44.926943],[-93.256187,44.926934],[-93.254929,44.926935],[-93.25238,44.926937],[-93.247322,44.926941],[-93.247322,44.925133],[-93.247269,44.919716],[-93.247269,44.917908],[-93.247269,44.916054],[-93.247307,44.916056],[-93.251128,44.915512],[-93.251076,44.916092],[-93.262642,44.916107],[-93.262623,44.917906]]]}},{"type":"Feature","properties":{"unit_id":"27053026721","name":"Census Tract 267.21 \u2014 Hennepin","native_id":"27053026721","source":"census_tract_2025","adm3_name":"Hennepin County","adm3_id":"27053","area_sqm":2952362,"split":false,"population":1071.0,"days_covered":24,"daytime_peak_f":87.0,"heat_anomaly_f":6.2,"extreme_pct":17.0,"nighttime_stress_f":-3.2,"daytime_peak_f_climrel":0.3696,"heat_anomaly_f_climrel":0.3696,"nighttime_stress_f_climrel":-0.1996,"extreme_pct_climrel":0.425,"ref_daytime_hi_mean":80.8,"ref_daytime_hi_p95":93.8,"rwi_mean":null,"health_per_10k":0.0,"built_frac":0.063,"tree_frac":0.646,"canopy_frac_over_3m":0.397,"viirs_mean":7.4,"gdl_hdi":0.96,"gdl_region":"Minnesota","ghsl_smod":21,"lst_anomaly_c":null,"lst_anomaly_c_climrel":null,"worldpop_pop_total":2719.0,"frac_under5":6.1,"frac_elderly_65plus":20.2,"frac_elderly_75plus":5.2,"old_age_dependency_ratio":0.319,"has_data":true},"geometry":{"type":"Polygon","coordinates":[[[-93.47716,45.082624],[-93.476859,45.090454],[-93.476875,45.093765],[-93.476013,45.094635],[-93.470035,45.094805],[-93.469359,45.095502],[-93.468015,45.102745],[-93.466872,45.102822],[-93.464494,45.103647],[-93.462462,45.104171],[-93.459564,45.10346],[-93.457321,45.101551],[-93.459183,45.101751],[-93.45876,45.099592],[-93.456131,45.099831],[-93.45533,45.097836],[-93.457039,45.097702],[-93.456299,45.096134],[-93.454292,45.095303],[-93.456345,45.094784],[-93.457657,45.092037],[-93.457626,45.090225],[-93.454216,45.087372],[-93.454159,45.085183],[-93.451744,45.084736],[-93.452301,45.083778],[-93.456566,45.083126],[-93.459259,45.081654],[-93.458954,45.080173],[-93.461617,45.080193],[-93.461563,45.075157],[-93.464065,45.076241],[-93.466985,45.076075],[-93.468611,45.076523],[-93.470337,45.077503],[-93.475334,45.07954],[-93.47804,45.081467],[-93.47716,45.082624]]]}},{"type":"Feature","properties":{"unit_id":"27123040504","name":"Census Tract 405.04 \u2014 Ramsey","native_id":"27123040504","source":"census_tract_2025","adm3_name":"Ramsey County","adm3_id":"27123","area_sqm":3252868,"split":false,"population":2345.0,"days_covered":24,"daytime_peak_f":86.4,"heat_anomaly_f":6.4,"extreme_pct":17.0,"nighttime_stress_f":-2.5,"daytime_peak_f_climrel":0.3794,"heat_anomaly_f_climrel":0.3794,"nighttime_stress_f_climrel":-0.1514,"extreme_pct_climrel":0.425,"ref_daytime_hi_mean":80.1,"ref_daytime_hi_p95":92.4,"rwi_mean":null,"health_per_10k":4.264392324093817,"built_frac":0.211,"tree_frac":0.53,"canopy_frac_over_3m":0.32,"viirs_mean":13.0,"gdl_hdi":0.96,"gdl_region":"Minnesota","ghsl_smod":21,"lst_anomaly_c":null,"lst_anomaly_c_climrel":null,"worldpop_pop_total":4363.0,"frac_under5":4.6,"frac_elderly_65plus":20.3,"frac_elderly_75plus":8.8,"old_age_dependency_ratio":0.312,"has_data":true},"geometry":{"type":"Polygon","coordinates":[[[-93.056187,45.087349],[-93.052642,45.088882],[-93.050502,45.089587],[-93.046201,45.090137],[-93.045852,45.090137],[-93.045656,45.090138],[-93.044427,45.09035],[-93.035826,45.091839],[-93.035828,45.09227],[-93.03073,45.093151],[-93.030731,45.093758],[-93.025624,45.094032],[-93.01539,45.09602],[-93.015392,45.095868],[-93.015405,45.090074],[-93.025002,45.090097],[-93.025629,45.086456],[-93.02305,45.086455],[-93.023063,45.082839],[-93.023321,45.082839],[-93.023351,45.079223],[-93.025627,45.079209],[-93.035754,45.079183],[-93.052984,45.079248],[-93.056126,45.079252],[-93.05618,45.08649],[-93.056187,45.087349]]]}},{"type":"Feature","properties":{"unit_id":"27123030500","name":"Census Tract 305 \u2014 Ramsey","native_id":"27123030500","source":"census_tract_2025","adm3_name":"Ramsey County","adm3_id":"27123","area_sqm":2522567,"split":false,"population":5216.0,"days_covered":24,"daytime_peak_f":87.0,"heat_anomaly_f":6.5,"extreme_pct":17.0,"nighttime_stress_f":-2.0,"daytime_peak_f_climrel":0.3832,"heat_anomaly_f_climrel":0.3832,"nighttime_stress_f_climrel":-0.1206,"extreme_pct_climrel":0.425,"ref_daytime_hi_mean":80.6,"ref_daytime_hi_p95":92.9,"rwi_mean":null,"health_per_10k":0.0,"built_frac":0.511,"tree_frac":0.367,"canopy_frac_over_3m":0.246,"viirs_mean":33.0,"gdl_hdi":0.96,"gdl_region":"Minnesota","ghsl_smod":30,"lst_anomaly_c":null,"lst_anomaly_c_climrel":null,"worldpop_pop_total":6715.0,"frac_under5":8.7,"frac_elderly_65plus":8.9,"frac_elderly_75plus":3.6,"old_age_dependency_ratio":0.144,"has_data":true},"geometry":{"type":"Polygon","coordinates":[[[-93.10594,44.974432],[-93.105921,44.977385],[-93.105885,44.981906],[-93.105864,44.984586],[-93.105878,44.991867],[-93.096443,44.991844],[-93.089372,44.991807],[-93.089093,44.984551],[-93.088805,44.977109],[-93.093199,44.976751],[-93.094304,44.976713],[-93.092819,44.974665],[-93.096379,44.973781],[-93.105944,44.973803],[-93.10594,44.974432]]]}},{"type":"Feature","properties":{"unit_id":"27053026812","name":"Census Tract 268.12 \u2014 Hennepin","native_id":"27053026812","source":"census_tract_2025","adm3_name":"Hennepin County","adm3_id":"27053","area_sqm":15098076,"split":false,"population":9380.0,"days_covered":24,"daytime_peak_f":87.3,"heat_anomaly_f":6.2,"extreme_pct":17.0,"nighttime_stress_f":-3.0,"daytime_peak_f_climrel":0.3731,"heat_anomaly_f_climrel":0.3731,"nighttime_stress_f_climrel":-0.1862,"extreme_pct_climrel":0.425,"ref_daytime_hi_mean":81.1,"ref_daytime_hi_p95":93.9,"rwi_mean":null,"health_per_10k":3.1982942430703627,"built_frac":0.305,"tree_frac":0.175,"canopy_frac_over_3m":0.136,"viirs_mean":30.8,"gdl_hdi":0.96,"gdl_region":"Minnesota","ghsl_smod":11,"lst_anomaly_c":null,"lst_anomaly_c_climrel":null,"worldpop_pop_total":11072.0,"frac_under5":6.1,"frac_elderly_65plus":12.4,"frac_elderly_75plus":5.5,"old_age_dependency_ratio":0.184,"has_data":true},"geometry":{"type":"Polygon","coordinates":[[[-93.401993,45.13047],[-93.401903,45.137711],[-93.401611,45.152035],[-93.391693,45.151972],[-93.381149,45.151985],[-93.371598,45.151958],[-93.370964,45.151947],[-93.360574,45.151882],[-93.360734,45.148371],[-93.360799,45.144707],[-93.360612,45.14335],[-93.360077,45.141384],[-93.357025,45.133279],[-93.356425,45.131964],[-93.356281,45.128022],[-93.356331,45.123192],[-93.356411,45.122991],[-93.356487,45.119761],[-93.356516,45.116032],[-93.35669,45.108879],[-93.361612,45.108899],[-93.362295,45.10886],[-93.369123,45.10898],[-93.376967,45.109038],[-93.381989,45.109055],[-93.394795,45.10897],[-93.395723,45.110507],[-93.391268,45.110686],[-93.391158,45.113034],[-93.388895,45.122498],[-93.388941,45.123581],[-93.390333,45.123617],[-93.396973,45.123238],[-93.402069,45.12323],[-93.401993,45.13047]]]}},{"type":"Feature","properties":{"unit_id":"27123032100","name":"Census Tract 321 \u2014 Ramsey","native_id":"27123032100","source":"census_tract_2025","adm3_name":"Ramsey County","adm3_id":"27123","area_sqm":982615,"split":false,"population":1910.0,"days_covered":24,"daytime_peak_f":87.6,"heat_anomaly_f":6.1,"extreme_pct":17.0,"nighttime_stress_f":-2.8,"daytime_peak_f_climrel":0.362,"heat_anomaly_f_climrel":0.362,"nighttime_stress_f_climrel":-0.1712,"extreme_pct_climrel":0.425,"ref_daytime_hi_mean":81.5,"ref_daytime_hi_p95":94.1,"rwi_mean":null,"health_per_10k":5.235602094240838,"built_frac":0.505,"tree_frac":0.424,"canopy_frac_over_3m":0.295,"viirs_mean":57.2,"gdl_hdi":0.96,"gdl_region":"Minnesota","ghsl_smod":30,"lst_anomaly_c":null,"lst_anomaly_c_climrel":null,"worldpop_pop_total":3222.0,"frac_under5":4.4,"frac_elderly_65plus":6.9,"frac_elderly_75plus":2.0,"old_age_dependency_ratio":0.085,"has_data":true},"geometry":{"type":"Polygon","coordinates":[[[-93.171993,44.968947],[-93.16951,44.969305],[-93.16698,44.969342],[-93.16698,44.970259],[-93.160613,44.969357],[-93.16222,44.967682],[-93.162197,44.964076],[-93.163722,44.964069],[-93.163709,44.96289],[-93.163685,44.959278],[-93.163665,44.955686],[-93.166947,44.955678],[-93.169576,44.95567],[-93.169628,44.961972],[-93.172135,44.962865],[-93.171993,44.968947]]]}},{"type":"Feature","properties":{"unit_id":"27053125500","name":"Census Tract 1255 \u2014 Hennepin","native_id":"27053125500","source":"census_tract_2025","adm3_name":"Hennepin County","adm3_id":"27053","area_sqm":3998744,"split":false,"population":6642.0,"days_covered":24,"daytime_peak_f":87.8,"heat_anomaly_f":6.1,"extreme_pct":8.0,"nighttime_stress_f":-3.1,"daytime_peak_f_climrel":0.3674,"heat_anomaly_f_climrel":0.3674,"nighttime_stress_f_climrel":-0.1896,"extreme_pct_climrel":0.2,"ref_daytime_hi_mean":81.7,"ref_daytime_hi_p95":94.4,"rwi_mean":null,"health_per_10k":0.0,"built_frac":0.556,"tree_frac":0.336,"canopy_frac_over_3m":0.236,"viirs_mean":57.2,"gdl_hdi":0.96,"gdl_region":"Minnesota","ghsl_smod":30,"lst_anomaly_c":null,"lst_anomaly_c_climrel":null,"worldpop_pop_total":3418.0,"frac_under5":5.2,"frac_elderly_65plus":21.7,"frac_elderly_75plus":11.9,"old_age_dependency_ratio":0.343,"has_data":true},"geometry":{"type":"Polygon","coordinates":[[[-93.298332,44.861904],[-93.288505,44.861988],[-93.284026,44.862046],[-93.283348,44.862005],[-93.283366,44.859379],[-93.283409,44.85516],[-93.28347,44.847942],[-93.283501,44.840714],[-93.283394,44.836517],[-93.28698,44.832706],[-93.286941,44.83127],[-93.285214,44.831269],[-93.285179,44.826286],[-93.291482,44.826298],[-93.291674,44.827301],[-93.292306,44.829194],[-93.294899,44.833519],[-93.29715,44.837139],[-93.298058,44.839329],[-93.298058,44.84798],[-93.298027,44.859044],[-93.298332,44.861904]]]}},{"type":"Feature","properties":{"unit_id":"27123033200","name":"Census Tract 332 \u2014 Ramsey","native_id":"27123033200","source":"census_tract_2025","adm3_name":"Ramsey County","adm3_id":"27123","area_sqm":1908036,"split":false,"population":8628.0,"days_covered":24,"daytime_peak_f":87.6,"heat_anomaly_f":6.1,"extreme_pct":17.0,"nighttime_stress_f":-2.8,"daytime_peak_f_climrel":0.362,"heat_anomaly_f_climrel":0.362,"nighttime_stress_f_climrel":-0.1712,"extreme_pct_climrel":0.425,"ref_daytime_hi_mean":81.5,"ref_daytime_hi_p95":94.1,"rwi_mean":null,"health_per_10k":9.272137227630969,"built_frac":0.738,"tree_frac":0.224,"canopy_frac_over_3m":0.159,"viirs_mean":58.7,"gdl_hdi":0.96,"gdl_region":"Minnesota","ghsl_smod":30,"lst_anomaly_c":null,"lst_anomaly_c_climrel":null,"worldpop_pop_total":4924.0,"frac_under5":3.9,"frac_elderly_65plus":19.3,"frac_elderly_75plus":11.5,"old_age_dependency_ratio":0.272,"has_data":true},"geometry":{"type":"Polygon","coordinates":[[[-93.20777,44.960006],[-93.207741,44.964607],[-93.207726,44.96801],[-93.201419,44.965461],[-93.197557,44.963922],[-93.182289,44.957836],[-93.177193,44.95586],[-93.175919,44.955664],[-93.173368,44.955656],[-93.173359,44.952396],[-93.176677,44.951984],[-93.179612,44.952166],[-93.182532,44.952961],[-93.187391,44.954532],[-93.192368,44.956246],[-93.192361,44.956012],[-93.192365,44.955307],[-93.201052,44.955593],[-93.205709,44.958834],[-93.207768,44.958426],[-93.20777,44.959664],[-93.20777,44.960006]]]}},{"type":"Feature","properties":{"unit_id":"27053020304","name":"Census Tract 203.04 \u2014 Hennepin","native_id":"27053020304","source":"census_tract_2025","adm3_name":"Hennepin County","adm3_id":"27053","area_sqm":1923790,"split":false,"population":2525.0,"days_covered":24,"daytime_peak_f":87.3,"heat_anomaly_f":6.2,"extreme_pct":17.0,"nighttime_stress_f":-2.8,"daytime_peak_f_climrel":0.3737,"heat_anomaly_f_climrel":0.3737,"nighttime_stress_f_climrel":-0.1775,"extreme_pct_climrel":0.425,"ref_daytime_hi_mean":81.1,"ref_daytime_hi_p95":93.9,"rwi_mean":null,"health_per_10k":0.0,"built_frac":0.405,"tree_frac":0.405,"canopy_frac_over_3m":0.279,"viirs_mean":34.1,"gdl_hdi":0.96,"gdl_region":"Minnesota","ghsl_smod":30,"lst_anomaly_c":null,"lst_anomaly_c_climrel":null,"worldpop_pop_total":4460.0,"frac_under5":7.2,"frac_elderly_65plus":10.0,"frac_elderly_75plus":4.2,"old_age_dependency_ratio":0.151,"has_data":true},"geometry":{"type":"Polygon","coordinates":[[[-93.332661,45.07602],[-93.3245,45.075669],[-93.32001,45.074702],[-93.318649,45.074295],[-93.309612,45.071744],[-93.314108,45.065576],[-93.314344,45.059236],[-93.319499,45.059263],[-93.320323,45.059382],[-93.322365,45.060126],[-93.324846,45.06028],[-93.32518,45.06115],[-93.325833,45.065705],[-93.327907,45.069294],[-93.331385,45.074688],[-93.332661,45.07602]]]}},{"type":"Feature","properties":{"unit_id":"27053021001","name":"Census Tract 210.01 \u2014 Hennepin","native_id":"27053021001","source":"census_tract_2025","adm3_name":"Hennepin County","adm3_id":"27053","area_sqm":2987849,"split":false,"population":4220.0,"days_covered":24,"daytime_peak_f":87.3,"heat_anomaly_f":6.2,"extreme_pct":17.0,"nighttime_stress_f":-2.9,"daytime_peak_f_climrel":0.3752,"heat_anomaly_f_climrel":0.3752,"nighttime_stress_f_climrel":-0.1776,"extreme_pct_climrel":0.425,"ref_daytime_hi_mean":81.1,"ref_daytime_hi_p95":93.7,"rwi_mean":null,"health_per_10k":4.739336492890995,"built_frac":0.24,"tree_frac":0.667,"canopy_frac_over_3m":0.417,"viirs_mean":17.7,"gdl_hdi":0.96,"gdl_region":"Minnesota","ghsl_smod":30,"lst_anomaly_c":null,"lst_anomaly_c_climrel":null,"worldpop_pop_total":6230.0,"frac_under5":4.8,"frac_elderly_65plus":14.3,"frac_elderly_75plus":5.4,"old_age_dependency_ratio":0.201,"has_data":true},"geometry":{"type":"Polygon","coordinates":[[[-93.390432,45.016499],[-93.385401,45.016464],[-93.385394,45.020088],[-93.380254,45.020094],[-93.380287,45.014618],[-93.377733,45.014617],[-93.377751,45.018245],[-93.372696,45.018176],[-93.372696,45.021889],[-93.370165,45.021885],[-93.360062,45.021854],[-93.350524,45.021715],[-93.349599,45.021455],[-93.349036,45.020518],[-93.348784,45.020519],[-93.338806,45.020508],[-93.333687,45.020504],[-93.333794,45.016888],[-93.338799,45.016899],[-93.349279,45.01697],[-93.349269,45.014449],[-93.349507,45.014444],[-93.360016,45.014614],[-93.36512,45.01461],[-93.366394,45.01461],[-93.370224,45.014614],[-93.370233,45.013627],[-93.375154,45.01365],[-93.375155,45.010927],[-93.380295,45.010922],[-93.390383,45.011038],[-93.390415,45.014676],[-93.390432,45.016499]]]}},{"type":"Feature","properties":{"unit_id":"27123040709","name":"Census Tract 407.09 \u2014 Ramsey","native_id":"27123040709","source":"census_tract_2025","adm3_name":"Ramsey County","adm3_id":"27123","area_sqm":3242565,"split":false,"population":4402.0,"days_covered":24,"daytime_peak_f":86.6,"heat_anomaly_f":6.1,"extreme_pct":17.0,"nighttime_stress_f":-2.5,"daytime_peak_f_climrel":0.3594,"heat_anomaly_f_climrel":0.3594,"nighttime_stress_f_climrel":-0.151,"extreme_pct_climrel":0.425,"ref_daytime_hi_mean":80.4,"ref_daytime_hi_p95":92.8,"rwi_mean":null,"health_per_10k":0.0,"built_frac":0.154,"tree_frac":0.704,"canopy_frac_over_3m":0.445,"viirs_mean":19.6,"gdl_hdi":0.96,"gdl_region":"Minnesota","ghsl_smod":21,"lst_anomaly_c":null,"lst_anomaly_c_climrel":null,"worldpop_pop_total":3746.0,"frac_under5":4.7,"frac_elderly_65plus":19.9,"frac_elderly_75plus":8.0,"old_age_dependency_ratio":0.312,"has_data":true},"geometry":{"type":"Polygon","coordinates":[[[-93.14722,45.064704],[-93.131925,45.064758],[-93.131859,45.064759],[-93.12259,45.065295],[-93.119212,45.073075],[-93.119431,45.073817],[-93.114576,45.073777],[-93.117154,45.079339],[-93.106532,45.079104],[-93.106366,45.06477],[-93.106394,45.062041],[-93.106788,45.062747],[-93.107672,45.061337],[-93.131389,45.061138],[-93.131088,45.057308],[-93.131421,45.056036],[-93.147173,45.059533],[-93.14722,45.064704]]]}},{"type":"Feature","properties":{"unit_id":"27053103600","name":"Census Tract 1036 \u2014 Hennepin","native_id":"27053103600","source":"census_tract_2025","adm3_name":"Hennepin County","adm3_id":"27053","area_sqm":778208,"split":false,"population":1922.0,"days_covered":24,"daytime_peak_f":87.5,"heat_anomaly_f":6.4,"extreme_pct":17.0,"nighttime_stress_f":-2.8,"daytime_peak_f_climrel":0.3865,"heat_anomaly_f_climrel":0.3865,"nighttime_stress_f_climrel":-0.1712,"extreme_pct_climrel":0.425,"ref_daytime_hi_mean":81.2,"ref_daytime_hi_p95":93.7,"rwi_mean":null,"health_per_10k":15.608740894901144,"built_frac":0.483,"tree_frac":0.38,"canopy_frac_over_3m":0.268,"viirs_mean":75.8,"gdl_hdi":0.96,"gdl_region":"Minnesota","ghsl_smod":30,"lst_anomaly_c":null,"lst_anomaly_c_climrel":null,"worldpop_pop_total":3797.0,"frac_under5":1.8,"frac_elderly_65plus":18.9,"frac_elderly_75plus":5.9,"old_age_dependency_ratio":0.244,"has_data":true},"geometry":{"type":"Polygon","coordinates":[[[-93.267646,44.989486],[-93.265025,44.990819],[-93.260713,44.989092],[-93.261353,44.990036],[-93.262482,44.991711],[-93.264664,44.992706],[-93.257515,44.995499],[-93.257515,44.995106],[-93.257515,44.994831],[-93.254945,44.991013],[-93.250206,44.992634],[-93.250923,44.991722],[-93.252455,44.989727],[-93.252989,44.989139],[-93.254875,44.986804],[-93.256973,44.9842],[-93.259985,44.983041],[-93.263914,44.985364],[-93.265188,44.986284],[-93.266233,44.987708],[-93.267646,44.989486]]]}},{"type":"Feature","properties":{"unit_id":"27053026103","name":"Census Tract 261.03 \u2014 Hennepin","native_id":"27053026103","source":"census_tract_2025","adm3_name":"Hennepin County","adm3_id":"27053","area_sqm":4527076,"split":false,"population":3078.0,"days_covered":24,"daytime_peak_f":87.9,"heat_anomaly_f":6.3,"extreme_pct":17.0,"nighttime_stress_f":-3.0,"daytime_peak_f_climrel":0.3805,"heat_anomaly_f_climrel":0.3805,"nighttime_stress_f_climrel":-0.1883,"extreme_pct_climrel":0.425,"ref_daytime_hi_mean":81.6,"ref_daytime_hi_p95":94.1,"rwi_mean":null,"health_per_10k":3.248862897985705,"built_frac":0.176,"tree_frac":0.686,"canopy_frac_over_3m":0.484,"viirs_mean":12.7,"gdl_hdi":0.96,"gdl_region":"Minnesota","ghsl_smod":21,"lst_anomaly_c":null,"lst_anomaly_c_climrel":null,"worldpop_pop_total":2969.0,"frac_under5":5.1,"frac_elderly_65plus":21.8,"frac_elderly_75plus":8.6,"old_age_dependency_ratio":0.343,"has_data":true},"geometry":{"type":"Polygon","coordinates":[[[-93.451415,44.924872],[-93.447378,44.925781],[-93.445465,44.926102],[-93.437752,44.926418],[-93.435626,44.927117],[-93.429186,44.930389],[-93.426281,44.931543],[-93.427031,44.931161],[-93.4271,44.929735],[-93.42884,44.929751],[-93.428856,44.929633],[-93.428647,44.927966],[-93.426637,44.926129],[-93.427872,44.924436],[-93.427036,44.920879],[-93.422789,44.920923],[-93.422791,44.920781],[-93.42303,44.917309],[-93.422126,44.917527],[-93.422304,44.912455],[-93.428512,44.909152],[-93.433968,44.906269],[-93.445479,44.898816],[-93.448637,44.907067],[-93.449415,44.914516],[-93.450409,44.917072],[-93.451415,44.924872]]]}},{"type":"Feature","properties":{"unit_id":"27053006800","name":"Census Tract 68 \u2014 Hennepin","native_id":"27053006800","source":"census_tract_2025","adm3_name":"Hennepin County","adm3_id":"27053","area_sqm":480128,"split":false,"population":7575.0,"days_covered":24,"daytime_peak_f":87.5,"heat_anomaly_f":6.4,"extreme_pct":17.0,"nighttime_stress_f":-2.8,"daytime_peak_f_climrel":0.3865,"heat_anomaly_f_climrel":0.3865,"nighttime_stress_f_climrel":-0.1712,"extreme_pct_climrel":0.425,"ref_daytime_hi_mean":81.2,"ref_daytime_hi_p95":93.7,"rwi_mean":null,"health_per_10k":5.2805280528052805,"built_frac":0.631,"tree_frac":0.363,"canopy_frac_over_3m":0.362,"viirs_mean":56.3,"gdl_hdi":0.96,"gdl_region":"Minnesota","ghsl_smod":30,"lst_anomaly_c":null,"lst_anomaly_c_climrel":null,"worldpop_pop_total":4767.0,"frac_under5":2.9,"frac_elderly_65plus":4.4,"frac_elderly_75plus":0.9,"old_age_dependency_ratio":0.05,"has_data":true},"geometry":{"type":"Polygon","coordinates":[[[-93.288017,44.959118],[-93.28801,44.960918],[-93.288002,44.9627],[-93.282982,44.962704],[-93.277817,44.962696],[-93.277846,44.959202],[-93.277847,44.959114],[-93.277863,44.957336],[-93.288033,44.95731],[-93.288017,44.959118]]]}},{"type":"Feature","properties":{"unit_id":"27053026007","name":"Census Tract 260.07 \u2014 Hennepin","native_id":"27053026007","source":"census_tract_2025","adm3_name":"Hennepin County","adm3_id":"27053","area_sqm":12971946,"split":false,"population":18087.0,"days_covered":24,"daytime_peak_f":87.9,"heat_anomaly_f":6.3,"extreme_pct":17.0,"nighttime_stress_f":-3.0,"daytime_peak_f_climrel":0.3805,"heat_anomaly_f_climrel":0.3805,"nighttime_stress_f_climrel":-0.1883,"extreme_pct_climrel":0.425,"ref_daytime_hi_mean":81.6,"ref_daytime_hi_p95":94.1,"rwi_mean":null,"health_per_10k":0.552883286338254,"built_frac":0.356,"tree_frac":0.413,"canopy_frac_over_3m":0.287,"viirs_mean":33.7,"gdl_hdi":0.96,"gdl_region":"Minnesota","ghsl_smod":12,"lst_anomaly_c":null,"lst_anomaly_c_climrel":null,"worldpop_pop_total":5603.0,"frac_under5":4.8,"frac_elderly_65plus":18.7,"frac_elderly_75plus":8.2,"old_age_dependency_ratio":0.283,"has_data":true},"geometry":{"type":"Polygon","coordinates":[[[-93.458536,44.866373],[-93.455383,44.868943],[-93.453803,44.869944],[-93.450276,44.872868],[-93.449913,44.87394],[-93.449785,44.880144],[-93.447606,44.882648],[-93.447968,44.886814],[-93.446838,44.889072],[-93.446924,44.891491],[-93.44693,44.891701],[-93.446933,44.891747],[-93.444312,44.891747],[-93.443347,44.891754],[-93.422197,44.891823],[-93.42002,44.891951],[-93.412079,44.892265],[-93.401622,44.891642],[-93.399521,44.891608],[-93.399289,44.890918],[-93.39928,44.890763],[-93.399259,44.890454],[-93.399229,44.883578],[-93.398958,44.876421],[-93.398735,44.873421],[-93.398727,44.873363],[-93.398438,44.86911],[-93.398773,44.862037],[-93.398857,44.860679],[-93.398782,44.859511],[-93.404342,44.859441],[-93.414925,44.859469],[-93.419537,44.860543],[-93.424831,44.862637],[-93.427605,44.863724],[-93.429325,44.864726],[-93.429552,44.864887],[-93.429927,44.864834],[-93.440237,44.863246],[-93.443193,44.862394],[-93.446856,44.861221],[-93.449003,44.860974],[-93.450002,44.860902],[-93.459586,44.862088],[-93.458536,44.866373]]]}},{"type":"Feature","properties":{"unit_id":"27053109100","name":"Census Tract 1091 \u2014 Hennepin","native_id":"27053109100","source":"census_tract_2025","adm3_name":"Hennepin County","adm3_id":"27053","area_sqm":2372276,"split":false,"population":3660.0,"days_covered":24,"daytime_peak_f":87.8,"heat_anomaly_f":6.2,"extreme_pct":17.0,"nighttime_stress_f":-3.2,"daytime_peak_f_climrel":0.3756,"heat_anomaly_f_climrel":0.3756,"nighttime_stress_f_climrel":-0.1982,"extreme_pct_climrel":0.425,"ref_daytime_hi_mean":81.6,"ref_daytime_hi_p95":94.1,"rwi_mean":null,"health_per_10k":13.66120218579235,"built_frac":0.127,"tree_frac":0.3,"canopy_frac_over_3m":0.246,"viirs_mean":18.7,"gdl_hdi":0.96,"gdl_region":"Minnesota","ghsl_smod":30,"lst_anomaly_c":null,"lst_anomaly_c_climrel":null,"worldpop_pop_total":5666.0,"frac_under5":2.8,"frac_elderly_65plus":13.9,"frac_elderly_75plus":4.4,"old_age_dependency_ratio":0.181,"has_data":true},"geometry":{"type":"Polygon","coordinates":[[[-93.329109,44.944378],[-93.328826,44.945808],[-93.32885,44.948294],[-93.326595,44.948424],[-93.323671,44.9484],[-93.317945,44.948352],[-93.316473,44.948868],[-93.311169,44.950488],[-93.309939,44.950408],[-93.305481,44.94849],[-93.305866,44.948045],[-93.304443,44.94474],[-93.303635,44.943317],[-93.303612,44.941341],[-93.304012,44.937717],[-93.305209,44.935901],[-93.310302,44.933628],[-93.307969,44.93029],[-93.309153,44.92777],[-93.310829,44.924397],[-93.311172,44.923195],[-93.312173,44.92237],[-93.311897,44.9231],[-93.318901,44.923336],[-93.318848,44.926888],[-93.318817,44.932304],[-93.318802,44.93412],[-93.322632,44.934151],[-93.323906,44.934036],[-93.329025,44.934063],[-93.329004,44.939824],[-93.329139,44.940591],[-93.329109,44.944378]]]}},{"type":"Feature","properties":{"unit_id":"27053026206","name":"Census Tract 262.06 \u2014 Hennepin","native_id":"27053026206","source":"census_tract_2025","adm3_name":"Hennepin County","adm3_id":"27053","area_sqm":3501478,"split":false,"population":2397.0,"days_covered":24,"daytime_peak_f":87.4,"heat_anomaly_f":6.2,"extreme_pct":17.0,"nighttime_stress_f":-2.9,"daytime_peak_f_climrel":0.3694,"heat_anomaly_f_climrel":0.3694,"nighttime_stress_f_climrel":-0.1763,"extreme_pct_climrel":0.425,"ref_daytime_hi_mean":81.2,"ref_daytime_hi_p95":93.5,"rwi_mean":null,"health_per_10k":4.171881518564873,"built_frac":0.107,"tree_frac":0.859,"canopy_frac_over_3m":0.564,"viirs_mean":10.0,"gdl_hdi":0.96,"gdl_region":"Minnesota","ghsl_smod":21,"lst_anomaly_c":null,"lst_anomaly_c_climrel":null,"worldpop_pop_total":3436.0,"frac_under5":4.7,"frac_elderly_65plus":31.6,"frac_elderly_75plus":18.0,"old_age_dependency_ratio":0.59,"has_data":true},"geometry":{"type":"Polygon","coordinates":[[[-93.47541,44.906647],[-93.47551,44.918247],[-93.473076,44.920029],[-93.473003,44.921099],[-93.467868,44.921902],[-93.462756,44.922708],[-93.451415,44.924872],[-93.450409,44.917072],[-93.449415,44.914516],[-93.456595,44.909515],[-93.46003,44.907082],[-93.465263,44.904491],[-93.46785,44.903294],[-93.472571,44.901416],[-93.47417,44.901556],[-93.473427,44.902776],[-93.476089,44.905228],[-93.47541,44.906647]]]}},{"type":"Feature","properties":{"unit_id":"27053026610","name":"Census Tract 266.10 \u2014 Hennepin","native_id":"27053026610","source":"census_tract_2025","adm3_name":"Hennepin County","adm3_id":"27053","area_sqm":4490315,"split":false,"population":2096.0,"days_covered":24,"daytime_peak_f":87.0,"heat_anomaly_f":6.2,"extreme_pct":17.0,"nighttime_stress_f":-3.1,"daytime_peak_f_climrel":0.3719,"heat_anomaly_f_climrel":0.3719,"nighttime_stress_f_climrel":-0.1886,"extreme_pct_climrel":0.425,"ref_daytime_hi_mean":80.8,"ref_daytime_hi_p95":93.4,"rwi_mean":null,"health_per_10k":4.770992366412213,"built_frac":0.147,"tree_frac":0.662,"canopy_frac_over_3m":0.418,"viirs_mean":8.3,"gdl_hdi":0.96,"gdl_region":"Minnesota","ghsl_smod":21,"lst_anomaly_c":null,"lst_anomaly_c_climrel":null,"worldpop_pop_total":3920.0,"frac_under5":5.4,"frac_elderly_65plus":25.0,"frac_elderly_75plus":11.6,"old_age_dependency_ratio":0.434,"has_data":true},"geometry":{"type":"Polygon","coordinates":[[[-93.507226,45.014484],[-93.503326,45.014572],[-93.50222,45.014832],[-93.497284,45.017792],[-93.495811,45.019062],[-93.494293,45.018371],[-93.491928,45.018078],[-93.49176,45.007641],[-93.491707,45.002552],[-93.491615,44.994926],[-93.490821,44.994923],[-93.482025,44.994946],[-93.481305,44.995067],[-93.477592,44.99593],[-93.476608,44.992485],[-93.474927,44.989473],[-93.482498,44.989269],[-93.49128,44.986876],[-93.493037,44.979422],[-93.492134,44.978475],[-93.494402,44.978467],[-93.502144,44.978395],[-93.502235,44.98225],[-93.501923,44.995514],[-93.502048,44.999525],[-93.504371,45.002067],[-93.506752,45.003586],[-93.507133,45.007085],[-93.507226,45.014484]]]}},{"type":"Feature","properties":{"unit_id":"27053026719","name":"Census Tract 267.19 \u2014 Hennepin","native_id":"27053026719","source":"census_tract_2025","adm3_name":"Hennepin County","adm3_id":"27053","area_sqm":5441001,"split":false,"population":4167.0,"days_covered":24,"daytime_peak_f":87.0,"heat_anomaly_f":6.2,"extreme_pct":17.0,"nighttime_stress_f":-3.2,"daytime_peak_f_climrel":0.3696,"heat_anomaly_f_climrel":0.3696,"nighttime_stress_f_climrel":-0.1996,"extreme_pct_climrel":0.425,"ref_daytime_hi_mean":80.8,"ref_daytime_hi_p95":93.8,"rwi_mean":null,"health_per_10k":0.0,"built_frac":0.2,"tree_frac":0.437,"canopy_frac_over_3m":0.189,"viirs_mean":9.6,"gdl_hdi":0.96,"gdl_region":"Minnesota","ghsl_smod":21,"lst_anomaly_c":null,"lst_anomaly_c_climrel":null,"worldpop_pop_total":6529.0,"frac_under5":5.3,"frac_elderly_65plus":13.9,"frac_elderly_75plus":3.9,"old_age_dependency_ratio":0.217,"has_data":true},"geometry":{"type":"Polygon","coordinates":[[[-93.528453,45.104831],[-93.525519,45.104866],[-93.526456,45.106138],[-93.523022,45.108578],[-93.523502,45.104342],[-93.522217,45.109235],[-93.522214,45.109472],[-93.522224,45.117199],[-93.521851,45.116653],[-93.516647,45.116531],[-93.513779,45.11586],[-93.512962,45.115303],[-93.511948,45.113682],[-93.511819,45.106602],[-93.509476,45.106525],[-93.507492,45.107147],[-93.502556,45.105225],[-93.502503,45.103664],[-93.492104,45.103657],[-93.492477,45.098732],[-93.493568,45.097519],[-93.49971,45.09557],[-93.501022,45.094707],[-93.501999,45.093327],[-93.50218,45.092158],[-93.5021,45.082764],[-93.502749,45.082734],[-93.507157,45.081966],[-93.512286,45.082921],[-93.517142,45.085786],[-93.51957,45.086954],[-93.522034,45.087105],[-93.522224,45.087101],[-93.522254,45.103458],[-93.525716,45.103264],[-93.525748,45.103966],[-93.528453,45.104831]]]}},{"type":"Feature","properties":{"unit_id":"27053026611","name":"Census Tract 266.11 \u2014 Hennepin","native_id":"27053026611","source":"census_tract_2025","adm3_name":"Hennepin County","adm3_id":"27053","area_sqm":3581166,"split":false,"population":2426.0,"days_covered":24,"daytime_peak_f":87.0,"heat_anomaly_f":6.2,"extreme_pct":17.0,"nighttime_stress_f":-3.1,"daytime_peak_f_climrel":0.3719,"heat_anomaly_f_climrel":0.3719,"nighttime_stress_f_climrel":-0.1886,"extreme_pct_climrel":0.425,"ref_daytime_hi_mean":80.8,"ref_daytime_hi_p95":93.4,"rwi_mean":null,"health_per_10k":4.122011541632316,"built_frac":0.278,"tree_frac":0.569,"canopy_frac_over_3m":0.363,"viirs_mean":15.6,"gdl_hdi":0.96,"gdl_region":"Minnesota","ghsl_smod":23,"lst_anomaly_c":null,"lst_anomaly_c_climrel":null,"worldpop_pop_total":5171.0,"frac_under5":5.0,"frac_elderly_65plus":20.2,"frac_elderly_75plus":9.1,"old_age_dependency_ratio":0.317,"has_data":true},"geometry":{"type":"Polygon","coordinates":[[[-93.495811,45.019062],[-93.493759,45.021465],[-93.492981,45.022038],[-93.490295,45.020252],[-93.487129,45.019123],[-93.48175,45.018559],[-93.481712,45.011302],[-93.474426,45.011368],[-93.471542,45.012211],[-93.471676,45.001742],[-93.472001,45.000973],[-93.471543,45.000529],[-93.47113,44.997437],[-93.477592,44.99593],[-93.481305,44.995067],[-93.482025,44.994946],[-93.490821,44.994923],[-93.491615,44.994926],[-93.491707,45.002552],[-93.49176,45.007641],[-93.491928,45.018078],[-93.494293,45.018371],[-93.495811,45.019062]]]}},{"type":"Feature","properties":{"unit_id":"27053023903","name":"Census Tract 239.03 \u2014 Hennepin","native_id":"27053023903","source":"census_tract_2025","adm3_name":"Hennepin County","adm3_id":"27053","area_sqm":3615695,"split":false,"population":8229.0,"days_covered":24,"daytime_peak_f":87.9,"heat_anomaly_f":6.3,"extreme_pct":17.0,"nighttime_stress_f":-3.0,"daytime_peak_f_climrel":0.3805,"heat_anomaly_f_climrel":0.3805,"nighttime_stress_f_climrel":-0.1883,"extreme_pct_climrel":0.425,"ref_daytime_hi_mean":81.6,"ref_daytime_hi_p95":94.1,"rwi_mean":null,"health_per_10k":1.2152144853566653,"built_frac":0.407,"tree_frac":0.521,"canopy_frac_over_3m":0.367,"viirs_mean":30.9,"gdl_hdi":0.96,"gdl_region":"Minnesota","ghsl_smod":30,"lst_anomaly_c":null,"lst_anomaly_c_climrel":null,"worldpop_pop_total":3779.0,"frac_under5":3.3,"frac_elderly_65plus":35.1,"frac_elderly_75plus":18.5,"old_age_dependency_ratio":0.699,"has_data":true},"geometry":{"type":"Polygon","coordinates":[[[-93.382219,44.879986],[-93.373741,44.880009],[-93.373688,44.8764],[-93.372154,44.876408],[-93.363419,44.876432],[-93.360464,44.875707],[-93.35334,44.875298],[-93.350631,44.876252],[-93.350174,44.864147],[-93.350174,44.862066],[-93.350697,44.862069],[-93.350734,44.862748],[-93.351002,44.863055],[-93.351277,44.86325],[-93.354481,44.863245],[-93.354475,44.862055],[-93.354733,44.862055],[-93.358249,44.862046],[-93.361315,44.86204],[-93.362421,44.862038],[-93.37352,44.861984],[-93.375145,44.861992],[-93.375549,44.863125],[-93.376816,44.863609],[-93.378235,44.864513],[-93.377785,44.865428],[-93.376999,44.867012],[-93.378296,44.869167],[-93.378845,44.870129],[-93.378891,44.871578],[-93.378256,44.872928],[-93.379204,44.874068],[-93.37973,44.874375],[-93.381897,44.874783],[-93.383347,44.877831],[-93.382219,44.879986]]]}},{"type":"Feature","properties":{"unit_id":"27053102100","name":"Census Tract 1021 \u2014 Hennepin","native_id":"27053102100","source":"census_tract_2025","adm3_name":"Hennepin County","adm3_id":"27053","area_sqm":720815,"split":false,"population":3694.0,"days_covered":24,"daytime_peak_f":87.5,"heat_anomaly_f":6.4,"extreme_pct":17.0,"nighttime_stress_f":-2.8,"daytime_peak_f_climrel":0.3865,"heat_anomaly_f_climrel":0.3865,"nighttime_stress_f_climrel":-0.1712,"extreme_pct_climrel":0.425,"ref_daytime_hi_mean":81.2,"ref_daytime_hi_p95":93.7,"rwi_mean":null,"health_per_10k":0.0,"built_frac":0.429,"tree_frac":0.517,"canopy_frac_over_3m":0.37,"viirs_mean":41.0,"gdl_hdi":0.96,"gdl_region":"Minnesota","ghsl_smod":30,"lst_anomaly_c":null,"lst_anomaly_c_climrel":null,"worldpop_pop_total":3232.0,"frac_under5":9.2,"frac_elderly_65plus":4.2,"frac_elderly_75plus":1.5,"old_age_dependency_ratio":0.063,"has_data":true},"geometry":{"type":"Polygon","coordinates":[[[-93.308205,45.006027],[-93.300607,45.005985],[-93.299339,45.005978],[-93.294195,45.005948],[-93.294084,45.002606],[-93.294089,44.999143],[-93.297165,44.999146],[-93.298958,44.999477],[-93.298955,44.999491],[-93.302849,44.999615],[-93.30497,45.000439],[-93.30584,45.002197],[-93.308205,45.003864],[-93.308205,45.006027]]]}},{"type":"Feature","properties":{"unit_id":"27053026815","name":"Census Tract 268.15 \u2014 Hennepin","native_id":"27053026815","source":"census_tract_2025","adm3_name":"Hennepin County","adm3_id":"27053","area_sqm":3972510,"split":false,"population":3668.0,"days_covered":24,"daytime_peak_f":87.3,"heat_anomaly_f":6.2,"extreme_pct":17.0,"nighttime_stress_f":-2.8,"daytime_peak_f_climrel":0.3737,"heat_anomaly_f_climrel":0.3737,"nighttime_stress_f_climrel":-0.1775,"extreme_pct_climrel":0.425,"ref_daytime_hi_mean":81.1,"ref_daytime_hi_p95":93.9,"rwi_mean":null,"health_per_10k":0.0,"built_frac":0.213,"tree_frac":0.588,"canopy_frac_over_3m":0.44,"viirs_mean":14.0,"gdl_hdi":0.96,"gdl_region":"Minnesota","ghsl_smod":30,"lst_anomaly_c":null,"lst_anomaly_c_climrel":null,"worldpop_pop_total":6174.0,"frac_under5":5.8,"frac_elderly_65plus":13.6,"frac_elderly_75plus":4.3,"old_age_dependency_ratio":0.207,"has_data":true},"geometry":{"type":"Polygon","coordinates":[[[-93.30142,45.10883],[-93.290291,45.108627],[-93.284779,45.1086],[-93.283509,45.10779],[-93.280327,45.105765],[-93.278366,45.103037],[-93.279927,45.089965],[-93.280177,45.088967],[-93.280126,45.083865],[-93.279026,45.080165],[-93.280815,45.071716],[-93.281593,45.071718],[-93.283286,45.073845],[-93.28442,45.077587],[-93.283761,45.080436],[-93.280756,45.084297],[-93.281063,45.087201],[-93.288017,45.087202],[-93.295364,45.087215],[-93.300423,45.087223],[-93.300621,45.09441],[-93.300806,45.099317],[-93.300266,45.100912],[-93.301304,45.102716],[-93.30142,45.10883]]]}},{"type":"Feature","properties":{"unit_id":"27053025909","name":"Census Tract 259.09 \u2014 Hennepin","native_id":"27053025909","source":"census_tract_2025","adm3_name":"Hennepin County","adm3_id":"27053","area_sqm":3657907,"split":false,"population":2946.0,"days_covered":24,"daytime_peak_f":88.0,"heat_anomaly_f":6.3,"extreme_pct":8.0,"nighttime_stress_f":-3.0,"daytime_peak_f_climrel":0.3788,"heat_anomaly_f_climrel":0.3788,"nighttime_stress_f_climrel":-0.1821,"extreme_pct_climrel":0.2,"ref_daytime_hi_mean":81.7,"ref_daytime_hi_p95":94.4,"rwi_mean":null,"health_per_10k":0.0,"built_frac":0.246,"tree_frac":0.515,"canopy_frac_over_3m":0.373,"viirs_mean":25.3,"gdl_hdi":0.96,"gdl_region":"Minnesota","ghsl_smod":12,"lst_anomaly_c":null,"lst_anomaly_c_climrel":null,"worldpop_pop_total":3185.0,"frac_under5":4.5,"frac_elderly_65plus":22.8,"frac_elderly_75plus":9.7,"old_age_dependency_ratio":0.365,"has_data":true},"geometry":{"type":"Polygon","coordinates":[[[-93.368126,44.79287],[-93.367244,44.795678],[-93.365537,44.808023],[-93.365128,44.810535],[-93.36245,44.820362],[-93.362528,44.82091],[-93.358437,44.820145],[-93.358444,44.81876],[-93.351485,44.818708],[-93.35041,44.818918],[-93.350432,44.807917],[-93.350441,44.80579],[-93.350449,44.804642],[-93.350464,44.801128],[-93.35067,44.794651],[-93.351952,44.793304],[-93.355194,44.791931],[-93.355385,44.791519],[-93.3582,44.791401],[-93.362427,44.790718],[-93.367416,44.791637],[-93.368126,44.79287]]]}},{"type":"Feature","properties":{"unit_id":"27123036800","name":"Census Tract 368 \u2014 Ramsey","native_id":"27123036800","source":"census_tract_2025","adm3_name":"Ramsey County","adm3_id":"27123","area_sqm":1040535,"split":false,"population":2264.0,"days_covered":24,"daytime_peak_f":87.2,"heat_anomaly_f":6.2,"extreme_pct":17.0,"nighttime_stress_f":-2.9,"daytime_peak_f_climrel":0.3669,"heat_anomaly_f_climrel":0.3669,"nighttime_stress_f_climrel":-0.1738,"extreme_pct_climrel":0.425,"ref_daytime_hi_mean":81.0,"ref_daytime_hi_p95":93.5,"rwi_mean":null,"health_per_10k":8.8339222614841,"built_frac":0.357,"tree_frac":0.56,"canopy_frac_over_3m":0.358,"viirs_mean":25.6,"gdl_hdi":0.96,"gdl_region":"Minnesota","ghsl_smod":30,"lst_anomaly_c":null,"lst_anomaly_c_climrel":null,"worldpop_pop_total":2526.0,"frac_under5":4.5,"frac_elderly_65plus":11.4,"frac_elderly_75plus":3.7,"old_age_dependency_ratio":0.153,"has_data":true},"geometry":{"type":"Polygon","coordinates":[[[-93.13773,44.934138],[-93.136391,44.934133],[-93.128462,44.93411],[-93.126692,44.934105],[-93.125709,44.934108],[-93.127979,44.932827],[-93.128254,44.926852],[-93.128255,44.926699],[-93.128213,44.923223],[-93.127214,44.921808],[-93.129475,44.920564],[-93.130639,44.919798],[-93.131441,44.91965],[-93.135135,44.919658],[-93.135545,44.921733],[-93.136427,44.922366],[-93.136421,44.92415],[-93.136413,44.926891],[-93.136399,44.931396],[-93.137776,44.932283],[-93.13773,44.934138]]]}},{"type":"Feature","properties":{"unit_id":"27053025100","name":"Census Tract 251 \u2014 Hennepin","native_id":"27053025100","source":"census_tract_2025","adm3_name":"Hennepin County","adm3_id":"27053","area_sqm":7093817,"split":false,"population":11282.0,"days_covered":24,"daytime_peak_f":87.5,"heat_anomaly_f":6.0,"extreme_pct":12.0,"nighttime_stress_f":-3.2,"daytime_peak_f_climrel":0.3529,"heat_anomaly_f_climrel":0.3529,"nighttime_stress_f_climrel":-0.1969,"extreme_pct_climrel":0.3,"ref_daytime_hi_mean":81.5,"ref_daytime_hi_p95":94.0,"rwi_mean":null,"health_per_10k":0.8863676653075696,"built_frac":0.226,"tree_frac":0.31,"canopy_frac_over_3m":0.233,"viirs_mean":35.5,"gdl_hdi":0.96,"gdl_region":"Minnesota","ghsl_smod":11,"lst_anomaly_c":null,"lst_anomaly_c_climrel":null,"worldpop_pop_total":3950.0,"frac_under5":4.2,"frac_elderly_65plus":12.7,"frac_elderly_75plus":4.6,"old_age_dependency_ratio":0.167,"has_data":true},"geometry":{"type":"Polygon","coordinates":[[[-93.247902,44.84795],[-93.247112,44.852305],[-93.247036,44.856833],[-93.247281,44.860015],[-93.247336,44.861921],[-93.237573,44.861947],[-93.229134,44.861969],[-93.19794,44.862],[-93.19728,44.860114],[-93.1983,44.858164],[-93.203406,44.852356],[-93.207756,44.843626],[-93.211437,44.839742],[-93.216487,44.838706],[-93.221108,44.838477],[-93.221915,44.83696],[-93.219063,44.832238],[-93.220525,44.831053],[-93.227461,44.829086],[-93.230893,44.827482],[-93.232065,44.826709],[-93.234047,44.827972],[-93.247696,44.83218],[-93.247864,44.837536],[-93.247864,44.840771],[-93.247902,44.84795]]]}},{"type":"Feature","properties":{"unit_id":"27053025801","name":"Census Tract 258.01 \u2014 Hennepin","native_id":"27053025801","source":"census_tract_2025","adm3_name":"Hennepin County","adm3_id":"27053","area_sqm":2756511,"split":false,"population":4222.0,"days_covered":24,"daytime_peak_f":87.8,"heat_anomaly_f":6.1,"extreme_pct":8.0,"nighttime_stress_f":-3.1,"daytime_peak_f_climrel":0.3674,"heat_anomaly_f_climrel":0.3674,"nighttime_stress_f_climrel":-0.1896,"extreme_pct_climrel":0.2,"ref_daytime_hi_mean":81.7,"ref_daytime_hi_p95":94.4,"rwi_mean":null,"health_per_10k":2.3685457129322596,"built_frac":0.259,"tree_frac":0.649,"canopy_frac_over_3m":0.507,"viirs_mean":20.1,"gdl_hdi":0.96,"gdl_region":"Minnesota","ghsl_smod":30,"lst_anomaly_c":null,"lst_anomaly_c_climrel":null,"worldpop_pop_total":3822.0,"frac_under5":4.1,"frac_elderly_65plus":19.5,"frac_elderly_75plus":9.5,"old_age_dependency_ratio":0.285,"has_data":true},"geometry":{"type":"Polygon","coordinates":[[[-93.312053,44.818463],[-93.310181,44.819092],[-93.30883,44.819736],[-93.30574,44.821236],[-93.298409,44.826309],[-93.292306,44.829194],[-93.291674,44.827301],[-93.291482,44.826298],[-93.29129,44.811848],[-93.291239,44.808043],[-93.289828,44.800177],[-93.290006,44.800129],[-93.290358,44.800034],[-93.291767,44.802708],[-93.293099,44.801885],[-93.299522,44.801841],[-93.303183,44.801175],[-93.305327,44.802303],[-93.30553,44.804754],[-93.301508,44.80753],[-93.303264,44.810415],[-93.301939,44.811912],[-93.302021,44.814672],[-93.300052,44.814853],[-93.300113,44.816486],[-93.301968,44.818354],[-93.301727,44.819597],[-93.304701,44.819612],[-93.307354,44.817989],[-93.309229,44.816129],[-93.311912,44.815939],[-93.312179,44.816513],[-93.312053,44.818463]]]}},{"type":"Feature","properties":{"unit_id":"27053026823","name":"Census Tract 268.23 \u2014 Hennepin","native_id":"27053026823","source":"census_tract_2025","adm3_name":"Hennepin County","adm3_id":"27053","area_sqm":3680776,"split":false,"population":3888.0,"days_covered":24,"daytime_peak_f":87.3,"heat_anomaly_f":6.2,"extreme_pct":17.0,"nighttime_stress_f":-2.8,"daytime_peak_f_climrel":0.3737,"heat_anomaly_f_climrel":0.3737,"nighttime_stress_f_climrel":-0.1775,"extreme_pct_climrel":0.425,"ref_daytime_hi_mean":81.1,"ref_daytime_hi_p95":93.9,"rwi_mean":null,"health_per_10k":5.1440329218107,"built_frac":0.331,"tree_frac":0.288,"canopy_frac_over_3m":0.169,"viirs_mean":19.5,"gdl_hdi":0.96,"gdl_region":"Minnesota","ghsl_smod":21,"lst_anomaly_c":null,"lst_anomaly_c_climrel":null,"worldpop_pop_total":5767.0,"frac_under5":5.3,"frac_elderly_65plus":17.1,"frac_elderly_75plus":6.8,"old_age_dependency_ratio":0.263,"has_data":true},"geometry":{"type":"Polygon","coordinates":[[[-93.356516,45.116032],[-93.356487,45.119761],[-93.356411,45.122991],[-93.356331,45.123192],[-93.356281,45.128022],[-93.34615,45.12575],[-93.341807,45.12485],[-93.335791,45.124234],[-93.328229,45.123791],[-93.32076,45.123333],[-93.319399,45.123235],[-93.317627,45.122146],[-93.318657,45.121067],[-93.323463,45.119396],[-93.327164,45.116608],[-93.329002,45.116104],[-93.32975,45.116081],[-93.331055,45.116077],[-93.337173,45.116325],[-93.337844,45.116576],[-93.340284,45.113345],[-93.34125,45.110481],[-93.341284,45.108909],[-93.34643,45.108893],[-93.35669,45.108879],[-93.356516,45.116032]]]}},{"type":"Feature","properties":{"unit_id":"27053027101","name":"Census Tract 271.01 \u2014 Hennepin","native_id":"27053027101","source":"census_tract_2025","adm3_name":"Hennepin County","adm3_id":"27053","area_sqm":66844523,"split":false,"population":7119.0,"days_covered":24,"daytime_peak_f":87.0,"heat_anomaly_f":6.3,"extreme_pct":17.0,"nighttime_stress_f":-2.9,"daytime_peak_f_climrel":0.3786,"heat_anomaly_f_climrel":0.3786,"nighttime_stress_f_climrel":-0.1817,"extreme_pct_climrel":0.425,"ref_daytime_hi_mean":80.6,"ref_daytime_hi_p95":93.3,"rwi_mean":null,"health_per_10k":0.0,"built_frac":0.043,"tree_frac":0.421,"canopy_frac_over_3m":0.31,"viirs_mean":3.4,"gdl_hdi":0.96,"gdl_region":"Minnesota","ghsl_smod":11,"lst_anomaly_c":null,"lst_anomaly_c_climrel":null,"worldpop_pop_total":8735.0,"frac_under5":5.6,"frac_elderly_65plus":15.9,"frac_elderly_75plus":6.9,"old_age_dependency_ratio":0.255,"has_data":true},"geometry":{"type":"Polygon","coordinates":[[[-93.645966,45.05114],[-93.645828,45.065765],[-93.644951,45.065628],[-93.6202,45.065641],[-93.612156,45.065575],[-93.610697,45.065623],[-93.599595,45.065615],[-93.594422,45.065619],[-93.589248,45.065621],[-93.563184,45.065751],[-93.55035,45.065709],[-93.542587,45.065685],[-93.522079,45.065559],[-93.522348,45.042373],[-93.520761,45.041366],[-93.522376,45.041377],[-93.522652,45.036263],[-93.522217,45.027527],[-93.522353,45.025295],[-93.522377,45.014336],[-93.522423,45.007],[-93.522402,44.999774],[-93.564375,44.999475],[-93.576049,44.999974],[-93.584023,45.000096],[-93.645645,45.00045],[-93.645645,45.002915],[-93.645645,45.003353],[-93.645664,45.012508],[-93.645744,45.026185],[-93.645829,45.036765],[-93.645966,45.05114]]]}},{"type":"Feature","properties":{"unit_id":"27053026205","name":"Census Tract 262.05 \u2014 Hennepin","native_id":"27053026205","source":"census_tract_2025","adm3_name":"Hennepin County","adm3_id":"27053","area_sqm":3342673,"split":false,"population":2294.0,"days_covered":24,"daytime_peak_f":87.4,"heat_anomaly_f":6.2,"extreme_pct":17.0,"nighttime_stress_f":-2.9,"daytime_peak_f_climrel":0.3694,"heat_anomaly_f_climrel":0.3694,"nighttime_stress_f_climrel":-0.1763,"extreme_pct_climrel":0.425,"ref_daytime_hi_mean":81.2,"ref_daytime_hi_p95":93.5,"rwi_mean":null,"health_per_10k":0.0,"built_frac":0.109,"tree_frac":0.828,"canopy_frac_over_3m":0.533,"viirs_mean":9.4,"gdl_hdi":0.96,"gdl_region":"Minnesota","ghsl_smod":21,"lst_anomaly_c":null,"lst_anomaly_c_climrel":null,"worldpop_pop_total":3429.0,"frac_under5":4.6,"frac_elderly_65plus":21.6,"frac_elderly_75plus":8.8,"old_age_dependency_ratio":0.352,"has_data":true},"geometry":{"type":"Polygon","coordinates":[[[-93.509734,44.911256],[-93.503349,44.913658],[-93.49336,44.917157],[-93.492451,44.917471],[-93.489422,44.918463],[-93.482392,44.919607],[-93.473003,44.921099],[-93.473076,44.920029],[-93.47551,44.918247],[-93.47541,44.906647],[-93.476089,44.905228],[-93.473427,44.902776],[-93.47417,44.901556],[-93.475021,44.902091],[-93.483101,44.90377],[-93.483101,44.903751],[-93.486786,44.904209],[-93.488838,44.90443],[-93.493126,44.90448],[-93.495705,44.904762],[-93.500343,44.907536],[-93.504014,44.908716],[-93.508381,44.910905],[-93.509228,44.911126],[-93.509734,44.911256]]]}},{"type":"Feature","properties":{"unit_id":"27053103400","name":"Census Tract 1034 \u2014 Hennepin","native_id":"27053103400","source":"census_tract_2025","adm3_name":"Hennepin County","adm3_id":"27053","area_sqm":957947,"split":false,"population":2283.0,"days_covered":24,"daytime_peak_f":87.5,"heat_anomaly_f":6.4,"extreme_pct":17.0,"nighttime_stress_f":-2.8,"daytime_peak_f_climrel":0.3865,"heat_anomaly_f_climrel":0.3865,"nighttime_stress_f_climrel":-0.1712,"extreme_pct_climrel":0.425,"ref_daytime_hi_mean":81.2,"ref_daytime_hi_p95":93.7,"rwi_mean":null,"health_per_10k":0.0,"built_frac":0.714,"tree_frac":0.057,"canopy_frac_over_3m":0.086,"viirs_mean":59.5,"gdl_hdi":0.96,"gdl_region":"Minnesota","ghsl_smod":30,"lst_anomaly_c":null,"lst_anomaly_c_climrel":null,"worldpop_pop_total":3394.0,"frac_under5":9.7,"frac_elderly_65plus":8.4,"frac_elderly_75plus":3.2,"old_age_dependency_ratio":0.14,"has_data":true},"geometry":{"type":"Polygon","coordinates":[[[-93.29834,44.991543],[-93.297194,44.991983],[-93.287994,44.991947],[-93.28769,44.989815],[-93.288238,44.988869],[-93.287861,44.984458],[-93.28863,44.984242],[-93.288052,44.981436],[-93.288044,44.979493],[-93.29715,44.980664],[-93.297058,44.982155],[-93.294724,44.983028],[-93.29417,44.984269],[-93.298195,44.984471],[-93.29834,44.991543]]]}},{"type":"Feature","properties":{"unit_id":"27053122600","name":"Census Tract 1226 \u2014 Hennepin","native_id":"27053122600","source":"census_tract_2025","adm3_name":"Hennepin County","adm3_id":"27053","area_sqm":1314095,"split":false,"population":1460.0,"days_covered":24,"daytime_peak_f":87.9,"heat_anomaly_f":6.3,"extreme_pct":17.0,"nighttime_stress_f":-3.0,"daytime_peak_f_climrel":0.3805,"heat_anomaly_f_climrel":0.3805,"nighttime_stress_f_climrel":-0.1883,"extreme_pct_climrel":0.425,"ref_daytime_hi_mean":81.6,"ref_daytime_hi_p95":94.1,"rwi_mean":null,"health_per_10k":41.0958904109589,"built_frac":0.445,"tree_frac":0.485,"canopy_frac_over_3m":0.329,"viirs_mean":26.3,"gdl_hdi":0.96,"gdl_region":"Minnesota","ghsl_smod":30,"lst_anomaly_c":null,"lst_anomaly_c_climrel":null,"worldpop_pop_total":2749.0,"frac_under5":5.9,"frac_elderly_65plus":13.0,"frac_elderly_75plus":4.4,"old_age_dependency_ratio":0.177,"has_data":true},"geometry":{"type":"Polygon","coordinates":[[[-93.370768,44.945197],[-93.370804,44.949524],[-93.360588,44.949619],[-93.357491,44.949521],[-93.357384,44.945763],[-93.357599,44.943538],[-93.357572,44.939983],[-93.356429,44.939055],[-93.359278,44.938204],[-93.362692,44.938087],[-93.365352,44.938286],[-93.369494,44.937816],[-93.370998,44.943197],[-93.370768,44.945197]]]}},{"type":"Feature","properties":{"unit_id":"27053026720","name":"Census Tract 267.20 \u2014 Hennepin","native_id":"27053026720","source":"census_tract_2025","adm3_name":"Hennepin County","adm3_id":"27053","area_sqm":4780270,"split":false,"population":3167.0,"days_covered":24,"daytime_peak_f":87.0,"heat_anomaly_f":6.2,"extreme_pct":17.0,"nighttime_stress_f":-3.2,"daytime_peak_f_climrel":0.3696,"heat_anomaly_f_climrel":0.3696,"nighttime_stress_f_climrel":-0.1996,"extreme_pct_climrel":0.425,"ref_daytime_hi_mean":80.8,"ref_daytime_hi_p95":93.8,"rwi_mean":null,"health_per_10k":0.0,"built_frac":0.154,"tree_frac":0.604,"canopy_frac_over_3m":0.308,"viirs_mean":7.6,"gdl_hdi":0.96,"gdl_region":"Minnesota","ghsl_smod":21,"lst_anomaly_c":null,"lst_anomaly_c_climrel":null,"worldpop_pop_total":5523.0,"frac_under5":5.2,"frac_elderly_65plus":10.0,"frac_elderly_75plus":2.5,"old_age_dependency_ratio":0.146,"has_data":true},"geometry":{"type":"Polygon","coordinates":[[[-93.50218,45.092158],[-93.501999,45.093327],[-93.501022,45.094707],[-93.49971,45.09557],[-93.493568,45.097519],[-93.492477,45.098732],[-93.492104,45.103657],[-93.492287,45.109127],[-93.486076,45.109005],[-93.480927,45.10709],[-93.478745,45.106087],[-93.476044,45.10321],[-93.475029,45.102901],[-93.471756,45.102451],[-93.468015,45.102745],[-93.469359,45.095502],[-93.470035,45.094805],[-93.476013,45.094635],[-93.476875,45.093765],[-93.476859,45.090454],[-93.47716,45.082624],[-93.47804,45.081467],[-93.481194,45.083607],[-93.486938,45.08429],[-93.49128,45.084152],[-93.491986,45.084332],[-93.494261,45.084584],[-93.498988,45.083161],[-93.5021,45.082764],[-93.50218,45.092158]]]}},{"type":"Feature","properties":{"unit_id":"27053108800","name":"Census Tract 1088 \u2014 Hennepin","native_id":"27053108800","source":"census_tract_2025","adm3_name":"Hennepin County","adm3_id":"27053","area_sqm":1304849,"split":false,"population":3131.0,"days_covered":24,"daytime_peak_f":87.7,"heat_anomaly_f":6.1,"extreme_pct":17.0,"nighttime_stress_f":-3.0,"daytime_peak_f_climrel":0.3591,"heat_anomaly_f_climrel":0.3591,"nighttime_stress_f_climrel":-0.1852,"extreme_pct_climrel":0.425,"ref_daytime_hi_mean":81.5,"ref_daytime_hi_p95":94.0,"rwi_mean":null,"health_per_10k":6.387735547748323,"built_frac":0.497,"tree_frac":0.496,"canopy_frac_over_3m":0.353,"viirs_mean":47.9,"gdl_hdi":0.96,"gdl_region":"Minnesota","ghsl_smod":30,"lst_anomaly_c":null,"lst_anomaly_c_climrel":null,"worldpop_pop_total":3929.0,"frac_under5":5.0,"frac_elderly_65plus":13.4,"frac_elderly_75plus":4.2,"old_age_dependency_ratio":0.185,"has_data":true},"geometry":{"type":"Polygon","coordinates":[[[-93.237305,44.948372],[-93.230003,44.948372],[-93.227081,44.948372],[-93.222946,44.948368],[-93.222961,44.941387],[-93.222946,44.937767],[-93.222931,44.934147],[-93.228508,44.934082],[-93.230977,44.937717],[-93.233467,44.941334],[-93.233487,44.941363],[-93.238065,44.948372],[-93.237305,44.948372]]]}},{"type":"Feature","properties":{"unit_id":"27053027202","name":"Census Tract 272.02 \u2014 Hennepin","native_id":"27053027202","source":"census_tract_2025","adm3_name":"Hennepin County","adm3_id":"27053","area_sqm":2217338,"split":false,"population":2275.0,"days_covered":24,"daytime_peak_f":87.0,"heat_anomaly_f":6.3,"extreme_pct":17.0,"nighttime_stress_f":-2.9,"daytime_peak_f_climrel":0.3786,"heat_anomaly_f_climrel":0.3786,"nighttime_stress_f_climrel":-0.1817,"extreme_pct_climrel":0.425,"ref_daytime_hi_mean":80.6,"ref_daytime_hi_p95":93.3,"rwi_mean":null,"health_per_10k":0.0,"built_frac":0.262,"tree_frac":0.537,"canopy_frac_over_3m":0.33,"viirs_mean":17.6,"gdl_hdi":0.96,"gdl_region":"Minnesota","ghsl_smod":21,"lst_anomaly_c":null,"lst_anomaly_c_climrel":null,"worldpop_pop_total":1818.0,"frac_under5":5.5,"frac_elderly_65plus":18.7,"frac_elderly_75plus":7.5,"old_age_dependency_ratio":0.298,"has_data":true},"geometry":{"type":"Polygon","coordinates":[[[-93.588192,44.98928],[-93.584023,44.989273],[-93.580934,44.989157],[-93.577523,44.988397],[-93.573882,44.988175],[-93.573903,44.989352],[-93.569208,44.989346],[-93.560511,44.985302],[-93.560515,44.984653],[-93.557303,44.984797],[-93.557288,44.98671],[-93.552651,44.987508],[-93.550084,44.987544],[-93.549966,44.984876],[-93.548851,44.984329],[-93.545802,44.98083],[-93.550934,44.980356],[-93.556697,44.982338],[-93.561807,44.983516],[-93.561805,44.983226],[-93.558382,44.982474],[-93.558354,44.9808],[-93.562393,44.979755],[-93.563334,44.980529],[-93.567341,44.979722],[-93.568325,44.978255],[-93.573721,44.977963],[-93.573753,44.980408],[-93.575072,44.980117],[-93.575157,44.978305],[-93.577123,44.9783],[-93.578584,44.979188],[-93.581573,44.978399],[-93.581405,44.98281],[-93.581172,44.985068],[-93.584022,44.985252],[-93.588236,44.985611],[-93.588192,44.98928]]]}},{"type":"Feature","properties":{"unit_id":"27053026906","name":"Census Tract 269.06 \u2014 Hennepin","native_id":"27053026906","source":"census_tract_2025","adm3_name":"Hennepin County","adm3_id":"27053","area_sqm":5931821,"split":false,"population":6583.0,"days_covered":24,"daytime_peak_f":87.5,"heat_anomaly_f":6.4,"extreme_pct":17.0,"nighttime_stress_f":-3.3,"daytime_peak_f_climrel":0.3766,"heat_anomaly_f_climrel":0.3766,"nighttime_stress_f_climrel":-0.2056,"extreme_pct_climrel":0.425,"ref_daytime_hi_mean":81.1,"ref_daytime_hi_p95":94.4,"rwi_mean":null,"health_per_10k":1.5190642564180465,"built_frac":0.172,"tree_frac":0.579,"canopy_frac_over_3m":0.386,"viirs_mean":15.1,"gdl_hdi":0.96,"gdl_region":"Minnesota","ghsl_smod":21,"lst_anomaly_c":null,"lst_anomaly_c_climrel":null,"worldpop_pop_total":8038.0,"frac_under5":5.1,"frac_elderly_65plus":14.1,"frac_elderly_75plus":4.4,"old_age_dependency_ratio":0.207,"has_data":true},"geometry":{"type":"Polygon","coordinates":[[[-93.392431,45.185935],[-93.390925,45.185188],[-93.389398,45.184001],[-93.3871,45.185219],[-93.386823,45.185657],[-93.379931,45.181364],[-93.37543,45.178664],[-93.373301,45.178169],[-93.35883,45.174965],[-93.354011,45.170196],[-93.348415,45.162732],[-93.346229,45.160165],[-93.34016,45.157399],[-93.335749,45.155142],[-93.330566,45.153027],[-93.328389,45.151507],[-93.331599,45.151787],[-93.337194,45.151633],[-93.360574,45.151882],[-93.360634,45.161362],[-93.360626,45.16626],[-93.369423,45.166298],[-93.380806,45.166336],[-93.391323,45.166529],[-93.392068,45.180644],[-93.392209,45.185509],[-93.392431,45.185935]]]}},{"type":"Feature","properties":{"unit_id":"27123034201","name":"Census Tract 342.01 \u2014 Ramsey","native_id":"27123034201","source":"census_tract_2025","adm3_name":"Ramsey County","adm3_id":"27123","area_sqm":973488,"split":false,"population":20251.0,"days_covered":24,"daytime_peak_f":87.2,"heat_anomaly_f":6.2,"extreme_pct":17.0,"nighttime_stress_f":-2.9,"daytime_peak_f_climrel":0.3669,"heat_anomaly_f_climrel":0.3669,"nighttime_stress_f_climrel":-0.1738,"extreme_pct_climrel":0.425,"ref_daytime_hi_mean":81.0,"ref_daytime_hi_p95":93.5,"rwi_mean":null,"health_per_10k":0.987605550343193,"built_frac":0.835,"tree_frac":0.033,"canopy_frac_over_3m":0.031,"viirs_mean":154.6,"gdl_hdi":0.96,"gdl_region":"Minnesota","ghsl_smod":30,"lst_anomaly_c":null,"lst_anomaly_c_climrel":null,"worldpop_pop_total":5093.0,"frac_under5":1.6,"frac_elderly_65plus":10.0,"frac_elderly_75plus":2.8,"old_age_dependency_ratio":0.117,"has_data":true},"geometry":{"type":"Polygon","coordinates":[[[-93.104351,44.946901],[-93.103737,44.94745],[-93.100692,44.946404],[-93.098081,44.947651],[-93.096414,44.948425],[-93.095472,44.948617],[-93.093102,44.949734],[-93.091667,44.950411],[-93.090296,44.948855],[-93.088124,44.948713],[-93.085111,44.95018],[-93.085947,44.951028],[-93.087038,44.951711],[-93.0864,44.952376],[-93.085417,44.952369],[-93.082822,44.95295],[-93.081696,44.951417],[-93.079228,44.946794],[-93.087497,44.944019],[-93.089009,44.942987],[-93.091411,44.942334],[-93.092356,44.943386],[-93.094288,44.943735],[-93.100384,44.943588],[-93.102777,44.944586],[-93.103927,44.94548],[-93.104316,44.946782],[-93.104351,44.946901]]]}},{"type":"Feature","properties":{"unit_id":"27053027204","name":"Census Tract 272.04 \u2014 Hennepin","native_id":"27053027204","source":"census_tract_2025","adm3_name":"Hennepin County","adm3_id":"27053","area_sqm":19035339,"split":false,"population":3546.0,"days_covered":24,"daytime_peak_f":87.0,"heat_anomaly_f":6.3,"extreme_pct":17.0,"nighttime_stress_f":-2.9,"daytime_peak_f_climrel":0.3786,"heat_anomaly_f_climrel":0.3786,"nighttime_stress_f_climrel":-0.1817,"extreme_pct_climrel":0.425,"ref_daytime_hi_mean":80.6,"ref_daytime_hi_p95":93.3,"rwi_mean":null,"health_per_10k":0.0,"built_frac":0.047,"tree_frac":0.464,"canopy_frac_over_3m":0.333,"viirs_mean":3.6,"gdl_hdi":0.96,"gdl_region":"Minnesota","ghsl_smod":12,"lst_anomaly_c":null,"lst_anomaly_c_climrel":null,"worldpop_pop_total":4257.0,"frac_under5":4.2,"frac_elderly_65plus":19.3,"frac_elderly_75plus":6.5,"old_age_dependency_ratio":0.307,"has_data":true},"geometry":{"type":"Polygon","coordinates":[[[-93.645645,45.00045],[-93.584023,45.000096],[-93.584023,44.989273],[-93.588192,44.98928],[-93.588236,44.985611],[-93.584022,44.985252],[-93.594232,44.985339],[-93.594231,44.967533],[-93.606026,44.967819],[-93.608116,44.966591],[-93.611019,44.966735],[-93.612079,44.964671],[-93.603516,44.957745],[-93.59733,44.954174],[-93.585621,44.945605],[-93.593808,44.948729],[-93.598984,44.945479],[-93.608524,44.943912],[-93.615345,44.94279],[-93.616934,44.942701],[-93.621632,44.942355],[-93.624971,44.938972],[-93.638849,44.939398],[-93.638867,44.947837],[-93.643258,44.950978],[-93.645407,44.951292],[-93.645462,44.978645],[-93.64547,44.982273],[-93.645492,44.985903],[-93.645508,44.987736],[-93.645514,44.988613],[-93.645645,45.00045]]]}},{"type":"Feature","properties":{"unit_id":"27123041601","name":"Census Tract 416.01 \u2014 Ramsey","native_id":"27123041601","source":"census_tract_2025","adm3_name":"Ramsey County","adm3_id":"27123","area_sqm":4223300,"split":false,"population":3492.0,"days_covered":24,"daytime_peak_f":87.0,"heat_anomaly_f":6.5,"extreme_pct":17.0,"nighttime_stress_f":-2.0,"daytime_peak_f_climrel":0.3832,"heat_anomaly_f_climrel":0.3832,"nighttime_stress_f_climrel":-0.1206,"extreme_pct_climrel":0.425,"ref_daytime_hi_mean":80.6,"ref_daytime_hi_p95":92.9,"rwi_mean":null,"health_per_10k":2.86368843069874,"built_frac":0.172,"tree_frac":0.717,"canopy_frac_over_3m":0.422,"viirs_mean":12.7,"gdl_hdi":0.96,"gdl_region":"Minnesota","ghsl_smod":30,"lst_anomaly_c":null,"lst_anomaly_c_climrel":null,"worldpop_pop_total":6564.0,"frac_under5":4.4,"frac_elderly_65plus":23.1,"frac_elderly_75plus":10.7,"old_age_dependency_ratio":0.368,"has_data":true},"geometry":{"type":"Polygon","coordinates":[[[-93.12634,45.027231],[-93.118189,45.033223],[-93.116438,45.034174],[-93.112816,45.035208],[-93.11006,45.03588],[-93.106214,45.035871],[-93.106173,45.031582],[-93.106094,45.020746],[-93.105994,45.013511],[-93.105873,45.007699],[-93.111819,45.007735],[-93.12185,45.009533],[-93.126192,45.009672],[-93.126238,45.013366],[-93.126295,45.02067],[-93.12634,45.027231]]]}},{"type":"Feature","properties":{"unit_id":"27053026201","name":"Census Tract 262.01 \u2014 Hennepin","native_id":"27053026201","source":"census_tract_2025","adm3_name":"Hennepin County","adm3_id":"27053","area_sqm":4917276,"split":false,"population":5235.0,"days_covered":24,"daytime_peak_f":87.4,"heat_anomaly_f":6.2,"extreme_pct":17.0,"nighttime_stress_f":-2.9,"daytime_peak_f_climrel":0.3694,"heat_anomaly_f_climrel":0.3694,"nighttime_stress_f_climrel":-0.1763,"extreme_pct_climrel":0.425,"ref_daytime_hi_mean":81.2,"ref_daytime_hi_p95":93.5,"rwi_mean":null,"health_per_10k":1.9102196752626552,"built_frac":0.097,"tree_frac":0.778,"canopy_frac_over_3m":0.501,"viirs_mean":8.4,"gdl_hdi":0.96,"gdl_region":"Minnesota","ghsl_smod":21,"lst_anomaly_c":null,"lst_anomaly_c_climrel":null,"worldpop_pop_total":3386.0,"frac_under5":5.5,"frac_elderly_65plus":20.7,"frac_elderly_75plus":8.8,"old_age_dependency_ratio":0.349,"has_data":true},"geometry":{"type":"Polygon","coordinates":[[[-93.523391,44.916771],[-93.520823,44.916695],[-93.520664,44.920452],[-93.518326,44.920393],[-93.518322,44.925873],[-93.507813,44.928802],[-93.505081,44.929398],[-93.502731,44.929806],[-93.490364,44.931644],[-93.487283,44.933279],[-93.484436,44.934879],[-93.482297,44.935583],[-93.482792,44.926864],[-93.484441,44.924788],[-93.484879,44.921787],[-93.483391,44.919872],[-93.482404,44.919728],[-93.482392,44.919607],[-93.489422,44.918463],[-93.492451,44.917471],[-93.49336,44.917157],[-93.503349,44.913658],[-93.509734,44.911256],[-93.511871,44.910683],[-93.51478,44.910765],[-93.517843,44.911597],[-93.520684,44.911943],[-93.523125,44.911545],[-93.523327,44.911467],[-93.523391,44.916771]]]}},{"type":"Feature","properties":{"unit_id":"27053020301","name":"Census Tract 203.01 \u2014 Hennepin","native_id":"27053020301","source":"census_tract_2025","adm3_name":"Hennepin County","adm3_id":"27053","area_sqm":2235748,"split":false,"population":1067.0,"days_covered":24,"daytime_peak_f":87.3,"heat_anomaly_f":6.2,"extreme_pct":17.0,"nighttime_stress_f":-2.8,"daytime_peak_f_climrel":0.3737,"heat_anomaly_f_climrel":0.3737,"nighttime_stress_f_climrel":-0.1775,"extreme_pct_climrel":0.425,"ref_daytime_hi_mean":81.1,"ref_daytime_hi_p95":93.9,"rwi_mean":null,"health_per_10k":0.0,"built_frac":0.393,"tree_frac":0.406,"canopy_frac_over_3m":0.308,"viirs_mean":48.1,"gdl_hdi":0.96,"gdl_region":"Minnesota","ghsl_smod":30,"lst_anomaly_c":null,"lst_anomaly_c_climrel":null,"worldpop_pop_total":3311.0,"frac_under5":6.4,"frac_elderly_65plus":13.4,"frac_elderly_75plus":6.1,"old_age_dependency_ratio":0.207,"has_data":true},"geometry":{"type":"Polygon","coordinates":[[[-93.341072,45.08726],[-93.330856,45.087315],[-93.320721,45.087311],[-93.320008,45.087309],[-93.321708,45.083173],[-93.31568,45.080639],[-93.315578,45.080132],[-93.314225,45.076529],[-93.309209,45.073276],[-93.309612,45.071744],[-93.318649,45.074295],[-93.32001,45.074702],[-93.3245,45.075669],[-93.332661,45.07602],[-93.33342,45.076754],[-93.336712,45.080075],[-93.344305,45.087252],[-93.341072,45.08726]]]}},{"type":"Feature","properties":{"unit_id":"27053010600","name":"Census Tract 106 \u2014 Hennepin","native_id":"27053010600","source":"census_tract_2025","adm3_name":"Hennepin County","adm3_id":"27053","area_sqm":1014231,"split":false,"population":2362.0,"days_covered":24,"daytime_peak_f":87.8,"heat_anomaly_f":6.2,"extreme_pct":17.0,"nighttime_stress_f":-3.2,"daytime_peak_f_climrel":0.3756,"heat_anomaly_f_climrel":0.3756,"nighttime_stress_f_climrel":-0.1982,"extreme_pct_climrel":0.425,"ref_daytime_hi_mean":81.6,"ref_daytime_hi_p95":94.1,"rwi_mean":null,"health_per_10k":4.233700254022015,"built_frac":0.183,"tree_frac":0.776,"canopy_frac_over_3m":0.584,"viirs_mean":20.5,"gdl_hdi":0.96,"gdl_region":"Minnesota","ghsl_smod":30,"lst_anomaly_c":null,"lst_anomaly_c_climrel":null,"worldpop_pop_total":3023.0,"frac_under5":5.9,"frac_elderly_65plus":18.2,"frac_elderly_75plus":5.9,"old_age_dependency_ratio":0.286,"has_data":true},"geometry":{"type":"Polygon","coordinates":[[[-93.318901,44.923336],[-93.311897,44.9231],[-93.312173,44.92237],[-93.314049,44.919174],[-93.313843,44.917988],[-93.310699,44.915871],[-93.308746,44.915443],[-93.303162,44.915596],[-93.300049,44.917007],[-93.298401,44.915955],[-93.297966,44.915108],[-93.297981,44.912331],[-93.29847,44.912334],[-93.303581,44.912347],[-93.308701,44.912365],[-93.313774,44.912403],[-93.318855,44.912449],[-93.318871,44.9179],[-93.318901,44.923336]]]}},{"type":"Feature","properties":{"unit_id":"27123037604","name":"Census Tract 376.04 \u2014 Ramsey","native_id":"27123037604","source":"census_tract_2025","adm3_name":"Ramsey County","adm3_id":"27123","area_sqm":2574282,"split":false,"population":1917.0,"days_covered":24,"daytime_peak_f":87.7,"heat_anomaly_f":6.1,"extreme_pct":17.0,"nighttime_stress_f":-3.0,"daytime_peak_f_climrel":0.3591,"heat_anomaly_f_climrel":0.3591,"nighttime_stress_f_climrel":-0.1852,"extreme_pct_climrel":0.425,"ref_daytime_hi_mean":81.5,"ref_daytime_hi_p95":94.0,"rwi_mean":null,"health_per_10k":0.0,"built_frac":0.112,"tree_frac":0.628,"canopy_frac_over_3m":0.529,"viirs_mean":16.5,"gdl_hdi":0.96,"gdl_region":"Minnesota","ghsl_smod":11,"lst_anomaly_c":null,"lst_anomaly_c_climrel":null,"worldpop_pop_total":2362.0,"frac_under5":5.3,"frac_elderly_65plus":23.7,"frac_elderly_75plus":12.2,"old_age_dependency_ratio":0.361,"has_data":true},"geometry":{"type":"Polygon","coordinates":[[[-93.179516,44.89643],[-93.177994,44.897828],[-93.172101,44.90101],[-93.172105,44.898065],[-93.170872,44.89807],[-93.164512,44.901045],[-93.165253,44.90185],[-93.162157,44.902138],[-93.15429,44.905788],[-93.153675,44.90514],[-93.143984,44.910857],[-93.142625,44.908092],[-93.139085,44.904227],[-93.149109,44.897443],[-93.153032,44.8936],[-93.1539,44.892898],[-93.156864,44.891865],[-93.164346,44.89034],[-93.168176,44.888551],[-93.168919,44.888204],[-93.172102,44.887399],[-93.175689,44.887405],[-93.178539,44.888338],[-93.177964,44.889641],[-93.177999,44.891176],[-93.177218,44.893928],[-93.181529,44.894259],[-93.179516,44.89643]]]}},{"type":"Feature","properties":{"unit_id":"27053027504","name":"Census Tract 275.04 \u2014 Hennepin","native_id":"27053027504","source":"census_tract_2025","adm3_name":"Hennepin County","adm3_id":"27053","area_sqm":5333848,"split":false,"population":2717.0,"days_covered":24,"daytime_peak_f":87.4,"heat_anomaly_f":6.2,"extreme_pct":17.0,"nighttime_stress_f":-2.9,"daytime_peak_f_climrel":0.3694,"heat_anomaly_f_climrel":0.3694,"nighttime_stress_f_climrel":-0.1763,"extreme_pct_climrel":0.425,"ref_daytime_hi_mean":81.2,"ref_daytime_hi_p95":93.5,"rwi_mean":null,"health_per_10k":0.0,"built_frac":0.053,"tree_frac":0.704,"canopy_frac_over_3m":0.502,"viirs_mean":5.9,"gdl_hdi":0.96,"gdl_region":"Minnesota","ghsl_smod":21,"lst_anomaly_c":null,"lst_anomaly_c_climrel":null,"worldpop_pop_total":3566.0,"frac_under5":3.7,"frac_elderly_65plus":25.4,"frac_elderly_75plus":12.0,"old_age_dependency_ratio":0.444,"has_data":true},"geometry":{"type":"Polygon","coordinates":[[[-93.584254,44.891328],[-93.579489,44.891914],[-93.578011,44.8923],[-93.576653,44.892895],[-93.572362,44.89543],[-93.57104,44.897095],[-93.568177,44.898319],[-93.567548,44.896504],[-93.565485,44.895976],[-93.560762,44.896581],[-93.558947,44.895204],[-93.557998,44.896428],[-93.558252,44.898402],[-93.553609,44.898337],[-93.552448,44.899278],[-93.552954,44.901707],[-93.552782,44.901737],[-93.548504,44.902963],[-93.544808,44.905166],[-93.543585,44.90541],[-93.543381,44.909748],[-93.548462,44.913425],[-93.548912,44.918278],[-93.547541,44.919297],[-93.546616,44.920628],[-93.538345,44.92054],[-93.538352,44.916909],[-93.533288,44.916887],[-93.533324,44.909971],[-93.528428,44.910972],[-93.528424,44.909423],[-93.525431,44.910526],[-93.523327,44.911467],[-93.523125,44.911545],[-93.523126,44.911414],[-93.52327,44.897991],[-93.523355,44.891457],[-93.540156,44.891208],[-93.545524,44.89118],[-93.552128,44.891168],[-93.570612,44.891244],[-93.580692,44.891296],[-93.584254,44.891328]]]}},{"type":"Feature","properties":{"unit_id":"27053026509","name":"Census Tract 265.09 \u2014 Hennepin","native_id":"27053026509","source":"census_tract_2025","adm3_name":"Hennepin County","adm3_id":"27053","area_sqm":4383768,"split":false,"population":2818.0,"days_covered":24,"daytime_peak_f":87.3,"heat_anomaly_f":6.2,"extreme_pct":17.0,"nighttime_stress_f":-2.9,"daytime_peak_f_climrel":0.3752,"heat_anomaly_f_climrel":0.3752,"nighttime_stress_f_climrel":-0.1776,"extreme_pct_climrel":0.425,"ref_daytime_hi_mean":81.1,"ref_daytime_hi_p95":93.7,"rwi_mean":null,"health_per_10k":3.5486160397444997,"built_frac":0.181,"tree_frac":0.593,"canopy_frac_over_3m":0.33,"viirs_mean":12.5,"gdl_hdi":0.96,"gdl_region":"Minnesota","ghsl_smod":21,"lst_anomaly_c":null,"lst_anomaly_c_climrel":null,"worldpop_pop_total":4195.0,"frac_under5":4.8,"frac_elderly_65plus":19.2,"frac_elderly_75plus":5.3,"old_age_dependency_ratio":0.292,"has_data":true},"geometry":{"type":"Polygon","coordinates":[[[-93.452751,45.037659],[-93.452492,45.043713],[-93.45225,45.046836],[-93.444479,45.047096],[-93.441132,45.047206],[-93.436058,45.047337],[-93.435877,45.047342],[-93.433739,45.047489],[-93.426971,45.049633],[-93.420781,45.049764],[-93.420974,45.047315],[-93.42096,45.043597],[-93.421149,45.041265],[-93.420853,45.033138],[-93.429054,45.033436],[-93.434217,45.032467],[-93.438515,45.031368],[-93.444439,45.029115],[-93.444901,45.028961],[-93.450075,45.027914],[-93.452545,45.028486],[-93.452751,45.037659]]]}},{"type":"Feature","properties":{"unit_id":"27123033500","name":"Census Tract 335 \u2014 Ramsey","native_id":"27123033500","source":"census_tract_2025","adm3_name":"Ramsey County","adm3_id":"27123","area_sqm":979543,"split":false,"population":5967.0,"days_covered":24,"daytime_peak_f":87.0,"heat_anomaly_f":6.5,"extreme_pct":17.0,"nighttime_stress_f":-2.0,"daytime_peak_f_climrel":0.3832,"heat_anomaly_f_climrel":0.3832,"nighttime_stress_f_climrel":-0.1206,"extreme_pct_climrel":0.425,"ref_daytime_hi_mean":80.6,"ref_daytime_hi_p95":92.9,"rwi_mean":null,"health_per_10k":0.0,"built_frac":0.603,"tree_frac":0.349,"canopy_frac_over_3m":0.248,"viirs_mean":50.6,"gdl_hdi":0.96,"gdl_region":"Minnesota","ghsl_smod":30,"lst_anomaly_c":null,"lst_anomaly_c_climrel":null,"worldpop_pop_total":3656.0,"frac_under5":7.5,"frac_elderly_65plus":9.4,"frac_elderly_75plus":3.6,"old_age_dependency_ratio":0.14,"has_data":true},"geometry":{"type":"Polygon","coordinates":[[[-93.146632,44.951616],[-93.146631,44.952173],[-93.146624,44.955727],[-93.141553,44.955725],[-93.136481,44.955723],[-93.131416,44.955721],[-93.126351,44.955718],[-93.12633,44.952123],[-93.126325,44.951282],[-93.12632,44.950336],[-93.133214,44.950344],[-93.13901,44.950327],[-93.144092,44.950305],[-93.146637,44.949421],[-93.146632,44.951616]]]}},{"type":"Feature","properties":{"unit_id":"27053026514","name":"Census Tract 265.14 \u2014 Hennepin","native_id":"27053026514","source":"census_tract_2025","adm3_name":"Hennepin County","adm3_id":"27053","area_sqm":9136482,"split":false,"population":15150.0,"days_covered":24,"daytime_peak_f":87.0,"heat_anomaly_f":6.2,"extreme_pct":17.0,"nighttime_stress_f":-3.1,"daytime_peak_f_climrel":0.3719,"heat_anomaly_f_climrel":0.3719,"nighttime_stress_f_climrel":-0.1886,"extreme_pct_climrel":0.425,"ref_daytime_hi_mean":80.8,"ref_daytime_hi_p95":93.4,"rwi_mean":null,"health_per_10k":1.9801980198019804,"built_frac":0.595,"tree_frac":0.229,"canopy_frac_over_3m":0.184,"viirs_mean":37.5,"gdl_hdi":0.96,"gdl_region":"Minnesota","ghsl_smod":23,"lst_anomaly_c":null,"lst_anomaly_c_climrel":null,"worldpop_pop_total":5157.0,"frac_under5":5.7,"frac_elderly_65plus":15.6,"frac_elderly_75plus":6.8,"old_age_dependency_ratio":0.227,"has_data":true},"geometry":{"type":"Polygon","coordinates":[[[-93.48175,45.018768],[-93.48175,45.032204],[-93.479553,45.032131],[-93.474655,45.028996],[-93.47403,45.029118],[-93.471542,45.029156],[-93.466449,45.029222],[-93.461334,45.029118],[-93.454643,45.029057],[-93.452545,45.028486],[-93.454308,45.021786],[-93.456192,45.016734],[-93.453177,45.017281],[-93.448318,45.015785],[-93.44661,45.014367],[-93.444498,45.01201],[-93.445726,45.009864],[-93.445249,45.00746],[-93.443353,45.004265],[-93.441309,45.005017],[-93.440265,45.004697],[-93.439636,44.99696],[-93.438494,44.996012],[-93.439011,44.995945],[-93.451191,44.993151],[-93.451408,44.986034],[-93.454925,44.985983],[-93.459708,44.9836],[-93.459572,44.987013],[-93.458832,44.991332],[-93.458003,44.996663],[-93.461563,44.996689],[-93.461548,45.001465],[-93.468788,45.000854],[-93.472001,45.000973],[-93.471676,45.001742],[-93.471542,45.012211],[-93.474426,45.011368],[-93.481712,45.011302],[-93.48175,45.018559],[-93.48175,45.018768]]]}},{"type":"Feature","properties":{"unit_id":"27053026712","name":"Census Tract 267.12 \u2014 Hennepin","native_id":"27053026712","source":"census_tract_2025","adm3_name":"Hennepin County","adm3_id":"27053","area_sqm":2921708,"split":false,"population":3545.0,"days_covered":24,"daytime_peak_f":87.3,"heat_anomaly_f":6.2,"extreme_pct":17.0,"nighttime_stress_f":-3.0,"daytime_peak_f_climrel":0.3731,"heat_anomaly_f_climrel":0.3731,"nighttime_stress_f_climrel":-0.1862,"extreme_pct_climrel":0.425,"ref_daytime_hi_mean":81.1,"ref_daytime_hi_p95":93.9,"rwi_mean":null,"health_per_10k":0.0,"built_frac":0.224,"tree_frac":0.542,"canopy_frac_over_3m":0.329,"viirs_mean":26.7,"gdl_hdi":0.96,"gdl_region":"Minnesota","ghsl_smod":21,"lst_anomaly_c":null,"lst_anomaly_c_climrel":null,"worldpop_pop_total":3399.0,"frac_under5":5.3,"frac_elderly_65plus":19.1,"frac_elderly_75plus":7.9,"old_age_dependency_ratio":0.296,"has_data":true},"geometry":{"type":"Polygon","coordinates":[[[-93.447624,45.066902],[-93.445869,45.0723],[-93.446564,45.080734],[-93.446922,45.08493],[-93.44664,45.087463],[-93.445131,45.089852],[-93.441858,45.090524],[-93.438499,45.090382],[-93.431328,45.089518],[-93.431166,45.08007],[-93.431114,45.073608],[-93.431087,45.0729],[-93.430949,45.068594],[-93.431592,45.066696],[-93.431008,45.06563],[-93.432693,45.065631],[-93.439576,45.065642],[-93.441332,45.064701],[-93.446617,45.066387],[-93.448079,45.065677],[-93.447624,45.066902]]]}},{"type":"Feature","properties":{"unit_id":"27053110900","name":"Census Tract 1109 \u2014 Hennepin","native_id":"27053110900","source":"census_tract_2025","adm3_name":"Hennepin County","adm3_id":"27053","area_sqm":1135203,"split":false,"population":1402.0,"days_covered":24,"daytime_peak_f":87.8,"heat_anomaly_f":6.2,"extreme_pct":17.0,"nighttime_stress_f":-3.2,"daytime_peak_f_climrel":0.3756,"heat_anomaly_f_climrel":0.3756,"nighttime_stress_f_climrel":-0.1982,"extreme_pct_climrel":0.425,"ref_daytime_hi_mean":81.6,"ref_daytime_hi_p95":94.1,"rwi_mean":null,"health_per_10k":42.796005706134096,"built_frac":0.429,"tree_frac":0.552,"canopy_frac_over_3m":0.396,"viirs_mean":42.0,"gdl_hdi":0.96,"gdl_region":"Minnesota","ghsl_smod":30,"lst_anomaly_c":null,"lst_anomaly_c_climrel":null,"worldpop_pop_total":3728.0,"frac_under5":6.0,"frac_elderly_65plus":13.8,"frac_elderly_75plus":4.9,"old_age_dependency_ratio":0.199,"has_data":true},"geometry":{"type":"Polygon","coordinates":[[[-93.27454,44.919663],[-93.274517,44.923284],[-93.274568,44.926896],[-93.271719,44.92674],[-93.267555,44.926937],[-93.262512,44.926943],[-93.262558,44.923325],[-93.262611,44.919716],[-93.262623,44.917906],[-93.262642,44.916107],[-93.267738,44.916111],[-93.274629,44.916047],[-93.27454,44.919663]]]}},{"type":"Feature","properties":{"unit_id":"27053023000","name":"Census Tract 230 \u2014 Hennepin","native_id":"27053023000","source":"census_tract_2025","adm3_name":"Hennepin County","adm3_id":"27053","area_sqm":3475381,"split":false,"population":7572.0,"days_covered":24,"daytime_peak_f":87.9,"heat_anomaly_f":6.3,"extreme_pct":17.0,"nighttime_stress_f":-3.0,"daytime_peak_f_climrel":0.3805,"heat_anomaly_f_climrel":0.3805,"nighttime_stress_f_climrel":-0.1883,"extreme_pct_climrel":0.425,"ref_daytime_hi_mean":81.6,"ref_daytime_hi_p95":94.1,"rwi_mean":null,"health_per_10k":15.847860538827259,"built_frac":0.385,"tree_frac":0.403,"canopy_frac_over_3m":0.266,"viirs_mean":32.6,"gdl_hdi":0.96,"gdl_region":"Minnesota","ghsl_smod":30,"lst_anomaly_c":null,"lst_anomaly_c_climrel":null,"worldpop_pop_total":5100.0,"frac_under5":3.7,"frac_elderly_65plus":13.8,"frac_elderly_75plus":6.3,"old_age_dependency_ratio":0.181,"has_data":true},"geometry":{"type":"Polygon","coordinates":[[[-93.379437,44.93016],[-93.367652,44.934175],[-93.361615,44.936224],[-93.362692,44.938087],[-93.359278,44.938204],[-93.356429,44.939055],[-93.353689,44.940135],[-93.348058,44.943593],[-93.348207,44.940792],[-93.349991,44.936271],[-93.350164,44.935328],[-93.350086,44.930313],[-93.349536,44.925948],[-93.349597,44.92049],[-93.355538,44.92051],[-93.356875,44.920515],[-93.360659,44.920527],[-93.360696,44.920527],[-93.370636,44.920503],[-93.370636,44.920654],[-93.37068,44.927362],[-93.370683,44.927466],[-93.374604,44.92641],[-93.378181,44.926116],[-93.37915,44.926073],[-93.37915,44.927825],[-93.380346,44.929389],[-93.379437,44.93016]]]}},{"type":"Feature","properties":{"unit_id":"27123030703","name":"Census Tract 307.03 \u2014 Ramsey","native_id":"27123030703","source":"census_tract_2025","adm3_name":"Ramsey County","adm3_id":"27123","area_sqm":1283755,"split":false,"population":2578.0,"days_covered":24,"daytime_peak_f":86.8,"heat_anomaly_f":6.5,"extreme_pct":17.0,"nighttime_stress_f":-2.3,"daytime_peak_f_climrel":0.392,"heat_anomaly_f_climrel":0.392,"nighttime_stress_f_climrel":-0.1343,"extreme_pct_climrel":0.425,"ref_daytime_hi_mean":80.3,"ref_daytime_hi_p95":92.8,"rwi_mean":null,"health_per_10k":3.878975950349108,"built_frac":0.365,"tree_frac":0.566,"canopy_frac_over_3m":0.36,"viirs_mean":18.1,"gdl_hdi":0.96,"gdl_region":"Minnesota","ghsl_smod":30,"lst_anomaly_c":null,"lst_anomaly_c_climrel":null,"worldpop_pop_total":5420.0,"frac_under5":7.5,"frac_elderly_65plus":9.7,"frac_elderly_75plus":3.9,"old_age_dependency_ratio":0.145,"has_data":true},"geometry":{"type":"Polygon","coordinates":[[[-93.045699,44.992016],[-93.033767,44.991977],[-93.025222,44.991949],[-93.025226,44.988333],[-93.025231,44.984718],[-93.035453,44.984755],[-93.04567,44.984794],[-93.045699,44.992016]]]}},{"type":"Feature","properties":{"unit_id":"27053026713","name":"Census Tract 267.13 \u2014 Hennepin","native_id":"27053026713","source":"census_tract_2025","adm3_name":"Hennepin County","adm3_id":"27053","area_sqm":4150732,"split":false,"population":4994.0,"days_covered":24,"daytime_peak_f":87.3,"heat_anomaly_f":6.2,"extreme_pct":17.0,"nighttime_stress_f":-3.0,"daytime_peak_f_climrel":0.3731,"heat_anomaly_f_climrel":0.3731,"nighttime_stress_f_climrel":-0.1862,"extreme_pct_climrel":0.425,"ref_daytime_hi_mean":81.1,"ref_daytime_hi_p95":93.9,"rwi_mean":null,"health_per_10k":0.0,"built_frac":0.124,"tree_frac":0.481,"canopy_frac_over_3m":0.291,"viirs_mean":17.9,"gdl_hdi":0.96,"gdl_region":"Minnesota","ghsl_smod":21,"lst_anomaly_c":null,"lst_anomaly_c_climrel":null,"worldpop_pop_total":4399.0,"frac_under5":5.2,"frac_elderly_65plus":18.4,"frac_elderly_75plus":5.7,"old_age_dependency_ratio":0.275,"has_data":true},"geometry":{"type":"Polygon","coordinates":[[[-93.431592,45.066696],[-93.430949,45.068594],[-93.431087,45.0729],[-93.431114,45.073608],[-93.431166,45.08007],[-93.431328,45.089518],[-93.421165,45.087914],[-93.408586,45.084973],[-93.402035,45.082903],[-93.401811,45.078594],[-93.401331,45.072978],[-93.400695,45.065736],[-93.415037,45.065641],[-93.431008,45.06563],[-93.431592,45.066696]]]}},{"type":"Feature","properties":{"unit_id":"27123040200","name":"Census Tract 402 \u2014 Ramsey","native_id":"27123040200","source":"census_tract_2025","adm3_name":"Ramsey County","adm3_id":"27123","area_sqm":2298795,"split":false,"population":2036.0,"days_covered":24,"daytime_peak_f":86.4,"heat_anomaly_f":6.4,"extreme_pct":17.0,"nighttime_stress_f":-2.5,"daytime_peak_f_climrel":0.3794,"heat_anomaly_f_climrel":0.3794,"nighttime_stress_f_climrel":-0.1514,"extreme_pct_climrel":0.425,"ref_daytime_hi_mean":80.1,"ref_daytime_hi_p95":92.4,"rwi_mean":null,"health_per_10k":14.734774066797643,"built_frac":0.06,"tree_frac":0.238,"canopy_frac_over_3m":0.154,"viirs_mean":8.9,"gdl_hdi":0.96,"gdl_region":"Minnesota","ghsl_smod":21,"lst_anomaly_c":null,"lst_anomaly_c_climrel":null,"worldpop_pop_total":2056.0,"frac_under5":2.8,"frac_elderly_65plus":34.8,"frac_elderly_75plus":16.7,"old_age_dependency_ratio":0.623,"has_data":true},"geometry":{"type":"Polygon","coordinates":[[[-93.015726,45.079179],[-93.009814,45.085319],[-93.007591,45.089427],[-93.005741,45.094713],[-93.003008,45.099621],[-92.996301,45.101602],[-92.994832,45.101898],[-92.984537,45.103049],[-92.984523,45.097199],[-92.984517,45.096734],[-92.984517,45.096655],[-92.984712,45.075372],[-92.984822,45.065885],[-92.98943,45.069943],[-92.992159,45.070016],[-92.99632,45.071213],[-92.997123,45.071074],[-92.999862,45.070737],[-93.002472,45.068908],[-93.005258,45.070239],[-93.008796,45.070445],[-93.011486,45.074146],[-93.015524,45.074118],[-93.018352,45.075592],[-93.015726,45.079179]]]}},{"type":"Feature","properties":{"unit_id":"27053026707","name":"Census Tract 267.07 \u2014 Hennepin","native_id":"27053026707","source":"census_tract_2025","adm3_name":"Hennepin County","adm3_id":"27053","area_sqm":11465680,"split":false,"population":6795.0,"days_covered":24,"daytime_peak_f":87.3,"heat_anomaly_f":6.2,"extreme_pct":17.0,"nighttime_stress_f":-3.0,"daytime_peak_f_climrel":0.3731,"heat_anomaly_f_climrel":0.3731,"nighttime_stress_f_climrel":-0.1862,"extreme_pct_climrel":0.425,"ref_daytime_hi_mean":81.1,"ref_daytime_hi_p95":93.9,"rwi_mean":null,"health_per_10k":0.0,"built_frac":0.144,"tree_frac":0.557,"canopy_frac_over_3m":0.374,"viirs_mean":12.0,"gdl_hdi":0.96,"gdl_region":"Minnesota","ghsl_smod":30,"lst_anomaly_c":null,"lst_anomaly_c_climrel":null,"worldpop_pop_total":5518.0,"frac_under5":6.0,"frac_elderly_65plus":15.9,"frac_elderly_75plus":4.3,"old_age_dependency_ratio":0.237,"has_data":true},"geometry":{"type":"Polygon","coordinates":[[[-93.492705,45.152558],[-93.487007,45.152471],[-93.471966,45.152331],[-93.427797,45.152259],[-93.424365,45.152251],[-93.42164,45.152243],[-93.422142,45.137749],[-93.412033,45.13773],[-93.407417,45.137722],[-93.401903,45.137711],[-93.401993,45.13047],[-93.402069,45.12323],[-93.407191,45.12335],[-93.409593,45.121932],[-93.40956,45.123404],[-93.413614,45.12347],[-93.413575,45.120087],[-93.421999,45.122145],[-93.426763,45.123528],[-93.427531,45.123879],[-93.442814,45.131109],[-93.462135,45.14019],[-93.467814,45.14291],[-93.490974,45.151695],[-93.492705,45.152558]]]}},{"type":"Feature","properties":{"unit_id":"27123042101","name":"Census Tract 421.01 \u2014 Ramsey","native_id":"27123042101","source":"census_tract_2025","adm3_name":"Ramsey County","adm3_id":"27123","area_sqm":4982924,"split":false,"population":8136.0,"days_covered":24,"daytime_peak_f":87.0,"heat_anomaly_f":6.5,"extreme_pct":17.0,"nighttime_stress_f":-2.0,"daytime_peak_f_climrel":0.3832,"heat_anomaly_f_climrel":0.3832,"nighttime_stress_f_climrel":-0.1206,"extreme_pct_climrel":0.425,"ref_daytime_hi_mean":80.6,"ref_daytime_hi_p95":92.9,"rwi_mean":null,"health_per_10k":2.458210422812193,"built_frac":0.386,"tree_frac":0.416,"canopy_frac_over_3m":0.281,"viirs_mean":26.1,"gdl_hdi":0.96,"gdl_region":"Minnesota","ghsl_smod":30,"lst_anomaly_c":null,"lst_anomaly_c_climrel":null,"worldpop_pop_total":6676.0,"frac_under5":4.7,"frac_elderly_65plus":22.2,"frac_elderly_75plus":10.8,"old_age_dependency_ratio":0.346,"has_data":true},"geometry":{"type":"Polygon","coordinates":[[[-93.106285,45.043105],[-93.086816,45.043148],[-93.08684,45.035927],[-93.085285,45.035496],[-93.088282,45.034382],[-93.090057,45.03209],[-93.089852,45.022905],[-93.089897,45.017087],[-93.089811,45.010726],[-93.08975,45.006253],[-93.105881,45.006293],[-93.105873,45.007699],[-93.105994,45.013511],[-93.106094,45.020746],[-93.106173,45.031582],[-93.106214,45.035871],[-93.106275,45.042616],[-93.106284,45.04307],[-93.106285,45.043105]]]}},{"type":"Feature","properties":{"unit_id":"27053122500","name":"Census Tract 1225 \u2014 Hennepin","native_id":"27053122500","source":"census_tract_2025","adm3_name":"Hennepin County","adm3_id":"27053","area_sqm":1863743,"split":false,"population":5116.0,"days_covered":24,"daytime_peak_f":87.9,"heat_anomaly_f":6.3,"extreme_pct":17.0,"nighttime_stress_f":-3.0,"daytime_peak_f_climrel":0.3805,"heat_anomaly_f_climrel":0.3805,"nighttime_stress_f_climrel":-0.1883,"extreme_pct_climrel":0.425,"ref_daytime_hi_mean":81.6,"ref_daytime_hi_p95":94.1,"rwi_mean":null,"health_per_10k":7.818608287724785,"built_frac":0.314,"tree_frac":0.54,"canopy_frac_over_3m":0.362,"viirs_mean":32.2,"gdl_hdi":0.96,"gdl_region":"Minnesota","ghsl_smod":30,"lst_anomaly_c":null,"lst_anomaly_c_climrel":null,"worldpop_pop_total":3878.0,"frac_under5":5.9,"frac_elderly_65plus":11.3,"frac_elderly_75plus":4.9,"old_age_dependency_ratio":0.154,"has_data":true},"geometry":{"type":"Polygon","coordinates":[[[-93.380821,44.932907],[-93.380829,44.935024],[-93.380839,44.93624],[-93.38089,44.942146],[-93.38089,44.945824],[-93.380898,44.949429],[-93.377106,44.949463],[-93.373329,44.949501],[-93.370804,44.949524],[-93.370768,44.945197],[-93.370998,44.943197],[-93.369494,44.937816],[-93.365352,44.938286],[-93.362692,44.938087],[-93.361615,44.936224],[-93.367652,44.934175],[-93.379437,44.93016],[-93.380806,44.929695],[-93.380924,44.932041],[-93.380821,44.932907]]]}},{"type":"Feature","properties":{"unit_id":"27053108000","name":"Census Tract 1080 \u2014 Hennepin","native_id":"27053108000","source":"census_tract_2025","adm3_name":"Hennepin County","adm3_id":"27053","area_sqm":683827,"split":false,"population":1426.0,"days_covered":24,"daytime_peak_f":87.8,"heat_anomaly_f":6.2,"extreme_pct":17.0,"nighttime_stress_f":-3.2,"daytime_peak_f_climrel":0.3756,"heat_anomaly_f_climrel":0.3756,"nighttime_stress_f_climrel":-0.1982,"extreme_pct_climrel":0.425,"ref_daytime_hi_mean":81.6,"ref_daytime_hi_p95":94.1,"rwi_mean":null,"health_per_10k":7.012622720897616,"built_frac":0.49,"tree_frac":0.504,"canopy_frac_over_3m":0.435,"viirs_mean":38.5,"gdl_hdi":0.96,"gdl_region":"Minnesota","ghsl_smod":30,"lst_anomaly_c":null,"lst_anomaly_c_climrel":null,"worldpop_pop_total":3943.0,"frac_under5":2.2,"frac_elderly_65plus":10.9,"frac_elderly_75plus":3.4,"old_age_dependency_ratio":0.131,"has_data":true},"geometry":{"type":"Polygon","coordinates":[[[-93.305481,44.94849],[-93.305502,44.949177],[-93.305019,44.950481],[-93.298266,44.950321],[-93.298279,44.949257],[-93.298279,44.948364],[-93.298317,44.944691],[-93.298355,44.941326],[-93.298378,44.939514],[-93.298393,44.937706],[-93.304012,44.937717],[-93.303612,44.941341],[-93.303635,44.943317],[-93.304443,44.94474],[-93.305866,44.948045],[-93.305481,44.94849]]]}},{"type":"Feature","properties":{"unit_id":"27123034601","name":"Census Tract 346.01 \u2014 Ramsey","native_id":"27123034601","source":"census_tract_2025","adm3_name":"Ramsey County","adm3_id":"27123","area_sqm":1990422,"split":false,"population":3937.0,"days_covered":24,"daytime_peak_f":86.8,"heat_anomaly_f":6.5,"extreme_pct":17.0,"nighttime_stress_f":-2.3,"daytime_peak_f_climrel":0.392,"heat_anomaly_f_climrel":0.392,"nighttime_stress_f_climrel":-0.1343,"extreme_pct_climrel":0.425,"ref_daytime_hi_mean":80.3,"ref_daytime_hi_p95":92.8,"rwi_mean":null,"health_per_10k":0.0,"built_frac":0.243,"tree_frac":0.679,"canopy_frac_over_3m":0.471,"viirs_mean":25.6,"gdl_hdi":0.96,"gdl_region":"Minnesota","ghsl_smod":30,"lst_anomaly_c":null,"lst_anomaly_c_climrel":null,"worldpop_pop_total":6549.0,"frac_under5":7.8,"frac_elderly_65plus":13.7,"frac_elderly_75plus":6.7,"old_age_dependency_ratio":0.216,"has_data":true},"geometry":{"type":"Polygon","coordinates":[[[-93.060548,44.946943],[-93.059628,44.947688],[-93.055759,44.947299],[-93.055725,44.951885],[-93.055786,44.956754],[-93.055847,44.961242],[-93.053303,44.961261],[-93.053329,44.963054],[-93.045939,44.963107],[-93.045956,44.956778],[-93.045594,44.956779],[-93.045582,44.95409],[-93.041561,44.953997],[-93.041125,44.952781],[-93.040551,44.951691],[-93.040535,44.94875],[-93.040844,44.947722],[-93.040605,44.947136],[-93.050995,44.944507],[-93.052931,44.943822],[-93.057717,44.944917],[-93.061485,44.945923],[-93.060548,44.946943]]]}},{"type":"Feature","properties":{"unit_id":"27053110100","name":"Census Tract 1101 \u2014 Hennepin","native_id":"27053110100","source":"census_tract_2025","adm3_name":"Hennepin County","adm3_id":"27053","area_sqm":859695,"split":false,"population":2290.0,"days_covered":24,"daytime_peak_f":87.7,"heat_anomaly_f":6.1,"extreme_pct":17.0,"nighttime_stress_f":-3.0,"daytime_peak_f_climrel":0.3591,"heat_anomaly_f_climrel":0.3591,"nighttime_stress_f_climrel":-0.1852,"extreme_pct_climrel":0.425,"ref_daytime_hi_mean":81.5,"ref_daytime_hi_p95":94.0,"rwi_mean":null,"health_per_10k":0.0,"built_frac":0.464,"tree_frac":0.478,"canopy_frac_over_3m":0.396,"viirs_mean":26.2,"gdl_hdi":0.96,"gdl_region":"Minnesota","ghsl_smod":30,"lst_anomaly_c":null,"lst_anomaly_c_climrel":null,"worldpop_pop_total":3065.0,"frac_under5":5.1,"frac_elderly_65plus":11.3,"frac_elderly_75plus":3.8,"old_age_dependency_ratio":0.153,"has_data":true},"geometry":{"type":"Polygon","coordinates":[[[-93.254936,44.930531],[-93.254929,44.934139],[-93.247345,44.934116],[-93.242264,44.934116],[-93.242256,44.930511],[-93.242249,44.925114],[-93.246056,44.925129],[-93.246063,44.926931],[-93.247322,44.926941],[-93.25238,44.926937],[-93.254929,44.926935],[-93.254936,44.930531]]]}},{"type":"Feature","properties":{"unit_id":"27053023300","name":"Census Tract 233 \u2014 Hennepin","native_id":"27053023300","source":"census_tract_2025","adm3_name":"Hennepin County","adm3_id":"27053","area_sqm":3018155,"split":false,"population":8956.0,"days_covered":24,"daytime_peak_f":87.9,"heat_anomaly_f":6.3,"extreme_pct":17.0,"nighttime_stress_f":-3.0,"daytime_peak_f_climrel":0.3805,"heat_anomaly_f_climrel":0.3805,"nighttime_stress_f_climrel":-0.1883,"extreme_pct_climrel":0.425,"ref_daytime_hi_mean":81.6,"ref_daytime_hi_p95":94.1,"rwi_mean":null,"health_per_10k":4.466279589102277,"built_frac":0.524,"tree_frac":0.376,"canopy_frac_over_3m":0.274,"viirs_mean":52.0,"gdl_hdi":0.96,"gdl_region":"Minnesota","ghsl_smod":30,"lst_anomaly_c":null,"lst_anomaly_c_climrel":null,"worldpop_pop_total":7302.0,"frac_under5":4.6,"frac_elderly_65plus":16.0,"frac_elderly_75plus":6.3,"old_age_dependency_ratio":0.228,"has_data":true},"geometry":{"type":"Polygon","coordinates":[[[-93.42884,44.929751],[-93.4271,44.929735],[-93.427031,44.931161],[-93.426281,44.931543],[-93.422637,44.931573],[-93.424302,44.932419],[-93.421084,44.932792],[-93.414743,44.932809],[-93.414746,44.932641],[-93.414055,44.932541],[-93.405823,44.929985],[-93.399284,44.927875],[-93.401254,44.92481],[-93.40152,44.922649],[-93.404099,44.921791],[-93.414264,44.9167],[-93.422304,44.912455],[-93.422126,44.917527],[-93.42303,44.917309],[-93.422791,44.920781],[-93.422789,44.920923],[-93.427036,44.920879],[-93.427872,44.924436],[-93.426637,44.926129],[-93.428647,44.927966],[-93.428856,44.929633],[-93.42884,44.929751]]]}},{"type":"Feature","properties":{"unit_id":"27053024700","name":"Census Tract 247 \u2014 Hennepin","native_id":"27053024700","source":"census_tract_2025","adm3_name":"Hennepin County","adm3_id":"27053","area_sqm":2007358,"split":false,"population":3277.0,"days_covered":24,"daytime_peak_f":87.8,"heat_anomaly_f":6.2,"extreme_pct":17.0,"nighttime_stress_f":-3.2,"daytime_peak_f_climrel":0.3756,"heat_anomaly_f_climrel":0.3756,"nighttime_stress_f_climrel":-0.1982,"extreme_pct_climrel":0.425,"ref_daytime_hi_mean":81.6,"ref_daytime_hi_p95":94.1,"rwi_mean":null,"health_per_10k":0.0,"built_frac":0.232,"tree_frac":0.632,"canopy_frac_over_3m":0.378,"viirs_mean":27.5,"gdl_hdi":0.96,"gdl_region":"Minnesota","ghsl_smod":30,"lst_anomaly_c":null,"lst_anomaly_c_climrel":null,"worldpop_pop_total":3660.0,"frac_under5":5.4,"frac_elderly_65plus":16.2,"frac_elderly_75plus":6.0,"old_age_dependency_ratio":0.241,"has_data":true},"geometry":{"type":"Polygon","coordinates":[[[-93.27442,44.890569],[-93.264834,44.890637],[-93.261689,44.890518],[-93.258802,44.890449],[-93.257167,44.890715],[-93.258018,44.890381],[-93.25798,44.883495],[-93.25795,44.876312],[-93.262978,44.876308],[-93.267975,44.876305],[-93.274345,44.876308],[-93.274196,44.878201],[-93.274315,44.879883],[-93.274307,44.883465],[-93.27442,44.890569]]]}},{"type":"Feature","properties":{"unit_id":"27053105600","name":"Census Tract 1056 \u2014 Hennepin","native_id":"27053105600","source":"census_tract_2025","adm3_name":"Hennepin County","adm3_id":"27053","area_sqm":482386,"split":false,"population":4282.854145295933,"days_covered":24,"daytime_peak_f":87.5,"heat_anomaly_f":6.4,"extreme_pct":17.0,"nighttime_stress_f":-2.8,"daytime_peak_f_climrel":0.3865,"heat_anomaly_f_climrel":0.3865,"nighttime_stress_f_climrel":-0.1712,"extreme_pct_climrel":0.425,"ref_daytime_hi_mean":81.2,"ref_daytime_hi_p95":93.7,"rwi_mean":null,"health_per_10k":0.0,"built_frac":0.774,"tree_frac":0.218,"canopy_frac_over_3m":0.249,"viirs_mean":75.8,"gdl_hdi":0.96,"gdl_region":"Minnesota","ghsl_smod":30,"lst_anomaly_c":null,"lst_anomaly_c_climrel":null,"worldpop_pop_total":5801.0,"frac_under5":3.4,"frac_elderly_65plus":9.1,"frac_elderly_75plus":3.2,"old_age_dependency_ratio":0.108,"has_data":true},"geometry":{"type":"Polygon","coordinates":[[[-93.28811,44.968087],[-93.288095,44.968903],[-93.286186,44.968555],[-93.285095,44.968109],[-93.281845,44.967731],[-93.28083,44.967725],[-93.27933,44.967717],[-93.277817,44.967709],[-93.277817,44.966394],[-93.277817,44.962696],[-93.282982,44.962704],[-93.288002,44.9627],[-93.28796,44.962798],[-93.287964,44.965491],[-93.288147,44.96576],[-93.28811,44.968087]]]}},{"type":"Feature","properties":{"unit_id":"27123037000","name":"Census Tract 370 \u2014 Ramsey","native_id":"27123037000","source":"census_tract_2025","adm3_name":"Ramsey County","adm3_id":"27123","area_sqm":1581670,"split":false,"population":1582.0,"days_covered":24,"daytime_peak_f":87.2,"heat_anomaly_f":6.2,"extreme_pct":17.0,"nighttime_stress_f":-2.9,"daytime_peak_f_climrel":0.3669,"heat_anomaly_f_climrel":0.3669,"nighttime_stress_f_climrel":-0.1738,"extreme_pct_climrel":0.425,"ref_daytime_hi_mean":81.0,"ref_daytime_hi_p95":93.5,"rwi_mean":null,"health_per_10k":0.0,"built_frac":0.095,"tree_frac":0.694,"canopy_frac_over_3m":0.487,"viirs_mean":17.3,"gdl_hdi":0.96,"gdl_region":"Minnesota","ghsl_smod":30,"lst_anomaly_c":null,"lst_anomaly_c_climrel":null,"worldpop_pop_total":3014.0,"frac_under5":5.8,"frac_elderly_65plus":12.9,"frac_elderly_75plus":4.6,"old_age_dependency_ratio":0.185,"has_data":true},"geometry":{"type":"Polygon","coordinates":[[[-93.128499,44.919689],[-93.122379,44.922521],[-93.117488,44.923872],[-93.111224,44.926051],[-93.104254,44.933076],[-93.102434,44.931573],[-93.102031,44.930685],[-93.097694,44.932635],[-93.097753,44.931295],[-93.097736,44.929562],[-93.097683,44.925622],[-93.097658,44.923644],[-93.096041,44.923287],[-93.096024,44.919679],[-93.101812,44.91972],[-93.105835,44.919748],[-93.111282,44.919732],[-93.128629,44.919648],[-93.128499,44.919689]]]}},{"type":"Feature","properties":{"unit_id":"27053026027","name":"Census Tract 260.27 \u2014 Hennepin","native_id":"27053026027","source":"census_tract_2025","adm3_name":"Hennepin County","adm3_id":"27053","area_sqm":4867816,"split":false,"population":1900.0,"days_covered":24,"daytime_peak_f":88.0,"heat_anomaly_f":6.3,"extreme_pct":8.0,"nighttime_stress_f":-3.0,"daytime_peak_f_climrel":0.3788,"heat_anomaly_f_climrel":0.3788,"nighttime_stress_f_climrel":-0.1821,"extreme_pct_climrel":0.2,"ref_daytime_hi_mean":81.7,"ref_daytime_hi_p95":94.4,"rwi_mean":null,"health_per_10k":0.0,"built_frac":0.093,"tree_frac":0.797,"canopy_frac_over_3m":0.53,"viirs_mean":8.1,"gdl_hdi":0.96,"gdl_region":"Minnesota","ghsl_smod":21,"lst_anomaly_c":null,"lst_anomaly_c_climrel":null,"worldpop_pop_total":4477.0,"frac_under5":5.1,"frac_elderly_65plus":20.6,"frac_elderly_75plus":7.7,"old_age_dependency_ratio":0.327,"has_data":true},"geometry":{"type":"Polygon","coordinates":[[[-93.429403,44.815082],[-93.42775,44.817608],[-93.429085,44.819817],[-93.429169,44.829812],[-93.427416,44.829573],[-93.422277,44.827436],[-93.418061,44.827037],[-93.416253,44.826469],[-93.408847,44.822737],[-93.405445,44.82049],[-93.39841,44.818921],[-93.398395,44.80826],[-93.398532,44.800592],[-93.398591,44.798268],[-93.398782,44.798424],[-93.399073,44.798729],[-93.403635,44.803483],[-93.405802,44.804681],[-93.413586,44.807591],[-93.418006,44.806912],[-93.420501,44.806936],[-93.429553,44.809533],[-93.429403,44.815082]]]}},{"type":"Feature","properties":{"unit_id":"27053026708","name":"Census Tract 267.08 \u2014 Hennepin","native_id":"27053026708","source":"census_tract_2025","adm3_name":"Hennepin County","adm3_id":"27053","area_sqm":10424237,"split":false,"population":5106.0,"days_covered":24,"daytime_peak_f":87.0,"heat_anomaly_f":6.2,"extreme_pct":17.0,"nighttime_stress_f":-3.2,"daytime_peak_f_climrel":0.3696,"heat_anomaly_f_climrel":0.3696,"nighttime_stress_f_climrel":-0.1996,"extreme_pct_climrel":0.425,"ref_daytime_hi_mean":80.8,"ref_daytime_hi_p95":93.8,"rwi_mean":null,"health_per_10k":5.875440658049354,"built_frac":0.178,"tree_frac":0.371,"canopy_frac_over_3m":0.183,"viirs_mean":17.6,"gdl_hdi":0.96,"gdl_region":"Minnesota","ghsl_smod":21,"lst_anomaly_c":null,"lst_anomaly_c_climrel":null,"worldpop_pop_total":5627.0,"frac_under5":5.3,"frac_elderly_65plus":19.2,"frac_elderly_75plus":6.3,"old_age_dependency_ratio":0.298,"has_data":true},"geometry":{"type":"Polygon","coordinates":[[[-93.505093,45.152726],[-93.492705,45.152558],[-93.490974,45.151695],[-93.467814,45.14291],[-93.462135,45.14019],[-93.442814,45.131109],[-93.427531,45.123879],[-93.428427,45.123567],[-93.441849,45.123531],[-93.447656,45.123512],[-93.455391,45.123486],[-93.45694,45.123528],[-93.456459,45.112274],[-93.456123,45.109425],[-93.45681,45.107357],[-93.456642,45.1068],[-93.457658,45.10492],[-93.46024,45.104537],[-93.462425,45.106026],[-93.466795,45.108044],[-93.467796,45.108612],[-93.477386,45.115529],[-93.479759,45.117558],[-93.484097,45.124705],[-93.485922,45.127676],[-93.494766,45.138191],[-93.497917,45.142498],[-93.500488,45.147903],[-93.501816,45.149757],[-93.505642,45.15273],[-93.505093,45.152726]]]}},{"type":"Feature","properties":{"unit_id":"27123033000","name":"Census Tract 330 \u2014 Ramsey","native_id":"27123033000","source":"census_tract_2025","adm3_name":"Ramsey County","adm3_id":"27123","area_sqm":1604815,"split":false,"population":6141.0,"days_covered":24,"daytime_peak_f":87.0,"heat_anomaly_f":6.5,"extreme_pct":17.0,"nighttime_stress_f":-2.0,"daytime_peak_f_climrel":0.3832,"heat_anomaly_f_climrel":0.3832,"nighttime_stress_f_climrel":-0.1206,"extreme_pct_climrel":0.425,"ref_daytime_hi_mean":80.6,"ref_daytime_hi_p95":92.9,"rwi_mean":null,"health_per_10k":1.6283992835043153,"built_frac":0.681,"tree_frac":0.245,"canopy_frac_over_3m":0.167,"viirs_mean":65.9,"gdl_hdi":0.96,"gdl_region":"Minnesota","ghsl_smod":30,"lst_anomaly_c":null,"lst_anomaly_c_climrel":null,"worldpop_pop_total":2192.0,"frac_under5":5.9,"frac_elderly_65plus":8.2,"frac_elderly_75plus":2.4,"old_age_dependency_ratio":0.113,"has_data":true},"geometry":{"type":"Polygon","coordinates":[[[-93.091459,44.955715],[-93.091039,44.957867],[-93.090456,44.963535],[-93.089302,44.966737],[-93.088909,44.96815],[-93.088853,44.970027],[-93.087628,44.970158],[-93.083702,44.970123],[-93.083838,44.9661],[-93.084273,44.965694],[-93.083442,44.964837],[-93.083773,44.962924],[-93.079754,44.962954],[-93.076089,44.962981],[-93.072027,44.963012],[-93.072929,44.961858],[-93.077036,44.9602],[-93.077292,44.956429],[-93.075846,44.957078],[-93.074439,44.956065],[-93.077552,44.955247],[-93.078252,44.954835],[-93.081008,44.953575],[-93.082822,44.95295],[-93.085417,44.952369],[-93.0864,44.952376],[-93.087928,44.952841],[-93.091201,44.95456],[-93.091459,44.955715]]]}},{"type":"Feature","properties":{"unit_id":"27123031801","name":"Census Tract 318.01 \u2014 Ramsey","native_id":"27123031801","source":"census_tract_2025","adm3_name":"Ramsey County","adm3_id":"27123","area_sqm":1424719,"split":false,"population":1833.0,"days_covered":24,"daytime_peak_f":86.8,"heat_anomaly_f":6.5,"extreme_pct":17.0,"nighttime_stress_f":-2.3,"daytime_peak_f_climrel":0.392,"heat_anomaly_f_climrel":0.392,"nighttime_stress_f_climrel":-0.1343,"extreme_pct_climrel":0.425,"ref_daytime_hi_mean":80.3,"ref_daytime_hi_p95":92.8,"rwi_mean":null,"health_per_10k":0.0,"built_frac":0.295,"tree_frac":0.624,"canopy_frac_over_3m":0.373,"viirs_mean":24.3,"gdl_hdi":0.96,"gdl_region":"Minnesota","ghsl_smod":30,"lst_anomaly_c":null,"lst_anomaly_c_climrel":null,"worldpop_pop_total":6027.0,"frac_under5":7.6,"frac_elderly_65plus":7.0,"frac_elderly_75plus":2.2,"old_age_dependency_ratio":0.101,"has_data":true},"geometry":{"type":"Polygon","coordinates":[[[-93.035495,44.966711],[-93.035487,44.96875],[-93.027842,44.968749],[-93.027829,44.970297],[-93.02782,44.972243],[-93.030378,44.974842],[-93.030376,44.977515],[-93.025303,44.977511],[-93.020231,44.977502],[-93.020181,44.975974],[-93.020231,44.975465],[-93.020237,44.967729],[-93.020253,44.963074],[-93.025319,44.963083],[-93.030415,44.963098],[-93.03551,44.963114],[-93.035495,44.966711]]]}},{"type":"Feature","properties":{"unit_id":"27123041301","name":"Census Tract 413.01 \u2014 Ramsey","native_id":"27123041301","source":"census_tract_2025","adm3_name":"Ramsey County","adm3_id":"27123","area_sqm":3810129,"split":false,"population":3010.0,"days_covered":24,"daytime_peak_f":87.6,"heat_anomaly_f":6.1,"extreme_pct":17.0,"nighttime_stress_f":-2.8,"daytime_peak_f_climrel":0.362,"heat_anomaly_f_climrel":0.362,"nighttime_stress_f_climrel":-0.1712,"extreme_pct_climrel":0.425,"ref_daytime_hi_mean":81.5,"ref_daytime_hi_p95":94.1,"rwi_mean":null,"health_per_10k":0.0,"built_frac":0.268,"tree_frac":0.516,"canopy_frac_over_3m":0.365,"viirs_mean":30.0,"gdl_hdi":0.96,"gdl_region":"Minnesota","ghsl_smod":30,"lst_anomaly_c":null,"lst_anomaly_c_climrel":null,"worldpop_pop_total":4273.0,"frac_under5":4.7,"frac_elderly_65plus":24.4,"frac_elderly_75plus":11.6,"old_age_dependency_ratio":0.397,"has_data":true},"geometry":{"type":"Polygon","coordinates":[[[-93.207636,45.006205],[-93.20604,45.006923],[-93.204594,45.007836],[-93.201958,45.009643],[-93.200702,45.010099],[-93.198834,45.010378],[-93.186625,45.010288],[-93.176376,45.010338],[-93.166619,45.01036],[-93.166362,45.010361],[-93.166493,44.998974],[-93.176964,44.998947],[-93.187121,44.998924],[-93.197368,44.998919],[-93.199881,44.998921],[-93.199885,45.000692],[-93.207602,45.000643],[-93.207638,45.005977],[-93.207636,45.006205]]]}},{"type":"Feature","properties":{"unit_id":"27053026006","name":"Census Tract 260.06 \u2014 Hennepin","native_id":"27053026006","source":"census_tract_2025","adm3_name":"Hennepin County","adm3_id":"27053","area_sqm":3256346,"split":false,"population":4754.0,"days_covered":24,"daytime_peak_f":87.4,"heat_anomaly_f":6.2,"extreme_pct":17.0,"nighttime_stress_f":-2.9,"daytime_peak_f_climrel":0.3694,"heat_anomaly_f_climrel":0.3694,"nighttime_stress_f_climrel":-0.1763,"extreme_pct_climrel":0.425,"ref_daytime_hi_mean":81.2,"ref_daytime_hi_p95":93.5,"rwi_mean":null,"health_per_10k":2.103491796381994,"built_frac":0.243,"tree_frac":0.552,"canopy_frac_over_3m":0.401,"viirs_mean":16.6,"gdl_hdi":0.96,"gdl_region":"Minnesota","ghsl_smod":21,"lst_anomaly_c":null,"lst_anomaly_c_climrel":null,"worldpop_pop_total":3413.0,"frac_under5":4.9,"frac_elderly_65plus":16.2,"frac_elderly_75plus":5.7,"old_age_dependency_ratio":0.24,"has_data":true},"geometry":{"type":"Polygon","coordinates":[[[-93.473614,44.863051],[-93.470032,44.865814],[-93.466976,44.869311],[-93.466064,44.870979],[-93.462845,44.880104],[-93.45985,44.884908],[-93.459359,44.885585],[-93.454857,44.891792],[-93.454158,44.891806],[-93.448723,44.891749],[-93.446933,44.891747],[-93.44693,44.891701],[-93.446924,44.891491],[-93.446838,44.889072],[-93.447968,44.886814],[-93.447606,44.882648],[-93.449785,44.880144],[-93.449913,44.87394],[-93.450276,44.872868],[-93.453803,44.869944],[-93.455383,44.868943],[-93.458536,44.866373],[-93.459586,44.862088],[-93.466827,44.861988],[-93.471309,44.862335],[-93.474547,44.861784],[-93.473614,44.863051]]]}},{"type":"Feature","properties":{"unit_id":"27123041104","name":"Census Tract 411.04 \u2014 Ramsey","native_id":"27123041104","source":"census_tract_2025","adm3_name":"Ramsey County","adm3_id":"27123","area_sqm":1844345,"split":false,"population":2100.0,"days_covered":24,"daytime_peak_f":87.1,"heat_anomaly_f":5.9,"extreme_pct":17.0,"nighttime_stress_f":-2.9,"daytime_peak_f_climrel":0.3472,"heat_anomaly_f_climrel":0.3472,"nighttime_stress_f_climrel":-0.1783,"extreme_pct_climrel":0.425,"ref_daytime_hi_mean":81.1,"ref_daytime_hi_p95":93.9,"rwi_mean":null,"health_per_10k":4.761904761904762,"built_frac":0.255,"tree_frac":0.675,"canopy_frac_over_3m":0.434,"viirs_mean":18.6,"gdl_hdi":0.96,"gdl_region":"Minnesota","ghsl_smod":30,"lst_anomaly_c":null,"lst_anomaly_c_climrel":null,"worldpop_pop_total":3299.0,"frac_under5":4.0,"frac_elderly_65plus":30.2,"frac_elderly_75plus":16.2,"old_age_dependency_ratio":0.544,"has_data":true},"geometry":{"type":"Polygon","coordinates":[[[-93.2277,45.090177],[-93.223535,45.090083],[-93.222385,45.088361],[-93.218925,45.088424],[-93.218913,45.086103],[-93.218911,45.082499],[-93.218821,45.075374],[-93.218643,45.071639],[-93.218472,45.065298],[-93.218338,45.064386],[-93.218519,45.064379],[-93.222441,45.064396],[-93.227235,45.064842],[-93.227237,45.065027],[-93.227354,45.071474],[-93.227423,45.07514],[-93.227581,45.082352],[-93.227641,45.085939],[-93.2277,45.090177]]]}},{"type":"Feature","properties":{"unit_id":"27053104100","name":"Census Tract 1041 \u2014 Hennepin","native_id":"27053104100","source":"census_tract_2025","adm3_name":"Hennepin County","adm3_id":"27053","area_sqm":1458748,"split":false,"population":2786.0,"days_covered":24,"daytime_peak_f":87.5,"heat_anomaly_f":6.4,"extreme_pct":17.0,"nighttime_stress_f":-2.8,"daytime_peak_f_climrel":0.3865,"heat_anomaly_f_climrel":0.3865,"nighttime_stress_f_climrel":-0.1712,"extreme_pct_climrel":0.425,"ref_daytime_hi_mean":81.2,"ref_daytime_hi_p95":93.7,"rwi_mean":null,"health_per_10k":0.0,"built_frac":0.498,"tree_frac":0.371,"canopy_frac_over_3m":0.297,"viirs_mean":39.8,"gdl_hdi":0.96,"gdl_region":"Minnesota","ghsl_smod":30,"lst_anomaly_c":null,"lst_anomaly_c_climrel":null,"worldpop_pop_total":3431.0,"frac_under5":6.2,"frac_elderly_65plus":8.9,"frac_elderly_75plus":3.0,"old_age_dependency_ratio":0.124,"has_data":true},"geometry":{"type":"Polygon","coordinates":[[[-93.318468,44.984051],[-93.316101,44.984018],[-93.308288,44.984511],[-93.303238,44.984487],[-93.298195,44.984471],[-93.29417,44.984269],[-93.294724,44.983028],[-93.297058,44.982155],[-93.29715,44.980664],[-93.288044,44.979493],[-93.288073,44.977656],[-93.289894,44.977055],[-93.295521,44.977216],[-93.295521,44.977081],[-93.301017,44.976047],[-93.308343,44.977773],[-93.312841,44.978675],[-93.314346,44.980736],[-93.318504,44.980747],[-93.318468,44.984051]]]}},{"type":"Feature","properties":{"unit_id":"27123037500","name":"Census Tract 375 \u2014 Ramsey","native_id":"27123037500","source":"census_tract_2025","adm3_name":"Ramsey County","adm3_id":"27123","area_sqm":3563259,"split":false,"population":2818.0,"days_covered":24,"daytime_peak_f":87.7,"heat_anomaly_f":6.1,"extreme_pct":17.0,"nighttime_stress_f":-3.0,"daytime_peak_f_climrel":0.3591,"heat_anomaly_f_climrel":0.3591,"nighttime_stress_f_climrel":-0.1852,"extreme_pct_climrel":0.425,"ref_daytime_hi_mean":81.5,"ref_daytime_hi_p95":94.0,"rwi_mean":null,"health_per_10k":10.645848119233499,"built_frac":0.189,"tree_frac":0.526,"canopy_frac_over_3m":0.36,"viirs_mean":24.0,"gdl_hdi":0.96,"gdl_region":"Minnesota","ghsl_smod":30,"lst_anomaly_c":null,"lst_anomaly_c_climrel":null,"worldpop_pop_total":5580.0,"frac_under5":5.6,"frac_elderly_65plus":17.6,"frac_elderly_75plus":6.4,"old_age_dependency_ratio":0.274,"has_data":true},"geometry":{"type":"Polygon","coordinates":[[[-93.187374,44.91792],[-93.187371,44.919797],[-93.177199,44.919765],[-93.172112,44.919754],[-93.167024,44.919734],[-93.156832,44.919723],[-93.156837,44.913869],[-93.157189,44.909205],[-93.15684,44.908132],[-93.165096,44.904259],[-93.172113,44.904236],[-93.1772,44.904221],[-93.178261,44.904424],[-93.183043,44.909732],[-93.184939,44.912532],[-93.187377,44.916165],[-93.187374,44.91792]]]}},{"type":"Feature","properties":{"unit_id":"27053000102","name":"Census Tract 1.02 \u2014 Hennepin","native_id":"27053000102","source":"census_tract_2025","adm3_name":"Hennepin County","adm3_id":"27053","area_sqm":2329304,"split":false,"population":3732.0,"days_covered":24,"daytime_peak_f":87.5,"heat_anomaly_f":6.4,"extreme_pct":17.0,"nighttime_stress_f":-2.8,"daytime_peak_f_climrel":0.3865,"heat_anomaly_f_climrel":0.3865,"nighttime_stress_f_climrel":-0.1712,"extreme_pct_climrel":0.425,"ref_daytime_hi_mean":81.2,"ref_daytime_hi_p95":93.7,"rwi_mean":null,"health_per_10k":0.0,"built_frac":0.459,"tree_frac":0.383,"canopy_frac_over_3m":0.328,"viirs_mean":28.7,"gdl_hdi":0.96,"gdl_region":"Minnesota","ghsl_smod":30,"lst_anomaly_c":null,"lst_anomaly_c_climrel":null,"worldpop_pop_total":5829.0,"frac_under5":6.0,"frac_elderly_65plus":9.4,"frac_elderly_75plus":3.0,"old_age_dependency_ratio":0.136,"has_data":true},"geometry":{"type":"Polygon","coordinates":[[[-93.299194,45.051136],[-93.29409,45.051128],[-93.291527,45.051128],[-93.282226,45.051165],[-93.280826,45.043565],[-93.283426,45.035365],[-93.283215,45.033452],[-93.282696,45.032427],[-93.286728,45.031513],[-93.288109,45.031506],[-93.288108,45.032723],[-93.290405,45.034725],[-93.294025,45.036464],[-93.294891,45.036736],[-93.299065,45.037659],[-93.29921,45.043919],[-93.299194,45.051136]]]}},{"type":"Feature","properties":{"unit_id":"27053125900","name":"Census Tract 1259 \u2014 Hennepin","native_id":"27053125900","source":"census_tract_2025","adm3_name":"Hennepin County","adm3_id":"27053","area_sqm":1049910,"split":false,"population":1634.0,"days_covered":24,"daytime_peak_f":87.6,"heat_anomaly_f":6.1,"extreme_pct":17.0,"nighttime_stress_f":-2.8,"daytime_peak_f_climrel":0.362,"heat_anomaly_f_climrel":0.362,"nighttime_stress_f_climrel":-0.1712,"extreme_pct_climrel":0.425,"ref_daytime_hi_mean":81.5,"ref_daytime_hi_p95":94.1,"rwi_mean":null,"health_per_10k":6.119951040391676,"built_frac":0.572,"tree_frac":0.311,"canopy_frac_over_3m":0.266,"viirs_mean":63.6,"gdl_hdi":0.96,"gdl_region":"Minnesota","ghsl_smod":30,"lst_anomaly_c":null,"lst_anomaly_c_climrel":null,"worldpop_pop_total":5555.0,"frac_under5":7.3,"frac_elderly_65plus":5.7,"frac_elderly_75plus":1.7,"old_age_dependency_ratio":0.083,"has_data":true},"geometry":{"type":"Polygon","coordinates":[[[-93.252464,44.951952],[-93.252438,44.953751],[-93.252419,44.955532],[-93.252342,44.959133],[-93.249832,44.959135],[-93.24984,44.96093],[-93.247547,44.960917],[-93.24667,44.960098],[-93.245689,44.959145],[-93.244108,44.957422],[-93.24297,44.955548],[-93.241227,44.952448],[-93.240868,44.951977],[-93.238065,44.948372],[-93.238349,44.948372],[-93.242348,44.948372],[-93.247414,44.948372],[-93.249939,44.948368],[-93.252502,44.948364],[-93.252464,44.951952]]]}},{"type":"Feature","properties":{"unit_id":"27053026026","name":"Census Tract 260.26 \u2014 Hennepin","native_id":"27053026026","source":"census_tract_2025","adm3_name":"Hennepin County","adm3_id":"27053","area_sqm":6183742,"split":false,"population":3126.0,"days_covered":24,"daytime_peak_f":87.9,"heat_anomaly_f":6.3,"extreme_pct":8.0,"nighttime_stress_f":-2.8,"daytime_peak_f_climrel":0.3788,"heat_anomaly_f_climrel":0.3788,"nighttime_stress_f_climrel":-0.1729,"extreme_pct_climrel":0.2,"ref_daytime_hi_mean":81.6,"ref_daytime_hi_p95":94.3,"rwi_mean":null,"health_per_10k":0.0,"built_frac":0.136,"tree_frac":0.652,"canopy_frac_over_3m":0.466,"viirs_mean":8.8,"gdl_hdi":0.96,"gdl_region":"Minnesota","ghsl_smod":21,"lst_anomaly_c":null,"lst_anomaly_c_climrel":null,"worldpop_pop_total":5401.0,"frac_under5":4.4,"frac_elderly_65plus":10.5,"frac_elderly_75plus":3.8,"old_age_dependency_ratio":0.153,"has_data":true},"geometry":{"type":"Polygon","coordinates":[[[-93.520831,44.827571],[-93.520017,44.827667],[-93.516129,44.828621],[-93.51551,44.829114],[-93.513306,44.831589],[-93.510696,44.832497],[-93.501877,44.834141],[-93.499899,44.835008],[-93.495903,44.836884],[-93.492081,44.837643],[-93.486359,44.838528],[-93.480553,44.838364],[-93.475304,44.837097],[-93.475171,44.831507],[-93.4739,44.827272],[-93.479332,44.823975],[-93.480522,44.82267],[-93.480667,44.819412],[-93.48205,44.818064],[-93.486824,44.818512],[-93.491676,44.818378],[-93.501526,44.819546],[-93.507584,44.819477],[-93.516698,44.817884],[-93.520679,44.816779],[-93.520831,44.827571]]]}},{"type":"Feature","properties":{"unit_id":"27053027205","name":"Census Tract 272.05 \u2014 Hennepin","native_id":"27053027205","source":"census_tract_2025","adm3_name":"Hennepin County","adm3_id":"27053","area_sqm":19907932,"split":false,"population":2242.0,"days_covered":24,"daytime_peak_f":87.0,"heat_anomaly_f":6.3,"extreme_pct":17.0,"nighttime_stress_f":-2.9,"daytime_peak_f_climrel":0.3786,"heat_anomaly_f_climrel":0.3786,"nighttime_stress_f_climrel":-0.1817,"extreme_pct_climrel":0.425,"ref_daytime_hi_mean":80.6,"ref_daytime_hi_p95":93.3,"rwi_mean":null,"health_per_10k":0.0,"built_frac":0.02,"tree_frac":0.456,"canopy_frac_over_3m":0.381,"viirs_mean":3.3,"gdl_hdi":0.96,"gdl_region":"Minnesota","ghsl_smod":12,"lst_anomaly_c":null,"lst_anomaly_c_climrel":null,"worldpop_pop_total":3200.0,"frac_under5":5.1,"frac_elderly_65plus":21.1,"frac_elderly_75plus":9.5,"old_age_dependency_ratio":0.349,"has_data":true},"geometry":{"type":"Polygon","coordinates":[[[-93.611019,44.966735],[-93.608116,44.966591],[-93.606026,44.967819],[-93.594231,44.967533],[-93.594232,44.985339],[-93.584022,44.985252],[-93.581172,44.985068],[-93.581405,44.98281],[-93.581573,44.978399],[-93.578584,44.979188],[-93.577123,44.9783],[-93.575157,44.978305],[-93.575072,44.980117],[-93.573753,44.980408],[-93.573721,44.977963],[-93.568325,44.978255],[-93.567341,44.979722],[-93.563334,44.980529],[-93.562393,44.979755],[-93.558354,44.9808],[-93.558382,44.982474],[-93.561805,44.983226],[-93.561807,44.983516],[-93.556697,44.982338],[-93.550934,44.980356],[-93.545802,44.98083],[-93.548851,44.984329],[-93.549966,44.984876],[-93.550084,44.987544],[-93.552651,44.987508],[-93.557288,44.98671],[-93.557303,44.984797],[-93.560515,44.984653],[-93.560511,44.985302],[-93.569208,44.989346],[-93.573903,44.989352],[-93.573882,44.988175],[-93.577523,44.988397],[-93.580934,44.989157],[-93.584023,44.989273],[-93.584023,45.000096],[-93.576049,44.999974],[-93.564375,44.999475],[-93.522402,44.999774],[-93.522491,44.993496],[-93.522491,44.992559],[-93.522544,44.9816],[-93.522556,44.978028],[-93.526496,44.977364],[-93.526483,44.978038],[-93.542829,44.978076],[-93.542882,44.978503],[-93.544005,44.979138],[-93.548767,44.979122],[-93.542896,44.976144],[-93.542902,44.975846],[-93.54802,44.975877],[-93.548032,44.974235],[-93.542854,44.974182],[-93.543141,44.970008],[-93.548125,44.969279],[-93.548066,44.967276],[-93.543401,44.967263],[-93.542965,44.966733],[-93.542971,44.966578],[-93.544287,44.966579],[-93.542985,44.96561],[-93.543916,44.965254],[-93.543923,44.963627],[-93.542969,44.960084],[-93.543002,44.94952],[-93.543151,44.934847],[-93.558294,44.923761],[-93.559747,44.922696],[-93.561778,44.922647],[-93.570432,44.922498],[-93.578744,44.92246],[-93.582109,44.927706],[-93.582377,44.928126],[-93.574034,44.931928],[-93.568537,44.934797],[-93.569045,44.941836],[-93.584094,44.945022],[-93.585621,44.945605],[-93.59733,44.954174],[-93.603516,44.957745],[-93.612079,44.964671],[-93.611019,44.966735]]]}},{"type":"Feature","properties":{"unit_id":"27053026020","name":"Census Tract 260.20 \u2014 Hennepin","native_id":"27053026020","source":"census_tract_2025","adm3_name":"Hennepin County","adm3_id":"27053","area_sqm":4950801,"split":false,"population":7709.0,"days_covered":24,"daytime_peak_f":88.0,"heat_anomaly_f":6.3,"extreme_pct":8.0,"nighttime_stress_f":-3.0,"daytime_peak_f_climrel":0.3788,"heat_anomaly_f_climrel":0.3788,"nighttime_stress_f_climrel":-0.1821,"extreme_pct_climrel":0.2,"ref_daytime_hi_mean":81.7,"ref_daytime_hi_p95":94.4,"rwi_mean":null,"health_per_10k":2.5943702166299127,"built_frac":0.25,"tree_frac":0.469,"canopy_frac_over_3m":0.316,"viirs_mean":31.3,"gdl_hdi":0.96,"gdl_region":"Minnesota","ghsl_smod":23,"lst_anomaly_c":null,"lst_anomaly_c_climrel":null,"worldpop_pop_total":5338.0,"frac_under5":5.1,"frac_elderly_65plus":27.4,"frac_elderly_75plus":17.2,"old_age_dependency_ratio":0.476,"has_data":true},"geometry":{"type":"Polygon","coordinates":[[[-93.439293,44.846855],[-93.437317,44.848595],[-93.433113,44.851051],[-93.431825,44.852126],[-93.426231,44.857277],[-93.425496,44.861551],[-93.424831,44.862637],[-93.419537,44.860543],[-93.414925,44.859469],[-93.404342,44.859441],[-93.398782,44.859511],[-93.398754,44.855741],[-93.398726,44.851584],[-93.398577,44.849514],[-93.398902,44.839843],[-93.39867,44.837065],[-93.406143,44.835991],[-93.408319,44.83683],[-93.408495,44.837034],[-93.410385,44.840645],[-93.412727,44.841702],[-93.415245,44.843765],[-93.41935,44.844039],[-93.421646,44.844322],[-93.423706,44.84367],[-93.427048,44.842003],[-93.429581,44.842213],[-93.43544,44.843971],[-93.43956,44.844009],[-93.439293,44.846855]]]}},{"type":"Feature","properties":{"unit_id":"27053106500","name":"Census Tract 1065 \u2014 Hennepin","native_id":"27053106500","source":"census_tract_2025","adm3_name":"Hennepin County","adm3_id":"27053","area_sqm":2669355,"split":false,"population":2933.0,"days_covered":24,"daytime_peak_f":87.5,"heat_anomaly_f":6.4,"extreme_pct":17.0,"nighttime_stress_f":-2.8,"daytime_peak_f_climrel":0.3865,"heat_anomaly_f_climrel":0.3865,"nighttime_stress_f_climrel":-0.1712,"extreme_pct_climrel":0.425,"ref_daytime_hi_mean":81.2,"ref_daytime_hi_p95":93.7,"rwi_mean":null,"health_per_10k":20.45687009887487,"built_frac":0.118,"tree_frac":0.544,"canopy_frac_over_3m":0.377,"viirs_mean":20.4,"gdl_hdi":0.96,"gdl_region":"Minnesota","ghsl_smod":30,"lst_anomaly_c":null,"lst_anomaly_c_climrel":null,"worldpop_pop_total":5375.0,"frac_under5":2.9,"frac_elderly_65plus":22.7,"frac_elderly_75plus":9.8,"old_age_dependency_ratio":0.333,"has_data":true},"geometry":{"type":"Polygon","coordinates":[[[-93.3289,44.948927],[-93.32878,44.952063],[-93.328738,44.958365],[-93.328731,44.959332],[-93.327042,44.959454],[-93.324768,44.961342],[-93.324043,44.965904],[-93.316521,44.966534],[-93.307594,44.968922],[-93.30521,44.969537],[-93.304596,44.969481],[-93.303217,44.969365],[-93.30456,44.968085],[-93.303253,44.966423],[-93.303596,44.963005],[-93.301437,44.96088],[-93.301353,44.9603],[-93.303543,44.957634],[-93.303612,44.956573],[-93.301689,44.955715],[-93.301331,44.955212],[-93.302406,44.952957],[-93.305122,44.951138],[-93.305019,44.950481],[-93.305502,44.949177],[-93.305481,44.94849],[-93.309939,44.950408],[-93.311169,44.950488],[-93.316473,44.948868],[-93.317945,44.948352],[-93.323671,44.9484],[-93.326595,44.948424],[-93.32885,44.948294],[-93.32885,44.948483],[-93.3289,44.948927]]]}},{"type":"Feature","properties":{"unit_id":"27053021503","name":"Census Tract 215.03 \u2014 Hennepin","native_id":"27053021503","source":"census_tract_2025","adm3_name":"Hennepin County","adm3_id":"27053","area_sqm":3891818,"split":false,"population":6125.0,"days_covered":24,"daytime_peak_f":87.3,"heat_anomaly_f":6.2,"extreme_pct":17.0,"nighttime_stress_f":-2.9,"daytime_peak_f_climrel":0.3752,"heat_anomaly_f_climrel":0.3752,"nighttime_stress_f_climrel":-0.1776,"extreme_pct_climrel":0.425,"ref_daytime_hi_mean":81.1,"ref_daytime_hi_p95":93.7,"rwi_mean":null,"health_per_10k":11.428571428571429,"built_frac":0.374,"tree_frac":0.484,"canopy_frac_over_3m":0.302,"viirs_mean":28.8,"gdl_hdi":0.96,"gdl_region":"Minnesota","ghsl_smod":30,"lst_anomaly_c":null,"lst_anomaly_c_climrel":null,"worldpop_pop_total":5534.0,"frac_under5":5.3,"frac_elderly_65plus":16.6,"frac_elderly_75plus":7.3,"old_age_dependency_ratio":0.249,"has_data":true},"geometry":{"type":"Polygon","coordinates":[[[-93.40079,45.048924],[-93.390633,45.049023],[-93.382347,45.049019],[-93.380402,45.048534],[-93.373825,45.04644],[-93.370363,45.046536],[-93.370308,45.043682],[-93.372818,45.043682],[-93.372803,45.040054],[-93.372787,45.036442],[-93.371011,45.036447],[-93.370988,45.03372],[-93.370232,45.032814],[-93.38031,45.032772],[-93.384171,45.032799],[-93.390411,45.033291],[-93.395498,45.033465],[-93.400715,45.033314],[-93.400781,45.043889],[-93.40079,45.048924]]]}},{"type":"Feature","properties":{"unit_id":"27053020902","name":"Census Tract 209.02 \u2014 Hennepin","native_id":"27053020902","source":"census_tract_2025","adm3_name":"Hennepin County","adm3_id":"27053","area_sqm":1515351,"split":false,"population":513.0,"days_covered":24,"daytime_peak_f":87.3,"heat_anomaly_f":6.2,"extreme_pct":17.0,"nighttime_stress_f":-2.9,"daytime_peak_f_climrel":0.3752,"heat_anomaly_f_climrel":0.3752,"nighttime_stress_f_climrel":-0.1776,"extreme_pct_climrel":0.425,"ref_daytime_hi_mean":81.1,"ref_daytime_hi_p95":93.7,"rwi_mean":null,"health_per_10k":0.0,"built_frac":0.154,"tree_frac":0.761,"canopy_frac_over_3m":0.449,"viirs_mean":13.5,"gdl_hdi":0.96,"gdl_region":"Minnesota","ghsl_smod":30,"lst_anomaly_c":null,"lst_anomaly_c_climrel":null,"worldpop_pop_total":2456.0,"frac_under5":5.9,"frac_elderly_65plus":15.3,"frac_elderly_75plus":6.0,"old_age_dependency_ratio":0.226,"has_data":true},"geometry":{"type":"Polygon","coordinates":[[[-93.370232,45.032814],[-93.360092,45.032768],[-93.356255,45.032219],[-93.356238,45.025349],[-93.349495,45.02534],[-93.349599,45.021455],[-93.350524,45.021715],[-93.360062,45.021854],[-93.370165,45.021885],[-93.370232,45.032814]]]}},{"type":"Feature","properties":{"unit_id":"27053027203","name":"Census Tract 272.03 \u2014 Hennepin","native_id":"27053027203","source":"census_tract_2025","adm3_name":"Hennepin County","adm3_id":"27053","area_sqm":4405610,"split":false,"population":2462.0,"days_covered":24,"daytime_peak_f":86.9,"heat_anomaly_f":6.3,"extreme_pct":8.0,"nighttime_stress_f":-2.5,"daytime_peak_f_climrel":0.3684,"heat_anomaly_f_climrel":0.3684,"nighttime_stress_f_climrel":-0.1506,"extreme_pct_climrel":0.2,"ref_daytime_hi_mean":80.7,"ref_daytime_hi_p95":93.3,"rwi_mean":null,"health_per_10k":4.061738424045491,"built_frac":0.059,"tree_frac":0.314,"canopy_frac_over_3m":0.266,"viirs_mean":4.9,"gdl_hdi":0.96,"gdl_region":"Minnesota","ghsl_smod":21,"lst_anomaly_c":null,"lst_anomaly_c_climrel":null,"worldpop_pop_total":3808.0,"frac_under5":2.9,"frac_elderly_65plus":30.0,"frac_elderly_75plus":15.9,"old_age_dependency_ratio":0.506,"has_data":true},"geometry":{"type":"Polygon","coordinates":[[[-93.645611,44.934901],[-93.64454,44.937126],[-93.643841,44.939328],[-93.638849,44.939398],[-93.624971,44.938972],[-93.621632,44.942355],[-93.616934,44.942701],[-93.615345,44.94279],[-93.608524,44.943912],[-93.598984,44.945479],[-93.593808,44.948729],[-93.585621,44.945605],[-93.584094,44.945022],[-93.569045,44.941836],[-93.568537,44.934797],[-93.574034,44.931928],[-93.582377,44.928126],[-93.590488,44.932141],[-93.593061,44.928806],[-93.594042,44.927585],[-93.595612,44.925945],[-93.604642,44.920288],[-93.604656,44.918844],[-93.604738,44.916769],[-93.614685,44.916845],[-93.622896,44.919809],[-93.624961,44.920565],[-93.628451,44.922238],[-93.62603,44.931384],[-93.629744,44.932354],[-93.631208,44.932424],[-93.633547,44.931903],[-93.637775,44.932642],[-93.642025,44.932252],[-93.645442,44.933718],[-93.645611,44.934901]]]}},{"type":"Feature","properties":{"unit_id":"27123035000","name":"Census Tract 350 \u2014 Ramsey","native_id":"27123035000","source":"census_tract_2025","adm3_name":"Ramsey County","adm3_id":"27123","area_sqm":752384,"split":false,"population":3061.0,"days_covered":24,"daytime_peak_f":87.7,"heat_anomaly_f":6.1,"extreme_pct":17.0,"nighttime_stress_f":-3.0,"daytime_peak_f_climrel":0.3591,"heat_anomaly_f_climrel":0.3591,"nighttime_stress_f_climrel":-0.1852,"extreme_pct_climrel":0.425,"ref_daytime_hi_mean":81.5,"ref_daytime_hi_p95":94.0,"rwi_mean":null,"health_per_10k":0.0,"built_frac":0.216,"tree_frac":0.766,"canopy_frac_over_3m":0.52,"viirs_mean":28.5,"gdl_hdi":0.96,"gdl_region":"Minnesota","ghsl_smod":30,"lst_anomaly_c":null,"lst_anomaly_c_climrel":null,"worldpop_pop_total":2758.0,"frac_under5":3.8,"frac_elderly_65plus":14.0,"frac_elderly_75plus":4.3,"old_age_dependency_ratio":0.191,"has_data":true},"geometry":{"type":"Polygon","coordinates":[[[-93.182721,44.947248],[-93.17717,44.947222],[-93.177171,44.946547],[-93.173318,44.946553],[-93.172161,44.946554],[-93.166997,44.946562],[-93.167001,44.94171],[-93.167001,44.941309],[-93.170497,44.941305],[-93.174248,44.941365],[-93.177188,44.941345],[-93.182289,44.941332],[-93.182743,44.941346],[-93.182721,44.947248]]]}},{"type":"Feature","properties":{"unit_id":"27123035800","name":"Census Tract 358 \u2014 Ramsey","native_id":"27123035800","source":"census_tract_2025","adm3_name":"Ramsey County","adm3_id":"27123","area_sqm":960204,"split":false,"population":3890.316807419757,"days_covered":24,"daytime_peak_f":87.2,"heat_anomaly_f":6.2,"extreme_pct":17.0,"nighttime_stress_f":-2.9,"daytime_peak_f_climrel":0.3669,"heat_anomaly_f_climrel":0.3669,"nighttime_stress_f_climrel":-0.1738,"extreme_pct_climrel":0.425,"ref_daytime_hi_mean":81.0,"ref_daytime_hi_p95":93.5,"rwi_mean":null,"health_per_10k":5.140969486560904,"built_frac":0.283,"tree_frac":0.694,"canopy_frac_over_3m":0.482,"viirs_mean":44.9,"gdl_hdi":0.96,"gdl_region":"Minnesota","ghsl_smod":30,"lst_anomaly_c":null,"lst_anomaly_c_climrel":null,"worldpop_pop_total":3223.0,"frac_under5":2.0,"frac_elderly_65plus":17.1,"frac_elderly_75plus":6.2,"old_age_dependency_ratio":0.222,"has_data":true},"geometry":{"type":"Polygon","coordinates":[[[-93.128784,44.94317],[-93.121155,44.943439],[-93.116075,44.943452],[-93.112602,44.944945],[-93.11178,44.945044],[-93.108123,44.946539],[-93.107322,44.949131],[-93.106171,44.948531],[-93.107739,44.947642],[-93.106223,44.946684],[-93.104724,44.947676],[-93.104351,44.946901],[-93.104316,44.946782],[-93.110072,44.942472],[-93.112096,44.941327],[-93.116053,44.941358],[-93.116052,44.939871],[-93.126251,44.935397],[-93.127495,44.936267],[-93.128754,44.93678],[-93.128755,44.938814],[-93.128761,44.941356],[-93.128784,44.94317]]]}},{"type":"Feature","properties":{"unit_id":"27053012101","name":"Census Tract 121.01 \u2014 Hennepin","native_id":"27053012101","source":"census_tract_2025","adm3_name":"Hennepin County","adm3_id":"27053","area_sqm":1092789,"split":false,"population":946.0,"days_covered":24,"daytime_peak_f":87.7,"heat_anomaly_f":6.1,"extreme_pct":17.0,"nighttime_stress_f":-3.0,"daytime_peak_f_climrel":0.3591,"heat_anomaly_f_climrel":0.3591,"nighttime_stress_f_climrel":-0.1852,"extreme_pct_climrel":0.425,"ref_daytime_hi_mean":81.5,"ref_daytime_hi_p95":94.0,"rwi_mean":null,"health_per_10k":0.0,"built_frac":0.399,"tree_frac":0.416,"canopy_frac_over_3m":0.325,"viirs_mean":23.9,"gdl_hdi":0.96,"gdl_region":"Minnesota","ghsl_smod":30,"lst_anomaly_c":null,"lst_anomaly_c_climrel":null,"worldpop_pop_total":2831.0,"frac_under5":6.5,"frac_elderly_65plus":9.4,"frac_elderly_75plus":2.8,"old_age_dependency_ratio":0.133,"has_data":true},"geometry":{"type":"Polygon","coordinates":[[[-93.247161,44.897643],[-93.247139,44.899647],[-93.232361,44.899891],[-93.232338,44.901699],[-93.232315,44.905338],[-93.222878,44.905373],[-93.222931,44.901758],[-93.222954,44.898113],[-93.222961,44.897449],[-93.222961,44.897152],[-93.231759,44.896864],[-93.231763,44.896468],[-93.232399,44.895138],[-93.234955,44.895115],[-93.234947,44.896091],[-93.232382,44.896454],[-93.23238,44.896869],[-93.23747,44.896953],[-93.238676,44.896974],[-93.239979,44.896935],[-93.241282,44.897005],[-93.24128,44.897133],[-93.241859,44.897138],[-93.241861,44.896994],[-93.242531,44.897],[-93.242531,44.897676],[-93.245054,44.897241],[-93.245071,44.896613],[-93.244988,44.895992],[-93.247144,44.896014],[-93.247176,44.89698],[-93.247161,44.897643]]]}},{"type":"Feature","properties":{"unit_id":"27053110800","name":"Census Tract 1108 \u2014 Hennepin","native_id":"27053110800","source":"census_tract_2025","adm3_name":"Hennepin County","adm3_id":"27053","area_sqm":1310229,"split":false,"population":2909.0,"days_covered":24,"daytime_peak_f":87.8,"heat_anomaly_f":6.2,"extreme_pct":17.0,"nighttime_stress_f":-3.2,"daytime_peak_f_climrel":0.3756,"heat_anomaly_f_climrel":0.3756,"nighttime_stress_f_climrel":-0.1982,"extreme_pct_climrel":0.425,"ref_daytime_hi_mean":81.6,"ref_daytime_hi_p95":94.1,"rwi_mean":null,"health_per_10k":0.0,"built_frac":0.39,"tree_frac":0.606,"canopy_frac_over_3m":0.474,"viirs_mean":27.7,"gdl_hdi":0.96,"gdl_region":"Minnesota","ghsl_smod":30,"lst_anomaly_c":null,"lst_anomaly_c_climrel":null,"worldpop_pop_total":4640.0,"frac_under5":6.0,"frac_elderly_65plus":11.9,"frac_elderly_75plus":3.2,"old_age_dependency_ratio":0.164,"has_data":true},"geometry":{"type":"Polygon","coordinates":[[[-93.288315,44.919567],[-93.288284,44.926807],[-93.285713,44.926824],[-93.283104,44.926838],[-93.277931,44.926876],[-93.274568,44.926896],[-93.274517,44.923284],[-93.27454,44.919663],[-93.274629,44.916047],[-93.275063,44.916044],[-93.288292,44.915939],[-93.288315,44.919567]]]}},{"type":"Feature","properties":{"unit_id":"27053026706","name":"Census Tract 267.06 \u2014 Hennepin","native_id":"27053026706","source":"census_tract_2025","adm3_name":"Hennepin County","adm3_id":"27053","area_sqm":2446267,"split":false,"population":1053.0,"days_covered":24,"daytime_peak_f":87.3,"heat_anomaly_f":6.2,"extreme_pct":17.0,"nighttime_stress_f":-3.0,"daytime_peak_f_climrel":0.3731,"heat_anomaly_f_climrel":0.3731,"nighttime_stress_f_climrel":-0.1862,"extreme_pct_climrel":0.425,"ref_daytime_hi_mean":81.1,"ref_daytime_hi_p95":93.9,"rwi_mean":null,"health_per_10k":0.0,"built_frac":0.055,"tree_frac":0.809,"canopy_frac_over_3m":0.493,"viirs_mean":5.9,"gdl_hdi":0.96,"gdl_region":"Minnesota","ghsl_smod":21,"lst_anomaly_c":null,"lst_anomaly_c_climrel":null,"worldpop_pop_total":3115.0,"frac_under5":4.8,"frac_elderly_65plus":21.8,"frac_elderly_75plus":5.4,"old_age_dependency_ratio":0.347,"has_data":true},"geometry":{"type":"Polygon","coordinates":[[[-93.42164,45.152243],[-93.417831,45.152241],[-93.40696,45.152103],[-93.402901,45.152052],[-93.401611,45.152035],[-93.401903,45.137711],[-93.407417,45.137722],[-93.412033,45.13773],[-93.422142,45.137749],[-93.42164,45.152243]]]}},{"type":"Feature","properties":{"unit_id":"27053026505","name":"Census Tract 265.05 \u2014 Hennepin","native_id":"27053026505","source":"census_tract_2025","adm3_name":"Hennepin County","adm3_id":"27053","area_sqm":3132483,"split":false,"population":2003.0,"days_covered":24,"daytime_peak_f":87.3,"heat_anomaly_f":6.2,"extreme_pct":17.0,"nighttime_stress_f":-2.9,"daytime_peak_f_climrel":0.3752,"heat_anomaly_f_climrel":0.3752,"nighttime_stress_f_climrel":-0.1776,"extreme_pct_climrel":0.425,"ref_daytime_hi_mean":81.1,"ref_daytime_hi_p95":93.7,"rwi_mean":null,"health_per_10k":0.0,"built_frac":0.141,"tree_frac":0.746,"canopy_frac_over_3m":0.499,"viirs_mean":14.3,"gdl_hdi":0.96,"gdl_region":"Minnesota","ghsl_smod":21,"lst_anomaly_c":null,"lst_anomaly_c_climrel":null,"worldpop_pop_total":3756.0,"frac_under5":5.7,"frac_elderly_65plus":21.5,"frac_elderly_75plus":7.9,"old_age_dependency_ratio":0.343,"has_data":true},"geometry":{"type":"Polygon","coordinates":[[[-93.454308,45.021786],[-93.452545,45.028486],[-93.450075,45.027914],[-93.444901,45.028961],[-93.444283,45.027786],[-93.442314,45.021752],[-93.441856,45.018555],[-93.442307,45.017227],[-93.440811,45.016529],[-93.438904,45.014149],[-93.434692,45.010506],[-93.431953,45.00724],[-93.430824,45.006119],[-93.430588,45.003651],[-93.428787,45.000423],[-93.426414,44.993813],[-93.432686,44.995438],[-93.438494,44.996012],[-93.439636,44.99696],[-93.440265,45.004697],[-93.441309,45.005017],[-93.443353,45.004265],[-93.445249,45.00746],[-93.445726,45.009864],[-93.444498,45.01201],[-93.44661,45.014367],[-93.448318,45.015785],[-93.453177,45.017281],[-93.456192,45.016734],[-93.454308,45.021786]]]}},{"type":"Feature","properties":{"unit_id":"27053026825","name":"Census Tract 268.25 \u2014 Hennepin","native_id":"27053026825","source":"census_tract_2025","adm3_name":"Hennepin County","adm3_id":"27053","area_sqm":2069451,"split":false,"population":1687.0,"days_covered":24,"daytime_peak_f":87.3,"heat_anomaly_f":6.2,"extreme_pct":17.0,"nighttime_stress_f":-2.8,"daytime_peak_f_climrel":0.3737,"heat_anomaly_f_climrel":0.3737,"nighttime_stress_f_climrel":-0.1775,"extreme_pct_climrel":0.425,"ref_daytime_hi_mean":81.1,"ref_daytime_hi_p95":93.9,"rwi_mean":null,"health_per_10k":0.0,"built_frac":0.22,"tree_frac":0.455,"canopy_frac_over_3m":0.267,"viirs_mean":12.9,"gdl_hdi":0.96,"gdl_region":"Minnesota","ghsl_smod":30,"lst_anomaly_c":null,"lst_anomaly_c_climrel":null,"worldpop_pop_total":3531.0,"frac_under5":6.3,"frac_elderly_65plus":8.7,"frac_elderly_75plus":2.5,"old_age_dependency_ratio":0.124,"has_data":true},"geometry":{"type":"Polygon","coordinates":[[[-93.335766,45.130582],[-93.32071,45.130496],[-93.313354,45.130375],[-93.307663,45.130283],[-93.300176,45.127812],[-93.303123,45.124172],[-93.306274,45.122772],[-93.308629,45.12257],[-93.313299,45.122856],[-93.319399,45.123235],[-93.32076,45.123333],[-93.328229,45.123791],[-93.335791,45.124234],[-93.335766,45.130582]]]}},{"type":"Feature","properties":{"unit_id":"27123033600","name":"Census Tract 336 \u2014 Ramsey","native_id":"27123033600","source":"census_tract_2025","adm3_name":"Ramsey County","adm3_id":"27123","area_sqm":479880,"split":false,"population":2635.0,"days_covered":24,"daytime_peak_f":87.0,"heat_anomaly_f":6.5,"extreme_pct":17.0,"nighttime_stress_f":-2.0,"daytime_peak_f_climrel":0.3832,"heat_anomaly_f_climrel":0.3832,"nighttime_stress_f_climrel":-0.1206,"extreme_pct_climrel":0.425,"ref_daytime_hi_mean":80.6,"ref_daytime_hi_p95":92.9,"rwi_mean":null,"health_per_10k":3.795066413662239,"built_frac":0.646,"tree_frac":0.272,"canopy_frac_over_3m":0.228,"viirs_mean":58.6,"gdl_hdi":0.96,"gdl_region":"Minnesota","ghsl_smod":30,"lst_anomaly_c":null,"lst_anomaly_c_climrel":null,"worldpop_pop_total":1701.0,"frac_under5":11.9,"frac_elderly_65plus":8.8,"frac_elderly_75plus":3.0,"old_age_dependency_ratio":0.15,"has_data":true},"geometry":{"type":"Polygon","coordinates":[[[-93.126351,44.955718],[-93.121241,44.955739],[-93.116131,44.95576],[-93.116128,44.951782],[-93.116128,44.950672],[-93.116127,44.948565],[-93.118671,44.948555],[-93.118674,44.95036],[-93.121224,44.950346],[-93.121228,44.951312],[-93.126325,44.951282],[-93.12633,44.952123],[-93.126351,44.955718]]]}},{"type":"Feature","properties":{"unit_id":"27123042700","name":"Census Tract 427 \u2014 Ramsey","native_id":"27123042700","source":"census_tract_2025","adm3_name":"Ramsey County","adm3_id":"27123","area_sqm":3148749,"split":false,"population":4625.0,"days_covered":24,"daytime_peak_f":86.8,"heat_anomaly_f":6.5,"extreme_pct":17.0,"nighttime_stress_f":-2.3,"daytime_peak_f_climrel":0.392,"heat_anomaly_f_climrel":0.392,"nighttime_stress_f_climrel":-0.1343,"extreme_pct_climrel":0.425,"ref_daytime_hi_mean":80.3,"ref_daytime_hi_p95":92.8,"rwi_mean":null,"health_per_10k":0.0,"built_frac":0.225,"tree_frac":0.662,"canopy_frac_over_3m":0.373,"viirs_mean":19.5,"gdl_hdi":0.96,"gdl_region":"Minnesota","ghsl_smod":23,"lst_anomaly_c":null,"lst_anomaly_c_climrel":null,"worldpop_pop_total":5784.0,"frac_under5":6.0,"frac_elderly_65plus":17.0,"frac_elderly_75plus":6.4,"old_age_dependency_ratio":0.26,"has_data":true},"geometry":{"type":"Polygon","coordinates":[[[-93.01507,45.006397],[-93.01553,45.010633],[-93.01509,45.011873],[-93.01108,45.012203],[-93.005027,45.012267],[-93.002445,45.012297],[-92.997377,45.013319],[-92.997348,45.008362],[-92.989791,45.008474],[-92.989794,45.009373],[-92.984744,45.009465],[-92.984738,45.006735],[-92.984702,44.999529],[-92.994856,44.999379],[-92.994869,44.995755],[-92.997392,44.995742],[-92.99789,44.999334],[-93.004966,44.999229],[-93.012534,44.999198],[-93.015055,44.99914],[-93.015047,45.003688],[-93.016108,45.003694],[-93.01507,45.006397]]]}},{"type":"Feature","properties":{"unit_id":"27123035700","name":"Census Tract 357 \u2014 Ramsey","native_id":"27123035700","source":"census_tract_2025","adm3_name":"Ramsey County","adm3_id":"27123","area_sqm":768673,"split":false,"population":5966.0,"days_covered":24,"daytime_peak_f":87.2,"heat_anomaly_f":6.2,"extreme_pct":17.0,"nighttime_stress_f":-2.9,"daytime_peak_f_climrel":0.3669,"heat_anomaly_f_climrel":0.3669,"nighttime_stress_f_climrel":-0.1738,"extreme_pct_climrel":0.425,"ref_daytime_hi_mean":81.0,"ref_daytime_hi_p95":93.5,"rwi_mean":null,"health_per_10k":0.0,"built_frac":0.18,"tree_frac":0.819,"canopy_frac_over_3m":0.508,"viirs_mean":34.3,"gdl_hdi":0.96,"gdl_region":"Minnesota","ghsl_smod":30,"lst_anomaly_c":null,"lst_anomaly_c_climrel":null,"worldpop_pop_total":2684.0,"frac_under5":4.3,"frac_elderly_65plus":16.3,"frac_elderly_75plus":5.2,"old_age_dependency_ratio":0.241,"has_data":true},"geometry":{"type":"Polygon","coordinates":[[[-93.1466,44.938915],[-93.136409,44.938833],[-93.128755,44.938814],[-93.128754,44.93678],[-93.127495,44.936267],[-93.126251,44.935397],[-93.12817,44.934493],[-93.128462,44.93411],[-93.136391,44.934133],[-93.13773,44.934138],[-93.146574,44.934173],[-93.1466,44.938915]]]}},{"type":"Feature","properties":{"unit_id":"27053021505","name":"Census Tract 215.05 \u2014 Hennepin","native_id":"27053021505","source":"census_tract_2025","adm3_name":"Hennepin County","adm3_id":"27053","area_sqm":2692242,"split":false,"population":4026.0,"days_covered":24,"daytime_peak_f":87.3,"heat_anomaly_f":6.2,"extreme_pct":17.0,"nighttime_stress_f":-2.9,"daytime_peak_f_climrel":0.3752,"heat_anomaly_f_climrel":0.3752,"nighttime_stress_f_climrel":-0.1776,"extreme_pct_climrel":0.425,"ref_daytime_hi_mean":81.1,"ref_daytime_hi_p95":93.7,"rwi_mean":null,"health_per_10k":0.0,"built_frac":0.325,"tree_frac":0.554,"canopy_frac_over_3m":0.347,"viirs_mean":19.6,"gdl_hdi":0.96,"gdl_region":"Minnesota","ghsl_smod":30,"lst_anomaly_c":null,"lst_anomaly_c_climrel":null,"worldpop_pop_total":5151.0,"frac_under5":5.4,"frac_elderly_65plus":16.5,"frac_elderly_75plus":7.6,"old_age_dependency_ratio":0.243,"has_data":true},"geometry":{"type":"Polygon","coordinates":[[[-93.400639,45.016666],[-93.4007,45.022029],[-93.395462,45.021996],[-93.390396,45.021961],[-93.380241,45.021893],[-93.374992,45.021885],[-93.372696,45.021889],[-93.372696,45.018176],[-93.377751,45.018245],[-93.377733,45.014617],[-93.380287,45.014618],[-93.380254,45.020094],[-93.385394,45.020088],[-93.385401,45.016464],[-93.390432,45.016499],[-93.390415,45.014676],[-93.390383,45.011038],[-93.380295,45.010922],[-93.375155,45.010927],[-93.375154,45.01365],[-93.370233,45.013627],[-93.370285,45.007328],[-93.380295,45.007328],[-93.39032,45.007423],[-93.398094,45.007462],[-93.400813,45.007478],[-93.400639,45.016666]]]}},{"type":"Feature","properties":{"unit_id":"27053027001","name":"Census Tract 270.01 \u2014 Hennepin","native_id":"27053027001","source":"census_tract_2025","adm3_name":"Hennepin County","adm3_id":"27053","area_sqm":53504949,"split":false,"population":3372.0,"days_covered":24,"daytime_peak_f":87.2,"heat_anomaly_f":6.6,"extreme_pct":17.0,"nighttime_stress_f":-3.1,"daytime_peak_f_climrel":0.3892,"heat_anomaly_f_climrel":0.3892,"nighttime_stress_f_climrel":-0.1939,"extreme_pct_climrel":0.425,"ref_daytime_hi_mean":80.7,"ref_daytime_hi_p95":93.5,"rwi_mean":null,"health_per_10k":0.0,"built_frac":0.029,"tree_frac":0.342,"canopy_frac_over_3m":0.265,"viirs_mean":2.2,"gdl_hdi":0.96,"gdl_region":"Minnesota","ghsl_smod":12,"lst_anomaly_c":null,"lst_anomaly_c_climrel":null,"worldpop_pop_total":3537.0,"frac_under5":5.0,"frac_elderly_65plus":13.7,"frac_elderly_75plus":4.3,"old_age_dependency_ratio":0.204,"has_data":true},"geometry":{"type":"Polygon","coordinates":[[[-93.765543,45.066328],[-93.764576,45.06706],[-93.763488,45.067194],[-93.762211,45.067748],[-93.761174,45.068764],[-93.761996,45.069739],[-93.764447,45.070213],[-93.764506,45.071054],[-93.763565,45.071648],[-93.760588,45.07298],[-93.758478,45.072909],[-93.759327,45.074953],[-93.761127,45.073627],[-93.759763,45.077292],[-93.758624,45.07778],[-93.761874,45.081244],[-93.760019,45.082472],[-93.757953,45.082816],[-93.756369,45.080423],[-93.752473,45.079504],[-93.752253,45.079433],[-93.750243,45.079126],[-93.749709,45.07906],[-93.74831,45.079097],[-93.745486,45.080268],[-93.741837,45.080153],[-93.739245,45.080987],[-93.737832,45.082702],[-93.736744,45.084158],[-93.733857,45.087236],[-93.73323,45.087442],[-93.728918,45.090016],[-93.728882,45.093376],[-93.729593,45.097441],[-93.72883,45.098245],[-93.726807,45.098452],[-93.726316,45.101305],[-93.725817,45.10363],[-93.724097,45.107704],[-93.720617,45.114444],[-93.717048,45.11773],[-93.7125,45.122728],[-93.712067,45.123154],[-93.708593,45.125062],[-93.707441,45.126001],[-93.704575,45.13026],[-93.703268,45.130983],[-93.702409,45.131625],[-93.701154,45.135675],[-93.699181,45.137392],[-93.698639,45.137782],[-93.696851,45.139436],[-93.694502,45.141343],[-93.68945,45.143381],[-93.687454,45.145077],[-93.684048,45.149995],[-93.68131,45.15125],[-93.678713,45.150519],[-93.676267,45.151044],[-93.676413,45.145122],[-93.645998,45.145239],[-93.64591,45.123488],[-93.645912,45.116236],[-93.64591,45.10902],[-93.645855,45.087454],[-93.64584,45.072872],[-93.645828,45.065765],[-93.64781,45.065736],[-93.680682,45.065352],[-93.706581,45.065075],[-93.726321,45.0649],[-93.736696,45.064762],[-93.746831,45.064624],[-93.747133,45.06462],[-93.765748,45.064476],[-93.765543,45.066328]]]}},{"type":"Feature","properties":{"unit_id":"27123040503","name":"Census Tract 405.03 \u2014 Ramsey","native_id":"27123040503","source":"census_tract_2025","adm3_name":"Ramsey County","adm3_id":"27123","area_sqm":6470613,"split":false,"population":4420.0,"days_covered":24,"daytime_peak_f":86.4,"heat_anomaly_f":6.4,"extreme_pct":17.0,"nighttime_stress_f":-2.5,"daytime_peak_f_climrel":0.3794,"heat_anomaly_f_climrel":0.3794,"nighttime_stress_f_climrel":-0.1514,"extreme_pct_climrel":0.425,"ref_daytime_hi_mean":80.1,"ref_daytime_hi_p95":92.4,"rwi_mean":null,"health_per_10k":2.262443438914027,"built_frac":0.174,"tree_frac":0.541,"canopy_frac_over_3m":0.362,"viirs_mean":18.8,"gdl_hdi":0.96,"gdl_region":"Minnesota","ghsl_smod":21,"lst_anomaly_c":null,"lst_anomaly_c_climrel":null,"worldpop_pop_total":3747.0,"frac_under5":4.2,"frac_elderly_65plus":27.7,"frac_elderly_75plus":12.9,"old_age_dependency_ratio":0.46,"has_data":true},"geometry":{"type":"Polygon","coordinates":[[[-93.056126,45.079252],[-93.052984,45.079248],[-93.035754,45.079183],[-93.025627,45.079209],[-93.023351,45.079223],[-93.02335,45.077347],[-93.018352,45.075592],[-93.019967,45.073435],[-93.024972,45.064749],[-93.027811,45.059271],[-93.028337,45.058551],[-93.029513,45.057573],[-93.031396,45.056484],[-93.033089,45.050299],[-93.033879,45.047604],[-93.036984,45.047597],[-93.035794,45.048813],[-93.035973,45.050314],[-93.051301,45.05032],[-93.051079,45.052477],[-93.055572,45.057774],[-93.055595,45.057992],[-93.055454,45.057845],[-93.050015,45.0615],[-93.050015,45.061871],[-93.049995,45.063645],[-93.049873,45.063635],[-93.051052,45.064837],[-93.051123,45.072023],[-93.056144,45.072032],[-93.056126,45.079252]]]}},{"type":"Feature","properties":{"unit_id":"27053100200","name":"Census Tract 1002 \u2014 Hennepin","native_id":"27053100200","source":"census_tract_2025","adm3_name":"Hennepin County","adm3_id":"27053","area_sqm":1505081,"split":false,"population":1812.0,"days_covered":24,"daytime_peak_f":87.5,"heat_anomaly_f":6.4,"extreme_pct":17.0,"nighttime_stress_f":-2.8,"daytime_peak_f_climrel":0.3865,"heat_anomaly_f_climrel":0.3865,"nighttime_stress_f_climrel":-0.1712,"extreme_pct_climrel":0.425,"ref_daytime_hi_mean":81.2,"ref_daytime_hi_p95":93.7,"rwi_mean":null,"health_per_10k":0.0,"built_frac":0.38,"tree_frac":0.424,"canopy_frac_over_3m":0.383,"viirs_mean":29.1,"gdl_hdi":0.96,"gdl_region":"Minnesota","ghsl_smod":30,"lst_anomaly_c":null,"lst_anomaly_c_climrel":null,"worldpop_pop_total":4032.0,"frac_under5":5.4,"frac_elderly_65plus":13.5,"frac_elderly_75plus":4.2,"old_age_dependency_ratio":0.194,"has_data":true},"geometry":{"type":"Polygon","coordinates":[[[-93.322606,45.042644],[-93.319433,45.04217],[-93.306676,45.039352],[-93.299065,45.037659],[-93.294891,45.036736],[-93.294025,45.036464],[-93.290405,45.034725],[-93.288108,45.032723],[-93.288109,45.031506],[-93.290649,45.031517],[-93.295753,45.031534],[-93.300842,45.031265],[-93.300858,45.033359],[-93.305966,45.033383],[-93.305931,45.031307],[-93.308479,45.031319],[-93.308563,45.03545],[-93.318794,45.035458],[-93.319419,45.035451],[-93.31929,45.036896],[-93.319275,45.038556],[-93.319315,45.040419],[-93.323233,45.040448],[-93.322606,45.042644]]]}},{"type":"Feature","properties":{"unit_id":"27053110500","name":"Census Tract 1105 \u2014 Hennepin","native_id":"27053110500","source":"census_tract_2025","adm3_name":"Hennepin County","adm3_id":"27053","area_sqm":2674553,"split":false,"population":3530.0,"days_covered":24,"daytime_peak_f":87.7,"heat_anomaly_f":6.1,"extreme_pct":17.0,"nighttime_stress_f":-3.0,"daytime_peak_f_climrel":0.3591,"heat_anomaly_f_climrel":0.3591,"nighttime_stress_f_climrel":-0.1852,"extreme_pct_climrel":0.425,"ref_daytime_hi_mean":81.5,"ref_daytime_hi_p95":94.0,"rwi_mean":null,"health_per_10k":8.498583569405099,"built_frac":0.242,"tree_frac":0.553,"canopy_frac_over_3m":0.421,"viirs_mean":26.3,"gdl_hdi":0.96,"gdl_region":"Minnesota","ghsl_smod":30,"lst_anomaly_c":null,"lst_anomaly_c_climrel":null,"worldpop_pop_total":5771.0,"frac_under5":4.1,"frac_elderly_65plus":24.3,"frac_elderly_75plus":12.2,"old_age_dependency_ratio":0.378,"has_data":true},"geometry":{"type":"Polygon","coordinates":[[[-93.222371,44.92511],[-93.212761,44.925199],[-93.212761,44.927006],[-93.212753,44.930636],[-93.212769,44.934265],[-93.208931,44.9343],[-93.203026,44.934349],[-93.200791,44.934301],[-93.200296,44.930709],[-93.199811,44.926929],[-93.201359,44.919764],[-93.201213,44.917878],[-93.200367,44.909625],[-93.198737,44.907761],[-93.194042,44.905414],[-93.198449,44.905409],[-93.200949,44.907199],[-93.205743,44.90927],[-93.207199,44.910263],[-93.210289,44.912965],[-93.213253,44.915274],[-93.215016,44.916312],[-93.21523,44.916465],[-93.218559,44.919708],[-93.222371,44.92511]]]}},{"type":"Feature","properties":{"unit_id":"27053026828","name":"Census Tract 268.28 \u2014 Hennepin","native_id":"27053026828","source":"census_tract_2025","adm3_name":"Hennepin County","adm3_id":"27053","area_sqm":1590488,"split":false,"population":3688.0,"days_covered":24,"daytime_peak_f":87.3,"heat_anomaly_f":6.2,"extreme_pct":17.0,"nighttime_stress_f":-2.8,"daytime_peak_f_climrel":0.3737,"heat_anomaly_f_climrel":0.3737,"nighttime_stress_f_climrel":-0.1775,"extreme_pct_climrel":0.425,"ref_daytime_hi_mean":81.1,"ref_daytime_hi_p95":93.9,"rwi_mean":null,"health_per_10k":0.0,"built_frac":0.316,"tree_frac":0.43,"canopy_frac_over_3m":0.319,"viirs_mean":22.7,"gdl_hdi":0.96,"gdl_region":"Minnesota","ghsl_smod":30,"lst_anomaly_c":null,"lst_anomaly_c_climrel":null,"worldpop_pop_total":4765.0,"frac_under5":7.6,"frac_elderly_65plus":10.3,"frac_elderly_75plus":3.5,"old_age_dependency_ratio":0.151,"has_data":true},"geometry":{"type":"Polygon","coordinates":[[[-93.35669,45.108879],[-93.34643,45.108893],[-93.341284,45.108909],[-93.341293,45.105247],[-93.341225,45.098049],[-93.346947,45.098042],[-93.348427,45.097763],[-93.349686,45.097153],[-93.351616,45.095776],[-93.352425,45.095512],[-93.356415,45.095375],[-93.356453,45.098061],[-93.356476,45.099857],[-93.35651,45.103011],[-93.35669,45.108879]]]}},{"type":"Feature","properties":{"unit_id":"27123042601","name":"Census Tract 426.01 \u2014 Ramsey","native_id":"27123042601","source":"census_tract_2025","adm3_name":"Ramsey County","adm3_id":"27123","area_sqm":2556191,"split":false,"population":4172.0,"days_covered":24,"daytime_peak_f":86.8,"heat_anomaly_f":6.5,"extreme_pct":17.0,"nighttime_stress_f":-2.3,"daytime_peak_f_climrel":0.392,"heat_anomaly_f_climrel":0.392,"nighttime_stress_f_climrel":-0.1343,"extreme_pct_climrel":0.425,"ref_daytime_hi_mean":80.3,"ref_daytime_hi_p95":92.8,"rwi_mean":null,"health_per_10k":0.0,"built_frac":0.272,"tree_frac":0.562,"canopy_frac_over_3m":0.328,"viirs_mean":20.6,"gdl_hdi":0.96,"gdl_region":"Minnesota","ghsl_smod":23,"lst_anomaly_c":null,"lst_anomaly_c_climrel":null,"worldpop_pop_total":4952.0,"frac_under5":5.8,"frac_elderly_65plus":16.4,"frac_elderly_75plus":6.0,"old_age_dependency_ratio":0.252,"has_data":true},"geometry":{"type":"Polygon","coordinates":[[[-93.015213,45.026242],[-93.005017,45.026321],[-93.005033,45.028117],[-92.994922,45.02826],[-92.994873,45.021057],[-92.994858,45.01654],[-92.992277,45.015715],[-92.994994,45.014163],[-92.997377,45.013319],[-93.002445,45.012297],[-93.005027,45.012267],[-93.01108,45.012203],[-93.01509,45.011873],[-93.015122,45.020849],[-93.015213,45.026242]]]}},{"type":"Feature","properties":{"unit_id":"27053106900","name":"Census Tract 1069 \u2014 Hennepin","native_id":"27053106900","source":"census_tract_2025","adm3_name":"Hennepin County","adm3_id":"27053","area_sqm":507721,"split":false,"population":3423.0,"days_covered":24,"daytime_peak_f":87.5,"heat_anomaly_f":6.4,"extreme_pct":17.0,"nighttime_stress_f":-2.8,"daytime_peak_f_climrel":0.3865,"heat_anomaly_f_climrel":0.3865,"nighttime_stress_f_climrel":-0.1712,"extreme_pct_climrel":0.425,"ref_daytime_hi_mean":81.2,"ref_daytime_hi_p95":93.7,"rwi_mean":null,"health_per_10k":5.842827928717499,"built_frac":0.639,"tree_frac":0.322,"canopy_frac_over_3m":0.266,"viirs_mean":75.4,"gdl_hdi":0.96,"gdl_region":"Minnesota","ghsl_smod":30,"lst_anomaly_c":null,"lst_anomaly_c_climrel":null,"worldpop_pop_total":3034.0,"frac_under5":2.5,"frac_elderly_65plus":6.7,"frac_elderly_75plus":2.3,"old_age_dependency_ratio":0.079,"has_data":true},"geometry":{"type":"Polygon","coordinates":[[[-93.277863,44.957336],[-93.277847,44.959114],[-93.277846,44.959202],[-93.277817,44.962696],[-93.275284,44.962696],[-93.272762,44.962696],[-93.269925,44.962692],[-93.269962,44.960915],[-93.269982,44.959116],[-93.269473,44.956947],[-93.27021,44.955528],[-93.272766,44.955532],[-93.277878,44.955532],[-93.277863,44.957336]]]}},{"type":"Feature","properties":{"unit_id":"27053021502","name":"Census Tract 215.02 \u2014 Hennepin","native_id":"27053021502","source":"census_tract_2025","adm3_name":"Hennepin County","adm3_id":"27053","area_sqm":1983493,"split":false,"population":3555.0,"days_covered":24,"daytime_peak_f":87.3,"heat_anomaly_f":6.2,"extreme_pct":17.0,"nighttime_stress_f":-3.0,"daytime_peak_f_climrel":0.3731,"heat_anomaly_f_climrel":0.3731,"nighttime_stress_f_climrel":-0.1862,"extreme_pct_climrel":0.425,"ref_daytime_hi_mean":81.1,"ref_daytime_hi_p95":93.9,"rwi_mean":null,"health_per_10k":0.0,"built_frac":0.519,"tree_frac":0.311,"canopy_frac_over_3m":0.215,"viirs_mean":35.6,"gdl_hdi":0.96,"gdl_region":"Minnesota","ghsl_smod":30,"lst_anomaly_c":null,"lst_anomaly_c_climrel":null,"worldpop_pop_total":4122.0,"frac_under5":6.7,"frac_elderly_65plus":19.7,"frac_elderly_75plus":10.8,"old_age_dependency_ratio":0.321,"has_data":true},"geometry":{"type":"Polygon","coordinates":[[[-93.400796,45.050944],[-93.400769,45.058022],[-93.399315,45.057785],[-93.393982,45.058163],[-93.390594,45.057735],[-93.387299,45.056973],[-93.384705,45.05658],[-93.383827,45.056396],[-93.380447,45.055071],[-93.378548,45.054691],[-93.376702,45.055623],[-93.37664,45.058372],[-93.375255,45.058368],[-93.375289,45.055606],[-93.376099,45.054685],[-93.37577,45.051959],[-93.37307,45.051965],[-93.373051,45.05468],[-93.374108,45.05623],[-93.372825,45.056223],[-93.372856,45.05468],[-93.372863,45.049417],[-93.372876,45.047296],[-93.370363,45.046536],[-93.373825,45.04644],[-93.380402,45.048534],[-93.382347,45.049019],[-93.390633,45.049023],[-93.40079,45.048924],[-93.400796,45.050944]]]}},{"type":"Feature","properties":{"unit_id":"27123034602","name":"Census Tract 346.02 \u2014 Ramsey","native_id":"27123034602","source":"census_tract_2025","adm3_name":"Ramsey County","adm3_id":"27123","area_sqm":1585827,"split":false,"population":4657.0,"days_covered":24,"daytime_peak_f":86.8,"heat_anomaly_f":6.5,"extreme_pct":17.0,"nighttime_stress_f":-2.3,"daytime_peak_f_climrel":0.392,"heat_anomaly_f_climrel":0.392,"nighttime_stress_f_climrel":-0.1343,"extreme_pct_climrel":0.425,"ref_daytime_hi_mean":80.3,"ref_daytime_hi_p95":92.8,"rwi_mean":null,"health_per_10k":0.0,"built_frac":0.381,"tree_frac":0.527,"canopy_frac_over_3m":0.349,"viirs_mean":26.9,"gdl_hdi":0.96,"gdl_region":"Minnesota","ghsl_smod":30,"lst_anomaly_c":null,"lst_anomaly_c_climrel":null,"worldpop_pop_total":5154.0,"frac_under5":7.4,"frac_elderly_65plus":8.9,"frac_elderly_75plus":3.4,"old_age_dependency_ratio":0.13,"has_data":true},"geometry":{"type":"Polygon","coordinates":[[[-93.045939,44.963107],[-93.039592,44.963112],[-93.03551,44.963114],[-93.030415,44.963098],[-93.03035,44.956783],[-93.030352,44.95277],[-93.030648,44.95178],[-93.034677,44.952345],[-93.034635,44.948777],[-93.040535,44.94875],[-93.040551,44.951691],[-93.041125,44.952781],[-93.041561,44.953997],[-93.045582,44.95409],[-93.045594,44.956779],[-93.045956,44.956778],[-93.045939,44.963107]]]}},{"type":"Feature","properties":{"unit_id":"27123042401","name":"Census Tract 424.01 \u2014 Ramsey","native_id":"27123042401","source":"census_tract_2025","adm3_name":"Ramsey County","adm3_id":"27123","area_sqm":6057761,"split":false,"population":5942.0,"days_covered":24,"daytime_peak_f":86.8,"heat_anomaly_f":6.5,"extreme_pct":17.0,"nighttime_stress_f":-2.3,"daytime_peak_f_climrel":0.392,"heat_anomaly_f_climrel":0.392,"nighttime_stress_f_climrel":-0.1343,"extreme_pct_climrel":0.425,"ref_daytime_hi_mean":80.3,"ref_daytime_hi_p95":92.8,"rwi_mean":null,"health_per_10k":11.780545270952542,"built_frac":0.343,"tree_frac":0.485,"canopy_frac_over_3m":0.319,"viirs_mean":33.4,"gdl_hdi":0.96,"gdl_region":"Minnesota","ghsl_smod":23,"lst_anomaly_c":null,"lst_anomaly_c_climrel":null,"worldpop_pop_total":7204.0,"frac_under5":5.8,"frac_elderly_65plus":25.0,"frac_elderly_75plus":13.5,"old_age_dependency_ratio":0.427,"has_data":true},"geometry":{"type":"Polygon","coordinates":[[[-93.03584,45.035213],[-93.034304,45.03579],[-93.017643,45.035783],[-93.017145,45.035782],[-93.017217,45.036389],[-93.013656,45.036776],[-93.009951,45.036718],[-93.005724,45.036301],[-93.005733,45.035784],[-93.005173,45.035784],[-93.000873,45.035784],[-92.989216,45.034561],[-92.984784,45.033066],[-92.984778,45.032043],[-92.984766,45.029312],[-92.986794,45.029379],[-92.986646,45.029922],[-92.987631,45.030105],[-92.987712,45.030008],[-92.988344,45.029944],[-92.988653,45.029953],[-92.989078,45.029914],[-92.989785,45.029738],[-92.989975,45.029716],[-92.990694,45.029691],[-92.992207,45.031909],[-92.994947,45.031874],[-92.994922,45.02826],[-93.005033,45.028117],[-93.005017,45.026321],[-93.015213,45.026242],[-93.015122,45.020849],[-93.01509,45.011873],[-93.018844,45.011711],[-93.021685,45.011718],[-93.035467,45.011753],[-93.03545,45.02083],[-93.035619,45.028058],[-93.035509,45.034722],[-93.03584,45.035213]]]}},{"type":"Feature","properties":{"unit_id":"27053026725","name":"Census Tract 267.25 \u2014 Hennepin","native_id":"27053026725","source":"census_tract_2025","adm3_name":"Hennepin County","adm3_id":"27053","area_sqm":2316259,"split":false,"population":1938.0,"days_covered":24,"daytime_peak_f":87.3,"heat_anomaly_f":6.2,"extreme_pct":17.0,"nighttime_stress_f":-3.0,"daytime_peak_f_climrel":0.3731,"heat_anomaly_f_climrel":0.3731,"nighttime_stress_f_climrel":-0.1862,"extreme_pct_climrel":0.425,"ref_daytime_hi_mean":81.1,"ref_daytime_hi_p95":93.9,"rwi_mean":null,"health_per_10k":5.159958720330237,"built_frac":0.202,"tree_frac":0.583,"canopy_frac_over_3m":0.276,"viirs_mean":16.1,"gdl_hdi":0.96,"gdl_region":"Minnesota","ghsl_smod":21,"lst_anomaly_c":null,"lst_anomaly_c_climrel":null,"worldpop_pop_total":3766.0,"frac_under5":5.1,"frac_elderly_65plus":13.9,"frac_elderly_75plus":4.3,"old_age_dependency_ratio":0.198,"has_data":true},"geometry":{"type":"Polygon","coordinates":[[[-93.456642,45.1068],[-93.45681,45.107357],[-93.456123,45.109425],[-93.456459,45.112274],[-93.45694,45.123528],[-93.455391,45.123486],[-93.447656,45.123512],[-93.441849,45.123531],[-93.441338,45.121983],[-93.441818,45.116352],[-93.441872,45.11187],[-93.443672,45.109837],[-93.444628,45.104343],[-93.451611,45.105136],[-93.451848,45.105148],[-93.453097,45.10518],[-93.457658,45.10492],[-93.456642,45.1068]]]}},{"type":"Feature","properties":{"unit_id":"27053026302","name":"Census Tract 263.02 \u2014 Hennepin","native_id":"27053026302","source":"census_tract_2025","adm3_name":"Hennepin County","adm3_id":"27053","area_sqm":5313358,"split":false,"population":2412.0,"days_covered":24,"daytime_peak_f":87.4,"heat_anomaly_f":6.2,"extreme_pct":17.0,"nighttime_stress_f":-2.9,"daytime_peak_f_climrel":0.3694,"heat_anomaly_f_climrel":0.3694,"nighttime_stress_f_climrel":-0.1763,"extreme_pct_climrel":0.425,"ref_daytime_hi_mean":81.2,"ref_daytime_hi_p95":93.5,"rwi_mean":null,"health_per_10k":0.0,"built_frac":0.098,"tree_frac":0.641,"canopy_frac_over_3m":0.411,"viirs_mean":7.6,"gdl_hdi":0.96,"gdl_region":"Minnesota","ghsl_smod":21,"lst_anomaly_c":null,"lst_anomaly_c_climrel":null,"worldpop_pop_total":3600.0,"frac_under5":6.0,"frac_elderly_65plus":22.1,"frac_elderly_75plus":7.7,"old_age_dependency_ratio":0.372,"has_data":true},"geometry":{"type":"Polygon","coordinates":[[[-93.507425,44.934713],[-93.505315,44.936009],[-93.502388,44.936588],[-93.502343,44.939308],[-93.507443,44.939391],[-93.50727,44.945608],[-93.502228,44.945618],[-93.502067,44.952346],[-93.502063,44.95346],[-93.499839,44.950642],[-93.499188,44.950447],[-93.497786,44.950716],[-93.496599,44.951668],[-93.492021,44.95563],[-93.491932,44.956954],[-93.489376,44.955118],[-93.486608,44.953022],[-93.481506,44.94826],[-93.476214,44.945652],[-93.474519,44.946091],[-93.465183,44.945435],[-93.4582,44.941055],[-93.456246,44.941071],[-93.456285,44.940796],[-93.461357,44.939949],[-93.466896,44.937901],[-93.466908,44.937643],[-93.471992,44.936977],[-93.48114,44.93581],[-93.482297,44.935583],[-93.484436,44.934879],[-93.487283,44.933279],[-93.490364,44.931644],[-93.502731,44.929806],[-93.505081,44.929398],[-93.507813,44.928802],[-93.507425,44.934713]]]}},{"type":"Feature","properties":{"unit_id":"27053980000","name":"Census Tract 9800 \u2014 Hennepin","native_id":"27053980000","source":"census_tract_2025","adm3_name":"Hennepin County","adm3_id":"27053","area_sqm":15544041,"split":false,"population":12215.0,"days_covered":24,"daytime_peak_f":87.7,"heat_anomaly_f":6.1,"extreme_pct":17.0,"nighttime_stress_f":-3.0,"daytime_peak_f_climrel":0.3591,"heat_anomaly_f_climrel":0.3591,"nighttime_stress_f_climrel":-0.1852,"extreme_pct_climrel":0.425,"ref_daytime_hi_mean":81.5,"ref_daytime_hi_p95":94.0,"rwi_mean":null,"health_per_10k":1.6373311502251329,"built_frac":0.564,"tree_frac":0.101,"canopy_frac_over_3m":0.083,"viirs_mean":56.9,"gdl_hdi":0.96,"gdl_region":"Minnesota","ghsl_smod":11,"lst_anomaly_c":null,"lst_anomaly_c_climrel":null,"worldpop_pop_total":89.0,"frac_under5":7.4,"frac_elderly_65plus":11.9,"frac_elderly_75plus":5.7,"old_age_dependency_ratio":0.184,"has_data":true},"geometry":{"type":"Polygon","coordinates":[[[-93.255287,44.895439],[-93.254639,44.89793],[-93.248314,44.897945],[-93.247161,44.897643],[-93.247176,44.89698],[-93.247144,44.896014],[-93.244988,44.895992],[-93.245071,44.896613],[-93.245054,44.897241],[-93.242531,44.897676],[-93.242531,44.897],[-93.241861,44.896994],[-93.241859,44.897138],[-93.24128,44.897133],[-93.241282,44.897005],[-93.239979,44.896935],[-93.238676,44.896974],[-93.23747,44.896953],[-93.23238,44.896869],[-93.232382,44.896454],[-93.234947,44.896091],[-93.234955,44.895115],[-93.232399,44.895138],[-93.231763,44.896468],[-93.231759,44.896864],[-93.222961,44.897152],[-93.220347,44.897133],[-93.219018,44.897903],[-93.219024,44.896742],[-93.219774,44.896965],[-93.222588,44.896821],[-93.222638,44.896048],[-93.219033,44.894897],[-93.217189,44.896144],[-93.217175,44.893697],[-93.210893,44.893092],[-93.210746,44.896135],[-93.210753,44.896313],[-93.207687,44.896317],[-93.207757,44.888776],[-93.199592,44.885022],[-93.195901,44.884432],[-93.190696,44.882231],[-93.186514,44.88931],[-93.184896,44.891313],[-93.179577,44.888252],[-93.182632,44.88712],[-93.182969,44.885348],[-93.179613,44.882748],[-93.178533,44.88134],[-93.178771,44.880162],[-93.181209,44.878055],[-93.185798,44.876486],[-93.18788,44.875002],[-93.189886,44.871537],[-93.193352,44.869209],[-93.197457,44.867118],[-93.199969,44.865505],[-93.200393,44.864523],[-93.19794,44.862],[-93.229134,44.861969],[-93.237573,44.861947],[-93.247336,44.861921],[-93.247984,44.861919],[-93.247985,44.862271],[-93.247983,44.864738],[-93.24791,44.872711],[-93.247902,44.875942],[-93.247902,44.878105],[-93.246462,44.878098],[-93.245597,44.881742],[-93.244908,44.883043],[-93.246819,44.883501],[-93.246792,44.888814],[-93.24779,44.890607],[-93.252899,44.890717],[-93.252945,44.892525],[-93.254126,44.892717],[-93.254066,44.894341],[-93.254646,44.894329],[-93.255287,44.895439]]]}},{"type":"Feature","properties":{"unit_id":"27053027503","name":"Census Tract 275.03 \u2014 Hennepin","native_id":"27053027503","source":"census_tract_2025","adm3_name":"Hennepin County","adm3_id":"27053","area_sqm":8391762,"split":false,"population":3227.0,"days_covered":24,"daytime_peak_f":86.9,"heat_anomaly_f":6.3,"extreme_pct":8.0,"nighttime_stress_f":-2.5,"daytime_peak_f_climrel":0.3684,"heat_anomaly_f_climrel":0.3684,"nighttime_stress_f_climrel":-0.1506,"extreme_pct_climrel":0.2,"ref_daytime_hi_mean":80.7,"ref_daytime_hi_p95":93.3,"rwi_mean":null,"health_per_10k":9.296560272699102,"built_frac":0.04,"tree_frac":0.481,"canopy_frac_over_3m":0.343,"viirs_mean":4.3,"gdl_hdi":0.96,"gdl_region":"Minnesota","ghsl_smod":21,"lst_anomaly_c":null,"lst_anomaly_c_climrel":null,"worldpop_pop_total":4600.0,"frac_under5":4.1,"frac_elderly_65plus":18.3,"frac_elderly_75plus":6.7,"old_age_dependency_ratio":0.29,"has_data":true},"geometry":{"type":"Polygon","coordinates":[[[-93.645421,44.916964],[-93.640277,44.916962],[-93.632793,44.922248],[-93.628451,44.922238],[-93.624961,44.920565],[-93.622896,44.919809],[-93.614685,44.916845],[-93.604738,44.916769],[-93.604872,44.911108],[-93.601828,44.909763],[-93.601866,44.908368],[-93.601927,44.906126],[-93.593947,44.905288],[-93.589405,44.905177],[-93.588975,44.900859],[-93.587493,44.900888],[-93.587465,44.905118],[-93.584332,44.904111],[-93.584247,44.90625],[-93.584248,44.90758],[-93.57882,44.909184],[-93.573385,44.911917],[-93.57119,44.909871],[-93.577667,44.905531],[-93.576787,44.904106],[-93.576511,44.901417],[-93.577753,44.901426],[-93.577785,44.898864],[-93.579101,44.897858],[-93.575252,44.897561],[-93.574962,44.896474],[-93.573363,44.896963],[-93.572362,44.89543],[-93.576653,44.892895],[-93.578011,44.8923],[-93.579489,44.891914],[-93.584254,44.891328],[-93.607239,44.891514],[-93.617134,44.891438],[-93.618688,44.891422],[-93.619743,44.891411],[-93.634896,44.891062],[-93.63724,44.891062],[-93.645317,44.891058],[-93.645421,44.916964]]]}},{"type":"Feature","properties":{"unit_id":"27053026903","name":"Census Tract 269.03 \u2014 Hennepin","native_id":"27053026903","source":"census_tract_2025","adm3_name":"Hennepin County","adm3_id":"27053","area_sqm":4328590,"split":false,"population":2529.0,"days_covered":24,"daytime_peak_f":87.5,"heat_anomaly_f":6.4,"extreme_pct":17.0,"nighttime_stress_f":-3.3,"daytime_peak_f_climrel":0.3766,"heat_anomaly_f_climrel":0.3766,"nighttime_stress_f_climrel":-0.2056,"extreme_pct_climrel":0.425,"ref_daytime_hi_mean":81.1,"ref_daytime_hi_p95":94.4,"rwi_mean":null,"health_per_10k":0.0,"built_frac":0.142,"tree_frac":0.546,"canopy_frac_over_3m":0.406,"viirs_mean":10.1,"gdl_hdi":0.96,"gdl_region":"Minnesota","ghsl_smod":21,"lst_anomaly_c":null,"lst_anomaly_c_climrel":null,"worldpop_pop_total":5176.0,"frac_under5":5.1,"frac_elderly_65plus":19.0,"frac_elderly_75plus":9.2,"old_age_dependency_ratio":0.303,"has_data":true},"geometry":{"type":"Polygon","coordinates":[[[-93.422453,45.211423],[-93.418495,45.205536],[-93.415232,45.200665],[-93.412032,45.198164],[-93.395562,45.191322],[-93.39251,45.18975],[-93.390008,45.18764],[-93.386823,45.185657],[-93.3871,45.185219],[-93.389398,45.184001],[-93.390925,45.185188],[-93.392431,45.185935],[-93.392209,45.185509],[-93.392068,45.180644],[-93.401955,45.18058],[-93.41655,45.180828],[-93.416687,45.176975],[-93.422019,45.171692],[-93.422237,45.188011],[-93.422401,45.201431],[-93.422453,45.211423]]]}},{"type":"Feature","properties":{"unit_id":"27053023402","name":"Census Tract 234.02 \u2014 Hennepin","native_id":"27053023402","source":"census_tract_2025","adm3_name":"Hennepin County","adm3_id":"27053","area_sqm":1615858,"split":false,"population":2527.0,"days_covered":24,"daytime_peak_f":87.9,"heat_anomaly_f":6.3,"extreme_pct":17.0,"nighttime_stress_f":-3.0,"daytime_peak_f_climrel":0.3805,"heat_anomaly_f_climrel":0.3805,"nighttime_stress_f_climrel":-0.1883,"extreme_pct_climrel":0.425,"ref_daytime_hi_mean":81.6,"ref_daytime_hi_p95":94.1,"rwi_mean":null,"health_per_10k":0.0,"built_frac":0.396,"tree_frac":0.371,"canopy_frac_over_3m":0.292,"viirs_mean":33.7,"gdl_hdi":0.96,"gdl_region":"Minnesota","ghsl_smod":30,"lst_anomaly_c":null,"lst_anomaly_c_climrel":null,"worldpop_pop_total":2047.0,"frac_under5":8.1,"frac_elderly_65plus":9.9,"frac_elderly_75plus":3.7,"old_age_dependency_ratio":0.151,"has_data":true},"geometry":{"type":"Polygon","coordinates":[[[-93.40152,44.922649],[-93.395567,44.924684],[-93.385551,44.928083],[-93.380806,44.929695],[-93.379437,44.93016],[-93.380346,44.929389],[-93.37915,44.927825],[-93.37915,44.926073],[-93.378181,44.926116],[-93.374604,44.92641],[-93.370683,44.927466],[-93.37068,44.927362],[-93.370636,44.920654],[-93.370636,44.920503],[-93.37563,44.920357],[-93.385811,44.920395],[-93.401475,44.920502],[-93.40152,44.922649]]]}},{"type":"Feature","properties":{"unit_id":"27123030100","name":"Census Tract 301 \u2014 Ramsey","native_id":"27123030100","source":"census_tract_2025","adm3_name":"Ramsey County","adm3_id":"27123","area_sqm":2744896,"split":false,"population":7484.0,"days_covered":24,"daytime_peak_f":87.6,"heat_anomaly_f":6.1,"extreme_pct":17.0,"nighttime_stress_f":-2.8,"daytime_peak_f_climrel":0.362,"heat_anomaly_f_climrel":0.362,"nighttime_stress_f_climrel":-0.1712,"extreme_pct_climrel":0.425,"ref_daytime_hi_mean":81.5,"ref_daytime_hi_p95":94.1,"rwi_mean":null,"health_per_10k":8.017103153393908,"built_frac":0.342,"tree_frac":0.578,"canopy_frac_over_3m":0.415,"viirs_mean":48.9,"gdl_hdi":0.96,"gdl_region":"Minnesota","ghsl_smod":30,"lst_anomaly_c":null,"lst_anomaly_c_climrel":null,"worldpop_pop_total":4853.0,"frac_under5":4.0,"frac_elderly_65plus":19.3,"frac_elderly_75plus":8.3,"old_age_dependency_ratio":0.284,"has_data":true},"geometry":{"type":"Polygon","coordinates":[[[-93.207587,44.988071],[-93.202484,44.988074],[-93.197383,44.988074],[-93.18719,44.988086],[-93.187223,44.984497],[-93.187233,44.983538],[-93.187302,44.977244],[-93.178035,44.977271],[-93.167025,44.977306],[-93.166964,44.973594],[-93.166967,44.973406],[-93.177738,44.97341],[-93.19353,44.975021],[-93.195665,44.975248],[-93.196612,44.975476],[-93.201201,44.976848],[-93.207649,44.980331],[-93.207587,44.988071]]]}},{"type":"Feature","properties":{"unit_id":"27053005901","name":"Census Tract 59.01 \u2014 Hennepin","native_id":"27053005901","source":"census_tract_2025","adm3_name":"Hennepin County","adm3_id":"27053","area_sqm":458497,"split":false,"population":4322.937708269861,"days_covered":24,"daytime_peak_f":87.5,"heat_anomaly_f":6.4,"extreme_pct":17.0,"nighttime_stress_f":-2.8,"daytime_peak_f_climrel":0.3865,"heat_anomaly_f_climrel":0.3865,"nighttime_stress_f_climrel":-0.1712,"extreme_pct_climrel":0.425,"ref_daytime_hi_mean":81.2,"ref_daytime_hi_p95":93.7,"rwi_mean":null,"health_per_10k":0.0,"built_frac":0.839,"tree_frac":0.118,"canopy_frac_over_3m":0.146,"viirs_mean":93.4,"gdl_hdi":0.96,"gdl_region":"Minnesota","ghsl_smod":30,"lst_anomaly_c":null,"lst_anomaly_c_climrel":null,"worldpop_pop_total":2837.0,"frac_under5":3.5,"frac_elderly_65plus":21.9,"frac_elderly_75plus":10.5,"old_age_dependency_ratio":0.323,"has_data":true},"geometry":{"type":"Polygon","coordinates":[[[-93.269937,44.966131],[-93.269856,44.968067],[-93.269721,44.968067],[-93.262538,44.968117],[-93.262539,44.968033],[-93.259644,44.968048],[-93.258148,44.968929],[-93.25812,44.969538],[-93.256406,44.971529],[-93.253365,44.970189],[-93.253044,44.969997],[-93.253755,44.967584],[-93.252271,44.966],[-93.256048,44.965513],[-93.256688,44.965749],[-93.258165,44.965837],[-93.259662,44.965834],[-93.262535,44.965839],[-93.267767,44.965807],[-93.268479,44.965548],[-93.269929,44.965911],[-93.269937,44.966131]]]}},{"type":"Feature","properties":{"unit_id":"27123040502","name":"Census Tract 405.02 \u2014 Ramsey","native_id":"27123040502","source":"census_tract_2025","adm3_name":"Ramsey County","adm3_id":"27123","area_sqm":2010542,"split":false,"population":3808.0,"days_covered":24,"daytime_peak_f":86.4,"heat_anomaly_f":6.4,"extreme_pct":17.0,"nighttime_stress_f":-2.5,"daytime_peak_f_climrel":0.3794,"heat_anomaly_f_climrel":0.3794,"nighttime_stress_f_climrel":-0.1514,"extreme_pct_climrel":0.425,"ref_daytime_hi_mean":80.1,"ref_daytime_hi_p95":92.4,"rwi_mean":null,"health_per_10k":0.0,"built_frac":0.262,"tree_frac":0.616,"canopy_frac_over_3m":0.378,"viirs_mean":18.3,"gdl_hdi":0.96,"gdl_region":"Minnesota","ghsl_smod":21,"lst_anomaly_c":null,"lst_anomaly_c_climrel":null,"worldpop_pop_total":2689.0,"frac_under5":4.9,"frac_elderly_65plus":27.4,"frac_elderly_75plus":15.0,"old_age_dependency_ratio":0.484,"has_data":true},"geometry":{"type":"Polygon","coordinates":[[[-93.025002,45.090097],[-93.015405,45.090074],[-93.015392,45.095868],[-93.005258,45.098923],[-93.003008,45.099621],[-93.005741,45.094713],[-93.007591,45.089427],[-93.009814,45.085319],[-93.015726,45.079179],[-93.018352,45.075592],[-93.02335,45.077347],[-93.023351,45.079223],[-93.023321,45.082839],[-93.023063,45.082839],[-93.02305,45.086455],[-93.025629,45.086456],[-93.025002,45.090097]]]}},{"type":"Feature","properties":{"unit_id":"27053026028","name":"Census Tract 260.28 \u2014 Hennepin","native_id":"27053026028","source":"census_tract_2025","adm3_name":"Hennepin County","adm3_id":"27053","area_sqm":13387312,"split":false,"population":3655.0,"days_covered":24,"daytime_peak_f":87.9,"heat_anomaly_f":6.3,"extreme_pct":8.0,"nighttime_stress_f":-2.8,"daytime_peak_f_climrel":0.3788,"heat_anomaly_f_climrel":0.3788,"nighttime_stress_f_climrel":-0.1729,"extreme_pct_climrel":0.2,"ref_daytime_hi_mean":81.6,"ref_daytime_hi_p95":94.3,"rwi_mean":null,"health_per_10k":0.0,"built_frac":0.111,"tree_frac":0.307,"canopy_frac_over_3m":0.2,"viirs_mean":8.5,"gdl_hdi":0.96,"gdl_region":"Minnesota","ghsl_smod":11,"lst_anomaly_c":null,"lst_anomaly_c_climrel":null,"worldpop_pop_total":3487.0,"frac_under5":5.1,"frac_elderly_65plus":9.0,"frac_elderly_75plus":2.7,"old_age_dependency_ratio":0.129,"has_data":true},"geometry":{"type":"Polygon","coordinates":[[[-93.520679,44.816779],[-93.516698,44.817884],[-93.507584,44.819477],[-93.501526,44.819546],[-93.491676,44.818378],[-93.486824,44.818512],[-93.48205,44.818064],[-93.480667,44.819412],[-93.480522,44.82267],[-93.479332,44.823975],[-93.4739,44.827272],[-93.475171,44.831507],[-93.475304,44.837097],[-93.470001,44.835613],[-93.458992,44.831764],[-93.44682,44.82898],[-93.445425,44.828198],[-93.442603,44.827171],[-93.438603,44.829117],[-93.435602,44.829671],[-93.429169,44.829812],[-93.429085,44.819817],[-93.42775,44.817608],[-93.429403,44.815082],[-93.429553,44.809533],[-93.434163,44.811128],[-93.438157,44.813074],[-93.439691,44.812773],[-93.441257,44.811249],[-93.442426,44.807081],[-93.443946,44.805588],[-93.449583,44.803664],[-93.454776,44.803088],[-93.45673,44.80316],[-93.459933,44.805787],[-93.461547,44.806524],[-93.463657,44.806653],[-93.471547,44.805379],[-93.475712,44.80434],[-93.481232,44.804742],[-93.482579,44.807573],[-93.4837,44.807793],[-93.489987,44.804612],[-93.491867,44.804643],[-93.496114,44.809542],[-93.499112,44.810318],[-93.501532,44.80836],[-93.501937,44.805924],[-93.503336,44.804735],[-93.504957,44.804713],[-93.508766,44.805074],[-93.51134,44.804997],[-93.517109,44.803478],[-93.518727,44.802713],[-93.520166,44.802181],[-93.520159,44.805037],[-93.520679,44.816779]]]}},{"type":"Feature","properties":{"unit_id":"27053027102","name":"Census Tract 271.02 \u2014 Hennepin","native_id":"27053027102","source":"census_tract_2025","adm3_name":"Hennepin County","adm3_id":"27053","area_sqm":92725404,"split":false,"population":4698.0,"days_covered":24,"daytime_peak_f":87.1,"heat_anomaly_f":6.4,"extreme_pct":17.0,"nighttime_stress_f":-3.2,"daytime_peak_f_climrel":0.3786,"heat_anomaly_f_climrel":0.3786,"nighttime_stress_f_climrel":-0.2002,"extreme_pct_climrel":0.425,"ref_daytime_hi_mean":80.7,"ref_daytime_hi_p95":93.5,"rwi_mean":null,"health_per_10k":0.0,"built_frac":0.03,"tree_frac":0.227,"canopy_frac_over_3m":0.171,"viirs_mean":2.5,"gdl_hdi":0.96,"gdl_region":"Minnesota","ghsl_smod":11,"lst_anomaly_c":null,"lst_anomaly_c_climrel":null,"worldpop_pop_total":6894.0,"frac_under5":5.5,"frac_elderly_65plus":16.7,"frac_elderly_75plus":5.2,"old_age_dependency_ratio":0.26,"has_data":true},"geometry":{"type":"Polygon","coordinates":[[[-93.645998,45.145239],[-93.635506,45.145287],[-93.635376,45.152542],[-93.630424,45.152557],[-93.583778,45.152687],[-93.542488,45.152794],[-93.532106,45.152847],[-93.527029,45.15288],[-93.521818,45.152911],[-93.522125,45.131092],[-93.522217,45.119789],[-93.522224,45.117199],[-93.522214,45.109472],[-93.522217,45.109235],[-93.523502,45.104342],[-93.523022,45.108578],[-93.526456,45.106138],[-93.525519,45.104866],[-93.528453,45.104831],[-93.525748,45.103966],[-93.525716,45.103264],[-93.522254,45.103458],[-93.522224,45.087101],[-93.521974,45.080373],[-93.522011,45.076557],[-93.522057,45.072834],[-93.522079,45.065559],[-93.542587,45.065685],[-93.55035,45.065709],[-93.563184,45.065751],[-93.589248,45.065621],[-93.594422,45.065619],[-93.599595,45.065615],[-93.610697,45.065623],[-93.612156,45.065575],[-93.6202,45.065641],[-93.644951,45.065628],[-93.645828,45.065765],[-93.64584,45.072872],[-93.645855,45.087454],[-93.64591,45.10902],[-93.645912,45.116236],[-93.64591,45.123488],[-93.645998,45.145239]]]}},{"type":"Feature","properties":{"unit_id":"27053110000","name":"Census Tract 1100 \u2014 Hennepin","native_id":"27053110000","source":"census_tract_2025","adm3_name":"Hennepin County","adm3_id":"27053","area_sqm":447622,"split":false,"population":1338.0,"days_covered":24,"daytime_peak_f":87.8,"heat_anomaly_f":6.2,"extreme_pct":17.0,"nighttime_stress_f":-3.2,"daytime_peak_f_climrel":0.3756,"heat_anomaly_f_climrel":0.3756,"nighttime_stress_f_climrel":-0.1982,"extreme_pct_climrel":0.425,"ref_daytime_hi_mean":81.6,"ref_daytime_hi_p95":94.1,"rwi_mean":null,"health_per_10k":0.0,"built_frac":0.479,"tree_frac":0.491,"canopy_frac_over_3m":0.35,"viirs_mean":37.1,"gdl_hdi":0.96,"gdl_region":"Minnesota","ghsl_smod":30,"lst_anomaly_c":null,"lst_anomaly_c_climrel":null,"worldpop_pop_total":1804.0,"frac_under5":7.1,"frac_elderly_65plus":7.2,"frac_elderly_75plus":2.5,"old_age_dependency_ratio":0.102,"has_data":true},"geometry":{"type":"Polygon","coordinates":[[[-93.274546,44.934124],[-93.274017,44.934128],[-93.26754,44.934158],[-93.26754,44.93055],[-93.267555,44.926937],[-93.271719,44.92674],[-93.274568,44.926896],[-93.274546,44.934124]]]}},{"type":"Feature","properties":{"unit_id":"27123043001","name":"Census Tract 430.01 \u2014 Ramsey","native_id":"27123043001","source":"census_tract_2025","adm3_name":"Ramsey County","adm3_id":"27123","area_sqm":1640546,"split":false,"population":5096.0,"days_covered":24,"daytime_peak_f":87.7,"heat_anomaly_f":6.1,"extreme_pct":17.0,"nighttime_stress_f":-3.0,"daytime_peak_f_climrel":0.3591,"heat_anomaly_f_climrel":0.3591,"nighttime_stress_f_climrel":-0.1852,"extreme_pct_climrel":0.425,"ref_daytime_hi_mean":81.5,"ref_daytime_hi_p95":94.0,"rwi_mean":null,"health_per_10k":3.9246467817896393,"built_frac":0.175,"tree_frac":0.657,"canopy_frac_over_3m":0.448,"viirs_mean":22.4,"gdl_hdi":0.96,"gdl_region":"Minnesota","ghsl_smod":30,"lst_anomaly_c":null,"lst_anomaly_c_climrel":null,"worldpop_pop_total":4796.0,"frac_under5":3.8,"frac_elderly_65plus":21.5,"frac_elderly_75plus":8.7,"old_age_dependency_ratio":0.327,"has_data":true},"geometry":{"type":"Polygon","coordinates":[[[-93.201359,44.919764],[-93.199811,44.926929],[-93.200296,44.930709],[-93.200791,44.934301],[-93.192487,44.93432],[-93.187379,44.934329],[-93.18738,44.932506],[-93.187376,44.929794],[-93.187372,44.927064],[-93.187371,44.922526],[-93.187371,44.919797],[-93.187374,44.91792],[-93.195492,44.917893],[-93.198814,44.917868],[-93.201213,44.917878],[-93.201359,44.919764]]]}},{"type":"Feature","properties":{"unit_id":"27123034500","name":"Census Tract 345 \u2014 Ramsey","native_id":"27123034500","source":"census_tract_2025","adm3_name":"Ramsey County","adm3_id":"27123","area_sqm":953571,"split":false,"population":1258.0,"days_covered":24,"daytime_peak_f":87.0,"heat_anomaly_f":6.5,"extreme_pct":17.0,"nighttime_stress_f":-2.0,"daytime_peak_f_climrel":0.3832,"heat_anomaly_f_climrel":0.3832,"nighttime_stress_f_climrel":-0.1206,"extreme_pct_climrel":0.425,"ref_daytime_hi_mean":80.6,"ref_daytime_hi_p95":92.9,"rwi_mean":null,"health_per_10k":0.0,"built_frac":0.231,"tree_frac":0.747,"canopy_frac_over_3m":0.457,"viirs_mean":30.9,"gdl_hdi":0.96,"gdl_region":"Minnesota","ghsl_smod":30,"lst_anomaly_c":null,"lst_anomaly_c_climrel":null,"worldpop_pop_total":4706.0,"frac_under5":7.1,"frac_elderly_65plus":8.0,"frac_elderly_75plus":2.8,"old_age_dependency_ratio":0.118,"has_data":true},"geometry":{"type":"Polygon","coordinates":[[[-93.067,44.959639],[-93.06091,44.959444],[-93.06093,44.961263],[-93.055847,44.961242],[-93.055786,44.956754],[-93.055725,44.951885],[-93.055759,44.947299],[-93.059628,44.947688],[-93.063383,44.952006],[-93.061921,44.951944],[-93.064996,44.954815],[-93.06345,44.955832],[-93.066956,44.956617],[-93.069112,44.958624],[-93.067,44.959639]]]}},{"type":"Feature","properties":{"unit_id":"27053007700","name":"Census Tract 77 \u2014 Hennepin","native_id":"27053007700","source":"census_tract_2025","adm3_name":"Hennepin County","adm3_id":"27053","area_sqm":680287,"split":false,"population":3620.365740737927,"days_covered":24,"daytime_peak_f":87.5,"heat_anomaly_f":6.4,"extreme_pct":17.0,"nighttime_stress_f":-2.8,"daytime_peak_f_climrel":0.3865,"heat_anomaly_f_climrel":0.3865,"nighttime_stress_f_climrel":-0.1712,"extreme_pct_climrel":0.425,"ref_daytime_hi_mean":81.2,"ref_daytime_hi_p95":93.7,"rwi_mean":null,"health_per_10k":30.383670567377283,"built_frac":0.864,"tree_frac":0.12,"canopy_frac_over_3m":0.167,"viirs_mean":73.6,"gdl_hdi":0.96,"gdl_region":"Minnesota","ghsl_smod":30,"lst_anomaly_c":null,"lst_anomaly_c_climrel":null,"worldpop_pop_total":8199.0,"frac_under5":3.3,"frac_elderly_65plus":2.7,"frac_elderly_75plus":0.8,"old_age_dependency_ratio":0.031,"has_data":true},"geometry":{"type":"Polygon","coordinates":[[[-93.298279,44.949257],[-93.298266,44.950321],[-93.298256,44.951954],[-93.288071,44.95195],[-93.277901,44.951942],[-93.276642,44.951939],[-93.27668,44.948353],[-93.277946,44.948353],[-93.283012,44.948359],[-93.288094,44.948364],[-93.290649,44.948364],[-93.295731,44.948364],[-93.298279,44.948364],[-93.298279,44.949257]]]}},{"type":"Feature","properties":{"unit_id":"27123041700","name":"Census Tract 417 \u2014 Ramsey","native_id":"27123041700","source":"census_tract_2025","adm3_name":"Ramsey County","adm3_id":"27123","area_sqm":3230421,"split":false,"population":3004.0,"days_covered":24,"daytime_peak_f":87.0,"heat_anomaly_f":6.5,"extreme_pct":17.0,"nighttime_stress_f":-2.0,"daytime_peak_f_climrel":0.3832,"heat_anomaly_f_climrel":0.3832,"nighttime_stress_f_climrel":-0.1206,"extreme_pct_climrel":0.425,"ref_daytime_hi_mean":80.6,"ref_daytime_hi_p95":92.9,"rwi_mean":null,"health_per_10k":9.986684420772304,"built_frac":0.157,"tree_frac":0.688,"canopy_frac_over_3m":0.464,"viirs_mean":15.3,"gdl_hdi":0.96,"gdl_region":"Minnesota","ghsl_smod":30,"lst_anomaly_c":null,"lst_anomaly_c_climrel":null,"worldpop_pop_total":3114.0,"frac_under5":5.0,"frac_elderly_65plus":24.9,"frac_elderly_75plus":12.2,"old_age_dependency_ratio":0.407,"has_data":true},"geometry":{"type":"Polygon","coordinates":[[[-93.146511,45.010466],[-93.139582,45.010517],[-93.136087,45.01027],[-93.12874,45.009639],[-93.126192,45.009672],[-93.126161,45.006151],[-93.126081,44.998955],[-93.126099,44.991794],[-93.137723,44.991908],[-93.139389,44.991921],[-93.14136,44.991936],[-93.146464,44.991976],[-93.146382,44.999216],[-93.146414,45.006421],[-93.146509,45.010383],[-93.146511,45.010466]]]}},{"type":"Feature","properties":{"unit_id":"27123030704","name":"Census Tract 307.04 \u2014 Ramsey","native_id":"27123030704","source":"census_tract_2025","adm3_name":"Ramsey County","adm3_id":"27123","area_sqm":1337865,"split":false,"population":4452.0,"days_covered":24,"daytime_peak_f":86.8,"heat_anomaly_f":6.5,"extreme_pct":17.0,"nighttime_stress_f":-2.3,"daytime_peak_f_climrel":0.392,"heat_anomaly_f_climrel":0.392,"nighttime_stress_f_climrel":-0.1343,"extreme_pct_climrel":0.425,"ref_daytime_hi_mean":80.3,"ref_daytime_hi_p95":92.8,"rwi_mean":null,"health_per_10k":0.0,"built_frac":0.261,"tree_frac":0.656,"canopy_frac_over_3m":0.419,"viirs_mean":21.7,"gdl_hdi":0.96,"gdl_region":"Minnesota","ghsl_smod":30,"lst_anomaly_c":null,"lst_anomaly_c_climrel":null,"worldpop_pop_total":5316.0,"frac_under5":8.3,"frac_elderly_65plus":8.3,"frac_elderly_75plus":3.1,"old_age_dependency_ratio":0.123,"has_data":true},"geometry":{"type":"Polygon","coordinates":[[[-93.048179,44.979054],[-93.046075,44.980087],[-93.045762,44.982521],[-93.047023,44.984361],[-93.04567,44.984794],[-93.035453,44.984755],[-93.025231,44.984718],[-93.025267,44.981114],[-93.025303,44.977511],[-93.030376,44.977515],[-93.035449,44.977518],[-93.04041,44.977533],[-93.047097,44.977553],[-93.048179,44.979054]]]}},{"type":"Feature","properties":{"unit_id":"27053026015","name":"Census Tract 260.15 \u2014 Hennepin","native_id":"27053026015","source":"census_tract_2025","adm3_name":"Hennepin County","adm3_id":"27053","area_sqm":6755043,"split":false,"population":5048.0,"days_covered":24,"daytime_peak_f":87.9,"heat_anomaly_f":6.3,"extreme_pct":8.0,"nighttime_stress_f":-2.8,"daytime_peak_f_climrel":0.3788,"heat_anomaly_f_climrel":0.3788,"nighttime_stress_f_climrel":-0.1729,"extreme_pct_climrel":0.2,"ref_daytime_hi_mean":81.6,"ref_daytime_hi_p95":94.3,"rwi_mean":null,"health_per_10k":5.942947702060222,"built_frac":0.193,"tree_frac":0.55,"canopy_frac_over_3m":0.362,"viirs_mean":15.5,"gdl_hdi":0.96,"gdl_region":"Minnesota","ghsl_smod":21,"lst_anomaly_c":null,"lst_anomaly_c_climrel":null,"worldpop_pop_total":5867.0,"frac_under5":5.4,"frac_elderly_65plus":16.0,"frac_elderly_75plus":5.3,"old_age_dependency_ratio":0.24,"has_data":true},"geometry":{"type":"Polygon","coordinates":[[[-93.485397,44.862361],[-93.482177,44.86175],[-93.480095,44.861649],[-93.47683,44.861527],[-93.474547,44.861784],[-93.471309,44.862335],[-93.466827,44.861988],[-93.459586,44.862088],[-93.459977,44.860096],[-93.460201,44.855086],[-93.455917,44.854591],[-93.45491,44.853855],[-93.453583,44.850922],[-93.450424,44.848568],[-93.44986,44.848106],[-93.44711,44.846951],[-93.445137,44.8447],[-93.444519,44.844318],[-93.446266,44.842548],[-93.449175,44.842261],[-93.450851,44.836804],[-93.448509,44.832633],[-93.440705,44.832127],[-93.441061,44.831748],[-93.445425,44.828198],[-93.44682,44.82898],[-93.458992,44.831764],[-93.470001,44.835613],[-93.475304,44.837097],[-93.480553,44.838364],[-93.480583,44.842102],[-93.483505,44.846779],[-93.484776,44.851548],[-93.485313,44.853676],[-93.485313,44.85455],[-93.485393,44.862229],[-93.485397,44.862361]]]}},{"type":"Feature","properties":{"unit_id":"27123040605","name":"Census Tract 406.05 \u2014 Ramsey","native_id":"27123040605","source":"census_tract_2025","adm3_name":"Ramsey County","adm3_id":"27123","area_sqm":7119764,"split":false,"population":5501.0,"days_covered":24,"daytime_peak_f":86.6,"heat_anomaly_f":6.1,"extreme_pct":17.0,"nighttime_stress_f":-2.5,"daytime_peak_f_climrel":0.3594,"heat_anomaly_f_climrel":0.3594,"nighttime_stress_f_climrel":-0.151,"extreme_pct_climrel":0.425,"ref_daytime_hi_mean":80.4,"ref_daytime_hi_p95":92.8,"rwi_mean":null,"health_per_10k":3.635702599527358,"built_frac":0.103,"tree_frac":0.495,"canopy_frac_over_3m":0.348,"viirs_mean":8.8,"gdl_hdi":0.96,"gdl_region":"Minnesota","ghsl_smod":21,"lst_anomaly_c":null,"lst_anomaly_c_climrel":null,"worldpop_pop_total":3707.0,"frac_under5":5.0,"frac_elderly_65plus":21.7,"frac_elderly_75plus":7.3,"old_age_dependency_ratio":0.352,"has_data":true},"geometry":{"type":"Polygon","coordinates":[[[-93.106366,45.06477],[-93.097027,45.064784],[-93.086732,45.064798],[-93.084255,45.064663],[-93.05626,45.064695],[-93.056144,45.072032],[-93.051123,45.072023],[-93.051052,45.064837],[-93.049873,45.063635],[-93.049995,45.063645],[-93.050015,45.061871],[-93.050015,45.0615],[-93.055454,45.057845],[-93.055595,45.057992],[-93.055572,45.057774],[-93.051079,45.052477],[-93.051301,45.05032],[-93.065544,45.050332],[-93.069469,45.050335],[-93.074535,45.051631],[-93.07658,45.052896],[-93.076669,45.039595],[-93.07667,45.035883],[-93.082258,45.035913],[-93.085285,45.035496],[-93.08684,45.035927],[-93.086816,45.043148],[-93.106285,45.043105],[-93.10633,45.057567],[-93.106394,45.062041],[-93.106366,45.06477]]]}},{"type":"Feature","properties":{"unit_id":"27053103700","name":"Census Tract 1037 \u2014 Hennepin","native_id":"27053103700","source":"census_tract_2025","adm3_name":"Hennepin County","adm3_id":"27053","area_sqm":820085,"split":false,"population":6333.0,"days_covered":24,"daytime_peak_f":87.5,"heat_anomaly_f":6.4,"extreme_pct":17.0,"nighttime_stress_f":-2.8,"daytime_peak_f_climrel":0.3865,"heat_anomaly_f_climrel":0.3865,"nighttime_stress_f_climrel":-0.1712,"extreme_pct_climrel":0.425,"ref_daytime_hi_mean":81.2,"ref_daytime_hi_p95":93.7,"rwi_mean":null,"health_per_10k":1.5790304752881732,"built_frac":0.607,"tree_frac":0.295,"canopy_frac_over_3m":0.234,"viirs_mean":75.1,"gdl_hdi":0.96,"gdl_region":"Minnesota","ghsl_smod":30,"lst_anomaly_c":null,"lst_anomaly_c_climrel":null,"worldpop_pop_total":5281.0,"frac_under5":1.4,"frac_elderly_65plus":10.8,"frac_elderly_75plus":4.0,"old_age_dependency_ratio":0.126,"has_data":true},"geometry":{"type":"Polygon","coordinates":[[[-93.259985,44.983041],[-93.256973,44.9842],[-93.254875,44.986804],[-93.252989,44.989139],[-93.252455,44.989727],[-93.250923,44.991722],[-93.250206,44.992634],[-93.248186,44.995123],[-93.247469,44.996125],[-93.24731,44.991519],[-93.246964,44.991226],[-93.24617,44.991489],[-93.243477,44.991493],[-93.242996,44.989819],[-93.24456,44.987877],[-93.246902,44.984917],[-93.247673,44.983929],[-93.249176,44.981987],[-93.249835,44.981331],[-93.253725,44.980617],[-93.257124,44.981865],[-93.259985,44.983041]]]}},{"type":"Feature","properties":{"unit_id":"27053009600","name":"Census Tract 96 \u2014 Hennepin","native_id":"27053009600","source":"census_tract_2025","adm3_name":"Hennepin County","adm3_id":"27053","area_sqm":836093,"split":false,"population":1959.0,"days_covered":24,"daytime_peak_f":87.8,"heat_anomaly_f":6.2,"extreme_pct":17.0,"nighttime_stress_f":-3.2,"daytime_peak_f_climrel":0.3756,"heat_anomaly_f_climrel":0.3756,"nighttime_stress_f_climrel":-0.1982,"extreme_pct_climrel":0.425,"ref_daytime_hi_mean":81.6,"ref_daytime_hi_p95":94.1,"rwi_mean":null,"health_per_10k":5.104645227156713,"built_frac":0.399,"tree_frac":0.597,"canopy_frac_over_3m":0.434,"viirs_mean":29.7,"gdl_hdi":0.96,"gdl_region":"Minnesota","ghsl_smod":30,"lst_anomaly_c":null,"lst_anomaly_c_climrel":null,"worldpop_pop_total":3192.0,"frac_under5":5.6,"frac_elderly_65plus":11.0,"frac_elderly_75plus":3.2,"old_age_dependency_ratio":0.151,"has_data":true},"geometry":{"type":"Polygon","coordinates":[[[-93.262546,44.939556],[-93.260029,44.939548],[-93.254967,44.939548],[-93.25494,44.935938],[-93.254929,44.934139],[-93.254936,44.930531],[-93.254929,44.926935],[-93.256187,44.926934],[-93.262512,44.926943],[-93.262474,44.930544],[-93.262475,44.934148],[-93.262527,44.937761],[-93.262546,44.939556]]]}},{"type":"Feature","properties":{"unit_id":"27053100400","name":"Census Tract 1004 \u2014 Hennepin","native_id":"27053100400","source":"census_tract_2025","adm3_name":"Hennepin County","adm3_id":"27053","area_sqm":1827015,"split":false,"population":2428.0,"days_covered":24,"daytime_peak_f":87.5,"heat_anomaly_f":6.4,"extreme_pct":17.0,"nighttime_stress_f":-2.8,"daytime_peak_f_climrel":0.3865,"heat_anomaly_f_climrel":0.3865,"nighttime_stress_f_climrel":-0.1712,"extreme_pct_climrel":0.425,"ref_daytime_hi_mean":81.2,"ref_daytime_hi_p95":93.7,"rwi_mean":null,"health_per_10k":0.0,"built_frac":0.399,"tree_frac":0.231,"canopy_frac_over_3m":0.275,"viirs_mean":26.2,"gdl_hdi":0.96,"gdl_region":"Minnesota","ghsl_smod":30,"lst_anomaly_c":null,"lst_anomaly_c_climrel":null,"worldpop_pop_total":3817.0,"frac_under5":7.4,"frac_elderly_65plus":7.2,"frac_elderly_75plus":2.4,"old_age_dependency_ratio":0.105,"has_data":true},"geometry":{"type":"Polygon","coordinates":[[[-93.308479,45.031319],[-93.305931,45.031307],[-93.305966,45.033383],[-93.300858,45.033359],[-93.300842,45.031265],[-93.295753,45.031534],[-93.290649,45.031517],[-93.288109,45.031506],[-93.286728,45.031513],[-93.282696,45.032427],[-93.282192,45.030751],[-93.281468,45.029312],[-93.278629,45.024982],[-93.278146,45.023844],[-93.288055,45.02393],[-93.290573,45.023949],[-93.293091,45.023968],[-93.295601,45.023987],[-93.296844,45.023998],[-93.303223,45.024048],[-93.308334,45.02409],[-93.308479,45.031319]]]}},{"type":"Feature","properties":{"unit_id":"27053101200","name":"Census Tract 1012 \u2014 Hennepin","native_id":"27053101200","source":"census_tract_2025","adm3_name":"Hennepin County","adm3_id":"27053","area_sqm":1621951,"split":false,"population":2021.0,"days_covered":24,"daytime_peak_f":87.6,"heat_anomaly_f":6.1,"extreme_pct":17.0,"nighttime_stress_f":-2.8,"daytime_peak_f_climrel":0.362,"heat_anomaly_f_climrel":0.362,"nighttime_stress_f_climrel":-0.1712,"extreme_pct_climrel":0.425,"ref_daytime_hi_mean":81.5,"ref_daytime_hi_p95":94.1,"rwi_mean":null,"health_per_10k":0.0,"built_frac":0.334,"tree_frac":0.617,"canopy_frac_over_3m":0.397,"viirs_mean":30.2,"gdl_hdi":0.96,"gdl_region":"Minnesota","ghsl_smod":30,"lst_anomaly_c":null,"lst_anomaly_c_climrel":null,"worldpop_pop_total":5279.0,"frac_under5":4.7,"frac_elderly_65plus":13.4,"frac_elderly_75plus":4.8,"old_age_dependency_ratio":0.183,"has_data":true},"geometry":{"type":"Polygon","coordinates":[[[-93.23716,45.00959],[-93.237152,45.013195],[-93.237129,45.016819],[-93.237114,45.020443],[-93.237122,45.023972],[-93.233276,45.022263],[-93.229614,45.019222],[-93.22686,45.018921],[-93.226857,45.016842],[-93.226845,45.013214],[-93.226629,45.013245],[-93.220497,45.013263],[-93.219601,45.01335],[-93.220554,45.01204],[-93.226647,45.005721],[-93.226921,45.005476],[-93.226921,45.005939],[-93.237175,45.005981],[-93.23716,45.00959]]]}},{"type":"Feature","properties":{"unit_id":"27123030702","name":"Census Tract 307.02 \u2014 Ramsey","native_id":"27123030702","source":"census_tract_2025","adm3_name":"Ramsey County","adm3_id":"27123","area_sqm":2405853,"split":false,"population":4161.0,"days_covered":24,"daytime_peak_f":86.8,"heat_anomaly_f":6.5,"extreme_pct":17.0,"nighttime_stress_f":-2.3,"daytime_peak_f_climrel":0.392,"heat_anomaly_f_climrel":0.392,"nighttime_stress_f_climrel":-0.1343,"extreme_pct_climrel":0.425,"ref_daytime_hi_mean":80.3,"ref_daytime_hi_p95":92.8,"rwi_mean":null,"health_per_10k":0.0,"built_frac":0.189,"tree_frac":0.633,"canopy_frac_over_3m":0.377,"viirs_mean":22.2,"gdl_hdi":0.96,"gdl_region":"Minnesota","ghsl_smod":21,"lst_anomaly_c":null,"lst_anomaly_c_climrel":null,"worldpop_pop_total":6396.0,"frac_under5":6.4,"frac_elderly_65plus":11.1,"frac_elderly_75plus":4.4,"old_age_dependency_ratio":0.164,"has_data":true},"geometry":{"type":"Polygon","coordinates":[[[-93.025267,44.981114],[-93.025231,44.984718],[-93.025226,44.988333],[-93.025222,44.991949],[-93.015043,44.99197],[-93.005064,44.991989],[-93.005099,44.98111],[-93.0051,44.980834],[-93.007713,44.980025],[-93.014825,44.977494],[-93.020231,44.977502],[-93.025303,44.977511],[-93.025267,44.981114]]]}},{"type":"Feature","properties":{"unit_id":"27053022200","name":"Census Tract 222 \u2014 Hennepin","native_id":"27053022200","source":"census_tract_2025","adm3_name":"Hennepin County","adm3_id":"27053","area_sqm":3818523,"split":false,"population":2814.0,"days_covered":24,"daytime_peak_f":87.3,"heat_anomaly_f":6.2,"extreme_pct":17.0,"nighttime_stress_f":-2.9,"daytime_peak_f_climrel":0.3752,"heat_anomaly_f_climrel":0.3752,"nighttime_stress_f_climrel":-0.1776,"extreme_pct_climrel":0.425,"ref_daytime_hi_mean":81.1,"ref_daytime_hi_p95":93.7,"rwi_mean":null,"health_per_10k":0.0,"built_frac":0.165,"tree_frac":0.562,"canopy_frac_over_3m":0.399,"viirs_mean":19.5,"gdl_hdi":0.96,"gdl_region":"Minnesota","ghsl_smod":21,"lst_anomaly_c":null,"lst_anomaly_c_climrel":null,"worldpop_pop_total":5297.0,"frac_under5":4.9,"frac_elderly_65plus":15.6,"frac_elderly_75plus":6.4,"old_age_dependency_ratio":0.219,"has_data":true},"geometry":{"type":"Polygon","coordinates":[[[-93.410466,44.978553],[-93.400575,44.978502],[-93.400419,44.978502],[-93.400483,44.973519],[-93.400493,44.973282],[-93.400573,44.971325],[-93.396478,44.971254],[-93.390316,44.971147],[-93.385793,44.971067],[-93.381929,44.971001],[-93.380067,44.971079],[-93.379501,44.968796],[-93.381401,44.964962],[-93.381279,44.96167],[-93.38125,44.960323],[-93.381196,44.957296],[-93.383691,44.956864],[-93.383601,44.954866],[-93.3834,44.954388],[-93.397804,44.950588],[-93.40042,44.950111],[-93.40071,44.954434],[-93.400691,44.960972],[-93.400639,44.964045],[-93.400759,44.964048],[-93.405556,44.964108],[-93.404702,44.967108],[-93.405563,44.967724],[-93.404296,44.973022],[-93.410511,44.972895],[-93.410466,44.978553]]]}},{"type":"Feature","properties":{"unit_id":"27123040601","name":"Census Tract 406.01 \u2014 Ramsey","native_id":"27123040601","source":"census_tract_2025","adm3_name":"Ramsey County","adm3_id":"27123","area_sqm":19671929,"split":false,"population":3406.0,"days_covered":24,"daytime_peak_f":86.6,"heat_anomaly_f":6.1,"extreme_pct":17.0,"nighttime_stress_f":-2.5,"daytime_peak_f_climrel":0.3594,"heat_anomaly_f_climrel":0.3594,"nighttime_stress_f_climrel":-0.151,"extreme_pct_climrel":0.425,"ref_daytime_hi_mean":80.4,"ref_daytime_hi_p95":92.8,"rwi_mean":null,"health_per_10k":2.935995302407516,"built_frac":0.039,"tree_frac":0.575,"canopy_frac_over_3m":0.413,"viirs_mean":3.9,"gdl_hdi":0.96,"gdl_region":"Minnesota","ghsl_smod":21,"lst_anomaly_c":null,"lst_anomaly_c_climrel":null,"worldpop_pop_total":6346.0,"frac_under5":3.8,"frac_elderly_65plus":33.3,"frac_elderly_75plus":16.6,"old_age_dependency_ratio":0.664,"has_data":true},"geometry":{"type":"Polygon","coordinates":[[[-93.127273,45.10819],[-93.111924,45.108277],[-93.111968,45.11193],[-93.107178,45.111977],[-93.106901,45.115628],[-93.107016,45.124104],[-93.091539,45.124067],[-93.086861,45.124049],[-93.08641,45.124051],[-93.06621,45.124082],[-93.065596,45.124086],[-93.060934,45.12411],[-93.056778,45.124008],[-93.056409,45.122677],[-93.056188,45.087491],[-93.056187,45.087349],[-93.05618,45.08649],[-93.056126,45.079252],[-93.075309,45.079214],[-93.075619,45.079212],[-93.076556,45.079204],[-93.086768,45.079173],[-93.106532,45.079104],[-93.117154,45.079339],[-93.117217,45.079475],[-93.118771,45.082806],[-93.116742,45.082788],[-93.1169,45.088352],[-93.123516,45.088471],[-93.127004,45.091764],[-93.127273,45.10819]]]}},{"type":"Feature","properties":{"unit_id":"27053026726","name":"Census Tract 267.26 \u2014 Hennepin","native_id":"27053026726","source":"census_tract_2025","adm3_name":"Hennepin County","adm3_id":"27053","area_sqm":4439345,"split":false,"population":5135.0,"days_covered":24,"daytime_peak_f":87.3,"heat_anomaly_f":6.2,"extreme_pct":17.0,"nighttime_stress_f":-3.0,"daytime_peak_f_climrel":0.3731,"heat_anomaly_f_climrel":0.3731,"nighttime_stress_f_climrel":-0.1862,"extreme_pct_climrel":0.425,"ref_daytime_hi_mean":81.1,"ref_daytime_hi_p95":93.9,"rwi_mean":null,"health_per_10k":0.0,"built_frac":0.457,"tree_frac":0.276,"canopy_frac_over_3m":0.147,"viirs_mean":40.3,"gdl_hdi":0.96,"gdl_region":"Minnesota","ghsl_smod":30,"lst_anomaly_c":null,"lst_anomaly_c_climrel":null,"worldpop_pop_total":4831.0,"frac_under5":5.3,"frac_elderly_65plus":13.0,"frac_elderly_75plus":4.2,"old_age_dependency_ratio":0.193,"has_data":true},"geometry":{"type":"Polygon","coordinates":[[[-93.443672,45.109837],[-93.441872,45.11187],[-93.441818,45.116352],[-93.441338,45.121983],[-93.441849,45.123531],[-93.428427,45.123567],[-93.427531,45.123879],[-93.426763,45.123528],[-93.421999,45.122145],[-93.413575,45.120087],[-93.407216,45.119457],[-93.40725,45.116109],[-93.403454,45.115526],[-93.403477,45.110687],[-93.402282,45.110686],[-93.402343,45.108785],[-93.422232,45.109198],[-93.427605,45.109177],[-93.430115,45.108791],[-93.432365,45.108044],[-93.436716,45.105743],[-93.442633,45.104299],[-93.444628,45.104343],[-93.443672,45.109837]]]}},{"type":"Feature","properties":{"unit_id":"27053011998","name":"Census Tract 119.98 \u2014 Hennepin","native_id":"27053011998","source":"census_tract_2025","adm3_name":"Hennepin County","adm3_id":"27053","area_sqm":1494682,"split":false,"population":1492.0,"days_covered":24,"daytime_peak_f":87.7,"heat_anomaly_f":6.1,"extreme_pct":17.0,"nighttime_stress_f":-3.0,"daytime_peak_f_climrel":0.3591,"heat_anomaly_f_climrel":0.3591,"nighttime_stress_f_climrel":-0.1852,"extreme_pct_climrel":0.425,"ref_daytime_hi_mean":81.5,"ref_daytime_hi_p95":94.0,"rwi_mean":null,"health_per_10k":6.702412868632708,"built_frac":0.277,"tree_frac":0.7,"canopy_frac_over_3m":0.467,"viirs_mean":28.2,"gdl_hdi":0.96,"gdl_region":"Minnesota","ghsl_smod":30,"lst_anomaly_c":null,"lst_anomaly_c_climrel":null,"worldpop_pop_total":4589.0,"frac_under5":5.1,"frac_elderly_65plus":19.8,"frac_elderly_75plus":8.4,"old_age_dependency_ratio":0.299,"has_data":true},"geometry":{"type":"Polygon","coordinates":[[[-93.222862,44.908989],[-93.222839,44.912613],[-93.222847,44.916401],[-93.217738,44.916438],[-93.215244,44.916308],[-93.215016,44.916312],[-93.213253,44.915274],[-93.210289,44.912965],[-93.207199,44.910263],[-93.205743,44.90927],[-93.200949,44.907199],[-93.198449,44.905409],[-93.203381,44.905404],[-93.207596,44.905392],[-93.212692,44.905388],[-93.217781,44.90538],[-93.222878,44.905373],[-93.222862,44.908989]]]}},{"type":"Feature","properties":{"unit_id":"27053025704","name":"Census Tract 257.04 \u2014 Hennepin","native_id":"27053025704","source":"census_tract_2025","adm3_name":"Hennepin County","adm3_id":"27053","area_sqm":2739197,"split":false,"population":2882.0,"days_covered":24,"daytime_peak_f":87.8,"heat_anomaly_f":6.1,"extreme_pct":8.0,"nighttime_stress_f":-3.1,"daytime_peak_f_climrel":0.3674,"heat_anomaly_f_climrel":0.3674,"nighttime_stress_f_climrel":-0.1896,"extreme_pct_climrel":0.2,"ref_daytime_hi_mean":81.7,"ref_daytime_hi_p95":94.4,"rwi_mean":null,"health_per_10k":0.0,"built_frac":0.222,"tree_frac":0.648,"canopy_frac_over_3m":0.41,"viirs_mean":16.1,"gdl_hdi":0.96,"gdl_region":"Minnesota","ghsl_smod":23,"lst_anomaly_c":null,"lst_anomaly_c_climrel":null,"worldpop_pop_total":5215.0,"frac_under5":5.1,"frac_elderly_65plus":19.5,"frac_elderly_75plus":8.9,"old_age_dependency_ratio":0.302,"has_data":true},"geometry":{"type":"Polygon","coordinates":[[[-93.350432,44.807917],[-93.35041,44.818918],[-93.350388,44.825905],[-93.347687,44.825718],[-93.345778,44.824822],[-93.343445,44.824417],[-93.338164,44.825174],[-93.335869,44.825298],[-93.331116,44.827259],[-93.329445,44.827366],[-93.329514,44.819248],[-93.329533,44.813693],[-93.346161,44.807982],[-93.348511,44.807018],[-93.350441,44.80579],[-93.350432,44.807917]]]}},{"type":"Feature","properties":{"unit_id":"27053027300","name":"Census Tract 273 \u2014 Hennepin","native_id":"27053027300","source":"census_tract_2025","adm3_name":"Hennepin County","adm3_id":"27053","area_sqm":8005817,"split":false,"population":6188.0,"days_covered":24,"daytime_peak_f":87.0,"heat_anomaly_f":6.2,"extreme_pct":17.0,"nighttime_stress_f":-3.1,"daytime_peak_f_climrel":0.3719,"heat_anomaly_f_climrel":0.3719,"nighttime_stress_f_climrel":-0.1886,"extreme_pct_climrel":0.425,"ref_daytime_hi_mean":80.8,"ref_daytime_hi_p95":93.4,"rwi_mean":null,"health_per_10k":3.2320620555914674,"built_frac":0.135,"tree_frac":0.416,"canopy_frac_over_3m":0.324,"viirs_mean":14.5,"gdl_hdi":0.96,"gdl_region":"Minnesota","ghsl_smod":21,"lst_anomaly_c":null,"lst_anomaly_c_climrel":null,"worldpop_pop_total":4848.0,"frac_under5":3.4,"frac_elderly_65plus":33.2,"frac_elderly_75plus":18.8,"old_age_dependency_ratio":0.601,"has_data":true},"geometry":{"type":"Polygon","coordinates":[[[-93.544005,44.979138],[-93.542882,44.978503],[-93.542829,44.978076],[-93.526483,44.978038],[-93.526496,44.977364],[-93.522556,44.978028],[-93.522544,44.9816],[-93.511961,44.981781],[-93.510498,44.97821],[-93.509317,44.978225],[-93.502235,44.98225],[-93.502144,44.978395],[-93.494402,44.978467],[-93.494113,44.974934],[-93.491388,44.974422],[-93.490072,44.976477],[-93.487921,44.978051],[-93.48527,44.976203],[-93.487729,44.974502],[-93.485265,44.971437],[-93.483371,44.971334],[-93.48343,44.97391],[-93.4817,44.973933],[-93.48172,44.971348],[-93.476721,44.971382],[-93.476723,44.970919],[-93.47674,44.965794],[-93.481808,44.965821],[-93.486878,44.965845],[-93.486866,44.967577],[-93.488948,44.967556],[-93.489199,44.96409],[-93.491979,44.964102],[-93.491932,44.956954],[-93.492021,44.95563],[-93.496599,44.951668],[-93.497786,44.950716],[-93.499188,44.950447],[-93.499839,44.950642],[-93.502063,44.95346],[-93.509208,44.959939],[-93.511099,44.960438],[-93.52264,44.960385],[-93.526411,44.956639],[-93.530124,44.949525],[-93.532076,44.949541],[-93.543002,44.94952],[-93.542969,44.960084],[-93.543923,44.963627],[-93.543916,44.965254],[-93.542985,44.96561],[-93.544287,44.966579],[-93.542971,44.966578],[-93.542965,44.966733],[-93.543401,44.967263],[-93.548066,44.967276],[-93.548125,44.969279],[-93.543141,44.970008],[-93.542854,44.974182],[-93.548032,44.974235],[-93.54802,44.975877],[-93.542902,44.975846],[-93.542896,44.976144],[-93.548767,44.979122],[-93.544005,44.979138]]]}},{"type":"Feature","properties":{"unit_id":"27053125700","name":"Census Tract 1257 \u2014 Hennepin","native_id":"27053125700","source":"census_tract_2025","adm3_name":"Hennepin County","adm3_id":"27053","area_sqm":878046,"split":false,"population":3335.0,"days_covered":24,"daytime_peak_f":87.5,"heat_anomaly_f":6.4,"extreme_pct":17.0,"nighttime_stress_f":-2.8,"daytime_peak_f_climrel":0.3865,"heat_anomaly_f_climrel":0.3865,"nighttime_stress_f_climrel":-0.1712,"extreme_pct_climrel":0.425,"ref_daytime_hi_mean":81.2,"ref_daytime_hi_p95":93.7,"rwi_mean":null,"health_per_10k":0.0,"built_frac":0.443,"tree_frac":0.507,"canopy_frac_over_3m":0.38,"viirs_mean":31.4,"gdl_hdi":0.96,"gdl_region":"Minnesota","ghsl_smod":30,"lst_anomaly_c":null,"lst_anomaly_c_climrel":null,"worldpop_pop_total":4284.0,"frac_under5":8.5,"frac_elderly_65plus":6.8,"frac_elderly_75plus":2.3,"old_age_dependency_ratio":0.102,"has_data":true},"geometry":{"type":"Polygon","coordinates":[[[-93.308235,45.013241],[-93.303185,45.013203],[-93.300636,45.013185],[-93.296844,45.013161],[-93.294312,45.013149],[-93.294312,45.009544],[-93.294195,45.005948],[-93.299339,45.005978],[-93.300607,45.005985],[-93.308205,45.006027],[-93.30822,45.009632],[-93.308235,45.013241]]]}},{"type":"Feature","properties":{"unit_id":"27123033800","name":"Census Tract 338 \u2014 Ramsey","native_id":"27123033800","source":"census_tract_2025","adm3_name":"Ramsey County","adm3_id":"27123","area_sqm":418529,"split":false,"population":1628.336590008912,"days_covered":24,"daytime_peak_f":87.2,"heat_anomaly_f":6.2,"extreme_pct":17.0,"nighttime_stress_f":-2.9,"daytime_peak_f_climrel":0.3669,"heat_anomaly_f_climrel":0.3669,"nighttime_stress_f_climrel":-0.1738,"extreme_pct_climrel":0.425,"ref_daytime_hi_mean":81.0,"ref_daytime_hi_p95":93.5,"rwi_mean":null,"health_per_10k":0.0,"built_frac":0.394,"tree_frac":0.591,"canopy_frac_over_3m":0.412,"viirs_mean":36.7,"gdl_hdi":0.96,"gdl_region":"Minnesota","ghsl_smod":30,"lst_anomaly_c":null,"lst_anomaly_c_climrel":null,"worldpop_pop_total":2025.0,"frac_under5":7.4,"frac_elderly_65plus":9.1,"frac_elderly_75plus":3.8,"old_age_dependency_ratio":0.127,"has_data":true},"geometry":{"type":"Polygon","coordinates":[[[-93.146637,44.949421],[-93.144092,44.950305],[-93.13901,44.950327],[-93.133214,44.950344],[-93.133189,44.94853],[-93.133188,44.947423],[-93.133187,44.946607],[-93.136455,44.946593],[-93.139005,44.946599],[-93.146633,44.946619],[-93.146633,44.947436],[-93.146638,44.948543],[-93.146637,44.949421]]]}},{"type":"Feature","properties":{"unit_id":"27123036100","name":"Census Tract 361 \u2014 Ramsey","native_id":"27123036100","source":"census_tract_2025","adm3_name":"Ramsey County","adm3_id":"27123","area_sqm":4807476,"split":false,"population":2897.0,"days_covered":24,"daytime_peak_f":87.2,"heat_anomaly_f":6.2,"extreme_pct":17.0,"nighttime_stress_f":-2.9,"daytime_peak_f_climrel":0.3669,"heat_anomaly_f_climrel":0.3669,"nighttime_stress_f_climrel":-0.1738,"extreme_pct_climrel":0.425,"ref_daytime_hi_mean":81.0,"ref_daytime_hi_p95":93.5,"rwi_mean":null,"health_per_10k":6.903693476009665,"built_frac":0.518,"tree_frac":0.099,"canopy_frac_over_3m":0.072,"viirs_mean":38.1,"gdl_hdi":0.96,"gdl_region":"Minnesota","ghsl_smod":30,"lst_anomaly_c":null,"lst_anomaly_c_climrel":null,"worldpop_pop_total":1518.0,"frac_under5":7.2,"frac_elderly_65plus":11.8,"frac_elderly_75plus":4.3,"old_age_dependency_ratio":0.187,"has_data":true},"geometry":{"type":"Polygon","coordinates":[[[-93.087497,44.944019],[-93.079228,44.946794],[-93.072228,44.947301],[-93.067912,44.946527],[-93.062687,44.944649],[-93.056676,44.942196],[-93.052123,44.938584],[-93.049937,44.934744],[-93.049451,44.931822],[-93.049682,44.927788],[-93.050745,44.926003],[-93.051228,44.923026],[-93.04985,44.919924],[-93.051642,44.919502],[-93.059647,44.919515],[-93.061502,44.921856],[-93.066297,44.925604],[-93.068955,44.927076],[-93.07796,44.929657],[-93.080784,44.929701],[-93.080983,44.936247],[-93.081287,44.936826],[-93.087497,44.944019]]]}},{"type":"Feature","properties":{"unit_id":"27123041001","name":"Census Tract 410.01 \u2014 Ramsey","native_id":"27123041001","source":"census_tract_2025","adm3_name":"Ramsey County","adm3_id":"27123","area_sqm":2637530,"split":false,"population":1774.0,"days_covered":24,"daytime_peak_f":87.1,"heat_anomaly_f":5.9,"extreme_pct":17.0,"nighttime_stress_f":-2.9,"daytime_peak_f_climrel":0.3472,"heat_anomaly_f_climrel":0.3472,"nighttime_stress_f_climrel":-0.1783,"extreme_pct_climrel":0.425,"ref_daytime_hi_mean":81.1,"ref_daytime_hi_p95":93.9,"rwi_mean":null,"health_per_10k":0.0,"built_frac":0.129,"tree_frac":0.807,"canopy_frac_over_3m":0.572,"viirs_mean":15.7,"gdl_hdi":0.96,"gdl_region":"Minnesota","ghsl_smod":21,"lst_anomaly_c":null,"lst_anomaly_c_climrel":null,"worldpop_pop_total":3668.0,"frac_under5":5.2,"frac_elderly_65plus":22.0,"frac_elderly_75plus":9.8,"old_age_dependency_ratio":0.364,"has_data":true},"geometry":{"type":"Polygon","coordinates":[[[-93.227967,45.116218],[-93.227789,45.116797],[-93.227696,45.124533],[-93.217379,45.124469],[-93.213609,45.124451],[-93.209735,45.122078],[-93.209151,45.118886],[-93.209095,45.115313],[-93.208983,45.108051],[-93.21311,45.107968],[-93.215206,45.107001],[-93.219204,45.107861],[-93.223091,45.10778],[-93.227828,45.107038],[-93.227844,45.11135],[-93.2281,45.115548],[-93.227967,45.116218]]]}},{"type":"Feature","properties":{"unit_id":"27123040706","name":"Census Tract 407.06 \u2014 Ramsey","native_id":"27123040706","source":"census_tract_2025","adm3_name":"Ramsey County","adm3_id":"27123","area_sqm":5448814,"split":false,"population":3440.0,"days_covered":24,"daytime_peak_f":86.6,"heat_anomaly_f":6.1,"extreme_pct":17.0,"nighttime_stress_f":-2.5,"daytime_peak_f_climrel":0.3594,"heat_anomaly_f_climrel":0.3594,"nighttime_stress_f_climrel":-0.151,"extreme_pct_climrel":0.425,"ref_daytime_hi_mean":80.4,"ref_daytime_hi_p95":92.8,"rwi_mean":null,"health_per_10k":0.0,"built_frac":0.086,"tree_frac":0.69,"canopy_frac_over_3m":0.385,"viirs_mean":5.7,"gdl_hdi":0.96,"gdl_region":"Minnesota","ghsl_smod":21,"lst_anomaly_c":null,"lst_anomaly_c_climrel":null,"worldpop_pop_total":5073.0,"frac_under5":4.5,"frac_elderly_65plus":20.8,"frac_elderly_75plus":7.0,"old_age_dependency_ratio":0.335,"has_data":true},"geometry":{"type":"Polygon","coordinates":[[[-93.149645,45.119393],[-93.150072,45.124212],[-93.143166,45.124217],[-93.139085,45.124192],[-93.127468,45.124131],[-93.122094,45.124129],[-93.107016,45.124104],[-93.106901,45.115628],[-93.107178,45.111977],[-93.111968,45.11193],[-93.111924,45.108277],[-93.127273,45.10819],[-93.144076,45.108095],[-93.147689,45.108074],[-93.147841,45.114249],[-93.148681,45.115741],[-93.152161,45.118111],[-93.149645,45.119393]]]}},{"type":"Feature","properties":{"unit_id":"27053025605","name":"Census Tract 256.05 \u2014 Hennepin","native_id":"27053025605","source":"census_tract_2025","adm3_name":"Hennepin County","adm3_id":"27053","area_sqm":3746286,"split":false,"population":4299.0,"days_covered":24,"daytime_peak_f":87.8,"heat_anomaly_f":6.2,"extreme_pct":17.0,"nighttime_stress_f":-3.2,"daytime_peak_f_climrel":0.3756,"heat_anomaly_f_climrel":0.3756,"nighttime_stress_f_climrel":-0.1982,"extreme_pct_climrel":0.425,"ref_daytime_hi_mean":81.6,"ref_daytime_hi_p95":94.1,"rwi_mean":null,"health_per_10k":0.0,"built_frac":0.345,"tree_frac":0.451,"canopy_frac_over_3m":0.279,"viirs_mean":55.7,"gdl_hdi":0.96,"gdl_region":"Minnesota","ghsl_smod":21,"lst_anomaly_c":null,"lst_anomaly_c_climrel":null,"worldpop_pop_total":4374.0,"frac_under5":4.8,"frac_elderly_65plus":19.9,"frac_elderly_75plus":10.7,"old_age_dependency_ratio":0.292,"has_data":true},"geometry":{"type":"Polygon","coordinates":[[[-93.350316,44.858755],[-93.350174,44.862066],[-93.328933,44.861973],[-93.329212,44.851704],[-93.329366,44.842293],[-93.329415,44.836849],[-93.337262,44.837038],[-93.338543,44.841095],[-93.340408,44.841586],[-93.345643,44.842964],[-93.346396,44.843542],[-93.348231,44.848047],[-93.350227,44.848715],[-93.350332,44.851736],[-93.350316,44.858755]]]}},{"type":"Feature","properties":{"unit_id":"27053102600","name":"Census Tract 1026 \u2014 Hennepin","native_id":"27053102600","source":"census_tract_2025","adm3_name":"Hennepin County","adm3_id":"27053","area_sqm":2548683,"split":false,"population":6360.0,"days_covered":24,"daytime_peak_f":87.6,"heat_anomaly_f":6.1,"extreme_pct":17.0,"nighttime_stress_f":-2.8,"daytime_peak_f_climrel":0.362,"heat_anomaly_f_climrel":0.362,"nighttime_stress_f_climrel":-0.1712,"extreme_pct_climrel":0.425,"ref_daytime_hi_mean":81.5,"ref_daytime_hi_p95":94.1,"rwi_mean":null,"health_per_10k":0.0,"built_frac":0.48,"tree_frac":0.241,"canopy_frac_over_3m":0.22,"viirs_mean":53.3,"gdl_hdi":0.96,"gdl_region":"Minnesota","ghsl_smod":30,"lst_anomaly_c":null,"lst_anomaly_c_climrel":null,"worldpop_pop_total":2238.0,"frac_under5":4.9,"frac_elderly_65plus":7.4,"frac_elderly_75plus":2.2,"old_age_dependency_ratio":0.093,"has_data":true},"geometry":{"type":"Polygon","coordinates":[[[-93.2474,44.996316],[-93.247248,44.998714],[-93.247383,45.002281],[-93.247368,45.005928],[-93.242271,45.005955],[-93.237175,45.005981],[-93.226921,45.005939],[-93.226921,45.005476],[-93.226647,45.005721],[-93.220554,45.01204],[-93.219601,45.01335],[-93.217871,45.013371],[-93.217675,45.006042],[-93.207636,45.006205],[-93.207638,45.005977],[-93.218366,45.00144],[-93.220193,45.000982],[-93.223198,45.000719],[-93.227055,45.001223],[-93.232688,45.00233],[-93.235286,45.001625],[-93.235781,45.001307],[-93.237696,44.998711],[-93.238355,44.995175],[-93.236355,44.991492],[-93.242065,44.991493],[-93.243477,44.991493],[-93.24617,44.991489],[-93.246964,44.991226],[-93.24731,44.991519],[-93.247469,44.996125],[-93.2474,44.996316]]]}},{"type":"Feature","properties":{"unit_id":"27053026819","name":"Census Tract 268.19 \u2014 Hennepin","native_id":"27053026819","source":"census_tract_2025","adm3_name":"Hennepin County","adm3_id":"27053","area_sqm":1152046,"split":false,"population":3176.0,"days_covered":24,"daytime_peak_f":87.3,"heat_anomaly_f":6.2,"extreme_pct":17.0,"nighttime_stress_f":-3.0,"daytime_peak_f_climrel":0.3731,"heat_anomaly_f_climrel":0.3731,"nighttime_stress_f_climrel":-0.1862,"extreme_pct_climrel":0.425,"ref_daytime_hi_mean":81.1,"ref_daytime_hi_p95":93.9,"rwi_mean":null,"health_per_10k":0.0,"built_frac":0.452,"tree_frac":0.36,"canopy_frac_over_3m":0.27,"viirs_mean":44.9,"gdl_hdi":0.96,"gdl_region":"Minnesota","ghsl_smod":30,"lst_anomaly_c":null,"lst_anomaly_c_climrel":null,"worldpop_pop_total":4850.0,"frac_under5":7.5,"frac_elderly_65plus":10.7,"frac_elderly_75plus":3.4,"old_age_dependency_ratio":0.156,"has_data":true},"geometry":{"type":"Polygon","coordinates":[[[-93.361517,45.086971],[-93.361473,45.094503],[-93.361272,45.094499],[-93.357743,45.09448],[-93.356332,45.094206],[-93.356351,45.091746],[-93.348516,45.087245],[-93.351108,45.08723],[-93.351092,45.080078],[-93.350757,45.076249],[-93.355671,45.076353],[-93.355995,45.082447],[-93.361259,45.08366],[-93.36187,45.08366],[-93.361517,45.086971]]]}},{"type":"Feature","properties":{"unit_id":"27053021504","name":"Census Tract 215.04 \u2014 Hennepin","native_id":"27053021504","source":"census_tract_2025","adm3_name":"Hennepin County","adm3_id":"27053","area_sqm":2891574,"split":false,"population":2785.0,"days_covered":24,"daytime_peak_f":87.3,"heat_anomaly_f":6.2,"extreme_pct":17.0,"nighttime_stress_f":-2.9,"daytime_peak_f_climrel":0.3752,"heat_anomaly_f_climrel":0.3752,"nighttime_stress_f_climrel":-0.1776,"extreme_pct_climrel":0.425,"ref_daytime_hi_mean":81.1,"ref_daytime_hi_p95":93.7,"rwi_mean":null,"health_per_10k":0.0,"built_frac":0.212,"tree_frac":0.559,"canopy_frac_over_3m":0.339,"viirs_mean":18.3,"gdl_hdi":0.96,"gdl_region":"Minnesota","ghsl_smod":30,"lst_anomaly_c":null,"lst_anomaly_c_climrel":null,"worldpop_pop_total":3952.0,"frac_under5":4.8,"frac_elderly_65plus":18.4,"frac_elderly_75plus":9.0,"old_age_dependency_ratio":0.277,"has_data":true},"geometry":{"type":"Polygon","coordinates":[[[-93.400715,45.033314],[-93.395498,45.033465],[-93.390411,45.033291],[-93.384171,45.032799],[-93.38031,45.032772],[-93.370232,45.032814],[-93.370165,45.021885],[-93.372696,45.021889],[-93.374992,45.021885],[-93.380241,45.021893],[-93.390396,45.021961],[-93.395462,45.021996],[-93.4007,45.022029],[-93.400692,45.029265],[-93.400715,45.033314]]]}},{"type":"Feature","properties":{"unit_id":"27123033400","name":"Census Tract 334 \u2014 Ramsey","native_id":"27123033400","source":"census_tract_2025","adm3_name":"Ramsey County","adm3_id":"27123","area_sqm":2000367,"split":false,"population":6390.0,"days_covered":24,"daytime_peak_f":87.6,"heat_anomaly_f":6.1,"extreme_pct":17.0,"nighttime_stress_f":-2.8,"daytime_peak_f_climrel":0.362,"heat_anomaly_f_climrel":0.362,"nighttime_stress_f_climrel":-0.1712,"extreme_pct_climrel":0.425,"ref_daytime_hi_mean":81.5,"ref_daytime_hi_p95":94.1,"rwi_mean":null,"health_per_10k":17.21439749608764,"built_frac":0.741,"tree_frac":0.153,"canopy_frac_over_3m":0.135,"viirs_mean":109.6,"gdl_hdi":0.96,"gdl_region":"Minnesota","ghsl_smod":30,"lst_anomaly_c":null,"lst_anomaly_c_climrel":null,"worldpop_pop_total":3927.0,"frac_under5":5.0,"frac_elderly_65plus":10.1,"frac_elderly_75plus":4.4,"old_age_dependency_ratio":0.13,"has_data":true},"geometry":{"type":"Polygon","coordinates":[[[-93.176677,44.951984],[-93.173359,44.952396],[-93.173368,44.955656],[-93.169576,44.95567],[-93.166947,44.955678],[-93.163665,44.955686],[-93.156821,44.955703],[-93.146624,44.955727],[-93.146631,44.952173],[-93.146632,44.951616],[-93.146637,44.949421],[-93.146638,44.948543],[-93.15172,44.948532],[-93.156801,44.94852],[-93.156804,44.947464],[-93.156806,44.946633],[-93.166997,44.946562],[-93.172161,44.946554],[-93.173318,44.946553],[-93.173356,44.950348],[-93.176295,44.951822],[-93.176677,44.951984]]]}},{"type":"Feature","properties":{"unit_id":"27053108600","name":"Census Tract 1086 \u2014 Hennepin","native_id":"27053108600","source":"census_tract_2025","adm3_name":"Hennepin County","adm3_id":"27053","area_sqm":671025,"split":false,"population":2830.0,"days_covered":24,"daytime_peak_f":87.7,"heat_anomaly_f":6.1,"extreme_pct":17.0,"nighttime_stress_f":-3.0,"daytime_peak_f_climrel":0.3591,"heat_anomaly_f_climrel":0.3591,"nighttime_stress_f_climrel":-0.1852,"extreme_pct_climrel":0.425,"ref_daytime_hi_mean":81.5,"ref_daytime_hi_p95":94.0,"rwi_mean":null,"health_per_10k":3.5335689045936394,"built_frac":0.456,"tree_frac":0.525,"canopy_frac_over_3m":0.385,"viirs_mean":40.7,"gdl_hdi":0.96,"gdl_region":"Minnesota","ghsl_smod":30,"lst_anomaly_c":null,"lst_anomaly_c_climrel":null,"worldpop_pop_total":3164.0,"frac_under5":6.2,"frac_elderly_65plus":7.1,"frac_elderly_75plus":2.1,"old_age_dependency_ratio":0.097,"has_data":true},"geometry":{"type":"Polygon","coordinates":[[[-93.249939,44.948368],[-93.247414,44.948372],[-93.242348,44.948372],[-93.242287,44.941341],[-93.242256,44.937733],[-93.247353,44.937733],[-93.247364,44.939548],[-93.249901,44.939548],[-93.249951,44.946562],[-93.249939,44.948368]]]}},{"type":"Feature","properties":{"unit_id":"27053026723","name":"Census Tract 267.23 \u2014 Hennepin","native_id":"27053026723","source":"census_tract_2025","adm3_name":"Hennepin County","adm3_id":"27053","area_sqm":5995063,"split":false,"population":3016.0,"days_covered":24,"daytime_peak_f":87.0,"heat_anomaly_f":6.2,"extreme_pct":17.0,"nighttime_stress_f":-3.2,"daytime_peak_f_climrel":0.3696,"heat_anomaly_f_climrel":0.3696,"nighttime_stress_f_climrel":-0.1996,"extreme_pct_climrel":0.425,"ref_daytime_hi_mean":80.8,"ref_daytime_hi_p95":93.8,"rwi_mean":null,"health_per_10k":0.0,"built_frac":0.142,"tree_frac":0.566,"canopy_frac_over_3m":0.36,"viirs_mean":9.1,"gdl_hdi":0.96,"gdl_region":"Minnesota","ghsl_smod":21,"lst_anomaly_c":null,"lst_anomaly_c_climrel":null,"worldpop_pop_total":5186.0,"frac_under5":5.0,"frac_elderly_65plus":11.3,"frac_elderly_75plus":3.8,"old_age_dependency_ratio":0.167,"has_data":true},"geometry":{"type":"Polygon","coordinates":[[[-93.5022,45.076499],[-93.5021,45.082764],[-93.498988,45.083161],[-93.494261,45.084584],[-93.491986,45.084332],[-93.49128,45.084152],[-93.486938,45.08429],[-93.481194,45.083607],[-93.47804,45.081467],[-93.475334,45.07954],[-93.470337,45.077503],[-93.468611,45.076523],[-93.466985,45.076075],[-93.464065,45.076241],[-93.461563,45.075157],[-93.455587,45.072497],[-93.457291,45.07159],[-93.45652,45.069305],[-93.451469,45.0695],[-93.447624,45.066902],[-93.448079,45.065677],[-93.461494,45.065741],[-93.466525,45.065745],[-93.481702,45.065753],[-93.502083,45.065577],[-93.50209,45.069176],[-93.502183,45.072924],[-93.5022,45.076499]]]}},{"type":"Feature","properties":{"unit_id":"27053020804","name":"Census Tract 208.04 \u2014 Hennepin","native_id":"27053020804","source":"census_tract_2025","adm3_name":"Hennepin County","adm3_id":"27053","area_sqm":1757005,"split":false,"population":2948.0,"days_covered":24,"daytime_peak_f":87.3,"heat_anomaly_f":6.2,"extreme_pct":17.0,"nighttime_stress_f":-2.9,"daytime_peak_f_climrel":0.3752,"heat_anomaly_f_climrel":0.3752,"nighttime_stress_f_climrel":-0.1776,"extreme_pct_climrel":0.425,"ref_daytime_hi_mean":81.1,"ref_daytime_hi_p95":93.7,"rwi_mean":null,"health_per_10k":0.0,"built_frac":0.403,"tree_frac":0.483,"canopy_frac_over_3m":0.285,"viirs_mean":34.0,"gdl_hdi":0.96,"gdl_region":"Minnesota","ghsl_smod":30,"lst_anomaly_c":null,"lst_anomaly_c_climrel":null,"worldpop_pop_total":3273.0,"frac_under5":6.6,"frac_elderly_65plus":14.3,"frac_elderly_75plus":6.4,"old_age_dependency_ratio":0.21,"has_data":true},"geometry":{"type":"Polygon","coordinates":[[[-93.372863,45.049417],[-93.372856,45.05468],[-93.372727,45.054679],[-93.371538,45.054676],[-93.370964,45.054672],[-93.369985,45.054672],[-93.365593,45.054661],[-93.358864,45.054642],[-93.354485,45.047997],[-93.360222,45.047474],[-93.360176,45.043686],[-93.360138,45.040043],[-93.372803,45.040054],[-93.372818,45.043682],[-93.370308,45.043682],[-93.370363,45.046536],[-93.372876,45.047296],[-93.372863,45.049417]]]}},{"type":"Feature","properties":{"unit_id":"27123034702","name":"Census Tract 347.02 \u2014 Ramsey","native_id":"27123034702","source":"census_tract_2025","adm3_name":"Ramsey County","adm3_id":"27123","area_sqm":1557740,"split":false,"population":2428.0,"days_covered":24,"daytime_peak_f":86.8,"heat_anomaly_f":6.5,"extreme_pct":17.0,"nighttime_stress_f":-2.3,"daytime_peak_f_climrel":0.392,"heat_anomaly_f_climrel":0.392,"nighttime_stress_f_climrel":-0.1343,"extreme_pct_climrel":0.425,"ref_daytime_hi_mean":80.3,"ref_daytime_hi_p95":92.8,"rwi_mean":null,"health_per_10k":0.0,"built_frac":0.396,"tree_frac":0.517,"canopy_frac_over_3m":0.322,"viirs_mean":35.4,"gdl_hdi":0.96,"gdl_region":"Minnesota","ghsl_smod":30,"lst_anomaly_c":null,"lst_anomaly_c_climrel":null,"worldpop_pop_total":4705.0,"frac_under5":6.9,"frac_elderly_65plus":10.0,"frac_elderly_75plus":3.8,"old_age_dependency_ratio":0.146,"has_data":true},"geometry":{"type":"Polygon","coordinates":[[[-93.020253,44.963074],[-93.015187,44.963065],[-93.00505,44.963045],[-93.00503,44.956733],[-93.005043,44.950352],[-93.005031,44.948515],[-93.005992,44.948635],[-93.01511,44.948678],[-93.015127,44.951572],[-93.015152,44.956737],[-93.02021,44.956766],[-93.020253,44.963074]]]}},{"type":"Feature","properties":{"unit_id":"27123030201","name":"Census Tract 302.01 \u2014 Ramsey","native_id":"27123030201","source":"census_tract_2025","adm3_name":"Ramsey County","adm3_id":"27123","area_sqm":1561874,"split":false,"population":5487.0,"days_covered":24,"daytime_peak_f":87.6,"heat_anomaly_f":6.1,"extreme_pct":17.0,"nighttime_stress_f":-2.8,"daytime_peak_f_climrel":0.362,"heat_anomaly_f_climrel":0.362,"nighttime_stress_f_climrel":-0.1712,"extreme_pct_climrel":0.425,"ref_daytime_hi_mean":81.5,"ref_daytime_hi_p95":94.1,"rwi_mean":null,"health_per_10k":3.644979041370512,"built_frac":0.302,"tree_frac":0.669,"canopy_frac_over_3m":0.396,"viirs_mean":38.4,"gdl_hdi":0.96,"gdl_region":"Minnesota","ghsl_smod":30,"lst_anomaly_c":null,"lst_anomaly_c_climrel":null,"worldpop_pop_total":5478.0,"frac_under5":4.6,"frac_elderly_65plus":20.6,"frac_elderly_75plus":10.3,"old_age_dependency_ratio":0.311,"has_data":true},"geometry":{"type":"Polygon","coordinates":[[[-93.166968,44.980745],[-93.16693,44.984531],[-93.166864,44.98815],[-93.156617,44.98823],[-93.156555,44.99184],[-93.151349,44.99191],[-93.146464,44.991976],[-93.146494,44.987476],[-93.148767,44.988314],[-93.15401,44.988258],[-93.154536,44.98461],[-93.15668,44.984619],[-93.156746,44.980728],[-93.156815,44.975593],[-93.166549,44.975015],[-93.166964,44.973594],[-93.167025,44.977306],[-93.166968,44.980745]]]}},{"type":"Feature","properties":{"unit_id":"27123042201","name":"Census Tract 422.01 \u2014 Ramsey","native_id":"27123042201","source":"census_tract_2025","adm3_name":"Ramsey County","adm3_id":"27123","area_sqm":1857795,"split":false,"population":2145.0,"days_covered":24,"daytime_peak_f":87.0,"heat_anomaly_f":6.5,"extreme_pct":17.0,"nighttime_stress_f":-2.0,"daytime_peak_f_climrel":0.3832,"heat_anomaly_f_climrel":0.3832,"nighttime_stress_f_climrel":-0.1206,"extreme_pct_climrel":0.425,"ref_daytime_hi_mean":80.6,"ref_daytime_hi_p95":92.9,"rwi_mean":null,"health_per_10k":9.324009324009324,"built_frac":0.273,"tree_frac":0.511,"canopy_frac_over_3m":0.321,"viirs_mean":25.2,"gdl_hdi":0.96,"gdl_region":"Minnesota","ghsl_smod":30,"lst_anomaly_c":null,"lst_anomaly_c_climrel":null,"worldpop_pop_total":1591.0,"frac_under5":6.9,"frac_elderly_65plus":17.3,"frac_elderly_75plus":8.4,"old_age_dependency_ratio":0.274,"has_data":true},"geometry":{"type":"Polygon","coordinates":[[[-93.105881,45.006293],[-93.08975,45.006253],[-93.089641,44.999048],[-93.089372,44.991807],[-93.096443,44.991844],[-93.105878,44.991867],[-93.10588,44.994023],[-93.105881,45.006293]]]}},{"type":"Feature","properties":{"unit_id":"27123040402","name":"Census Tract 404.02 \u2014 Ramsey","native_id":"27123040402","source":"census_tract_2025","adm3_name":"Ramsey County","adm3_id":"27123","area_sqm":6229054,"split":false,"population":9188.0,"days_covered":24,"daytime_peak_f":86.8,"heat_anomaly_f":6.5,"extreme_pct":17.0,"nighttime_stress_f":-2.3,"daytime_peak_f_climrel":0.392,"heat_anomaly_f_climrel":0.392,"nighttime_stress_f_climrel":-0.1343,"extreme_pct_climrel":0.425,"ref_daytime_hi_mean":80.3,"ref_daytime_hi_p95":92.8,"rwi_mean":null,"health_per_10k":1.0883761427949499,"built_frac":0.263,"tree_frac":0.493,"canopy_frac_over_3m":0.32,"viirs_mean":25.7,"gdl_hdi":0.96,"gdl_region":"Minnesota","ghsl_smod":23,"lst_anomaly_c":null,"lst_anomaly_c_climrel":null,"worldpop_pop_total":6282.0,"frac_under5":5.2,"frac_elderly_65plus":20.7,"frac_elderly_75plus":9.3,"old_age_dependency_ratio":0.331,"has_data":true},"geometry":{"type":"Polygon","coordinates":[[[-93.036188,45.037285],[-93.034735,45.042981],[-93.035796,45.046682],[-93.034099,45.046675],[-93.033315,45.046672],[-93.030685,45.046661],[-93.030693,45.050286],[-93.028041,45.050271],[-93.015338,45.050255],[-93.013687,45.050248],[-93.005141,45.050207],[-92.994942,45.050206],[-92.991054,45.050223],[-92.984771,45.050243],[-92.984786,45.036495],[-92.984788,45.035784],[-92.984789,45.035411],[-92.984791,45.034049],[-92.984784,45.033066],[-92.989216,45.034561],[-93.000873,45.035784],[-93.005173,45.035784],[-93.005733,45.035784],[-93.005724,45.036301],[-93.009951,45.036718],[-93.013656,45.036776],[-93.017217,45.036389],[-93.017145,45.035782],[-93.017643,45.035783],[-93.034304,45.03579],[-93.03584,45.035213],[-93.036467,45.036048],[-93.036188,45.037285]]]}},{"type":"Feature","properties":{"unit_id":"27053026021","name":"Census Tract 260.21 \u2014 Hennepin","native_id":"27053026021","source":"census_tract_2025","adm3_name":"Hennepin County","adm3_id":"27053","area_sqm":5423100,"split":false,"population":4037.0,"days_covered":24,"daytime_peak_f":87.9,"heat_anomaly_f":6.3,"extreme_pct":8.0,"nighttime_stress_f":-2.8,"daytime_peak_f_climrel":0.3788,"heat_anomaly_f_climrel":0.3788,"nighttime_stress_f_climrel":-0.1729,"extreme_pct_climrel":0.2,"ref_daytime_hi_mean":81.6,"ref_daytime_hi_p95":94.3,"rwi_mean":null,"health_per_10k":4.954173891503591,"built_frac":0.121,"tree_frac":0.491,"canopy_frac_over_3m":0.314,"viirs_mean":11.7,"gdl_hdi":0.96,"gdl_region":"Minnesota","ghsl_smod":21,"lst_anomaly_c":null,"lst_anomaly_c_climrel":null,"worldpop_pop_total":3803.0,"frac_under5":4.4,"frac_elderly_65plus":14.5,"frac_elderly_75plus":5.3,"old_age_dependency_ratio":0.21,"has_data":true},"geometry":{"type":"Polygon","coordinates":[[[-93.520903,44.851171],[-93.520851,44.85854],[-93.520632,44.858529],[-93.511329,44.858365],[-93.511331,44.860163],[-93.51133,44.861812],[-93.511337,44.862036],[-93.506746,44.861915],[-93.502058,44.86274],[-93.497722,44.862868],[-93.487948,44.862813],[-93.485397,44.862361],[-93.485393,44.862229],[-93.485313,44.85455],[-93.485313,44.853676],[-93.484776,44.851548],[-93.490154,44.850011],[-93.491106,44.849291],[-93.491726,44.849291],[-93.500916,44.842302],[-93.520017,44.827667],[-93.520831,44.827571],[-93.520906,44.841298],[-93.520903,44.851171]]]}},{"type":"Feature","properties":{"unit_id":"27053104901","name":"Census Tract 1049.01 \u2014 Hennepin","native_id":"27053104901","source":"census_tract_2025","adm3_name":"Hennepin County","adm3_id":"27053","area_sqm":1329845,"split":false,"population":27010.0,"days_covered":24,"daytime_peak_f":87.6,"heat_anomaly_f":6.1,"extreme_pct":17.0,"nighttime_stress_f":-2.8,"daytime_peak_f_climrel":0.362,"heat_anomaly_f_climrel":0.362,"nighttime_stress_f_climrel":-0.1712,"extreme_pct_climrel":0.425,"ref_daytime_hi_mean":81.5,"ref_daytime_hi_p95":94.1,"rwi_mean":null,"health_per_10k":2.2213994816734544,"built_frac":0.65,"tree_frac":0.193,"canopy_frac_over_3m":0.16,"viirs_mean":89.8,"gdl_hdi":0.96,"gdl_region":"Minnesota","ghsl_smod":30,"lst_anomaly_c":null,"lst_anomaly_c_climrel":null,"worldpop_pop_total":7907.0,"frac_under5":0.7,"frac_elderly_65plus":0.1,"frac_elderly_75plus":0.0,"old_age_dependency_ratio":0.001,"has_data":true},"geometry":{"type":"Polygon","coordinates":[[[-93.24297,44.980741],[-93.2393,44.980596],[-93.2351,44.978943],[-93.232819,44.981895],[-93.230851,44.984378],[-93.226131,44.981735],[-93.222382,44.979675],[-93.228287,44.980461],[-93.232324,44.980273],[-93.227602,44.978489],[-93.226622,44.975525],[-93.227104,44.973664],[-93.227112,44.971321],[-93.227101,44.968863],[-93.224551,44.966991],[-93.224492,44.966936],[-93.225735,44.966158],[-93.22595,44.966307],[-93.227804,44.967428],[-93.236452,44.969455],[-93.238049,44.970322],[-93.239268,44.973257],[-93.239337,44.97551],[-93.239627,44.976467],[-93.240652,44.977363],[-93.244009,44.978864],[-93.24297,44.980741]]]}},{"type":"Feature","properties":{"unit_id":"27053026019","name":"Census Tract 260.19 \u2014 Hennepin","native_id":"27053026019","source":"census_tract_2025","adm3_name":"Hennepin County","adm3_id":"27053","area_sqm":3700192,"split":false,"population":6463.0,"days_covered":24,"daytime_peak_f":87.9,"heat_anomaly_f":6.3,"extreme_pct":17.0,"nighttime_stress_f":-3.0,"daytime_peak_f_climrel":0.3805,"heat_anomaly_f_climrel":0.3805,"nighttime_stress_f_climrel":-0.1883,"extreme_pct_climrel":0.425,"ref_daytime_hi_mean":81.6,"ref_daytime_hi_p95":94.1,"rwi_mean":null,"health_per_10k":17.019959771004178,"built_frac":0.418,"tree_frac":0.268,"canopy_frac_over_3m":0.175,"viirs_mean":49.9,"gdl_hdi":0.96,"gdl_region":"Minnesota","ghsl_smod":23,"lst_anomaly_c":null,"lst_anomaly_c_climrel":null,"worldpop_pop_total":5625.0,"frac_under5":7.9,"frac_elderly_65plus":5.4,"frac_elderly_75plus":2.3,"old_age_dependency_ratio":0.071,"has_data":true},"geometry":{"type":"Polygon","coordinates":[[[-93.459977,44.860096],[-93.459586,44.862088],[-93.450002,44.860902],[-93.449003,44.860974],[-93.446856,44.861221],[-93.443193,44.862394],[-93.440237,44.863246],[-93.429927,44.864834],[-93.429552,44.864887],[-93.429325,44.864726],[-93.427605,44.863724],[-93.424831,44.862637],[-93.425496,44.861551],[-93.426231,44.857277],[-93.431825,44.852126],[-93.433113,44.851051],[-93.437317,44.848595],[-93.439293,44.846855],[-93.43956,44.844009],[-93.443413,44.844002],[-93.444519,44.844318],[-93.445137,44.8447],[-93.44711,44.846951],[-93.44986,44.848106],[-93.450424,44.848568],[-93.453583,44.850922],[-93.45491,44.853855],[-93.455917,44.854591],[-93.460201,44.855086],[-93.459977,44.860096]]]}},{"type":"Feature","properties":{"unit_id":"27053104801","name":"Census Tract 1048.01 \u2014 Hennepin","native_id":"27053104801","source":"census_tract_2025","adm3_name":"Hennepin County","adm3_id":"27053","area_sqm":292925,"split":false,"population":2243.5107740981944,"days_covered":24,"daytime_peak_f":87.5,"heat_anomaly_f":6.4,"extreme_pct":17.0,"nighttime_stress_f":-2.8,"daytime_peak_f_climrel":0.3865,"heat_anomaly_f_climrel":0.3865,"nighttime_stress_f_climrel":-0.1712,"extreme_pct_climrel":0.425,"ref_daytime_hi_mean":81.2,"ref_daytime_hi_p95":93.7,"rwi_mean":null,"health_per_10k":0.0,"built_frac":0.816,"tree_frac":0.118,"canopy_frac_over_3m":0.091,"viirs_mean":105.3,"gdl_hdi":0.96,"gdl_region":"Minnesota","ghsl_smod":30,"lst_anomaly_c":null,"lst_anomaly_c_climrel":null,"worldpop_pop_total":4798.0,"frac_under5":9.0,"frac_elderly_65plus":18.1,"frac_elderly_75plus":9.7,"old_age_dependency_ratio":0.317,"has_data":true},"geometry":{"type":"Polygon","coordinates":[[[-93.253044,44.969997],[-93.252544,44.970816],[-93.251348,44.972233],[-93.249451,44.97176],[-93.247231,44.971862],[-93.247231,44.970249],[-93.247253,44.96762],[-93.247258,44.96586],[-93.247261,44.965668],[-93.249533,44.966223],[-93.252026,44.966033],[-93.252271,44.966],[-93.253755,44.967584],[-93.253044,44.969997]]]}},{"type":"Feature","properties":{"unit_id":"27123032400","name":"Census Tract 324 \u2014 Ramsey","native_id":"27123032400","source":"census_tract_2025","adm3_name":"Ramsey County","adm3_id":"27123","area_sqm":1083394,"split":false,"population":4225.0,"days_covered":24,"daytime_peak_f":87.0,"heat_anomaly_f":6.5,"extreme_pct":17.0,"nighttime_stress_f":-2.0,"daytime_peak_f_climrel":0.3832,"heat_anomaly_f_climrel":0.3832,"nighttime_stress_f_climrel":-0.1206,"extreme_pct_climrel":0.425,"ref_daytime_hi_mean":80.6,"ref_daytime_hi_p95":92.9,"rwi_mean":null,"health_per_10k":0.0,"built_frac":0.469,"tree_frac":0.418,"canopy_frac_over_3m":0.278,"viirs_mean":40.1,"gdl_hdi":0.96,"gdl_region":"Minnesota","ghsl_smod":30,"lst_anomaly_c":null,"lst_anomaly_c_climrel":null,"worldpop_pop_total":3243.0,"frac_under5":7.5,"frac_elderly_65plus":8.6,"frac_elderly_75plus":3.0,"old_age_dependency_ratio":0.124,"has_data":true},"geometry":{"type":"Polygon","coordinates":[[[-93.146604,44.963008],[-93.146588,44.967349],[-93.141539,44.966653],[-93.139147,44.96647],[-93.126379,44.965743],[-93.12639,44.962954],[-93.126381,44.961147],[-93.126375,44.960242],[-93.131435,44.960253],[-93.136494,44.960261],[-93.141553,44.960277],[-93.14661,44.960295],[-93.146604,44.963008]]]}},{"type":"Feature","properties":{"unit_id":"27123031400","name":"Census Tract 314 \u2014 Ramsey","native_id":"27123031400","source":"census_tract_2025","adm3_name":"Ramsey County","adm3_id":"27123","area_sqm":1653183,"split":false,"population":2709.0,"days_covered":24,"daytime_peak_f":87.0,"heat_anomaly_f":6.5,"extreme_pct":17.0,"nighttime_stress_f":-2.0,"daytime_peak_f_climrel":0.3832,"heat_anomaly_f_climrel":0.3832,"nighttime_stress_f_climrel":-0.1206,"extreme_pct_climrel":0.425,"ref_daytime_hi_mean":80.6,"ref_daytime_hi_p95":92.9,"rwi_mean":null,"health_per_10k":3.6913990402362495,"built_frac":0.343,"tree_frac":0.458,"canopy_frac_over_3m":0.276,"viirs_mean":32.8,"gdl_hdi":0.96,"gdl_region":"Minnesota","ghsl_smod":30,"lst_anomaly_c":null,"lst_anomaly_c_climrel":null,"worldpop_pop_total":3401.0,"frac_under5":7.8,"frac_elderly_65plus":7.7,"frac_elderly_75plus":2.7,"old_age_dependency_ratio":0.111,"has_data":true},"geometry":{"type":"Polygon","coordinates":[[[-93.106016,44.964078],[-93.105966,44.970221],[-93.105961,44.971083],[-93.105944,44.973803],[-93.096379,44.973781],[-93.092819,44.974665],[-93.094304,44.976713],[-93.093199,44.976751],[-93.088805,44.977109],[-93.088853,44.970027],[-93.088909,44.96815],[-93.089302,44.966737],[-93.090456,44.963535],[-93.093371,44.963813],[-93.097916,44.963193],[-93.106239,44.963221],[-93.106016,44.964078]]]}},{"type":"Feature","properties":{"unit_id":"27053026614","name":"Census Tract 266.14 \u2014 Hennepin","native_id":"27053026614","source":"census_tract_2025","adm3_name":"Hennepin County","adm3_id":"27053","area_sqm":3545024,"split":false,"population":3408.0,"days_covered":24,"daytime_peak_f":87.0,"heat_anomaly_f":6.2,"extreme_pct":17.0,"nighttime_stress_f":-3.1,"daytime_peak_f_climrel":0.3719,"heat_anomaly_f_climrel":0.3719,"nighttime_stress_f_climrel":-0.1886,"extreme_pct_climrel":0.425,"ref_daytime_hi_mean":80.8,"ref_daytime_hi_p95":93.4,"rwi_mean":null,"health_per_10k":0.0,"built_frac":0.166,"tree_frac":0.608,"canopy_frac_over_3m":0.346,"viirs_mean":12.2,"gdl_hdi":0.96,"gdl_region":"Minnesota","ghsl_smod":21,"lst_anomaly_c":null,"lst_anomaly_c_climrel":null,"worldpop_pop_total":4105.0,"frac_under5":6.2,"frac_elderly_65plus":16.7,"frac_elderly_75plus":4.7,"old_age_dependency_ratio":0.262,"has_data":true},"geometry":{"type":"Polygon","coordinates":[[[-93.481766,45.038364],[-93.481712,45.043766],[-93.474365,45.043694],[-93.469658,45.043171],[-93.461624,45.043703],[-93.461539,45.043705],[-93.452492,45.043713],[-93.452751,45.037659],[-93.452545,45.028486],[-93.454643,45.029057],[-93.461334,45.029118],[-93.466449,45.029222],[-93.471542,45.029156],[-93.47403,45.029118],[-93.474655,45.028996],[-93.479553,45.032131],[-93.48175,45.032204],[-93.481766,45.038364]]]}},{"type":"Feature","properties":{"unit_id":"27053025403","name":"Census Tract 254.03 \u2014 Hennepin","native_id":"27053025403","source":"census_tract_2025","adm3_name":"Hennepin County","adm3_id":"27053","area_sqm":2015206,"split":false,"population":3788.0,"days_covered":24,"daytime_peak_f":87.8,"heat_anomaly_f":6.1,"extreme_pct":8.0,"nighttime_stress_f":-3.1,"daytime_peak_f_climrel":0.3674,"heat_anomaly_f_climrel":0.3674,"nighttime_stress_f_climrel":-0.1896,"extreme_pct_climrel":0.2,"ref_daytime_hi_mean":81.7,"ref_daytime_hi_p95":94.4,"rwi_mean":null,"health_per_10k":0.0,"built_frac":0.33,"tree_frac":0.493,"canopy_frac_over_3m":0.33,"viirs_mean":28.7,"gdl_hdi":0.96,"gdl_region":"Minnesota","ghsl_smod":30,"lst_anomaly_c":null,"lst_anomaly_c_climrel":null,"worldpop_pop_total":4488.0,"frac_under5":5.3,"frac_elderly_65plus":16.2,"frac_elderly_75plus":7.5,"old_age_dependency_ratio":0.236,"has_data":true},"geometry":{"type":"Polygon","coordinates":[[[-93.28698,44.832706],[-93.283394,44.836517],[-93.283501,44.840714],[-93.278435,44.840714],[-93.268272,44.840721],[-93.268288,44.8353],[-93.268295,44.833496],[-93.268349,44.826263],[-93.278488,44.826279],[-93.283531,44.826286],[-93.285179,44.826286],[-93.285214,44.831269],[-93.286941,44.83127],[-93.28698,44.832706]]]}},{"type":"Feature","properties":{"unit_id":"27123041602","name":"Census Tract 416.02 \u2014 Ramsey","native_id":"27123041602","source":"census_tract_2025","adm3_name":"Ramsey County","adm3_id":"27123","area_sqm":2629849,"split":false,"population":1564.0,"days_covered":24,"daytime_peak_f":87.0,"heat_anomaly_f":6.5,"extreme_pct":17.0,"nighttime_stress_f":-2.0,"daytime_peak_f_climrel":0.3832,"heat_anomaly_f_climrel":0.3832,"nighttime_stress_f_climrel":-0.1206,"extreme_pct_climrel":0.425,"ref_daytime_hi_mean":80.6,"ref_daytime_hi_p95":92.9,"rwi_mean":null,"health_per_10k":6.3938618925831205,"built_frac":0.181,"tree_frac":0.605,"canopy_frac_over_3m":0.403,"viirs_mean":15.4,"gdl_hdi":0.96,"gdl_region":"Minnesota","ghsl_smod":30,"lst_anomaly_c":null,"lst_anomaly_c_climrel":null,"worldpop_pop_total":4064.0,"frac_under5":5.4,"frac_elderly_65plus":17.6,"frac_elderly_75plus":8.3,"old_age_dependency_ratio":0.265,"has_data":true},"geometry":{"type":"Polygon","coordinates":[[[-93.126192,45.009672],[-93.12185,45.009533],[-93.111819,45.007735],[-93.105873,45.007699],[-93.105881,45.006293],[-93.10588,44.994023],[-93.105878,44.991867],[-93.109669,44.991844],[-93.126099,44.991794],[-93.126081,44.998955],[-93.126161,45.006151],[-93.126192,45.009672]]]}},{"type":"Feature","properties":{"unit_id":"27053026515","name":"Census Tract 265.15 \u2014 Hennepin","native_id":"27053026515","source":"census_tract_2025","adm3_name":"Hennepin County","adm3_id":"27053","area_sqm":2594016,"split":false,"population":1509.0,"days_covered":24,"daytime_peak_f":87.3,"heat_anomaly_f":6.2,"extreme_pct":17.0,"nighttime_stress_f":-2.9,"daytime_peak_f_climrel":0.3752,"heat_anomaly_f_climrel":0.3752,"nighttime_stress_f_climrel":-0.1776,"extreme_pct_climrel":0.425,"ref_daytime_hi_mean":81.1,"ref_daytime_hi_p95":93.7,"rwi_mean":null,"health_per_10k":0.0,"built_frac":0.116,"tree_frac":0.649,"canopy_frac_over_3m":0.442,"viirs_mean":9.0,"gdl_hdi":0.96,"gdl_region":"Minnesota","ghsl_smod":21,"lst_anomaly_c":null,"lst_anomaly_c_climrel":null,"worldpop_pop_total":2152.0,"frac_under5":3.8,"frac_elderly_65plus":25.3,"frac_elderly_75plus":10.8,"old_age_dependency_ratio":0.404,"has_data":true},"geometry":{"type":"Polygon","coordinates":[[[-93.444439,45.029115],[-93.438515,45.031368],[-93.434217,45.032467],[-93.429054,45.033436],[-93.420853,45.033138],[-93.420839,45.028606],[-93.420746,45.021931],[-93.420715,45.018028],[-93.420699,45.017312],[-93.431501,45.017621],[-93.43416,45.015378],[-93.434902,45.015653],[-93.437955,45.020668],[-93.438374,45.021797],[-93.442314,45.021752],[-93.444283,45.027786],[-93.444901,45.028961],[-93.444439,45.029115]]]}},{"type":"Feature","properties":{"unit_id":"27053105500","name":"Census Tract 1055 \u2014 Hennepin","native_id":"27053105500","source":"census_tract_2025","adm3_name":"Hennepin County","adm3_id":"27053","area_sqm":1516018,"split":false,"population":2350.0,"days_covered":24,"daytime_peak_f":87.5,"heat_anomaly_f":6.4,"extreme_pct":17.0,"nighttime_stress_f":-2.8,"daytime_peak_f_climrel":0.3865,"heat_anomaly_f_climrel":0.3865,"nighttime_stress_f_climrel":-0.1712,"extreme_pct_climrel":0.425,"ref_daytime_hi_mean":81.2,"ref_daytime_hi_p95":93.7,"rwi_mean":null,"health_per_10k":0.0,"built_frac":0.403,"tree_frac":0.509,"canopy_frac_over_3m":0.386,"viirs_mean":46.3,"gdl_hdi":0.96,"gdl_region":"Minnesota","ghsl_smod":30,"lst_anomaly_c":null,"lst_anomaly_c_climrel":null,"worldpop_pop_total":4127.0,"frac_under5":2.4,"frac_elderly_65plus":17.5,"frac_elderly_75plus":8.5,"old_age_dependency_ratio":0.238,"has_data":true},"geometry":{"type":"Polygon","coordinates":[[[-93.304596,44.969481],[-93.30249,44.96999],[-93.300461,44.970459],[-93.294403,44.974056],[-93.288071,44.977359],[-93.288055,44.97493],[-93.288046,44.971982],[-93.288082,44.969917],[-93.288095,44.968903],[-93.28811,44.968087],[-93.288624,44.966286],[-93.292725,44.960918],[-93.293083,44.960918],[-93.295639,44.960922],[-93.299683,44.960934],[-93.301437,44.96088],[-93.303596,44.963005],[-93.303253,44.966423],[-93.30456,44.968085],[-93.303217,44.969365],[-93.304596,44.969481]]]}},{"type":"Feature","properties":{"unit_id":"27053106200","name":"Census Tract 1062 \u2014 Hennepin","native_id":"27053106200","source":"census_tract_2025","adm3_name":"Hennepin County","adm3_id":"27053","area_sqm":660985,"split":false,"population":6402.0,"days_covered":24,"daytime_peak_f":87.6,"heat_anomaly_f":6.1,"extreme_pct":17.0,"nighttime_stress_f":-2.8,"daytime_peak_f_climrel":0.362,"heat_anomaly_f_climrel":0.362,"nighttime_stress_f_climrel":-0.1712,"extreme_pct_climrel":0.425,"ref_daytime_hi_mean":81.5,"ref_daytime_hi_p95":94.1,"rwi_mean":null,"health_per_10k":1.5620118712902218,"built_frac":0.598,"tree_frac":0.378,"canopy_frac_over_3m":0.293,"viirs_mean":77.6,"gdl_hdi":0.96,"gdl_region":"Minnesota","ghsl_smod":30,"lst_anomaly_c":null,"lst_anomaly_c_climrel":null,"worldpop_pop_total":4180.0,"frac_under5":7.5,"frac_elderly_65plus":13.0,"frac_elderly_75plus":4.8,"old_age_dependency_ratio":0.182,"has_data":true},"geometry":{"type":"Polygon","coordinates":[[[-93.247261,44.965668],[-93.244851,44.964733],[-93.242693,44.964293],[-93.233174,44.964227],[-93.233002,44.962761],[-93.233032,44.95916],[-93.239357,44.959153],[-93.245689,44.959145],[-93.24667,44.960098],[-93.245886,44.96087],[-93.247019,44.962532],[-93.249533,44.966223],[-93.247261,44.965668]]]}},{"type":"Feature","properties":{"unit_id":"27123035100","name":"Census Tract 351 \u2014 Ramsey","native_id":"27123035100","source":"census_tract_2025","adm3_name":"Ramsey County","adm3_id":"27123","area_sqm":947085,"split":false,"population":4474.0,"days_covered":24,"daytime_peak_f":87.7,"heat_anomaly_f":6.1,"extreme_pct":17.0,"nighttime_stress_f":-3.0,"daytime_peak_f_climrel":0.3591,"heat_anomaly_f_climrel":0.3591,"nighttime_stress_f_climrel":-0.1852,"extreme_pct_climrel":0.425,"ref_daytime_hi_mean":81.5,"ref_daytime_hi_p95":94.0,"rwi_mean":null,"health_per_10k":8.940545373267769,"built_frac":0.302,"tree_frac":0.653,"canopy_frac_over_3m":0.461,"viirs_mean":27.8,"gdl_hdi":0.96,"gdl_region":"Minnesota","ghsl_smod":30,"lst_anomaly_c":null,"lst_anomaly_c_climrel":null,"worldpop_pop_total":3575.0,"frac_under5":2.6,"frac_elderly_65plus":11.0,"frac_elderly_75plus":3.1,"old_age_dependency_ratio":0.136,"has_data":true},"geometry":{"type":"Polygon","coordinates":[[[-93.182289,44.941332],[-93.177188,44.941345],[-93.174248,44.941365],[-93.170497,44.941305],[-93.167001,44.941309],[-93.167006,44.93794],[-93.167026,44.934254],[-93.170291,44.934265],[-93.172113,44.934272],[-93.177208,44.934286],[-93.182296,44.934306],[-93.182289,44.941332]]]}},{"type":"Feature","properties":{"unit_id":"27053105204","name":"Census Tract 1052.04 \u2014 Hennepin","native_id":"27053105204","source":"census_tract_2025","adm3_name":"Hennepin County","adm3_id":"27053","area_sqm":409149,"split":false,"population":10830.0,"days_covered":24,"daytime_peak_f":87.5,"heat_anomaly_f":6.4,"extreme_pct":17.0,"nighttime_stress_f":-2.8,"daytime_peak_f_climrel":0.3865,"heat_anomaly_f_climrel":0.3865,"nighttime_stress_f_climrel":-0.1712,"extreme_pct_climrel":0.425,"ref_daytime_hi_mean":81.2,"ref_daytime_hi_p95":93.7,"rwi_mean":null,"health_per_10k":0.0,"built_frac":0.93,"tree_frac":0.043,"canopy_frac_over_3m":0.074,"viirs_mean":131.1,"gdl_hdi":0.96,"gdl_region":"Minnesota","ghsl_smod":30,"lst_anomaly_c":null,"lst_anomaly_c_climrel":null,"worldpop_pop_total":3427.0,"frac_under5":2.6,"frac_elderly_65plus":17.0,"frac_elderly_75plus":7.8,"old_age_dependency_ratio":0.218,"has_data":true},"geometry":{"type":"Polygon","coordinates":[[[-93.281845,44.969891],[-93.279335,44.969883],[-93.279332,44.970929],[-93.277794,44.97263],[-93.276351,44.972032],[-93.273545,44.97087],[-93.270487,44.969956],[-93.269856,44.968067],[-93.269937,44.966131],[-93.272737,44.966706],[-93.274802,44.966837],[-93.276519,44.966666],[-93.277817,44.966394],[-93.277817,44.967709],[-93.27933,44.967717],[-93.28083,44.967725],[-93.281845,44.967731],[-93.281845,44.969891]]]}},{"type":"Feature","properties":{"unit_id":"27053109300","name":"Census Tract 1093 \u2014 Hennepin","native_id":"27053109300","source":"census_tract_2025","adm3_name":"Hennepin County","adm3_id":"27053","area_sqm":867191,"split":false,"population":4534.0,"days_covered":24,"daytime_peak_f":87.8,"heat_anomaly_f":6.2,"extreme_pct":17.0,"nighttime_stress_f":-3.2,"daytime_peak_f_climrel":0.3756,"heat_anomaly_f_climrel":0.3756,"nighttime_stress_f_climrel":-0.1982,"extreme_pct_climrel":0.425,"ref_daytime_hi_mean":81.6,"ref_daytime_hi_p95":94.1,"rwi_mean":null,"health_per_10k":2.205558006175562,"built_frac":0.487,"tree_frac":0.51,"canopy_frac_over_3m":0.442,"viirs_mean":38.4,"gdl_hdi":0.96,"gdl_region":"Minnesota","ghsl_smod":30,"lst_anomaly_c":null,"lst_anomaly_c_climrel":null,"worldpop_pop_total":4378.0,"frac_under5":3.8,"frac_elderly_65plus":7.6,"frac_elderly_75plus":2.2,"old_age_dependency_ratio":0.094,"has_data":true},"geometry":{"type":"Polygon","coordinates":[[[-93.288208,44.937717],[-93.288189,44.939522],[-93.28817,44.94133],[-93.281387,44.941338],[-93.277916,44.941345],[-93.274864,44.941364],[-93.274586,44.941359],[-93.274532,44.937741],[-93.274546,44.934124],[-93.274833,44.934122],[-93.275314,44.934118],[-93.279747,44.934109],[-93.285645,44.93409],[-93.288239,44.934074],[-93.288208,44.937717]]]}},{"type":"Feature","properties":{"unit_id":"27123035200","name":"Census Tract 352 \u2014 Ramsey","native_id":"27123035200","source":"census_tract_2025","adm3_name":"Ramsey County","adm3_id":"27123","area_sqm":1104140,"split":false,"population":3087.0,"days_covered":24,"daytime_peak_f":87.7,"heat_anomaly_f":6.1,"extreme_pct":17.0,"nighttime_stress_f":-3.0,"daytime_peak_f_climrel":0.3591,"heat_anomaly_f_climrel":0.3591,"nighttime_stress_f_climrel":-0.1852,"extreme_pct_climrel":0.425,"ref_daytime_hi_mean":81.5,"ref_daytime_hi_p95":94.0,"rwi_mean":null,"health_per_10k":16.196954972465175,"built_frac":0.244,"tree_frac":0.742,"canopy_frac_over_3m":0.47,"viirs_mean":39.0,"gdl_hdi":0.96,"gdl_region":"Minnesota","ghsl_smod":30,"lst_anomaly_c":null,"lst_anomaly_c_climrel":null,"worldpop_pop_total":3614.0,"frac_under5":4.3,"frac_elderly_65plus":15.0,"frac_elderly_75plus":3.7,"old_age_dependency_ratio":0.209,"has_data":true},"geometry":{"type":"Polygon","coordinates":[[[-93.167006,44.93794],[-93.167001,44.941309],[-93.167001,44.94171],[-93.166997,44.946562],[-93.156806,44.946633],[-93.156821,44.941613],[-93.156831,44.937891],[-93.15684,44.934215],[-93.161929,44.934235],[-93.167026,44.934254],[-93.167006,44.93794]]]}},{"type":"Feature","properties":{"unit_id":"27053005902","name":"Census Tract 59.02 \u2014 Hennepin","native_id":"27053005902","source":"census_tract_2025","adm3_name":"Hennepin County","adm3_id":"27053","area_sqm":486608,"split":false,"population":3813.0,"days_covered":24,"daytime_peak_f":87.5,"heat_anomaly_f":6.4,"extreme_pct":17.0,"nighttime_stress_f":-2.8,"daytime_peak_f_climrel":0.3865,"heat_anomaly_f_climrel":0.3865,"nighttime_stress_f_climrel":-0.1712,"extreme_pct_climrel":0.425,"ref_daytime_hi_mean":81.2,"ref_daytime_hi_p95":93.7,"rwi_mean":null,"health_per_10k":2.6226068712300026,"built_frac":0.758,"tree_frac":0.186,"canopy_frac_over_3m":0.199,"viirs_mean":80.4,"gdl_hdi":0.96,"gdl_region":"Minnesota","ghsl_smod":30,"lst_anomaly_c":null,"lst_anomaly_c_climrel":null,"worldpop_pop_total":3930.0,"frac_under5":8.0,"frac_elderly_65plus":5.0,"frac_elderly_75plus":1.5,"old_age_dependency_ratio":0.068,"has_data":true},"geometry":{"type":"Polygon","coordinates":[[[-93.269925,44.962692],[-93.269929,44.965911],[-93.268479,44.965548],[-93.267767,44.965807],[-93.262535,44.965839],[-93.259662,44.965834],[-93.259662,44.965685],[-93.259674,44.962719],[-93.259628,44.959126],[-93.262558,44.959118],[-93.262558,44.960918],[-93.262785,44.960946],[-93.267658,44.960903],[-93.269962,44.960915],[-93.269925,44.962692]]]}},{"type":"Feature","properties":{"unit_id":"27053011800","name":"Census Tract 118 \u2014 Hennepin","native_id":"27053011800","source":"census_tract_2025","adm3_name":"Hennepin County","adm3_id":"27053","area_sqm":2326538,"split":false,"population":2705.0,"days_covered":24,"daytime_peak_f":87.7,"heat_anomaly_f":6.1,"extreme_pct":17.0,"nighttime_stress_f":-3.0,"daytime_peak_f_climrel":0.3591,"heat_anomaly_f_climrel":0.3591,"nighttime_stress_f_climrel":-0.1852,"extreme_pct_climrel":0.425,"ref_daytime_hi_mean":81.5,"ref_daytime_hi_p95":94.0,"rwi_mean":null,"health_per_10k":0.0,"built_frac":0.184,"tree_frac":0.43,"canopy_frac_over_3m":0.353,"viirs_mean":17.1,"gdl_hdi":0.96,"gdl_region":"Minnesota","ghsl_smod":30,"lst_anomaly_c":null,"lst_anomaly_c_climrel":null,"worldpop_pop_total":5053.0,"frac_under5":6.3,"frac_elderly_65plus":14.5,"frac_elderly_75plus":4.5,"old_age_dependency_ratio":0.21,"has_data":true},"geometry":{"type":"Polygon","coordinates":[[[-93.247322,44.91066],[-93.247307,44.915076],[-93.247307,44.916056],[-93.247269,44.916054],[-93.232211,44.916421],[-93.222847,44.916401],[-93.222839,44.912613],[-93.222862,44.908989],[-93.222878,44.905373],[-93.232315,44.905338],[-93.232338,44.901699],[-93.232361,44.899891],[-93.247139,44.899647],[-93.247513,44.900906],[-93.247322,44.91066]]]}},{"type":"Feature","properties":{"unit_id":"27053024400","name":"Census Tract 244 \u2014 Hennepin","native_id":"27053024400","source":"census_tract_2025","adm3_name":"Hennepin County","adm3_id":"27053","area_sqm":1657357,"split":false,"population":2545.0,"days_covered":24,"daytime_peak_f":87.8,"heat_anomaly_f":6.2,"extreme_pct":17.0,"nighttime_stress_f":-3.2,"daytime_peak_f_climrel":0.3756,"heat_anomaly_f_climrel":0.3756,"nighttime_stress_f_climrel":-0.1982,"extreme_pct_climrel":0.425,"ref_daytime_hi_mean":81.6,"ref_daytime_hi_p95":94.1,"rwi_mean":null,"health_per_10k":15.717092337917485,"built_frac":0.47,"tree_frac":0.446,"canopy_frac_over_3m":0.288,"viirs_mean":46.6,"gdl_hdi":0.96,"gdl_region":"Minnesota","ghsl_smod":30,"lst_anomaly_c":null,"lst_anomaly_c_climrel":null,"worldpop_pop_total":4505.0,"frac_under5":3.7,"frac_elderly_65plus":35.1,"frac_elderly_75plus":20.6,"old_age_dependency_ratio":0.647,"has_data":true},"geometry":{"type":"Polygon","coordinates":[[[-93.295966,44.890171],[-93.293224,44.889896],[-93.288353,44.890083],[-93.28321,44.890059],[-93.278108,44.890164],[-93.276824,44.890554],[-93.27442,44.890569],[-93.274307,44.883465],[-93.274315,44.879883],[-93.278152,44.879871],[-93.28788,44.879829],[-93.288078,44.880844],[-93.291046,44.88295],[-93.292976,44.8834],[-93.295803,44.883435],[-93.296091,44.889379],[-93.295966,44.890171]]]}},{"type":"Feature","properties":{"unit_id":"27053023801","name":"Census Tract 238.01 \u2014 Hennepin","native_id":"27053023801","source":"census_tract_2025","adm3_name":"Hennepin County","adm3_id":"27053","area_sqm":3210654,"split":false,"population":8057.0,"days_covered":24,"daytime_peak_f":87.8,"heat_anomaly_f":6.2,"extreme_pct":17.0,"nighttime_stress_f":-3.2,"daytime_peak_f_climrel":0.3756,"heat_anomaly_f_climrel":0.3756,"nighttime_stress_f_climrel":-0.1982,"extreme_pct_climrel":0.425,"ref_daytime_hi_mean":81.6,"ref_daytime_hi_p95":94.1,"rwi_mean":null,"health_per_10k":0.0,"built_frac":0.24,"tree_frac":0.652,"canopy_frac_over_3m":0.408,"viirs_mean":19.3,"gdl_hdi":0.96,"gdl_region":"Minnesota","ghsl_smod":30,"lst_anomaly_c":null,"lst_anomaly_c_climrel":null,"worldpop_pop_total":5818.0,"frac_under5":6.2,"frac_elderly_65plus":13.5,"frac_elderly_75plus":4.9,"old_age_dependency_ratio":0.216,"has_data":true},"geometry":{"type":"Polygon","coordinates":[[[-93.350221,44.889804],[-93.350095,44.896604],[-93.350029,44.900159],[-93.350078,44.90527],[-93.349877,44.905265],[-93.339188,44.905296],[-93.328995,44.905308],[-93.32901,44.898067],[-93.329002,44.894451],[-93.32898,44.88902],[-93.329086,44.886924],[-93.333635,44.886871],[-93.339032,44.886867],[-93.342392,44.886911],[-93.350223,44.889621],[-93.350221,44.889804]]]}},{"type":"Feature","properties":{"unit_id":"27123980000","name":"Census Tract 9800 \u2014 Ramsey","native_id":"27123980000","source":"census_tract_2025","adm3_name":"Ramsey County","adm3_id":"27123","area_sqm":7650555,"split":false,"population":961.0,"days_covered":24,"daytime_peak_f":87.1,"heat_anomaly_f":6.0,"extreme_pct":17.0,"nighttime_stress_f":-3.3,"daytime_peak_f_climrel":0.3557,"heat_anomaly_f_climrel":0.3557,"nighttime_stress_f_climrel":-0.195,"extreme_pct_climrel":0.425,"ref_daytime_hi_mean":81.1,"ref_daytime_hi_p95":93.7,"rwi_mean":null,"health_per_10k":0.0,"built_frac":0.206,"tree_frac":0.301,"canopy_frac_over_3m":0.204,"viirs_mean":19.4,"gdl_hdi":0.96,"gdl_region":"Minnesota","ghsl_smod":30,"lst_anomaly_c":null,"lst_anomaly_c_climrel":null,"worldpop_pop_total":0.0,"frac_under5":8.6,"frac_elderly_65plus":13.4,"frac_elderly_75plus":4.8,"old_age_dependency_ratio":0.213,"has_data":true},"geometry":{"type":"Polygon","coordinates":[[[-93.061485,44.945923],[-93.057717,44.944917],[-93.052931,44.943822],[-93.050995,44.944507],[-93.040605,44.947136],[-93.039464,44.945958],[-93.036034,44.944164],[-93.030612,44.935852],[-93.029197,44.934593],[-93.026558,44.932485],[-93.018381,44.923346],[-93.015039,44.915533],[-93.014385,44.912183],[-93.01043,44.901872],[-93.009941,44.898793],[-93.006773,44.890765],[-93.020044,44.89075],[-93.024607,44.894074],[-93.034733,44.897831],[-93.036938,44.899999],[-93.042125,44.905101],[-93.045179,44.912307],[-93.051642,44.919502],[-93.04985,44.919924],[-93.051228,44.923026],[-93.050745,44.926003],[-93.049682,44.927788],[-93.049451,44.931822],[-93.049937,44.934744],[-93.052123,44.938584],[-93.056676,44.942196],[-93.062687,44.944649],[-93.061485,44.945923]]]}},{"type":"Feature","properties":{"unit_id":"27053020202","name":"Census Tract 202.02 \u2014 Hennepin","native_id":"27053020202","source":"census_tract_2025","adm3_name":"Hennepin County","adm3_id":"27053","area_sqm":2566273,"split":false,"population":4045.0,"days_covered":24,"daytime_peak_f":87.3,"heat_anomaly_f":6.2,"extreme_pct":17.0,"nighttime_stress_f":-2.8,"daytime_peak_f_climrel":0.3737,"heat_anomaly_f_climrel":0.3737,"nighttime_stress_f_climrel":-0.1775,"extreme_pct_climrel":0.425,"ref_daytime_hi_mean":81.1,"ref_daytime_hi_p95":93.9,"rwi_mean":null,"health_per_10k":0.0,"built_frac":0.39,"tree_frac":0.364,"canopy_frac_over_3m":0.294,"viirs_mean":28.7,"gdl_hdi":0.96,"gdl_region":"Minnesota","ghsl_smod":30,"lst_anomaly_c":null,"lst_anomaly_c_climrel":null,"worldpop_pop_total":5629.0,"frac_under5":7.4,"frac_elderly_65plus":10.5,"frac_elderly_75plus":3.8,"old_age_dependency_ratio":0.158,"has_data":true},"geometry":{"type":"Polygon","coordinates":[[[-93.300423,45.087223],[-93.295364,45.087215],[-93.288017,45.087202],[-93.281063,45.087201],[-93.280756,45.084297],[-93.283761,45.080436],[-93.28442,45.077587],[-93.283286,45.073845],[-93.281593,45.071718],[-93.280815,45.071716],[-93.282094,45.069493],[-93.286136,45.069671],[-93.290557,45.070012],[-93.294037,45.069812],[-93.29702,45.069651],[-93.299861,45.06972],[-93.299503,45.072868],[-93.300217,45.080044],[-93.300423,45.087223]]]}},{"type":"Feature","properties":{"unit_id":"27123031702","name":"Census Tract 317.02 \u2014 Ramsey","native_id":"27123031702","source":"census_tract_2025","adm3_name":"Ramsey County","adm3_id":"27123","area_sqm":1735601,"split":false,"population":3114.0,"days_covered":24,"daytime_peak_f":86.8,"heat_anomaly_f":6.5,"extreme_pct":17.0,"nighttime_stress_f":-2.3,"daytime_peak_f_climrel":0.392,"heat_anomaly_f_climrel":0.392,"nighttime_stress_f_climrel":-0.1343,"extreme_pct_climrel":0.425,"ref_daytime_hi_mean":80.3,"ref_daytime_hi_p95":92.8,"rwi_mean":null,"health_per_10k":12.845215157353884,"built_frac":0.322,"tree_frac":0.598,"canopy_frac_over_3m":0.413,"viirs_mean":29.9,"gdl_hdi":0.96,"gdl_region":"Minnesota","ghsl_smod":30,"lst_anomaly_c":null,"lst_anomaly_c_climrel":null,"worldpop_pop_total":6749.0,"frac_under5":8.8,"frac_elderly_65plus":8.7,"frac_elderly_75plus":3.6,"old_age_dependency_ratio":0.136,"has_data":true},"geometry":{"type":"Polygon","coordinates":[[[-93.047097,44.977553],[-93.04041,44.977533],[-93.035449,44.977518],[-93.030376,44.977515],[-93.030378,44.974842],[-93.02782,44.972243],[-93.027829,44.970297],[-93.027842,44.968749],[-93.035487,44.96875],[-93.035495,44.966711],[-93.03551,44.963114],[-93.039592,44.963112],[-93.045939,44.963107],[-93.045104,44.966082],[-93.044999,44.968956],[-93.044003,44.971534],[-93.044404,44.973931],[-93.044889,44.974632],[-93.046776,44.975878],[-93.047097,44.977553]]]}}]}