{"type": "FeatureCollection", "features": [{"type": "Feature", "properties": {"unit_id": "36061004400", "name": "Census Tract 44 \u2014 New York", "native_id": "36061004400", "source": "census_tract_2025", "adm3_name": "New York County", "adm3_id": "36061", "area_sqm": 410012, "split": false}, "geometry": {"type": "Polygon", "coordinates": [[[-73.981562, 40.732643], [-73.981127, 40.733242], [-73.980711, 40.733813], [-73.980275, 40.73441], [-73.979864, 40.734975], [-73.977722, 40.734041], [-73.976983, 40.73373], [-73.97542, 40.733005], [-73.974243, 40.732536], [-73.97365, 40.73231], [-73.961436, 40.727298], [-73.961611, 40.724951], [-73.961543, 40.723876], [-73.962645, 40.722747], [-73.971396, 40.726662], [-73.971857, 40.726759], [-73.973298, 40.727428], [-73.975696, 40.728475], [-73.978001, 40.729429], [-73.980338, 40.730448], [-73.982564, 40.731361], [-73.981562, 40.732643]]]}}, {"type": "Feature", "properties": {"unit_id": "36047032600", "name": "Census Tract 326 \u2014 Kings", "native_id": "36047032600", "source": "census_tract_2025", "adm3_name": "Kings County", "adm3_id": "36047", "area_sqm": 329186, "split": false}, "geometry": {"type": "Polygon", "coordinates": [[[-73.992638, 40.578118], [-73.990504, 40.578358], [-73.986276, 40.578823], [-73.984149, 40.579053], [-73.983435, 40.575414], [-73.985573, 40.57515], [-73.989686, 40.574004], [-73.991743, 40.57343], [-73.992195, 40.575808], [-73.992638, 40.578118]]]}}, {"type": "Feature", "properties": {"unit_id": "36047059000", "name": "Census Tract 590 \u2014 Kings", "native_id": "36047059000", "source": "census_tract_2025", "adm3_name": "Kings County", "adm3_id": "36047", "area_sqm": 158383, "split": false}, "geometry": {"type": "Polygon", "coordinates": [[[-73.957003, 40.592002], [-73.956077, 40.592101], [-73.95326, 40.592413], [-73.952858, 40.590293], [-73.952454, 40.588173], [-73.953417, 40.588068], [-73.953252, 40.587195], [-73.954213, 40.587383], [-73.954341, 40.587967], [-73.956193, 40.587762], [-73.956588, 40.589884], [-73.957003, 40.592002]]]}}, {"type": "Feature", "properties": {"unit_id": "36047037700", "name": "Census Tract 377 \u2014 Kings", "native_id": "36047037700", "source": "census_tract_2025", "adm3_name": "Kings County", "adm3_id": "36047", "area_sqm": 190202, "split": false}, "geometry": {"type": "Polygon", "coordinates": [[[-73.923252, 40.685612], [-73.91785, 40.686233], [-73.917701, 40.6855], [-73.917558, 40.684767], [-73.917266, 40.683303], [-73.917122, 40.682568], [-73.922545, 40.681936], [-73.92267, 40.682682], [-73.922814, 40.683415], [-73.922959, 40.684148], [-73.923104, 40.68488], [-73.923252, 40.685612]]]}}, {"type": "Feature", "properties": {"unit_id": "36047073200", "name": "Census Tract 732 \u2014 Kings", "native_id": "36047073200", "source": "census_tract_2025", "adm3_name": "Kings County", "adm3_id": "36047", "area_sqm": 159928, "split": false}, "geometry": {"type": "Polygon", "coordinates": [[[-73.9358, 40.630032], [-73.931983, 40.630269], [-73.931743, 40.62793], [-73.931494, 40.625594], [-73.933449, 40.625704], [-73.935349, 40.625835], [-73.935549, 40.627692], [-73.9358, 40.630032]]]}}, {"type": "Feature", "properties": {"unit_id": "36047011400", "name": "Census Tract 114 \u2014 Kings", "native_id": "36047011400", "source": "census_tract_2025", "adm3_name": "Kings County", "adm3_id": "36047", "area_sqm": 167792, "split": false}, "geometry": {"type": "Polygon", "coordinates": [[[-74.001508, 40.639785], [-74.000925, 40.640346], [-74.000341, 40.640905], [-73.999757, 40.641467], [-73.999176, 40.642026], [-73.996974, 40.640694], [-73.99551, 40.63981], [-73.996227, 40.639331], [-73.996942, 40.638853], [-73.998374, 40.637893], [-73.999807, 40.636936], [-74.002672, 40.638667], [-74.001508, 40.639785]]]}}, {"type": "Feature", "properties": {"unit_id": "36061003800", "name": "Census Tract 38 \u2014 New York", "native_id": "36061003800", "source": "census_tract_2025", "adm3_name": "New York County", "adm3_id": "36061", "area_sqm": 202370, "split": false}, "geometry": {"type": "Polygon", "coordinates": [[[-73.991548, 40.727089], [-73.991285, 40.727762], [-73.99079, 40.728352], [-73.989482, 40.730133], [-73.987239, 40.729192], [-73.984875, 40.728194], [-73.985753, 40.726988], [-73.986176, 40.726409], [-73.987053, 40.725203], [-73.987502, 40.724584], [-73.98987, 40.725582], [-73.991794, 40.726391], [-73.991548, 40.727089]]]}}, {"type": "Feature", "properties": {"unit_id": "36047029400", "name": "Census Tract 294 \u2014 Kings", "native_id": "36047029400", "source": "census_tract_2025", "adm3_name": "Kings County", "adm3_id": "36047", "area_sqm": 188664, "split": false}, "geometry": {"type": "Polygon", "coordinates": [[[-74.000069, 40.595934], [-73.999982, 40.596017], [-73.999513, 40.596476], [-73.998672, 40.597269], [-73.99734, 40.598552], [-73.995932, 40.597579], [-73.995225, 40.597093], [-73.996747, 40.595643], [-73.995308, 40.594428], [-73.996194, 40.593992], [-73.997368, 40.593974], [-73.9993157863632, 40.5931024417836], [-73.9994272994019, 40.5931868061641], [-74.0013896797924, 40.5946714308133], [-74.000069, 40.595934]]]}}, {"type": "Feature", "properties": {"unit_id": "36047095800", "name": "Census Tract 958 \u2014 Kings", "native_id": "36047095800", "source": "census_tract_2025", "adm3_name": "Kings County", "adm3_id": "36047", "area_sqm": 234373, "split": false}, "geometry": {"type": "Polygon", "coordinates": [[[-73.914724, 40.643161], [-73.914441, 40.643342], [-73.912915, 40.644177], [-73.910764, 40.642246], [-73.909119, 40.64077], [-73.907454, 40.639276], [-73.910367, 40.637391], [-73.912034, 40.63889], [-73.913904, 40.640569], [-73.915925, 40.642384], [-73.914724, 40.643161]]]}}, {"type": "Feature", "properties": {"unit_id": "36047041800", "name": "Census Tract 418 \u2014 Kings", "native_id": "36047041800", "source": "census_tract_2025", "adm3_name": "Kings County", "adm3_id": "36047", "area_sqm": 164317, "split": false}, "geometry": {"type": "Polygon", "coordinates": [[[-73.967261, 40.607259], [-73.963891, 40.60763], [-73.963724, 40.606758], [-73.961886, 40.607336], [-73.961732, 40.605358], [-73.964351, 40.60507], [-73.963912, 40.602749], [-73.966357, 40.60248], [-73.966959, 40.605662], [-73.967261, 40.607259]]]}}, {"type": "Feature", "properties": {"unit_id": "36047015300", "name": "Census Tract 153 \u2014 Kings", "native_id": "36047015300", "source": "census_tract_2025", "adm3_name": "Kings County", "adm3_id": "36047", "area_sqm": 150477, "split": false}, "geometry": {"type": "Polygon", "coordinates": [[[-73.983435, 40.668642], [-73.982932, 40.669245], [-73.982428, 40.669847], [-73.981927, 40.670448], [-73.979563, 40.669313], [-73.977208, 40.668169], [-73.977717, 40.66757], [-73.978212, 40.666963], [-73.978715, 40.666361], [-73.979224, 40.665749], [-73.981582, 40.666888], [-73.983943, 40.66803], [-73.983435, 40.668642]]]}}, {"type": "Feature", "properties": {"unit_id": "36047080200", "name": "Census Tract 802 \u2014 Kings", "native_id": "36047080200", "source": "census_tract_2025", "adm3_name": "Kings County", "adm3_id": "36047", "area_sqm": 185243, "split": false}, "geometry": {"type": "Polygon", "coordinates": [[[-73.956725, 40.659017], [-73.950493, 40.659405], [-73.950416, 40.658693], [-73.950326, 40.657838], [-73.95016, 40.65626], [-73.953048, 40.656081], [-73.956388, 40.655875], [-73.956478, 40.656711], [-73.956649, 40.658306], [-73.956725, 40.659017]]]}}, {"type": "Feature", "properties": {"unit_id": "36047000900", "name": "Census Tract 9 \u2014 Kings", "native_id": "36047000900", "source": "census_tract_2025", "adm3_name": "Kings County", "adm3_id": "36047", "area_sqm": 163469, "split": false}, "geometry": {"type": "Polygon", "coordinates": [[[-73.993736, 40.691535], [-73.993103, 40.692846], [-73.9921, 40.694947], [-73.990663, 40.694561], [-73.990972, 40.692549], [-73.989473, 40.692296], [-73.988932, 40.692086], [-73.989261, 40.690977], [-73.989662, 40.690334], [-73.990096, 40.689706], [-73.990686, 40.689142], [-73.992364, 40.68969], [-73.994361, 40.690239], [-73.993736, 40.691535]]]}}, {"type": "Feature", "properties": {"unit_id": "36047004100", "name": "Census Tract 41 \u2014 Kings", "native_id": "36047004100", "source": "census_tract_2025", "adm3_name": "Kings County", "adm3_id": "36047", "area_sqm": 162009, "split": false}, "geometry": {"type": "Polygon", "coordinates": [[[-73.987, 40.687773], [-73.986155, 40.689018], [-73.981817, 40.68733], [-73.982661, 40.686086], [-73.983953, 40.684182], [-73.986119, 40.685024], [-73.988289, 40.685869], [-73.987, 40.687773]]]}}, {"type": "Feature", "properties": {"unit_id": "36047047400", "name": "Census Tract 474 \u2014 Kings", "native_id": "36047047400", "source": "census_tract_2025", "adm3_name": "Kings County", "adm3_id": "36047", "area_sqm": 175872, "split": false}, "geometry": {"type": "Polygon", "coordinates": [[[-73.985509, 40.631038], [-73.984928, 40.631597], [-73.982406, 40.630068], [-73.980428, 40.628879], [-73.978067, 40.627455], [-73.979818, 40.625774], [-73.983016, 40.627705], [-73.984204, 40.628448], [-73.986675, 40.629916], [-73.985509, 40.631038]]]}}, {"type": "Feature", "properties": {"unit_id": "36047003700", "name": "Census Tract 37 \u2014 Kings", "native_id": "36047003700", "source": "census_tract_2025", "adm3_name": "Kings County", "adm3_id": "36047", "area_sqm": 166448, "split": false}, "geometry": {"type": "Polygon", "coordinates": [[[-73.989261, 40.690977], [-73.988932, 40.692086], [-73.985363, 40.690667], [-73.983506, 40.689921], [-73.981068, 40.688945], [-73.98087, 40.688866], [-73.979841, 40.687345], [-73.979363, 40.686682], [-73.981817, 40.68733], [-73.986155, 40.689018], [-73.989662, 40.690334], [-73.989261, 40.690977]]]}}, {"type": "Feature", "properties": {"unit_id": "36047014901", "name": "Census Tract 149.01 \u2014 Kings", "native_id": "36047014901", "source": "census_tract_2025", "adm3_name": "Kings County", "adm3_id": "36047", "area_sqm": 74973, "split": false}, "geometry": {"type": "Polygon", "coordinates": [[[-73.98645, 40.665028], [-73.985948, 40.66563], [-73.983586, 40.664489], [-73.981225, 40.663347], [-73.982231, 40.662142], [-73.984591, 40.663284], [-73.986951, 40.664425], [-73.98645, 40.665028]]]}}, {"type": "Feature", "properties": {"unit_id": "36047092800", "name": "Census Tract 928 \u2014 Kings", "native_id": "36047092800", "source": "census_tract_2025", "adm3_name": "Kings County", "adm3_id": "36047", "area_sqm": 157219, "split": false}, "geometry": {"type": "Polygon", "coordinates": [[[-73.913744, 40.654169], [-73.912329, 40.654135], [-73.910679, 40.65418], [-73.909726, 40.654313], [-73.909335, 40.652809], [-73.908558, 40.652096], [-73.909449, 40.651522], [-73.911823, 40.649984], [-73.913407, 40.651407], [-73.915226, 40.653039], [-73.913744, 40.654169]]]}}, {"type": "Feature", "properties": {"unit_id": "36061012602", "name": "Census Tract 126.02 \u2014 New York", "native_id": "36061012602", "source": "census_tract_2025", "adm3_name": "New York County", "adm3_id": "36061", "area_sqm": 89310, "split": false}, "geometry": {"type": "Polygon", "coordinates": [[[-73.961559, 40.768437], [-73.961102, 40.769059], [-73.960602, 40.769749], [-73.959645, 40.771064], [-73.957404, 40.77012], [-73.957866, 40.769484], [-73.958362, 40.768803], [-73.958861, 40.76812], [-73.959318, 40.767494], [-73.959777, 40.766868], [-73.962014, 40.767812], [-73.961559, 40.768437]]]}}, {"type": "Feature", "properties": {"unit_id": "36047003300", "name": "Census Tract 33 \u2014 Kings", "native_id": "36047003300", "source": "census_tract_2025", "adm3_name": "Kings County", "adm3_id": "36047", "area_sqm": 164585, "split": false}, "geometry": {"type": "Polygon", "coordinates": [[[-73.98136, 40.689928], [-73.978624, 40.689831], [-73.977098, 40.689773], [-73.976102, 40.689737], [-73.975106, 40.689698], [-73.974616, 40.687191], [-73.97559, 40.687086], [-73.976545, 40.686994], [-73.977361, 40.686919], [-73.979363, 40.686682], [-73.979841, 40.687345], [-73.98087, 40.688866], [-73.981068, 40.688945], [-73.983506, 40.689921], [-73.98136, 40.689928]]]}}, {"type": "Feature", "properties": {"unit_id": "36047007500", "name": "Census Tract 75 \u2014 Kings", "native_id": "36047007500", "source": "census_tract_2025", "adm3_name": "Kings County", "adm3_id": "36047", "area_sqm": 282782, "split": false}, "geometry": {"type": "Polygon", "coordinates": [[[-73.996209, 40.681724], [-73.995881, 40.682395], [-73.995558, 40.683069], [-73.995232, 40.683741], [-73.994901, 40.68443], [-73.992623, 40.683544], [-73.990424, 40.682694], [-73.987279, 40.681467], [-73.987668, 40.680818], [-73.98808, 40.680172], [-73.989388, 40.678285], [-73.992587, 40.679521], [-73.994889, 40.6802], [-73.994654, 40.680541], [-73.996527, 40.68106], [-73.996209, 40.681724]]]}}, {"type": "Feature", "properties": {"unit_id": "36047082200", "name": "Census Tract 822 \u2014 Kings", "native_id": "36047082200", "source": "census_tract_2025", "adm3_name": "Kings County", "adm3_id": "36047", "area_sqm": 169857, "split": false}, "geometry": {"type": "Polygon", "coordinates": [[[-73.956388, 40.655875], [-73.953048, 40.656081], [-73.952959, 40.65525], [-73.952824, 40.653978], [-73.952664, 40.65249], [-73.952563, 40.651546], [-73.952469, 40.65067], [-73.955825, 40.65053], [-73.955907, 40.651369], [-73.95601, 40.652314], [-73.956164, 40.653777], [-73.9563, 40.655049], [-73.956388, 40.655875]]]}}, {"type": "Feature", "properties": {"unit_id": "36047025400", "name": "Census Tract 254 \u2014 Kings", "native_id": "36047025400", "source": "census_tract_2025", "adm3_name": "Kings County", "adm3_id": "36047", "area_sqm": 175492, "split": false}, "geometry": {"type": "Polygon", "coordinates": [[[-73.987435, 40.618455], [-73.987136, 40.618742], [-73.986275, 40.619567], [-73.984068, 40.618241], [-73.981868, 40.616912], [-73.979638, 40.615565], [-73.980805, 40.614447], [-73.981438, 40.613838], [-73.98249, 40.614424], [-73.983668, 40.615185], [-73.98586, 40.616522], [-73.988066, 40.617852], [-73.987435, 40.618455]]]}}, {"type": "Feature", "properties": {"unit_id": "36047111000", "name": "Census Tract 1110 \u2014 Kings", "native_id": "36047111000", "source": "census_tract_2025", "adm3_name": "Kings County", "adm3_id": "36047", "area_sqm": 124982, "split": false}, "geometry": {"type": "Polygon", "coordinates": [[[-73.884131, 40.661433], [-73.880892, 40.662834], [-73.879683, 40.66117], [-73.878592, 40.659701], [-73.881826, 40.658308], [-73.882912, 40.659781], [-73.884131, 40.661433]]]}}, {"type": "Feature", "properties": {"unit_id": "36061016900", "name": "Census Tract 169 \u2014 New York", "native_id": "36061016900", "source": "census_tract_2025", "adm3_name": "New York County", "adm3_id": "36061", "area_sqm": 180002, "split": false}, "geometry": {"type": "Polygon", "coordinates": [[[-73.976439, 40.785735], [-73.975976, 40.786369], [-73.975016, 40.787687], [-73.972175, 40.786487], [-73.969335, 40.785294], [-73.969832, 40.784611], [-73.970301, 40.783975], [-73.97076, 40.78334], [-73.971223, 40.782706], [-73.974058, 40.783901], [-73.976902, 40.785098], [-73.976439, 40.785735]]]}}, {"type": "Feature", "properties": {"unit_id": "36047024300", "name": "Census Tract 243 \u2014 Kings", "native_id": "36047024300", "source": "census_tract_2025", "adm3_name": "Kings County", "adm3_id": "36047", "area_sqm": 154349, "split": false}, "geometry": {"type": "Polygon", "coordinates": [[[-73.955122, 40.689444], [-73.951464, 40.689864], [-73.951175, 40.6884], [-73.950883, 40.686933], [-73.95059, 40.685467], [-73.954246, 40.685047], [-73.954393, 40.68578], [-73.954538, 40.686512], [-73.954684, 40.687245], [-73.954829, 40.687977], [-73.955122, 40.689444]]]}}, {"type": "Feature", "properties": {"unit_id": "36047027700", "name": "Census Tract 277 \u2014 Kings", "native_id": "36047027700", "source": "census_tract_2025", "adm3_name": "Kings County", "adm3_id": "36047", "area_sqm": 162108, "split": false}, "geometry": {"type": "Polygon", "coordinates": [[[-73.941932, 40.687963], [-73.939097, 40.688289], [-73.936172, 40.688627], [-73.936027, 40.687892], [-73.935879, 40.68716], [-73.935736, 40.686428], [-73.93559, 40.685695], [-73.938515, 40.685358], [-73.941348, 40.685031], [-73.941494, 40.685764], [-73.94164, 40.686497], [-73.941785, 40.687228], [-73.941932, 40.687963]]]}}, {"type": "Feature", "properties": {"unit_id": "36047038500", "name": "Census Tract 385 \u2014 Kings", "native_id": "36047038500", "source": "census_tract_2025", "adm3_name": "Kings County", "adm3_id": "36047", "area_sqm": 174443, "split": false}, "geometry": {"type": "Polygon", "coordinates": [[[-73.93018, 40.688565], [-73.923979, 40.689275], [-73.923834, 40.688541], [-73.923689, 40.687811], [-73.923542, 40.687076], [-73.923396, 40.686345], [-73.929591, 40.685635], [-73.92975, 40.686366], [-73.929888, 40.6871], [-73.930035, 40.687833], [-73.93018, 40.688565]]]}}, {"type": "Feature", "properties": {"unit_id": "36047083200", "name": "Census Tract 832 \u2014 Kings", "native_id": "36047083200", "source": "census_tract_2025", "adm3_name": "Kings County", "adm3_id": "36047", "area_sqm": 145549, "split": false}, "geometry": {"type": "Polygon", "coordinates": [[[-73.943965, 40.643543], [-73.942029, 40.643664], [-73.940159, 40.64378], [-73.939914, 40.641481], [-73.939664, 40.639142], [-73.941533, 40.639025], [-73.942503, 40.638965], [-73.942651, 40.640344], [-73.94372, 40.641242], [-73.943965, 40.643543]]]}}, {"type": "Feature", "properties": {"unit_id": "36047055800", "name": "Census Tract 558 \u2014 Kings", "native_id": "36047055800", "source": "census_tract_2025", "adm3_name": "Kings County", "adm3_id": "36047", "area_sqm": 171625, "split": false}, "geometry": {"type": "Polygon", "coordinates": [[[-73.957724, 40.6058], [-73.955831, 40.606008], [-73.954869, 40.606114], [-73.953922, 40.606217], [-73.953037, 40.601506], [-73.953978, 40.601401], [-73.954942, 40.601297], [-73.955905, 40.601191], [-73.95683, 40.601087], [-73.957283, 40.60347], [-73.957724, 40.6058]]]}}, {"type": "Feature", "properties": {"unit_id": "36047053900", "name": "Census Tract 539 \u2014 Kings", "native_id": "36047053900", "source": "census_tract_2025", "adm3_name": "Kings County", "adm3_id": "36047", "area_sqm": 101381, "split": false}, "geometry": {"type": "Polygon", "coordinates": [[[-73.964426, 40.703122], [-73.961854, 40.704786], [-73.960341, 40.703437], [-73.961452, 40.701663], [-73.962179, 40.700221], [-73.962576, 40.700514], [-73.965204, 40.702623], [-73.964426, 40.703122]]]}}, {"type": "Feature", "properties": {"unit_id": "36061020500", "name": "Census Tract 205 \u2014 New York", "native_id": "36061020500", "source": "census_tract_2025", "adm3_name": "New York County", "adm3_id": "36061", "area_sqm": 281121, "split": false}, "geometry": {"type": "Polygon", "coordinates": [[[-73.9712500049547, 40.8163402145554], [-73.965379, 40.813959], [-73.963016, 40.812624], [-73.962106, 40.812252], [-73.961111, 40.81183], [-73.962058, 40.810535], [-73.963903, 40.808004], [-73.96439, 40.807338], [-73.964848, 40.806707], [-73.966354, 40.807335], [-73.966979, 40.807596], [-73.969222, 40.808506], [-73.9751708470458, 40.8109443801033], [-73.9712500049547, 40.8163402145554]]]}}, {"type": "Feature", "properties": {"unit_id": "36047057901", "name": "Census Tract 579.01 \u2014 Kings", "native_id": "36047057901", "source": "census_tract_2025", "adm3_name": "Kings County", "adm3_id": "36047", "area_sqm": 245831, "split": false}, "geometry": {"type": "Polygon", "coordinates": [[[-73.955472, 40.737997], [-73.955189, 40.739062], [-73.955087, 40.7394], [-73.952669, 40.739258], [-73.953028, 40.737501], [-73.950205, 40.736707], [-73.94922, 40.730678], [-73.950649, 40.730542], [-73.949911, 40.729244], [-73.950731, 40.728972], [-73.95159, 40.73045], [-73.951869, 40.731144], [-73.952104, 40.732563], [-73.95234, 40.73398], [-73.952975, 40.736079], [-73.95519, 40.735867], [-73.955307, 40.736577], [-73.955472, 40.737997]]]}}, {"type": "Feature", "properties": {"unit_id": "36047121400", "name": "Census Tract 1214 \u2014 Kings", "native_id": "36047121400", "source": "census_tract_2025", "adm3_name": "Kings County", "adm3_id": "36047", "area_sqm": 173354, "split": false}, "geometry": {"type": "Polygon", "coordinates": [[[-73.86833, 40.668728], [-73.865554, 40.669122], [-73.862845, 40.669522], [-73.86242, 40.667783], [-73.862042, 40.666253], [-73.867518, 40.665473], [-73.86788, 40.666996], [-73.86833, 40.668728]]]}}, {"type": "Feature", "properties": {"unit_id": "36061015501", "name": "Census Tract 155.01 \u2014 New York", "native_id": "36061015501", "source": "census_tract_2025", "adm3_name": "New York County", "adm3_id": "36061", "area_sqm": 86090, "split": false}, "geometry": {"type": "Polygon", "coordinates": [[[-73.986815, 40.776599], [-73.985713, 40.778112], [-73.985448, 40.778476], [-73.982583, 40.777303], [-73.983047, 40.776683], [-73.983505, 40.776058], [-73.983971, 40.77543], [-73.984412, 40.774808], [-73.987241, 40.776017], [-73.986815, 40.776599]]]}}, {"type": "Feature", "properties": {"unit_id": "36047014101", "name": "Census Tract 141.01 \u2014 Kings", "native_id": "36047014101", "source": "census_tract_2025", "adm3_name": "Kings County", "adm3_id": "36047", "area_sqm": 75853, "split": false}, "geometry": {"type": "Polygon", "coordinates": [[[-73.99073, 40.667941], [-73.985948, 40.66563], [-73.98645, 40.665028], [-73.986951, 40.664425], [-73.989312, 40.665567], [-73.991734, 40.666736], [-73.99073, 40.667941]]]}}, {"type": "Feature", "properties": {"unit_id": "36047027200", "name": "Census Tract 272 \u2014 Kings", "native_id": "36047027200", "source": "census_tract_2025", "adm3_name": "Kings County", "adm3_id": "36047", "area_sqm": 132147, "split": false}, "geometry": {"type": "Polygon", "coordinates": [[[-73.996922, 40.609335], [-73.994719, 40.608005], [-73.994137, 40.608564], [-73.993557, 40.609123], [-73.992975, 40.609683], [-73.992394, 40.610241], [-73.990193, 40.608911], [-73.987965, 40.607566], [-73.988423, 40.607119], [-73.988551, 40.607002], [-73.990775, 40.608352], [-73.991358, 40.607794], [-73.991941, 40.607236], [-73.993104, 40.606116], [-73.995303, 40.607445], [-73.997503, 40.608775], [-73.996922, 40.609335]]]}}, {"type": "Feature", "properties": {"unit_id": "36047006800", "name": "Census Tract 68 \u2014 Kings", "native_id": "36047006800", "source": "census_tract_2025", "adm3_name": "Kings County", "adm3_id": "36047", "area_sqm": 185509, "split": false}, "geometry": {"type": "Polygon", "coordinates": [[[-74.029357, 40.634837], [-74.029134, 40.635373], [-74.028658, 40.636546], [-74.028279, 40.637468], [-74.025666, 40.636667], [-74.025472, 40.63714], [-74.02291, 40.636108], [-74.023235, 40.635318], [-74.023518, 40.634616], [-74.024238, 40.632859], [-74.026951, 40.633516], [-74.029633, 40.634153], [-74.029357, 40.634837]]]}}, {"type": "Feature", "properties": {"unit_id": "36047027400", "name": "Census Tract 274 \u2014 Kings", "native_id": "36047027400", "source": "census_tract_2025", "adm3_name": "Kings County", "adm3_id": "36047", "area_sqm": 163364, "split": false}, "geometry": {"type": "Polygon", "coordinates": [[[-73.997171, 40.612215], [-73.995983, 40.613388], [-73.99537, 40.613996], [-73.993343, 40.612772], [-73.994597, 40.611571], [-73.992394, 40.610241], [-73.992975, 40.609683], [-73.993557, 40.609123], [-73.994137, 40.608564], [-73.994719, 40.608005], [-73.996922, 40.609335], [-73.996338, 40.609894], [-73.998313, 40.611084], [-73.997171, 40.612215]]]}}, {"type": "Feature", "properties": {"unit_id": "36061018200", "name": "Census Tract 182 \u2014 New York", "native_id": "36061018200", "source": "census_tract_2025", "adm3_name": "New York County", "adm3_id": "36061", "area_sqm": 176900, "split": false}, "geometry": {"type": "Polygon", "coordinates": [[[-73.943742, 40.798616], [-73.942743, 40.799983], [-73.941825, 40.80124], [-73.940207, 40.800557], [-73.938603, 40.799883], [-73.939522, 40.798625], [-73.940519, 40.797261], [-73.940929, 40.7967], [-73.941876, 40.795406], [-73.943483, 40.796073], [-73.945096, 40.796764], [-73.943742, 40.798616]]]}}, {"type": "Feature", "properties": {"unit_id": "36047099400", "name": "Census Tract 994 \u2014 Kings", "native_id": "36047099400", "source": "census_tract_2025", "adm3_name": "Kings County", "adm3_id": "36047", "area_sqm": 173970, "split": false}, "geometry": {"type": "Polygon", "coordinates": [[[-73.907784, 40.63622], [-73.905612, 40.637622], [-73.90413, 40.638578], [-73.902177, 40.636823], [-73.901264, 40.634818], [-73.904149, 40.632952], [-73.90595, 40.634575], [-73.907784, 40.63622]]]}}, {"type": "Feature", "properties": {"unit_id": "36047030300", "name": "Census Tract 303 \u2014 Kings", "native_id": "36047030300", "source": "census_tract_2025", "adm3_name": "Kings County", "adm3_id": "36047", "area_sqm": 253583, "split": false}, "geometry": {"type": "Polygon", "coordinates": [[[-73.922049, 40.674574], [-73.921901, 40.676131], [-73.921816, 40.677019], [-73.919219, 40.676886], [-73.916465, 40.676647], [-73.913696, 40.676495], [-73.914004, 40.67324], [-73.916773, 40.67339], [-73.919541, 40.673542], [-73.922132, 40.673684], [-73.922049, 40.674574]]]}}, {"type": "Feature", "properties": {"unit_id": "36047043200", "name": "Census Tract 432 \u2014 Kings", "native_id": "36047043200", "source": "census_tract_2025", "adm3_name": "Kings County", "adm3_id": "36047", "area_sqm": 148819, "split": false}, "geometry": {"type": "Polygon", "coordinates": [[[-73.982107, 40.613273], [-73.981748, 40.613554], [-73.981438, 40.613838], [-73.980707, 40.613402], [-73.979474, 40.612666], [-73.978699, 40.608188], [-73.979697, 40.608077], [-73.980695, 40.607969], [-73.981624, 40.607866], [-73.98266, 40.612693], [-73.982107, 40.613273]]]}}, {"type": "Feature", "properties": {"unit_id": "36061015302", "name": "Census Tract 153.02 \u2014 New York", "native_id": "36061015302", "source": "census_tract_2025", "adm3_name": "New York County", "adm3_id": "36061", "area_sqm": 87313, "split": false}, "geometry": {"type": "Polygon", "coordinates": [[[-73.983971, 40.77543], [-73.983505, 40.776058], [-73.983047, 40.776683], [-73.982583, 40.777303], [-73.979746, 40.776106], [-73.980203, 40.775479], [-73.98066, 40.774852], [-73.981573, 40.773602], [-73.982222, 40.773873], [-73.984412, 40.774808], [-73.983971, 40.77543]]]}}, {"type": "Feature", "properties": {"unit_id": "36047035900", "name": "Census Tract 359 \u2014 Kings", "native_id": "36047035900", "source": "census_tract_2025", "adm3_name": "Kings County", "adm3_id": "36047", "area_sqm": 183575, "split": false}, "geometry": {"type": "Polygon", "coordinates": [[[-73.925598, 40.668496], [-73.925413, 40.670279], [-73.925328, 40.671169], [-73.925245, 40.672062], [-73.925161, 40.672954], [-73.925082, 40.673844], [-73.922132, 40.673684], [-73.9223, 40.6719], [-73.922384, 40.671009], [-73.922467, 40.670117], [-73.922544, 40.669276], [-73.922632, 40.668373], [-73.922753, 40.667098], [-73.924389, 40.666385], [-73.924772, 40.667487], [-73.925539, 40.668493], [-73.925598, 40.668496]]]}}, {"type": "Feature", "properties": {"unit_id": "36047099000", "name": "Census Tract 990 \u2014 Kings", "native_id": "36047099000", "source": "census_tract_2025", "adm3_name": "Kings County", "adm3_id": "36047", "area_sqm": 163721, "split": false}, "geometry": {"type": "Polygon", "coordinates": [[[-73.898828, 40.642005], [-73.897011, 40.640374], [-73.895191, 40.638742], [-73.8983, 40.636736], [-73.901933, 40.640001], [-73.898828, 40.642005]]]}}, {"type": "Feature", "properties": {"unit_id": "36047007200", "name": "Census Tract 72 \u2014 Kings", "native_id": "36047007200", "source": "census_tract_2025", "adm3_name": "Kings County", "adm3_id": "36047", "area_sqm": 62490, "split": false}, "geometry": {"type": "Polygon", "coordinates": [[[-74.021165, 40.641417], [-74.020212, 40.641981], [-74.018422, 40.640846], [-74.019024, 40.640264], [-74.019608, 40.639704], [-74.021087, 40.638262], [-74.021774, 40.64041], [-74.021165, 40.641417]]]}}, {"type": "Feature", "properties": {"unit_id": "36061031703", "name": "Census Tract 317.03 \u2014 New York", "native_id": "36061031703", "source": "census_tract_2025", "adm3_name": "New York County", "adm3_id": "36061", "area_sqm": 248049, "split": false}, "geometry": {"type": "Polygon", "coordinates": [[[-74.0230657739048, 40.7204139707265], [-74.013046, 40.719086], [-74.012292, 40.719039], [-74.012731, 40.717114], [-74.013195, 40.715203], [-74.0137, 40.713668], [-74.014147, 40.712213], [-74.014358, 40.711006], [-74.017987221648, 40.7124019490226], [-74.017105, 40.716604], [-74.023193, 40.719891], [-74.0230657739048, 40.7204139707265]]]}}, {"type": "Feature", "properties": {"unit_id": "36047050202", "name": "Census Tract 502.02 \u2014 Kings", "native_id": "36047050202", "source": "census_tract_2025", "adm3_name": "Kings County", "adm3_id": "36047", "area_sqm": 135737, "split": false}, "geometry": {"type": "Polygon", "coordinates": [[[-73.978039, 40.654747], [-73.976571, 40.655311], [-73.976424, 40.654535], [-73.974302, 40.655367], [-73.973555, 40.655644], [-73.973051, 40.653913], [-73.972683, 40.652639], [-73.976347, 40.65122], [-73.977333, 40.653043], [-73.978039, 40.654747]]]}}, {"type": "Feature", "properties": {"unit_id": "36061019200", "name": "Census Tract 192 \u2014 New York", "native_id": "36061019200", "source": "census_tract_2025", "adm3_name": "New York County", "adm3_id": "36061", "area_sqm": 189850, "split": false}, "geometry": {"type": "Polygon", "coordinates": [[[-73.933516, 40.798594], [-73.931969, 40.800711], [-73.931773, 40.800979], [-73.93073, 40.802427], [-73.929983, 40.802985], [-73.928225, 40.80385], [-73.92725, 40.802558], [-73.925081, 40.802521], [-73.925291, 40.802002], [-73.927599, 40.79803], [-73.927257, 40.794876], [-73.929256, 40.795867], [-73.929777, 40.796156], [-73.931743, 40.796988], [-73.933991, 40.797932], [-73.933516, 40.798594]]]}}, {"type": "Feature", "properties": {"unit_id": "36047000301", "name": "Census Tract 3.01 \u2014 Kings", "native_id": "36047000301", "source": "census_tract_2025", "adm3_name": "Kings County", "adm3_id": "36047", "area_sqm": 200995, "split": false}, "geometry": {"type": "Polygon", "coordinates": [[[-74.000277, 40.694959], [-73.999461, 40.69628], [-73.998847, 40.697141], [-73.998032, 40.698762], [-73.9975, 40.699653], [-73.996001, 40.699007], [-73.995122, 40.698767], [-73.994292, 40.698535], [-73.995326, 40.696378], [-73.995547, 40.695892], [-73.995855, 40.695221], [-73.996197, 40.694507], [-73.996716, 40.693439], [-73.997609, 40.693601], [-74.000025, 40.694097], [-74.000701, 40.694388], [-74.000277, 40.694959]]]}}, {"type": "Feature", "properties": {"unit_id": "36047053200", "name": "Census Tract 532 \u2014 Kings", "native_id": "36047053200", "source": "census_tract_2025", "adm3_name": "Kings County", "adm3_id": "36047", "area_sqm": 174306, "split": false}, "geometry": {"type": "Polygon", "coordinates": [[[-73.962298, 40.629961], [-73.961824, 40.630017], [-73.961369, 40.63006], [-73.960408, 40.63017], [-73.959956, 40.627778], [-73.958994, 40.627886], [-73.958088, 40.623105], [-73.96094, 40.622791], [-73.961393, 40.625179], [-73.961846, 40.627571], [-73.962099, 40.62893], [-73.962298, 40.629961]]]}}, {"type": "Feature", "properties": {"unit_id": "36061001001", "name": "Census Tract 10.01 \u2014 New York", "native_id": "36061001001", "source": "census_tract_2025", "adm3_name": "New York County", "adm3_id": "36061", "area_sqm": 80143, "split": false}, "geometry": {"type": "Polygon", "coordinates": [[[-73.979962, 40.713973], [-73.978992, 40.715798], [-73.978909, 40.715951], [-73.977917, 40.715649], [-73.976457, 40.715299], [-73.976587, 40.715047], [-73.976344, 40.714917], [-73.975227, 40.714582], [-73.968861, 40.71265], [-73.96905, 40.712482], [-73.969612, 40.71016], [-73.969941, 40.70931], [-73.969613, 40.707634], [-73.970318, 40.707332], [-73.972789, 40.709378], [-73.975933, 40.712907], [-73.977245, 40.713153], [-73.97929, 40.713762], [-73.979962, 40.713973]]]}}, {"type": "Feature", "properties": {"unit_id": "36047025000", "name": "Census Tract 250 \u2014 Kings", "native_id": "36047025000", "source": "census_tract_2025", "adm3_name": "Kings County", "adm3_id": "36047", "area_sqm": 173506, "split": false}, "geometry": {"type": "Polygon", "coordinates": [[[-73.997713, 40.62368], [-73.997484, 40.62452], [-73.997241, 40.625289], [-73.997017, 40.626062], [-73.996878, 40.62653], [-73.996788, 40.626826], [-73.994649, 40.625698], [-73.994325, 40.625343], [-73.99255, 40.624274], [-73.99313, 40.623715], [-73.993711, 40.623156], [-73.994293, 40.622597], [-73.99492, 40.621994], [-73.996393, 40.620582], [-73.998295, 40.621619], [-73.997713, 40.62368]]]}}, {"type": "Feature", "properties": {"unit_id": "36047095000", "name": "Census Tract 950 \u2014 Kings", "native_id": "36047095000", "source": "census_tract_2025", "adm3_name": "Kings County", "adm3_id": "36047", "area_sqm": 242438, "split": false}, "geometry": {"type": "Polygon", "coordinates": [[[-73.919556, 40.641185], [-73.91893, 40.640585], [-73.916809, 40.638682], [-73.914943, 40.637007], [-73.913278, 40.635508], [-73.916224, 40.633606], [-73.918604, 40.632096], [-73.918852, 40.634483], [-73.919172, 40.63747], [-73.91929, 40.638596], [-73.919462, 40.640239], [-73.919556, 40.641185]]]}}, {"type": "Feature", "properties": {"unit_id": "36047019300", "name": "Census Tract 193 \u2014 Kings", "native_id": "36047019300", "source": "census_tract_2025", "adm3_name": "Kings County", "adm3_id": "36047", "area_sqm": 269732, "split": false}, "geometry": {"type": "Polygon", "coordinates": [[[-73.965906, 40.693433], [-73.964054, 40.693628], [-73.961093, 40.694011], [-73.960158, 40.694117], [-73.959844, 40.69253], [-73.959428, 40.690448], [-73.960293, 40.690346], [-73.960006, 40.688881], [-73.962836, 40.688555], [-73.96481, 40.688326], [-73.965188, 40.689782], [-73.9656, 40.691871], [-73.965906, 40.693433]]]}}, {"type": "Feature", "properties": {"unit_id": "36047050803", "name": "Census Tract 508.03 \u2014 Kings", "native_id": "36047050803", "source": "census_tract_2025", "adm3_name": "Kings County", "adm3_id": "36047", "area_sqm": 56085, "split": false}, "geometry": {"type": "Polygon", "coordinates": [[[-73.9619, 40.654871], [-73.961691, 40.654951], [-73.959861, 40.655635], [-73.959696, 40.654839], [-73.959329, 40.652928], [-73.961407, 40.65217], [-73.961597, 40.653173], [-73.961759, 40.654071], [-73.9619, 40.654871]]]}}, {"type": "Feature", "properties": {"unit_id": "36047010200", "name": "Census Tract 102 \u2014 Kings", "native_id": "36047010200", "source": "census_tract_2025", "adm3_name": "Kings County", "adm3_id": "36047", "area_sqm": 152450, "split": false}, "geometry": {"type": "Polygon", "coordinates": [[[-74.01498, 40.640626], [-74.013814, 40.641745], [-74.011611, 40.640416], [-74.009409, 40.639085], [-74.010572, 40.637965], [-74.011154, 40.637404], [-74.01176, 40.636823], [-74.013961, 40.638153], [-74.016167, 40.639483], [-74.01498, 40.640626]]]}}, {"type": "Feature", "properties": {"unit_id": "36047006600", "name": "Census Tract 66 \u2014 Kings", "native_id": "36047006600", "source": "census_tract_2025", "adm3_name": "Kings County", "adm3_id": "36047", "area_sqm": 153740, "split": false}, "geometry": {"type": "Polygon", "coordinates": [[[-74.030473, 40.632099], [-74.030191, 40.632791], [-74.029913, 40.633474], [-74.029633, 40.634153], [-74.026951, 40.633516], [-74.024238, 40.632859], [-74.02452, 40.632167], [-74.024792, 40.631506], [-74.025071, 40.630814], [-74.025361, 40.630109], [-74.030764, 40.631392], [-74.030473, 40.632099]]]}}, {"type": "Feature", "properties": {"unit_id": "36047021200", "name": "Census Tract 212 \u2014 Kings", "native_id": "36047021200", "source": "census_tract_2025", "adm3_name": "Kings County", "adm3_id": "36047", "area_sqm": 190833, "split": false}, "geometry": {"type": "Polygon", "coordinates": [[[-74.010004, 40.630113], [-74.008456, 40.63115], [-74.007023, 40.63211], [-74.001931, 40.629033], [-74.002515, 40.628475], [-74.003099, 40.627916], [-74.00435, 40.626711], [-74.006554, 40.62804], [-74.008754, 40.629371], [-74.010004, 40.630113]]]}}, {"type": "Feature", "properties": {"unit_id": "36047031300", "name": "Census Tract 313 \u2014 Kings", "native_id": "36047031300", "source": "census_tract_2025", "adm3_name": "Kings County", "adm3_id": "36047", "area_sqm": 174299, "split": false}, "geometry": {"type": "Polygon", "coordinates": [[[-73.947146, 40.675944], [-73.947074, 40.676723], [-73.946928, 40.678222], [-73.946911, 40.678392], [-73.944141, 40.678237], [-73.941369, 40.678093], [-73.941385, 40.677919], [-73.941535, 40.676421], [-73.941609, 40.675643], [-73.941694, 40.674748], [-73.944462, 40.674907], [-73.94723, 40.675053], [-73.947146, 40.675944]]]}}, {"type": "Feature", "properties": {"unit_id": "36047015700", "name": "Census Tract 157 \u2014 Kings", "native_id": "36047015700", "source": "census_tract_2025", "adm3_name": "Kings County", "adm3_id": "36047", "area_sqm": 167428, "split": false}, "geometry": {"type": "Polygon", "coordinates": [[[-73.979415, 40.67346], [-73.978822, 40.674171], [-73.97839, 40.674805], [-73.97796, 40.675438], [-73.975467, 40.674467], [-73.972955, 40.673488], [-73.973385, 40.672854], [-73.97382, 40.672222], [-73.974698, 40.671175], [-73.975196, 40.670576], [-73.979917, 40.672858], [-73.979415, 40.67346]]]}}, {"type": "Feature", "properties": {"unit_id": "36061007001", "name": "Census Tract 70.01 \u2014 New York", "native_id": "36061007001", "source": "census_tract_2025", "adm3_name": "New York County", "adm3_id": "36061", "area_sqm": 89729, "split": false}, "geometry": {"type": "Polygon", "coordinates": [[[-73.977673, 40.742259], [-73.976758, 40.743472], [-73.976348, 40.744092], [-73.975881, 40.744779], [-73.973512, 40.743782], [-73.974015, 40.743095], [-73.974924, 40.741847], [-73.975343, 40.741274], [-73.9758, 40.740644], [-73.978168, 40.741643], [-73.977673, 40.742259]]]}}, {"type": "Feature", "properties": {"unit_id": "36047051700", "name": "Census Tract 517 \u2014 Kings", "native_id": "36047051700", "source": "census_tract_2025", "adm3_name": "Kings County", "adm3_id": "36047", "area_sqm": 187367, "split": false}, "geometry": {"type": "Polygon", "coordinates": [[[-73.958416, 40.719189], [-73.955443, 40.721946], [-73.954776, 40.72246], [-73.951646, 40.723486], [-73.950646, 40.721705], [-73.95271, 40.720451], [-73.953469, 40.719798], [-73.955844, 40.717589], [-73.957131, 40.718388], [-73.958416, 40.719189]]]}}, {"type": "Feature", "properties": {"unit_id": "36047113200", "name": "Census Tract 1132 \u2014 Kings", "native_id": "36047113200", "source": "census_tract_2025", "adm3_name": "Kings County", "adm3_id": "36047", "area_sqm": 196193, "split": false}, "geometry": {"type": "Polygon", "coordinates": [[[-73.901451, 40.663659], [-73.900417, 40.663806], [-73.900851, 40.665346], [-73.899076, 40.665608], [-73.89868, 40.664062], [-73.89829, 40.662534], [-73.897896, 40.660999], [-73.896975, 40.661135], [-73.896167, 40.657974], [-73.89611, 40.657754], [-73.898807, 40.657407], [-73.899217, 40.659112], [-73.899652, 40.660735], [-73.900661, 40.660587], [-73.901451, 40.663659]]]}}, {"type": "Feature", "properties": {"unit_id": "36047059300", "name": "Census Tract 593 \u2014 Kings", "native_id": "36047059300", "source": "census_tract_2025", "adm3_name": "Kings County", "adm3_id": "36047", "area_sqm": 187979, "split": false}, "geometry": {"type": "Polygon", "coordinates": [[[-73.941043, 40.727841], [-73.940115, 40.727929], [-73.938189, 40.7281], [-73.937243, 40.727794], [-73.934123, 40.726855], [-73.936764, 40.724839], [-73.938912, 40.723579], [-73.939311, 40.723348], [-73.940221, 40.722892], [-73.940738, 40.725973], [-73.941043, 40.727841]]]}}, {"type": "Feature", "properties": {"unit_id": "36047048100", "name": "Census Tract 481 \u2014 Kings", "native_id": "36047048100", "source": "census_tract_2025", "adm3_name": "Kings County", "adm3_id": "36047", "area_sqm": 151305, "split": false}, "geometry": {"type": "Polygon", "coordinates": [[[-73.942066, 40.714729], [-73.941218, 40.714707], [-73.938696, 40.715323], [-73.935613, 40.715191], [-73.934959, 40.713722], [-73.934802, 40.713373], [-73.940688, 40.711962], [-73.941041, 40.712666], [-73.941713, 40.714007], [-73.942066, 40.714729]]]}}, {"type": "Feature", "properties": {"unit_id": "36047053101", "name": "Census Tract 531.01 \u2014 Kings", "native_id": "36047053101", "source": "census_tract_2025", "adm3_name": "Kings County", "adm3_id": "36047", "area_sqm": 78833, "split": false}, "geometry": {"type": "Polygon", "coordinates": [[[-73.957457, 40.700822], [-73.955724, 40.701946], [-73.953812, 40.703181], [-73.952551, 40.702051], [-73.95446, 40.700816], [-73.953819, 40.700108], [-73.957167, 40.699708], [-73.957226, 40.7], [-73.957457, 40.700822]]]}}, {"type": "Feature", "properties": {"unit_id": "36061021303", "name": "Census Tract 213.03 \u2014 New York", "native_id": "36061021303", "source": "census_tract_2025", "adm3_name": "New York County", "adm3_id": "36061", "area_sqm": 153292, "split": false}, "geometry": {"type": "Polygon", "coordinates": [[[-73.954547, 40.815737], [-73.95319, 40.817595], [-73.952721, 40.818236], [-73.9522, 40.81895], [-73.95088, 40.818395], [-73.952974, 40.81507], [-73.95086, 40.814187], [-73.95177, 40.81294], [-73.950927, 40.812575], [-73.952101, 40.811442], [-73.953544, 40.812051], [-73.954081, 40.81228], [-73.955707, 40.814144], [-73.954547, 40.815737]]]}}, {"type": "Feature", "properties": {"unit_id": "36061019702", "name": "Census Tract 197.02 \u2014 New York", "native_id": "36061019702", "source": "census_tract_2025", "adm3_name": "New York County", "adm3_id": "36061", "area_sqm": 47397, "split": false}, "geometry": {"type": "Polygon", "coordinates": [[[-73.958249, 40.803107], [-73.958204, 40.803894], [-73.957782, 40.803728], [-73.956321, 40.803115], [-73.957238, 40.801858], [-73.958195, 40.800553], [-73.959647, 40.801156], [-73.958249, 40.803107]]]}}, {"type": "Feature", "properties": {"unit_id": "36047117201", "name": "Census Tract 1172.01 \u2014 Kings", "native_id": "36047117201", "source": "census_tract_2025", "adm3_name": "Kings County", "adm3_id": "36047", "area_sqm": 129156, "split": false}, "geometry": {"type": "Polygon", "coordinates": [[[-73.889774, 40.681801], [-73.888191, 40.682556], [-73.886505, 40.683349], [-73.886303, 40.682589], [-73.885815, 40.680674], [-73.884893, 40.680811], [-73.884671, 40.67994], [-73.887304, 40.679097], [-73.889006, 40.678557], [-73.889406, 40.680142], [-73.889774, 40.681801]]]}}, {"type": "Feature", "properties": {"unit_id": "36061013203", "name": "Census Tract 132.03 \u2014 New York", "native_id": "36061013203", "source": "census_tract_2025", "adm3_name": "New York County", "adm3_id": "36061", "area_sqm": 53878, "split": false}, "geometry": {"type": "Polygon", "coordinates": [[[-73.953649, 40.771024], [-73.953188, 40.771657], [-73.952686, 40.77234], [-73.950435, 40.771391], [-73.950932, 40.770709], [-73.951398, 40.770073], [-73.951858, 40.769441], [-73.954112, 40.770389], [-73.953649, 40.771024]]]}}, {"type": "Feature", "properties": {"unit_id": "36061010900", "name": "Census Tract 109 \u2014 New York", "native_id": "36061010900", "source": "census_tract_2025", "adm3_name": "New York County", "adm3_id": "36061", "area_sqm": 175741, "split": false}, "geometry": {"type": "Polygon", "coordinates": [[[-73.991633, 40.754707], [-73.985947, 40.752317], [-73.987294, 40.750451], [-73.98778, 40.749772], [-73.993464, 40.75219], [-73.991633, 40.754707]]]}}, {"type": "Feature", "properties": {"unit_id": "36047039200", "name": "Census Tract 392 \u2014 Kings", "native_id": "36047039200", "source": "census_tract_2025", "adm3_name": "Kings County", "adm3_id": "36047", "area_sqm": 174602, "split": false}, "geometry": {"type": "Polygon", "coordinates": [[[-73.965477, 40.597834], [-73.963034, 40.598102], [-73.961185, 40.598312], [-73.961028, 40.596161], [-73.960845, 40.593743], [-73.964638, 40.593328], [-73.965076, 40.595716], [-73.965477, 40.597834]]]}}, {"type": "Feature", "properties": {"unit_id": "36047037100", "name": "Census Tract 371 \u2014 Kings", "native_id": "36047037100", "source": "census_tract_2025", "adm3_name": "Kings County", "adm3_id": "36047", "area_sqm": 189347, "split": false}, "geometry": {"type": "Polygon", "coordinates": [[[-73.916977, 40.681834], [-73.914319, 40.68214], [-73.911664, 40.682446], [-73.911518, 40.681712], [-73.911374, 40.68098], [-73.911225, 40.68024], [-73.911082, 40.679515], [-73.910799, 40.678278], [-73.913559, 40.678427], [-73.916301, 40.678577], [-73.916393, 40.678906], [-73.91654, 40.679637], [-73.916687, 40.680371], [-73.916831, 40.681101], [-73.916977, 40.681834]]]}}, {"type": "Feature", "properties": {"unit_id": "36061031900", "name": "Census Tract 319 \u2014 New York", "native_id": "36061031900", "source": "census_tract_2025", "adm3_name": "New York County", "adm3_id": "36061", "area_sqm": 99257, "split": false}, "geometry": {"type": "Polygon", "coordinates": [[[-74.0177705118913, 40.7041480105187], [-74.016628, 40.704799], [-74.014289, 40.704549], [-74.014312, 40.702864], [-74.0136651056527, 40.7008307916553], [-74.016308, 40.701712], [-74.0176663601423, 40.7039745317541], [-74.0177705118913, 40.7041480105187]]]}}, {"type": "Feature", "properties": {"unit_id": "36061008100", "name": "Census Tract 81 \u2014 New York", "native_id": "36061008100", "source": "census_tract_2025", "adm3_name": "New York County", "adm3_id": "36061", "area_sqm": 174305, "split": false}, "geometry": {"type": "Polygon", "coordinates": [[[-74.002019, 40.740444], [-74.001555, 40.74108], [-74.001129, 40.741668], [-74.000703, 40.742254], [-73.997862, 40.741056], [-73.995018, 40.73986], [-73.995446, 40.739272], [-73.995874, 40.738686], [-73.996337, 40.738044], [-73.99684, 40.737361], [-73.999684, 40.738552], [-74.002523, 40.739753], [-74.002019, 40.740444]]]}}, {"type": "Feature", "properties": {"unit_id": "36047079601", "name": "Census Tract 796.01 \u2014 Kings", "native_id": "36047079601", "source": "census_tract_2025", "adm3_name": "Kings County", "adm3_id": "36047", "area_sqm": 110399, "split": false}, "geometry": {"type": "Polygon", "coordinates": [[[-73.960426, 40.658072], [-73.956649, 40.658306], [-73.956478, 40.656711], [-73.956388, 40.655875], [-73.9563, 40.655049], [-73.959696, 40.654839], [-73.959861, 40.655635], [-73.960073, 40.656486], [-73.960426, 40.658072]]]}}, {"type": "Feature", "properties": {"unit_id": "36047058200", "name": "Census Tract 582 \u2014 Kings", "native_id": "36047058200", "source": "census_tract_2025", "adm3_name": "Kings County", "adm3_id": "36047", "area_sqm": 161534, "split": false}, "geometry": {"type": "Polygon", "coordinates": [[[-73.961363, 40.600589], [-73.959612, 40.600781], [-73.958683, 40.600885], [-73.957757, 40.600986], [-73.956928, 40.596612], [-73.95878, 40.596407], [-73.961028, 40.596161], [-73.961185, 40.598312], [-73.961363, 40.600589]]]}}, {"type": "Feature", "properties": {"unit_id": "36047022400", "name": "Census Tract 224 \u2014 Kings", "native_id": "36047022400", "source": "census_tract_2025", "adm3_name": "Kings County", "adm3_id": "36047", "area_sqm": 175564, "split": false}, "geometry": {"type": "Polygon", "coordinates": [[[-73.992644, 40.641728], [-73.991929, 40.642205], [-73.990497, 40.643164], [-73.988494, 40.641956], [-73.989077, 40.641396], [-73.986876, 40.640069], [-73.987455, 40.639505], [-73.988039, 40.638947], [-73.98862, 40.638385], [-73.989206, 40.637824], [-73.991408, 40.639156], [-73.994077, 40.64077], [-73.992644, 40.641728]]]}}, {"type": "Feature", "properties": {"unit_id": "36061029100", "name": "Census Tract 291 \u2014 New York", "native_id": "36061029100", "source": "census_tract_2025", "adm3_name": "New York County", "adm3_id": "36061", "area_sqm": 187477, "split": false}, "geometry": {"type": "Polygon", "coordinates": [[[-73.927269, 40.865535], [-73.925005, 40.866336], [-73.92311, 40.867016], [-73.922498, 40.866064], [-73.921884, 40.8651], [-73.92125, 40.864112], [-73.920611, 40.863113], [-73.922495, 40.862413], [-73.924742, 40.861594], [-73.925373, 40.862582], [-73.926011, 40.863575], [-73.927269, 40.865535]]]}}, {"type": "Feature", "properties": {"unit_id": "36061027700", "name": "Census Tract 277 \u2014 New York", "native_id": "36061027700", "source": "census_tract_2025", "adm3_name": "New York County", "adm3_id": "36061", "area_sqm": 163262, "split": false}, "geometry": {"type": "Polygon", "coordinates": [[[-73.929644, 40.854908], [-73.928716, 40.856182], [-73.928411, 40.856606], [-73.928266, 40.856808], [-73.928233, 40.857168], [-73.927266, 40.857929], [-73.925192, 40.858029], [-73.924692, 40.856642], [-73.927695, 40.852488], [-73.929147, 40.8531], [-73.930539, 40.853685], [-73.929644, 40.854908]]]}}, {"type": "Feature", "properties": {"unit_id": "36047017900", "name": "Census Tract 179 \u2014 Kings", "native_id": "36047017900", "source": "census_tract_2025", "adm3_name": "Kings County", "adm3_id": "36047", "area_sqm": 158289, "split": false}, "geometry": {"type": "Polygon", "coordinates": [[[-73.974281, 40.685513], [-73.973119, 40.685781], [-73.972398, 40.685954], [-73.971433, 40.686064], [-73.96949, 40.686288], [-73.969062, 40.684157], [-73.968664, 40.682], [-73.97064, 40.682414], [-73.971742, 40.682646], [-73.972324, 40.682768], [-73.97378, 40.683061], [-73.973922, 40.683756], [-73.974281, 40.685513]]]}}, {"type": "Feature", "properties": {"unit_id": "36047000200", "name": "Census Tract 2 \u2014 Kings", "native_id": "36047000200", "source": "census_tract_2025", "adm3_name": "Kings County", "adm3_id": "36047", "area_sqm": 276929, "split": false}, "geometry": {"type": "Polygon", "coordinates": [[[-74.012844, 40.653016], [-74.015048, 40.654362], [-74.013895, 40.655466], [-74.011684, 40.654135], [-74.00879, 40.656963], [-74.006231, 40.6554], [-74.007977, 40.653727], [-74.008545, 40.6532], [-74.010308, 40.651483], [-74.010915, 40.650938], [-74.011477, 40.650363], [-74.012629, 40.649235], [-74.015184, 40.650773], [-74.012844, 40.653016]]]}}, {"type": "Feature", "properties": {"unit_id": "36047074600", "name": "Census Tract 746 \u2014 Kings", "native_id": "36047074600", "source": "census_tract_2025", "adm3_name": "Kings County", "adm3_id": "36047", "area_sqm": 202040, "split": false}, "geometry": {"type": "Polygon", "coordinates": [[[-73.946514, 40.619494], [-73.945516, 40.619606], [-73.944518, 40.619714], [-73.943591, 40.619816], [-73.940805, 40.620125], [-73.936336, 40.620611], [-73.936867, 40.620253], [-73.939716, 40.618406], [-73.941282, 40.61763], [-73.943145, 40.617426], [-73.94347, 40.617385], [-73.944827, 40.616046], [-73.945737, 40.615363], [-73.946067, 40.617104], [-73.946514, 40.619494]]]}}, {"type": "Feature", "properties": {"unit_id": "36047043300", "name": "Census Tract 433 \u2014 Kings", "native_id": "36047043300", "source": "census_tract_2025", "adm3_name": "Kings County", "adm3_id": "36047", "area_sqm": 168245, "split": false}, "geometry": {"type": "Polygon", "coordinates": [[[-73.917872, 40.698537], [-73.916316, 40.700122], [-73.915565, 40.699693], [-73.914815, 40.699266], [-73.914061, 40.698838], [-73.912556, 40.697982], [-73.914114, 40.696398], [-73.915562, 40.694922], [-73.916313, 40.695351], [-73.917071, 40.695782], [-73.917818, 40.696208], [-73.919321, 40.697061], [-73.917872, 40.698537]]]}}, {"type": "Feature", "properties": {"unit_id": "36047059100", "name": "Census Tract 591 \u2014 Kings", "native_id": "36047059100", "source": "census_tract_2025", "adm3_name": "Kings County", "adm3_id": "36047", "area_sqm": 192105, "split": false}, "geometry": {"type": "Polygon", "coordinates": [[[-73.94543, 40.725518], [-73.943569, 40.725708], [-73.942636, 40.725793], [-73.941687, 40.725882], [-73.940738, 40.725973], [-73.940221, 40.722892], [-73.941094, 40.722309], [-73.941956, 40.721652], [-73.944405, 40.72024], [-73.944797, 40.721681], [-73.945015, 40.723004], [-73.94543, 40.725518]]]}}, {"type": "Feature", "properties": {"unit_id": "36047089800", "name": "Census Tract 898 \u2014 Kings", "native_id": "36047089800", "source": "census_tract_2025", "adm3_name": "Kings County", "adm3_id": "36047", "area_sqm": 154357, "split": false}, "geometry": {"type": "Polygon", "coordinates": [[[-73.916267, 40.664654], [-73.914391, 40.66493], [-73.913472, 40.665066], [-73.912516, 40.665209], [-73.912122, 40.663673], [-73.911727, 40.662135], [-73.911335, 40.660597], [-73.914131, 40.660181], [-73.914526, 40.661722], [-73.915477, 40.661574], [-73.915875, 40.663116], [-73.916267, 40.664654]]]}}, {"type": "Feature", "properties": {"unit_id": "36047030500", "name": "Census Tract 305 \u2014 Kings", "native_id": "36047030500", "source": "census_tract_2025", "adm3_name": "Kings County", "adm3_id": "36047", "area_sqm": 322516, "split": false}, "geometry": {"type": "Polygon", "coordinates": [[[-73.962865, 40.676406], [-73.962547, 40.677287], [-73.962229, 40.678166], [-73.961957, 40.678934], [-73.961312, 40.680456], [-73.958292, 40.679831], [-73.955642, 40.679258], [-73.955309, 40.679273], [-73.955475, 40.677576], [-73.955749, 40.676807], [-73.956069, 40.675928], [-73.956386, 40.67505], [-73.956703, 40.674171], [-73.960074, 40.674878], [-73.963183, 40.675529], [-73.962865, 40.676406]]]}}, {"type": "Feature", "properties": {"unit_id": "36061002202", "name": "Census Tract 22.02 \u2014 New York", "native_id": "36061002202", "source": "census_tract_2025", "adm3_name": "New York County", "adm3_id": "36061", "area_sqm": 56108, "split": false}, "geometry": {"type": "Polygon", "coordinates": [[[-73.982964, 40.722671], [-73.980607, 40.721678], [-73.978231, 40.720674], [-73.978753, 40.719934], [-73.979735, 40.720235], [-73.981308, 40.720709], [-73.983824, 40.721473], [-73.982964, 40.722671]]]}}, {"type": "Feature", "properties": {"unit_id": "36047039700", "name": "Census Tract 397 \u2014 Kings", "native_id": "36047039700", "source": "census_tract_2025", "adm3_name": "Kings County", "adm3_id": "36047", "area_sqm": 159173, "split": false}, "geometry": {"type": "Polygon", "coordinates": [[[-73.92223, 40.691823], [-73.919906, 40.690499], [-73.919153, 40.690076], [-73.917649, 40.689218], [-73.916899, 40.68879], [-73.914642, 40.687507], [-73.916046, 40.686072], [-73.918046, 40.687213], [-73.918294, 40.687357], [-73.918783, 40.687626], [-73.919061, 40.687784], [-73.92055, 40.688641], [-73.921214, 40.689019], [-73.923644, 40.690399], [-73.92223, 40.691823]]]}}, {"type": "Feature", "properties": {"unit_id": "36047026400", "name": "Census Tract 264 \u2014 Kings", "native_id": "36047026400", "source": "census_tract_2025", "adm3_name": "Kings County", "adm3_id": "36047", "area_sqm": 189457, "split": false}, "geometry": {"type": "Polygon", "coordinates": [[[-74.000911, 40.612388], [-74.000192, 40.614951], [-73.999944, 40.615782], [-73.999488, 40.617405], [-73.997166, 40.615995], [-73.996002, 40.617112], [-73.993651, 40.615694], [-73.994797, 40.614562], [-73.99537, 40.613996], [-73.995983, 40.613388], [-73.997171, 40.612215], [-73.99958, 40.613669], [-74.000739, 40.612555], [-74.000911, 40.612388]]]}}, {"type": "Feature", "properties": {"unit_id": "36047056302", "name": "Census Tract 563.02 \u2014 Kings", "native_id": "36047056302", "source": "census_tract_2025", "adm3_name": "Kings County", "adm3_id": "36047", "area_sqm": 190772, "split": false}, "geometry": {"type": "Polygon", "coordinates": [[[-73.962478, 40.736802], [-73.95706, 40.739167], [-73.955087, 40.7394], [-73.955189, 40.739062], [-73.955472, 40.737997], [-73.955307, 40.736577], [-73.958635, 40.736213], [-73.958408, 40.734844], [-73.959945, 40.733979], [-73.959592, 40.731852], [-73.961843, 40.731625], [-73.962288, 40.732899], [-73.962307, 40.733119], [-73.962348, 40.733812], [-73.962672, 40.736446], [-73.962478, 40.736802]]]}}, {"type": "Feature", "properties": {"unit_id": "36047017000", "name": "Census Tract 170 \u2014 Kings", "native_id": "36047017000", "source": "census_tract_2025", "adm3_name": "Kings County", "adm3_id": "36047", "area_sqm": 209047, "split": false}, "geometry": {"type": "Polygon", "coordinates": [[[-74.017019, 40.607655], [-74.015224, 40.609357], [-74.011712, 40.612735], [-74.010504, 40.613897], [-74.008304, 40.612568], [-74.009511, 40.611406], [-74.011278, 40.609706], [-74.014695, 40.606424], [-74.015499, 40.606842], [-74.017019, 40.607655]]]}}, {"type": "Feature", "properties": {"unit_id": "36047047000", "name": "Census Tract 470 \u2014 Kings", "native_id": "36047047000", "source": "census_tract_2025", "adm3_name": "Kings County", "adm3_id": "36047", "area_sqm": 181816, "split": false}, "geometry": {"type": "Polygon", "coordinates": [[[-73.990175, 40.626557], [-73.989009, 40.627676], [-73.988428, 40.628231], [-73.985966, 40.626756], [-73.983264, 40.626035], [-73.983831, 40.625463], [-73.981566, 40.624095], [-73.984401, 40.624893], [-73.986101, 40.623183], [-73.988302, 40.624514], [-73.990756, 40.625998], [-73.990175, 40.626557]]]}}, {"type": "Feature", "properties": {"unit_id": "36047019500", "name": "Census Tract 195 \u2014 Kings", "native_id": "36047019500", "source": "census_tract_2025", "adm3_name": "Kings County", "adm3_id": "36047", "area_sqm": 137028, "split": false}, "geometry": {"type": "Polygon", "coordinates": [[[-73.969831, 40.693135], [-73.96881, 40.693121], [-73.967844, 40.69323], [-73.966881, 40.693341], [-73.965906, 40.693433], [-73.9656, 40.691871], [-73.965188, 40.689782], [-73.966135, 40.689673], [-73.967115, 40.689561], [-73.968078, 40.689452], [-73.969103, 40.689468], [-73.969831, 40.693135]]]}}, {"type": "Feature", "properties": {"unit_id": "36047027900", "name": "Census Tract 279 \u2014 Kings", "native_id": "36047027900", "source": "census_tract_2025", "adm3_name": "Kings County", "adm3_id": "36047", "area_sqm": 161924, "split": false}, "geometry": {"type": "Polygon", "coordinates": [[[-73.942516, 40.690892], [-73.939681, 40.691219], [-73.936758, 40.691556], [-73.936612, 40.690822], [-73.936467, 40.69009], [-73.936321, 40.689354], [-73.936172, 40.688627], [-73.939097, 40.688289], [-73.941932, 40.687963], [-73.942076, 40.688697], [-73.942222, 40.689428], [-73.942369, 40.69016], [-73.942516, 40.690892]]]}}, {"type": "Feature", "properties": {"unit_id": "36047058400", "name": "Census Tract 584 \u2014 Kings", "native_id": "36047058400", "source": "census_tract_2025", "adm3_name": "Kings County", "adm3_id": "36047", "area_sqm": 188225, "split": false}, "geometry": {"type": "Polygon", "coordinates": [[[-73.961028, 40.596161], [-73.95878, 40.596407], [-73.956928, 40.596612], [-73.956556, 40.594648], [-73.956077, 40.592101], [-73.957003, 40.592002], [-73.96068, 40.591598], [-73.960845, 40.593743], [-73.961028, 40.596161]]]}}, {"type": "Feature", "properties": {"unit_id": "36061019400", "name": "Census Tract 194 \u2014 New York", "native_id": "36061019400", "source": "census_tract_2025", "adm3_name": "New York County", "adm3_id": "36061", "area_sqm": 175057, "split": false}, "geometry": {"type": "Polygon", "coordinates": [[[-73.938144, 40.80051], [-73.937686, 40.801141], [-73.937228, 40.801769], [-73.93631, 40.803024], [-73.934062, 40.802077], [-73.931773, 40.800979], [-73.931969, 40.800711], [-73.933516, 40.798594], [-73.933991, 40.797932], [-73.936361, 40.798935], [-73.938603, 40.799883], [-73.938144, 40.80051]]]}}, {"type": "Feature", "properties": {"unit_id": "36061010602", "name": "Census Tract 106.02 \u2014 New York", "native_id": "36061010602", "source": "census_tract_2025", "adm3_name": "New York County", "adm3_id": "36061", "area_sqm": 124970, "split": false}, "geometry": {"type": "Polygon", "coordinates": [[[-73.961426, 40.760362], [-73.961068, 40.760858], [-73.960607, 40.761488], [-73.96015, 40.762115], [-73.959695, 40.76274], [-73.957441, 40.761789], [-73.957888, 40.761175], [-73.956313, 40.760477], [-73.953843, 40.759355], [-73.955527, 40.757243], [-73.958478, 40.75854], [-73.958719, 40.75864], [-73.959722, 40.758663], [-73.961966, 40.759619], [-73.961426, 40.760362]]]}}, {"type": "Feature", "properties": {"unit_id": "36061023804", "name": "Census Tract 238.04 \u2014 New York", "native_id": "36061023804", "source": "census_tract_2025", "adm3_name": "New York County", "adm3_id": "36061", "area_sqm": 247417, "split": false}, "geometry": {"type": "Polygon", "coordinates": [[[-73.96156, 40.749458], [-73.958614, 40.753848], [-73.955527, 40.757243], [-73.953843, 40.759355], [-73.953606, 40.759536], [-73.952541, 40.76049], [-73.951565, 40.760381], [-73.95124, 40.760618], [-73.950108, 40.760028], [-73.947832, 40.758989], [-73.95084, 40.755219], [-73.951367, 40.754524], [-73.956842, 40.748828], [-73.957732, 40.747775], [-73.961491, 40.749494], [-73.96156, 40.749458]]]}}, {"type": "Feature", "properties": {"unit_id": "36047090200", "name": "Census Tract 902 \u2014 Kings", "native_id": "36047090200", "source": "census_tract_2025", "adm3_name": "Kings County", "adm3_id": "36047", "area_sqm": 190560, "split": false}, "geometry": {"type": "Polygon", "coordinates": [[[-73.917482, 40.669393], [-73.917135, 40.669543], [-73.914873, 40.670533], [-73.914039, 40.670897], [-73.913555, 40.669264], [-73.91291, 40.666746], [-73.912516, 40.665209], [-73.913472, 40.665066], [-73.914391, 40.66493], [-73.916267, 40.664654], [-73.917306, 40.668708], [-73.917482, 40.669393]]]}}, {"type": "Feature", "properties": {"unit_id": "36047087000", "name": "Census Tract 870 \u2014 Kings", "native_id": "36047087000", "source": "census_tract_2025", "adm3_name": "Kings County", "adm3_id": "36047", "area_sqm": 155718, "split": false}, "geometry": {"type": "Polygon", "coordinates": [[[-73.935718, 40.656303], [-73.934784, 40.656361], [-73.932847, 40.656478], [-73.931907, 40.656537], [-73.931772, 40.655273], [-73.931608, 40.653742], [-73.931392, 40.65169], [-73.932325, 40.651648], [-73.934268, 40.651563], [-73.934483, 40.653563], [-73.934645, 40.655096], [-73.935578, 40.655039], [-73.935718, 40.656303]]]}}, {"type": "Feature", "properties": {"unit_id": "36047052600", "name": "Census Tract 526 \u2014 Kings", "native_id": "36047052600", "source": "census_tract_2025", "adm3_name": "Kings County", "adm3_id": "36047", "area_sqm": 169334, "split": false}, "geometry": {"type": "Polygon", "coordinates": [[[-73.968791, 40.639256], [-73.966174, 40.640431], [-73.965792, 40.638441], [-73.965382, 40.636279], [-73.964805, 40.633249], [-73.965677, 40.63283], [-73.966777, 40.632295], [-73.967406, 40.63447], [-73.967627, 40.635238], [-73.968039, 40.636651], [-73.968722, 40.639018], [-73.968791, 40.639256]]]}}, {"type": "Feature", "properties": {"unit_id": "36047038900", "name": "Census Tract 389 \u2014 Kings", "native_id": "36047038900", "source": "census_tract_2025", "adm3_name": "Kings County", "adm3_id": "36047", "area_sqm": 162930, "split": false}, "geometry": {"type": "Polygon", "coordinates": [[[-73.94042, 40.701077], [-73.93763, 40.701739], [-73.936982, 40.70191], [-73.936366, 40.700485], [-73.93547, 40.699071], [-73.934762, 40.6987], [-73.932267, 40.697315], [-73.935222, 40.696986], [-73.93676, 40.697831], [-73.938177, 40.698641], [-73.938568, 40.698848], [-73.938902, 40.699037], [-73.941931, 40.700725], [-73.94042, 40.701077]]]}}, {"type": "Feature", "properties": {"unit_id": "36047028501", "name": "Census Tract 285.01 \u2014 Kings", "native_id": "36047028501", "source": "census_tract_2025", "adm3_name": "Kings County", "adm3_id": "36047", "area_sqm": 83218, "split": false}, "geometry": {"type": "Polygon", "coordinates": [[[-73.944388, 40.700425], [-73.941931, 40.700725], [-73.938902, 40.699037], [-73.938568, 40.698848], [-73.943949, 40.698222], [-73.944096, 40.698973], [-73.944388, 40.700425]]]}}, {"type": "Feature", "properties": {"unit_id": "36047048000", "name": "Census Tract 480 \u2014 Kings", "native_id": "36047048000", "source": "census_tract_2025", "adm3_name": "Kings County", "adm3_id": "36047", "area_sqm": 153158, "split": false}, "geometry": {"type": "Polygon", "coordinates": [[[-73.977165, 40.630747], [-73.976049, 40.631276], [-73.972419, 40.632992], [-73.972113, 40.631369], [-73.971923, 40.630646], [-73.971806, 40.629874], [-73.976578, 40.627574], [-73.977165, 40.630747]]]}}, {"type": "Feature", "properties": {"unit_id": "36047053000", "name": "Census Tract 530 \u2014 Kings", "native_id": "36047053000", "source": "census_tract_2025", "adm3_name": "Kings County", "adm3_id": "36047", "area_sqm": 173246, "split": false}, "geometry": {"type": "Polygon", "coordinates": [[[-73.966074, 40.629545], [-73.964152, 40.629757], [-73.963225, 40.629859], [-73.962298, 40.629961], [-73.962099, 40.62893], [-73.961846, 40.627571], [-73.961393, 40.625179], [-73.962318, 40.625079], [-73.963248, 40.624978], [-73.964173, 40.624877], [-73.965173, 40.624766], [-73.965625, 40.627155], [-73.966074, 40.629545]]]}}, {"type": "Feature", "properties": {"unit_id": "36047017800", "name": "Census Tract 178 \u2014 Kings", "native_id": "36047017800", "source": "census_tract_2025", "adm3_name": "Kings County", "adm3_id": "36047", "area_sqm": 164020, "split": false}, "geometry": {"type": "Polygon", "coordinates": [[[-74.008369, 40.605217], [-74.006625, 40.606895], [-74.004855, 40.608594], [-74.003425, 40.609969], [-74.002665, 40.60957], [-74.000935, 40.608637], [-74.00195, 40.607818], [-74.002644, 40.607257], [-74.004934, 40.605075], [-74.006172, 40.603887], [-74.00691, 40.604338], [-74.008369, 40.605217]]]}}, {"type": "Feature", "properties": {"unit_id": "36061021600", "name": "Census Tract 216 \u2014 New York", "native_id": "36061021600", "source": "census_tract_2025", "adm3_name": "New York County", "adm3_id": "36061", "area_sqm": 173198, "split": false}, "geometry": {"type": "Polygon", "coordinates": [[[-73.957238, 40.801858], [-73.956321, 40.803115], [-73.953477, 40.801917], [-73.952556, 40.80153], [-73.950636, 40.80072], [-73.951529, 40.799459], [-73.952015, 40.798833], [-73.952483, 40.798253], [-73.955289, 40.799435], [-73.958195, 40.800553], [-73.957238, 40.801858]]]}}, {"type": "Feature", "properties": {"unit_id": "36061004200", "name": "Census Tract 42 \u2014 New York", "native_id": "36061004200", "source": "census_tract_2025", "adm3_name": "New York County", "adm3_id": "36061", "area_sqm": 85567, "split": false}, "geometry": {"type": "Polygon", "coordinates": [[[-73.991285, 40.727762], [-73.990757, 40.729741], [-73.99039, 40.731289], [-73.990212, 40.731996], [-73.989868, 40.733528], [-73.989903, 40.734435], [-73.988779, 40.733966], [-73.98718, 40.733292], [-73.987683, 40.732604], [-73.988153, 40.731965], [-73.988613, 40.731323], [-73.989482, 40.730133], [-73.99079, 40.728352], [-73.991285, 40.727762]]]}}, {"type": "Feature", "properties": {"unit_id": "36047093200", "name": "Census Tract 932 \u2014 Kings", "native_id": "36047093200", "source": "census_tract_2025", "adm3_name": "Kings County", "adm3_id": "36047", "area_sqm": 280436, "split": false}, "geometry": {"type": "Polygon", "coordinates": [[[-73.932984, 40.639555], [-73.932013, 40.639616], [-73.929106, 40.639795], [-73.925743, 40.640014], [-73.926082, 40.638163], [-73.926513, 40.63654], [-73.927448, 40.635259], [-73.931531, 40.635006], [-73.9325, 40.634947], [-73.932984, 40.639555]]]}}, {"type": "Feature", "properties": {"unit_id": "36047034902", "name": "Census Tract 349.02 \u2014 Kings", "native_id": "36047034902", "source": "census_tract_2025", "adm3_name": "Kings County", "adm3_id": "36047", "area_sqm": 93256, "split": false}, "geometry": {"type": "Polygon", "coordinates": [[[-73.931381, 40.666126], [-73.931291, 40.667015], [-73.931119, 40.668798], [-73.92835, 40.668647], [-73.928525, 40.666866], [-73.928598, 40.66597], [-73.928683, 40.665086], [-73.931455, 40.665234], [-73.931381, 40.666126]]]}}, {"type": "Feature", "properties": {"unit_id": "36047040200", "name": "Census Tract 402 \u2014 Kings", "native_id": "36047040200", "source": "census_tract_2025", "adm3_name": "Kings County", "adm3_id": "36047", "area_sqm": 197509, "split": false}, "geometry": {"type": "Polygon", "coordinates": [[[-73.985491, 40.59793], [-73.984493, 40.598038], [-73.983567, 40.59814], [-73.982639, 40.598243], [-73.981712, 40.598345], [-73.980784, 40.598447], [-73.980358, 40.596192], [-73.979955, 40.594074], [-73.980711, 40.593997], [-73.98179, 40.593868], [-73.983667, 40.593664], [-73.98464, 40.593552], [-73.984678, 40.593659], [-73.985015, 40.595413], [-73.985061, 40.595671], [-73.985266, 40.596744], [-73.985491, 40.59793]]]}}, {"type": "Feature", "properties": {"unit_id": "36061020600", "name": "Census Tract 206 \u2014 New York", "native_id": "36061020600", "source": "census_tract_2025", "adm3_name": "New York County", "adm3_id": "36061", "area_sqm": 148748, "split": false}, "geometry": {"type": "Polygon", "coordinates": [[[-73.940861, 40.808334], [-73.939949, 40.809582], [-73.939018, 40.810856], [-73.937408, 40.810176], [-73.935819, 40.809503], [-73.937636, 40.806975], [-73.938544, 40.80573], [-73.940157, 40.806409], [-73.941771, 40.807089], [-73.940861, 40.808334]]]}}, {"type": "Feature", "properties": {"unit_id": "36047022700", "name": "Census Tract 227 \u2014 Kings", "native_id": "36047022700", "source": "census_tract_2025", "adm3_name": "Kings County", "adm3_id": "36047", "area_sqm": 240692, "split": false}, "geometry": {"type": "Polygon", "coordinates": [[[-73.961671, 40.682691], [-73.959785, 40.682909], [-73.958841, 40.683018], [-73.956112, 40.683333], [-73.953954, 40.683581], [-73.953662, 40.682115], [-73.953516, 40.681383], [-73.953371, 40.680641], [-73.955437, 40.679958], [-73.955309, 40.679273], [-73.955642, 40.679258], [-73.958292, 40.679831], [-73.961312, 40.680456], [-73.961611, 40.682375], [-73.961671, 40.682691]]]}}, {"type": "Feature", "properties": {"unit_id": "36047041600", "name": "Census Tract 416 \u2014 Kings", "native_id": "36047041600", "source": "census_tract_2025", "adm3_name": "Kings County", "adm3_id": "36047", "area_sqm": 162563, "split": false}, "geometry": {"type": "Polygon", "coordinates": [[[-73.966357, 40.60248], [-73.963912, 40.602749], [-73.964351, 40.60507], [-73.961732, 40.605358], [-73.961363, 40.600589], [-73.963455, 40.600363], [-73.965904, 40.60009], [-73.966357, 40.60248]]]}}, {"type": "Feature", "properties": {"unit_id": "36047065600", "name": "Census Tract 656 \u2014 Kings", "native_id": "36047065600", "source": "census_tract_2025", "adm3_name": "Kings County", "adm3_id": "36047", "area_sqm": 153578, "split": false}, "geometry": {"type": "Polygon", "coordinates": [[[-73.937542, 40.614165], [-73.936057, 40.615123], [-73.935348, 40.615584], [-73.933528, 40.613953], [-73.93171, 40.612322], [-73.93316, 40.611381], [-73.933902, 40.6109], [-73.934622, 40.610442], [-73.936438, 40.612069], [-73.938254, 40.613702], [-73.937542, 40.614165]]]}}, {"type": "Feature", "properties": {"unit_id": "36047115600", "name": "Census Tract 1156 \u2014 Kings", "native_id": "36047115600", "source": "census_tract_2025", "adm3_name": "Kings County", "adm3_id": "36047", "area_sqm": 159862, "split": false}, "geometry": {"type": "Polygon", "coordinates": [[[-73.898341, 40.670212], [-73.895544, 40.670626], [-73.894556, 40.67077], [-73.894231, 40.669519], [-73.893839, 40.66798], [-73.893446, 40.666446], [-73.894439, 40.666297], [-73.896316, 40.666019], [-73.897233, 40.665878], [-73.897633, 40.667419], [-73.89802, 40.668958], [-73.898341, 40.670212]]]}}, {"type": "Feature", "properties": {"unit_id": "36047101000", "name": "Census Tract 1010 \u2014 Kings", "native_id": "36047101000", "source": "census_tract_2025", "adm3_name": "Kings County", "adm3_id": "36047", "area_sqm": 171343, "split": false}, "geometry": {"type": "Polygon", "coordinates": [[[-73.8983, 40.636736], [-73.895191, 40.638742], [-73.893375, 40.637108], [-73.891557, 40.635475], [-73.89476, 40.633405], [-73.896961, 40.634791], [-73.896478, 40.635106], [-73.8983, 40.636736]]]}}, {"type": "Feature", "properties": {"unit_id": "36061019900", "name": "Census Tract 199 \u2014 New York", "native_id": "36061019900", "source": "census_tract_2025", "adm3_name": "New York County", "adm3_id": "36061", "area_sqm": 226590, "split": false}, "geometry": {"type": "Polygon", "coordinates": [[[-73.9751708470458, 40.8109443801033], [-73.969222, 40.808506], [-73.966979, 40.807596], [-73.966354, 40.807335], [-73.964848, 40.806707], [-73.962008, 40.805509], [-73.962475, 40.804886], [-73.962926, 40.804256], [-73.963384, 40.803628], [-73.963861, 40.802972], [-73.966701, 40.804169], [-73.968048, 40.804684], [-73.971133, 40.805802], [-73.9772506594803, 40.8080821573135], [-73.9751708470458, 40.8109443801033]]]}}, {"type": "Feature", "properties": {"unit_id": "36047003900", "name": "Census Tract 39 \u2014 Kings", "native_id": "36047003900", "source": "census_tract_2025", "adm3_name": "Kings County", "adm3_id": "36047", "area_sqm": 156923, "split": false}, "geometry": {"type": "Polygon", "coordinates": [[[-73.982661, 40.686086], [-73.981817, 40.68733], [-73.979363, 40.686682], [-73.978026, 40.684864], [-73.978337, 40.684395], [-73.978743, 40.68376], [-73.979605, 40.682489], [-73.981993, 40.683418], [-73.983953, 40.684182], [-73.982661, 40.686086]]]}}, {"type": "Feature", "properties": {"unit_id": "36047009002", "name": "Census Tract 90.02 \u2014 Kings", "native_id": "36047009002", "source": "census_tract_2025", "adm3_name": "Kings County", "adm3_id": "36047", "area_sqm": 73946, "split": false}, "geometry": {"type": "Polygon", "coordinates": [[[-73.998466, 40.646159], [-73.996088, 40.648307], [-73.993985, 40.647101], [-73.995683, 40.645385], [-73.996266, 40.644827], [-73.998466, 40.646159]]]}}, {"type": "Feature", "properties": {"unit_id": "36061016500", "name": "Census Tract 165 \u2014 New York", "native_id": "36061016500", "source": "census_tract_2025", "adm3_name": "New York County", "adm3_id": "36061", "area_sqm": 204327, "split": false}, "geometry": {"type": "Polygon", "coordinates": [[[-73.978326, 40.783147], [-73.977827, 40.783831], [-73.977365, 40.784464], [-73.976902, 40.785098], [-73.974058, 40.783901], [-73.971223, 40.782706], [-73.971724, 40.782021], [-73.973571, 40.779478], [-73.976428, 40.780654], [-73.975981, 40.781267], [-73.978823, 40.782465], [-73.978326, 40.783147]]]}}, {"type": "Feature", "properties": {"unit_id": "36047003101", "name": "Census Tract 31.01 \u2014 Kings", "native_id": "36047003101", "source": "census_tract_2025", "adm3_name": "Kings County", "adm3_id": "36047", "area_sqm": 149882, "split": false}, "geometry": {"type": "Polygon", "coordinates": [[[-73.982512, 40.693614], [-73.979168, 40.693489], [-73.977827, 40.693438], [-73.97766, 40.691898], [-73.977098, 40.689773], [-73.978624, 40.689831], [-73.98136, 40.689928], [-73.982079, 40.691292], [-73.981741, 40.692023], [-73.982395, 40.692973], [-73.982512, 40.693614]]]}}, {"type": "Feature", "properties": {"unit_id": "36047025600", "name": "Census Tract 256 \u2014 Kings", "native_id": "36047025600", "source": "census_tract_2025", "adm3_name": "Kings County", "adm3_id": "36047", "area_sqm": 173279, "split": false}, "geometry": {"type": "Polygon", "coordinates": [[[-73.988688, 40.617249], [-73.988066, 40.617852], [-73.98586, 40.616522], [-73.983668, 40.615185], [-73.98249, 40.614424], [-73.981438, 40.613838], [-73.981748, 40.613554], [-73.982107, 40.613273], [-73.98266, 40.612693], [-73.983222, 40.612122], [-73.98545, 40.61347], [-73.987651, 40.6148], [-73.989851, 40.61613], [-73.988688, 40.617249]]]}}, {"type": "Feature", "properties": {"unit_id": "36047068000", "name": "Census Tract 680 \u2014 Kings", "native_id": "36047068000", "source": "census_tract_2025", "adm3_name": "Kings County", "adm3_id": "36047", "area_sqm": 168859, "split": false}, "geometry": {"type": "Polygon", "coordinates": [[[-73.927369, 40.623562], [-73.926366, 40.623622], [-73.924469, 40.623743], [-73.923497, 40.623802], [-73.923262, 40.6216], [-73.923008, 40.619193], [-73.926879, 40.61895], [-73.927135, 40.621358], [-73.927369, 40.623562]]]}}, {"type": "Feature", "properties": {"unit_id": "36047021800", "name": "Census Tract 218 \u2014 Kings", "native_id": "36047021800", "source": "census_tract_2025", "adm3_name": "Kings County", "adm3_id": "36047", "area_sqm": 157820, "split": false}, "geometry": {"type": "Polygon", "coordinates": [[[-74.001957, 40.635497], [-73.999807, 40.636936], [-73.998265, 40.636006], [-73.996067, 40.634673], [-73.993866, 40.633347], [-73.995617, 40.631667], [-73.997813, 40.632996], [-74.000016, 40.634326], [-74.001957, 40.635497]]]}}, {"type": "Feature", "properties": {"unit_id": "36047053800", "name": "Census Tract 538 \u2014 Kings", "native_id": "36047053800", "source": "census_tract_2025", "adm3_name": "Kings County", "adm3_id": "36047", "area_sqm": 164451, "split": false}, "geometry": {"type": "Polygon", "coordinates": [[[-73.959107, 40.618113], [-73.958147, 40.618217], [-73.958597, 40.620608], [-73.957632, 40.620714], [-73.955491, 40.62095], [-73.955037, 40.618558], [-73.954587, 40.616169], [-73.955786, 40.616036], [-73.956729, 40.615932], [-73.958655, 40.615721], [-73.959107, 40.618113]]]}}, {"type": "Feature", "properties": {"unit_id": "36047078400", "name": "Census Tract 784 \u2014 Kings", "native_id": "36047078400", "source": "census_tract_2025", "adm3_name": "Kings County", "adm3_id": "36047", "area_sqm": 167427, "split": false}, "geometry": {"type": "Polygon", "coordinates": [[[-73.945123, 40.636448], [-73.944155, 40.636507], [-73.942249, 40.636628], [-73.941283, 40.636687], [-73.941039, 40.634417], [-73.940788, 40.632076], [-73.944629, 40.631838], [-73.944881, 40.634177], [-73.945123, 40.636448]]]}}, {"type": "Feature", "properties": {"unit_id": "36061014401", "name": "Census Tract 144.01 \u2014 New York", "native_id": "36061014401", "source": "census_tract_2025", "adm3_name": "New York County", "adm3_id": "36061", "area_sqm": 74321, "split": false}, "geometry": {"type": "Polygon", "coordinates": [[[-73.949872, 40.776196], [-73.949374, 40.776876], [-73.947122, 40.775929], [-73.944765, 40.774936], [-73.945267, 40.774252], [-73.945728, 40.773622], [-73.948084, 40.774611], [-73.950339, 40.775564], [-73.949872, 40.776196]]]}}, {"type": "Feature", "properties": {"unit_id": "36061020701", "name": "Census Tract 207.01 \u2014 New York", "native_id": "36061020701", "source": "census_tract_2025", "adm3_name": "New York County", "adm3_id": "36061", "area_sqm": 47273, "split": false}, "geometry": {"type": "Polygon", "coordinates": [[[-73.959217, 40.809341], [-73.958272, 40.810629], [-73.957091, 40.81008], [-73.957617, 40.808671], [-73.958407, 40.807419], [-73.960106, 40.80812], [-73.959217, 40.809341]]]}}, {"type": "Feature", "properties": {"unit_id": "36047014902", "name": "Census Tract 149.02 \u2014 Kings", "native_id": "36047014902", "source": "census_tract_2025", "adm3_name": "Kings County", "adm3_id": "36047", "area_sqm": 174858, "split": false}, "geometry": {"type": "Polygon", "coordinates": [[[-73.988335, 40.662805], [-73.987453, 40.663823], [-73.986951, 40.664425], [-73.984591, 40.663284], [-73.982231, 40.662142], [-73.983237, 40.660937], [-73.983918, 40.660137], [-73.98448, 40.659598], [-73.985071, 40.659029], [-73.987296, 40.660442], [-73.988769, 40.662432], [-73.988335, 40.662805]]]}}, {"type": "Feature", "properties": {"unit_id": "36047114201", "name": "Census Tract 1142.01 \u2014 Kings", "native_id": "36047114201", "source": "census_tract_2025", "adm3_name": "Kings County", "adm3_id": "36047", "area_sqm": 300918, "split": false}, "geometry": {"type": "Polygon", "coordinates": [[[-73.904046, 40.67922], [-73.902622, 40.680664], [-73.900283, 40.679442], [-73.897494, 40.680074], [-73.896615, 40.682008], [-73.896518, 40.682397], [-73.8942, 40.685309], [-73.892523, 40.683424], [-73.891975, 40.682743], [-73.894312, 40.681566], [-73.893733, 40.680854], [-73.893185, 40.680161], [-73.896537, 40.678594], [-73.897601, 40.678099], [-73.898151, 40.677768], [-73.89999, 40.6769], [-73.903466, 40.678897], [-73.904046, 40.67922]]]}}, {"type": "Feature", "properties": {"unit_id": "36047033701", "name": "Census Tract 337.01 \u2014 Kings", "native_id": "36047033701", "source": "census_tract_2025", "adm3_name": "Kings County", "adm3_id": "36047", "area_sqm": 98672, "split": false}, "geometry": {"type": "Polygon", "coordinates": [[[-73.947647, 40.670597], [-73.947642, 40.670664], [-73.944872, 40.670504], [-73.942106, 40.670342], [-73.939337, 40.670192], [-73.936569, 40.670041], [-73.936657, 40.669101], [-73.942196, 40.669403], [-73.947731, 40.669705], [-73.947647, 40.670597]]]}}, {"type": "Feature", "properties": {"unit_id": "36061009902", "name": "Census Tract 99.02 \u2014 New York", "native_id": "36061009902", "source": "census_tract_2025", "adm3_name": "New York County", "adm3_id": "36061", "area_sqm": 187991, "split": false}, "geometry": {"type": "Polygon", "coordinates": [[[-74.0142468634549, 40.7566557472903], [-74.007205, 40.754682], [-74.006646, 40.754451], [-74.000975, 40.752055], [-74.002785, 40.749592], [-74.005629, 40.750788], [-74.008569, 40.751842], [-74.0150133469565, 40.7535060844333], [-74.0142468634549, 40.7566557472903]]]}}, {"type": "Feature", "properties": {"unit_id": "36061013201", "name": "Census Tract 132.01 \u2014 New York", "native_id": "36061013201", "source": "census_tract_2025", "adm3_name": "New York County", "adm3_id": "36061", "area_sqm": 78040, "split": false}, "geometry": {"type": "Polygon", "coordinates": [[[-73.954575, 40.769755], [-73.954112, 40.770389], [-73.951858, 40.769441], [-73.949042, 40.768263], [-73.947973, 40.769512], [-73.947502, 40.770121], [-73.945138, 40.769107], [-73.945398, 40.768647], [-73.94773, 40.766084], [-73.950093, 40.767036], [-73.952788, 40.76817], [-73.955037, 40.76912], [-73.954575, 40.769755]]]}}, {"type": "Feature", "properties": {"unit_id": "36047024700", "name": "Census Tract 247 \u2014 Kings", "native_id": "36047024700", "source": "census_tract_2025", "adm3_name": "Kings County", "adm3_id": "36047", "area_sqm": 179741, "split": false}, "geometry": {"type": "Polygon", "coordinates": [[[-73.955437, 40.679958], [-73.953371, 40.680641], [-73.949557, 40.68039], [-73.946749, 40.68024], [-73.946274, 40.680213], [-73.943973, 40.680088], [-73.944048, 40.679336], [-73.944141, 40.678237], [-73.946911, 40.678392], [-73.949679, 40.678566], [-73.952053, 40.678675], [-73.953005, 40.678815], [-73.955309, 40.679273], [-73.955437, 40.679958]]]}}, {"type": "Feature", "properties": {"unit_id": "36047014700", "name": "Census Tract 147 \u2014 Kings", "native_id": "36047014700", "source": "census_tract_2025", "adm3_name": "Kings County", "adm3_id": "36047", "area_sqm": 105979, "split": false}, "geometry": {"type": "Polygon", "coordinates": [[[-73.990635, 40.660579], [-73.990052, 40.661139], [-73.988924, 40.662283], [-73.988769, 40.662432], [-73.987296, 40.660442], [-73.98784, 40.659816], [-73.988428, 40.65925], [-73.990188, 40.657601], [-73.992383, 40.658899], [-73.990635, 40.660579]]]}}, {"type": "Feature", "properties": {"unit_id": "36047107003", "name": "Census Tract 1070.03 \u2014 Kings", "native_id": "36047107003", "source": "census_tract_2025", "adm3_name": "Kings County", "adm3_id": "36047", "area_sqm": 275133, "split": false}, "geometry": {"type": "Polygon", "coordinates": [[[-73.882213, 40.654498], [-73.879733, 40.655563], [-73.873384, 40.646821], [-73.874892, 40.645095], [-73.876104, 40.646215], [-73.878436, 40.649327], [-73.881722, 40.653754], [-73.882213, 40.654498]]]}}, {"type": "Feature", "properties": {"unit_id": "36047044700", "name": "Census Tract 447 \u2014 Kings", "native_id": "36047044700", "source": "census_tract_2025", "adm3_name": "Kings County", "adm3_id": "36047", "area_sqm": 162809, "split": false}, "geometry": {"type": "Polygon", "coordinates": [[[-73.926089, 40.70568], [-73.924169, 40.707394], [-73.921892, 40.709396], [-73.91996, 40.708257], [-73.919222, 40.707815], [-73.92141, 40.70567], [-73.923083, 40.703975], [-73.923834, 40.704398], [-73.924586, 40.704825], [-73.925335, 40.705253], [-73.926089, 40.70568]]]}}, {"type": "Feature", "properties": {"unit_id": "36061015002", "name": "Census Tract 150.02 \u2014 New York", "native_id": "36061015002", "source": "census_tract_2025", "adm3_name": "New York County", "adm3_id": "36061", "area_sqm": 125571, "split": false}, "geometry": {"type": "Polygon", "coordinates": [[[-73.959469, 40.782833], [-73.958096, 40.784718], [-73.956487, 40.784044], [-73.954877, 40.783363], [-73.955793, 40.78211], [-73.956253, 40.781482], [-73.956708, 40.780856], [-73.957202, 40.780179], [-73.958814, 40.780858], [-73.960416, 40.781532], [-73.959469, 40.782833]]]}}, {"type": "Feature", "properties": {"unit_id": "36061020800", "name": "Census Tract 208 \u2014 New York", "native_id": "36061020800", "source": "census_tract_2025", "adm3_name": "New York County", "adm3_id": "36061", "area_sqm": 148566, "split": false}, "geometry": {"type": "Polygon", "coordinates": [[[-73.944083, 40.809693], [-73.943172, 40.810942], [-73.942249, 40.812201], [-73.939018, 40.810856], [-73.939949, 40.809582], [-73.940861, 40.808334], [-73.941771, 40.807089], [-73.944994, 40.808446], [-73.944083, 40.809693]]]}}, {"type": "Feature", "properties": {"unit_id": "36047029100", "name": "Census Tract 291 \u2014 Kings", "native_id": "36047029100", "source": "census_tract_2025", "adm3_name": "Kings County", "adm3_id": "36047", "area_sqm": 164644, "split": false}, "geometry": {"type": "Polygon", "coordinates": [[[-73.936758, 40.691556], [-73.930907, 40.692228], [-73.930616, 40.690762], [-73.93047, 40.690031], [-73.930325, 40.689298], [-73.936172, 40.688627], [-73.936321, 40.689354], [-73.936467, 40.69009], [-73.936612, 40.690822], [-73.936758, 40.691556]]]}}, {"type": "Feature", "properties": {"unit_id": "36047096400", "name": "Census Tract 964 \u2014 Kings", "native_id": "36047096400", "source": "census_tract_2025", "adm3_name": "Kings County", "adm3_id": "36047", "area_sqm": 176581, "split": false}, "geometry": {"type": "Polygon", "coordinates": [[[-73.90928, 40.643204], [-73.907084, 40.644623], [-73.905417, 40.643129], [-73.904485, 40.642292], [-73.903774, 40.641652], [-73.904627, 40.641102], [-73.907454, 40.639276], [-73.909119, 40.64077], [-73.910764, 40.642246], [-73.90928, 40.643204]]]}}, {"type": "Feature", "properties": {"unit_id": "36047075800", "name": "Census Tract 758 \u2014 Kings", "native_id": "36047075800", "source": "census_tract_2025", "adm3_name": "Kings County", "adm3_id": "36047", "area_sqm": 205261, "split": false}, "geometry": {"type": "Polygon", "coordinates": [[[-73.955037, 40.618558], [-73.954003, 40.618672], [-73.953078, 40.618775], [-73.952148, 40.618875], [-73.950256, 40.619083], [-73.949306, 40.614031], [-73.950265, 40.613924], [-73.95212, 40.613721], [-73.953046, 40.61362], [-73.953553, 40.616281], [-73.954587, 40.616169], [-73.955037, 40.618558]]]}}, {"type": "Feature", "properties": {"unit_id": "36047098400", "name": "Census Tract 984 \u2014 Kings", "native_id": "36047098400", "source": "census_tract_2025", "adm3_name": "Kings County", "adm3_id": "36047", "area_sqm": 112821, "split": false}, "geometry": {"type": "Polygon", "coordinates": [[[-73.894679, 40.64753], [-73.892551, 40.648911], [-73.888901, 40.64563], [-73.891021, 40.644245], [-73.892837, 40.645874], [-73.894679, 40.64753]]]}}, {"type": "Feature", "properties": {"unit_id": "36061011203", "name": "Census Tract 112.03 \u2014 New York", "native_id": "36061011203", "source": "census_tract_2025", "adm3_name": "New York County", "adm3_id": "36061", "area_sqm": 77947, "split": false}, "geometry": {"type": "Polygon", "coordinates": [[[-73.969801, 40.762914], [-73.968187, 40.762227], [-73.966583, 40.761552], [-73.967533, 40.760255], [-73.968024, 40.759578], [-73.969625, 40.760251], [-73.971243, 40.760937], [-73.969801, 40.762914]]]}}, {"type": "Feature", "properties": {"unit_id": "36047018800", "name": "Census Tract 188 \u2014 Kings", "native_id": "36047018800", "source": "census_tract_2025", "adm3_name": "Kings County", "adm3_id": "36047", "area_sqm": 175213, "split": false}, "geometry": {"type": "Polygon", "coordinates": [[[-74.005227, 40.618973], [-74.004019, 40.620136], [-73.999488, 40.617405], [-73.999944, 40.615782], [-74.000192, 40.614951], [-74.002031, 40.615153], [-74.004234, 40.616482], [-74.006434, 40.617814], [-74.005227, 40.618973]]]}}, {"type": "Feature", "properties": {"unit_id": "36047088800", "name": "Census Tract 888 \u2014 Kings", "native_id": "36047088800", "source": "census_tract_2025", "adm3_name": "Kings County", "adm3_id": "36047", "area_sqm": 201249, "split": false}, "geometry": {"type": "Polygon", "coordinates": [[[-73.921776, 40.654424], [-73.919578, 40.655842], [-73.918863, 40.656305], [-73.918147, 40.656766], [-73.916332, 40.655132], [-73.915307, 40.654222], [-73.913744, 40.654169], [-73.915226, 40.653039], [-73.91737, 40.651654], [-73.918137, 40.651158], [-73.919962, 40.652789], [-73.920773, 40.652554], [-73.921696, 40.654372], [-73.921776, 40.654424]]]}}, {"type": "Feature", "properties": {"unit_id": "36047045400", "name": "Census Tract 454 \u2014 Kings", "native_id": "36047045400", "source": "census_tract_2025", "adm3_name": "Kings County", "adm3_id": "36047", "area_sqm": 132312, "split": false}, "geometry": {"type": "Polygon", "coordinates": [[[-73.966645, 40.622163], [-73.965719, 40.622264], [-73.96472, 40.622373], [-73.964268, 40.619984], [-73.963361, 40.615204], [-73.964358, 40.615094], [-73.965287, 40.614992], [-73.965739, 40.61738], [-73.966645, 40.622163]]]}}, {"type": "Feature", "properties": {"unit_id": "36047026900", "name": "Census Tract 269 \u2014 Kings", "native_id": "36047026900", "source": "census_tract_2025", "adm3_name": "Kings County", "adm3_id": "36047", "area_sqm": 133946, "split": false}, "geometry": {"type": "Polygon", "coordinates": [[[-73.94658, 40.682181], [-73.943745, 40.682508], [-73.940914, 40.682833], [-73.940769, 40.6821], [-73.94062, 40.68137], [-73.940477, 40.680635], [-73.940328, 40.67989], [-73.943262, 40.680051], [-73.943973, 40.680088], [-73.946274, 40.680213], [-73.946437, 40.681449], [-73.94658, 40.682181]]]}}, {"type": "Feature", "properties": {"unit_id": "36047018700", "name": "Census Tract 187 \u2014 Kings", "native_id": "36047018700", "source": "census_tract_2025", "adm3_name": "Kings County", "adm3_id": "36047", "area_sqm": 85768, "split": false}, "geometry": {"type": "Polygon", "coordinates": [[[-73.97247, 40.696207], [-73.969399, 40.696093], [-73.96881, 40.693121], [-73.969831, 40.693135], [-73.971872, 40.69321], [-73.97247, 40.696207]]]}}, {"type": "Feature", "properties": {"unit_id": "36047035102", "name": "Census Tract 351.02 \u2014 Kings", "native_id": "36047035102", "source": "census_tract_2025", "adm3_name": "Kings County", "adm3_id": "36047", "area_sqm": 93117, "split": false}, "geometry": {"type": "Polygon", "coordinates": [[[-73.934058, 40.667168], [-73.933888, 40.66895], [-73.931119, 40.668798], [-73.931291, 40.667015], [-73.931381, 40.666126], [-73.931455, 40.665234], [-73.934224, 40.665378], [-73.934058, 40.667168]]]}}, {"type": "Feature", "properties": {"unit_id": "36047090800", "name": "Census Tract 908 \u2014 Kings", "native_id": "36047090800", "source": "census_tract_2025", "adm3_name": "Kings County", "adm3_id": "36047", "area_sqm": 296447, "split": false}, "geometry": {"type": "Polygon", "coordinates": [[[-73.907877, 40.673567], [-73.903475, 40.675507], [-73.902289, 40.670936], [-73.901982, 40.66967], [-73.901668, 40.668413], [-73.902626, 40.668273], [-73.903573, 40.668128], [-73.906355, 40.667708], [-73.906998, 40.670241], [-73.907337, 40.671506], [-73.907877, 40.673567]]]}}, {"type": "Feature", "properties": {"unit_id": "36047003800", "name": "Census Tract 38 \u2014 Kings", "native_id": "36047003800", "source": "census_tract_2025", "adm3_name": "Kings County", "adm3_id": "36047", "area_sqm": 127478, "split": false}, "geometry": {"type": "Polygon", "coordinates": [[[-74.0391772739482, 40.6341504055605], [-74.038726, 40.635534], [-74.0386168293577, 40.6357066563032], [-74.0380992858564, 40.6365251652525], [-74.032317, 40.634791], [-74.032593, 40.63411], [-74.033155, 40.632735], [-74.036926, 40.633639], [-74.0392873586915, 40.6338128885395], [-74.0391772739482, 40.6341504055605]]]}}, {"type": "Feature", "properties": {"unit_id": "36047053400", "name": "Census Tract 534 \u2014 Kings", "native_id": "36047053400", "source": "census_tract_2025", "adm3_name": "Kings County", "adm3_id": "36047", "area_sqm": 173382, "split": false}, "geometry": {"type": "Polygon", "coordinates": [[[-73.965173, 40.624766], [-73.964173, 40.624877], [-73.963248, 40.624978], [-73.962318, 40.625079], [-73.961393, 40.625179], [-73.96094, 40.622791], [-73.960486, 40.6204], [-73.961415, 40.620298], [-73.962339, 40.620196], [-73.963268, 40.620095], [-73.964268, 40.619984], [-73.96472, 40.622373], [-73.965173, 40.624766]]]}}, {"type": "Feature", "properties": {"unit_id": "36047059403", "name": "Census Tract 594.03 \u2014 Kings", "native_id": "36047059403", "source": "census_tract_2025", "adm3_name": "Kings County", "adm3_id": "36047", "area_sqm": 206719, "split": false}, "geometry": {"type": "Polygon", "coordinates": [[[-73.951006, 40.597262], [-73.949047, 40.597479], [-73.947192, 40.597682], [-73.94623, 40.597789], [-73.945775, 40.595398], [-73.945374, 40.59328], [-73.947264, 40.593072], [-73.949116, 40.592868], [-73.950152, 40.592754], [-73.950554, 40.594871], [-73.951006, 40.597262]]]}}, {"type": "Feature", "properties": {"unit_id": "36047044000", "name": "Census Tract 440 \u2014 Kings", "native_id": "36047044000", "source": "census_tract_2025", "adm3_name": "Kings County", "adm3_id": "36047", "area_sqm": 201541, "split": false}, "geometry": {"type": "Polygon", "coordinates": [[[-73.974972, 40.613668], [-73.973993, 40.61403], [-73.972903, 40.614153], [-73.971881, 40.614266], [-73.970955, 40.614369], [-73.97003, 40.614469], [-73.968657, 40.614622], [-73.967286, 40.614773], [-73.966782, 40.612109], [-73.968153, 40.61196], [-73.969525, 40.611808], [-73.970452, 40.611704], [-73.972398, 40.611491], [-73.973484, 40.611371], [-73.974515, 40.611257], [-73.974777, 40.612638], [-73.974893, 40.613187], [-73.974972, 40.613668]]]}}, {"type": "Feature", "properties": {"unit_id": "36061003001", "name": "Census Tract 30.01 \u2014 New York", "native_id": "36061003001", "source": "census_tract_2025", "adm3_name": "New York County", "adm3_id": "36061", "area_sqm": 124150, "split": false}, "geometry": {"type": "Polygon", "coordinates": [[[-73.98923, 40.721677], [-73.988643, 40.722933], [-73.986285, 40.722242], [-73.983824, 40.721473], [-73.984477, 40.720235], [-73.985074, 40.719083], [-73.986752, 40.719593], [-73.987542, 40.719833], [-73.989857, 40.720533], [-73.98923, 40.721677]]]}}, {"type": "Feature", "properties": {"unit_id": "36047029700", "name": "Census Tract 297 \u2014 Kings", "native_id": "36047029700", "source": "census_tract_2025", "adm3_name": "Kings County", "adm3_id": "36047", "area_sqm": 205561, "split": false}, "geometry": {"type": "Polygon", "coordinates": [[[-73.935008, 40.682764], [-73.932086, 40.6831], [-73.929161, 40.683437], [-73.929009, 40.682703], [-73.928727, 40.681237], [-73.928651, 40.679749], [-73.929058, 40.679277], [-73.934351, 40.679564], [-73.934571, 40.680565], [-73.934715, 40.681298], [-73.934862, 40.682031], [-73.935008, 40.682764]]]}}, {"type": "Feature", "properties": {"unit_id": "36047003102", "name": "Census Tract 31.02 \u2014 Kings", "native_id": "36047003102", "source": "census_tract_2025", "adm3_name": "Kings County", "adm3_id": "36047", "area_sqm": 136297, "split": false}, "geometry": {"type": "Polygon", "coordinates": [[[-73.977827, 40.693438], [-73.975848, 40.693361], [-73.973855, 40.693287], [-73.97354, 40.691707], [-73.973126, 40.689622], [-73.974109, 40.689663], [-73.975106, 40.689698], [-73.976102, 40.689737], [-73.977098, 40.689773], [-73.97766, 40.691898], [-73.977827, 40.693438]]]}}, {"type": "Feature", "properties": {"unit_id": "36047025902", "name": "Census Tract 259.02 \u2014 Kings", "native_id": "36047025902", "source": "census_tract_2025", "adm3_name": "Kings County", "adm3_id": "36047", "area_sqm": 59611, "split": false}, "geometry": {"type": "Polygon", "coordinates": [[[-73.946797, 40.697903], [-73.943949, 40.698222], [-73.943526, 40.696031], [-73.946366, 40.695704], [-73.946797, 40.697903]]]}}, {"type": "Feature", "properties": {"unit_id": "36047051601", "name": "Census Tract 516.01 \u2014 Kings", "native_id": "36047051601", "source": "census_tract_2025", "adm3_name": "Kings County", "adm3_id": "36047", "area_sqm": 115927, "split": false}, "geometry": {"type": "Polygon", "coordinates": [[[-73.958966, 40.639305], [-73.958003, 40.639761], [-73.957125, 40.640169], [-73.955638, 40.640504], [-73.954043, 40.638878], [-73.953743, 40.638566], [-73.956566, 40.637206], [-73.957433, 40.636793], [-73.9584, 40.636327], [-73.958966, 40.639305]]]}}, {"type": "Feature", "properties": {"unit_id": "36047019600", "name": "Census Tract 196 \u2014 Kings", "native_id": "36047019600", "source": "census_tract_2025", "adm3_name": "Kings County", "adm3_id": "36047", "area_sqm": 188308, "split": false}, "geometry": {"type": "Polygon", "coordinates": [[[-74.00726, 40.623915], [-74.006678, 40.624473], [-74.006095, 40.625033], [-74.004932, 40.626151], [-74.00273, 40.624821], [-74.00053, 40.62349], [-74.001202, 40.622843], [-74.002276, 40.621815], [-74.003436, 40.620696], [-74.005637, 40.622024], [-74.007839, 40.623355], [-74.00726, 40.623915]]]}}, {"type": "Feature", "properties": {"unit_id": "36047049400", "name": "Census Tract 494 \u2014 Kings", "native_id": "36047049400", "source": "census_tract_2025", "adm3_name": "Kings County", "adm3_id": "36047", "area_sqm": 182730, "split": false}, "geometry": {"type": "Polygon", "coordinates": [[[-73.976577, 40.644004], [-73.974657, 40.644806], [-73.974196, 40.645007], [-73.973101, 40.645451], [-73.972086, 40.645863], [-73.971648, 40.643573], [-73.971222, 40.64118], [-73.973941, 40.640882], [-73.975015, 40.640762], [-73.975944, 40.640659], [-73.976396, 40.643051], [-73.976577, 40.644004]]]}}, {"type": "Feature", "properties": {"unit_id": "36047059200", "name": "Census Tract 592 \u2014 Kings", "native_id": "36047059200", "source": "census_tract_2025", "adm3_name": "Kings County", "adm3_id": "36047", "area_sqm": 219306, "split": false}, "geometry": {"type": "Polygon", "coordinates": [[[-73.95326, 40.592413], [-73.9523, 40.592514], [-73.952699, 40.594637], [-73.95315, 40.597028], [-73.951006, 40.597262], [-73.950554, 40.594871], [-73.950152, 40.592754], [-73.94975, 40.590634], [-73.949345, 40.588514], [-73.951493, 40.588279], [-73.952454, 40.588173], [-73.952858, 40.590293], [-73.95326, 40.592413]]]}}, {"type": "Feature", "properties": {"unit_id": "36047009201", "name": "Census Tract 92.01 \u2014 Kings", "native_id": "36047009201", "source": "census_tract_2025", "adm3_name": "Kings County", "adm3_id": "36047", "area_sqm": 56593, "split": false}, "geometry": {"type": "Polygon", "coordinates": [[[-74.001248, 40.646926], [-74.000662, 40.647487], [-73.998466, 40.646159], [-73.999048, 40.645597], [-73.99963, 40.645037], [-74.000213, 40.644477], [-74.002415, 40.645809], [-74.001248, 40.646926]]]}}, {"type": "Feature", "properties": {"unit_id": "36047035302", "name": "Census Tract 353.02 \u2014 Kings", "native_id": "36047035302", "source": "census_tract_2025", "adm3_name": "Kings County", "adm3_id": "36047", "area_sqm": 93185, "split": false}, "geometry": {"type": "Polygon", "coordinates": [[[-73.936907, 40.666426], [-73.936825, 40.667317], [-73.936749, 40.668128], [-73.936657, 40.669101], [-73.933888, 40.66895], [-73.934058, 40.667168], [-73.934224, 40.665378], [-73.936984, 40.665536], [-73.936907, 40.666426]]]}}, {"type": "Feature", "properties": {"unit_id": "36047011600", "name": "Census Tract 116 \u2014 Kings", "native_id": "36047011600", "source": "census_tract_2025", "adm3_name": "Kings County", "adm3_id": "36047", "area_sqm": 160266, "split": false}, "geometry": {"type": "Polygon", "coordinates": [[[-74.006169, 40.635303], [-74.005003, 40.636425], [-74.00442, 40.636985], [-74.003838, 40.637546], [-74.002672, 40.638667], [-73.999807, 40.636936], [-74.001957, 40.635497], [-74.004107, 40.63406], [-74.005564, 40.633084], [-74.007356, 40.634164], [-74.006169, 40.635303]]]}}, {"type": "Feature", "properties": {"unit_id": "36061020000", "name": "Census Tract 200 \u2014 New York", "native_id": "36061020000", "source": "census_tract_2025", "adm3_name": "New York County", "adm3_id": "36061", "area_sqm": 129294, "split": false}, "geometry": {"type": "Polygon", "coordinates": [[[-73.947813, 40.804587], [-73.947352, 40.805213], [-73.9469, 40.805839], [-73.945978, 40.807098], [-73.944994, 40.808446], [-73.941771, 40.807089], [-73.942754, 40.805744], [-73.944302, 40.806391], [-73.945693, 40.804515], [-73.946131, 40.803877], [-73.944597, 40.803228], [-73.945052, 40.802599], [-73.948273, 40.803957], [-73.947813, 40.804587]]]}}, {"type": "Feature", "properties": {"unit_id": "36047049500", "name": "Census Tract 495 \u2014 Kings", "native_id": "36047049500", "source": "census_tract_2025", "adm3_name": "Kings County", "adm3_id": "36047", "area_sqm": 129103, "split": false}, "geometry": {"type": "Polygon", "coordinates": [[[-73.945949, 40.713638], [-73.944265, 40.713796], [-73.942583, 40.713955], [-73.941713, 40.714007], [-73.941041, 40.712666], [-73.940688, 40.711962], [-73.940423, 40.711218], [-73.942105, 40.71106], [-73.943788, 40.710901], [-73.945475, 40.71074], [-73.945596, 40.711481], [-73.945949, 40.713638]]]}}, {"type": "Feature", "properties": {"unit_id": "36047000100", "name": "Census Tract 1 \u2014 Kings", "native_id": "36047000100", "source": "census_tract_2025", "adm3_name": "Kings County", "adm3_id": "36047", "area_sqm": 207819, "split": false}, "geometry": {"type": "Polygon", "coordinates": [[[-73.9977471780287, 40.7013494582089], [-73.995138, 40.70298], [-73.995069, 40.703102], [-73.993267, 40.702435], [-73.992612, 40.702061], [-73.99129, 40.701049], [-73.990935, 40.700767], [-73.991409, 40.698632], [-73.991365, 40.69701], [-73.99302, 40.69746], [-73.99271, 40.698097], [-73.994292, 40.698535], [-73.995122, 40.698767], [-73.996001, 40.699007], [-73.9975, 40.699653], [-73.998459260799, 40.7003103900978], [-73.9977471780287, 40.7013494582089]]]}}, {"type": "Feature", "properties": {"unit_id": "36047010402", "name": "Census Tract 104.02 \u2014 Kings", "native_id": "36047010402", "source": "census_tract_2025", "adm3_name": "Kings County", "adm3_id": "36047", "area_sqm": 76170, "split": false}, "geometry": {"type": "Polygon", "coordinates": [[[-74.008371, 40.636635], [-74.007206, 40.637755], [-74.005003, 40.636425], [-74.006169, 40.635303], [-74.007356, 40.634164], [-74.009557, 40.635493], [-74.008371, 40.636635]]]}}, {"type": "Feature", "properties": {"unit_id": "36047026500", "name": "Census Tract 265 \u2014 Kings", "native_id": "36047026500", "source": "census_tract_2025", "adm3_name": "Kings County", "adm3_id": "36047", "area_sqm": 159608, "split": false}, "geometry": {"type": "Polygon", "coordinates": [[[-73.947748, 40.688044], [-73.942076, 40.688697], [-73.941932, 40.687963], [-73.941785, 40.687228], [-73.94164, 40.686497], [-73.941494, 40.685764], [-73.947165, 40.685113], [-73.94731, 40.685846], [-73.947456, 40.686578], [-73.947602, 40.687311], [-73.947748, 40.688044]]]}}, {"type": "Feature", "properties": {"unit_id": "36047019100", "name": "Census Tract 191 \u2014 Kings", "native_id": "36047019100", "source": "census_tract_2025", "adm3_name": "Kings County", "adm3_id": "36047", "area_sqm": 253797, "split": false}, "geometry": {"type": "Polygon", "coordinates": [[[-73.969399, 40.696093], [-73.967416, 40.696028], [-73.965156, 40.695972], [-73.964551, 40.696107], [-73.963199, 40.6971], [-73.962839, 40.698039], [-73.962469, 40.698098], [-73.961051, 40.698326], [-73.960158, 40.694117], [-73.961093, 40.694011], [-73.964054, 40.693628], [-73.965906, 40.693433], [-73.966881, 40.693341], [-73.967844, 40.69323], [-73.96881, 40.693121], [-73.969399, 40.696093]]]}}, {"type": "Feature", "properties": {"unit_id": "36047007800", "name": "Census Tract 78 \u2014 Kings", "native_id": "36047007800", "source": "census_tract_2025", "adm3_name": "Kings County", "adm3_id": "36047", "area_sqm": 138114, "split": false}, "geometry": {"type": "Polygon", "coordinates": [[[-74.014932, 40.646982], [-74.013733, 40.648079], [-74.013172, 40.648652], [-74.011412, 40.64759], [-74.009153, 40.646227], [-74.009736, 40.645667], [-74.010319, 40.645106], [-74.010902, 40.644547], [-74.011484, 40.643986], [-74.015533, 40.646418], [-74.014932, 40.646982]]]}}, {"type": "Feature", "properties": {"unit_id": "36047063200", "name": "Census Tract 632 \u2014 Kings", "native_id": "36047063200", "source": "census_tract_2025", "adm3_name": "Kings County", "adm3_id": "36047", "area_sqm": 117438, "split": false}, "geometry": {"type": "Polygon", "coordinates": [[[-73.935032, 40.601734], [-73.934263, 40.60223], [-73.933551, 40.602687], [-73.931734, 40.601062], [-73.928131, 40.597778], [-73.928791, 40.597323], [-73.929569, 40.59682], [-73.929738, 40.596978], [-73.931404, 40.598476], [-73.934227, 40.60101], [-73.934471, 40.601231], [-73.935032, 40.601734]]]}}, {"type": "Feature", "properties": {"unit_id": "36047035200", "name": "Census Tract 352 \u2014 Kings", "native_id": "36047035200", "source": "census_tract_2025", "adm3_name": "Kings County", "adm3_id": "36047", "area_sqm": 990690, "split": false}, "geometry": {"type": "Polygon", "coordinates": [[[-74.0027711420587, 40.5721112657375], [-74.000088, 40.571809], [-73.994726, 40.57152], [-73.991387, 40.571656], [-73.991743, 40.57343], [-73.989686, 40.574004], [-73.985573, 40.57515], [-73.983435, 40.575414], [-73.981256, 40.575563], [-73.976619, 40.575301], [-73.973451, 40.574799], [-73.973028, 40.57605], [-73.970781, 40.575788], [-73.96992, 40.575583], [-73.968868, 40.575236], [-73.966754, 40.574833], [-73.964711, 40.574782], [-73.962881, 40.574983], [-73.961034, 40.575076], [-73.959414, 40.575158], [-73.9594213702867, 40.5741368058231], [-73.9662924171794, 40.5733708914399], [-73.9674739932548, 40.5732391813635], [-73.990899, 40.570628], [-74.002001, 40.570602], [-74.0020666266047, 40.5707306100205], [-74.0027711420587, 40.5721112657375]]]}}, {"type": "Feature", "properties": {"unit_id": "36061019000", "name": "Census Tract 190 \u2014 New York", "native_id": "36061019000", "source": "census_tract_2025", "adm3_name": "New York County", "adm3_id": "36061", "area_sqm": 103795, "split": false}, "geometry": {"type": "Polygon", "coordinates": [[[-73.94968, 40.802024], [-73.949187, 40.8027], [-73.948728, 40.803331], [-73.948273, 40.803957], [-73.945052, 40.802599], [-73.945968, 40.801342], [-73.946974, 40.799961], [-73.948625, 40.800666], [-73.950186, 40.801332], [-73.94968, 40.802024]]]}}, {"type": "Feature", "properties": {"unit_id": "36047023000", "name": "Census Tract 230 \u2014 Kings", "native_id": "36047023000", "source": "census_tract_2025", "adm3_name": "Kings County", "adm3_id": "36047", "area_sqm": 150941, "split": false}, "geometry": {"type": "Polygon", "coordinates": [[[-73.988494, 40.641956], [-73.984088, 40.639297], [-73.984672, 40.638735], [-73.982466, 40.637406], [-73.980266, 40.636076], [-73.982015, 40.634395], [-73.984218, 40.635726], [-73.983634, 40.636285], [-73.985836, 40.637616], [-73.985252, 40.638175], [-73.987455, 40.639505], [-73.986876, 40.640069], [-73.989077, 40.641396], [-73.988494, 40.641956]]]}}, {"type": "Feature", "properties": {"unit_id": "36047011700", "name": "Census Tract 117 \u2014 Kings", "native_id": "36047011700", "source": "census_tract_2025", "adm3_name": "Kings County", "adm3_id": "36047", "area_sqm": 201195, "split": false}, "geometry": {"type": "Polygon", "coordinates": [[[-73.996426, 40.669006], [-73.995392, 40.670195], [-73.994896, 40.67079], [-73.994384, 40.671403], [-73.989723, 40.669146], [-73.990226, 40.668544], [-73.99073, 40.667941], [-73.991734, 40.666736], [-73.99277, 40.665507], [-73.994845, 40.666805], [-73.996528, 40.668894], [-73.996426, 40.669006]]]}}, {"type": "Feature", "properties": {"unit_id": "36047096600", "name": "Census Tract 966 \u2014 Kings", "native_id": "36047096600", "source": "census_tract_2025", "adm3_name": "Kings County", "adm3_id": "36047", "area_sqm": 181211, "split": false}, "geometry": {"type": "Polygon", "coordinates": [[[-73.907454, 40.639276], [-73.904627, 40.641102], [-73.903774, 40.641652], [-73.902345, 40.642576], [-73.90067, 40.64366], [-73.898828, 40.642005], [-73.901933, 40.640001], [-73.902747, 40.639472], [-73.90413, 40.638578], [-73.905612, 40.637622], [-73.907454, 40.639276]]]}}, {"type": "Feature", "properties": {"unit_id": "36061022600", "name": "Census Tract 226 \u2014 New York", "native_id": "36061022600", "source": "census_tract_2025", "adm3_name": "New York County", "adm3_id": "36061", "area_sqm": 152983, "split": false}, "geometry": {"type": "Polygon", "coordinates": [[[-73.947034, 40.81583], [-73.944193, 40.814634], [-73.941347, 40.813438], [-73.941803, 40.812815], [-73.942249, 40.812201], [-73.943172, 40.810942], [-73.946031, 40.812119], [-73.945568, 40.812752], [-73.948419, 40.813938], [-73.947034, 40.81583]]]}}, {"type": "Feature", "properties": {"unit_id": "36047051100", "name": "Census Tract 511 \u2014 Kings", "native_id": "36047051100", "source": "census_tract_2025", "adm3_name": "Kings County", "adm3_id": "36047", "area_sqm": 159004, "split": false}, "geometry": {"type": "Polygon", "coordinates": [[[-73.950875, 40.709513], [-73.948655, 40.709725], [-73.946973, 40.709894], [-73.946756, 40.708466], [-73.946523, 40.707011], [-73.946265, 40.705604], [-73.949836, 40.705229], [-73.950237, 40.705473], [-73.950406, 40.706653], [-73.95053, 40.707391], [-73.95066, 40.70817], [-73.95083, 40.709143], [-73.950875, 40.709513]]]}}, {"type": "Feature", "properties": {"unit_id": "36047044600", "name": "Census Tract 446 \u2014 Kings", "native_id": "36047044600", "source": "census_tract_2025", "adm3_name": "Kings County", "adm3_id": "36047", "area_sqm": 141744, "split": false}, "geometry": {"type": "Polygon", "coordinates": [[[-73.979058, 40.616126], [-73.97785, 40.617287], [-73.97563, 40.615946], [-73.973358, 40.616541], [-73.972903, 40.614153], [-73.973993, 40.61403], [-73.974972, 40.613668], [-73.974893, 40.613187], [-73.974777, 40.612638], [-73.975208, 40.612885], [-73.977408, 40.614218], [-73.979638, 40.615565], [-73.979058, 40.616126]]]}}, {"type": "Feature", "properties": {"unit_id": "36047003600", "name": "Census Tract 36 \u2014 Kings", "native_id": "36047003600", "source": "census_tract_2025", "adm3_name": "Kings County", "adm3_id": "36047", "area_sqm": 125291, "split": false}, "geometry": {"type": "Polygon", "coordinates": [[[-74.032593, 40.63411], [-74.032317, 40.634791], [-74.032037, 40.635475], [-74.031826, 40.635993], [-74.031268, 40.637357], [-74.028658, 40.636546], [-74.029134, 40.635373], [-74.029357, 40.634837], [-74.029633, 40.634153], [-74.029913, 40.633474], [-74.030191, 40.632791], [-74.030473, 40.632099], [-74.033155, 40.632735], [-74.032593, 40.63411]]]}}, {"type": "Feature", "properties": {"unit_id": "36061024900", "name": "Census Tract 249 \u2014 New York", "native_id": "36061024900", "source": "census_tract_2025", "adm3_name": "New York County", "adm3_id": "36061", "area_sqm": 60659, "split": false}, "geometry": {"type": "Polygon", "coordinates": [[[-73.937332, 40.839294], [-73.936464, 40.840482], [-73.935567, 40.841713], [-73.935079, 40.839267], [-73.936691, 40.837193], [-73.938343, 40.837909], [-73.937332, 40.839294]]]}}, {"type": "Feature", "properties": {"unit_id": "36047005202", "name": "Census Tract 52.02 \u2014 Kings", "native_id": "36047005202", "source": "census_tract_2025", "adm3_name": "Kings County", "adm3_id": "36047", "area_sqm": 133272, "split": false}, "geometry": {"type": "Polygon", "coordinates": [[[-74.0409642168597, 40.6207045009827], [-74.040475, 40.62079], [-74.038095, 40.620585], [-74.035437, 40.619956], [-74.03599, 40.618596], [-74.036895, 40.618663], [-74.039183, 40.617856], [-74.0405648456374, 40.6176739009518], [-74.0407166550481, 40.6188258958353], [-74.0407458230633, 40.6190472352383], [-74.0409642168597, 40.6207045009827]]]}}, {"type": "Feature", "properties": {"unit_id": "36047117400", "name": "Census Tract 1174 \u2014 Kings", "native_id": "36047117400", "source": "census_tract_2025", "adm3_name": "Kings County", "adm3_id": "36047", "area_sqm": 212859, "split": false}, "geometry": {"type": "Polygon", "coordinates": [[[-73.882203, 40.68536], [-73.879075, 40.686882], [-73.878362, 40.684009], [-73.877867, 40.682039], [-73.877429, 40.680017], [-73.878379, 40.679742], [-73.880609, 40.679111], [-73.881168, 40.681354], [-73.881645, 40.68327], [-73.882203, 40.68536]]]}}, {"type": "Feature", "properties": {"unit_id": "36047050801", "name": "Census Tract 508.01 \u2014 Kings", "native_id": "36047050801", "source": "census_tract_2025", "adm3_name": "Kings County", "adm3_id": "36047", "area_sqm": 78240, "split": false}, "geometry": {"type": "Polygon", "coordinates": [[[-73.96302, 40.651532], [-73.961407, 40.65217], [-73.959329, 40.652928], [-73.958926, 40.651212], [-73.958707, 40.650387], [-73.961008, 40.650082], [-73.962186, 40.649789], [-73.96302, 40.651532]]]}}, {"type": "Feature", "properties": {"unit_id": "36061017401", "name": "Census Tract 174.01 \u2014 New York", "native_id": "36061017401", "source": "census_tract_2025", "adm3_name": "New York County", "adm3_id": "36061", "area_sqm": 100812, "split": false}, "geometry": {"type": "Polygon", "coordinates": [[[-73.950158, 40.795588], [-73.949405, 40.796631], [-73.94922, 40.79691], [-73.947645, 40.796157], [-73.946042, 40.795467], [-73.946946, 40.794234], [-73.947896, 40.792928], [-73.949508, 40.793606], [-73.951111, 40.794285], [-73.950158, 40.795588]]]}}, {"type": "Feature", "properties": {"unit_id": "36047080400", "name": "Census Tract 804 \u2014 Kings", "native_id": "36047080400", "source": "census_tract_2025", "adm3_name": "Kings County", "adm3_id": "36047", "area_sqm": 189757, "split": false}, "geometry": {"type": "Polygon", "coordinates": [[[-73.95081, 40.662354], [-73.947914, 40.662533], [-73.947676, 40.660297], [-73.947601, 40.659586], [-73.947522, 40.658876], [-73.947354, 40.65728], [-73.947159, 40.655594], [-73.950066, 40.655423], [-73.95016, 40.65626], [-73.950326, 40.657838], [-73.950416, 40.658693], [-73.950493, 40.659405], [-73.950569, 40.660117], [-73.950644, 40.660827], [-73.950724, 40.661569], [-73.95081, 40.662354]]]}}, {"type": "Feature", "properties": {"unit_id": "36061007002", "name": "Census Tract 70.02 \u2014 New York", "native_id": "36061007002", "source": "census_tract_2025", "adm3_name": "New York County", "adm3_id": "36061", "area_sqm": 87605, "split": false}, "geometry": {"type": "Polygon", "coordinates": [[[-73.979959, 40.743205], [-73.979508, 40.743825], [-73.979058, 40.744444], [-73.978607, 40.745058], [-73.978121, 40.745726], [-73.975881, 40.744779], [-73.976348, 40.744092], [-73.976758, 40.743472], [-73.977673, 40.742259], [-73.978168, 40.741643], [-73.98041, 40.742587], [-73.979959, 40.743205]]]}}, {"type": "Feature", "properties": {"unit_id": "36047005201", "name": "Census Tract 52.01 \u2014 Kings", "native_id": "36047005201", "source": "census_tract_2025", "adm3_name": "Kings County", "adm3_id": "36047", "area_sqm": 133678, "split": false}, "geometry": {"type": "Polygon", "coordinates": [[[-74.0411942607624, 40.6224501727285], [-74.039961, 40.623276], [-74.037282, 40.622638], [-74.034601, 40.622001], [-74.034886, 40.62132], [-74.035437, 40.619956], [-74.038095, 40.620585], [-74.040475, 40.62079], [-74.0409642168597, 40.6207045009827], [-74.0411942607624, 40.6224501727285]]]}}, {"type": "Feature", "properties": {"unit_id": "36047074000", "name": "Census Tract 740 \u2014 Kings", "native_id": "36047074000", "source": "census_tract_2025", "adm3_name": "Kings County", "adm3_id": "36047", "area_sqm": 162388, "split": false}, "geometry": {"type": "Polygon", "coordinates": [[[-73.943409, 40.62956], [-73.941509, 40.629678], [-73.939605, 40.629795], [-73.939356, 40.627458], [-73.939157, 40.6256], [-73.939557, 40.625158], [-73.941681, 40.624907], [-73.942645, 40.6248], [-73.943093, 40.62719], [-73.943409, 40.62956]]]}}, {"type": "Feature", "properties": {"unit_id": "36047034901", "name": "Census Tract 349.01 \u2014 Kings", "native_id": "36047034901", "source": "census_tract_2025", "adm3_name": "Kings County", "adm3_id": "36047", "area_sqm": 69957, "split": false}, "geometry": {"type": "Polygon", "coordinates": [[[-73.930952, 40.670583], [-73.930868, 40.671474], [-73.928098, 40.671321], [-73.928181, 40.67043], [-73.92835, 40.668647], [-73.931119, 40.668798], [-73.930952, 40.670583]]]}}, {"type": "Feature", "properties": {"unit_id": "36047055400", "name": "Census Tract 554 \u2014 Kings", "native_id": "36047055400", "source": "census_tract_2025", "adm3_name": "Kings County", "adm3_id": "36047", "area_sqm": 169301, "split": false}, "geometry": {"type": "Polygon", "coordinates": [[[-73.96238, 40.609986], [-73.960444, 40.610202], [-73.95952, 40.610302], [-73.958593, 40.610403], [-73.957724, 40.6058], [-73.959576, 40.605596], [-73.960732, 40.60547], [-73.961732, 40.605358], [-73.961886, 40.607336], [-73.96238, 40.609986]]]}}, {"type": "Feature", "properties": {"unit_id": "36047001100", "name": "Census Tract 11 \u2014 Kings", "native_id": "36047001100", "source": "census_tract_2025", "adm3_name": "Kings County", "adm3_id": "36047", "area_sqm": 168507, "split": false}, "geometry": {"type": "Polygon", "coordinates": [[[-73.990663, 40.694561], [-73.990746, 40.695034], [-73.990092, 40.695074], [-73.985143, 40.694885], [-73.985279, 40.692158], [-73.985363, 40.690667], [-73.988932, 40.692086], [-73.989473, 40.692296], [-73.990972, 40.692549], [-73.990663, 40.694561]]]}}, {"type": "Feature", "properties": {"unit_id": "36047010401", "name": "Census Tract 104.01 \u2014 Kings", "native_id": "36047010401", "source": "census_tract_2025", "adm3_name": "Kings County", "adm3_id": "36047", "area_sqm": 76142, "split": false}, "geometry": {"type": "Polygon", "coordinates": [[[-74.011154, 40.637404], [-74.010572, 40.637965], [-74.009409, 40.639085], [-74.007206, 40.637755], [-74.008371, 40.636635], [-74.009557, 40.635493], [-74.01176, 40.636823], [-74.011154, 40.637404]]]}}, {"type": "Feature", "properties": {"unit_id": "36047080800", "name": "Census Tract 808 \u2014 Kings", "native_id": "36047080800", "source": "census_tract_2025", "adm3_name": "Kings County", "adm3_id": "36047", "area_sqm": 321836, "split": false}, "geometry": {"type": "Polygon", "coordinates": [[[-73.947354, 40.65728], [-73.942314, 40.657609], [-73.94255, 40.659892], [-73.939734, 40.660074], [-73.939615, 40.657768], [-73.936864, 40.657942], [-73.933996, 40.658119], [-73.931083, 40.658296], [-73.930903, 40.65661], [-73.931907, 40.656537], [-73.932847, 40.656478], [-73.934784, 40.656361], [-73.935718, 40.656303], [-73.938593, 40.656123], [-73.940532, 40.656002], [-73.942401, 40.655885], [-73.947159, 40.655594], [-73.947354, 40.65728]]]}}, {"type": "Feature", "properties": {"unit_id": "36061018800", "name": "Census Tract 188 \u2014 New York", "native_id": "36061018800", "source": "census_tract_2025", "adm3_name": "New York County", "adm3_id": "36061", "area_sqm": 148532, "split": false}, "geometry": {"type": "Polygon", "coordinates": [[[-73.939522, 40.798625], [-73.938603, 40.799883], [-73.936361, 40.798935], [-73.933991, 40.797932], [-73.934913, 40.79668], [-73.935912, 40.795312], [-73.938285, 40.796301], [-73.940519, 40.797261], [-73.939522, 40.798625]]]}}, {"type": "Feature", "properties": {"unit_id": "36047055500", "name": "Census Tract 555 \u2014 Kings", "native_id": "36047055500", "source": "census_tract_2025", "adm3_name": "Kings County", "adm3_id": "36047", "area_sqm": 261669, "split": false}, "geometry": {"type": "Polygon", "coordinates": [[[-73.967578, 40.716496], [-73.966511, 40.717917], [-73.965704, 40.718779], [-73.96355, 40.721571], [-73.959009, 40.718636], [-73.961423, 40.716384], [-73.962777, 40.715106], [-73.966639, 40.716365], [-73.967578, 40.716496]]]}}, {"type": "Feature", "properties": {"unit_id": "36061017402", "name": "Census Tract 174.02 \u2014 New York", "native_id": "36061017402", "source": "census_tract_2025", "adm3_name": "New York County", "adm3_id": "36061", "area_sqm": 50730, "split": false}, "geometry": {"type": "Polygon", "coordinates": [[[-73.948792, 40.797478], [-73.948311, 40.798129], [-73.9467, 40.79745], [-73.945096, 40.796764], [-73.946042, 40.795467], [-73.947645, 40.796157], [-73.94922, 40.79691], [-73.948792, 40.797478]]]}}, {"type": "Feature", "properties": {"unit_id": "36047010802", "name": "Census Tract 108.02 \u2014 Kings", "native_id": "36047010802", "source": "census_tract_2025", "adm3_name": "Kings County", "adm3_id": "36047", "area_sqm": 75489, "split": false}, "geometry": {"type": "Polygon", "coordinates": [[[-74.003713, 40.641116], [-74.002545, 40.642236], [-74.000341, 40.640905], [-74.000925, 40.640346], [-74.001508, 40.639785], [-74.002672, 40.638667], [-74.004877, 40.639995], [-74.003713, 40.641116]]]}}, {"type": "Feature", "properties": {"unit_id": "36047007600", "name": "Census Tract 76 \u2014 Kings", "native_id": "36047007600", "source": "census_tract_2025", "adm3_name": "Kings County", "adm3_id": "36047", "area_sqm": 138336, "split": false}, "geometry": {"type": "Polygon", "coordinates": [[[-74.016651, 40.645331], [-74.016086, 40.645882], [-74.015533, 40.646418], [-74.011484, 40.643986], [-74.012649, 40.642866], [-74.013814, 40.641745], [-74.01607, 40.643109], [-74.017877, 40.644201], [-74.016651, 40.645331]]]}}, {"type": "Feature", "properties": {"unit_id": "36047073000", "name": "Census Tract 730 \u2014 Kings", "native_id": "36047073000", "source": "census_tract_2025", "adm3_name": "Kings County", "adm3_id": "36047", "area_sqm": 185122, "split": false}, "geometry": {"type": "Polygon", "coordinates": [[[-73.933449, 40.625704], [-73.931494, 40.625594], [-73.931743, 40.62793], [-73.927865, 40.628167], [-73.924956, 40.628349], [-73.924298, 40.628386], [-73.924918, 40.627984], [-73.926709, 40.626821], [-73.928316, 40.625785], [-73.932195, 40.623269], [-73.9331, 40.622694], [-73.933122, 40.622822], [-73.933449, 40.625704]]]}}, {"type": "Feature", "properties": {"unit_id": "36047084000", "name": "Census Tract 840 \u2014 Kings", "native_id": "36047084000", "source": "census_tract_2025", "adm3_name": "Kings County", "adm3_id": "36047", "area_sqm": 170057, "split": false}, "geometry": {"type": "Polygon", "coordinates": [[[-73.933478, 40.644192], [-73.929599, 40.644433], [-73.929355, 40.642134], [-73.929106, 40.639795], [-73.932013, 40.639616], [-73.932984, 40.639555], [-73.933234, 40.641895], [-73.933478, 40.644192]]]}}, {"type": "Feature", "properties": {"unit_id": "36061014801", "name": "Census Tract 148.01 \u2014 New York", "native_id": "36061014801", "source": "census_tract_2025", "adm3_name": "New York County", "adm3_id": "36061", "area_sqm": 51979, "split": false}, "geometry": {"type": "Polygon", "coordinates": [[[-73.957702, 40.779496], [-73.957202, 40.780179], [-73.955585, 40.779496], [-73.953984, 40.778822], [-73.954482, 40.778139], [-73.954945, 40.777504], [-73.956546, 40.77818], [-73.958165, 40.778861], [-73.957702, 40.779496]]]}}, {"type": "Feature", "properties": {"unit_id": "36047018600", "name": "Census Tract 186 \u2014 Kings", "native_id": "36047018600", "source": "census_tract_2025", "adm3_name": "Kings County", "adm3_id": "36047", "area_sqm": 113054, "split": false}, "geometry": {"type": "Polygon", "coordinates": [[[-74.007599, 40.616695], [-74.006434, 40.617814], [-74.004234, 40.616482], [-74.002031, 40.615153], [-74.003778, 40.613475], [-74.005979, 40.614804], [-74.008177, 40.616133], [-74.007599, 40.616695]]]}}, {"type": "Feature", "properties": {"unit_id": "36047075000", "name": "Census Tract 750 \u2014 Kings", "native_id": "36047075000", "source": "census_tract_2025", "adm3_name": "Kings County", "adm3_id": "36047", "area_sqm": 173420, "split": false}, "geometry": {"type": "Polygon", "coordinates": [[[-73.951106, 40.62875], [-73.950177, 40.628852], [-73.947327, 40.629166], [-73.946875, 40.626774], [-73.946422, 40.624385], [-73.949274, 40.624072], [-73.950202, 40.623971], [-73.950661, 40.626361], [-73.951106, 40.62875]]]}}, {"type": "Feature", "properties": {"unit_id": "36047089600", "name": "Census Tract 896 \u2014 Kings", "native_id": "36047089600", "source": "census_tract_2025", "adm3_name": "Kings County", "adm3_id": "36047", "area_sqm": 149024, "split": false}, "geometry": {"type": "Polygon", "coordinates": [[[-73.915567, 40.658393], [-73.913736, 40.658645], [-73.914131, 40.660181], [-73.911335, 40.660597], [-73.910943, 40.659061], [-73.910123, 40.655852], [-73.911996, 40.655561], [-73.912339, 40.655531], [-73.91378, 40.656783], [-73.915567, 40.658393]]]}}, {"type": "Feature", "properties": {"unit_id": "36047026100", "name": "Census Tract 261 \u2014 Kings", "native_id": "36047026100", "source": "census_tract_2025", "adm3_name": "Kings County", "adm3_id": "36047", "area_sqm": 199415, "split": false}, "geometry": {"type": "Polygon", "coordinates": [[[-73.948914, 40.693905], [-73.946078, 40.69423], [-73.943243, 40.694558], [-73.9431, 40.693823], [-73.942951, 40.693091], [-73.942662, 40.691624], [-73.942516, 40.690892], [-73.948185, 40.690242], [-73.948331, 40.690974], [-73.948622, 40.69244], [-73.948914, 40.693905]]]}}, {"type": "Feature", "properties": {"unit_id": "36047100800", "name": "Census Tract 1008 \u2014 Kings", "native_id": "36047100800", "source": "census_tract_2025", "adm3_name": "Kings County", "adm3_id": "36047", "area_sqm": 148898, "split": false}, "geometry": {"type": "Polygon", "coordinates": [[[-73.901264, 40.634818], [-73.8983, 40.636736], [-73.896478, 40.635106], [-73.896961, 40.634791], [-73.89476, 40.633405], [-73.89686, 40.63205], [-73.897629, 40.631553], [-73.899447, 40.633185], [-73.901264, 40.634818]]]}}, {"type": "Feature", "properties": {"unit_id": "36047057300", "name": "Census Tract 573 \u2014 Kings", "native_id": "36047057300", "source": "census_tract_2025", "adm3_name": "Kings County", "adm3_id": "36047", "area_sqm": 170142, "split": false}, "geometry": {"type": "Polygon", "coordinates": [[[-73.952412, 40.728418], [-73.950731, 40.728972], [-73.949911, 40.729244], [-73.946245, 40.730487], [-73.946046, 40.729257], [-73.945879, 40.727354], [-73.947544, 40.726822], [-73.948373, 40.726548], [-73.950029, 40.725999], [-73.950875, 40.725721], [-73.952412, 40.728418]]]}}, {"type": "Feature", "properties": {"unit_id": "36061002602", "name": "Census Tract 26.02 \u2014 New York", "native_id": "36061002602", "source": "census_tract_2025", "adm3_name": "New York County", "adm3_id": "36061", "area_sqm": 103690, "split": false}, "geometry": {"type": "Polygon", "coordinates": [[[-73.981211, 40.725073], [-73.980333, 40.726281], [-73.977977, 40.725288], [-73.975598, 40.724283], [-73.976893, 40.722498], [-73.979281, 40.723505], [-73.981637, 40.724494], [-73.981211, 40.725073]]]}}, {"type": "Feature", "properties": {"unit_id": "36047024900", "name": "Census Tract 249 \u2014 Kings", "native_id": "36047024900", "source": "census_tract_2025", "adm3_name": "Kings County", "adm3_id": "36047", "area_sqm": 168496, "split": false}, "geometry": {"type": "Polygon", "coordinates": [[[-73.95059, 40.685467], [-73.94731, 40.685846], [-73.947165, 40.685113], [-73.947017, 40.68438], [-73.946873, 40.683646], [-73.946727, 40.682914], [-73.94658, 40.682181], [-73.946437, 40.681449], [-73.946274, 40.680213], [-73.946749, 40.68024], [-73.949557, 40.68039], [-73.949715, 40.68107], [-73.949861, 40.681804], [-73.950009, 40.682537], [-73.950299, 40.684001], [-73.95059, 40.685467]]]}}, {"type": "Feature", "properties": {"unit_id": "36047045000", "name": "Census Tract 450 \u2014 Kings", "native_id": "36047045000", "source": "census_tract_2025", "adm3_name": "Kings County", "adm3_id": "36047", "area_sqm": 220368, "split": false}, "geometry": {"type": "Polygon", "coordinates": [[[-73.975802, 40.623594], [-73.973696, 40.623827], [-73.970474, 40.624182], [-73.969784, 40.620559], [-73.971981, 40.619728], [-73.974813, 40.618367], [-73.975296, 40.620913], [-73.975802, 40.623594]]]}}, {"type": "Feature", "properties": {"unit_id": "36047076200", "name": "Census Tract 762 \u2014 Kings", "native_id": "36047076200", "source": "census_tract_2025", "adm3_name": "Kings County", "adm3_id": "36047", "area_sqm": 188043, "split": false}, "geometry": {"type": "Polygon", "coordinates": [[[-73.958994, 40.627886], [-73.958053, 40.627972], [-73.956847, 40.62812], [-73.955812, 40.628234], [-73.954885, 40.628336], [-73.953983, 40.623555], [-73.954908, 40.623454], [-73.955941, 40.62334], [-73.958088, 40.623105], [-73.958994, 40.627886]]]}}, {"type": "Feature", "properties": {"unit_id": "36061012601", "name": "Census Tract 126.01 \u2014 New York", "native_id": "36061012601", "source": "census_tract_2025", "adm3_name": "New York County", "adm3_id": "36061", "area_sqm": 94351, "split": false}, "geometry": {"type": "Polygon", "coordinates": [[[-73.959318, 40.767494], [-73.958861, 40.76812], [-73.958362, 40.768803], [-73.957866, 40.769484], [-73.957404, 40.77012], [-73.955037, 40.76912], [-73.955502, 40.768485], [-73.955999, 40.767804], [-73.956496, 40.767119], [-73.956956, 40.766493], [-73.957412, 40.765868], [-73.959777, 40.766868], [-73.959318, 40.767494]]]}}, {"type": "Feature", "properties": {"unit_id": "36047027000", "name": "Census Tract 270 \u2014 Kings", "native_id": "36047027000", "source": "census_tract_2025", "adm3_name": "Kings County", "adm3_id": "36047", "area_sqm": 134003, "split": false}, "geometry": {"type": "Polygon", "coordinates": [[[-73.991941, 40.607236], [-73.991358, 40.607794], [-73.990775, 40.608352], [-73.988551, 40.607002], [-73.989132, 40.606456], [-73.986847, 40.605097], [-73.988643, 40.603421], [-73.990873, 40.60477], [-73.993104, 40.606116], [-73.991941, 40.607236]]]}}, {"type": "Feature", "properties": {"unit_id": "36047061002", "name": "Census Tract 610.02 \u2014 Kings", "native_id": "36047061002", "source": "census_tract_2025", "adm3_name": "Kings County", "adm3_id": "36047", "area_sqm": 227269, "split": false}, "geometry": {"type": "Polygon", "coordinates": [[[-73.959633, 40.577993], [-73.95781, 40.578269], [-73.956648, 40.577947], [-73.956053, 40.577766], [-73.954833, 40.577393], [-73.954041, 40.577457], [-73.952874, 40.576882], [-73.952493509198, 40.5749090532748], [-73.9594213702867, 40.5741368058231], [-73.959414, 40.575158], [-73.959454, 40.575575], [-73.959475, 40.575874], [-73.959633, 40.577993]]]}}, {"type": "Feature", "properties": {"unit_id": "36061018100", "name": "Census Tract 181 \u2014 New York", "native_id": "36061018100", "source": "census_tract_2025", "adm3_name": "New York County", "adm3_id": "36061", "area_sqm": 138438, "split": false}, "geometry": {"type": "Polygon", "coordinates": [[[-73.970858, 40.79338], [-73.970368, 40.794051], [-73.96987, 40.794736], [-73.967012, 40.79356], [-73.964176, 40.792362], [-73.964685, 40.791664], [-73.965177, 40.790991], [-73.965632, 40.790365], [-73.968466, 40.791562], [-73.968793, 40.791699], [-73.971316, 40.792753], [-73.970858, 40.79338]]]}}, {"type": "Feature", "properties": {"unit_id": "36047088400", "name": "Census Tract 884 \u2014 Kings", "native_id": "36047088400", "source": "census_tract_2025", "adm3_name": "Kings County", "adm3_id": "36047", "area_sqm": 167059, "split": false}, "geometry": {"type": "Polygon", "coordinates": [[[-73.92638, 40.665515], [-73.924549, 40.663862], [-73.922728, 40.662231], [-73.920909, 40.660599], [-73.923216, 40.659107], [-73.925034, 40.660737], [-73.926854, 40.662371], [-73.926139, 40.662832], [-73.928228, 40.66471], [-73.92638, 40.665515]]]}}, {"type": "Feature", "properties": {"unit_id": "36047041900", "name": "Census Tract 419 \u2014 Kings", "native_id": "36047041900", "source": "census_tract_2025", "adm3_name": "Kings County", "adm3_id": "36047", "area_sqm": 153013, "split": false}, "geometry": {"type": "Polygon", "coordinates": [[[-73.924249, 40.694429], [-73.920824, 40.697918], [-73.920074, 40.69749], [-73.919321, 40.697061], [-73.917818, 40.696208], [-73.919271, 40.694731], [-73.921154, 40.692796], [-73.922748, 40.693573], [-73.923498, 40.694001], [-73.924249, 40.694429]]]}}, {"type": "Feature", "properties": {"unit_id": "36047054800", "name": "Census Tract 548 \u2014 Kings", "native_id": "36047054800", "source": "census_tract_2025", "adm3_name": "Kings County", "adm3_id": "36047", "area_sqm": 173218, "split": false}, "geometry": {"type": "Polygon", "coordinates": [[[-73.950706, 40.61125], [-73.949784, 40.611372], [-73.950265, 40.613924], [-73.949306, 40.614031], [-73.94882, 40.611477], [-73.948414, 40.609333], [-73.945598, 40.609643], [-73.945132, 40.607183], [-73.946059, 40.607082], [-73.947948, 40.606876], [-73.949837, 40.606667], [-73.950299, 40.609125], [-73.950706, 40.61125]]]}}, {"type": "Feature", "properties": {"unit_id": "36047025300", "name": "Census Tract 253 \u2014 Kings", "native_id": "36047025300", "source": "census_tract_2025", "adm3_name": "Kings County", "adm3_id": "36047", "area_sqm": 161829, "split": false}, "geometry": {"type": "Polygon", "coordinates": [[[-73.952489, 40.695004], [-73.949207, 40.695378], [-73.948914, 40.693905], [-73.948622, 40.69244], [-73.948331, 40.690974], [-73.948185, 40.690242], [-73.951464, 40.689864], [-73.951757, 40.69133], [-73.951902, 40.692063], [-73.952193, 40.693526], [-73.952489, 40.695004]]]}}, {"type": "Feature", "properties": {"unit_id": "36047072400", "name": "Census Tract 724 \u2014 Kings", "native_id": "36047072400", "source": "census_tract_2025", "adm3_name": "Kings County", "adm3_id": "36047", "area_sqm": 192192, "split": false}, "geometry": {"type": "Polygon", "coordinates": [[[-73.931531, 40.635006], [-73.927448, 40.635259], [-73.925706, 40.635367], [-73.922832, 40.635543], [-73.922587, 40.633209], [-73.925456, 40.633028], [-73.930312, 40.632726], [-73.931273, 40.632666], [-73.931531, 40.635006]]]}}, {"type": "Feature", "properties": {"unit_id": "36047022600", "name": "Census Tract 226 \u2014 Kings", "native_id": "36047022600", "source": "census_tract_2025", "adm3_name": "Kings County", "adm3_id": "36047", "area_sqm": 156181, "split": false}, "geometry": {"type": "Polygon", "coordinates": [[[-73.989059, 40.644119], [-73.98835, 40.644562], [-73.986731, 40.643574], [-73.985897, 40.643068], [-73.982994, 40.641325], [-73.982337, 40.640976], [-73.982921, 40.640416], [-73.984088, 40.639297], [-73.988494, 40.641956], [-73.990497, 40.643164], [-73.989059, 40.644119]]]}}, {"type": "Feature", "properties": {"unit_id": "36061023803", "name": "Census Tract 238.03 \u2014 New York", "native_id": "36061023803", "source": "census_tract_2025", "adm3_name": "New York County", "adm3_id": "36061", "area_sqm": 105044, "split": false}, "geometry": {"type": "Polygon", "coordinates": [[[-73.952541, 40.76049], [-73.951517, 40.761974], [-73.949972, 40.763646], [-73.948447, 40.763475], [-73.947643, 40.764192], [-73.946626, 40.763865], [-73.944715, 40.762879], [-73.947832, 40.758989], [-73.950108, 40.760028], [-73.95124, 40.760618], [-73.951565, 40.760381], [-73.952541, 40.76049]]]}}, {"type": "Feature", "properties": {"unit_id": "36047054200", "name": "Census Tract 542 \u2014 Kings", "native_id": "36047054200", "source": "census_tract_2025", "adm3_name": "Kings County", "adm3_id": "36047", "area_sqm": 189169, "split": false}, "geometry": {"type": "Polygon", "coordinates": [[[-73.963361, 40.615204], [-73.962364, 40.615314], [-73.960511, 40.615518], [-73.959583, 40.61562], [-73.959079, 40.612957], [-73.958593, 40.610403], [-73.95952, 40.610302], [-73.960444, 40.610202], [-73.96238, 40.609986], [-73.96286, 40.61255], [-73.963361, 40.615204]]]}}, {"type": "Feature", "properties": {"unit_id": "36047103401", "name": "Census Tract 1034.01 \u2014 Kings", "native_id": "36047103401", "source": "census_tract_2025", "adm3_name": "Kings County", "adm3_id": "36047", "area_sqm": 176086, "split": false}, "geometry": {"type": "Polygon", "coordinates": [[[-73.886646, 40.635775], [-73.885944, 40.636227], [-73.885421, 40.63573], [-73.882889, 40.633437], [-73.883649, 40.632743], [-73.885111, 40.631624], [-73.886357, 40.630821], [-73.889695, 40.633802], [-73.886646, 40.635775]]]}}, {"type": "Feature", "properties": {"unit_id": "36047045200", "name": "Census Tract 452 \u2014 Kings", "native_id": "36047045200", "source": "census_tract_2025", "adm3_name": "Kings County", "adm3_id": "36047", "area_sqm": 186316, "split": false}, "geometry": {"type": "Polygon", "coordinates": [[[-73.970474, 40.624182], [-73.969098, 40.624333], [-73.968645, 40.621942], [-73.966645, 40.622163], [-73.965739, 40.61738], [-73.96774, 40.617161], [-73.969112, 40.61701], [-73.969784, 40.620559], [-73.970474, 40.624182]]]}}, {"type": "Feature", "properties": {"unit_id": "36047087600", "name": "Census Tract 876 \u2014 Kings", "native_id": "36047087600", "source": "census_tract_2025", "adm3_name": "Kings County", "adm3_id": "36047", "area_sqm": 142213, "split": false}, "geometry": {"type": "Polygon", "coordinates": [[[-73.937264, 40.663192], [-73.934553, 40.663362], [-73.934316, 40.661148], [-73.934231, 40.660415], [-73.933996, 40.658119], [-73.936864, 40.657942], [-73.937111, 40.660236], [-73.937264, 40.663192]]]}}, {"type": "Feature", "properties": {"unit_id": "36047012902", "name": "Census Tract 129.02 \u2014 Kings", "native_id": "36047012902", "source": "census_tract_2025", "adm3_name": "Kings County", "adm3_id": "36047", "area_sqm": 135380, "split": false}, "geometry": {"type": "Polygon", "coordinates": [[[-73.977886, 40.680217], [-73.977815, 40.680313], [-73.977455, 40.680853], [-73.977023, 40.681486], [-73.976317, 40.682509], [-73.976667, 40.682973], [-73.977457, 40.684052], [-73.975929, 40.683505], [-73.97378, 40.683061], [-73.973952, 40.682281], [-73.974504, 40.680733], [-73.974692, 40.680266], [-73.974958, 40.679877], [-73.975321, 40.679333], [-73.97618, 40.678065], [-73.978676, 40.679047], [-73.977886, 40.680217]]]}}, {"type": "Feature", "properties": {"unit_id": "36047010602", "name": "Census Tract 106.02 \u2014 Kings", "native_id": "36047010602", "source": "census_tract_2025", "adm3_name": "Kings County", "adm3_id": "36047", "area_sqm": 75498, "split": false}, "geometry": {"type": "Polygon", "coordinates": [[[-74.006041, 40.638877], [-74.004877, 40.639995], [-74.002672, 40.638667], [-74.003838, 40.637546], [-74.00442, 40.636985], [-74.005003, 40.636425], [-74.007206, 40.637755], [-74.006041, 40.638877]]]}}, {"type": "Feature", "properties": {"unit_id": "36061003200", "name": "Census Tract 32 \u2014 New York", "native_id": "36061003200", "source": "census_tract_2025", "adm3_name": "New York County", "adm3_id": "36061", "area_sqm": 217682, "split": false}, "geometry": {"type": "Polygon", "coordinates": [[[-73.987053, 40.725203], [-73.986176, 40.726409], [-73.985753, 40.726988], [-73.984875, 40.728194], [-73.982657, 40.727261], [-73.982228, 40.727846], [-73.979906, 40.726866], [-73.980333, 40.726281], [-73.981211, 40.725073], [-73.981637, 40.724494], [-73.982083, 40.723882], [-73.982524, 40.723278], [-73.982964, 40.722671], [-73.985286, 40.723649], [-73.987502, 40.724584], [-73.987053, 40.725203]]]}}, {"type": "Feature", "properties": {"unit_id": "36047112200", "name": "Census Tract 1122 \u2014 Kings", "native_id": "36047112200", "source": "census_tract_2025", "adm3_name": "Kings County", "adm3_id": "36047", "area_sqm": 162285, "split": false}, "geometry": {"type": "Polygon", "coordinates": [[[-73.889907, 40.663778], [-73.888108, 40.664047], [-73.885563, 40.665141], [-73.883309, 40.666112], [-73.881856, 40.66415], [-73.886814, 40.662014], [-73.888385, 40.661338], [-73.889785, 40.663295], [-73.889907, 40.663778]]]}}, {"type": "Feature", "properties": {"unit_id": "36061024200", "name": "Census Tract 242 \u2014 New York", "native_id": "36061024200", "source": "census_tract_2025", "adm3_name": "New York County", "adm3_id": "36061", "area_sqm": 347358, "split": false}, "geometry": {"type": "Polygon", "coordinates": [[[-73.937636, 40.806975], [-73.935819, 40.809503], [-73.93424, 40.810846], [-73.932605, 40.811517], [-73.932477, 40.808864], [-73.931801, 40.807876], [-73.928225, 40.80385], [-73.929983, 40.802985], [-73.93073, 40.802427], [-73.931773, 40.800979], [-73.934062, 40.802077], [-73.93631, 40.803024], [-73.935817, 40.8037], [-73.935326, 40.804371], [-73.938544, 40.80573], [-73.937636, 40.806975]]]}}, {"type": "Feature", "properties": {"unit_id": "36047040400", "name": "Census Tract 404 \u2014 Kings", "native_id": "36047040400", "source": "census_tract_2025", "adm3_name": "Kings County", "adm3_id": "36047", "area_sqm": 153660, "split": false}, "geometry": {"type": "Polygon", "coordinates": [[[-73.989132, 40.606456], [-73.985973, 40.605877], [-73.984925, 40.605313], [-73.984457, 40.602854], [-73.984019, 40.60053], [-73.983567, 40.59814], [-73.984493, 40.598038], [-73.985491, 40.59793], [-73.985878, 40.599958], [-73.986847, 40.605097], [-73.989132, 40.606456]]]}}, {"type": "Feature", "properties": {"unit_id": "36061004002", "name": "Census Tract 40.02 \u2014 New York", "native_id": "36061004002", "source": "census_tract_2025", "adm3_name": "New York County", "adm3_id": "36061", "area_sqm": 86590, "split": false}, "geometry": {"type": "Polygon", "coordinates": [[[-73.988613, 40.731323], [-73.988153, 40.731965], [-73.987683, 40.732604], [-73.98718, 40.733292], [-73.984941, 40.732347], [-73.985444, 40.731658], [-73.985909, 40.731019], [-73.986375, 40.73038], [-73.986812, 40.729779], [-73.987239, 40.729192], [-73.989482, 40.730133], [-73.988613, 40.731323]]]}}, {"type": "Feature", "properties": {"unit_id": "36047046201", "name": "Census Tract 462.01 \u2014 Kings", "native_id": "36047046201", "source": "census_tract_2025", "adm3_name": "Kings County", "adm3_id": "36047", "area_sqm": 128315, "split": false}, "geometry": {"type": "Polygon", "coordinates": [[[-73.976578, 40.627574], [-73.971806, 40.629874], [-73.971568, 40.629988], [-73.971374, 40.628966], [-73.971208, 40.62809], [-73.970922, 40.62657], [-73.974149, 40.626215], [-73.976235, 40.625976], [-73.976514, 40.627294], [-73.976578, 40.627574]]]}}, {"type": "Feature", "properties": {"unit_id": "36047113000", "name": "Census Tract 1130 \u2014 Kings", "native_id": "36047113000", "source": "census_tract_2025", "adm3_name": "Kings County", "adm3_id": "36047", "area_sqm": 193832, "split": false}, "geometry": {"type": "Polygon", "coordinates": [[[-73.899076, 40.665608], [-73.897233, 40.665878], [-73.896316, 40.666019], [-73.895921, 40.664471], [-73.895531, 40.662945], [-73.895151, 40.661314], [-73.89469, 40.661126], [-73.893279, 40.65923], [-73.896167, 40.657974], [-73.896975, 40.661135], [-73.897896, 40.660999], [-73.89829, 40.662534], [-73.89868, 40.664062], [-73.899076, 40.665608]]]}}, {"type": "Feature", "properties": {"unit_id": "36047023300", "name": "Census Tract 233 \u2014 Kings", "native_id": "36047023300", "source": "census_tract_2025", "adm3_name": "Kings County", "adm3_id": "36047", "area_sqm": 171838, "split": false}, "geometry": {"type": "Polygon", "coordinates": [[[-73.960293, 40.690346], [-73.959428, 40.690448], [-73.957272, 40.690694], [-73.95541, 40.690908], [-73.955122, 40.689444], [-73.954829, 40.687977], [-73.954684, 40.687245], [-73.956841, 40.686996], [-73.959568, 40.686683], [-73.959714, 40.687416], [-73.960006, 40.688881], [-73.960293, 40.690346]]]}}, {"type": "Feature", "properties": {"unit_id": "36047039500", "name": "Census Tract 395 \u2014 Kings", "native_id": "36047039500", "source": "census_tract_2025", "adm3_name": "Kings County", "adm3_id": "36047", "area_sqm": 159720, "split": false}, "geometry": {"type": "Polygon", "coordinates": [[[-73.927811, 40.692774], [-73.926481, 40.694141], [-73.927497, 40.694697], [-73.926499, 40.695712], [-73.92575, 40.695285], [-73.924995, 40.694855], [-73.924249, 40.694429], [-73.923498, 40.694001], [-73.922748, 40.693573], [-73.921154, 40.692796], [-73.92223, 40.691823], [-73.923644, 40.690399], [-73.924392, 40.690831], [-73.927071, 40.692346], [-73.927507, 40.692604], [-73.927811, 40.692774]]]}}, {"type": "Feature", "properties": {"unit_id": "36047119800", "name": "Census Tract 1198 \u2014 Kings", "native_id": "36047119800", "source": "census_tract_2025", "adm3_name": "Kings County", "adm3_id": "36047", "area_sqm": 326903, "split": false}, "geometry": {"type": "Polygon", "coordinates": [[[-73.89999, 40.6769], [-73.898151, 40.677768], [-73.897601, 40.678099], [-73.896537, 40.678594], [-73.896218, 40.677358], [-73.892579, 40.6779], [-73.891672, 40.678031], [-73.889875, 40.678302], [-73.889006, 40.678557], [-73.888593, 40.676956], [-73.888256, 40.675625], [-73.889151, 40.675496], [-73.89186, 40.675091], [-73.89367, 40.674822], [-73.895499, 40.674551], [-73.896509, 40.674397], [-73.899307, 40.673982], [-73.89999, 40.6769]]]}}, {"type": "Feature", "properties": {"unit_id": "36047102600", "name": "Census Tract 1026 \u2014 Kings", "native_id": "36047102600", "source": "census_tract_2025", "adm3_name": "Kings County", "adm3_id": "36047", "area_sqm": 135920, "split": false}, "geometry": {"type": "Polygon", "coordinates": [[[-73.900513, 40.629688], [-73.897629, 40.631553], [-73.89686, 40.63205], [-73.895, 40.630386], [-73.899682, 40.627369], [-73.902388, 40.628599], [-73.900513, 40.629688]]]}}, {"type": "Feature", "properties": {"unit_id": "36047053700", "name": "Census Tract 537 \u2014 Kings", "native_id": "36047053700", "source": "census_tract_2025", "adm3_name": "Kings County", "adm3_id": "36047", "area_sqm": 167454, "split": false}, "geometry": {"type": "Polygon", "coordinates": [[[-73.962839, 40.698039], [-73.962368, 40.699597], [-73.962179, 40.700221], [-73.961452, 40.701663], [-73.960341, 40.703437], [-73.959889, 40.703032], [-73.958689, 40.701953], [-73.958071, 40.701398], [-73.957457, 40.700822], [-73.957226, 40.7], [-73.957167, 40.699708], [-73.95702, 40.698974], [-73.958858, 40.698677], [-73.961051, 40.698326], [-73.962469, 40.698098], [-73.962839, 40.698039]]]}}, {"type": "Feature", "properties": {"unit_id": "36047021400", "name": "Census Tract 214 \u2014 Kings", "native_id": "36047021400", "source": "census_tract_2025", "adm3_name": "Kings County", "adm3_id": "36047", "area_sqm": 167965, "split": false}, "geometry": {"type": "Polygon", "coordinates": [[[-74.006617, 40.632379], [-74.005564, 40.633084], [-74.004107, 40.63406], [-74.003989, 40.63399], [-74.001764, 40.632645], [-73.999561, 40.631315], [-74.000142, 40.630756], [-74.001349, 40.629598], [-74.001677, 40.629315], [-74.001931, 40.629033], [-74.007023, 40.63211], [-74.006617, 40.632379]]]}}, {"type": "Feature", "properties": {"unit_id": "36047055300", "name": "Census Tract 553 \u2014 Kings", "native_id": "36047055300", "source": "census_tract_2025", "adm3_name": "Kings County", "adm3_id": "36047", "area_sqm": 156271, "split": false}, "geometry": {"type": "Polygon", "coordinates": [[[-73.961423, 40.716384], [-73.959009, 40.718636], [-73.958416, 40.719189], [-73.957131, 40.718388], [-73.955844, 40.717589], [-73.956439, 40.717032], [-73.958223, 40.715374], [-73.959797, 40.713887], [-73.961287, 40.714502], [-73.962777, 40.715106], [-73.961423, 40.716384]]]}}, {"type": "Feature", "properties": {"unit_id": "36061007400", "name": "Census Tract 74 \u2014 New York", "native_id": "36061007400", "source": "census_tract_2025", "adm3_name": "New York County", "adm3_id": "36061", "area_sqm": 174085, "split": false}, "geometry": {"type": "Polygon", "coordinates": [[[-73.985949, 40.746536], [-73.985496, 40.747152], [-73.984076, 40.749102], [-73.982473, 40.748432], [-73.980853, 40.747751], [-73.981361, 40.747145], [-73.982279, 40.745797], [-73.982727, 40.745181], [-73.983627, 40.743945], [-73.984078, 40.743326], [-73.985696, 40.744008], [-73.987298, 40.744682], [-73.985949, 40.746536]]]}}, {"type": "Feature", "properties": {"unit_id": "36047043600", "name": "Census Tract 436 \u2014 Kings", "native_id": "36047043600", "source": "census_tract_2025", "adm3_name": "Kings County", "adm3_id": "36047", "area_sqm": 137521, "split": false}, "geometry": {"type": "Polygon", "coordinates": [[[-73.980805, 40.614447], [-73.979638, 40.615565], [-73.977408, 40.614218], [-73.975208, 40.612885], [-73.974777, 40.612638], [-73.974515, 40.611257], [-73.974391, 40.61058], [-73.976372, 40.611769], [-73.977011, 40.611173], [-73.979474, 40.612666], [-73.980707, 40.613402], [-73.981438, 40.613838], [-73.980805, 40.614447]]]}}, {"type": "Feature", "properties": {"unit_id": "36047008400", "name": "Census Tract 84 \u2014 Kings", "native_id": "36047008400", "source": "census_tract_2025", "adm3_name": "Kings County", "adm3_id": "36047", "area_sqm": 243910, "split": false}, "geometry": {"type": "Polygon", "coordinates": [[[-74.007977, 40.653727], [-74.006231, 40.6554], [-74.004465, 40.657072], [-74.002677, 40.65599], [-74.000413, 40.654629], [-74.002144, 40.652956], [-74.002751, 40.652385], [-74.00449, 40.650706], [-74.00675, 40.652071], [-74.008545, 40.6532], [-74.007977, 40.653727]]]}}, {"type": "Feature", "properties": {"unit_id": "36047031701", "name": "Census Tract 317.01 \u2014 Kings", "native_id": "36047031701", "source": "census_tract_2025", "adm3_name": "Kings County", "adm3_id": "36047", "area_sqm": 139741, "split": false}, "geometry": {"type": "Polygon", "coordinates": [[[-73.952937, 40.673571], [-73.952849, 40.674462], [-73.952768, 40.675355], [-73.950001, 40.675204], [-73.94723, 40.675053], [-73.947313, 40.674162], [-73.947396, 40.673272], [-73.94748, 40.67238], [-73.950251, 40.67253], [-73.953019, 40.672681], [-73.952937, 40.673571]]]}}, {"type": "Feature", "properties": {"unit_id": "36047031900", "name": "Census Tract 319 \u2014 Kings", "native_id": "36047031900", "source": "census_tract_2025", "adm3_name": "Kings County", "adm3_id": "36047", "area_sqm": 151346, "split": false}, "geometry": {"type": "Polygon", "coordinates": [[[-73.950919, 40.6654], [-73.950835, 40.666289], [-73.950668, 40.668072], [-73.950502, 40.669856], [-73.947731, 40.669705], [-73.947818, 40.668784], [-73.947899, 40.667922], [-73.947984, 40.667031], [-73.948067, 40.666139], [-73.948151, 40.665248], [-73.948166, 40.664082], [-73.950974, 40.663905], [-73.950919, 40.6654]]]}}, {"type": "Feature", "properties": {"unit_id": "36047034100", "name": "Census Tract 341 \u2014 Kings", "native_id": "36047034100", "source": "census_tract_2025", "adm3_name": "Kings County", "adm3_id": "36047", "area_sqm": 139770, "split": false}, "geometry": {"type": "Polygon", "coordinates": [[[-73.947396, 40.673272], [-73.947313, 40.674162], [-73.94723, 40.675053], [-73.944462, 40.674907], [-73.941694, 40.674748], [-73.94186, 40.672968], [-73.941945, 40.672078], [-73.94471, 40.672228], [-73.94748, 40.67238], [-73.947396, 40.673272]]]}}, {"type": "Feature", "properties": {"unit_id": "36047006500", "name": "Census Tract 65 \u2014 Kings", "native_id": "36047006500", "source": "census_tract_2025", "adm3_name": "Kings County", "adm3_id": "36047", "area_sqm": 249988, "split": false}, "geometry": {"type": "Polygon", "coordinates": [[[-74.001905, 40.678935], [-74.001516, 40.679753], [-74.001122, 40.680569], [-74.000693, 40.681463], [-74.000371, 40.682133], [-74.000048, 40.682803], [-73.996209, 40.681724], [-73.996527, 40.68106], [-73.996887, 40.680315], [-73.997283, 40.679502], [-73.997672, 40.678682], [-73.998068, 40.677866], [-73.998728, 40.676489], [-73.999352, 40.6752], [-73.999924, 40.674004], [-74.001213, 40.67587], [-74.000699, 40.675571], [-74.001539, 40.677268], [-74.002255, 40.678205], [-74.001905, 40.678935]]]}}, {"type": "Feature", "properties": {"unit_id": "36061023501", "name": "Census Tract 235.01 \u2014 New York", "native_id": "36061023501", "source": "census_tract_2025", "adm3_name": "New York County", "adm3_id": "36061", "area_sqm": 179045, "split": false}, "geometry": {"type": "Polygon", "coordinates": [[[-73.94438, 40.829651], [-73.94298, 40.831568], [-73.941368, 40.830891], [-73.940346, 40.830458], [-73.940167, 40.830383], [-73.938588, 40.829717], [-73.939248, 40.828296], [-73.940595, 40.826414], [-73.941536, 40.826821], [-73.942453, 40.827207], [-73.943898, 40.827815], [-73.945292, 40.828401], [-73.94438, 40.829651]]]}}, {"type": "Feature", "properties": {"unit_id": "36047036502", "name": "Census Tract 365.02 \u2014 Kings", "native_id": "36047036502", "source": "census_tract_2025", "adm3_name": "Kings County", "adm3_id": "36047", "area_sqm": 122056, "split": false}, "geometry": {"type": "Polygon", "coordinates": [[[-73.911075, 40.674757], [-73.90831, 40.674605], [-73.908088, 40.67619], [-73.907125, 40.676248], [-73.903463, 40.676016], [-73.902535, 40.675884], [-73.903475, 40.675507], [-73.907877, 40.673567], [-73.909255, 40.672948], [-73.911224, 40.673152], [-73.911075, 40.674757]]]}}, {"type": "Feature", "properties": {"unit_id": "36047025200", "name": "Census Tract 252 \u2014 Kings", "native_id": "36047025200", "source": "census_tract_2025", "adm3_name": "Kings County", "adm3_id": "36047", "area_sqm": 181275, "split": false}, "geometry": {"type": "Polygon", "coordinates": [[[-73.99492, 40.621994], [-73.994293, 40.622597], [-73.99184, 40.621111], [-73.989566, 40.619738], [-73.987435, 40.618455], [-73.988066, 40.617852], [-73.988688, 40.617249], [-73.990795, 40.618523], [-73.991518, 40.617819], [-73.993877, 40.619156], [-73.996393, 40.620582], [-73.99492, 40.621994]]]}}, {"type": "Feature", "properties": {"unit_id": "36047013500", "name": "Census Tract 135 \u2014 Kings", "native_id": "36047013500", "source": "census_tract_2025", "adm3_name": "Kings County", "adm3_id": "36047", "area_sqm": 151867, "split": false}, "geometry": {"type": "Polygon", "coordinates": [[[-73.985707, 40.673966], [-73.984702, 40.675173], [-73.982277, 40.674], [-73.979917, 40.672858], [-73.980418, 40.672256], [-73.980923, 40.671655], [-73.981425, 40.671052], [-73.981927, 40.670448], [-73.984289, 40.671591], [-73.986709, 40.672767], [-73.985707, 40.673966]]]}}, {"type": "Feature", "properties": {"unit_id": "36047085600", "name": "Census Tract 856 \u2014 Kings", "native_id": "36047085600", "source": "census_tract_2025", "adm3_name": "Kings County", "adm3_id": "36047", "area_sqm": 158628, "split": false}, "geometry": {"type": "Polygon", "coordinates": [[[-73.946674, 40.650948], [-73.945706, 40.651006], [-73.9438, 40.651106], [-73.942826, 40.65111], [-73.942631, 40.649339], [-73.943052, 40.649314], [-73.943525, 40.648541], [-73.943374, 40.647115], [-73.944344, 40.647078], [-73.94417, 40.645429], [-73.946073, 40.645312], [-73.94626, 40.647006], [-73.946674, 40.650948]]]}}, {"type": "Feature", "properties": {"unit_id": "36047026300", "name": "Census Tract 263 \u2014 Kings", "native_id": "36047026300", "source": "census_tract_2025", "adm3_name": "Kings County", "adm3_id": "36047", "area_sqm": 119604, "split": false}, "geometry": {"type": "Polygon", "coordinates": [[[-73.948185, 40.690242], [-73.942516, 40.690892], [-73.942369, 40.69016], [-73.942222, 40.689428], [-73.942076, 40.688697], [-73.947748, 40.688044], [-73.947893, 40.688776], [-73.948185, 40.690242]]]}}, {"type": "Feature", "properties": {"unit_id": "36047116400", "name": "Census Tract 1164 \u2014 Kings", "native_id": "36047116400", "source": "census_tract_2025", "adm3_name": "Kings County", "adm3_id": "36047", "area_sqm": 181563, "split": false}, "geometry": {"type": "Polygon", "coordinates": [[[-73.883889, 40.672355], [-73.879568, 40.672987], [-73.879254, 40.671732], [-73.878871, 40.670195], [-73.878489, 40.668655], [-73.882782, 40.668026], [-73.883175, 40.669563], [-73.883566, 40.6711], [-73.883889, 40.672355]]]}}, {"type": "Feature", "properties": {"unit_id": "36047006902", "name": "Census Tract 69.02 \u2014 Kings", "native_id": "36047006902", "source": "census_tract_2025", "adm3_name": "Kings County", "adm3_id": "36047", "area_sqm": 104645, "split": false}, "geometry": {"type": "Polygon", "coordinates": [[[-73.994408, 40.685453], [-73.994091, 40.686114], [-73.99393, 40.686453], [-73.991332, 40.685448], [-73.989129, 40.68459], [-73.989556, 40.683956], [-73.990424, 40.682694], [-73.992623, 40.683544], [-73.994901, 40.68443], [-73.994408, 40.685453]]]}}, {"type": "Feature", "properties": {"unit_id": "36047088002", "name": "Census Tract 880.02 \u2014 Kings", "native_id": "36047088002", "source": "census_tract_2025", "adm3_name": "Kings County", "adm3_id": "36047", "area_sqm": 101053, "split": false}, "geometry": {"type": "Polygon", "coordinates": [[[-73.931607, 40.663557], [-73.930685, 40.66362], [-73.928282, 40.661447], [-73.926464, 40.659814], [-73.928193, 40.660177], [-73.928172, 40.658478], [-73.929143, 40.658418], [-73.929387, 40.660715], [-73.931325, 40.660594], [-73.931406, 40.661331], [-73.931607, 40.663557]]]}}, {"type": "Feature", "properties": {"unit_id": "36047119400", "name": "Census Tract 1194 \u2014 Kings", "native_id": "36047119400", "source": "census_tract_2025", "adm3_name": "Kings County", "adm3_id": "36047", "area_sqm": 182841, "split": false}, "geometry": {"type": "Polygon", "coordinates": [[[-73.879882, 40.674255], [-73.875275, 40.674918], [-73.874957, 40.673651], [-73.874624, 40.672389], [-73.874231, 40.670863], [-73.878871, 40.670195], [-73.879254, 40.671732], [-73.879568, 40.672987], [-73.879882, 40.674255]]]}}, {"type": "Feature", "properties": {"unit_id": "36061018900", "name": "Census Tract 189 \u2014 New York", "native_id": "36061018900", "source": "census_tract_2025", "adm3_name": "New York County", "adm3_id": "36061", "area_sqm": 265404, "split": false}, "geometry": {"type": "Polygon", "coordinates": [[[-73.968038, 40.79725], [-73.967575, 40.79787], [-73.966662, 40.799133], [-73.965711, 40.800437], [-73.962869, 40.79924], [-73.961478, 40.798654], [-73.960037, 40.798038], [-73.96144, 40.796111], [-73.962834, 40.794203], [-73.964303, 40.794787], [-73.965628, 40.795456], [-73.968476, 40.796643], [-73.968038, 40.79725]]]}}, {"type": "Feature", "properties": {"unit_id": "36047008000", "name": "Census Tract 80 \u2014 Kings", "native_id": "36047008000", "source": "census_tract_2025", "adm3_name": "Kings County", "adm3_id": "36047", "area_sqm": 139115, "split": false}, "geometry": {"type": "Polygon", "coordinates": [[[-74.012629, 40.649235], [-74.011477, 40.650363], [-74.010915, 40.650938], [-74.006824, 40.648465], [-74.007988, 40.647344], [-74.009153, 40.646227], [-74.011412, 40.64759], [-74.013172, 40.648652], [-74.012629, 40.649235]]]}}, {"type": "Feature", "properties": {"unit_id": "36061012800", "name": "Census Tract 128 \u2014 New York", "native_id": "36061012800", "source": "census_tract_2025", "adm3_name": "New York County", "adm3_id": "36061", "area_sqm": 178794, "split": false}, "geometry": {"type": "Polygon", "coordinates": [[[-73.963326, 40.771786], [-73.962865, 40.77242], [-73.961475, 40.774324], [-73.959857, 40.773643], [-73.958255, 40.772965], [-73.958717, 40.772331], [-73.959645, 40.771064], [-73.960602, 40.769749], [-73.961102, 40.769059], [-73.961559, 40.768437], [-73.963161, 40.769113], [-73.964782, 40.769796], [-73.963326, 40.771786]]]}}, {"type": "Feature", "properties": {"unit_id": "36047007000", "name": "Census Tract 70 \u2014 Kings", "native_id": "36047007000", "source": "census_tract_2025", "adm3_name": "Kings County", "adm3_id": "36047", "area_sqm": 149197, "split": false}, "geometry": {"type": "Polygon", "coordinates": [[[-74.028004, 40.638145], [-74.027624, 40.638805], [-74.026861, 40.639536], [-74.024754, 40.638121], [-74.023545, 40.639314], [-74.023105, 40.639996], [-74.021165, 40.641417], [-74.021774, 40.64041], [-74.021087, 40.638262], [-74.022626, 40.636799], [-74.02291, 40.636108], [-74.025472, 40.63714], [-74.025666, 40.636667], [-74.028279, 40.637468], [-74.028004, 40.638145]]]}}, {"type": "Feature", "properties": {"unit_id": "36061016600", "name": "Census Tract 166 \u2014 New York", "native_id": "36061016600", "source": "census_tract_2025", "adm3_name": "New York County", "adm3_id": "36061", "area_sqm": 174220, "split": false}, "geometry": {"type": "Polygon", "coordinates": [[[-73.950241, 40.789744], [-73.949766, 40.790372], [-73.949303, 40.790999], [-73.948386, 40.792256], [-73.946772, 40.791569], [-73.945168, 40.790894], [-73.945636, 40.790254], [-73.946086, 40.789637], [-73.946555, 40.788996], [-73.947002, 40.788383], [-73.947924, 40.787121], [-73.948378, 40.786497], [-73.951609, 40.787858], [-73.950241, 40.789744]]]}}, {"type": "Feature", "properties": {"unit_id": "36047004900", "name": "Census Tract 49 \u2014 Kings", "native_id": "36047004900", "source": "census_tract_2025", "adm3_name": "Kings County", "adm3_id": "36047", "area_sqm": 97531, "split": false}, "geometry": {"type": "Polygon", "coordinates": [[[-73.999696, 40.687198], [-73.99907, 40.688498], [-73.997793, 40.691188], [-73.996233, 40.690758], [-73.996874, 40.689433], [-73.997562, 40.688], [-73.998189, 40.6867], [-73.999081, 40.684816], [-74.000642, 40.685247], [-73.999696, 40.687198]]]}}, {"type": "Feature", "properties": {"unit_id": "36047029900", "name": "Census Tract 299 \u2014 Kings", "native_id": "36047029900", "source": "census_tract_2025", "adm3_name": "Kings County", "adm3_id": "36047", "area_sqm": 142218, "split": false}, "geometry": {"type": "Polygon", "coordinates": [[[-73.930199, 40.678026], [-73.929058, 40.679277], [-73.925266, 40.679073], [-73.924593, 40.679032], [-73.921646, 40.67887], [-73.921711, 40.678116], [-73.921816, 40.677019], [-73.924765, 40.677173], [-73.926594, 40.677278], [-73.930322, 40.677485], [-73.930199, 40.678026]]]}}, {"type": "Feature", "properties": {"unit_id": "36047078601", "name": "Census Tract 786.01 \u2014 Kings", "native_id": "36047078601", "source": "census_tract_2025", "adm3_name": "Kings County", "adm3_id": "36047", "area_sqm": 87141, "split": false}, "geometry": {"type": "Polygon", "coordinates": [[[-73.949919, 40.636152], [-73.948015, 40.636267], [-73.947774, 40.633999], [-73.945868, 40.634117], [-73.945617, 40.631778], [-73.946479, 40.631708], [-73.948819, 40.633902], [-73.949449, 40.634508], [-73.951101, 40.636073], [-73.949919, 40.636152]]]}}, {"type": "Feature", "properties": {"unit_id": "36047055200", "name": "Census Tract 552 \u2014 Kings", "native_id": "36047055200", "source": "census_tract_2025", "adm3_name": "Kings County", "adm3_id": "36047", "area_sqm": 167669, "split": false}, "geometry": {"type": "Polygon", "coordinates": [[[-73.958593, 40.610403], [-73.957669, 40.610504], [-73.955741, 40.610715], [-73.954796, 40.61082], [-73.953922, 40.606217], [-73.954869, 40.606114], [-73.955831, 40.606008], [-73.957724, 40.6058], [-73.958593, 40.610403]]]}}, {"type": "Feature", "properties": {"unit_id": "36061026500", "name": "Census Tract 265 \u2014 New York", "native_id": "36061026500", "source": "census_tract_2025", "adm3_name": "New York County", "adm3_id": "36061", "area_sqm": 195037, "split": false}, "geometry": {"type": "Polygon", "coordinates": [[[-73.943187, 40.849755], [-73.942799, 40.851172], [-73.942039, 40.851931], [-73.940285, 40.851322], [-73.939236, 40.851179], [-73.938284, 40.850909], [-73.936661, 40.850448], [-73.935754, 40.850168], [-73.936397, 40.849541], [-73.93707, 40.848939], [-73.937672, 40.848392], [-73.938036, 40.847558], [-73.939524, 40.847838], [-73.942054, 40.848317], [-73.944069, 40.84785], [-73.943187, 40.849755]]]}}, {"type": "Feature", "properties": {"unit_id": "36047027600", "name": "Census Tract 276 \u2014 Kings", "native_id": "36047027600", "source": "census_tract_2025", "adm3_name": "Kings County", "adm3_id": "36047", "area_sqm": 149396, "split": false}, "geometry": {"type": "Polygon", "coordinates": [[[-74.001302, 40.611068], [-74.001073, 40.61183], [-74.000911, 40.612388], [-74.000739, 40.612555], [-73.99958, 40.613669], [-73.997171, 40.612215], [-73.998313, 40.611084], [-73.996338, 40.609894], [-73.996922, 40.609335], [-73.997503, 40.608775], [-73.999454, 40.60995], [-74.000021, 40.609386], [-74.000935, 40.608637], [-74.002665, 40.60957], [-74.001302, 40.611068]]]}}, {"type": "Feature", "properties": {"unit_id": "36047112400", "name": "Census Tract 1124 \u2014 Kings", "native_id": "36047112400", "source": "census_tract_2025", "adm3_name": "Kings County", "adm3_id": "36047", "area_sqm": 177849, "split": false}, "geometry": {"type": "Polygon", "coordinates": [[[-73.890694, 40.666852], [-73.88977, 40.66699], [-73.888889, 40.66712], [-73.886183, 40.667521], [-73.883597, 40.667905], [-73.883152, 40.666181], [-73.883309, 40.666112], [-73.885563, 40.665141], [-73.888108, 40.664047], [-73.889907, 40.663778], [-73.890694, 40.666852]]]}}, {"type": "Feature", "properties": {"unit_id": "36061009700", "name": "Census Tract 97 \u2014 New York", "native_id": "36061009700", "source": "census_tract_2025", "adm3_name": "New York County", "adm3_id": "36061", "area_sqm": 172933, "split": false}, "geometry": {"type": "Polygon", "coordinates": [[[-74.000975, 40.752055], [-73.99812, 40.750903], [-73.995299, 40.749671], [-73.995749, 40.749052], [-73.997099, 40.747205], [-73.997918, 40.747549], [-73.999243, 40.748107], [-73.999938, 40.7484], [-74.002785, 40.749592], [-74.000975, 40.752055]]]}}, {"type": "Feature", "properties": {"unit_id": "36061018400", "name": "Census Tract 184 \u2014 New York", "native_id": "36061018400", "source": "census_tract_2025", "adm3_name": "New York County", "adm3_id": "36061", "area_sqm": 176581, "split": false}, "geometry": {"type": "Polygon", "coordinates": [[[-73.946974, 40.799961], [-73.945968, 40.801342], [-73.945052, 40.802599], [-73.943436, 40.801919], [-73.941825, 40.80124], [-73.942743, 40.799983], [-73.943742, 40.798616], [-73.945096, 40.796764], [-73.9467, 40.79745], [-73.948311, 40.798129], [-73.946974, 40.799961]]]}}, {"type": "Feature", "properties": {"unit_id": "36061018600", "name": "Census Tract 186 \u2014 New York", "native_id": "36061018600", "source": "census_tract_2025", "adm3_name": "New York County", "adm3_id": "36061", "area_sqm": 121738, "split": false}, "geometry": {"type": "Polygon", "coordinates": [[[-73.952015, 40.798833], [-73.951529, 40.799459], [-73.950636, 40.80072], [-73.950186, 40.801332], [-73.948625, 40.800666], [-73.946974, 40.799961], [-73.948311, 40.798129], [-73.948792, 40.797478], [-73.94922, 40.79691], [-73.949604, 40.79705], [-73.952483, 40.798253], [-73.952015, 40.798833]]]}}, {"type": "Feature", "properties": {"unit_id": "36047038100", "name": "Census Tract 381 \u2014 Kings", "native_id": "36047038100", "source": "census_tract_2025", "adm3_name": "Kings County", "adm3_id": "36047", "area_sqm": 239524, "split": false}, "geometry": {"type": "Polygon", "coordinates": [[[-73.928651, 40.679749], [-73.928727, 40.681237], [-73.929009, 40.682703], [-73.926095, 40.683038], [-73.922814, 40.683415], [-73.92267, 40.682682], [-73.922545, 40.681936], [-73.922427, 40.681211], [-73.922132, 40.679745], [-73.921646, 40.67887], [-73.924593, 40.679032], [-73.925266, 40.679073], [-73.929058, 40.679277], [-73.928651, 40.679749]]]}}, {"type": "Feature", "properties": {"unit_id": "36047016800", "name": "Census Tract 168 \u2014 Kings", "native_id": "36047016800", "source": "census_tract_2025", "adm3_name": "Kings County", "adm3_id": "36047", "area_sqm": 168296, "split": false}, "geometry": {"type": "Polygon", "coordinates": [[[-74.0189841966658, 40.6027675090177], [-74.015499, 40.606842], [-74.014695, 40.606424], [-74.01237, 40.605214], [-74.0147547444581, 40.6021604387313], [-74.015337, 40.602369], [-74.0176726738673, 40.6024688904547], [-74.018517, 40.602505], [-74.0189841966658, 40.6027675090177]]]}}, {"type": "Feature", "properties": {"unit_id": "36047024200", "name": "Census Tract 242 \u2014 Kings", "native_id": "36047024200", "source": "census_tract_2025", "adm3_name": "Kings County", "adm3_id": "36047", "area_sqm": 191453, "split": false}, "geometry": {"type": "Polygon", "coordinates": [[[-73.996336, 40.628445], [-73.996115, 40.629232], [-73.995161, 40.628656], [-73.990756, 40.625998], [-73.988302, 40.624514], [-73.990094, 40.622789], [-73.99255, 40.624274], [-73.994325, 40.625343], [-73.994649, 40.625698], [-73.996788, 40.626826], [-73.996336, 40.628445]]]}}, {"type": "Feature", "properties": {"unit_id": "36047043400", "name": "Census Tract 434 \u2014 Kings", "native_id": "36047043400", "source": "census_tract_2025", "adm3_name": "Kings County", "adm3_id": "36047", "area_sqm": 139658, "split": false}, "geometry": {"type": "Polygon", "coordinates": [[[-73.979474, 40.612666], [-73.977011, 40.611173], [-73.976372, 40.611769], [-73.974391, 40.61058], [-73.974031, 40.608702], [-73.975919, 40.608495], [-73.977774, 40.608289], [-73.978699, 40.608188], [-73.979474, 40.612666]]]}}, {"type": "Feature", "properties": {"unit_id": "36047115800", "name": "Census Tract 1158 \u2014 Kings", "native_id": "36047115800", "source": "census_tract_2025", "adm3_name": "Kings County", "adm3_id": "36047", "area_sqm": 154981, "split": false}, "geometry": {"type": "Polygon", "coordinates": [[[-73.894556, 40.67077], [-73.892711, 40.671046], [-73.890878, 40.671318], [-73.890558, 40.67006], [-73.890165, 40.668524], [-73.88977, 40.66699], [-73.890694, 40.666852], [-73.892526, 40.666581], [-73.893446, 40.666446], [-73.893839, 40.66798], [-73.894231, 40.669519], [-73.894556, 40.67077]]]}}, {"type": "Feature", "properties": {"unit_id": "36047050300", "name": "Census Tract 503 \u2014 Kings", "native_id": "36047050300", "source": "census_tract_2025", "adm3_name": "Kings County", "adm3_id": "36047", "area_sqm": 125307, "split": false}, "geometry": {"type": "Polygon", "coordinates": [[[-73.949372, 40.714067], [-73.947719, 40.714216], [-73.94607, 40.714372], [-73.945949, 40.713638], [-73.945596, 40.711481], [-73.945475, 40.71074], [-73.946973, 40.709894], [-73.948655, 40.709725], [-73.948892, 40.711168], [-73.949372, 40.714067]]]}}, {"type": "Feature", "properties": {"unit_id": "36061008601", "name": "Census Tract 86.01 \u2014 New York", "native_id": "36061008601", "source": "census_tract_2025", "adm3_name": "New York County", "adm3_id": "36061", "area_sqm": 125340, "split": false}, "geometry": {"type": "Polygon", "coordinates": [[[-73.972576, 40.745068], [-73.971657, 40.746304], [-73.971228, 40.746919], [-73.97078, 40.747543], [-73.970452, 40.748212], [-73.969987, 40.748869], [-73.967697, 40.747866], [-73.960211, 40.744511], [-73.960513, 40.744108], [-73.960563, 40.744024], [-73.961381, 40.742802], [-73.96262, 40.739033], [-73.971566, 40.742993], [-73.97223, 40.743249], [-73.973512, 40.743782], [-73.972576, 40.745068]]]}}, {"type": "Feature", "properties": {"unit_id": "36047006400", "name": "Census Tract 64 \u2014 Kings", "native_id": "36047006400", "source": "census_tract_2025", "adm3_name": "Kings County", "adm3_id": "36047", "area_sqm": 203176, "split": false}, "geometry": {"type": "Polygon", "coordinates": [[[-74.031957, 40.628471], [-74.03136, 40.629931], [-74.030764, 40.631392], [-74.025361, 40.630109], [-74.025958, 40.628648], [-74.026263, 40.62792], [-74.026561, 40.627187], [-74.026856, 40.626459], [-74.032256, 40.627741], [-74.031957, 40.628471]]]}}, {"type": "Feature", "properties": {"unit_id": "36047105801", "name": "Census Tract 1058.01 \u2014 Kings", "native_id": "36047105801", "source": "census_tract_2025", "adm3_name": "Kings County", "adm3_id": "36047", "area_sqm": 418443, "split": false}, "geometry": {"type": "Polygon", "coordinates": [[[-73.886282, 40.652756], [-73.884653, 40.653451], [-73.882213, 40.654498], [-73.881722, 40.653754], [-73.878436, 40.649327], [-73.876104, 40.646215], [-73.874892, 40.645095], [-73.876082, 40.643293], [-73.87729, 40.643842], [-73.881481, 40.647601], [-73.882413, 40.64844], [-73.884113, 40.649956], [-73.884806, 40.650765], [-73.886282, 40.652756]]]}}, {"type": "Feature", "properties": {"unit_id": "36047038300", "name": "Census Tract 383 \u2014 Kings", "native_id": "36047038300", "source": "census_tract_2025", "adm3_name": "Kings County", "adm3_id": "36047", "area_sqm": 174539, "split": false}, "geometry": {"type": "Polygon", "coordinates": [[[-73.929591, 40.685635], [-73.923396, 40.686345], [-73.923252, 40.685612], [-73.923104, 40.68488], [-73.922959, 40.684148], [-73.922814, 40.683415], [-73.926095, 40.683038], [-73.929009, 40.682703], [-73.929161, 40.683437], [-73.929309, 40.684169], [-73.929452, 40.684903], [-73.929591, 40.685635]]]}}, {"type": "Feature", "properties": {"unit_id": "36047075400", "name": "Census Tract 754 \u2014 Kings", "native_id": "36047075400", "source": "census_tract_2025", "adm3_name": "Kings County", "adm3_id": "36047", "area_sqm": 173457, "split": false}, "geometry": {"type": "Polygon", "coordinates": [[[-73.953052, 40.623658], [-73.950202, 40.623971], [-73.949274, 40.624072], [-73.94882, 40.621682], [-73.948369, 40.619291], [-73.950256, 40.619083], [-73.952148, 40.618875], [-73.952605, 40.621267], [-73.953052, 40.623658]]]}}, {"type": "Feature", "properties": {"unit_id": "36047038800", "name": "Census Tract 388 \u2014 Kings", "native_id": "36047038800", "source": "census_tract_2025", "adm3_name": "Kings County", "adm3_id": "36047", "area_sqm": 197933, "split": false}, "geometry": {"type": "Polygon", "coordinates": [[[-73.971765, 40.595112], [-73.970111, 40.594957], [-73.969228, 40.595256], [-73.968302, 40.59536], [-73.967376, 40.595461], [-73.966519, 40.590953], [-73.967445, 40.590851], [-73.968371, 40.59075], [-73.970224, 40.59054], [-73.971151, 40.590443], [-73.971555, 40.59256], [-73.971782, 40.593756], [-73.971765, 40.595112]]]}}, {"type": "Feature", "properties": {"unit_id": "36061011401", "name": "Census Tract 114.01 \u2014 New York", "native_id": "36061011401", "source": "census_tract_2025", "adm3_name": "New York County", "adm3_id": "36061", "area_sqm": 98508, "split": false}, "geometry": {"type": "Polygon", "coordinates": [[[-73.973015, 40.764279], [-73.971189, 40.766767], [-73.969585, 40.766091], [-73.967974, 40.765413], [-73.969801, 40.762914], [-73.971411, 40.763588], [-73.973015, 40.764279]]]}}, {"type": "Feature", "properties": {"unit_id": "36047009402", "name": "Census Tract 94.02 \u2014 Kings", "native_id": "36047009402", "source": "census_tract_2025", "adm3_name": "Kings County", "adm3_id": "36047", "area_sqm": 75543, "split": false}, "geometry": {"type": "Polygon", "coordinates": [[[-74.00196, 40.642799], [-74.00138, 40.643357], [-74.000213, 40.644477], [-73.998011, 40.643147], [-73.999176, 40.642026], [-73.999757, 40.641467], [-74.000341, 40.640905], [-74.002545, 40.642236], [-74.00196, 40.642799]]]}}, {"type": "Feature", "properties": {"unit_id": "36047117000", "name": "Census Tract 1170 \u2014 Kings", "native_id": "36047117000", "source": "census_tract_2025", "adm3_name": "Kings County", "adm3_id": "36047", "area_sqm": 153809, "split": false}, "geometry": {"type": "Polygon", "coordinates": [[[-73.889006, 40.678557], [-73.887304, 40.679097], [-73.884671, 40.67994], [-73.884195, 40.678089], [-73.883701, 40.67823], [-73.883226, 40.67637], [-73.884854, 40.676129], [-73.888256, 40.675625], [-73.888593, 40.676956], [-73.889006, 40.678557]]]}}, {"type": "Feature", "properties": {"unit_id": "36047120802", "name": "Census Tract 1208.02 \u2014 Kings", "native_id": "36047120802", "source": "census_tract_2025", "adm3_name": "Kings County", "adm3_id": "36047", "area_sqm": 117296, "split": false}, "geometry": {"type": "Polygon", "coordinates": [[[-73.866668, 40.673544], [-73.863919, 40.673942], [-73.863207, 40.671019], [-73.862845, 40.669522], [-73.865554, 40.669122], [-73.865929, 40.670619], [-73.866275, 40.67201], [-73.866668, 40.673544]]]}}, {"type": "Feature", "properties": {"unit_id": "36047013200", "name": "Census Tract 132 \u2014 Kings", "native_id": "36047013200", "source": "census_tract_2025", "adm3_name": "Kings County", "adm3_id": "36047", "area_sqm": 155778, "split": false}, "geometry": {"type": "Polygon", "coordinates": [[[-74.017842, 40.626591], [-74.016343, 40.630286], [-74.016048, 40.631033], [-74.014903, 40.630353], [-74.012142, 40.628684], [-74.012858, 40.628207], [-74.013572, 40.627728], [-74.016487, 40.625775], [-74.017262, 40.625269], [-74.018879, 40.624303], [-74.017842, 40.626591]]]}}, {"type": "Feature", "properties": {"unit_id": "36047044800", "name": "Census Tract 448 \u2014 Kings", "native_id": "36047044800", "source": "census_tract_2025", "adm3_name": "Kings County", "adm3_id": "36047", "area_sqm": 224533, "split": false}, "geometry": {"type": "Polygon", "coordinates": [[[-73.977379, 40.617883], [-73.975378, 40.620793], [-73.975296, 40.620913], [-73.974813, 40.618367], [-73.971981, 40.619728], [-73.969784, 40.620559], [-73.969112, 40.61701], [-73.971412, 40.616757], [-73.973358, 40.616541], [-73.97563, 40.615946], [-73.97785, 40.617287], [-73.977379, 40.617883]]]}}, {"type": "Feature", "properties": {"unit_id": "36061017000", "name": "Census Tract 170 \u2014 New York", "native_id": "36061017000", "source": "census_tract_2025", "adm3_name": "New York County", "adm3_id": "36061", "area_sqm": 182917, "split": false}, "geometry": {"type": "Polygon", "coordinates": [[[-73.945168, 40.790894], [-73.944676, 40.791569], [-73.943723, 40.792874], [-73.943272, 40.793488], [-73.941035, 40.792546], [-73.938649, 40.791558], [-73.939132, 40.790905], [-73.939562, 40.790317], [-73.940066, 40.789626], [-73.94056, 40.788949], [-73.941019, 40.788319], [-73.943396, 40.789309], [-73.945636, 40.790254], [-73.945168, 40.790894]]]}}, {"type": "Feature", "properties": {"unit_id": "36061008800", "name": "Census Tract 88 \u2014 New York", "native_id": "36061008800", "source": "census_tract_2025", "adm3_name": "New York County", "adm3_id": "36061", "area_sqm": 179257, "split": false}, "geometry": {"type": "Polygon", "coordinates": [[[-73.975835, 40.748863], [-73.974449, 40.750766], [-73.973503, 40.752065], [-73.971263, 40.751122], [-73.968908, 40.750112], [-73.96932, 40.749517], [-73.969987, 40.748869], [-73.970452, 40.748212], [-73.97078, 40.747543], [-73.971228, 40.746919], [-73.973592, 40.747919], [-73.97497, 40.748502], [-73.975835, 40.748863]]]}}, {"type": "Feature", "properties": {"unit_id": "36047016000", "name": "Census Tract 160 \u2014 Kings", "native_id": "36047016000", "source": "census_tract_2025", "adm3_name": "Kings County", "adm3_id": "36047", "area_sqm": 258630, "split": false}, "geometry": {"type": "Polygon", "coordinates": [[[-74.029302, 40.617896], [-74.028205, 40.619173], [-74.029564, 40.619833], [-74.028924, 40.621404], [-74.02835, 40.622799], [-74.026214, 40.621491], [-74.024466, 40.620437], [-74.022933, 40.619502], [-74.024624, 40.617389], [-74.025729, 40.616049], [-74.026302, 40.616335], [-74.0275, 40.616961], [-74.0287, 40.61563], [-74.030485, 40.616518], [-74.029302, 40.617896]]]}}, {"type": "Feature", "properties": {"unit_id": "36047056000", "name": "Census Tract 560 \u2014 Kings", "native_id": "36047056000", "source": "census_tract_2025", "adm3_name": "Kings County", "adm3_id": "36047", "area_sqm": 184752, "split": false}, "geometry": {"type": "Polygon", "coordinates": [[[-73.953922, 40.606217], [-73.952724, 40.606349], [-73.950764, 40.606565], [-73.949837, 40.606667], [-73.94895, 40.601954], [-73.949874, 40.601853], [-73.951834, 40.601637], [-73.953037, 40.601506], [-73.953922, 40.606217]]]}}, {"type": "Feature", "properties": {"unit_id": "36061015601", "name": "Census Tract 156.01 \u2014 New York", "native_id": "36061015601", "source": "census_tract_2025", "adm3_name": "New York County", "adm3_id": "36061", "area_sqm": 73562, "split": false}, "geometry": {"type": "Polygon", "coordinates": [[[-73.949824, 40.784516], [-73.949332, 40.785194], [-73.948925, 40.785021], [-73.947069, 40.784236], [-73.944723, 40.783247], [-73.945213, 40.782571], [-73.94567, 40.781947], [-73.948039, 40.782942], [-73.950282, 40.783891], [-73.949824, 40.784516]]]}}, {"type": "Feature", "properties": {"unit_id": "36061011900", "name": "Census Tract 119 \u2014 New York", "native_id": "36061011900", "source": "census_tract_2025", "adm3_name": "New York County", "adm3_id": "36061", "area_sqm": 177591, "split": false}, "geometry": {"type": "Polygon", "coordinates": [[[-73.988842, 40.758533], [-73.987927, 40.759791], [-73.985322, 40.758687], [-73.985085, 40.758589], [-73.982256, 40.757387], [-73.984118, 40.754842], [-73.986949, 40.756036], [-73.989791, 40.757234], [-73.988842, 40.758533]]]}}, {"type": "Feature", "properties": {"unit_id": "36047099600", "name": "Census Tract 996 \u2014 Kings", "native_id": "36047099600", "source": "census_tract_2025", "adm3_name": "Kings County", "adm3_id": "36047", "area_sqm": 189693, "split": false}, "geometry": {"type": "Polygon", "coordinates": [[[-73.909955, 40.634816], [-73.907784, 40.63622], [-73.90595, 40.634575], [-73.904149, 40.632952], [-73.907351, 40.630831], [-73.908943, 40.631617], [-73.909597, 40.632205], [-73.911437, 40.633857], [-73.909955, 40.634816]]]}}, {"type": "Feature", "properties": {"unit_id": "36047004400", "name": "Census Tract 44 \u2014 Kings", "native_id": "36047004400", "source": "census_tract_2025", "adm3_name": "Kings County", "adm3_id": "36047", "area_sqm": 419483, "split": false}, "geometry": {"type": "Polygon", "coordinates": [[[-74.0392873586915, 40.6338128885395], [-74.036926, 40.633639], [-74.033155, 40.632735], [-74.030473, 40.632099], [-74.030764, 40.631392], [-74.03136, 40.629931], [-74.031957, 40.628471], [-74.032256, 40.627741], [-74.034938, 40.628375], [-74.037918, 40.628281], [-74.0408825342197, 40.6289221209707], [-74.0392873586915, 40.6338128885395]]]}}, {"type": "Feature", "properties": {"unit_id": "36061010803", "name": "Census Tract 108.03 \u2014 New York", "native_id": "36061010803", "source": "census_tract_2025", "adm3_name": "New York County", "adm3_id": "36061", "area_sqm": 54399, "split": false}, "geometry": {"type": "Polygon", "coordinates": [[[-73.967533, 40.760255], [-73.966583, 40.761552], [-73.964314, 40.760599], [-73.965293, 40.759308], [-73.965783, 40.758632], [-73.968024, 40.759578], [-73.967533, 40.760255]]]}}, {"type": "Feature", "properties": {"unit_id": "36047050700", "name": "Census Tract 507 \u2014 Kings", "native_id": "36047050700", "source": "census_tract_2025", "adm3_name": "Kings County", "adm3_id": "36047", "area_sqm": 174429, "split": false}, "geometry": {"type": "Polygon", "coordinates": [[[-73.951288, 40.700922], [-73.949379, 40.702159], [-73.947052, 40.703664], [-73.945855, 40.702987], [-73.944005, 40.701962], [-73.942201, 40.700891], [-73.941931, 40.700725], [-73.944388, 40.700425], [-73.950091, 40.699791], [-73.950756, 40.700445], [-73.951288, 40.700922]]]}}, {"type": "Feature", "properties": {"unit_id": "36061015401", "name": "Census Tract 154.01 \u2014 New York", "native_id": "36061015401", "source": "census_tract_2025", "adm3_name": "New York County", "adm3_id": "36061", "area_sqm": 70965, "split": false}, "geometry": {"type": "Polygon", "coordinates": [[[-73.952122, 40.781387], [-73.951659, 40.782008], [-73.950278, 40.781425], [-73.949419, 40.781062], [-73.947049, 40.780064], [-73.947508, 40.779438], [-73.947968, 40.778807], [-73.950336, 40.77981], [-73.952575, 40.780753], [-73.952122, 40.781387]]]}}, {"type": "Feature", "properties": {"unit_id": "36047092400", "name": "Census Tract 924 \u2014 Kings", "native_id": "36047092400", "source": "census_tract_2025", "adm3_name": "Kings County", "adm3_id": "36047", "area_sqm": 251687, "split": false}, "geometry": {"type": "Polygon", "coordinates": [[[-73.914039, 40.670897], [-73.911336, 40.672077], [-73.911066, 40.670955], [-73.910742, 40.669685], [-73.91009, 40.667154], [-73.909699, 40.665628], [-73.909305, 40.664097], [-73.90892, 40.662554], [-73.909857, 40.662412], [-73.911727, 40.662135], [-73.912122, 40.663673], [-73.912516, 40.665209], [-73.91291, 40.666746], [-73.913555, 40.669264], [-73.914039, 40.670897]]]}}, {"type": "Feature", "properties": {"unit_id": "36047008600", "name": "Census Tract 86 \u2014 Kings", "native_id": "36047008600", "source": "census_tract_2025", "adm3_name": "Kings County", "adm3_id": "36047", "area_sqm": 113543, "split": false}, "geometry": {"type": "Polygon", "coordinates": [[[-74.005659, 40.649584], [-74.005074, 40.650147], [-74.002866, 40.648821], [-74.000662, 40.647487], [-74.001248, 40.646926], [-74.002415, 40.645809], [-74.004621, 40.647131], [-74.006824, 40.648465], [-74.005659, 40.649584]]]}}, {"type": "Feature", "properties": {"unit_id": "36047054400", "name": "Census Tract 544 \u2014 Kings", "native_id": "36047054400", "source": "census_tract_2025", "adm3_name": "Kings County", "adm3_id": "36047", "area_sqm": 190006, "split": false}, "geometry": {"type": "Polygon", "coordinates": [[[-73.959583, 40.61562], [-73.958655, 40.615721], [-73.956729, 40.615932], [-73.955786, 40.616036], [-73.955283, 40.613375], [-73.954796, 40.61082], [-73.955741, 40.610715], [-73.957669, 40.610504], [-73.958593, 40.610403], [-73.959079, 40.612957], [-73.959583, 40.61562]]]}}, {"type": "Feature", "properties": {"unit_id": "36061023100", "name": "Census Tract 231 \u2014 New York", "native_id": "36061023100", "source": "census_tract_2025", "adm3_name": "New York County", "adm3_id": "36061", "area_sqm": 182674, "split": false}, "geometry": {"type": "Polygon", "coordinates": [[[-73.947117, 40.825904], [-73.946203, 40.827154], [-73.945292, 40.828401], [-73.943898, 40.827815], [-73.942453, 40.827207], [-73.941536, 40.826821], [-73.940595, 40.826414], [-73.942924, 40.82326], [-73.943842, 40.823648], [-73.944756, 40.824032], [-73.946222, 40.824652], [-73.947604, 40.825233], [-73.947117, 40.825904]]]}}, {"type": "Feature", "properties": {"unit_id": "36047020500", "name": "Census Tract 205 \u2014 Kings", "native_id": "36047020500", "source": "census_tract_2025", "adm3_name": "Kings County", "adm3_id": "36047", "area_sqm": 159711, "split": false}, "geometry": {"type": "Polygon", "coordinates": [[[-73.96886, 40.677665], [-73.968542, 40.678543], [-73.968227, 40.679422], [-73.965341, 40.678818], [-73.963901, 40.678517], [-73.962229, 40.678166], [-73.962547, 40.677287], [-73.962865, 40.676406], [-73.963183, 40.675529], [-73.963331, 40.675561], [-73.966296, 40.67618], [-73.969178, 40.676785], [-73.96886, 40.677665]]]}}, {"type": "Feature", "properties": {"unit_id": "36061014402", "name": "Census Tract 144.02 \u2014 New York", "native_id": "36061014402", "source": "census_tract_2025", "adm3_name": "New York County", "adm3_id": "36061", "area_sqm": 176870, "split": false}, "geometry": {"type": "Polygon", "coordinates": [[[-73.94888, 40.777553], [-73.948422, 40.778182], [-73.947968, 40.778807], [-73.945711, 40.77786], [-73.943379, 40.776868], [-73.942235, 40.777567], [-73.941937, 40.776031], [-73.944337, 40.773108], [-73.945728, 40.773622], [-73.945267, 40.774252], [-73.944765, 40.774936], [-73.947122, 40.775929], [-73.949374, 40.776876], [-73.94888, 40.777553]]]}}, {"type": "Feature", "properties": {"unit_id": "36047090600", "name": "Census Tract 906 \u2014 Kings", "native_id": "36047090600", "source": "census_tract_2025", "adm3_name": "Kings County", "adm3_id": "36047", "area_sqm": 195831, "split": false}, "geometry": {"type": "Polygon", "coordinates": [[[-73.911336, 40.672077], [-73.909255, 40.672948], [-73.907877, 40.673567], [-73.907337, 40.671506], [-73.906998, 40.670241], [-73.906355, 40.667708], [-73.91009, 40.667154], [-73.910742, 40.669685], [-73.911066, 40.670955], [-73.911336, 40.672077]]]}}, {"type": "Feature", "properties": {"unit_id": "36061005200", "name": "Census Tract 52 \u2014 New York", "native_id": "36061005200", "source": "census_tract_2025", "adm3_name": "New York County", "adm3_id": "36061", "area_sqm": 168893, "split": false}, "geometry": {"type": "Polygon", "coordinates": [[[-73.99312, 40.736691], [-73.992654, 40.73733], [-73.992225, 40.737917], [-73.990518, 40.740262], [-73.989582, 40.739865], [-73.987302, 40.738903], [-73.987726, 40.738317], [-73.989016, 40.73656], [-73.989916, 40.735349], [-73.989903, 40.734435], [-73.990754, 40.734839], [-73.991715, 40.735215], [-73.993617, 40.736005], [-73.99312, 40.736691]]]}}, {"type": "Feature", "properties": {"unit_id": "36047073600", "name": "Census Tract 736 \u2014 Kings", "native_id": "36047073600", "source": "census_tract_2025", "adm3_name": "Kings County", "adm3_id": "36047", "area_sqm": 178017, "split": false}, "geometry": {"type": "Polygon", "coordinates": [[[-73.939157, 40.6256], [-73.937288, 40.625715], [-73.935349, 40.625835], [-73.933449, 40.625704], [-73.933122, 40.622822], [-73.9331, 40.622694], [-73.93538, 40.621216], [-73.936637, 40.622401], [-73.937226, 40.622958], [-73.939557, 40.625158], [-73.939157, 40.6256]]]}}, {"type": "Feature", "properties": {"unit_id": "36047056800", "name": "Census Tract 568 \u2014 Kings", "native_id": "36047056800", "source": "census_tract_2025", "adm3_name": "Kings County", "adm3_id": "36047", "area_sqm": 117817, "split": false}, "geometry": {"type": "Polygon", "coordinates": [[[-73.939916, 40.605386], [-73.93921, 40.605479], [-73.936827, 40.603344], [-73.935032, 40.601734], [-73.934471, 40.601231], [-73.936197, 40.601055], [-73.938113, 40.600844], [-73.939042, 40.600742], [-73.939466, 40.602997], [-73.939916, 40.605386]]]}}, {"type": "Feature", "properties": {"unit_id": "36047064400", "name": "Census Tract 644 \u2014 Kings", "native_id": "36047064400", "source": "census_tract_2025", "adm3_name": "Kings County", "adm3_id": "36047", "area_sqm": 199330, "split": false}, "geometry": {"type": "Polygon", "coordinates": [[[-73.944827, 40.616046], [-73.94347, 40.617385], [-73.943145, 40.617426], [-73.942993, 40.616969], [-73.940788, 40.614872], [-73.93897, 40.61324], [-73.941161, 40.61182], [-73.942652, 40.610857], [-73.943699, 40.610214], [-73.944055, 40.611993], [-73.944174, 40.612722], [-73.944827, 40.616046]]]}}, {"type": "Feature", "properties": {"unit_id": "36047059404", "name": "Census Tract 594.04 \u2014 Kings", "native_id": "36047059404", "source": "census_tract_2025", "adm3_name": "Kings County", "adm3_id": "36047", "area_sqm": 213899, "split": false}, "geometry": {"type": "Polygon", "coordinates": [[[-73.950152, 40.592754], [-73.949116, 40.592868], [-73.947264, 40.593072], [-73.945374, 40.59328], [-73.944972, 40.59116], [-73.944012, 40.591265], [-73.943609, 40.589147], [-73.94457, 40.589041], [-73.946459, 40.58883], [-73.948313, 40.588628], [-73.949345, 40.588514], [-73.94975, 40.590634], [-73.950152, 40.592754]]]}}, {"type": "Feature", "properties": {"unit_id": "36047013300", "name": "Census Tract 133 \u2014 Kings", "native_id": "36047013300", "source": "census_tract_2025", "adm3_name": "Kings County", "adm3_id": "36047", "area_sqm": 148492, "split": false}, "geometry": {"type": "Polygon", "coordinates": [[[-73.984199, 40.675774], [-73.983901, 40.676148], [-73.983472, 40.676781], [-73.983041, 40.677417], [-73.98046, 40.676413], [-73.97796, 40.675438], [-73.97839, 40.674805], [-73.978822, 40.674171], [-73.979415, 40.67346], [-73.979917, 40.672858], [-73.982277, 40.674], [-73.984702, 40.675173], [-73.984199, 40.675774]]]}}, {"type": "Feature", "properties": {"unit_id": "36047061200", "name": "Census Tract 612 \u2014 Kings", "native_id": "36047061200", "source": "census_tract_2025", "adm3_name": "Kings County", "adm3_id": "36047", "area_sqm": 198236, "split": false}, "geometry": {"type": "Polygon", "coordinates": [[[-73.953419, 40.582609], [-73.949409, 40.582435], [-73.944308, 40.582201], [-73.943989, 40.5803], [-73.946742, 40.579993], [-73.953342, 40.579267], [-73.954032, 40.582517], [-73.953419, 40.582609]]]}}, {"type": "Feature", "properties": {"unit_id": "36047018100", "name": "Census Tract 181 \u2014 Kings", "native_id": "36047018100", "source": "census_tract_2025", "adm3_name": "Kings County", "adm3_id": "36047", "area_sqm": 169374, "split": false}, "geometry": {"type": "Polygon", "coordinates": [[[-73.975106, 40.689698], [-73.974109, 40.689663], [-73.973126, 40.689622], [-73.972136, 40.689582], [-73.971142, 40.689544], [-73.970131, 40.689506], [-73.969783, 40.687752], [-73.96949, 40.686288], [-73.971433, 40.686064], [-73.972398, 40.685954], [-73.973119, 40.685781], [-73.974281, 40.685513], [-73.974616, 40.687191], [-73.975106, 40.689698]]]}}, {"type": "Feature", "properties": {"unit_id": "36061007100", "name": "Census Tract 71 \u2014 New York", "native_id": "36061007100", "source": "census_tract_2025", "adm3_name": "New York County", "adm3_id": "36061", "area_sqm": 164998, "split": false}, "geometry": {"type": "Polygon", "coordinates": [[[-74.002789, 40.733617], [-74.001205, 40.733843], [-74.001389, 40.734483], [-74.001948, 40.736414], [-74.001095, 40.736564], [-74.000647, 40.73723], [-74.000183, 40.737865], [-73.999684, 40.738552], [-73.99684, 40.737361], [-73.997341, 40.736668], [-73.997805, 40.736032], [-73.998714, 40.734784], [-73.999188, 40.734134], [-73.999555, 40.733611], [-74.000066, 40.732929], [-74.000954, 40.731706], [-74.002124, 40.732841], [-74.002789, 40.733617]]]}}, {"type": "Feature", "properties": {"unit_id": "36047011901", "name": "Census Tract 119.01 \u2014 Kings", "native_id": "36047011901", "source": "census_tract_2025", "adm3_name": "Kings County", "adm3_id": "36047", "area_sqm": 448425, "split": false}, "geometry": {"type": "Polygon", "coordinates": [[[-73.990426, 40.676249], [-73.989914, 40.67685], [-73.989388, 40.678285], [-73.98808, 40.680172], [-73.987668, 40.680818], [-73.986104, 40.681009], [-73.981755, 40.679317], [-73.982182, 40.678686], [-73.983041, 40.677417], [-73.983472, 40.676781], [-73.983901, 40.676148], [-73.984199, 40.675774], [-73.984702, 40.675173], [-73.985707, 40.673966], [-73.986709, 40.672767], [-73.987211, 40.672161], [-73.987715, 40.671557], [-73.992369, 40.673813], [-73.990426, 40.676249]]]}}, {"type": "Feature", "properties": {"unit_id": "36047035301", "name": "Census Tract 353.01 \u2014 Kings", "native_id": "36047035301", "source": "census_tract_2025", "adm3_name": "Kings County", "adm3_id": "36047", "area_sqm": 69917, "split": false}, "geometry": {"type": "Polygon", "coordinates": [[[-73.936569, 40.670041], [-73.936406, 40.671774], [-73.933635, 40.671626], [-73.933798, 40.669891], [-73.933888, 40.66895], [-73.936657, 40.669101], [-73.936569, 40.670041]]]}}, {"type": "Feature", "properties": {"unit_id": "36047066200", "name": "Census Tract 662 \u2014 Kings", "native_id": "36047066200", "source": "census_tract_2025", "adm3_name": "Kings County", "adm3_id": "36047", "area_sqm": 231462, "split": false}, "geometry": {"type": "Polygon", "coordinates": [[[-73.92846, 40.611613], [-73.92617, 40.61306], [-73.924365, 40.611462], [-73.922498, 40.609809], [-73.919693, 40.607311], [-73.921584, 40.607639], [-73.924441, 40.605794], [-73.926249, 40.607414], [-73.924821, 40.608341], [-73.926641, 40.60998], [-73.92846, 40.611613]]]}}, {"type": "Feature", "properties": {"unit_id": "36047002300", "name": "Census Tract 23 \u2014 Kings", "native_id": "36047002300", "source": "census_tract_2025", "adm3_name": "Kings County", "adm3_id": "36047", "area_sqm": 182214, "split": false}, "geometry": {"type": "Polygon", "coordinates": [[[-73.986813, 40.699956], [-73.986798, 40.700617], [-73.986601, 40.700621], [-73.985634, 40.700595], [-73.985443, 40.70059], [-73.984761, 40.701439], [-73.98285, 40.701359], [-73.980729, 40.701268], [-73.980462, 40.699703], [-73.980544, 40.698246], [-73.980515, 40.697437], [-73.982192, 40.697503], [-73.983051, 40.698378], [-73.983152, 40.698381], [-73.98496, 40.698445], [-73.986947, 40.698713], [-73.986813, 40.699956]]]}}, {"type": "Feature", "properties": {"unit_id": "36047057000", "name": "Census Tract 570 \u2014 Kings", "native_id": "36047057000", "source": "census_tract_2025", "adm3_name": "Kings County", "adm3_id": "36047", "area_sqm": 262372, "split": false}, "geometry": {"type": "Polygon", "coordinates": [[[-73.942889, 40.600318], [-73.939042, 40.600742], [-73.938113, 40.600844], [-73.936197, 40.601055], [-73.934471, 40.601231], [-73.934227, 40.60101], [-73.931404, 40.598476], [-73.932576, 40.597719], [-73.933483, 40.597141], [-73.935369, 40.596542], [-73.935804, 40.598924], [-73.938637, 40.598609], [-73.94148, 40.598304], [-73.942484, 40.598201], [-73.942889, 40.600318]]]}}, {"type": "Feature", "properties": {"unit_id": "36047107002", "name": "Census Tract 1070.02 \u2014 Kings", "native_id": "36047107002", "source": "census_tract_2025", "adm3_name": "Kings County", "adm3_id": "36047", "area_sqm": 1981715, "split": false}, "geometry": {"type": "Polygon", "coordinates": [[[-73.878497, 40.638575], [-73.877848, 40.639904], [-73.876082, 40.643293], [-73.874892, 40.645095], [-73.873384, 40.646821], [-73.870893, 40.648807], [-73.860483, 40.654659], [-73.859755, 40.654104], [-73.856537, 40.649916], [-73.856148, 40.649198], [-73.855021, 40.643098], [-73.873957, 40.633773], [-73.8763, 40.635192], [-73.878814, 40.637942], [-73.878497, 40.638575]]]}}, {"type": "Feature", "properties": {"unit_id": "36061013602", "name": "Census Tract 136.02 \u2014 New York", "native_id": "36061013602", "source": "census_tract_2025", "adm3_name": "New York County", "adm3_id": "36061", "area_sqm": 56420, "split": false}, "geometry": {"type": "Polygon", "coordinates": [[[-73.949937, 40.772073], [-73.949476, 40.772708], [-73.94901, 40.773342], [-73.946656, 40.772351], [-73.947119, 40.771712], [-73.947584, 40.77108], [-73.948073, 40.770394], [-73.948231, 40.77046], [-73.950435, 40.771391], [-73.949937, 40.772073]]]}}, {"type": "Feature", "properties": {"unit_id": "36047009401", "name": "Census Tract 94.01 \u2014 Kings", "native_id": "36047009401", "source": "census_tract_2025", "adm3_name": "Kings County", "adm3_id": "36047", "area_sqm": 75483, "split": false}, "geometry": {"type": "Polygon", "coordinates": [[[-74.004165, 40.644127], [-74.003581, 40.644689], [-74.002415, 40.645809], [-74.000213, 40.644477], [-74.00138, 40.643357], [-74.00196, 40.642799], [-74.002545, 40.642236], [-74.004747, 40.643567], [-74.004165, 40.644127]]]}}, {"type": "Feature", "properties": {"unit_id": "36047098600", "name": "Census Tract 986 \u2014 Kings", "native_id": "36047098600", "source": "census_tract_2025", "adm3_name": "Kings County", "adm3_id": "36047", "area_sqm": 155971, "split": false}, "geometry": {"type": "Polygon", "coordinates": [[[-73.896162, 40.646571], [-73.895418, 40.647049], [-73.894679, 40.64753], [-73.892837, 40.645874], [-73.891021, 40.644245], [-73.891762, 40.643764], [-73.893961, 40.642343], [-73.895777, 40.643977], [-73.897619, 40.64563], [-73.896162, 40.646571]]]}}, {"type": "Feature", "properties": {"unit_id": "36047027100", "name": "Census Tract 271 \u2014 Kings", "native_id": "36047027100", "source": "census_tract_2025", "adm3_name": "Kings County", "adm3_id": "36047", "area_sqm": 245353, "split": false}, "geometry": {"type": "Polygon", "coordinates": [[[-73.944048, 40.679336], [-73.943973, 40.680088], [-73.943262, 40.680051], [-73.940328, 40.67989], [-73.938436, 40.679786], [-73.934351, 40.679564], [-73.929058, 40.679277], [-73.930199, 40.678026], [-73.930322, 40.677485], [-73.935858, 40.677817], [-73.938593, 40.67797], [-73.941369, 40.678093], [-73.944141, 40.678237], [-73.944048, 40.679336]]]}}, {"type": "Feature", "properties": {"unit_id": "36047035101", "name": "Census Tract 351.01 \u2014 Kings", "native_id": "36047035101", "source": "census_tract_2025", "adm3_name": "Kings County", "adm3_id": "36047", "area_sqm": 69889, "split": false}, "geometry": {"type": "Polygon", "coordinates": [[[-73.933798, 40.669891], [-73.933635, 40.671626], [-73.930868, 40.671474], [-73.930952, 40.670583], [-73.931119, 40.668798], [-73.933888, 40.66895], [-73.933798, 40.669891]]]}}, {"type": "Feature", "properties": {"unit_id": "36061023502", "name": "Census Tract 235.02 \u2014 New York", "native_id": "36061023502", "source": "census_tract_2025", "adm3_name": "New York County", "adm3_id": "36061", "area_sqm": 41338, "split": false}, "geometry": {"type": "Polygon", "coordinates": [[[-73.940595, 40.826414], [-73.939248, 40.828296], [-73.938588, 40.829717], [-73.937271, 40.829154], [-73.939602, 40.826002], [-73.940595, 40.826414]]]}}, {"type": "Feature", "properties": {"unit_id": "36047020300", "name": "Census Tract 203 \u2014 Kings", "native_id": "36047020300", "source": "census_tract_2025", "adm3_name": "Kings County", "adm3_id": "36047", "area_sqm": 140848, "split": false}, "geometry": {"type": "Polygon", "coordinates": [[[-73.967954, 40.680189], [-73.967678, 40.680955], [-73.967477, 40.681754], [-73.964454, 40.681125], [-73.961312, 40.680456], [-73.961957, 40.678934], [-73.962229, 40.678166], [-73.963901, 40.678517], [-73.965341, 40.678818], [-73.968227, 40.679422], [-73.967954, 40.680189]]]}}, {"type": "Feature", "properties": {"unit_id": "36047023500", "name": "Census Tract 235 \u2014 Kings", "native_id": "36047023500", "source": "census_tract_2025", "adm3_name": "Kings County", "adm3_id": "36047", "area_sqm": 141574, "split": false}, "geometry": {"type": "Polygon", "coordinates": [[[-73.960158, 40.694117], [-73.957997, 40.694366], [-73.956143, 40.694579], [-73.955826, 40.692993], [-73.95541, 40.690908], [-73.957272, 40.690694], [-73.959428, 40.690448], [-73.959844, 40.69253], [-73.960158, 40.694117]]]}}, {"type": "Feature", "properties": {"unit_id": "36047026200", "name": "Census Tract 262 \u2014 Kings", "native_id": "36047026200", "source": "census_tract_2025", "adm3_name": "Kings County", "adm3_id": "36047", "area_sqm": 157859, "split": false}, "geometry": {"type": "Polygon", "coordinates": [[[-73.999036, 40.618946], [-73.998595, 40.620502], [-73.998295, 40.621619], [-73.996393, 40.620582], [-73.993877, 40.619156], [-73.995418, 40.617673], [-73.996002, 40.617112], [-73.997166, 40.615995], [-73.999488, 40.617405], [-73.999036, 40.618946]]]}}, {"type": "Feature", "properties": {"unit_id": "36061014900", "name": "Census Tract 149 \u2014 New York", "native_id": "36061014900", "source": "census_tract_2025", "adm3_name": "New York County", "adm3_id": "36061", "area_sqm": 174054, "split": false}, "geometry": {"type": "Polygon", "coordinates": [[[-73.985792, 40.772904], [-73.985332, 40.773531], [-73.984412, 40.774808], [-73.982222, 40.773873], [-73.981573, 40.773602], [-73.978728, 40.772417], [-73.979193, 40.771782], [-73.979652, 40.771156], [-73.980112, 40.770529], [-73.980564, 40.769905], [-73.982147, 40.770574], [-73.983468, 40.771136], [-73.986238, 40.772299], [-73.985792, 40.772904]]]}}, {"type": "Feature", "properties": {"unit_id": "36061010300", "name": "Census Tract 103 \u2014 New York", "native_id": "36061010300", "source": "census_tract_2025", "adm3_name": "New York County", "adm3_id": "36061", "area_sqm": 174468, "split": false}, "geometry": {"type": "Polygon", "coordinates": [[[-73.999143, 40.754585], [-73.996304, 40.753389], [-73.993464, 40.75219], [-73.993948, 40.751522], [-73.994329, 40.750999], [-73.994844, 40.750293], [-73.995299, 40.749671], [-73.99812, 40.750903], [-74.000975, 40.752055], [-73.999143, 40.754585]]]}}, {"type": "Feature", "properties": {"unit_id": "36047118600", "name": "Census Tract 1186 \u2014 Kings", "native_id": "36047118600", "source": "census_tract_2025", "adm3_name": "Kings County", "adm3_id": "36047", "area_sqm": 131529, "split": false}, "geometry": {"type": "Polygon", "coordinates": [[[-73.87157, 40.681686], [-73.869808, 40.682187], [-73.868132, 40.682666], [-73.866295, 40.683189], [-73.866027, 40.681918], [-73.864101, 40.682373], [-73.863787, 40.681114], [-73.865748, 40.680652], [-73.867541, 40.680429], [-73.869342, 40.680191], [-73.8712, 40.680222], [-73.87157, 40.681686]]]}}, {"type": "Feature", "properties": {"unit_id": "36061001002", "name": "Census Tract 10.02 \u2014 New York", "native_id": "36061001002", "source": "census_tract_2025", "adm3_name": "New York County", "adm3_id": "36061", "area_sqm": 199682, "split": false}, "geometry": {"type": "Polygon", "coordinates": [[[-73.979992, 40.71754], [-73.978753, 40.719934], [-73.978034, 40.71964], [-73.977224, 40.71931], [-73.976355, 40.719133], [-73.975452, 40.718947], [-73.975119, 40.718753], [-73.973635, 40.718612], [-73.967716, 40.71604], [-73.96837, 40.714127], [-73.968469, 40.712999], [-73.968861, 40.71265], [-73.975227, 40.714582], [-73.976344, 40.714917], [-73.976587, 40.715047], [-73.976457, 40.715299], [-73.977917, 40.715649], [-73.978909, 40.715951], [-73.980577, 40.716455], [-73.979992, 40.71754]]]}}, {"type": "Feature", "properties": {"unit_id": "36061012400", "name": "Census Tract 124 \u2014 New York", "native_id": "36061012400", "source": "census_tract_2025", "adm3_name": "New York County", "adm3_id": "36061", "area_sqm": 171573, "split": false}, "geometry": {"type": "Polygon", "coordinates": [[[-73.956956, 40.766493], [-73.956496, 40.767119], [-73.955999, 40.767804], [-73.955502, 40.768485], [-73.955037, 40.76912], [-73.952788, 40.76817], [-73.950093, 40.767036], [-73.94773, 40.766084], [-73.949972, 40.763646], [-73.952308, 40.764555], [-73.954701, 40.765545], [-73.95516, 40.764918], [-73.957412, 40.765868], [-73.956956, 40.766493]]]}}, {"type": "Feature", "properties": {"unit_id": "36047015900", "name": "Census Tract 159 \u2014 Kings", "native_id": "36047015900", "source": "census_tract_2025", "adm3_name": "Kings County", "adm3_id": "36047", "area_sqm": 250862, "split": false}, "geometry": {"type": "Polygon", "coordinates": [[[-73.977102, 40.676707], [-73.976616, 40.677431], [-73.97618, 40.678065], [-73.973687, 40.677078], [-73.971904, 40.676413], [-73.969498, 40.675906], [-73.969693, 40.67536], [-73.968999, 40.674713], [-73.968731, 40.673928], [-73.968924, 40.672938], [-73.969247, 40.672743], [-73.970409, 40.672617], [-73.970859, 40.67273], [-73.972955, 40.673488], [-73.975467, 40.674467], [-73.97796, 40.675438], [-73.977102, 40.676707]]]}}, {"type": "Feature", "properties": {"unit_id": "36047022000", "name": "Census Tract 220 \u2014 Kings", "native_id": "36047022000", "source": "census_tract_2025", "adm3_name": "Kings County", "adm3_id": "36047", "area_sqm": 194279, "split": false}, "geometry": {"type": "Polygon", "coordinates": [[[-73.998374, 40.637893], [-73.996942, 40.638853], [-73.993738, 40.636914], [-73.991539, 40.635583], [-73.99212, 40.635026], [-73.9927, 40.634467], [-73.993284, 40.633906], [-73.993866, 40.633347], [-73.996067, 40.634673], [-73.998265, 40.636006], [-73.999807, 40.636936], [-73.998374, 40.637893]]]}}, {"type": "Feature", "properties": {"unit_id": "36061005501", "name": "Census Tract 55.01 \u2014 New York", "native_id": "36061005501", "source": "census_tract_2025", "adm3_name": "New York County", "adm3_id": "36061", "area_sqm": 124447, "split": false}, "geometry": {"type": "Polygon", "coordinates": [[[-73.998955, 40.728068], [-73.997886, 40.72931], [-73.996572, 40.729552], [-73.995061, 40.72881], [-73.994252, 40.728412], [-73.996772, 40.725432], [-73.99761, 40.725797], [-73.999916, 40.726935], [-73.998955, 40.728068]]]}}, {"type": "Feature", "properties": {"unit_id": "36047020700", "name": "Census Tract 207 \u2014 Kings", "native_id": "36047020700", "source": "census_tract_2025", "adm3_name": "Kings County", "adm3_id": "36047", "area_sqm": 137892, "split": false}, "geometry": {"type": "Polygon", "coordinates": [[[-73.969498, 40.675906], [-73.969178, 40.676785], [-73.966296, 40.67618], [-73.963331, 40.675561], [-73.963137, 40.674573], [-73.962954, 40.67359], [-73.966942, 40.674416], [-73.967191, 40.673694], [-73.967486, 40.672878], [-73.968924, 40.672938], [-73.968731, 40.673928], [-73.968999, 40.674713], [-73.969693, 40.67536], [-73.969498, 40.675906]]]}}, {"type": "Feature", "properties": {"unit_id": "36061021703", "name": "Census Tract 217.03 \u2014 New York", "native_id": "36061021703", "source": "census_tract_2025", "adm3_name": "New York County", "adm3_id": "36061", "area_sqm": 313863, "split": false}, "geometry": {"type": "Polygon", "coordinates": [[[-73.95088, 40.818395], [-73.9522, 40.81895], [-73.950829, 40.820829], [-73.949921, 40.822073], [-73.948083, 40.822108], [-73.946078, 40.821264], [-73.947036, 40.819209], [-73.948356, 40.816374], [-73.94902, 40.815021], [-73.95035, 40.813159], [-73.950927, 40.812575], [-73.95177, 40.81294], [-73.95086, 40.814187], [-73.952974, 40.81507], [-73.95088, 40.818395]]]}}, {"type": "Feature", "properties": {"unit_id": "36047040500", "name": "Census Tract 405 \u2014 Kings", "native_id": "36047040500", "source": "census_tract_2025", "adm3_name": "Kings County", "adm3_id": "36047", "area_sqm": 138996, "split": false}, "geometry": {"type": "Polygon", "coordinates": [[[-73.907126, 40.68323], [-73.906376, 40.682802], [-73.905433, 40.68366], [-73.902822, 40.682353], [-73.902622, 40.680664], [-73.904046, 40.67922], [-73.905493, 40.680037], [-73.907018, 40.680948], [-73.908517, 40.681804], [-73.907126, 40.68323]]]}}, {"type": "Feature", "properties": {"unit_id": "36061023700", "name": "Census Tract 237 \u2014 New York", "native_id": "36061023700", "source": "census_tract_2025", "adm3_name": "New York County", "adm3_id": "36061", "area_sqm": 271911, "split": false}, "geometry": {"type": "Polygon", "coordinates": [[[-73.9586862157485, 40.8374114414752], [-73.950279, 40.834326], [-73.948291, 40.833861], [-73.945824, 40.832766], [-73.94298, 40.831568], [-73.94438, 40.829651], [-73.945292, 40.828401], [-73.948139, 40.829599], [-73.949688, 40.830244], [-73.952247, 40.83128], [-73.9599711217338, 40.8344072461424], [-73.9586862157485, 40.8374114414752]]]}}, {"type": "Feature", "properties": {"unit_id": "36047005400", "name": "Census Tract 54 \u2014 Kings", "native_id": "36047005400", "source": "census_tract_2025", "adm3_name": "Kings County", "adm3_id": "36047", "area_sqm": 161905, "split": false}, "geometry": {"type": "Polygon", "coordinates": [[[-74.0405648456374, 40.6176739009518], [-74.039183, 40.617856], [-74.036895, 40.618663], [-74.03599, 40.618596], [-74.033313, 40.617945], [-74.030485, 40.616518], [-74.031515, 40.61533], [-74.033866, 40.616594], [-74.035925, 40.617055], [-74.035682, 40.616671], [-74.037975, 40.615859], [-74.038364, 40.616513], [-74.0403023874585, 40.6156822557829], [-74.0404852390439, 40.6170698119953], [-74.0405648456374, 40.6176739009518]]]}}, {"type": "Feature", "properties": {"unit_id": "36047115000", "name": "Census Tract 1150 \u2014 Kings", "native_id": "36047115000", "source": "census_tract_2025", "adm3_name": "Kings County", "adm3_id": "36047", "area_sqm": 158250, "split": false}, "geometry": {"type": "Polygon", "coordinates": [[[-73.889151, 40.675496], [-73.888256, 40.675625], [-73.884854, 40.676129], [-73.884537, 40.674889], [-73.884214, 40.673621], [-73.883889, 40.672355], [-73.885517, 40.672113], [-73.887289, 40.671848], [-73.888192, 40.671715], [-73.888515, 40.672983], [-73.888838, 40.674251], [-73.889151, 40.675496]]]}}, {"type": "Feature", "properties": {"unit_id": "36061013900", "name": "Census Tract 139 \u2014 New York", "native_id": "36061013900", "source": "census_tract_2025", "adm3_name": "New York County", "adm3_id": "36061", "area_sqm": 181585, "split": false}, "geometry": {"type": "Polygon", "coordinates": [[[-73.989505, 40.767816], [-73.989051, 40.76844], [-73.988559, 40.769115], [-73.988063, 40.769791], [-73.985218, 40.768595], [-73.98238, 40.7674], [-73.982877, 40.766715], [-73.983367, 40.766045], [-73.983822, 40.765418], [-73.984283, 40.764792], [-73.987122, 40.765989], [-73.989964, 40.767188], [-73.989505, 40.767816]]]}}, {"type": "Feature", "properties": {"unit_id": "36061013501", "name": "Census Tract 135.01 \u2014 New York", "native_id": "36061013501", "source": "census_tract_2025", "adm3_name": "New York County", "adm3_id": "36061", "area_sqm": 201006, "split": false}, "geometry": {"type": "Polygon", "coordinates": [[[-74.0029533347741, 40.772719244448], [-73.998783, 40.770812], [-73.996445, 40.769795], [-73.994849, 40.769257], [-73.992805, 40.768382], [-73.989964, 40.767188], [-73.990422, 40.766561], [-73.990876, 40.765934], [-73.991333, 40.76531], [-73.991788, 40.764684], [-73.994631, 40.765881], [-73.996667, 40.76674], [-73.996933, 40.767139], [-74.000268, 40.768511], [-74.0046532544959, 40.7703911858298], [-74.0029533347741, 40.772719244448]]]}}, {"type": "Feature", "properties": {"unit_id": "36047076600", "name": "Census Tract 766 \u2014 Kings", "native_id": "36047076600", "source": "census_tract_2025", "adm3_name": "Kings County", "adm3_id": "36047", "area_sqm": 82578, "split": false}, "geometry": {"type": "Polygon", "coordinates": [[[-73.958198, 40.635289], [-73.956241, 40.635509], [-73.955473, 40.631431], [-73.956616, 40.630591], [-73.957299, 40.630512], [-73.957753, 40.632903], [-73.958198, 40.635289]]]}}, {"type": "Feature", "properties": {"unit_id": "36061007600", "name": "Census Tract 76 \u2014 New York", "native_id": "36061007600", "source": "census_tract_2025", "adm3_name": "New York County", "adm3_id": "36061", "area_sqm": 174274, "split": false}, "geometry": {"type": "Polygon", "coordinates": [[[-73.989617, 40.747277], [-73.989166, 40.747895], [-73.98778, 40.749772], [-73.987294, 40.750451], [-73.984076, 40.749102], [-73.985496, 40.747152], [-73.985949, 40.746536], [-73.987298, 40.744682], [-73.990518, 40.746038], [-73.989617, 40.747277]]]}}, {"type": "Feature", "properties": {"unit_id": "36061002201", "name": "Census Tract 22.01 \u2014 New York", "native_id": "36061002201", "source": "census_tract_2025", "adm3_name": "New York County", "adm3_id": "36061", "area_sqm": 161668, "split": false}, "geometry": {"type": "Polygon", "coordinates": [[[-73.984477, 40.720235], [-73.983824, 40.721473], [-73.981308, 40.720709], [-73.979735, 40.720235], [-73.978753, 40.719934], [-73.979992, 40.71754], [-73.980577, 40.716455], [-73.982289, 40.716976], [-73.982477, 40.71829], [-73.983395, 40.718571], [-73.985074, 40.719083], [-73.984477, 40.720235]]]}}, {"type": "Feature", "properties": {"unit_id": "36047058000", "name": "Census Tract 580 \u2014 Kings", "native_id": "36047058000", "source": "census_tract_2025", "adm3_name": "Kings County", "adm3_id": "36047", "area_sqm": 158641, "split": false}, "geometry": {"type": "Polygon", "coordinates": [[[-73.957757, 40.600986], [-73.95683, 40.601087], [-73.955905, 40.601191], [-73.954942, 40.601297], [-73.953978, 40.601401], [-73.95315, 40.597028], [-73.955076, 40.596816], [-73.956928, 40.596612], [-73.957757, 40.600986]]]}}, {"type": "Feature", "properties": {"unit_id": "36047036002", "name": "Census Tract 360.02 \u2014 Kings", "native_id": "36047036002", "source": "census_tract_2025", "adm3_name": "Kings County", "adm3_id": "36047", "area_sqm": 86032, "split": false}, "geometry": {"type": "Polygon", "coordinates": [[[-73.963279, 40.577212], [-73.962364, 40.577411], [-73.961441, 40.57761], [-73.959633, 40.577993], [-73.959475, 40.575874], [-73.959454, 40.575575], [-73.959414, 40.575158], [-73.961034, 40.575076], [-73.962881, 40.574983], [-73.963279, 40.577212]]]}}, {"type": "Feature", "properties": {"unit_id": "36047030900", "name": "Census Tract 309 \u2014 Kings", "native_id": "36047030900", "source": "census_tract_2025", "adm3_name": "Kings County", "adm3_id": "36047", "area_sqm": 151863, "split": false}, "geometry": {"type": "Polygon", "coordinates": [[[-73.935997, 40.676121], [-73.935858, 40.677817], [-73.930322, 40.677485], [-73.930457, 40.675818], [-73.93053, 40.675039], [-73.930615, 40.674147], [-73.933298, 40.67519], [-73.936078, 40.675335], [-73.935997, 40.676121]]]}}, {"type": "Feature", "properties": {"unit_id": "36047041200", "name": "Census Tract 412 \u2014 Kings", "native_id": "36047041200", "source": "census_tract_2025", "adm3_name": "Kings County", "adm3_id": "36047", "area_sqm": 165322, "split": false}, "geometry": {"type": "Polygon", "coordinates": [[[-73.976439, 40.606249], [-73.975511, 40.606351], [-73.974585, 40.606452], [-73.973621, 40.606557], [-73.97259, 40.606671], [-73.972178, 40.604195], [-73.972352, 40.603348], [-73.972565, 40.601794], [-73.973408, 40.601702], [-73.974364, 40.601596], [-73.975543, 40.601465], [-73.975971, 40.603804], [-73.976439, 40.606249]]]}}, {"type": "Feature", "properties": {"unit_id": "36047024000", "name": "Census Tract 240 \u2014 Kings", "native_id": "36047024000", "source": "census_tract_2025", "adm3_name": "Kings County", "adm3_id": "36047", "area_sqm": 169751, "split": false}, "geometry": {"type": "Polygon", "coordinates": [[[-73.997359, 40.629986], [-73.995617, 40.631667], [-73.99546, 40.631575], [-73.993413, 40.630336], [-73.991212, 40.629006], [-73.989009, 40.627676], [-73.990175, 40.626557], [-73.990756, 40.625998], [-73.995161, 40.628656], [-73.996115, 40.629232], [-73.997359, 40.629986]]]}}, {"type": "Feature", "properties": {"unit_id": "36047082800", "name": "Census Tract 828 \u2014 Kings", "native_id": "36047082800", "source": "census_tract_2025", "adm3_name": "Kings County", "adm3_id": "36047", "area_sqm": 156676, "split": false}, "geometry": {"type": "Polygon", "coordinates": [[[-73.951652, 40.643066], [-73.948761, 40.643245], [-73.94779, 40.643305], [-73.947443, 40.640048], [-73.948414, 40.639987], [-73.948265, 40.638607], [-73.950167, 40.638491], [-73.951158, 40.638428], [-73.951406, 40.640767], [-73.951652, 40.643066]]]}}, {"type": "Feature", "properties": {"unit_id": "36047078000", "name": "Census Tract 780 \u2014 Kings", "native_id": "36047078000", "source": "census_tract_2025", "adm3_name": "Kings County", "adm3_id": "36047", "area_sqm": 164534, "split": false}, "geometry": {"type": "Polygon", "coordinates": [[[-73.941283, 40.636687], [-73.937512, 40.636921], [-73.937267, 40.634651], [-73.937013, 40.632304], [-73.937593, 40.632268], [-73.940788, 40.632076], [-73.941039, 40.634417], [-73.941283, 40.636687]]]}}, {"type": "Feature", "properties": {"unit_id": "36047048900", "name": "Census Tract 489 \u2014 Kings", "native_id": "36047048900", "source": "census_tract_2025", "adm3_name": "Kings County", "adm3_id": "36047", "area_sqm": 91581, "split": false}, "geometry": {"type": "Polygon", "coordinates": [[[-73.94103, 40.704637], [-73.939313, 40.704815], [-73.938599, 40.704066], [-73.937784, 40.703525], [-73.936982, 40.70191], [-73.93763, 40.701739], [-73.94042, 40.701077], [-73.940726, 40.702901], [-73.94103, 40.704637]]]}}, {"type": "Feature", "properties": {"unit_id": "36047056600", "name": "Census Tract 566 \u2014 Kings", "native_id": "36047056600", "source": "census_tract_2025", "adm3_name": "Kings County", "adm3_id": "36047", "area_sqm": 171530, "split": false}, "geometry": {"type": "Polygon", "coordinates": [[[-73.943766, 40.604961], [-73.942769, 40.605073], [-73.941771, 40.605183], [-73.939916, 40.605386], [-73.939466, 40.602997], [-73.939042, 40.600742], [-73.942889, 40.600318], [-73.943316, 40.602575], [-73.943766, 40.604961]]]}}, {"type": "Feature", "properties": {"unit_id": "36047049100", "name": "Census Tract 491 \u2014 Kings", "native_id": "36047049100", "source": "census_tract_2025", "adm3_name": "Kings County", "adm3_id": "36047", "area_sqm": 213164, "split": false}, "geometry": {"type": "Polygon", "coordinates": [[[-73.949836, 40.705229], [-73.946265, 40.705604], [-73.944567, 40.705021], [-73.94285, 40.705182], [-73.942734, 40.704473], [-73.94103, 40.704637], [-73.940726, 40.702901], [-73.94042, 40.701077], [-73.941931, 40.700725], [-73.942201, 40.700891], [-73.944005, 40.701962], [-73.945855, 40.702987], [-73.947052, 40.703664], [-73.949254, 40.704896], [-73.949836, 40.705229]]]}}, {"type": "Feature", "properties": {"unit_id": "36061017100", "name": "Census Tract 171 \u2014 New York", "native_id": "36061017100", "source": "census_tract_2025", "adm3_name": "New York County", "adm3_id": "36061", "area_sqm": 217834, "split": false}, "geometry": {"type": "Polygon", "coordinates": [[[-73.9881935430858, 40.7930226402524], [-73.981932, 40.790548], [-73.980357, 40.789941], [-73.977857, 40.788881], [-73.976503, 40.788314], [-73.975016, 40.787687], [-73.975976, 40.786369], [-73.976439, 40.785735], [-73.976902, 40.785098], [-73.978534, 40.785787], [-73.979744, 40.786296], [-73.981229, 40.786917], [-73.983751, 40.787889], [-73.9900466737153, 40.7904723753188], [-73.9881935430858, 40.7930226402524]]]}}, {"type": "Feature", "properties": {"unit_id": "36047005100", "name": "Census Tract 51 \u2014 Kings", "native_id": "36047005100", "source": "census_tract_2025", "adm3_name": "Kings County", "adm3_id": "36047", "area_sqm": 179702, "split": false}, "geometry": {"type": "Polygon", "coordinates": [[[-74.005819, 40.683656], [-74.005179, 40.684998], [-74.004853, 40.685668], [-74.004504, 40.686301], [-74.000642, 40.685247], [-74.001281, 40.683909], [-74.001609, 40.683235], [-74.001957, 40.682593], [-74.003346, 40.67963], [-74.006065, 40.683202], [-74.005819, 40.683656]]]}}, {"type": "Feature", "properties": {"unit_id": "36047034300", "name": "Census Tract 343 \u2014 Kings", "native_id": "36047034300", "source": "census_tract_2025", "adm3_name": "Kings County", "adm3_id": "36047", "area_sqm": 162156, "split": false}, "geometry": {"type": "Polygon", "coordinates": [[[-73.94186, 40.672968], [-73.941694, 40.674748], [-73.938895, 40.674599], [-73.938841, 40.675493], [-73.936078, 40.675335], [-73.936177, 40.674378], [-73.936263, 40.67356], [-73.936343, 40.672704], [-73.936406, 40.671774], [-73.939177, 40.671926], [-73.941945, 40.672078], [-73.94186, 40.672968]]]}}, {"type": "Feature", "properties": {"unit_id": "36047099200", "name": "Census Tract 992 \u2014 Kings", "native_id": "36047099200", "source": "census_tract_2025", "adm3_name": "Kings County", "adm3_id": "36047", "area_sqm": 134602, "split": false}, "geometry": {"type": "Polygon", "coordinates": [[[-73.902747, 40.639472], [-73.901933, 40.640001], [-73.8983, 40.636736], [-73.901264, 40.634818], [-73.902177, 40.636823], [-73.90413, 40.638578], [-73.902747, 40.639472]]]}}, {"type": "Feature", "properties": {"unit_id": "36061024301", "name": "Census Tract 243.01 \u2014 New York", "native_id": "36061024301", "source": "census_tract_2025", "adm3_name": "New York County", "adm3_id": "36061", "area_sqm": 105194, "split": false}, "geometry": {"type": "Polygon", "coordinates": [[[-73.940049, 40.834491], [-73.939775, 40.835183], [-73.939888, 40.835794], [-73.940102, 40.836945], [-73.939827, 40.838498], [-73.938343, 40.837909], [-73.936691, 40.837193], [-73.937383, 40.83569], [-73.938037, 40.834286], [-73.939155, 40.833278], [-73.94036, 40.833786], [-73.940049, 40.834491]]]}}, {"type": "Feature", "properties": {"unit_id": "36047096800", "name": "Census Tract 968 \u2014 Kings", "native_id": "36047096800", "source": "census_tract_2025", "adm3_name": "Kings County", "adm3_id": "36047", "area_sqm": 149019, "split": false}, "geometry": {"type": "Polygon", "coordinates": [[[-73.905655, 40.645549], [-73.903982, 40.646629], [-73.902313, 40.645134], [-73.90138, 40.644297], [-73.90067, 40.64366], [-73.902345, 40.642576], [-73.903774, 40.641652], [-73.904485, 40.642292], [-73.905417, 40.643129], [-73.907084, 40.644623], [-73.905655, 40.645549]]]}}, {"type": "Feature", "properties": {"unit_id": "36061022200", "name": "Census Tract 222 \u2014 New York", "native_id": "36061022200", "source": "census_tract_2025", "adm3_name": "New York County", "adm3_id": "36061", "area_sqm": 181422, "split": false}, "geometry": {"type": "Polygon", "coordinates": [[[-73.95068, 40.810843], [-73.947839, 40.809641], [-73.944994, 40.808446], [-73.945978, 40.807098], [-73.9469, 40.805839], [-73.94974, 40.80704], [-73.952585, 40.808238], [-73.95068, 40.810843]]]}}, {"type": "Feature", "properties": {"unit_id": "36047082000", "name": "Census Tract 820 \u2014 Kings", "native_id": "36047082000", "source": "census_tract_2025", "adm3_name": "Kings County", "adm3_id": "36047", "area_sqm": 148600, "split": false}, "geometry": {"type": "Polygon", "coordinates": [[[-73.953048, 40.656081], [-73.95016, 40.65626], [-73.950066, 40.655423], [-73.94993, 40.65415], [-73.949769, 40.652642], [-73.949669, 40.651698], [-73.949571, 40.650807], [-73.952469, 40.65067], [-73.952563, 40.651546], [-73.952664, 40.65249], [-73.952824, 40.653978], [-73.952959, 40.65525], [-73.953048, 40.656081]]]}}, {"type": "Feature", "properties": {"unit_id": "36047011000", "name": "Census Tract 110 \u2014 Kings", "native_id": "36047011000", "source": "census_tract_2025", "adm3_name": "Kings County", "adm3_id": "36047", "area_sqm": 158058, "split": false}, "geometry": {"type": "Polygon", "coordinates": [[[-73.995683, 40.645385], [-73.993985, 40.647101], [-73.989059, 40.644119], [-73.990497, 40.643164], [-73.991929, 40.642205], [-73.996266, 40.644827], [-73.995683, 40.645385]]]}}, {"type": "Feature", "properties": {"unit_id": "36047049200", "name": "Census Tract 492 \u2014 Kings", "native_id": "36047049200", "source": "census_tract_2025", "adm3_name": "Kings County", "adm3_id": "36047", "area_sqm": 166635, "split": false}, "geometry": {"type": "Polygon", "coordinates": [[[-73.971744, 40.646001], [-73.970841, 40.646378], [-73.970774, 40.646111], [-73.970089, 40.643746], [-73.969484, 40.64169], [-73.968791, 40.639256], [-73.968722, 40.639018], [-73.968039, 40.636651], [-73.970291, 40.636407], [-73.970772, 40.638791], [-73.971222, 40.64118], [-73.971648, 40.643573], [-73.972086, 40.645863], [-73.971744, 40.646001]]]}}, {"type": "Feature", "properties": {"unit_id": "36047052700", "name": "Census Tract 527 \u2014 Kings", "native_id": "36047052700", "source": "census_tract_2025", "adm3_name": "Kings County", "adm3_id": "36047", "area_sqm": 190002, "split": false}, "geometry": {"type": "Polygon", "coordinates": [[[-73.957488, 40.70908], [-73.956624, 40.710384], [-73.955498, 40.709949], [-73.955175, 40.710465], [-73.95236, 40.709716], [-73.95083, 40.709143], [-73.95066, 40.70817], [-73.95053, 40.707391], [-73.950406, 40.706653], [-73.950237, 40.705473], [-73.951086, 40.705913], [-73.95191, 40.70636], [-73.953378, 40.706857], [-73.954017, 40.70708], [-73.957904, 40.708427], [-73.957488, 40.70908]]]}}, {"type": "Feature", "properties": {"unit_id": "36047049700", "name": "Census Tract 497 \u2014 Kings", "native_id": "36047049700", "source": "census_tract_2025", "adm3_name": "Kings County", "adm3_id": "36047", "area_sqm": 164634, "split": false}, "geometry": {"type": "Polygon", "coordinates": [[[-73.946744, 40.718548], [-73.943427, 40.718934], [-73.943285, 40.718226], [-73.94317, 40.717517], [-73.942687, 40.714692], [-73.942066, 40.714729], [-73.941713, 40.714007], [-73.942583, 40.713955], [-73.944265, 40.713796], [-73.945949, 40.713638], [-73.94607, 40.714372], [-73.946186, 40.715067], [-73.946533, 40.717198], [-73.946723, 40.718392], [-73.946744, 40.718548]]]}}, {"type": "Feature", "properties": {"unit_id": "36047118202", "name": "Census Tract 1182.02 \u2014 Kings", "native_id": "36047118202", "source": "census_tract_2025", "adm3_name": "Kings County", "adm3_id": "36047", "area_sqm": 124326, "split": false}, "geometry": {"type": "Polygon", "coordinates": [[[-73.870128, 40.690709], [-73.868059, 40.691184], [-73.867277, 40.687745], [-73.867018, 40.68683], [-73.869084, 40.686322], [-73.869909, 40.686116], [-73.870948, 40.690502], [-73.870128, 40.690709]]]}}, {"type": "Feature", "properties": {"unit_id": "36047033702", "name": "Census Tract 337.02 \u2014 Kings", "native_id": "36047033702", "source": "census_tract_2025", "adm3_name": "Kings County", "adm3_id": "36047", "area_sqm": 98915, "split": false}, "geometry": {"type": "Polygon", "coordinates": [[[-73.947731, 40.669705], [-73.942196, 40.669403], [-73.936657, 40.669101], [-73.936749, 40.668128], [-73.939515, 40.668296], [-73.942285, 40.668461], [-73.947818, 40.668784], [-73.947731, 40.669705]]]}}, {"type": "Feature", "properties": {"unit_id": "36047093000", "name": "Census Tract 930 \u2014 Kings", "native_id": "36047093000", "source": "census_tract_2025", "adm3_name": "Kings County", "adm3_id": "36047", "area_sqm": 194229, "split": false}, "geometry": {"type": "Polygon", "coordinates": [[[-73.917801, 40.648568], [-73.91632, 40.649527], [-73.918137, 40.651158], [-73.91737, 40.651654], [-73.915226, 40.653039], [-73.913407, 40.651407], [-73.911823, 40.649984], [-73.913253, 40.649061], [-73.916937, 40.646683], [-73.918515, 40.648106], [-73.917801, 40.648568]]]}}, {"type": "Feature", "properties": {"unit_id": "36047031100", "name": "Census Tract 311 \u2014 Kings", "native_id": "36047031100", "source": "census_tract_2025", "adm3_name": "Kings County", "adm3_id": "36047", "area_sqm": 152683, "split": false}, "geometry": {"type": "Polygon", "coordinates": [[[-73.941609, 40.675643], [-73.941535, 40.676421], [-73.941385, 40.677919], [-73.941369, 40.678093], [-73.938593, 40.67797], [-73.935858, 40.677817], [-73.935997, 40.676121], [-73.936078, 40.675335], [-73.938841, 40.675493], [-73.938895, 40.674599], [-73.941694, 40.674748], [-73.941609, 40.675643]]]}}, {"type": "Feature", "properties": {"unit_id": "36047069601", "name": "Census Tract 696.01 \u2014 Kings", "native_id": "36047069601", "source": "census_tract_2025", "adm3_name": "Kings County", "adm3_id": "36047", "area_sqm": 456923, "split": false}, "geometry": {"type": "Polygon", "coordinates": [[[-73.918604, 40.632096], [-73.916922, 40.631669], [-73.90848, 40.627979], [-73.910797, 40.626376], [-73.912071, 40.625088], [-73.91747, 40.621513], [-73.917515, 40.621941], [-73.917995, 40.626458], [-73.918162, 40.628005], [-73.918242, 40.62877], [-73.918604, 40.632096]]]}}, {"type": "Feature", "properties": {"unit_id": "36061025300", "name": "Census Tract 253 \u2014 New York", "native_id": "36061025300", "source": "census_tract_2025", "adm3_name": "New York County", "adm3_id": "36061", "area_sqm": 169344, "split": false}, "geometry": {"type": "Polygon", "coordinates": [[[-73.941142, 40.844049], [-73.940518, 40.845369], [-73.938855, 40.844679], [-73.938731, 40.844636], [-73.937518, 40.844137], [-73.936126, 40.84355], [-73.934671, 40.842958], [-73.935567, 40.841713], [-73.936464, 40.840482], [-73.937929, 40.841087], [-73.939334, 40.841681], [-73.942013, 40.84281], [-73.941142, 40.844049]]]}}, {"type": "Feature", "properties": {"unit_id": "36061021000", "name": "Census Tract 210 \u2014 New York", "native_id": "36061021000", "source": "census_tract_2025", "adm3_name": "New York County", "adm3_id": "36061", "area_sqm": 203714, "split": false}, "geometry": {"type": "Polygon", "coordinates": [[[-73.938593, 40.811435], [-73.937635, 40.812748], [-73.936688, 40.814044], [-73.93621, 40.814674], [-73.935756, 40.815326], [-73.934128, 40.817734], [-73.934475, 40.819697], [-73.933823, 40.819491], [-73.932327, 40.819503], [-73.932401, 40.814151], [-73.932605, 40.811517], [-73.93424, 40.810846], [-73.935819, 40.809503], [-73.937408, 40.810176], [-73.939018, 40.810856], [-73.938593, 40.811435]]]}}, {"type": "Feature", "properties": {"unit_id": "36047074800", "name": "Census Tract 748 \u2014 Kings", "native_id": "36047074800", "source": "census_tract_2025", "adm3_name": "Kings County", "adm3_id": "36047", "area_sqm": 176549, "split": false}, "geometry": {"type": "Polygon", "coordinates": [[[-73.949274, 40.624072], [-73.946422, 40.624385], [-73.945425, 40.624496], [-73.94497, 40.622105], [-73.944518, 40.619714], [-73.945516, 40.619606], [-73.946514, 40.619494], [-73.947443, 40.619393], [-73.948369, 40.619291], [-73.94882, 40.621682], [-73.949274, 40.624072]]]}}, {"type": "Feature", "properties": {"unit_id": "36047120000", "name": "Census Tract 1200 \u2014 Kings", "native_id": "36047120000", "source": "census_tract_2025", "adm3_name": "Kings County", "adm3_id": "36047", "area_sqm": 150529, "split": false}, "geometry": {"type": "Polygon", "coordinates": [[[-73.870387, 40.676939], [-73.869776, 40.677027], [-73.867258, 40.676113], [-73.864554, 40.675151], [-73.863101, 40.674648], [-73.861764, 40.674233], [-73.862074, 40.674208], [-73.862992, 40.674073], [-73.863919, 40.673942], [-73.866668, 40.673544], [-73.869447, 40.673143], [-73.869752, 40.674404], [-73.870073, 40.675671], [-73.870387, 40.676939]]]}}, {"type": "Feature", "properties": {"unit_id": "36047023200", "name": "Census Tract 232 \u2014 Kings", "native_id": "36047023200", "source": "census_tract_2025", "adm3_name": "Kings County", "adm3_id": "36047", "area_sqm": 226376, "split": false}, "geometry": {"type": "Polygon", "coordinates": [[[-73.989789, 40.637264], [-73.989206, 40.637824], [-73.98862, 40.638385], [-73.988039, 40.638947], [-73.987455, 40.639505], [-73.985252, 40.638175], [-73.985836, 40.637616], [-73.983634, 40.636285], [-73.984218, 40.635726], [-73.982015, 40.634395], [-73.982598, 40.633837], [-73.983763, 40.632717], [-73.985964, 40.634047], [-73.990373, 40.636705], [-73.989789, 40.637264]]]}}, {"type": "Feature", "properties": {"unit_id": "36061019701", "name": "Census Tract 197.01 \u2014 New York", "native_id": "36061019701", "source": "census_tract_2025", "adm3_name": "New York County", "adm3_id": "36061", "area_sqm": 235976, "split": false}, "geometry": {"type": "Polygon", "coordinates": [[[-73.963384, 40.803628], [-73.962926, 40.804256], [-73.962475, 40.804886], [-73.962008, 40.805509], [-73.960074, 40.804706], [-73.959826, 40.805435], [-73.958407, 40.807419], [-73.957617, 40.808671], [-73.957091, 40.81008], [-73.958272, 40.810629], [-73.957808, 40.811264], [-73.954966, 40.810064], [-73.95543, 40.809429], [-73.956344, 40.808174], [-73.957266, 40.806916], [-73.958182, 40.805597], [-73.958204, 40.803894], [-73.958249, 40.803107], [-73.959647, 40.801156], [-73.961077, 40.8018], [-73.963861, 40.802972], [-73.963384, 40.803628]]]}}, {"type": "Feature", "properties": {"unit_id": "36047011200", "name": "Census Tract 112 \u2014 Kings", "native_id": "36047011200", "source": "census_tract_2025", "adm3_name": "Kings County", "adm3_id": "36047", "area_sqm": 171313, "split": false}, "geometry": {"type": "Polygon", "coordinates": [[[-73.998011, 40.643147], [-73.997426, 40.643706], [-73.996844, 40.644266], [-73.996266, 40.644827], [-73.991929, 40.642205], [-73.992644, 40.641728], [-73.994077, 40.64077], [-73.994331, 40.6406], [-73.99551, 40.63981], [-73.996974, 40.640694], [-73.999176, 40.642026], [-73.998011, 40.643147]]]}}, {"type": "Feature", "properties": {"unit_id": "36047012901", "name": "Census Tract 129.01 \u2014 Kings", "native_id": "36047012901", "source": "census_tract_2025", "adm3_name": "Kings County", "adm3_id": "36047", "area_sqm": 128568, "split": false}, "geometry": {"type": "Polygon", "coordinates": [[[-73.980894, 40.680587], [-73.980463, 40.681221], [-73.980034, 40.681854], [-73.979605, 40.682489], [-73.978743, 40.68376], [-73.978337, 40.684395], [-73.978026, 40.684864], [-73.977457, 40.684052], [-73.976667, 40.682973], [-73.976317, 40.682509], [-73.977023, 40.681486], [-73.977455, 40.680853], [-73.977815, 40.680313], [-73.977886, 40.680217], [-73.978676, 40.679047], [-73.97956, 40.679287], [-73.981324, 40.679952], [-73.980894, 40.680587]]]}}, {"type": "Feature", "properties": {"unit_id": "36047001501", "name": "Census Tract 15.01 \u2014 Kings", "native_id": "36047001501", "source": "census_tract_2025", "adm3_name": "Kings County", "adm3_id": "36047", "area_sqm": 165241, "split": false}, "geometry": {"type": "Polygon", "coordinates": [[[-73.984606, 40.695945], [-73.98496, 40.698445], [-73.983152, 40.698381], [-73.983051, 40.698378], [-73.982192, 40.697503], [-73.980515, 40.697437], [-73.980388, 40.696507], [-73.980356, 40.696178], [-73.980139, 40.694683], [-73.979168, 40.693489], [-73.982512, 40.693614], [-73.982453, 40.694796], [-73.985143, 40.694885], [-73.984606, 40.695945]]]}}, {"type": "Feature", "properties": {"unit_id": "36047067600", "name": "Census Tract 676 \u2014 Kings", "native_id": "36047067600", "source": "census_tract_2025", "adm3_name": "Kings County", "adm3_id": "36047", "area_sqm": 155374, "split": false}, "geometry": {"type": "Polygon", "coordinates": [[[-73.932195, 40.623269], [-73.928316, 40.625785], [-73.926709, 40.626821], [-73.924918, 40.627984], [-73.92471, 40.62601], [-73.924469, 40.623743], [-73.926366, 40.623622], [-73.927369, 40.623562], [-73.929311, 40.623441], [-73.930282, 40.623381], [-73.932195, 40.623269]]]}}, {"type": "Feature", "properties": {"unit_id": "36047123700", "name": "Census Tract 1237 \u2014 Kings", "native_id": "36047123700", "source": "census_tract_2025", "adm3_name": "Kings County", "adm3_id": "36047", "area_sqm": 321360, "split": false}, "geometry": {"type": "Polygon", "coordinates": [[[-73.961051, 40.698326], [-73.958858, 40.698677], [-73.95702, 40.698974], [-73.95337, 40.699405], [-73.952925, 40.697204], [-73.952489, 40.695004], [-73.954307, 40.694791], [-73.956143, 40.694579], [-73.957997, 40.694366], [-73.960158, 40.694117], [-73.961051, 40.698326]]]}}, {"type": "Feature", "properties": {"unit_id": "36047079801", "name": "Census Tract 798.01 \u2014 Kings", "native_id": "36047079801", "source": "census_tract_2025", "adm3_name": "Kings County", "adm3_id": "36047", "area_sqm": 129680, "split": false}, "geometry": {"type": "Polygon", "coordinates": [[[-73.96077, 40.661734], [-73.957044, 40.661965], [-73.956958, 40.66118], [-73.956875, 40.660442], [-73.956801, 40.65973], [-73.956725, 40.659017], [-73.956649, 40.658306], [-73.960426, 40.658072], [-73.960484, 40.65841], [-73.960622, 40.660205], [-73.960662, 40.660947], [-73.96077, 40.661734]]]}}, {"type": "Feature", "properties": {"unit_id": "36047042800", "name": "Census Tract 428 \u2014 Kings", "native_id": "36047042800", "source": "census_tract_2025", "adm3_name": "Kings County", "adm3_id": "36047", "area_sqm": 164702, "split": false}, "geometry": {"type": "Polygon", "coordinates": [[[-73.988551, 40.607002], [-73.988423, 40.607119], [-73.984403, 40.607559], [-73.983477, 40.607663], [-73.982548, 40.607764], [-73.9821, 40.605379], [-73.981679, 40.60316], [-73.982605, 40.603058], [-73.984457, 40.602854], [-73.984925, 40.605313], [-73.985973, 40.605877], [-73.989132, 40.606456], [-73.988551, 40.607002]]]}}, {"type": "Feature", "properties": {"unit_id": "36047056301", "name": "Census Tract 563.01 \u2014 Kings", "native_id": "36047056301", "source": "census_tract_2025", "adm3_name": "Kings County", "adm3_id": "36047", "area_sqm": 179514, "split": false}, "geometry": {"type": "Polygon", "coordinates": [[[-73.959945, 40.733979], [-73.958408, 40.734844], [-73.958635, 40.736213], [-73.955307, 40.736577], [-73.95519, 40.735867], [-73.955074, 40.73516], [-73.954843, 40.73374], [-73.954609, 40.732324], [-73.957943, 40.732009], [-73.959592, 40.731852], [-73.959945, 40.733979]]]}}, {"type": "Feature", "properties": {"unit_id": "36047052000", "name": "Census Tract 520 \u2014 Kings", "native_id": "36047052000", "source": "census_tract_2025", "adm3_name": "Kings County", "adm3_id": "36047", "area_sqm": 190568, "split": false}, "geometry": {"type": "Polygon", "coordinates": [[[-73.966174, 40.640431], [-73.96443, 40.641214], [-73.963557, 40.64161], [-73.963186, 40.639672], [-73.962203, 40.6345], [-73.963946, 40.633662], [-73.964805, 40.633249], [-73.965382, 40.636279], [-73.965792, 40.638441], [-73.966174, 40.640431]]]}}, {"type": "Feature", "properties": {"unit_id": "36047081000", "name": "Census Tract 810 \u2014 Kings", "native_id": "36047081000", "source": "census_tract_2025", "adm3_name": "Kings County", "adm3_id": "36047", "area_sqm": 162403, "split": false}, "geometry": {"type": "Polygon", "coordinates": [[[-73.947676, 40.660297], [-73.945413, 40.660437], [-73.939813, 40.660785], [-73.939734, 40.660074], [-73.94255, 40.659892], [-73.942314, 40.657609], [-73.947354, 40.65728], [-73.947522, 40.658876], [-73.947601, 40.659586], [-73.947676, 40.660297]]]}}, {"type": "Feature", "properties": {"unit_id": "36047095400", "name": "Census Tract 954 \u2014 Kings", "native_id": "36047095400", "source": "census_tract_2025", "adm3_name": "Kings County", "adm3_id": "36047", "area_sqm": 237026, "split": false}, "geometry": {"type": "Polygon", "coordinates": [[[-73.91893, 40.640585], [-73.915925, 40.642384], [-73.913904, 40.640569], [-73.912034, 40.63889], [-73.910367, 40.637391], [-73.911792, 40.636466], [-73.913278, 40.635508], [-73.914943, 40.637007], [-73.916809, 40.638682], [-73.91893, 40.640585]]]}}, {"type": "Feature", "properties": {"unit_id": "36061013202", "name": "Census Tract 132.02 \u2014 New York", "native_id": "36061013202", "source": "census_tract_2025", "adm3_name": "New York County", "adm3_id": "36061", "area_sqm": 68947, "split": false}, "geometry": {"type": "Polygon", "coordinates": [[[-73.951398, 40.770073], [-73.950932, 40.770709], [-73.950435, 40.771391], [-73.948231, 40.77046], [-73.948073, 40.770394], [-73.947502, 40.770121], [-73.947973, 40.769512], [-73.949042, 40.768263], [-73.951858, 40.769441], [-73.951398, 40.770073]]]}}, {"type": "Feature", "properties": {"unit_id": "36047021000", "name": "Census Tract 210 \u2014 Kings", "native_id": "36047021000", "source": "census_tract_2025", "adm3_name": "Kings County", "adm3_id": "36047", "area_sqm": 150022, "split": false}, "geometry": {"type": "Polygon", "coordinates": [[[-74.011428, 40.629162], [-74.010004, 40.630113], [-74.008754, 40.629371], [-74.006554, 40.62804], [-74.00435, 40.626711], [-74.004932, 40.626151], [-74.006095, 40.625033], [-74.008299, 40.626361], [-74.0105, 40.627693], [-74.012142, 40.628684], [-74.011428, 40.629162]]]}}, {"type": "Feature", "properties": {"unit_id": "36061010601", "name": "Census Tract 106.01 \u2014 New York", "native_id": "36061010601", "source": "census_tract_2025", "adm3_name": "New York County", "adm3_id": "36061", "area_sqm": 121959, "split": false}, "geometry": {"type": "Polygon", "coordinates": [[[-73.963871, 40.757008], [-73.963412, 40.757637], [-73.962925, 40.758309], [-73.962432, 40.758981], [-73.961966, 40.759619], [-73.959722, 40.758663], [-73.958719, 40.75864], [-73.958478, 40.75854], [-73.955527, 40.757243], [-73.958614, 40.753848], [-73.961565, 40.755208], [-73.961773, 40.755284], [-73.9621, 40.755455], [-73.964325, 40.756381], [-73.963871, 40.757008]]]}}, {"type": "Feature", "properties": {"unit_id": "36047012600", "name": "Census Tract 126 \u2014 Kings", "native_id": "36047012600", "source": "census_tract_2025", "adm3_name": "Kings County", "adm3_id": "36047", "area_sqm": 235982, "split": false}, "geometry": {"type": "Polygon", "coordinates": [[[-74.02291, 40.636108], [-74.022626, 40.636799], [-74.021087, 40.638262], [-74.019554, 40.637091], [-74.018897, 40.636856], [-74.016752, 40.63544], [-74.015925, 40.633382], [-74.015139, 40.633217], [-74.016048, 40.631033], [-74.016956, 40.631622], [-74.01853, 40.632334], [-74.018245, 40.633034], [-74.020722, 40.634169], [-74.023235, 40.635318], [-74.02291, 40.636108]]]}}, {"type": "Feature", "properties": {"unit_id": "36061000201", "name": "Census Tract 2.01 \u2014 New York", "native_id": "36061000201", "source": "census_tract_2025", "adm3_name": "New York County", "adm3_id": "36061", "area_sqm": 90233, "split": false}, "geometry": {"type": "Polygon", "coordinates": [[[-73.987165, 40.714312], [-73.985344, 40.714462], [-73.985058, 40.713078], [-73.984547, 40.709495], [-73.984189, 40.705582], [-73.98653, 40.704979], [-73.986546, 40.709297], [-73.986742, 40.711536], [-73.986926, 40.712903], [-73.987062, 40.713638], [-73.987165, 40.714312]]]}}, {"type": "Feature", "properties": {"unit_id": "36061010200", "name": "Census Tract 102 \u2014 New York", "native_id": "36061010200", "source": "census_tract_2025", "adm3_name": "New York County", "adm3_id": "36061", "area_sqm": 172891, "split": false}, "geometry": {"type": "Polygon", "coordinates": [[[-73.977655, 40.757912], [-73.974457, 40.762293], [-73.972852, 40.761614], [-73.971243, 40.760937], [-73.974439, 40.756556], [-73.976045, 40.757232], [-73.977655, 40.757912]]]}}, {"type": "Feature", "properties": {"unit_id": "36047056500", "name": "Census Tract 565 \u2014 Kings", "native_id": "36047056500", "source": "census_tract_2025", "adm3_name": "Kings County", "adm3_id": "36047", "area_sqm": 237963, "split": false}, "geometry": {"type": "Polygon", "coordinates": [[[-73.961843, 40.731625], [-73.959592, 40.731852], [-73.957943, 40.732009], [-73.954609, 40.732324], [-73.954379, 40.730907], [-73.954245, 40.730197], [-73.953957, 40.729503], [-73.953658, 40.728823], [-73.95736, 40.728458], [-73.961215, 40.728151], [-73.961214, 40.729508], [-73.96145, 40.730994], [-73.961843, 40.731625]]]}}, {"type": "Feature", "properties": {"unit_id": "36061023000", "name": "Census Tract 230 \u2014 New York", "native_id": "36061023000", "source": "census_tract_2025", "adm3_name": "New York County", "adm3_id": "36061", "area_sqm": 173688, "split": false}, "geometry": {"type": "Polygon", "coordinates": [[[-73.944231, 40.819673], [-73.943778, 40.820294], [-73.943322, 40.820917], [-73.940477, 40.819721], [-73.937641, 40.818517], [-73.938087, 40.8179], [-73.938539, 40.817282], [-73.938991, 40.816663], [-73.939457, 40.816027], [-73.942299, 40.817226], [-73.945141, 40.818424], [-73.944231, 40.819673]]]}}, {"type": "Feature", "properties": {"unit_id": "36061015403", "name": "Census Tract 154.03 \u2014 New York", "native_id": "36061015403", "source": "census_tract_2025", "adm3_name": "New York County", "adm3_id": "36061", "area_sqm": 51715, "split": false}, "geometry": {"type": "Polygon", "coordinates": [[[-73.951199, 40.782634], [-73.950739, 40.783262], [-73.950282, 40.783891], [-73.948039, 40.782942], [-73.948501, 40.782317], [-73.948961, 40.781689], [-73.949419, 40.781062], [-73.950278, 40.781425], [-73.951659, 40.782008], [-73.951199, 40.782634]]]}}, {"type": "Feature", "properties": {"unit_id": "36047069800", "name": "Census Tract 698 \u2014 Kings", "native_id": "36047069800", "source": "census_tract_2025", "adm3_name": "Kings County", "adm3_id": "36047", "area_sqm": 500249, "split": false}, "geometry": {"type": "Polygon", "coordinates": [[[-73.921116, 40.610701], [-73.919009, 40.61212], [-73.916095, 40.613998], [-73.913877, 40.615432], [-73.915694, 40.617065], [-73.91714, 40.61839], [-73.917265, 40.619548], [-73.914848, 40.619697], [-73.911682, 40.616851], [-73.909888, 40.615242], [-73.911727, 40.614016], [-73.912863, 40.611638], [-73.914056, 40.608984], [-73.917254, 40.606731], [-73.91782, 40.606391], [-73.919296, 40.606947], [-73.919693, 40.607311], [-73.922498, 40.609809], [-73.921116, 40.610701]]]}}, {"type": "Feature", "properties": {"unit_id": "36047006901", "name": "Census Tract 69.01 \u2014 Kings", "native_id": "36047006901", "source": "census_tract_2025", "adm3_name": "Kings County", "adm3_id": "36047", "area_sqm": 74434, "split": false}, "geometry": {"type": "Polygon", "coordinates": [[[-73.993338, 40.687679], [-73.993269, 40.687825], [-73.990468, 40.686728], [-73.988289, 40.685869], [-73.988712, 40.685224], [-73.989129, 40.68459], [-73.991332, 40.685448], [-73.99393, 40.686453], [-73.993338, 40.687679]]]}}, {"type": "Feature", "properties": {"unit_id": "36047051200", "name": "Census Tract 512 \u2014 Kings", "native_id": "36047051200", "source": "census_tract_2025", "adm3_name": "Kings County", "adm3_id": "36047", "area_sqm": 139992, "split": false}, "geometry": {"type": "Polygon", "coordinates": [[[-73.965468, 40.64672], [-73.964535, 40.646819], [-73.964903, 40.648721], [-73.963984, 40.649085], [-73.963075, 40.64944], [-73.961935, 40.648511], [-73.961672, 40.647115], [-73.961214, 40.644723], [-73.962162, 40.644617], [-73.963125, 40.644512], [-73.964087, 40.644407], [-73.965012, 40.644302], [-73.965468, 40.64672]]]}}, {"type": "Feature", "properties": {"unit_id": "36061023300", "name": "Census Tract 233 \u2014 New York", "native_id": "36061023300", "source": "census_tract_2025", "adm3_name": "New York County", "adm3_id": "36061", "area_sqm": 232212, "split": false}, "geometry": {"type": "Polygon", "coordinates": [[[-73.9599711217338, 40.8344072461424], [-73.952247, 40.83128], [-73.949688, 40.830244], [-73.948139, 40.829599], [-73.945292, 40.828401], [-73.946203, 40.827154], [-73.947117, 40.825904], [-73.94996, 40.827104], [-73.951969, 40.827041], [-73.953712, 40.827275], [-73.954429, 40.828074], [-73.9614792760709, 40.8308810813704], [-73.9599711217338, 40.8344072461424]]]}}, {"type": "Feature", "properties": {"unit_id": "36047042900", "name": "Census Tract 429 \u2014 Kings", "native_id": "36047042900", "source": "census_tract_2025", "adm3_name": "Kings County", "adm3_id": "36047", "area_sqm": 168134, "split": false}, "geometry": {"type": "Polygon", "coordinates": [[[-73.926838, 40.701334], [-73.923834, 40.704398], [-73.923083, 40.703975], [-73.922331, 40.703543], [-73.92158, 40.703115], [-73.920827, 40.702686], [-73.920075, 40.702259], [-73.923082, 40.6992], [-73.923833, 40.699628], [-73.924582, 40.700056], [-73.925329, 40.700481], [-73.926838, 40.701334]]]}}, {"type": "Feature", "properties": {"unit_id": "36047070601", "name": "Census Tract 706.01 \u2014 Kings", "native_id": "36047070601", "source": "census_tract_2025", "adm3_name": "Kings County", "adm3_id": "36047", "area_sqm": 453432, "split": false}, "geometry": {"type": "Polygon", "coordinates": [[[-73.908928, 40.618877], [-73.907072, 40.617265], [-73.904915, 40.618664], [-73.904201, 40.619127], [-73.902744, 40.620068], [-73.901989, 40.620563], [-73.89835, 40.61731], [-73.898559, 40.615172], [-73.899239, 40.614666], [-73.900672, 40.613744], [-73.901373, 40.613278], [-73.903457, 40.614035], [-73.904927, 40.613237], [-73.91026, 40.61778], [-73.908928, 40.618877]]]}}, {"type": "Feature", "properties": {"unit_id": "36061022301", "name": "Census Tract 223.01 \u2014 New York", "native_id": "36061022301", "source": "census_tract_2025", "adm3_name": "New York County", "adm3_id": "36061", "area_sqm": 186810, "split": false}, "geometry": {"type": "Polygon", "coordinates": [[[-73.963657546337, 40.8262982883083], [-73.959192, 40.824342], [-73.957222, 40.823226], [-73.955697, 40.822876], [-73.953676, 40.822019], [-73.952911, 40.821697], [-73.950829, 40.820829], [-73.9522, 40.81895], [-73.952721, 40.818236], [-73.955451, 40.819377], [-73.955076, 40.820097], [-73.957523, 40.821143], [-73.958407, 40.821497], [-73.958743, 40.82162], [-73.9650918110465, 40.8244835043902], [-73.963657546337, 40.8262982883083]]]}}, {"type": "Feature", "properties": {"unit_id": "36047057800", "name": "Census Tract 578 \u2014 Kings", "native_id": "36047057800", "source": "census_tract_2025", "adm3_name": "Kings County", "adm3_id": "36047", "area_sqm": 172233, "split": false}, "geometry": {"type": "Polygon", "coordinates": [[[-73.953978, 40.601401], [-73.953037, 40.601506], [-73.951834, 40.601637], [-73.949874, 40.601853], [-73.949047, 40.597479], [-73.951006, 40.597262], [-73.95315, 40.597028], [-73.953978, 40.601401]]]}}, {"type": "Feature", "properties": {"unit_id": "36047056100", "name": "Census Tract 561 \u2014 Kings", "native_id": "36047056100", "source": "census_tract_2025", "adm3_name": "Kings County", "adm3_id": "36047", "area_sqm": 338520, "split": false}, "geometry": {"type": "Polygon", "coordinates": [[[-73.961436, 40.727298], [-73.961215, 40.728151], [-73.95736, 40.728458], [-73.953658, 40.728823], [-73.953273, 40.728133], [-73.952412, 40.728418], [-73.950875, 40.725721], [-73.951736, 40.725436], [-73.952597, 40.725152], [-73.955272, 40.724277], [-73.956273, 40.72339], [-73.957717, 40.724298], [-73.95892, 40.724351], [-73.961611, 40.724951], [-73.961436, 40.727298]]]}}, {"type": "Feature", "properties": {"unit_id": "36047102200", "name": "Census Tract 1022 \u2014 Kings", "native_id": "36047102200", "source": "census_tract_2025", "adm3_name": "Kings County", "adm3_id": "36047", "area_sqm": 162849, "split": false}, "geometry": {"type": "Polygon", "coordinates": [[[-73.893375, 40.637108], [-73.890328, 40.63908], [-73.886646, 40.635775], [-73.889695, 40.633802], [-73.891557, 40.635475], [-73.893375, 40.637108]]]}}, {"type": "Feature", "properties": {"unit_id": "36061003400", "name": "Census Tract 34 \u2014 New York", "native_id": "36061003400", "source": "census_tract_2025", "adm3_name": "New York County", "adm3_id": "36061", "area_sqm": 160257, "split": false}, "geometry": {"type": "Polygon", "coordinates": [[[-73.984448, 40.728781], [-73.983543, 40.730021], [-73.983077, 40.730659], [-73.982564, 40.731361], [-73.980338, 40.730448], [-73.978001, 40.729429], [-73.978536, 40.728746], [-73.978998, 40.728106], [-73.979469, 40.727468], [-73.979906, 40.726866], [-73.982228, 40.727846], [-73.982657, 40.727261], [-73.984875, 40.728194], [-73.984448, 40.728781]]]}}, {"type": "Feature", "properties": {"unit_id": "36047009800", "name": "Census Tract 98 \u2014 Kings", "native_id": "36047009800", "source": "census_tract_2025", "adm3_name": "Kings County", "adm3_id": "36047", "area_sqm": 151006, "split": false}, "geometry": {"type": "Polygon", "coordinates": [[[-74.010902, 40.644547], [-74.010319, 40.645106], [-74.009736, 40.645667], [-74.009153, 40.646227], [-74.00695, 40.644897], [-74.004747, 40.643567], [-74.00533, 40.643006], [-74.005913, 40.642445], [-74.007079, 40.641325], [-74.009281, 40.642657], [-74.011484, 40.643986], [-74.010902, 40.644547]]]}}, {"type": "Feature", "properties": {"unit_id": "36061002800", "name": "Census Tract 28 \u2014 New York", "native_id": "36061002800", "source": "census_tract_2025", "adm3_name": "New York County", "adm3_id": "36061", "area_sqm": 183626, "split": false}, "geometry": {"type": "Polygon", "coordinates": [[[-73.979906, 40.726866], [-73.979469, 40.727468], [-73.978998, 40.728106], [-73.978536, 40.728746], [-73.978001, 40.729429], [-73.975696, 40.728475], [-73.973298, 40.727428], [-73.975164, 40.724877], [-73.975598, 40.724283], [-73.977977, 40.725288], [-73.980333, 40.726281], [-73.979906, 40.726866]]]}}, {"type": "Feature", "properties": {"unit_id": "36061009100", "name": "Census Tract 91 \u2014 New York", "native_id": "36061009100", "source": "census_tract_2025", "adm3_name": "New York County", "adm3_id": "36061", "area_sqm": 179098, "split": false}, "geometry": {"type": "Polygon", "coordinates": [[[-73.998486, 40.745294], [-73.998009, 40.745952], [-73.997552, 40.746581], [-73.997099, 40.747205], [-73.994262, 40.746004], [-73.991419, 40.744802], [-73.992318, 40.743568], [-73.992805, 40.742901], [-73.993292, 40.742233], [-73.996129, 40.743431], [-73.998972, 40.74463], [-73.998486, 40.745294]]]}}, {"type": "Feature", "properties": {"unit_id": "36047079001", "name": "Census Tract 790.01 \u2014 Kings", "native_id": "36047079001", "source": "census_tract_2025", "adm3_name": "Kings County", "adm3_id": "36047", "area_sqm": 60467, "split": false}, "geometry": {"type": "Polygon", "coordinates": [[[-73.957637, 40.642689], [-73.954525, 40.642887], [-73.954281, 40.640589], [-73.954043, 40.638878], [-73.955638, 40.640504], [-73.957637, 40.642689]]]}}, {"type": "Feature", "properties": {"unit_id": "36061000800", "name": "Census Tract 8 \u2014 New York", "native_id": "36061000800", "source": "census_tract_2025", "adm3_name": "New York County", "adm3_id": "36061", "area_sqm": 220708, "split": false}, "geometry": {"type": "Polygon", "coordinates": [[[-73.997504, 40.714069], [-73.99484, 40.714209], [-73.99414, 40.714269], [-73.993016, 40.714356], [-73.992562, 40.714388], [-73.992267, 40.712468], [-73.991777, 40.709819], [-73.991939, 40.709528], [-73.989381, 40.705137], [-73.989495, 40.705145], [-73.992722, 40.705544], [-73.993693, 40.704476], [-73.996005, 40.708895], [-73.996222, 40.709181], [-73.996354, 40.709785], [-73.996444, 40.710199], [-73.996782, 40.711364], [-73.996947, 40.712072], [-73.997117, 40.712799], [-73.997504, 40.714069]]]}}, {"type": "Feature", "properties": {"unit_id": "36061022102", "name": "Census Tract 221.02 \u2014 New York", "native_id": "36061022102", "source": "census_tract_2025", "adm3_name": "New York County", "adm3_id": "36061", "area_sqm": 99000, "split": false}, "geometry": {"type": "Polygon", "coordinates": [[[-73.947036, 40.819209], [-73.946078, 40.821264], [-73.945155, 40.820876], [-73.943778, 40.820294], [-73.944231, 40.819673], [-73.945141, 40.818424], [-73.946055, 40.817175], [-73.947034, 40.81583], [-73.948356, 40.816374], [-73.947036, 40.819209]]]}}, {"type": "Feature", "properties": {"unit_id": "36047029500", "name": "Census Tract 295 \u2014 Kings", "native_id": "36047029500", "source": "census_tract_2025", "adm3_name": "Kings County", "adm3_id": "36047", "area_sqm": 164586, "split": false}, "geometry": {"type": "Polygon", "coordinates": [[[-73.93559, 40.685695], [-73.932669, 40.686032], [-73.92975, 40.686366], [-73.929591, 40.685635], [-73.929452, 40.684903], [-73.929309, 40.684169], [-73.929161, 40.683437], [-73.932086, 40.6831], [-73.935008, 40.682764], [-73.935155, 40.683497], [-73.9353, 40.684229], [-73.935444, 40.684963], [-73.93559, 40.685695]]]}}, {"type": "Feature", "properties": {"unit_id": "36061011202", "name": "Census Tract 112.02 \u2014 New York", "native_id": "36061011202", "source": "census_tract_2025", "adm3_name": "New York County", "adm3_id": "36061", "area_sqm": 78008, "split": false}, "geometry": {"type": "Polygon", "coordinates": [[[-73.973015, 40.764279], [-73.971411, 40.763588], [-73.969801, 40.762914], [-73.971243, 40.760937], [-73.972852, 40.761614], [-73.974457, 40.762293], [-73.973015, 40.764279]]]}}, {"type": "Feature", "properties": {"unit_id": "36061002100", "name": "Census Tract 21 \u2014 New York", "native_id": "36061002100", "source": "census_tract_2025", "adm3_name": "New York County", "adm3_id": "36061", "area_sqm": 237229, "split": false}, "geometry": {"type": "Polygon", "coordinates": [[[-74.013195, 40.715203], [-74.012731, 40.717114], [-74.010968, 40.716303], [-74.010834, 40.716925], [-74.009205, 40.716188], [-74.008823, 40.716014], [-74.007544, 40.715433], [-74.005889, 40.714678], [-74.007225, 40.713055], [-74.008601, 40.711392], [-74.010122, 40.712085], [-74.011663, 40.712798], [-74.0137, 40.713668], [-74.013195, 40.715203]]]}}, {"type": "Feature", "properties": {"unit_id": "36061019800", "name": "Census Tract 198 \u2014 New York", "native_id": "36061019800", "source": "census_tract_2025", "adm3_name": "New York County", "adm3_id": "36061", "area_sqm": 225452, "split": false}, "geometry": {"type": "Polygon", "coordinates": [[[-73.945693, 40.804515], [-73.944302, 40.806391], [-73.942754, 40.805744], [-73.941771, 40.807089], [-73.940157, 40.806409], [-73.938544, 40.80573], [-73.939989, 40.803756], [-73.940908, 40.802499], [-73.941825, 40.80124], [-73.943436, 40.801919], [-73.945052, 40.802599], [-73.944597, 40.803228], [-73.946131, 40.803877], [-73.945693, 40.804515]]]}}, {"type": "Feature", "properties": {"unit_id": "36047091200", "name": "Census Tract 912 \u2014 Kings", "native_id": "36047091200", "source": "census_tract_2025", "adm3_name": "Kings County", "adm3_id": "36047", "area_sqm": 167237, "split": false}, "geometry": {"type": "Polygon", "coordinates": [[[-73.91009, 40.667154], [-73.906355, 40.667708], [-73.905971, 40.666181], [-73.905578, 40.664659], [-73.905173, 40.663106], [-73.90892, 40.662554], [-73.909305, 40.664097], [-73.909699, 40.665628], [-73.91009, 40.667154]]]}}, {"type": "Feature", "properties": {"unit_id": "36047008200", "name": "Census Tract 82 \u2014 Kings", "native_id": "36047008200", "source": "census_tract_2025", "adm3_name": "Kings County", "adm3_id": "36047", "area_sqm": 139691, "split": false}, "geometry": {"type": "Polygon", "coordinates": [[[-74.010308, 40.651483], [-74.008545, 40.6532], [-74.00675, 40.652071], [-74.00449, 40.650706], [-74.005074, 40.650147], [-74.005659, 40.649584], [-74.006824, 40.648465], [-74.010915, 40.650938], [-74.010308, 40.651483]]]}}, {"type": "Feature", "properties": {"unit_id": "36047079201", "name": "Census Tract 792.01 \u2014 Kings", "native_id": "36047079201", "source": "census_tract_2025", "adm3_name": "Kings County", "adm3_id": "36047", "area_sqm": 108751, "split": false}, "geometry": {"type": "Polygon", "coordinates": [[[-73.958107, 40.646518], [-73.955652, 40.646631], [-73.95473, 40.644772], [-73.954665, 40.644197], [-73.954525, 40.642887], [-73.957637, 40.642689], [-73.957919, 40.644143], [-73.958022, 40.64507], [-73.958107, 40.646518]]]}}, {"type": "Feature", "properties": {"unit_id": "36061011000", "name": "Census Tract 110 \u2014 New York", "native_id": "36061011000", "source": "census_tract_2025", "adm3_name": "New York County", "adm3_id": "36061", "area_sqm": 176516, "split": false}, "geometry": {"type": "Polygon", "coordinates": [[[-73.965214, 40.763432], [-73.964755, 40.764058], [-73.964299, 40.764683], [-73.962064, 40.763735], [-73.959695, 40.76274], [-73.96015, 40.762115], [-73.960607, 40.761488], [-73.961068, 40.760858], [-73.961426, 40.760362], [-73.961966, 40.759619], [-73.963556, 40.760281], [-73.964314, 40.760599], [-73.966583, 40.761552], [-73.965214, 40.763432]]]}}, {"type": "Feature", "properties": {"unit_id": "36047012100", "name": "Census Tract 121 \u2014 Kings", "native_id": "36047012100", "source": "census_tract_2025", "adm3_name": "Kings County", "adm3_id": "36047", "area_sqm": 148056, "split": false}, "geometry": {"type": "Polygon", "coordinates": [[[-73.993878, 40.672005], [-73.993379, 40.672604], [-73.992369, 40.673813], [-73.987715, 40.671557], [-73.988726, 40.670342], [-73.989222, 40.669749], [-73.989723, 40.669146], [-73.994384, 40.671403], [-73.993878, 40.672005]]]}}, {"type": "Feature", "properties": {"unit_id": "36061024700", "name": "Census Tract 247 \u2014 New York", "native_id": "36061024700", "source": "census_tract_2025", "adm3_name": "New York County", "adm3_id": "36061", "area_sqm": 256348, "split": false}, "geometry": {"type": "Polygon", "coordinates": [[[-73.9556609407898, 40.8444847347862], [-73.947721, 40.841448], [-73.946502, 40.841241], [-73.94468, 40.841051], [-73.943066, 40.840193], [-73.943741, 40.838477], [-73.944022, 40.83778], [-73.944297, 40.837078], [-73.944574, 40.836382], [-73.943967, 40.835309], [-73.944426, 40.834681], [-73.945511, 40.835124], [-73.949594, 40.83683], [-73.9577157213363, 40.8396805217168], [-73.9556609407898, 40.8444847347862]]]}}, {"type": "Feature", "properties": {"unit_id": "36047018000", "name": "Census Tract 180 \u2014 Kings", "native_id": "36047018000", "source": "census_tract_2025", "adm3_name": "Kings County", "adm3_id": "36047", "area_sqm": 176108, "split": false}, "geometry": {"type": "Polygon", "coordinates": [[[-74.009078, 40.608378], [-74.006014, 40.611325], [-74.003425, 40.609969], [-74.004855, 40.608594], [-74.006625, 40.606895], [-74.008369, 40.605217], [-74.010823, 40.606701], [-74.009078, 40.608378]]]}}, {"type": "Feature", "properties": {"unit_id": "36047027800", "name": "Census Tract 278 \u2014 Kings", "native_id": "36047027800", "source": "census_tract_2025", "adm3_name": "Kings County", "adm3_id": "36047", "area_sqm": 160472, "split": false}, "geometry": {"type": "Polygon", "coordinates": [[[-74.002644, 40.607257], [-74.00195, 40.607818], [-74.000935, 40.608637], [-74.000021, 40.609386], [-73.999454, 40.60995], [-73.997503, 40.608775], [-73.998086, 40.608216], [-73.998667, 40.607657], [-73.999831, 40.606537], [-74.000457, 40.605934], [-74.00263, 40.603847], [-74.004934, 40.605075], [-74.002644, 40.607257]]]}}, {"type": "Feature", "properties": {"unit_id": "36047101800", "name": "Census Tract 1018 \u2014 Kings", "native_id": "36047101800", "source": "census_tract_2025", "adm3_name": "Kings County", "adm3_id": "36047", "area_sqm": 283765, "split": false}, "geometry": {"type": "Polygon", "coordinates": [[[-73.891252, 40.650026], [-73.889587, 40.648111], [-73.880739, 40.639613], [-73.883718, 40.63768], [-73.887386, 40.640981], [-73.885253, 40.642357], [-73.888901, 40.64563], [-73.892551, 40.648911], [-73.891252, 40.650026]]]}}, {"type": "Feature", "properties": {"unit_id": "36047023400", "name": "Census Tract 234 \u2014 Kings", "native_id": "36047023400", "source": "census_tract_2025", "adm3_name": "Kings County", "adm3_id": "36047", "area_sqm": 169784, "split": false}, "geometry": {"type": "Polygon", "coordinates": [[[-73.991539, 40.635583], [-73.990956, 40.636145], [-73.990373, 40.636705], [-73.985964, 40.634047], [-73.983763, 40.632717], [-73.984344, 40.632157], [-73.984928, 40.631597], [-73.985509, 40.631038], [-73.987713, 40.632366], [-73.99212, 40.635026], [-73.991539, 40.635583]]]}}, {"type": "Feature", "properties": {"unit_id": "36061029900", "name": "Census Tract 299 \u2014 New York", "native_id": "36061029900", "source": "census_tract_2025", "adm3_name": "New York County", "adm3_id": "36061", "area_sqm": 620159, "split": false}, "geometry": {"type": "Polygon", "coordinates": [[[-73.924742, 40.861594], [-73.922495, 40.862413], [-73.920611, 40.863113], [-73.920276, 40.862606], [-73.918943, 40.864463], [-73.917044, 40.867026], [-73.915183, 40.869551], [-73.914009, 40.87116], [-73.912269, 40.872518], [-73.911435, 40.873297], [-73.910485, 40.874015], [-73.908605, 40.871678], [-73.909804, 40.868282], [-73.91434, 40.862521], [-73.91929, 40.857475], [-73.920005, 40.856679], [-73.920958, 40.855112], [-73.92216, 40.855607], [-73.922867, 40.855872], [-73.922958, 40.858914], [-73.924742, 40.861594]]]}}, {"type": "Feature", "properties": {"unit_id": "36061016800", "name": "Census Tract 168 \u2014 New York", "native_id": "36061016800", "source": "census_tract_2025", "adm3_name": "New York County", "adm3_id": "36061", "area_sqm": 199277, "split": false}, "geometry": {"type": "Polygon", "coordinates": [[[-73.952984, 40.791722], [-73.951111, 40.794285], [-73.949508, 40.793606], [-73.947896, 40.792928], [-73.948386, 40.792256], [-73.949303, 40.790999], [-73.949766, 40.790372], [-73.950241, 40.789744], [-73.951609, 40.787858], [-73.954817, 40.789205], [-73.952984, 40.791722]]]}}, {"type": "Feature", "properties": {"unit_id": "36047092000", "name": "Census Tract 920 \u2014 Kings", "native_id": "36047092000", "source": "census_tract_2025", "adm3_name": "Kings County", "adm3_id": "36047", "area_sqm": 237149, "split": false}, "geometry": {"type": "Polygon", "coordinates": [[[-73.907191, 40.659619], [-73.90627, 40.659754], [-73.904385, 40.660034], [-73.900661, 40.660587], [-73.899652, 40.660735], [-73.899217, 40.659112], [-73.898807, 40.657407], [-73.899041, 40.657372], [-73.899967, 40.657285], [-73.900303, 40.657263], [-73.900755, 40.65723], [-73.903564, 40.656826], [-73.90545, 40.656547], [-73.906369, 40.656412], [-73.907191, 40.659619]]]}}, {"type": "Feature", "properties": {"unit_id": "36047024500", "name": "Census Tract 245 \u2014 Kings", "native_id": "36047024500", "source": "census_tract_2025", "adm3_name": "Kings County", "adm3_id": "36047", "area_sqm": 166849, "split": false}, "geometry": {"type": "Polygon", "coordinates": [[[-73.954246, 40.685047], [-73.95059, 40.685467], [-73.950299, 40.684001], [-73.950009, 40.682537], [-73.949861, 40.681804], [-73.949715, 40.68107], [-73.949557, 40.68039], [-73.953371, 40.680641], [-73.953516, 40.681383], [-73.953662, 40.682115], [-73.953954, 40.683581], [-73.954246, 40.685047]]]}}, {"type": "Feature", "properties": {"unit_id": "36061011300", "name": "Census Tract 113 \u2014 New York", "native_id": "36061011300", "source": "census_tract_2025", "adm3_name": "New York County", "adm3_id": "36061", "area_sqm": 175653, "split": false}, "geometry": {"type": "Polygon", "coordinates": [[[-73.989791, 40.757234], [-73.986949, 40.756036], [-73.984118, 40.754842], [-73.985043, 40.753554], [-73.985947, 40.752317], [-73.991633, 40.754707], [-73.989791, 40.757234]]]}}, {"type": "Feature", "properties": {"unit_id": "36061020102", "name": "Census Tract 201.02 \u2014 New York", "native_id": "36061020102", "source": "census_tract_2025", "adm3_name": "New York County", "adm3_id": "36061", "area_sqm": 83350, "split": false}, "geometry": {"type": "Polygon", "coordinates": [[[-73.958182, 40.805597], [-73.957266, 40.806916], [-73.955869, 40.806336], [-73.954416, 40.805725], [-73.955368, 40.80442], [-73.956321, 40.803115], [-73.957782, 40.803728], [-73.958204, 40.803894], [-73.958182, 40.805597]]]}}, {"type": "Feature", "properties": {"unit_id": "36061028100", "name": "Census Tract 281 \u2014 New York", "native_id": "36061028100", "source": "census_tract_2025", "adm3_name": "New York County", "adm3_id": "36061", "area_sqm": 94229, "split": false}, "geometry": {"type": "Polygon", "coordinates": [[[-73.936703, 40.855623], [-73.935602, 40.857109], [-73.934512, 40.858615], [-73.934088, 40.859382], [-73.93215, 40.859527], [-73.933681, 40.856783], [-73.934627, 40.854501], [-73.936038, 40.854915], [-73.936879, 40.855136], [-73.936703, 40.855623]]]}}, {"type": "Feature", "properties": {"unit_id": "36047109800", "name": "Census Tract 1098 \u2014 Kings", "native_id": "36047109800", "source": "census_tract_2025", "adm3_name": "Kings County", "adm3_id": "36047", "area_sqm": 854382, "split": false}, "geometry": {"type": "Polygon", "coordinates": [[[-73.909449, 40.651522], [-73.908558, 40.652096], [-73.907856, 40.654589], [-73.906916, 40.654732], [-73.903173, 40.655301], [-73.900303, 40.657263], [-73.899967, 40.657285], [-73.899041, 40.657372], [-73.898807, 40.657407], [-73.89611, 40.657754], [-73.895382, 40.65772], [-73.893547, 40.655202], [-73.89761, 40.653454], [-73.895861, 40.651881], [-73.897943, 40.650515], [-73.900892, 40.648641], [-73.903982, 40.646629], [-73.907615, 40.649896], [-73.908681, 40.650717], [-73.909449, 40.651522]]]}}, {"type": "Feature", "properties": {"unit_id": "36047035000", "name": "Census Tract 350 \u2014 Kings", "native_id": "36047035000", "source": "census_tract_2025", "adm3_name": "Kings County", "adm3_id": "36047", "area_sqm": 198571, "split": false}, "geometry": {"type": "Polygon", "coordinates": [[[-73.981975, 40.579254], [-73.977941, 40.579626], [-73.976271, 40.579821], [-73.976549, 40.575988], [-73.976619, 40.575301], [-73.981256, 40.575563], [-73.981975, 40.579254]]]}}, {"type": "Feature", "properties": {"unit_id": "36047056400", "name": "Census Tract 564 \u2014 Kings", "native_id": "36047056400", "source": "census_tract_2025", "adm3_name": "Kings County", "adm3_id": "36047", "area_sqm": 183221, "split": false}, "geometry": {"type": "Polygon", "coordinates": [[[-73.946059, 40.607082], [-73.945132, 40.607183], [-73.945598, 40.609643], [-73.943641, 40.609859], [-73.943547, 40.609346], [-73.942312, 40.608269], [-73.941547, 40.607582], [-73.93921, 40.605479], [-73.939916, 40.605386], [-73.941771, 40.605183], [-73.942769, 40.605073], [-73.943766, 40.604961], [-73.94562, 40.604759], [-73.946059, 40.607082]]]}}, {"type": "Feature", "properties": {"unit_id": "36047041401", "name": "Census Tract 414.01 \u2014 Kings", "native_id": "36047041401", "source": "census_tract_2025", "adm3_name": "Kings County", "adm3_id": "36047", "area_sqm": 135123, "split": false}, "geometry": {"type": "Polygon", "coordinates": [[[-73.972565, 40.601794], [-73.972352, 40.603348], [-73.972178, 40.604195], [-73.970991, 40.604322], [-73.970021, 40.604444], [-73.969576, 40.602122], [-73.96913, 40.599733], [-73.970056, 40.599632], [-73.971911, 40.599423], [-73.972911, 40.599315], [-73.972565, 40.601794]]]}}, {"type": "Feature", "properties": {"unit_id": "36047002200", "name": "Census Tract 22 \u2014 Kings", "native_id": "36047002200", "source": "census_tract_2025", "adm3_name": "Kings County", "adm3_id": "36047", "area_sqm": 340046, "split": false}, "geometry": {"type": "Polygon", "coordinates": [[[-74.026257, 40.640132], [-74.025724, 40.640631], [-74.022769, 40.643469], [-74.021598, 40.644598], [-74.023835, 40.645919], [-74.02146, 40.648182], [-74.019256, 40.646853], [-74.016651, 40.645331], [-74.017877, 40.644201], [-74.017926, 40.644233], [-74.019011, 40.643165], [-74.020212, 40.641981], [-74.021165, 40.641417], [-74.023105, 40.639996], [-74.023545, 40.639314], [-74.024754, 40.638121], [-74.026861, 40.639536], [-74.026257, 40.640132]]]}}, {"type": "Feature", "properties": {"unit_id": "36061004500", "name": "Census Tract 45 \u2014 New York", "native_id": "36061004500", "source": "census_tract_2025", "adm3_name": "New York County", "adm3_id": "36061", "area_sqm": 104948, "split": false}, "geometry": {"type": "Polygon", "coordinates": [[[-74.001425, 40.719938], [-73.999853, 40.721792], [-73.998812, 40.723021], [-73.997123, 40.722301], [-73.997655, 40.720836], [-73.999956, 40.718017], [-74.001884, 40.719398], [-74.001425, 40.719938]]]}}, {"type": "Feature", "properties": {"unit_id": "36047092200", "name": "Census Tract 922 \u2014 Kings", "native_id": "36047092200", "source": "census_tract_2025", "adm3_name": "Kings County", "adm3_id": "36047", "area_sqm": 161392, "split": false}, "geometry": {"type": "Polygon", "coordinates": [[[-73.910123, 40.655852], [-73.908245, 40.656133], [-73.907307, 40.656273], [-73.906369, 40.656412], [-73.90545, 40.656547], [-73.903564, 40.656826], [-73.900755, 40.65723], [-73.900303, 40.657263], [-73.903173, 40.655301], [-73.906916, 40.654732], [-73.907856, 40.654589], [-73.908558, 40.652096], [-73.909335, 40.652809], [-73.909726, 40.654313], [-73.909767, 40.654472], [-73.910123, 40.655852]]]}}, {"type": "Feature", "properties": {"unit_id": "36061012101", "name": "Census Tract 121.01 \u2014 New York", "native_id": "36061012101", "source": "census_tract_2025", "adm3_name": "New York County", "adm3_id": "36061", "area_sqm": 89046, "split": false}, "geometry": {"type": "Polygon", "coordinates": [[[-73.99214, 40.759103], [-73.991685, 40.759729], [-73.99123, 40.760354], [-73.990764, 40.760988], [-73.987927, 40.759791], [-73.988842, 40.758533], [-73.989791, 40.757234], [-73.992633, 40.75843], [-73.99214, 40.759103]]]}}, {"type": "Feature", "properties": {"unit_id": "36061014602", "name": "Census Tract 146.02 \u2014 New York", "native_id": "36061014602", "source": "census_tract_2025", "adm3_name": "New York County", "adm3_id": "36061", "area_sqm": 109174, "split": false}, "geometry": {"type": "Polygon", "coordinates": [[[-73.953492, 40.779496], [-73.953033, 40.780126], [-73.952575, 40.780753], [-73.950336, 40.77981], [-73.947968, 40.778807], [-73.948422, 40.778182], [-73.94888, 40.777553], [-73.949374, 40.776876], [-73.951743, 40.777875], [-73.953984, 40.778822], [-73.953492, 40.779496]]]}}, {"type": "Feature", "properties": {"unit_id": "36061013601", "name": "Census Tract 136.01 \u2014 New York", "native_id": "36061013601", "source": "census_tract_2025", "adm3_name": "New York County", "adm3_id": "36061", "area_sqm": 37574, "split": false}, "geometry": {"type": "Polygon", "coordinates": [[[-73.947584, 40.77108], [-73.947119, 40.771712], [-73.946656, 40.772351], [-73.946195, 40.772985], [-73.945728, 40.773622], [-73.944337, 40.773108], [-73.94019, 40.772955], [-73.942146, 40.772037], [-73.944658, 40.769846], [-73.945138, 40.769107], [-73.947502, 40.770121], [-73.948073, 40.770394], [-73.947584, 40.77108]]]}}, {"type": "Feature", "properties": {"unit_id": "36047113400", "name": "Census Tract 1134 \u2014 Kings", "native_id": "36047113400", "source": "census_tract_2025", "adm3_name": "Kings County", "adm3_id": "36047", "area_sqm": 153420, "split": false}, "geometry": {"type": "Polygon", "coordinates": [[[-73.901982, 40.66967], [-73.898341, 40.670212], [-73.89802, 40.668958], [-73.897633, 40.667419], [-73.897233, 40.665878], [-73.899076, 40.665608], [-73.900851, 40.665346], [-73.901668, 40.668413], [-73.901982, 40.66967]]]}}, {"type": "Feature", "properties": {"unit_id": "36047116000", "name": "Census Tract 1160 \u2014 Kings", "native_id": "36047116000", "source": "census_tract_2025", "adm3_name": "Kings County", "adm3_id": "36047", "area_sqm": 151414, "split": false}, "geometry": {"type": "Polygon", "coordinates": [[[-73.890878, 40.671318], [-73.888192, 40.671715], [-73.887289, 40.671848], [-73.886968, 40.670595], [-73.886574, 40.669058], [-73.886183, 40.667521], [-73.888889, 40.66712], [-73.88977, 40.66699], [-73.890165, 40.668524], [-73.890558, 40.67006], [-73.890878, 40.671318]]]}}, {"type": "Feature", "properties": {"unit_id": "36047117202", "name": "Census Tract 1172.02 \u2014 Kings", "native_id": "36047117202", "source": "census_tract_2025", "adm3_name": "Kings County", "adm3_id": "36047", "area_sqm": 151822, "split": false}, "geometry": {"type": "Polygon", "coordinates": [[[-73.886505, 40.683349], [-73.882203, 40.68536], [-73.881645, 40.68327], [-73.881168, 40.681354], [-73.883031, 40.681085], [-73.884893, 40.680811], [-73.885815, 40.680674], [-73.886303, 40.682589], [-73.886505, 40.683349]]]}}, {"type": "Feature", "properties": {"unit_id": "36047028100", "name": "Census Tract 281 \u2014 Kings", "native_id": "36047028100", "source": "census_tract_2025", "adm3_name": "Kings County", "adm3_id": "36047", "area_sqm": 161938, "split": false}, "geometry": {"type": "Polygon", "coordinates": [[[-73.9431, 40.693823], [-73.940265, 40.694148], [-73.937342, 40.694485], [-73.937195, 40.693752], [-73.937049, 40.693021], [-73.936905, 40.692288], [-73.936758, 40.691556], [-73.939681, 40.691219], [-73.942516, 40.690892], [-73.942662, 40.691624], [-73.942951, 40.693091], [-73.9431, 40.693823]]]}}, {"type": "Feature", "properties": {"unit_id": "36047032900", "name": "Census Tract 329 \u2014 Kings", "native_id": "36047032900", "source": "census_tract_2025", "adm3_name": "Kings County", "adm3_id": "36047", "area_sqm": 156418, "split": false}, "geometry": {"type": "Polygon", "coordinates": [[[-73.953849, 40.663728], [-73.950974, 40.663905], [-73.948166, 40.664082], [-73.945463, 40.664226], [-73.942696, 40.664055], [-73.942829, 40.662847], [-73.945613, 40.662676], [-73.947914, 40.662533], [-73.95081, 40.662354], [-73.9537, 40.662174], [-73.953849, 40.663728]]]}}, {"type": "Feature", "properties": {"unit_id": "36047046800", "name": "Census Tract 468 \u2014 Kings", "native_id": "36047046800", "source": "census_tract_2025", "adm3_name": "Kings County", "adm3_id": "36047", "area_sqm": 295918, "split": false}, "geometry": {"type": "Polygon", "coordinates": [[[-73.984401, 40.624893], [-73.981566, 40.624095], [-73.979362, 40.622765], [-73.977033, 40.62153], [-73.975378, 40.620793], [-73.977379, 40.617883], [-73.979495, 40.619195], [-73.981696, 40.620524], [-73.982282, 40.619962], [-73.984478, 40.621293], [-73.9839, 40.621854], [-73.986101, 40.623183], [-73.984401, 40.624893]]]}}, {"type": "Feature", "properties": {"unit_id": "36047082400", "name": "Census Tract 824 \u2014 Kings", "native_id": "36047082400", "source": "census_tract_2025", "adm3_name": "Kings County", "adm3_id": "36047", "area_sqm": 214365, "split": false}, "geometry": {"type": "Polygon", "coordinates": [[[-73.952469, 40.65067], [-73.949571, 40.650807], [-73.948591, 40.650855], [-73.946674, 40.650948], [-73.94626, 40.647006], [-73.947241, 40.646964], [-73.949152, 40.646886], [-73.95205, 40.646771], [-73.952189, 40.648021], [-73.952363, 40.649669], [-73.952469, 40.65067]]]}}, {"type": "Feature", "properties": {"unit_id": "36047042600", "name": "Census Tract 426 \u2014 Kings", "native_id": "36047042600", "source": "census_tract_2025", "adm3_name": "Kings County", "adm3_id": "36047", "area_sqm": 170007, "split": false}, "geometry": {"type": "Polygon", "coordinates": [[[-73.982548, 40.607764], [-73.981624, 40.607866], [-73.980695, 40.607969], [-73.979697, 40.608077], [-73.978699, 40.608188], [-73.977828, 40.603586], [-73.978828, 40.603475], [-73.979827, 40.60337], [-73.980752, 40.603264], [-73.981679, 40.60316], [-73.9821, 40.605379], [-73.982548, 40.607764]]]}}, {"type": "Feature", "properties": {"unit_id": "36047016200", "name": "Census Tract 162 \u2014 Kings", "native_id": "36047016200", "source": "census_tract_2025", "adm3_name": "Kings County", "adm3_id": "36047", "area_sqm": 237712, "split": false}, "geometry": {"type": "Polygon", "coordinates": [[[-74.0360156740183, 40.6102686519633], [-74.034871, 40.611366], [-74.032637, 40.61401], [-74.031947, 40.614815], [-74.031515, 40.61533], [-74.030485, 40.616518], [-74.0287, 40.61563], [-74.0275, 40.616961], [-74.026302, 40.616335], [-74.028385, 40.614249], [-74.028972, 40.613516], [-74.031451, 40.611117], [-74.031921, 40.61083], [-74.035053, 40.609544], [-74.0353019178837, 40.6094877101996], [-74.0360156740183, 40.6102686519633]]]}}, {"type": "Feature", "properties": {"unit_id": "36047021500", "name": "Census Tract 215 \u2014 Kings", "native_id": "36047021500", "source": "census_tract_2025", "adm3_name": "Kings County", "adm3_id": "36047", "area_sqm": 152313, "split": false}, "geometry": {"type": "Polygon", "coordinates": [[[-73.967191, 40.673694], [-73.966942, 40.674416], [-73.962954, 40.67359], [-73.963137, 40.674573], [-73.963331, 40.675561], [-73.963183, 40.675529], [-73.960074, 40.674878], [-73.960709, 40.673122], [-73.961338, 40.671352], [-73.962622, 40.671629], [-73.966297, 40.672677], [-73.967486, 40.672878], [-73.967191, 40.673694]]]}}, {"type": "Feature", "properties": {"unit_id": "36047042700", "name": "Census Tract 427 \u2014 Kings", "native_id": "36047042700", "source": "census_tract_2025", "adm3_name": "Kings County", "adm3_id": "36047", "area_sqm": 148265, "split": false}, "geometry": {"type": "Polygon", "coordinates": [[[-73.931155, 40.703773], [-73.928738, 40.704717], [-73.926089, 40.70568], [-73.925335, 40.705253], [-73.924586, 40.704825], [-73.923834, 40.704398], [-73.926838, 40.701334], [-73.927588, 40.701762], [-73.928339, 40.702192], [-73.929091, 40.70262], [-73.931155, 40.703773]]]}}, {"type": "Feature", "properties": {"unit_id": "36047029300", "name": "Census Tract 293 \u2014 Kings", "native_id": "36047029300", "source": "census_tract_2025", "adm3_name": "Kings County", "adm3_id": "36047", "area_sqm": 164460, "split": false}, "geometry": {"type": "Polygon", "coordinates": [[[-73.936172, 40.688627], [-73.930325, 40.689298], [-73.93018, 40.688565], [-73.930035, 40.687833], [-73.929888, 40.6871], [-73.92975, 40.686366], [-73.932669, 40.686032], [-73.93559, 40.685695], [-73.935736, 40.686428], [-73.935879, 40.68716], [-73.936027, 40.687892], [-73.936172, 40.688627]]]}}, {"type": "Feature", "properties": {"unit_id": "36047078801", "name": "Census Tract 788.01 \u2014 Kings", "native_id": "36047078801", "source": "census_tract_2025", "adm3_name": "Kings County", "adm3_id": "36047", "area_sqm": 93155, "split": false}, "geometry": {"type": "Polygon", "coordinates": [[[-73.952133, 40.638423], [-73.951158, 40.638428], [-73.950167, 40.638491], [-73.948265, 40.638607], [-73.948015, 40.636267], [-73.949919, 40.636152], [-73.951101, 40.636073], [-73.9536, 40.638422], [-73.952133, 40.638423]]]}}, {"type": "Feature", "properties": {"unit_id": "36047020400", "name": "Census Tract 204 \u2014 Kings", "native_id": "36047020400", "source": "census_tract_2025", "adm3_name": "Kings County", "adm3_id": "36047", "area_sqm": 134801, "split": false}, "geometry": {"type": "Polygon", "coordinates": [[[-74.014662, 40.623692], [-74.014033, 40.624294], [-74.013409, 40.624896], [-74.012827, 40.625456], [-74.012245, 40.626016], [-74.010042, 40.624686], [-74.010624, 40.624126], [-74.011206, 40.623566], [-74.011832, 40.622965], [-74.012459, 40.622362], [-74.014203, 40.620685], [-74.016406, 40.622014], [-74.014662, 40.623692]]]}}, {"type": "Feature", "properties": {"unit_id": "36047051900", "name": "Census Tract 519 \u2014 Kings", "native_id": "36047051900", "source": "census_tract_2025", "adm3_name": "Kings County", "adm3_id": "36047", "area_sqm": 274935, "split": false}, "geometry": {"type": "Polygon", "coordinates": [[[-73.959797, 40.713887], [-73.958223, 40.715374], [-73.956439, 40.717032], [-73.955844, 40.717589], [-73.953469, 40.719798], [-73.952477, 40.719219], [-73.951842, 40.715442], [-73.952754, 40.714736], [-73.953485, 40.714069], [-73.95434, 40.714072], [-73.955476, 40.712266], [-73.95681, 40.712756], [-73.958342, 40.713306], [-73.959797, 40.713887]]]}}, {"type": "Feature", "properties": {"unit_id": "36047014000", "name": "Census Tract 140 \u2014 Kings", "native_id": "36047014000", "source": "census_tract_2025", "adm3_name": "Kings County", "adm3_id": "36047", "area_sqm": 147522, "split": false}, "geometry": {"type": "Polygon", "coordinates": [[[-74.022933, 40.619502], [-74.020686, 40.621835], [-74.019705, 40.622185], [-74.019075, 40.623615], [-74.016406, 40.622014], [-74.018152, 40.620336], [-74.020526, 40.618058], [-74.021216, 40.618472], [-74.022933, 40.619502]]]}}, {"type": "Feature", "properties": {"unit_id": "36061005700", "name": "Census Tract 57 \u2014 New York", "native_id": "36061005700", "source": "census_tract_2025", "adm3_name": "New York County", "adm3_id": "36061", "area_sqm": 108047, "split": false}, "geometry": {"type": "Polygon", "coordinates": [[[-73.995061, 40.72881], [-73.99325, 40.730945], [-73.992407, 40.730591], [-73.991921, 40.731166], [-73.99146, 40.731738], [-73.99039, 40.731289], [-73.990757, 40.729741], [-73.991285, 40.727762], [-73.991548, 40.727089], [-73.993147, 40.727867], [-73.994252, 40.728412], [-73.995061, 40.72881]]]}}, {"type": "Feature", "properties": {"unit_id": "36047111800", "name": "Census Tract 1118 \u2014 Kings", "native_id": "36047111800", "source": "census_tract_2025", "adm3_name": "Kings County", "adm3_id": "36047", "area_sqm": 162313, "split": false}, "geometry": {"type": "Polygon", "coordinates": [[[-73.878871, 40.670195], [-73.874231, 40.670863], [-73.8738, 40.669335], [-73.872841, 40.668032], [-73.873688, 40.667665], [-73.876953, 40.666259], [-73.878378, 40.668234], [-73.878489, 40.668655], [-73.878871, 40.670195]]]}}, {"type": "Feature", "properties": {"unit_id": "36047039100", "name": "Census Tract 391 \u2014 Kings", "native_id": "36047039100", "source": "census_tract_2025", "adm3_name": "Kings County", "adm3_id": "36047", "area_sqm": 166173, "split": false}, "geometry": {"type": "Polygon", "coordinates": [[[-73.936982, 40.70191], [-73.933951, 40.702674], [-73.93235, 40.699814], [-73.930521, 40.698772], [-73.929964, 40.69825], [-73.929316, 40.69764], [-73.932267, 40.697315], [-73.934762, 40.6987], [-73.93547, 40.699071], [-73.936366, 40.700485], [-73.936982, 40.70191]]]}}, {"type": "Feature", "properties": {"unit_id": "36047076400", "name": "Census Tract 764 \u2014 Kings", "native_id": "36047076400", "source": "census_tract_2025", "adm3_name": "Kings County", "adm3_id": "36047", "area_sqm": 161588, "split": false}, "geometry": {"type": "Polygon", "coordinates": [[[-73.960409, 40.63536], [-73.959525, 40.635786], [-73.9584, 40.636327], [-73.958198, 40.635289], [-73.957753, 40.632903], [-73.957299, 40.630512], [-73.956847, 40.62812], [-73.958053, 40.627972], [-73.958994, 40.627886], [-73.959445, 40.630277], [-73.959898, 40.632668], [-73.960409, 40.63536]]]}}, {"type": "Feature", "properties": {"unit_id": "36047030800", "name": "Census Tract 308 \u2014 Kings", "native_id": "36047030800", "source": "census_tract_2025", "adm3_name": "Kings County", "adm3_id": "36047", "area_sqm": 681579, "split": false}, "geometry": {"type": "Polygon", "coordinates": [[[-73.987417, 40.585131], [-73.984505, 40.58789], [-73.983723, 40.588619], [-73.983803, 40.589042], [-73.980938, 40.589376], [-73.97848, 40.589654], [-73.978764, 40.592825], [-73.977695, 40.592179], [-73.975571, 40.589948], [-73.974217, 40.590111], [-73.97441, 40.585758], [-73.974638, 40.583114], [-73.977504, 40.582784], [-73.982812, 40.583792], [-73.983876, 40.583976], [-73.985481, 40.584519], [-73.987084, 40.584619], [-73.987417, 40.585131]]]}}, {"type": "Feature", "properties": {"unit_id": "36061013502", "name": "Census Tract 135.02 \u2014 New York", "native_id": "36061013502", "source": "census_tract_2025", "adm3_name": "New York County", "adm3_id": "36061", "area_sqm": 231316, "split": false}, "geometry": {"type": "Polygon", "coordinates": [[[-74.001618, 40.774548], [-74.0004505769366, 40.7761545991538], [-73.995969, 40.774012], [-73.993952, 40.772876], [-73.993325, 40.772831], [-73.993782, 40.772199], [-73.990913, 40.770988], [-73.988063, 40.769791], [-73.988559, 40.769115], [-73.989051, 40.76844], [-73.989505, 40.767816], [-73.989964, 40.767188], [-73.992805, 40.768382], [-73.994849, 40.769257], [-73.996445, 40.769795], [-73.998783, 40.770812], [-74.0029533347741, 40.772719244448], [-74.001618, 40.774548]]]}}, {"type": "Feature", "properties": {"unit_id": "36047081600", "name": "Census Tract 816 \u2014 Kings", "native_id": "36047081600", "source": "census_tract_2025", "adm3_name": "Kings County", "adm3_id": "36047", "area_sqm": 179640, "split": false}, "geometry": {"type": "Polygon", "coordinates": [[[-73.947159, 40.655594], [-73.942401, 40.655885], [-73.942098, 40.653091], [-73.941891, 40.651169], [-73.942826, 40.65111], [-73.9438, 40.651106], [-73.945706, 40.651006], [-73.945905, 40.652855], [-73.946066, 40.65441], [-73.947032, 40.654339], [-73.947159, 40.655594]]]}}, {"type": "Feature", "properties": {"unit_id": "36047035701", "name": "Census Tract 357.01 \u2014 Kings", "native_id": "36047035701", "source": "census_tract_2025", "adm3_name": "Kings County", "adm3_id": "36047", "area_sqm": 69809, "split": false}, "geometry": {"type": "Polygon", "coordinates": [[[-73.928181, 40.67043], [-73.928098, 40.671321], [-73.925328, 40.671169], [-73.925413, 40.670279], [-73.925598, 40.668496], [-73.92835, 40.668647], [-73.928181, 40.67043]]]}}, {"type": "Feature", "properties": {"unit_id": "36061028500", "name": "Census Tract 285 \u2014 New York", "native_id": "36061028500", "source": "census_tract_2025", "adm3_name": "New York County", "adm3_id": "36061", "area_sqm": 121940, "split": false}, "geometry": {"type": "Polygon", "coordinates": [[[-73.930174, 40.861649], [-73.930003, 40.862103], [-73.929694, 40.862215], [-73.928599, 40.862614], [-73.927766, 40.862926], [-73.926011, 40.863575], [-73.925373, 40.862582], [-73.924742, 40.861594], [-73.924877, 40.861541], [-73.925146, 40.861451], [-73.926502, 40.860956], [-73.92733, 40.860647], [-73.92842, 40.860242], [-73.931313, 40.859328], [-73.930174, 40.861649]]]}}, {"type": "Feature", "properties": {"unit_id": "36047049000", "name": "Census Tract 490 \u2014 Kings", "native_id": "36047049000", "source": "census_tract_2025", "adm3_name": "Kings County", "adm3_id": "36047", "area_sqm": 191799, "split": false}, "geometry": {"type": "Polygon", "coordinates": [[[-73.976415, 40.638168], [-73.975488, 40.63827], [-73.974562, 40.638373], [-73.973465, 40.638495], [-73.973941, 40.640882], [-73.971222, 40.64118], [-73.970772, 40.638791], [-73.970291, 40.636407], [-73.971361, 40.636286], [-73.974106, 40.635981], [-73.975962, 40.635779], [-73.976415, 40.638168]]]}}, {"type": "Feature", "properties": {"unit_id": "36061012102", "name": "Census Tract 121.02 \u2014 New York", "native_id": "36061012102", "source": "census_tract_2025", "adm3_name": "New York County", "adm3_id": "36061", "area_sqm": 89113, "split": false}, "geometry": {"type": "Polygon", "coordinates": [[[-73.994983, 40.7603], [-73.994526, 40.760927], [-73.99407, 40.761552], [-73.993609, 40.762184], [-73.990764, 40.760988], [-73.99123, 40.760354], [-73.991685, 40.759729], [-73.99214, 40.759103], [-73.992633, 40.75843], [-73.994878, 40.759376], [-73.995474, 40.759627], [-73.994983, 40.7603]]]}}, {"type": "Feature", "properties": {"unit_id": "36047079400", "name": "Census Tract 794 \u2014 Kings", "native_id": "36047079400", "source": "census_tract_2025", "adm3_name": "Kings County", "adm3_id": "36047", "area_sqm": 222181, "split": false}, "geometry": {"type": "Polygon", "coordinates": [[[-73.958707, 40.650387], [-73.955825, 40.65053], [-73.952469, 40.65067], [-73.952363, 40.649669], [-73.952189, 40.648021], [-73.95205, 40.646771], [-73.955652, 40.646631], [-73.958107, 40.646518], [-73.958141, 40.647504], [-73.95815, 40.647768], [-73.958707, 40.650387]]]}}, {"type": "Feature", "properties": {"unit_id": "36047044500", "name": "Census Tract 445 \u2014 Kings", "native_id": "36047044500", "source": "census_tract_2025", "adm3_name": "Kings County", "adm3_id": "36047", "area_sqm": 169739, "split": false}, "geometry": {"type": "Polygon", "coordinates": [[[-73.923083, 40.703975], [-73.92141, 40.70567], [-73.919222, 40.707815], [-73.917737, 40.706943], [-73.916253, 40.706066], [-73.918504, 40.703858], [-73.920075, 40.702259], [-73.920827, 40.702686], [-73.92158, 40.703115], [-73.922331, 40.703543], [-73.923083, 40.703975]]]}}, {"type": "Feature", "properties": {"unit_id": "36047032300", "name": "Census Tract 323 \u2014 Kings", "native_id": "36047032300", "source": "census_tract_2025", "adm3_name": "Kings County", "adm3_id": "36047", "area_sqm": 173046, "split": false}, "geometry": {"type": "Polygon", "coordinates": [[[-73.957292, 40.664303], [-73.956859, 40.66572], [-73.95654, 40.666603], [-73.956223, 40.66748], [-73.955907, 40.66836], [-73.955269, 40.670125], [-73.95327, 40.670007], [-73.953439, 40.668224], [-73.953521, 40.667333], [-73.953606, 40.66644], [-73.95369, 40.665549], [-73.953849, 40.663728], [-73.95721, 40.663517], [-73.957292, 40.664303]]]}}, {"type": "Feature", "properties": {"unit_id": "36047102801", "name": "Census Tract 1028.01 \u2014 Kings", "native_id": "36047102801", "source": "census_tract_2025", "adm3_name": "Kings County", "adm3_id": "36047", "area_sqm": 153894, "split": false}, "geometry": {"type": "Polygon", "coordinates": [[[-73.892771, 40.631809], [-73.889695, 40.633802], [-73.886357, 40.630821], [-73.892094, 40.628658], [-73.890815, 40.630854], [-73.892771, 40.631809]]]}}, {"type": "Feature", "properties": {"unit_id": "36061014000", "name": "Census Tract 140 \u2014 New York", "native_id": "36061014000", "source": "census_tract_2025", "adm3_name": "New York County", "adm3_id": "36061", "area_sqm": 179112, "split": false}, "geometry": {"type": "Polygon", "coordinates": [[[-73.960515, 40.775642], [-73.95909, 40.777592], [-73.958165, 40.778861], [-73.956546, 40.77818], [-73.954945, 40.777504], [-73.955408, 40.776868], [-73.955869, 40.776236], [-73.956334, 40.775601], [-73.956798, 40.774967], [-73.957294, 40.774283], [-73.957794, 40.7736], [-73.958255, 40.772965], [-73.959857, 40.773643], [-73.961475, 40.774324], [-73.960515, 40.775642]]]}}, {"type": "Feature", "properties": {"unit_id": "36047049302", "name": "Census Tract 493.02 \u2014 Kings", "native_id": "36047049302", "source": "census_tract_2025", "adm3_name": "Kings County", "adm3_id": "36047", "area_sqm": 160188, "split": false}, "geometry": {"type": "Polygon", "coordinates": [[[-73.94344, 40.708781], [-73.940076, 40.709102], [-73.939958, 40.70839], [-73.938864, 40.708495], [-73.938705, 40.707015], [-73.939037, 40.706265], [-73.939432, 40.705256], [-73.939313, 40.704815], [-73.94103, 40.704637], [-73.942734, 40.704473], [-73.94285, 40.705182], [-73.943202, 40.707335], [-73.94344, 40.708781]]]}}, {"type": "Feature", "properties": {"unit_id": "36047073800", "name": "Census Tract 738 \u2014 Kings", "native_id": "36047073800", "source": "census_tract_2025", "adm3_name": "Kings County", "adm3_id": "36047", "area_sqm": 180580, "split": false}, "geometry": {"type": "Polygon", "coordinates": [[[-73.941681, 40.624907], [-73.939557, 40.625158], [-73.937226, 40.622958], [-73.936637, 40.622401], [-73.93538, 40.621216], [-73.936336, 40.620611], [-73.940805, 40.620125], [-73.940851, 40.620458], [-73.941229, 40.622517], [-73.941681, 40.624907]]]}}, {"type": "Feature", "properties": {"unit_id": "36047116800", "name": "Census Tract 1168 \u2014 Kings", "native_id": "36047116800", "source": "census_tract_2025", "adm3_name": "Kings County", "adm3_id": "36047", "area_sqm": 143956, "split": false}, "geometry": {"type": "Polygon", "coordinates": [[[-73.884893, 40.680811], [-73.883031, 40.681085], [-73.881168, 40.681354], [-73.880609, 40.679111], [-73.881056, 40.678984], [-73.880505, 40.676766], [-73.882331, 40.676501], [-73.883226, 40.67637], [-73.883701, 40.67823], [-73.884195, 40.678089], [-73.884671, 40.67994], [-73.884893, 40.680811]]]}}, {"type": "Feature", "properties": {"unit_id": "36061027500", "name": "Census Tract 275 \u2014 New York", "native_id": "36061027500", "source": "census_tract_2025", "adm3_name": "New York County", "adm3_id": "36061", "area_sqm": 279711, "split": false}, "geometry": {"type": "Polygon", "coordinates": [[[-73.9483355682933, 40.8584457357065], [-73.9458409299063, 40.8625205692944], [-73.937789, 40.859812], [-73.936287, 40.859275], [-73.935606, 40.858863], [-73.937953, 40.85557], [-73.938652, 40.854677], [-73.93954, 40.853486], [-73.940285, 40.851322], [-73.942039, 40.851931], [-73.942799, 40.851172], [-73.943187, 40.849755], [-73.947005, 40.850459], [-73.9525651011988, 40.8515370619545], [-73.9483355682933, 40.8584457357065]]]}}, {"type": "Feature", "properties": {"unit_id": "36061011201", "name": "Census Tract 112.01 \u2014 New York", "native_id": "36061011201", "source": "census_tract_2025", "adm3_name": "New York County", "adm3_id": "36061", "area_sqm": 79536, "split": false}, "geometry": {"type": "Polygon", "coordinates": [[[-73.976703, 40.764996], [-73.976234, 40.765675], [-73.973015, 40.764279], [-73.974457, 40.762293], [-73.977686, 40.763645], [-73.976703, 40.764996]]]}}, {"type": "Feature", "properties": {"unit_id": "36061025100", "name": "Census Tract 251 \u2014 New York", "native_id": "36061025100", "source": "census_tract_2025", "adm3_name": "New York County", "adm3_id": "36061", "area_sqm": 159422, "split": false}, "geometry": {"type": "Polygon", "coordinates": [[[-73.942279, 40.842154], [-73.942013, 40.84281], [-73.939334, 40.841681], [-73.937929, 40.841087], [-73.936464, 40.840482], [-73.937332, 40.839294], [-73.938343, 40.837909], [-73.939827, 40.838498], [-73.94114, 40.83918], [-73.943066, 40.840193], [-73.942279, 40.842154]]]}}, {"type": "Feature", "properties": {"unit_id": "36047112000", "name": "Census Tract 1120 \u2014 Kings", "native_id": "36047112000", "source": "census_tract_2025", "adm3_name": "Kings County", "adm3_id": "36047", "area_sqm": 173004, "split": false}, "geometry": {"type": "Polygon", "coordinates": [[[-73.883597, 40.667905], [-73.882782, 40.668026], [-73.878489, 40.668655], [-73.878378, 40.668234], [-73.876953, 40.666259], [-73.881856, 40.66415], [-73.883309, 40.666112], [-73.883152, 40.666181], [-73.883597, 40.667905]]]}}, {"type": "Feature", "properties": {"unit_id": "36047061003", "name": "Census Tract 610.03 \u2014 Kings", "native_id": "36047061003", "source": "census_tract_2025", "adm3_name": "Kings County", "adm3_id": "36047", "area_sqm": 80173, "split": false}, "geometry": {"type": "Polygon", "coordinates": [[[-73.960027, 40.583209], [-73.959006, 40.582866], [-73.956851, 40.582859], [-73.956536, 40.582659], [-73.959663, 40.578366], [-73.959801, 40.58008], [-73.959885, 40.581171], [-73.959943, 40.581959], [-73.960027, 40.583209]]]}}, {"type": "Feature", "properties": {"unit_id": "36047018200", "name": "Census Tract 182 \u2014 Kings", "native_id": "36047018200", "source": "census_tract_2025", "adm3_name": "Kings County", "adm3_id": "36047", "area_sqm": 165463, "split": false}, "geometry": {"type": "Polygon", "coordinates": [[[-74.004942, 40.612356], [-74.004359, 40.612917], [-74.003778, 40.613475], [-74.002031, 40.615153], [-74.000192, 40.614951], [-74.000911, 40.612388], [-74.001073, 40.61183], [-74.001302, 40.611068], [-74.002665, 40.60957], [-74.003425, 40.609969], [-74.006014, 40.611325], [-74.004942, 40.612356]]]}}, {"type": "Feature", "properties": {"unit_id": "36047036600", "name": "Census Tract 366 \u2014 Kings", "native_id": "36047036600", "source": "census_tract_2025", "adm3_name": "Kings County", "adm3_id": "36047", "area_sqm": 234143, "split": false}, "geometry": {"type": "Polygon", "coordinates": [[[-73.967335, 40.581515], [-73.966894, 40.583348], [-73.966777, 40.583904], [-73.966614, 40.584575], [-73.963442, 40.584676], [-73.962552, 40.584783], [-73.960261, 40.585039], [-73.960235, 40.584522], [-73.960027, 40.583209], [-73.959943, 40.581959], [-73.961032, 40.581726], [-73.961943, 40.581535], [-73.964652, 40.58096], [-73.967602, 40.580362], [-73.967335, 40.581515]]]}}, {"type": "Feature", "properties": {"unit_id": "36047050500", "name": "Census Tract 505 \u2014 Kings", "native_id": "36047050500", "source": "census_tract_2025", "adm3_name": "Kings County", "adm3_id": "36047", "area_sqm": 169412, "split": false}, "geometry": {"type": "Polygon", "coordinates": [[[-73.946973, 40.709894], [-73.945475, 40.71074], [-73.943788, 40.710901], [-73.94344, 40.708781], [-73.943202, 40.707335], [-73.94285, 40.705182], [-73.944567, 40.705021], [-73.946265, 40.705604], [-73.946523, 40.707011], [-73.946756, 40.708466], [-73.946973, 40.709894]]]}}, {"type": "Feature", "properties": {"unit_id": "36061011402", "name": "Census Tract 114.02 \u2014 New York", "native_id": "36061011402", "source": "census_tract_2025", "adm3_name": "New York County", "adm3_id": "36061", "area_sqm": 98800, "split": false}, "geometry": {"type": "Polygon", "coordinates": [[[-73.969801, 40.762914], [-73.967974, 40.765413], [-73.966359, 40.764732], [-73.964755, 40.764058], [-73.965214, 40.763432], [-73.966583, 40.761552], [-73.968187, 40.762227], [-73.969801, 40.762914]]]}}, {"type": "Feature", "properties": {"unit_id": "36047048200", "name": "Census Tract 482 \u2014 Kings", "native_id": "36047048200", "source": "census_tract_2025", "adm3_name": "Kings County", "adm3_id": "36047", "area_sqm": 196675, "split": false}, "geometry": {"type": "Polygon", "coordinates": [[[-73.972419, 40.632992], [-73.969869, 40.634194], [-73.970291, 40.636407], [-73.968039, 40.636651], [-73.967627, 40.635238], [-73.967406, 40.63447], [-73.966777, 40.632295], [-73.967926, 40.631744], [-73.96841, 40.631509], [-73.971568, 40.629988], [-73.971806, 40.629874], [-73.971923, 40.630646], [-73.972113, 40.631369], [-73.972419, 40.632992]]]}}, {"type": "Feature", "properties": {"unit_id": "36047014800", "name": "Census Tract 148 \u2014 Kings", "native_id": "36047014800", "source": "census_tract_2025", "adm3_name": "Kings County", "adm3_id": "36047", "area_sqm": 133459, "split": false}, "geometry": {"type": "Polygon", "coordinates": [[[-74.016118, 40.615384], [-74.013749, 40.617676], [-74.012002, 40.619353], [-74.0098, 40.618024], [-74.011543, 40.616345], [-74.013926, 40.614064], [-74.016118, 40.615384]]]}}, {"type": "Feature", "properties": {"unit_id": "36047038700", "name": "Census Tract 387 \u2014 Kings", "native_id": "36047038700", "source": "census_tract_2025", "adm3_name": "Kings County", "adm3_id": "36047", "area_sqm": 188275, "split": false}, "geometry": {"type": "Polygon", "coordinates": [[[-73.930907, 40.692228], [-73.927985, 40.692563], [-73.927507, 40.692604], [-73.927071, 40.692346], [-73.924392, 40.690831], [-73.924127, 40.690005], [-73.923979, 40.689275], [-73.93018, 40.688565], [-73.930325, 40.689298], [-73.93047, 40.690031], [-73.930616, 40.690762], [-73.930907, 40.692228]]]}}, {"type": "Feature", "properties": {"unit_id": "36061005502", "name": "Census Tract 55.02 \u2014 New York", "native_id": "36061005502", "source": "census_tract_2025", "adm3_name": "New York County", "adm3_id": "36061", "area_sqm": 115486, "split": false}, "geometry": {"type": "Polygon", "coordinates": [[[-73.996772, 40.725432], [-73.994252, 40.728412], [-73.993147, 40.727867], [-73.991548, 40.727089], [-73.991794, 40.726391], [-73.992209, 40.725231], [-73.992604, 40.724136], [-73.994908, 40.724951], [-73.995329, 40.725084], [-73.996772, 40.725432]]]}}, {"type": "Feature", "properties": {"unit_id": "36061022302", "name": "Census Tract 223.02 \u2014 New York", "native_id": "36061022302", "source": "census_tract_2025", "adm3_name": "New York County", "adm3_id": "36061", "area_sqm": 60089, "split": false}, "geometry": {"type": "Polygon", "coordinates": [[[-73.9657097173739, 40.823701663731], [-73.9650918110465, 40.8244835043902], [-73.958743, 40.82162], [-73.958407, 40.821497], [-73.957523, 40.821143], [-73.955076, 40.820097], [-73.955451, 40.819377], [-73.956023, 40.818802], [-73.958874, 40.820006], [-73.959422, 40.820234], [-73.960007, 40.820422], [-73.9659850903122, 40.8233532326662], [-73.9657097173739, 40.823701663731]]]}}, {"type": "Feature", "properties": {"unit_id": "36061020300", "name": "Census Tract 203 \u2014 New York", "native_id": "36061020300", "source": "census_tract_2025", "adm3_name": "New York County", "adm3_id": "36061", "area_sqm": 178225, "split": false}, "geometry": {"type": "Polygon", "coordinates": [[[-73.96439, 40.807338], [-73.963903, 40.808004], [-73.962058, 40.810535], [-73.961111, 40.81183], [-73.958272, 40.810629], [-73.959217, 40.809341], [-73.960106, 40.80812], [-73.962008, 40.805509], [-73.964848, 40.806707], [-73.96439, 40.807338]]]}}, {"type": "Feature", "properties": {"unit_id": "36047000501", "name": "Census Tract 5.01 \u2014 Kings", "native_id": "36047000501", "source": "census_tract_2025", "adm3_name": "Kings County", "adm3_id": "36047", "area_sqm": 83724, "split": false}, "geometry": {"type": "Polygon", "coordinates": [[[-73.996197, 40.694507], [-73.995855, 40.695221], [-73.995547, 40.695892], [-73.995326, 40.696378], [-73.994292, 40.698535], [-73.99271, 40.698097], [-73.99302, 40.69746], [-73.993785, 40.69587], [-73.993978, 40.695463], [-73.994298, 40.694792], [-73.99508, 40.693147], [-73.996716, 40.693439], [-73.996197, 40.694507]]]}}, {"type": "Feature", "properties": {"unit_id": "36047004700", "name": "Census Tract 47 \u2014 Kings", "native_id": "36047004700", "source": "census_tract_2025", "adm3_name": "Kings County", "adm3_id": "36047", "area_sqm": 283961, "split": false}, "geometry": {"type": "Polygon", "coordinates": [[[-74.008243, 40.686034], [-74.0073972783105, 40.6872680734462], [-74.00563, 40.686784], [-74.004593, 40.688215], [-74.003409, 40.689613], [-74.002993, 40.690427], [-74.001963, 40.690136], [-74.000699, 40.690612], [-74.001969, 40.691843], [-74.001744, 40.692407], [-74.000495, 40.691938], [-73.997793, 40.691188], [-73.99907, 40.688498], [-73.999696, 40.687198], [-74.000642, 40.685247], [-74.004504, 40.686301], [-74.004853, 40.685668], [-74.005497, 40.685847], [-74.0083751072696, 40.6859536373444], [-74.008243, 40.686034]]]}}, {"type": "Feature", "properties": {"unit_id": "36047079202", "name": "Census Tract 792.02 \u2014 Kings", "native_id": "36047079202", "source": "census_tract_2025", "adm3_name": "Kings County", "adm3_id": "36047", "area_sqm": 107940, "split": false}, "geometry": {"type": "Polygon", "coordinates": [[[-73.955652, 40.646631], [-73.95205, 40.646771], [-73.951854, 40.644954], [-73.951785, 40.644305], [-73.951652, 40.643066], [-73.952622, 40.643006], [-73.954525, 40.642887], [-73.954665, 40.644197], [-73.95473, 40.644772], [-73.955652, 40.646631]]]}}, {"type": "Feature", "properties": {"unit_id": "36061006600", "name": "Census Tract 66 \u2014 New York", "native_id": "36061006600", "source": "census_tract_2025", "adm3_name": "New York County", "adm3_id": "36061", "area_sqm": 174701, "split": false}, "geometry": {"type": "Polygon", "coordinates": [[[-73.982211, 40.740115], [-73.981762, 40.740733], [-73.981312, 40.741351], [-73.980859, 40.74197], [-73.98041, 40.742587], [-73.978168, 40.741643], [-73.9758, 40.740644], [-73.976251, 40.740026], [-73.977148, 40.738796], [-73.977603, 40.738172], [-73.978052, 40.737554], [-73.980418, 40.73855], [-73.982665, 40.739497], [-73.982211, 40.740115]]]}}, {"type": "Feature", "properties": {"unit_id": "36061018500", "name": "Census Tract 185 \u2014 New York", "native_id": "36061018500", "source": "census_tract_2025", "adm3_name": "New York County", "adm3_id": "36061", "area_sqm": 130395, "split": false}, "geometry": {"type": "Polygon", "coordinates": [[[-73.969415, 40.795361], [-73.968476, 40.796643], [-73.965628, 40.795456], [-73.964303, 40.794787], [-73.962834, 40.794203], [-73.963804, 40.792881], [-73.964176, 40.792362], [-73.967012, 40.79356], [-73.96987, 40.794736], [-73.969415, 40.795361]]]}}, {"type": "Feature", "properties": {"unit_id": "36047053300", "name": "Census Tract 533 \u2014 Kings", "native_id": "36047053300", "source": "census_tract_2025", "adm3_name": "Kings County", "adm3_id": "36047", "area_sqm": 193151, "split": false}, "geometry": {"type": "Polygon", "coordinates": [[[-73.960341, 40.703437], [-73.959338, 40.705181], [-73.95864, 40.706477], [-73.958456, 40.707252], [-73.956337, 40.705439], [-73.955074, 40.704312], [-73.953812, 40.703181], [-73.955724, 40.701946], [-73.957457, 40.700822], [-73.958071, 40.701398], [-73.958689, 40.701953], [-73.959889, 40.703032], [-73.960341, 40.703437]]]}}, {"type": "Feature", "properties": {"unit_id": "36047055000", "name": "Census Tract 550 \u2014 Kings", "native_id": "36047055000", "source": "census_tract_2025", "adm3_name": "Kings County", "adm3_id": "36047", "area_sqm": 179814, "split": false}, "geometry": {"type": "Polygon", "coordinates": [[[-73.954796, 40.61082], [-73.952577, 40.611037], [-73.950706, 40.61125], [-73.950299, 40.609125], [-73.949837, 40.606667], [-73.950764, 40.606565], [-73.952724, 40.606349], [-73.953922, 40.606217], [-73.954796, 40.61082]]]}}, {"type": "Feature", "properties": {"unit_id": "36047089200", "name": "Census Tract 892 \u2014 Kings", "native_id": "36047089200", "source": "census_tract_2025", "adm3_name": "Kings County", "adm3_id": "36047", "area_sqm": 179663, "split": false}, "geometry": {"type": "Polygon", "coordinates": [[[-73.925463, 40.665916], [-73.924389, 40.666385], [-73.922879, 40.664952], [-73.922099, 40.664251], [-73.921655, 40.663843], [-73.920972, 40.663953], [-73.920049, 40.664089], [-73.919097, 40.66423], [-73.918703, 40.662694], [-73.918299, 40.661162], [-73.918602, 40.661118], [-73.919584, 40.661994], [-73.919744, 40.660771], [-73.920082, 40.659858], [-73.920909, 40.660599], [-73.922728, 40.662231], [-73.924549, 40.663862], [-73.92638, 40.665515], [-73.925463, 40.665916]]]}}, {"type": "Feature", "properties": {"unit_id": "36047075200", "name": "Census Tract 752 \u2014 Kings", "native_id": "36047075200", "source": "census_tract_2025", "adm3_name": "Kings County", "adm3_id": "36047", "area_sqm": 173194, "split": false}, "geometry": {"type": "Polygon", "coordinates": [[[-73.954885, 40.628336], [-73.951106, 40.62875], [-73.950661, 40.626361], [-73.950202, 40.623971], [-73.953052, 40.623658], [-73.953983, 40.623555], [-73.954885, 40.628336]]]}}, {"type": "Feature", "properties": {"unit_id": "36061012500", "name": "Census Tract 125 \u2014 New York", "native_id": "36061012500", "source": "census_tract_2025", "adm3_name": "New York County", "adm3_id": "36061", "area_sqm": 174253, "split": false}, "geometry": {"type": "Polygon", "coordinates": [[[-73.987015, 40.761038], [-73.986561, 40.76166], [-73.986104, 40.76229], [-73.983263, 40.761094], [-73.980426, 40.759899], [-73.980886, 40.75927], [-73.982256, 40.757387], [-73.985085, 40.758589], [-73.985322, 40.758687], [-73.987927, 40.759791], [-73.987015, 40.761038]]]}}, {"type": "Feature", "properties": {"unit_id": "36047112600", "name": "Census Tract 1126 \u2014 Kings", "native_id": "36047112600", "source": "census_tract_2025", "adm3_name": "Kings County", "adm3_id": "36047", "area_sqm": 168500, "split": false}, "geometry": {"type": "Polygon", "coordinates": [[[-73.896316, 40.666019], [-73.894439, 40.666297], [-73.893446, 40.666446], [-73.892526, 40.666581], [-73.890694, 40.666852], [-73.889907, 40.663778], [-73.891738, 40.663507], [-73.89365, 40.663223], [-73.895531, 40.662945], [-73.895921, 40.664471], [-73.896316, 40.666019]]]}}, {"type": "Feature", "properties": {"unit_id": "36061009300", "name": "Census Tract 93 \u2014 New York", "native_id": "36061009300", "source": "census_tract_2025", "adm3_name": "New York County", "adm3_id": "36061", "area_sqm": 179099, "split": false}, "geometry": {"type": "Polygon", "coordinates": [[[-74.004168, 40.74769], [-74.003944, 40.747997], [-74.003684, 40.748355], [-74.003236, 40.748974], [-74.002785, 40.749592], [-73.999938, 40.7484], [-73.999243, 40.748107], [-73.997918, 40.747549], [-73.997099, 40.747205], [-73.997552, 40.746581], [-73.998009, 40.745952], [-73.998486, 40.745294], [-73.998972, 40.74463], [-74.001812, 40.745826], [-74.004653, 40.747023], [-74.004168, 40.74769]]]}}, {"type": "Feature", "properties": {"unit_id": "36047067200", "name": "Census Tract 672 \u2014 Kings", "native_id": "36047067200", "source": "census_tract_2025", "adm3_name": "Kings County", "adm3_id": "36047", "area_sqm": 174237, "split": false}, "geometry": {"type": "Polygon", "coordinates": [[[-73.929311, 40.623441], [-73.927369, 40.623562], [-73.927135, 40.621358], [-73.926879, 40.61895], [-73.926401, 40.614479], [-73.926295, 40.613193], [-73.928478, 40.615017], [-73.929311, 40.623441]]]}}, {"type": "Feature", "properties": {"unit_id": "36047049900", "name": "Census Tract 499 \u2014 Kings", "native_id": "36047049900", "source": "census_tract_2025", "adm3_name": "Kings County", "adm3_id": "36047", "area_sqm": 141699, "split": false}, "geometry": {"type": "Polygon", "coordinates": [[[-73.949078, 40.72254], [-73.946275, 40.722863], [-73.945015, 40.723004], [-73.944797, 40.721681], [-73.944405, 40.72024], [-73.946791, 40.718821], [-73.947213, 40.718561], [-73.948416, 40.718455], [-73.948875, 40.721292], [-73.949078, 40.72254]]]}}, {"type": "Feature", "properties": {"unit_id": "36047024400", "name": "Census Tract 244 \u2014 Kings", "native_id": "36047024400", "source": "census_tract_2025", "adm3_name": "Kings County", "adm3_id": "36047", "area_sqm": 155278, "split": false}, "geometry": {"type": "Polygon", "coordinates": [[[-73.988302, 40.624514], [-73.986101, 40.623183], [-73.9839, 40.621854], [-73.984478, 40.621293], [-73.982282, 40.619962], [-73.983489, 40.6188], [-73.985693, 40.620131], [-73.987851, 40.621435], [-73.990094, 40.622789], [-73.988302, 40.624514]]]}}, {"type": "Feature", "properties": {"unit_id": "36047083400", "name": "Census Tract 834 \u2014 Kings", "native_id": "36047083400", "source": "census_tract_2025", "adm3_name": "Kings County", "adm3_id": "36047", "area_sqm": 125994, "split": false}, "geometry": {"type": "Polygon", "coordinates": [[[-73.940159, 40.64378], [-73.937284, 40.643958], [-73.937041, 40.641658], [-73.936792, 40.639319], [-73.937762, 40.639259], [-73.939664, 40.639142], [-73.939914, 40.641481], [-73.940159, 40.64378]]]}}, {"type": "Feature", "properties": {"unit_id": "36061019100", "name": "Census Tract 191 \u2014 New York", "native_id": "36061019100", "source": "census_tract_2025", "adm3_name": "New York County", "adm3_id": "36061", "area_sqm": 223477, "split": false}, "geometry": {"type": "Polygon", "coordinates": [[[-73.9789376576, 40.8057605227351], [-73.972899, 40.803383], [-73.970047, 40.802265], [-73.968584, 40.801636], [-73.967878, 40.801354], [-73.965711, 40.800437], [-73.966662, 40.799133], [-73.967575, 40.79787], [-73.969001, 40.798476], [-73.970423, 40.799071], [-73.971924, 40.799705], [-73.974714, 40.800851], [-73.9807020170417, 40.8033324240664], [-73.9789376576, 40.8057605227351]]]}}, {"type": "Feature", "properties": {"unit_id": "36047050600", "name": "Census Tract 506 \u2014 Kings", "native_id": "36047050600", "source": "census_tract_2025", "adm3_name": "Kings County", "adm3_id": "36047", "area_sqm": 164685, "split": false}, "geometry": {"type": "Polygon", "coordinates": [[[-73.971397, 40.648258], [-73.968793, 40.649249], [-73.967028, 40.649948], [-73.964654, 40.650887], [-73.964355, 40.651005], [-73.96302, 40.651532], [-73.962186, 40.649789], [-73.963075, 40.64944], [-73.963984, 40.649085], [-73.964903, 40.648721], [-73.966665, 40.648029], [-73.967546, 40.647683], [-73.968428, 40.647335], [-73.970841, 40.646378], [-73.971211, 40.64762], [-73.971397, 40.648258]]]}}, {"type": "Feature", "properties": {"unit_id": "36061025900", "name": "Census Tract 259 \u2014 New York", "native_id": "36061025900", "source": "census_tract_2025", "adm3_name": "New York County", "adm3_id": "36061", "area_sqm": 75465, "split": false}, "geometry": {"type": "Polygon", "coordinates": [[[-73.945155, 40.820876], [-73.943506, 40.822628], [-73.942924, 40.82326], [-73.940595, 40.826414], [-73.939602, 40.826002], [-73.940515, 40.824757], [-73.941426, 40.823507], [-73.941917, 40.822837], [-73.942411, 40.822164], [-73.943322, 40.820917], [-73.943778, 40.820294], [-73.945155, 40.820876]]]}}, {"type": "Feature", "properties": {"unit_id": "36047057600", "name": "Census Tract 576 \u2014 Kings", "native_id": "36047057600", "source": "census_tract_2025", "adm3_name": "Kings County", "adm3_id": "36047", "area_sqm": 158605, "split": false}, "geometry": {"type": "Polygon", "coordinates": [[[-73.949874, 40.601853], [-73.94895, 40.601954], [-73.948023, 40.602056], [-73.947059, 40.602162], [-73.946096, 40.60227], [-73.945265, 40.597894], [-73.94623, 40.597789], [-73.947192, 40.597682], [-73.949047, 40.597479], [-73.949874, 40.601853]]]}}, {"type": "Feature", "properties": {"unit_id": "36047036900", "name": "Census Tract 369 \u2014 Kings", "native_id": "36047036900", "source": "census_tract_2025", "adm3_name": "Kings County", "adm3_id": "36047", "area_sqm": 226736, "split": false}, "geometry": {"type": "Polygon", "coordinates": [[[-73.911664, 40.682446], [-73.911512, 40.683505], [-73.909275, 40.682235], [-73.90886, 40.681994], [-73.908517, 40.681804], [-73.907018, 40.680948], [-73.905493, 40.680037], [-73.907833, 40.678116], [-73.908088, 40.67619], [-73.910926, 40.676345], [-73.910799, 40.678278], [-73.911082, 40.679515], [-73.911225, 40.68024], [-73.911374, 40.68098], [-73.911518, 40.681712], [-73.911664, 40.682446]]]}}, {"type": "Feature", "properties": {"unit_id": "36047102400", "name": "Census Tract 1024 \u2014 Kings", "native_id": "36047102400", "source": "census_tract_2025", "adm3_name": "Kings County", "adm3_id": "36047", "area_sqm": 143125, "split": false}, "geometry": {"type": "Polygon", "coordinates": [[[-73.89686, 40.63205], [-73.89476, 40.633405], [-73.891557, 40.635475], [-73.889695, 40.633802], [-73.892771, 40.631809], [-73.895, 40.630386], [-73.89686, 40.63205]]]}}, {"type": "Feature", "properties": {"unit_id": "36047026800", "name": "Census Tract 268 \u2014 Kings", "native_id": "36047026800", "source": "census_tract_2025", "adm3_name": "Kings County", "adm3_id": "36047", "area_sqm": 178968, "split": false}, "geometry": {"type": "Polygon", "coordinates": [[[-73.993343, 40.612772], [-73.99276, 40.613334], [-73.990559, 40.612004], [-73.988358, 40.610675], [-73.986129, 40.60933], [-73.987339, 40.608168], [-73.987965, 40.607566], [-73.990193, 40.608911], [-73.992394, 40.610241], [-73.994597, 40.611571], [-73.993343, 40.612772]]]}}, {"type": "Feature", "properties": {"unit_id": "36061009600", "name": "Census Tract 96 \u2014 New York", "native_id": "36061009600", "source": "census_tract_2025", "adm3_name": "New York County", "adm3_id": "36061", "area_sqm": 175330, "split": false}, "geometry": {"type": "Polygon", "coordinates": [[[-73.982256, 40.757387], [-73.980886, 40.75927], [-73.977655, 40.757912], [-73.979024, 40.756032], [-73.980888, 40.753481], [-73.984118, 40.754842], [-73.982256, 40.757387]]]}}, {"type": "Feature", "properties": {"unit_id": "36061007200", "name": "Census Tract 72 \u2014 New York", "native_id": "36061007200", "source": "census_tract_2025", "adm3_name": "New York County", "adm3_id": "36061", "area_sqm": 175015, "split": false}, "geometry": {"type": "Polygon", "coordinates": [[[-73.983627, 40.743945], [-73.982727, 40.745181], [-73.982279, 40.745797], [-73.981361, 40.747145], [-73.980853, 40.747751], [-73.979238, 40.747068], [-73.977636, 40.746392], [-73.978121, 40.745726], [-73.978607, 40.745058], [-73.979058, 40.744444], [-73.979508, 40.743825], [-73.979959, 40.743205], [-73.98041, 40.742587], [-73.980859, 40.74197], [-73.982462, 40.742645], [-73.984078, 40.743326], [-73.983627, 40.743945]]]}}, {"type": "Feature", "properties": {"unit_id": "36047057902", "name": "Census Tract 579.02 \u2014 Kings", "native_id": "36047057902", "source": "census_tract_2025", "adm3_name": "Kings County", "adm3_id": "36047", "area_sqm": 503282, "split": false}, "geometry": {"type": "Polygon", "coordinates": [[[-73.952669, 40.739258], [-73.95254, 40.739228], [-73.947064, 40.737516], [-73.942163, 40.735678], [-73.940368, 40.733269], [-73.941859, 40.7328], [-73.942795, 40.732657], [-73.943719, 40.732391], [-73.944612, 40.732071], [-73.944186, 40.729442], [-73.946046, 40.729257], [-73.946245, 40.730487], [-73.949911, 40.729244], [-73.950649, 40.730542], [-73.94922, 40.730678], [-73.950205, 40.736707], [-73.953028, 40.737501], [-73.952669, 40.739258]]]}}, {"type": "Feature", "properties": {"unit_id": "36047069000", "name": "Census Tract 690 \u2014 Kings", "native_id": "36047069000", "source": "census_tract_2025", "adm3_name": "Kings County", "adm3_id": "36047", "area_sqm": 172913, "split": false}, "geometry": {"type": "Polygon", "coordinates": [[[-73.923262, 40.6216], [-73.921359, 40.621718], [-73.92039, 40.621777], [-73.917515, 40.621941], [-73.91747, 40.621513], [-73.917265, 40.619548], [-73.921102, 40.619309], [-73.920852, 40.616972], [-73.922755, 40.616854], [-73.923008, 40.619193], [-73.923262, 40.6216]]]}}, {"type": "Feature", "properties": {"unit_id": "36047021300", "name": "Census Tract 213 \u2014 Kings", "native_id": "36047021300", "source": "census_tract_2025", "adm3_name": "Kings County", "adm3_id": "36047", "area_sqm": 184156, "split": false}, "geometry": {"type": "Polygon", "coordinates": [[[-73.962622, 40.671629], [-73.961338, 40.671352], [-73.957974, 40.670657], [-73.958609, 40.6689], [-73.959245, 40.667142], [-73.960337, 40.664108], [-73.960615, 40.663303], [-73.960956, 40.663285], [-73.961806, 40.667681], [-73.962194, 40.669641], [-73.962622, 40.671629]]]}}, {"type": "Feature", "properties": {"unit_id": "36061026100", "name": "Census Tract 261 \u2014 New York", "native_id": "36061026100", "source": "census_tract_2025", "adm3_name": "New York County", "adm3_id": "36061", "area_sqm": 156222, "split": false}, "geometry": {"type": "Polygon", "coordinates": [[[-73.937518, 40.844137], [-73.936078, 40.846105], [-73.935172, 40.847358], [-73.934693, 40.847999], [-73.934239, 40.848626], [-73.932849, 40.848038], [-73.931393, 40.847428], [-73.931851, 40.846803], [-73.932325, 40.846154], [-73.933233, 40.84491], [-73.933716, 40.844247], [-73.934671, 40.842958], [-73.936126, 40.84355], [-73.937518, 40.844137]]]}}, {"type": "Feature", "properties": {"unit_id": "36047028700", "name": "Census Tract 287 \u2014 Kings", "native_id": "36047028700", "source": "census_tract_2025", "adm3_name": "Kings County", "adm3_id": "36047", "area_sqm": 148811, "split": false}, "geometry": {"type": "Polygon", "coordinates": [[[-73.938177, 40.698641], [-73.93676, 40.697831], [-73.935222, 40.696986], [-73.933118, 40.695791], [-73.931929, 40.695115], [-73.931458, 40.694855], [-73.931345, 40.694422], [-73.937195, 40.693752], [-73.937342, 40.694485], [-73.937484, 40.695219], [-73.937631, 40.695951], [-73.937792, 40.69669], [-73.938177, 40.698641]]]}}, {"type": "Feature", "properties": {"unit_id": "36047001300", "name": "Census Tract 13 \u2014 Kings", "native_id": "36047001300", "source": "census_tract_2025", "adm3_name": "Kings County", "adm3_id": "36047", "area_sqm": 293167, "split": false}, "geometry": {"type": "Polygon", "coordinates": [[[-73.991409, 40.698632], [-73.990935, 40.700767], [-73.990173, 40.700753], [-73.98973, 40.700734], [-73.988684, 40.700699], [-73.986798, 40.700617], [-73.986813, 40.699956], [-73.986947, 40.698713], [-73.98496, 40.698445], [-73.984606, 40.695945], [-73.985143, 40.694885], [-73.990092, 40.695074], [-73.990746, 40.695034], [-73.991365, 40.69701], [-73.991409, 40.698632]]]}}, {"type": "Feature", "properties": {"unit_id": "36061008900", "name": "Census Tract 89 \u2014 New York", "native_id": "36061008900", "source": "census_tract_2025", "adm3_name": "New York County", "adm3_id": "36061", "area_sqm": 165577, "split": false}, "geometry": {"type": "Polygon", "coordinates": [[[-74.005535, 40.745816], [-74.004653, 40.747023], [-74.001812, 40.745826], [-73.998972, 40.74463], [-73.999422, 40.744009], [-73.999848, 40.743425], [-74.000275, 40.742839], [-74.000703, 40.742254], [-74.003542, 40.743448], [-74.006385, 40.744646], [-74.005535, 40.745816]]]}}, {"type": "Feature", "properties": {"unit_id": "36047061600", "name": "Census Tract 616 \u2014 Kings", "native_id": "36047061600", "source": "census_tract_2025", "adm3_name": "Kings County", "adm3_id": "36047", "area_sqm": 726087, "split": false}, "geometry": {"type": "Polygon", "coordinates": [[[-73.952874, 40.576882], [-73.946291, 40.577609], [-73.939801, 40.578317], [-73.940439, 40.581879], [-73.9330370027116, 40.5820036303558], [-73.9313, 40.576684], [-73.931968, 40.57577], [-73.9427170385779, 40.5756424550458], [-73.9446260734221, 40.5756198029956], [-73.946295, 40.5756], [-73.952493509198, 40.5749090532748], [-73.952874, 40.576882]]]}}, {"type": "Feature", "properties": {"unit_id": "36047030600", "name": "Census Tract 306 \u2014 Kings", "native_id": "36047030600", "source": "census_tract_2025", "adm3_name": "Kings County", "adm3_id": "36047", "area_sqm": 193681, "split": false}, "geometry": {"type": "Polygon", "coordinates": [[[-73.989621, 40.590982], [-73.987988, 40.592553], [-73.986019, 40.594446], [-73.984678, 40.593659], [-73.98464, 40.593552], [-73.984204, 40.591166], [-73.984094, 40.590567], [-73.983803, 40.589042], [-73.983723, 40.588619], [-73.984505, 40.58789], [-73.985962, 40.588771], [-73.987421, 40.589651], [-73.988163, 40.590101], [-73.989621, 40.590982]]]}}, {"type": "Feature", "properties": {"unit_id": "36047016600", "name": "Census Tract 166 \u2014 Kings", "native_id": "36047016600", "source": "census_tract_2025", "adm3_name": "Kings County", "adm3_id": "36047", "area_sqm": 266930, "split": false}, "geometry": {"type": "Polygon", "coordinates": [[[-74.020526, 40.618058], [-74.018152, 40.620336], [-74.016406, 40.622014], [-74.014203, 40.620685], [-74.012002, 40.619353], [-74.013749, 40.617676], [-74.016118, 40.615384], [-74.018316, 40.616722], [-74.020526, 40.618058]]]}}, {"type": "Feature", "properties": {"unit_id": "36047051001", "name": "Census Tract 510.01 \u2014 Kings", "native_id": "36047051001", "source": "census_tract_2025", "adm3_name": "Kings County", "adm3_id": "36047", "area_sqm": 76942, "split": false}, "geometry": {"type": "Polygon", "coordinates": [[[-73.961672, 40.647115], [-73.960471, 40.647244], [-73.958141, 40.647504], [-73.958107, 40.646518], [-73.958022, 40.64507], [-73.960016, 40.644853], [-73.961214, 40.644723], [-73.961672, 40.647115]]]}}, {"type": "Feature", "properties": {"unit_id": "36047063800", "name": "Census Tract 638 \u2014 Kings", "native_id": "36047063800", "source": "census_tract_2025", "adm3_name": "Kings County", "adm3_id": "36047", "area_sqm": 139188, "split": false}, "geometry": {"type": "Polygon", "coordinates": [[[-73.942312, 40.608269], [-73.941547, 40.608768], [-73.939347, 40.610187], [-73.937537, 40.608557], [-73.939726, 40.607133], [-73.934263, 40.60223], [-73.935032, 40.601734], [-73.936827, 40.603344], [-73.93921, 40.605479], [-73.941547, 40.607582], [-73.942312, 40.608269]]]}}, {"type": "Feature", "properties": {"unit_id": "36061021200", "name": "Census Tract 212 \u2014 New York", "native_id": "36061021200", "source": "census_tract_2025", "adm3_name": "New York County", "adm3_id": "36061", "area_sqm": 176396, "split": false}, "geometry": {"type": "Polygon", "coordinates": [[[-73.941803, 40.812815], [-73.941347, 40.813438], [-73.940855, 40.814106], [-73.940369, 40.814774], [-73.939909, 40.815404], [-73.939457, 40.816027], [-73.938991, 40.816663], [-73.937253, 40.815945], [-73.935756, 40.815326], [-73.93621, 40.814674], [-73.936688, 40.814044], [-73.937635, 40.812748], [-73.938593, 40.811435], [-73.939018, 40.810856], [-73.942249, 40.812201], [-73.941803, 40.812815]]]}}, {"type": "Feature", "properties": {"unit_id": "36061000600", "name": "Census Tract 6 \u2014 New York", "native_id": "36061000600", "source": "census_tract_2025", "adm3_name": "New York County", "adm3_id": "36061", "area_sqm": 240406, "split": false}, "geometry": {"type": "Polygon", "coordinates": [[[-73.992562, 40.714388], [-73.99022, 40.714405], [-73.989337, 40.714133], [-73.987165, 40.714312], [-73.987062, 40.713638], [-73.986926, 40.712903], [-73.986742, 40.711536], [-73.986546, 40.709297], [-73.98653, 40.704979], [-73.987271, 40.705181], [-73.989381, 40.705137], [-73.991939, 40.709528], [-73.991777, 40.709819], [-73.992267, 40.712468], [-73.992562, 40.714388]]]}}, {"type": "Feature", "properties": {"unit_id": "36047036501", "name": "Census Tract 365.01 \u2014 Kings", "native_id": "36047036501", "source": "census_tract_2025", "adm3_name": "Kings County", "adm3_id": "36047", "area_sqm": 126345, "split": false}, "geometry": {"type": "Polygon", "coordinates": [[[-73.913696, 40.676495], [-73.910926, 40.676345], [-73.908088, 40.67619], [-73.90831, 40.674605], [-73.911075, 40.674757], [-73.911224, 40.673152], [-73.914004, 40.67324], [-73.913696, 40.676495]]]}}, {"type": "Feature", "properties": {"unit_id": "36061002902", "name": "Census Tract 29.02 \u2014 New York", "native_id": "36061002902", "source": "census_tract_2025", "adm3_name": "New York County", "adm3_id": "36061", "area_sqm": 123830, "split": false}, "geometry": {"type": "Polygon", "coordinates": [[[-74.001569, 40.713685], [-74.000746, 40.71451], [-74.000455, 40.714365], [-74.000789, 40.715291], [-74.000138, 40.7162], [-73.999313, 40.71755], [-73.998589, 40.717099], [-73.997763, 40.716814], [-73.996984, 40.716541], [-73.996059, 40.716232], [-73.997504, 40.714069], [-73.998584, 40.713468], [-74.000891, 40.713015], [-74.001569, 40.713685]]]}}, {"type": "Feature", "properties": {"unit_id": "36047016900", "name": "Census Tract 169 \u2014 Kings", "native_id": "36047016900", "source": "census_tract_2025", "adm3_name": "Kings County", "adm3_id": "36047", "area_sqm": 209462, "split": false}, "geometry": {"type": "Polygon", "coordinates": [[[-73.98448, 40.659598], [-73.983918, 40.660137], [-73.983237, 40.660937], [-73.982231, 40.662142], [-73.980171, 40.661155], [-73.980061, 40.660791], [-73.977511, 40.659863], [-73.978514, 40.658656], [-73.979023, 40.658052], [-73.979513, 40.657479], [-73.98007, 40.65694], [-73.980653, 40.656381], [-73.985071, 40.659029], [-73.98448, 40.659598]]]}}, {"type": "Feature", "properties": {"unit_id": "36047036400", "name": "Census Tract 364 \u2014 Kings", "native_id": "36047036400", "source": "census_tract_2025", "adm3_name": "Kings County", "adm3_id": "36047", "area_sqm": 143250, "split": false}, "geometry": {"type": "Polygon", "coordinates": [[[-73.967602, 40.580362], [-73.964652, 40.58096], [-73.961943, 40.581535], [-73.961032, 40.581726], [-73.959943, 40.581959], [-73.959885, 40.581171], [-73.959801, 40.58008], [-73.963106, 40.579377], [-73.964008, 40.579187], [-73.965815, 40.578808], [-73.968074, 40.578313], [-73.967602, 40.580362]]]}}, {"type": "Feature", "properties": {"unit_id": "36061008700", "name": "Census Tract 87 \u2014 New York", "native_id": "36061008700", "source": "census_tract_2025", "adm3_name": "New York County", "adm3_id": "36061", "area_sqm": 165443, "split": false}, "geometry": {"type": "Polygon", "coordinates": [[[-74.000275, 40.742839], [-73.999848, 40.743425], [-73.999422, 40.744009], [-73.998972, 40.74463], [-73.996129, 40.743431], [-73.993292, 40.742233], [-73.993739, 40.741617], [-73.994165, 40.741031], [-73.995018, 40.73986], [-73.997862, 40.741056], [-74.000703, 40.742254], [-74.000275, 40.742839]]]}}, {"type": "Feature", "properties": {"unit_id": "36047069602", "name": "Census Tract 696.02 \u2014 Kings", "native_id": "36047069602", "source": "census_tract_2025", "adm3_name": "Kings County", "adm3_id": "36047", "area_sqm": 688168, "split": false}, "geometry": {"type": "Polygon", "coordinates": [[[-73.91747, 40.621513], [-73.912071, 40.625088], [-73.910797, 40.626376], [-73.90848, 40.627979], [-73.90178, 40.624816], [-73.898261, 40.622989], [-73.900163, 40.621677], [-73.901989, 40.620563], [-73.902744, 40.620068], [-73.90456, 40.621702], [-73.905303, 40.62122], [-73.906958, 40.622709], [-73.908393, 40.621778], [-73.909106, 40.621324], [-73.910554, 40.620403], [-73.910167, 40.619987], [-73.908928, 40.618877], [-73.91026, 40.61778], [-73.911682, 40.616851], [-73.914848, 40.619697], [-73.917265, 40.619548], [-73.91747, 40.621513]]]}}, {"type": "Feature", "properties": {"unit_id": "36047016300", "name": "Census Tract 163 \u2014 Kings", "native_id": "36047016300", "source": "census_tract_2025", "adm3_name": "Kings County", "adm3_id": "36047", "area_sqm": 184092, "split": false}, "geometry": {"type": "Polygon", "coordinates": [[[-73.972347, 40.677447], [-73.972027, 40.678328], [-73.97171, 40.679206], [-73.971394, 40.680083], [-73.970852, 40.68162], [-73.97064, 40.682414], [-73.968664, 40.682], [-73.967477, 40.681754], [-73.967678, 40.680955], [-73.967954, 40.680189], [-73.968227, 40.679422], [-73.968542, 40.678543], [-73.96886, 40.677665], [-73.969178, 40.676785], [-73.969498, 40.675906], [-73.971904, 40.676413], [-73.972445, 40.677162], [-73.972347, 40.677447]]]}}, {"type": "Feature", "properties": {"unit_id": "36061003900", "name": "Census Tract 39 \u2014 New York", "native_id": "36061003900", "source": "census_tract_2025", "adm3_name": "New York County", "adm3_id": "36061", "area_sqm": 331071, "split": false}, "geometry": {"type": "Polygon", "coordinates": [[[-74.0222882989782, 40.7236098294584], [-74.0218890955157, 40.7252507799609], [-74.0218316397257, 40.7254869555362], [-74.011978, 40.724333], [-74.010812, 40.72579], [-74.007912, 40.7237], [-74.008346, 40.721322], [-74.009205, 40.716188], [-74.010834, 40.716925], [-74.010968, 40.716303], [-74.012731, 40.717114], [-74.012292, 40.719039], [-74.013046, 40.719086], [-74.0230657739048, 40.7204139707265], [-74.0222882989782, 40.7236098294584]]]}}, {"type": "Feature", "properties": {"unit_id": "36047020000", "name": "Census Tract 200 \u2014 Kings", "native_id": "36047020000", "source": "census_tract_2025", "adm3_name": "Kings County", "adm3_id": "36047", "area_sqm": 134858, "split": false}, "geometry": {"type": "Polygon", "coordinates": [[[-74.010257, 40.621032], [-74.00963, 40.621634], [-74.009002, 40.622235], [-74.007839, 40.623355], [-74.005637, 40.622024], [-74.007426, 40.620303], [-74.0098, 40.618024], [-74.012002, 40.619353], [-74.010257, 40.621032]]]}}, {"type": "Feature", "properties": {"unit_id": "36047118201", "name": "Census Tract 1182.01 \u2014 Kings", "native_id": "36047118201", "source": "census_tract_2025", "adm3_name": "Kings County", "adm3_id": "36047", "area_sqm": 126387, "split": false}, "geometry": {"type": "Polygon", "coordinates": [[[-73.874054, 40.689299], [-73.872603, 40.689921], [-73.870948, 40.690502], [-73.869909, 40.686116], [-73.870704, 40.685918], [-73.872739, 40.68541], [-73.873222, 40.686939], [-73.874054, 40.689299]]]}}, {"type": "Feature", "properties": {"unit_id": "36047037500", "name": "Census Tract 375 \u2014 Kings", "native_id": "36047037500", "source": "census_tract_2025", "adm3_name": "Kings County", "adm3_id": "36047", "area_sqm": 158809, "split": false}, "geometry": {"type": "Polygon", "coordinates": [[[-73.924392, 40.690831], [-73.923644, 40.690399], [-73.921214, 40.689019], [-73.92055, 40.688641], [-73.919061, 40.687784], [-73.918783, 40.687626], [-73.918294, 40.687357], [-73.918046, 40.687213], [-73.917996, 40.686965], [-73.91785, 40.686233], [-73.923252, 40.685612], [-73.923396, 40.686345], [-73.923542, 40.687076], [-73.923689, 40.687811], [-73.923834, 40.688541], [-73.923979, 40.689275], [-73.924127, 40.690005], [-73.924392, 40.690831]]]}}, {"type": "Feature", "properties": {"unit_id": "36047013400", "name": "Census Tract 134 \u2014 Kings", "native_id": "36047013400", "source": "census_tract_2025", "adm3_name": "Kings County", "adm3_id": "36047", "area_sqm": 268233, "split": false}, "geometry": {"type": "Polygon", "coordinates": [[[-74.025071, 40.630814], [-74.024792, 40.631506], [-74.02452, 40.632167], [-74.022024, 40.630988], [-74.01955, 40.629855], [-74.019259, 40.63056], [-74.01853, 40.632334], [-74.016956, 40.631622], [-74.016048, 40.631033], [-74.016343, 40.630286], [-74.017842, 40.626591], [-74.018639, 40.627071], [-74.018961, 40.626296], [-74.022959, 40.628701], [-74.025361, 40.630109], [-74.025071, 40.630814]]]}}, {"type": "Feature", "properties": {"unit_id": "36061025700", "name": "Census Tract 257 \u2014 New York", "native_id": "36061025700", "source": "census_tract_2025", "adm3_name": "New York County", "adm3_id": "36061", "area_sqm": 144062, "split": false}, "geometry": {"type": "Polygon", "coordinates": [[[-73.956344, 40.808174], [-73.95543, 40.809429], [-73.954966, 40.810064], [-73.953576, 40.809477], [-73.952101, 40.811442], [-73.95068, 40.810843], [-73.952585, 40.808238], [-73.952917, 40.80778], [-73.9535, 40.806981], [-73.954416, 40.805725], [-73.955869, 40.806336], [-73.957266, 40.806916], [-73.956344, 40.808174]]]}}, {"type": "Feature", "properties": {"unit_id": "36047084600", "name": "Census Tract 846 \u2014 Kings", "native_id": "36047084600", "source": "census_tract_2025", "adm3_name": "Kings County", "adm3_id": "36047", "area_sqm": 166530, "split": false}, "geometry": {"type": "Polygon", "coordinates": [[[-73.929599, 40.644433], [-73.925721, 40.644674], [-73.925382, 40.642384], [-73.925743, 40.640014], [-73.929106, 40.639795], [-73.929355, 40.642134], [-73.929599, 40.644433]]]}}, {"type": "Feature", "properties": {"unit_id": "36061016300", "name": "Census Tract 163 \u2014 New York", "native_id": "36061016300", "source": "census_tract_2025", "adm3_name": "New York County", "adm3_id": "36061", "area_sqm": 263617, "split": false}, "geometry": {"type": "Polygon", "coordinates": [[[-73.9930299710349, 40.7863667831822], [-73.991727131766, 40.7881597411359], [-73.9914050367775, 40.7886030059233], [-73.985047, 40.785996], [-73.982638, 40.784975], [-73.983297, 40.784353], [-73.981662, 40.783661], [-73.980473, 40.783161], [-73.978823, 40.782465], [-73.979748, 40.781195], [-73.98021, 40.780561], [-73.980673, 40.779925], [-73.981521, 40.780282], [-73.983515, 40.781126], [-73.985072, 40.78178], [-73.985679, 40.780313], [-73.987308, 40.781041], [-73.98814, 40.781409], [-73.990484, 40.782377], [-73.9948668531076, 40.7838388793946], [-73.9930299710349, 40.7863667831822]]]}}, {"type": "Feature", "properties": {"unit_id": "36047044902", "name": "Census Tract 449.02 \u2014 Kings", "native_id": "36047044902", "source": "census_tract_2025", "adm3_name": "Kings County", "adm3_id": "36047", "area_sqm": 1756701, "split": false}, "geometry": {"type": "Polygon", "coordinates": [[[-73.936764, 40.724839], [-73.934123, 40.726855], [-73.931825, 40.728482], [-73.929058, 40.727688], [-73.927801, 40.726494], [-73.927171, 40.725233], [-73.92418, 40.72002], [-73.924278, 40.718536], [-73.922711, 40.716478], [-73.924327, 40.715568], [-73.92404, 40.714008], [-73.922233, 40.712854], [-73.920745, 40.71053], [-73.921892, 40.709396], [-73.932072, 40.707786], [-73.932523, 40.708238], [-73.934802, 40.713373], [-73.934959, 40.713722], [-73.935613, 40.715191], [-73.936339, 40.716779], [-73.934704, 40.717209], [-73.935883, 40.719863], [-73.936504, 40.721247], [-73.935041, 40.721669], [-73.935589, 40.722991], [-73.936188, 40.724345], [-73.936764, 40.724839]]]}}, {"type": "Feature", "properties": {"unit_id": "36061006500", "name": "Census Tract 65 \u2014 New York", "native_id": "36061006500", "source": "census_tract_2025", "adm3_name": "New York County", "adm3_id": "36061", "area_sqm": 201127, "split": false}, "geometry": {"type": "Polygon", "coordinates": [[[-74.002808, 40.728365], [-74.001684, 40.730581], [-74.001413, 40.731065], [-74.000954, 40.731706], [-74.000066, 40.732929], [-73.996974, 40.731409], [-73.995563, 40.730715], [-73.996572, 40.729552], [-73.997886, 40.72931], [-73.998955, 40.728068], [-73.999916, 40.726935], [-74.00139, 40.72766], [-74.002149, 40.728036], [-74.002808, 40.728365]]]}}, {"type": "Feature", "properties": {"unit_id": "36061019300", "name": "Census Tract 193 \u2014 New York", "native_id": "36061019300", "source": "census_tract_2025", "adm3_name": "New York County", "adm3_id": "36061", "area_sqm": 175714, "split": false}, "geometry": {"type": "Polygon", "coordinates": [[[-73.965215, 40.801111], [-73.96476, 40.801741], [-73.963861, 40.802972], [-73.961077, 40.8018], [-73.959647, 40.801156], [-73.958195, 40.800553], [-73.959077, 40.799352], [-73.960037, 40.798038], [-73.961478, 40.798654], [-73.962869, 40.79924], [-73.965711, 40.800437], [-73.965215, 40.801111]]]}}, {"type": "Feature", "properties": {"unit_id": "36047021700", "name": "Census Tract 217 \u2014 Kings", "native_id": "36047021700", "source": "census_tract_2025", "adm3_name": "Kings County", "adm3_id": "36047", "area_sqm": 119682, "split": false}, "geometry": {"type": "Polygon", "coordinates": [[[-73.960709, 40.673122], [-73.960074, 40.674878], [-73.956703, 40.674171], [-73.957021, 40.673294], [-73.957339, 40.672414], [-73.957974, 40.670657], [-73.961338, 40.671352], [-73.960709, 40.673122]]]}}, {"type": "Feature", "properties": {"unit_id": "36047005800", "name": "Census Tract 58 \u2014 Kings", "native_id": "36047005800", "source": "census_tract_2025", "adm3_name": "Kings County", "adm3_id": "36047", "area_sqm": 193316, "split": false}, "geometry": {"type": "Polygon", "coordinates": [[[-74.035437, 40.619956], [-74.034886, 40.62132], [-74.032195, 40.620688], [-74.029564, 40.619833], [-74.028205, 40.619173], [-74.029302, 40.617896], [-74.030485, 40.616518], [-74.033313, 40.617945], [-74.03599, 40.618596], [-74.035437, 40.619956]]]}}, {"type": "Feature", "properties": {"unit_id": "36061017300", "name": "Census Tract 173 \u2014 New York", "native_id": "36061017300", "source": "census_tract_2025", "adm3_name": "New York County", "adm3_id": "36061", "area_sqm": 178602, "split": false}, "geometry": {"type": "Polygon", "coordinates": [[[-73.974522, 40.78836], [-73.974064, 40.788989], [-73.973147, 40.790244], [-73.972458, 40.789955], [-73.970299, 40.789053], [-73.96808, 40.788125], [-73.96745, 40.787861], [-73.967927, 40.787222], [-73.968385, 40.786596], [-73.968844, 40.785967], [-73.969335, 40.785294], [-73.972175, 40.786487], [-73.975016, 40.787687], [-73.974522, 40.78836]]]}}, {"type": "Feature", "properties": {"unit_id": "36047010801", "name": "Census Tract 108.01 \u2014 Kings", "native_id": "36047010801", "source": "census_tract_2025", "adm3_name": "Kings County", "adm3_id": "36047", "area_sqm": 75490, "split": false}, "geometry": {"type": "Polygon", "coordinates": [[[-74.005913, 40.642445], [-74.00533, 40.643006], [-74.004747, 40.643567], [-74.002545, 40.642236], [-74.003713, 40.641116], [-74.004877, 40.639995], [-74.007079, 40.641325], [-74.005913, 40.642445]]]}}, {"type": "Feature", "properties": {"unit_id": "36061021400", "name": "Census Tract 214 \u2014 New York", "native_id": "36061021400", "source": "census_tract_2025", "adm3_name": "New York County", "adm3_id": "36061", "area_sqm": 135576, "split": false}, "geometry": {"type": "Polygon", "coordinates": [[[-73.938539, 40.817282], [-73.938087, 40.8179], [-73.937641, 40.818517], [-73.936721, 40.81977], [-73.936227, 40.820438], [-73.934475, 40.819697], [-73.934128, 40.817734], [-73.935756, 40.815326], [-73.937253, 40.815945], [-73.938991, 40.816663], [-73.938539, 40.817282]]]}}, {"type": "Feature", "properties": {"unit_id": "36047077600", "name": "Census Tract 776 \u2014 Kings", "native_id": "36047077600", "source": "census_tract_2025", "adm3_name": "Kings County", "adm3_id": "36047", "area_sqm": 186545, "split": false}, "geometry": {"type": "Polygon", "coordinates": [[[-73.945617, 40.631778], [-73.944629, 40.631838], [-73.940788, 40.632076], [-73.937593, 40.632268], [-73.937013, 40.632304], [-73.936767, 40.629973], [-73.939605, 40.629795], [-73.941509, 40.629678], [-73.943409, 40.62956], [-73.944155, 40.629508], [-73.945511, 40.630792], [-73.946479, 40.631708], [-73.945617, 40.631778]]]}}, {"type": "Feature", "properties": {"unit_id": "36047011902", "name": "Census Tract 119.02 \u2014 Kings", "native_id": "36047011902", "source": "census_tract_2025", "adm3_name": "Kings County", "adm3_id": "36047", "area_sqm": 205872, "split": false}, "geometry": {"type": "Polygon", "coordinates": [[[-73.998551, 40.671926], [-73.995275, 40.675778], [-73.992566, 40.676106], [-73.990802, 40.675783], [-73.990426, 40.676249], [-73.992369, 40.673813], [-73.993379, 40.672604], [-73.993878, 40.672005], [-73.994384, 40.671403], [-73.994896, 40.67079], [-73.995392, 40.670195], [-73.996426, 40.669006], [-73.996528, 40.668894], [-73.998457, 40.671568], [-73.998619, 40.67183], [-73.998551, 40.671926]]]}}, {"type": "Feature", "properties": {"unit_id": "36061002601", "name": "Census Tract 26.01 \u2014 New York", "native_id": "36061002601", "source": "census_tract_2025", "adm3_name": "New York County", "adm3_id": "36061", "area_sqm": 106047, "split": false}, "geometry": {"type": "Polygon", "coordinates": [[[-73.982524, 40.723278], [-73.982083, 40.723882], [-73.981637, 40.724494], [-73.979281, 40.723505], [-73.976893, 40.722498], [-73.977346, 40.721885], [-73.977683, 40.72142], [-73.978231, 40.720674], [-73.980607, 40.721678], [-73.982964, 40.722671], [-73.982524, 40.723278]]]}}, {"type": "Feature", "properties": {"unit_id": "36047085200", "name": "Census Tract 852 \u2014 Kings", "native_id": "36047085200", "source": "census_tract_2025", "adm3_name": "Kings County", "adm3_id": "36047", "area_sqm": 395710, "split": false}, "geometry": {"type": "Polygon", "coordinates": [[[-73.943525, 40.648541], [-73.943052, 40.649314], [-73.942631, 40.649339], [-73.938895, 40.64957], [-73.938749, 40.648971], [-73.935858, 40.648662], [-73.933957, 40.648726], [-73.932921, 40.647997], [-73.932614, 40.645245], [-73.937383, 40.644905], [-73.942137, 40.644683], [-73.942608, 40.644662], [-73.943309, 40.646527], [-73.943374, 40.647115], [-73.943525, 40.648541]]]}}, {"type": "Feature", "properties": {"unit_id": "36047060600", "name": "Census Tract 606 \u2014 Kings", "native_id": "36047060600", "source": "census_tract_2025", "adm3_name": "Kings County", "adm3_id": "36047", "area_sqm": 179262, "split": false}, "geometry": {"type": "Polygon", "coordinates": [[[-73.96035, 40.587307], [-73.959347, 40.587417], [-73.958195, 40.587544], [-73.957126, 40.587661], [-73.956193, 40.587762], [-73.954341, 40.587967], [-73.954213, 40.587383], [-73.953252, 40.587195], [-73.953417, 40.588068], [-73.952454, 40.588173], [-73.952675, 40.587157], [-73.951889, 40.585936], [-73.951238, 40.584925], [-73.95398, 40.585712], [-73.956676, 40.585358], [-73.960261, 40.585039], [-73.96035, 40.587307]]]}}, {"type": "Feature", "properties": {"unit_id": "36061002901", "name": "Census Tract 29.01 \u2014 New York", "native_id": "36061002901", "source": "census_tract_2025", "adm3_name": "New York County", "adm3_id": "36061", "area_sqm": 145055, "split": false}, "geometry": {"type": "Polygon", "coordinates": [[[-74.003603, 40.713646], [-74.003094, 40.713958], [-74.002115, 40.715159], [-73.999956, 40.718017], [-73.999313, 40.71755], [-74.000138, 40.7162], [-74.000789, 40.715291], [-74.000455, 40.714365], [-74.000746, 40.71451], [-74.001569, 40.713685], [-74.000891, 40.713015], [-74.000819, 40.711382], [-74.00051, 40.710984], [-74.000776, 40.71064], [-74.001419, 40.709815], [-74.003311, 40.711315], [-74.004858, 40.712453], [-74.003603, 40.713646]]]}}, {"type": "Feature", "properties": {"unit_id": "36047020600", "name": "Census Tract 206 \u2014 Kings", "native_id": "36047020600", "source": "census_tract_2025", "adm3_name": "Kings County", "adm3_id": "36047", "area_sqm": 170942, "split": false}, "geometry": {"type": "Polygon", "coordinates": [[[-74.018879, 40.624303], [-74.017262, 40.625269], [-74.016487, 40.625775], [-74.013572, 40.627728], [-74.011665, 40.626574], [-74.012245, 40.626016], [-74.012827, 40.625456], [-74.013409, 40.624896], [-74.014033, 40.624294], [-74.014662, 40.623692], [-74.016406, 40.622014], [-74.019075, 40.623615], [-74.018879, 40.624303]]]}}, {"type": "Feature", "properties": {"unit_id": "36047118000", "name": "Census Tract 1180 \u2014 Kings", "native_id": "36047118000", "source": "census_tract_2025", "adm3_name": "Kings County", "adm3_id": "36047", "area_sqm": 751605, "split": false}, "geometry": {"type": "Polygon", "coordinates": [[[-73.889607, 40.684214], [-73.884517, 40.686691], [-73.883777, 40.687863], [-73.879456, 40.691231], [-73.874021, 40.694191], [-73.868917, 40.69515], [-73.868717, 40.694622], [-73.868672, 40.693855], [-73.868059, 40.691184], [-73.870128, 40.690709], [-73.870948, 40.690502], [-73.872603, 40.689921], [-73.874054, 40.689299], [-73.876681, 40.688088], [-73.879075, 40.686882], [-73.882203, 40.68536], [-73.886505, 40.683349], [-73.888191, 40.682556], [-73.888924, 40.683126], [-73.889607, 40.684214]]]}}, {"type": "Feature", "properties": {"unit_id": "36047002000", "name": "Census Tract 20 \u2014 Kings", "native_id": "36047002000", "source": "census_tract_2025", "adm3_name": "Kings County", "adm3_id": "36047", "area_sqm": 154138, "split": false}, "geometry": {"type": "Polygon", "coordinates": [[[-74.017509, 40.648533], [-74.015184, 40.650773], [-74.012629, 40.649235], [-74.013172, 40.648652], [-74.013733, 40.648079], [-74.014932, 40.646982], [-74.015533, 40.646418], [-74.016086, 40.645882], [-74.016651, 40.645331], [-74.019256, 40.646853], [-74.017509, 40.648533]]]}}, {"type": "Feature", "properties": {"unit_id": "36047076800", "name": "Census Tract 768 \u2014 Kings", "native_id": "36047076800", "source": "census_tract_2025", "adm3_name": "Kings County", "adm3_id": "36047", "area_sqm": 303359, "split": false}, "geometry": {"type": "Polygon", "coordinates": [[[-73.964268, 40.619984], [-73.963268, 40.620095], [-73.962339, 40.620196], [-73.961415, 40.620298], [-73.960486, 40.6204], [-73.96094, 40.622791], [-73.958088, 40.623105], [-73.957632, 40.620714], [-73.958597, 40.620608], [-73.958147, 40.618217], [-73.959107, 40.618113], [-73.958655, 40.615721], [-73.959583, 40.61562], [-73.960511, 40.615518], [-73.962364, 40.615314], [-73.963361, 40.615204], [-73.964268, 40.619984]]]}}, {"type": "Feature", "properties": {"unit_id": "36047002100", "name": "Census Tract 21 \u2014 Kings", "native_id": "36047002100", "source": "census_tract_2025", "adm3_name": "Kings County", "adm3_id": "36047", "area_sqm": 528955, "split": false}, "geometry": {"type": "Polygon", "coordinates": [[[-73.994498, 40.704318], [-73.993693, 40.704476], [-73.992722, 40.705544], [-73.989495, 40.705145], [-73.989381, 40.705137], [-73.987271, 40.705181], [-73.98653, 40.704979], [-73.984189, 40.705582], [-73.982033, 40.705515], [-73.980987, 40.705374], [-73.980907, 40.705907], [-73.979233, 40.705769], [-73.979171, 40.705301], [-73.980729, 40.701268], [-73.98285, 40.701359], [-73.984761, 40.701439], [-73.985443, 40.70059], [-73.985634, 40.700595], [-73.986601, 40.700621], [-73.986798, 40.700617], [-73.988684, 40.700699], [-73.98973, 40.700734], [-73.990173, 40.700753], [-73.990935, 40.700767], [-73.99129, 40.701049], [-73.992612, 40.702061], [-73.993267, 40.702435], [-73.995069, 40.703102], [-73.994498, 40.704318]]]}}, {"type": "Feature", "properties": {"unit_id": "36047006700", "name": "Census Tract 67 \u2014 Kings", "native_id": "36047006700", "source": "census_tract_2025", "adm3_name": "Kings County", "adm3_id": "36047", "area_sqm": 156139, "split": false}, "geometry": {"type": "Polygon", "coordinates": [[[-73.999725, 40.683473], [-73.999081, 40.684816], [-73.998189, 40.6867], [-73.996358, 40.686096], [-73.994408, 40.685453], [-73.994901, 40.68443], [-73.995232, 40.683741], [-73.995558, 40.683069], [-73.995881, 40.682395], [-73.996209, 40.681724], [-74.000048, 40.682803], [-73.999725, 40.683473]]]}}, {"type": "Feature", "properties": {"unit_id": "36047048800", "name": "Census Tract 488 \u2014 Kings", "native_id": "36047048800", "source": "census_tract_2025", "adm3_name": "Kings County", "adm3_id": "36047", "area_sqm": 143330, "split": false}, "geometry": {"type": "Polygon", "coordinates": [[[-73.978327, 40.643268], [-73.976577, 40.644004], [-73.976396, 40.643051], [-73.975944, 40.640659], [-73.975015, 40.640762], [-73.973941, 40.640882], [-73.973465, 40.638495], [-73.974562, 40.638373], [-73.975488, 40.63827], [-73.976415, 40.638168], [-73.977343, 40.638067], [-73.977798, 40.640455], [-73.978249, 40.642846], [-73.978327, 40.643268]]]}}, {"type": "Feature", "properties": {"unit_id": "36061016700", "name": "Census Tract 167 \u2014 New York", "native_id": "36061016700", "source": "census_tract_2025", "adm3_name": "New York County", "adm3_id": "36061", "area_sqm": 196979, "split": false}, "geometry": {"type": "Polygon", "coordinates": [[[-73.9900466737153, 40.7904723753188], [-73.983751, 40.787889], [-73.981229, 40.786917], [-73.979744, 40.786296], [-73.978534, 40.785787], [-73.976902, 40.785098], [-73.977365, 40.784464], [-73.977827, 40.783831], [-73.978326, 40.783147], [-73.978823, 40.782465], [-73.980473, 40.783161], [-73.981662, 40.783661], [-73.983297, 40.784353], [-73.982638, 40.784975], [-73.985047, 40.785996], [-73.9914050367775, 40.7886030059233], [-73.9900466737153, 40.7904723753188]]]}}, {"type": "Feature", "properties": {"unit_id": "36047062800", "name": "Census Tract 628 \u2014 Kings", "native_id": "36047062800", "source": "census_tract_2025", "adm3_name": "Kings County", "adm3_id": "36047", "area_sqm": 767918, "split": false}, "geometry": {"type": "Polygon", "coordinates": [[[-73.933011, 40.594639], [-73.932054, 40.59547], [-73.932576, 40.597719], [-73.931404, 40.598476], [-73.929738, 40.596978], [-73.929569, 40.59682], [-73.926533, 40.594104], [-73.923638, 40.591497], [-73.92096, 40.589095], [-73.917663, 40.585605], [-73.919944, 40.584646], [-73.92537, 40.584691], [-73.925948, 40.585007], [-73.927207, 40.584802], [-73.931369, 40.586071], [-73.931784, 40.588141], [-73.932614, 40.592517], [-73.933011, 40.594639]]]}}, {"type": "Feature", "properties": {"unit_id": "36047036100", "name": "Census Tract 361 \u2014 Kings", "native_id": "36047036100", "source": "census_tract_2025", "adm3_name": "Kings County", "adm3_id": "36047", "area_sqm": 141090, "split": false}, "geometry": {"type": "Polygon", "coordinates": [[[-73.922632, 40.668373], [-73.922544, 40.669276], [-73.922467, 40.670117], [-73.922384, 40.671009], [-73.919794, 40.670868], [-73.917022, 40.670718], [-73.91696, 40.670714], [-73.914873, 40.670533], [-73.917135, 40.669543], [-73.917482, 40.669393], [-73.918382, 40.669002], [-73.919231, 40.668631], [-73.920039, 40.668282], [-73.92102, 40.667852], [-73.921872, 40.667481], [-73.922753, 40.667098], [-73.922632, 40.668373]]]}}, {"type": "Feature", "properties": {"unit_id": "36047058800", "name": "Census Tract 588 \u2014 Kings", "native_id": "36047058800", "source": "census_tract_2025", "adm3_name": "Kings County", "adm3_id": "36047", "area_sqm": 159611, "split": false}, "geometry": {"type": "Polygon", "coordinates": [[[-73.96068, 40.591598], [-73.957003, 40.592002], [-73.956588, 40.589884], [-73.956193, 40.587762], [-73.957126, 40.587661], [-73.958195, 40.587544], [-73.959347, 40.587417], [-73.96035, 40.587307], [-73.96046, 40.588724], [-73.960517, 40.589453], [-73.960572, 40.590182], [-73.96068, 40.591598]]]}}, {"type": "Feature", "properties": {"unit_id": "36061009000", "name": "Census Tract 90 \u2014 New York", "native_id": "36061009000", "source": "census_tract_2025", "adm3_name": "New York County", "adm3_id": "36061", "area_sqm": 174696, "split": false}, "geometry": {"type": "Polygon", "coordinates": [[[-73.972588, 40.753318], [-73.972136, 40.753943], [-73.971217, 40.755193], [-73.968978, 40.754251], [-73.966616, 40.753244], [-73.967227, 40.752688], [-73.967261, 40.75264], [-73.967698, 40.752041], [-73.967974, 40.751366], [-73.968427, 40.750764], [-73.968908, 40.750112], [-73.971263, 40.751122], [-73.973503, 40.752065], [-73.972588, 40.753318]]]}}, {"type": "Feature", "properties": {"unit_id": "36047088200", "name": "Census Tract 882 \u2014 Kings", "native_id": "36047088200", "source": "census_tract_2025", "adm3_name": "Kings County", "adm3_id": "36047", "area_sqm": 203181, "split": false}, "geometry": {"type": "Polygon", "coordinates": [[[-73.929403, 40.664199], [-73.928544, 40.664574], [-73.928228, 40.66471], [-73.926139, 40.662832], [-73.926854, 40.662371], [-73.925034, 40.660737], [-73.923216, 40.659107], [-73.921404, 40.657481], [-73.923599, 40.656053], [-73.924654, 40.657007], [-73.924643, 40.658183], [-73.926464, 40.659814], [-73.928282, 40.661447], [-73.930685, 40.66362], [-73.929403, 40.664199]]]}}, {"type": "Feature", "properties": {"unit_id": "36047036200", "name": "Census Tract 362 \u2014 Kings", "native_id": "36047036200", "source": "census_tract_2025", "adm3_name": "Kings County", "adm3_id": "36047", "area_sqm": 171110, "split": false}, "geometry": {"type": "Polygon", "coordinates": [[[-73.968074, 40.578313], [-73.965815, 40.578808], [-73.964008, 40.579187], [-73.963106, 40.579377], [-73.959801, 40.58008], [-73.959663, 40.578366], [-73.959633, 40.577993], [-73.961441, 40.57761], [-73.962364, 40.577411], [-73.963279, 40.577212], [-73.965095, 40.576827], [-73.96638, 40.576551], [-73.968535, 40.576291], [-73.968074, 40.578313]]]}}, {"type": "Feature", "properties": {"unit_id": "36047072000", "name": "Census Tract 720 \u2014 Kings", "native_id": "36047072000", "source": "census_tract_2025", "adm3_name": "Kings County", "adm3_id": "36047", "area_sqm": 158228, "split": false}, "geometry": {"type": "Polygon", "coordinates": [[[-73.924298, 40.628386], [-73.920418, 40.630904], [-73.918604, 40.632096], [-73.918242, 40.62877], [-73.918162, 40.628005], [-73.917995, 40.626458], [-73.919938, 40.626307], [-73.920869, 40.626251], [-73.921119, 40.628586], [-73.924298, 40.628386]]]}}, {"type": "Feature", "properties": {"unit_id": "36047065200", "name": "Census Tract 652 \u2014 Kings", "native_id": "36047065200", "source": "census_tract_2025", "adm3_name": "Kings County", "adm3_id": "36047", "area_sqm": 174713, "split": false}, "geometry": {"type": "Polygon", "coordinates": [[[-73.933205, 40.61697], [-73.931731, 40.617927], [-73.930602, 40.616922], [-73.928478, 40.615017], [-73.926295, 40.613193], [-73.92617, 40.61306], [-73.92846, 40.611613], [-73.93028, 40.613245], [-73.933917, 40.616508], [-73.933205, 40.61697]]]}}, {"type": "Feature", "properties": {"unit_id": "36047037000", "name": "Census Tract 370 \u2014 Kings", "native_id": "36047037000", "source": "census_tract_2025", "adm3_name": "Kings County", "adm3_id": "36047", "area_sqm": 336233, "split": false}, "geometry": {"type": "Polygon", "coordinates": [[[-73.96615, 40.586669], [-73.965641, 40.588888], [-73.965129, 40.591108], [-73.962838, 40.59136], [-73.96068, 40.591598], [-73.960572, 40.590182], [-73.960517, 40.589453], [-73.96046, 40.588724], [-73.96035, 40.587307], [-73.960261, 40.585039], [-73.962552, 40.584783], [-73.963442, 40.584676], [-73.966614, 40.584575], [-73.96615, 40.586669]]]}}, {"type": "Feature", "properties": {"unit_id": "36047091000", "name": "Census Tract 910 \u2014 Kings", "native_id": "36047091000", "source": "census_tract_2025", "adm3_name": "Kings County", "adm3_id": "36047", "area_sqm": 212068, "split": false}, "geometry": {"type": "Polygon", "coordinates": [[[-73.906355, 40.667708], [-73.903573, 40.668128], [-73.902626, 40.668273], [-73.901668, 40.668413], [-73.900851, 40.665346], [-73.900417, 40.663806], [-73.901451, 40.663659], [-73.902376, 40.663517], [-73.905173, 40.663106], [-73.905578, 40.664659], [-73.905971, 40.666181], [-73.906355, 40.667708]]]}}, {"type": "Feature", "properties": {"unit_id": "36061030900", "name": "Census Tract 309 \u2014 New York", "native_id": "36061030900", "source": "census_tract_2025", "adm3_name": "New York County", "adm3_id": "36061", "area_sqm": 302756, "split": false}, "geometry": {"type": "Polygon", "coordinates": [[[-73.911405, 40.879278], [-73.91031, 40.879047], [-73.909505, 40.878878], [-73.908554, 40.877712], [-73.907198, 40.876389], [-73.907, 40.873455], [-73.907104, 40.872978], [-73.908605, 40.871678], [-73.910485, 40.874015], [-73.910532, 40.874066], [-73.9152, 40.875581], [-73.911405, 40.879278]]]}}, {"type": "Feature", "properties": {"unit_id": "36047026600", "name": "Census Tract 266 \u2014 Kings", "native_id": "36047026600", "source": "census_tract_2025", "adm3_name": "Kings County", "adm3_id": "36047", "area_sqm": 165897, "split": false}, "geometry": {"type": "Polygon", "coordinates": [[[-73.994797, 40.614562], [-73.993651, 40.615694], [-73.991598, 40.614452], [-73.989397, 40.613123], [-73.987195, 40.611792], [-73.984963, 40.610448], [-73.986129, 40.60933], [-73.988358, 40.610675], [-73.990559, 40.612004], [-73.99276, 40.613334], [-73.993343, 40.612772], [-73.99537, 40.613996], [-73.994797, 40.614562]]]}}, {"type": "Feature", "properties": {"unit_id": "36047031500", "name": "Census Tract 315 \u2014 Kings", "native_id": "36047031500", "source": "census_tract_2025", "adm3_name": "Kings County", "adm3_id": "36047", "area_sqm": 180191, "split": false}, "geometry": {"type": "Polygon", "coordinates": [[[-73.953005, 40.678815], [-73.952053, 40.678675], [-73.949679, 40.678566], [-73.946911, 40.678392], [-73.946928, 40.678222], [-73.947074, 40.676723], [-73.947146, 40.675944], [-73.94723, 40.675053], [-73.950001, 40.675204], [-73.952768, 40.675355], [-73.952687, 40.676245], [-73.952678, 40.677027], [-73.953005, 40.678815]]]}}, {"type": "Feature", "properties": {"unit_id": "36047117602", "name": "Census Tract 1176.02 \u2014 Kings", "native_id": "36047117602", "source": "census_tract_2025", "adm3_name": "Kings County", "adm3_id": "36047", "area_sqm": 143799, "split": false}, "geometry": {"type": "Polygon", "coordinates": [[[-73.876681, 40.688088], [-73.874054, 40.689299], [-73.873222, 40.686939], [-73.872739, 40.68541], [-73.872187, 40.683649], [-73.874105, 40.683104], [-73.874566, 40.684955], [-73.875831, 40.684639], [-73.876681, 40.688088]]]}}, {"type": "Feature", "properties": {"unit_id": "36047095600", "name": "Census Tract 956 \u2014 Kings", "native_id": "36047095600", "source": "census_tract_2025", "adm3_name": "Kings County", "adm3_id": "36047", "area_sqm": 237582, "split": false}, "geometry": {"type": "Polygon", "coordinates": [[[-73.913278, 40.635508], [-73.911792, 40.636466], [-73.910367, 40.637391], [-73.907454, 40.639276], [-73.905612, 40.637622], [-73.907784, 40.63622], [-73.909955, 40.634816], [-73.911437, 40.633857], [-73.913198, 40.631934], [-73.916224, 40.633606], [-73.913278, 40.635508]]]}}, {"type": "Feature", "properties": {"unit_id": "36047017400", "name": "Census Tract 174 \u2014 Kings", "native_id": "36047017400", "source": "census_tract_2025", "adm3_name": "Kings County", "adm3_id": "36047", "area_sqm": 165543, "split": false}, "geometry": {"type": "Polygon", "coordinates": [[[-74.0147547444581, 40.6021604387313], [-74.01237, 40.605214], [-74.010823, 40.606701], [-74.008369, 40.605217], [-74.00978, 40.603861], [-74.010017, 40.60247], [-74.0111501538045, 40.6008692908663], [-74.0115363536112, 40.6010076258685], [-74.0115497330945, 40.6010124183381], [-74.0128971971247, 40.601495073783], [-74.013833300775, 40.6018303818237], [-74.0146623577709, 40.602127346243], [-74.0147547444581, 40.6021604387313]]]}}, {"type": "Feature", "properties": {"unit_id": "36047086000", "name": "Census Tract 860 \u2014 Kings", "native_id": "36047086000", "source": "census_tract_2025", "adm3_name": "Kings County", "adm3_id": "36047", "area_sqm": 175366, "split": false}, "geometry": {"type": "Polygon", "coordinates": [[[-73.936175, 40.651469], [-73.934268, 40.651563], [-73.932325, 40.651648], [-73.931392, 40.65169], [-73.930381, 40.651734], [-73.930206, 40.650109], [-73.929999, 40.648181], [-73.931938, 40.648063], [-73.932921, 40.647997], [-73.933957, 40.648726], [-73.935858, 40.648662], [-73.936175, 40.651469]]]}}, {"type": "Feature", "properties": {"unit_id": "36061023400", "name": "Census Tract 234 \u2014 New York", "native_id": "36061023400", "source": "census_tract_2025", "adm3_name": "New York County", "adm3_id": "36061", "area_sqm": 108228, "split": false}, "geometry": {"type": "Polygon", "coordinates": [[[-73.940515, 40.824757], [-73.939602, 40.826002], [-73.939351, 40.825898], [-73.936787, 40.824811], [-73.93722, 40.824188], [-73.937673, 40.823566], [-73.938129, 40.822934], [-73.935335, 40.821749], [-73.935745, 40.821106], [-73.938586, 40.82231], [-73.941426, 40.823507], [-73.940515, 40.824757]]]}}, {"type": "Feature", "properties": {"unit_id": "36047082600", "name": "Census Tract 826 \u2014 Kings", "native_id": "36047082600", "source": "census_tract_2025", "adm3_name": "Kings County", "adm3_id": "36047", "area_sqm": 199091, "split": false}, "geometry": {"type": "Polygon", "coordinates": [[[-73.95205, 40.646771], [-73.949152, 40.646886], [-73.947241, 40.646964], [-73.94626, 40.647006], [-73.946073, 40.645312], [-73.945988, 40.644534], [-73.945869, 40.643424], [-73.94779, 40.643305], [-73.948761, 40.643245], [-73.951652, 40.643066], [-73.951785, 40.644305], [-73.951854, 40.644954], [-73.95205, 40.646771]]]}}, {"type": "Feature", "properties": {"unit_id": "36047039300", "name": "Census Tract 393 \u2014 Kings", "native_id": "36047039300", "source": "census_tract_2025", "adm3_name": "Kings County", "adm3_id": "36047", "area_sqm": 189603, "split": false}, "geometry": {"type": "Polygon", "coordinates": [[[-73.935222, 40.696986], [-73.932267, 40.697315], [-73.929316, 40.69764], [-73.928231, 40.696666], [-73.92725, 40.696142], [-73.926499, 40.695712], [-73.927497, 40.694697], [-73.926481, 40.694141], [-73.927811, 40.692774], [-73.931145, 40.694674], [-73.931458, 40.694855], [-73.931929, 40.695115], [-73.933118, 40.695791], [-73.935222, 40.696986]]]}}, {"type": "Feature", "properties": {"unit_id": "36047009600", "name": "Census Tract 96 \u2014 Kings", "native_id": "36047009600", "source": "census_tract_2025", "adm3_name": "Kings County", "adm3_id": "36047", "area_sqm": 150752, "split": false}, "geometry": {"type": "Polygon", "coordinates": [[[-74.007988, 40.647344], [-74.006824, 40.648465], [-74.004621, 40.647131], [-74.002415, 40.645809], [-74.003581, 40.644689], [-74.004165, 40.644127], [-74.004747, 40.643567], [-74.00695, 40.644897], [-74.009153, 40.646227], [-74.007988, 40.647344]]]}}, {"type": "Feature", "properties": {"unit_id": "36047043100", "name": "Census Tract 431 \u2014 Kings", "native_id": "36047043100", "source": "census_tract_2025", "adm3_name": "Kings County", "adm3_id": "36047", "area_sqm": 168207, "split": false}, "geometry": {"type": "Polygon", "coordinates": [[[-73.923082, 40.6992], [-73.920075, 40.702259], [-73.919323, 40.701831], [-73.918572, 40.701404], [-73.917819, 40.700976], [-73.917068, 40.700548], [-73.916316, 40.700122], [-73.917872, 40.698537], [-73.919321, 40.697061], [-73.920074, 40.69749], [-73.920824, 40.697918], [-73.921574, 40.698345], [-73.922328, 40.698772], [-73.923082, 40.6992]]]}}, {"type": "Feature", "properties": {"unit_id": "36047068600", "name": "Census Tract 686 \u2014 Kings", "native_id": "36047068600", "source": "census_tract_2025", "adm3_name": "Kings County", "adm3_id": "36047", "area_sqm": 148006, "split": false}, "geometry": {"type": "Polygon", "coordinates": [[[-73.920527, 40.613943], [-73.917887, 40.615647], [-73.917008, 40.617202], [-73.91714, 40.61839], [-73.915694, 40.617065], [-73.913877, 40.615432], [-73.916095, 40.613998], [-73.919009, 40.61212], [-73.920527, 40.613943]]]}}, {"type": "Feature", "properties": {"unit_id": "36061023900", "name": "Census Tract 239 \u2014 New York", "native_id": "36061023900", "source": "census_tract_2025", "adm3_name": "New York County", "adm3_id": "36061", "area_sqm": 63850, "split": false}, "geometry": {"type": "Polygon", "coordinates": [[[-73.942499, 40.832241], [-73.942032, 40.832865], [-73.941577, 40.833487], [-73.941118, 40.834114], [-73.94036, 40.833786], [-73.939155, 40.833278], [-73.940368, 40.831468], [-73.940346, 40.830458], [-73.941368, 40.830891], [-73.94298, 40.831568], [-73.942499, 40.832241]]]}}, {"type": "Feature", "properties": {"unit_id": "36047048600", "name": "Census Tract 486 \u2014 Kings", "native_id": "36047048600", "source": "census_tract_2025", "adm3_name": "Kings County", "adm3_id": "36047", "area_sqm": 175436, "split": false}, "geometry": {"type": "Polygon", "coordinates": [[[-73.98042, 40.642385], [-73.979442, 40.642796], [-73.979019, 40.642972], [-73.978327, 40.643268], [-73.978249, 40.642846], [-73.977798, 40.640455], [-73.977343, 40.638067], [-73.976415, 40.638168], [-73.975962, 40.635779], [-73.976888, 40.635675], [-73.978022, 40.635553], [-73.979112, 40.63544], [-73.979386, 40.636932], [-73.979874, 40.639518], [-73.98042, 40.642385]]]}}, {"type": "Feature", "properties": {"unit_id": "36047067000", "name": "Census Tract 670 \u2014 Kings", "native_id": "36047067000", "source": "census_tract_2025", "adm3_name": "Kings County", "adm3_id": "36047", "area_sqm": 208266, "split": false}, "geometry": {"type": "Polygon", "coordinates": [[[-73.926401, 40.614479], [-73.925395, 40.61454], [-73.923497, 40.614658], [-73.920624, 40.614839], [-73.920527, 40.613943], [-73.919009, 40.61212], [-73.921116, 40.610701], [-73.922498, 40.609809], [-73.924365, 40.611462], [-73.92617, 40.61306], [-73.926295, 40.613193], [-73.926401, 40.614479]]]}}, {"type": "Feature", "properties": {"unit_id": "36047013900", "name": "Census Tract 139 \u2014 Kings", "native_id": "36047013900", "source": "census_tract_2025", "adm3_name": "Kings County", "adm3_id": "36047", "area_sqm": 151331, "split": false}, "geometry": {"type": "Polygon", "coordinates": [[[-73.990226, 40.668544], [-73.989723, 40.669146], [-73.989222, 40.669749], [-73.988726, 40.670342], [-73.983943, 40.66803], [-73.984438, 40.667437], [-73.984943, 40.666834], [-73.985445, 40.666233], [-73.985948, 40.66563], [-73.99073, 40.667941], [-73.990226, 40.668544]]]}}, {"type": "Feature", "properties": {"unit_id": "36047080000", "name": "Census Tract 800 \u2014 Kings", "native_id": "36047080000", "source": "census_tract_2025", "adm3_name": "Kings County", "adm3_id": "36047", "area_sqm": 173679, "split": false}, "geometry": {"type": "Polygon", "coordinates": [[[-73.957044, 40.661965], [-73.9537, 40.662174], [-73.95081, 40.662354], [-73.950724, 40.661569], [-73.950644, 40.660827], [-73.950569, 40.660117], [-73.950493, 40.659405], [-73.956725, 40.659017], [-73.956801, 40.65973], [-73.956875, 40.660442], [-73.956958, 40.66118], [-73.957044, 40.661965]]]}}, {"type": "Feature", "properties": {"unit_id": "36061014300", "name": "Census Tract 143 \u2014 New York", "native_id": "36061014300", "source": "census_tract_2025", "adm3_name": "New York County", "adm3_id": "36061", "area_sqm": 2992159, "split": false}, "geometry": {"type": "Polygon", "coordinates": [[[-73.981023, 40.769272], [-73.980564, 40.769905], [-73.980112, 40.770529], [-73.979652, 40.771156], [-73.979193, 40.771782], [-73.978728, 40.772417], [-73.977827, 40.773656], [-73.97737, 40.774281], [-73.976912, 40.774909], [-73.976458, 40.775533], [-73.975955, 40.77622], [-73.975461, 40.776899], [-73.974997, 40.777533], [-73.974532, 40.778168], [-73.974067, 40.778805], [-73.973571, 40.779478], [-73.971724, 40.782021], [-73.971223, 40.782706], [-73.97076, 40.78334], [-73.970301, 40.783975], [-73.969832, 40.784611], [-73.969335, 40.785294], [-73.968844, 40.785967], [-73.968385, 40.786596], [-73.967927, 40.787222], [-73.96745, 40.787861], [-73.966552, 40.789108], [-73.966094, 40.789734], [-73.965632, 40.790365], [-73.965177, 40.790991], [-73.964685, 40.791664], [-73.964176, 40.792362], [-73.963804, 40.792881], [-73.962834, 40.794203], [-73.96144, 40.796111], [-73.960037, 40.798038], [-73.959077, 40.799352], [-73.958195, 40.800553], [-73.955289, 40.799435], [-73.952483, 40.798253], [-73.949604, 40.79705], [-73.94922, 40.79691], [-73.949405, 40.796631], [-73.950158, 40.795588], [-73.951111, 40.794285], [-73.952984, 40.791722], [-73.954817, 40.789205], [-73.955275, 40.788584], [-73.955778, 40.787914], [-73.956718, 40.786601], [-73.957168, 40.785983], [-73.958096, 40.784718], [-73.959469, 40.782833], [-73.960416, 40.781532], [-73.961361, 40.780241], [-73.962303, 40.778947], [-73.96323, 40.777677], [-73.963729, 40.776994], [-73.964687, 40.775677], [-73.966074, 40.773773], [-73.967039, 40.772461], [-73.967994, 40.771147], [-73.969365, 40.769271], [-73.971189, 40.766767], [-73.973015, 40.764279], [-73.976234, 40.765675], [-73.979076, 40.766876], [-73.981431, 40.767874], [-73.981023, 40.769272]]]}}, {"type": "Feature", "properties": {"unit_id": "36061015102", "name": "Census Tract 151.02 \u2014 New York", "native_id": "36061015102", "source": "census_tract_2025", "adm3_name": "New York County", "adm3_id": "36061", "area_sqm": 223442, "split": false}, "geometry": {"type": "Polygon", "coordinates": [[[-73.9978192075965, 40.7797758705572], [-73.993869, 40.778097], [-73.990761, 40.777688], [-73.990914, 40.777542], [-73.990168, 40.777251], [-73.989201, 40.776859], [-73.98843, 40.776531], [-73.987241, 40.776017], [-73.988177, 40.774735], [-73.988626, 40.774116], [-73.98954, 40.772866], [-73.989994, 40.772242], [-73.990454, 40.771612], [-73.990913, 40.770988], [-73.993782, 40.772199], [-73.993325, 40.772831], [-73.993952, 40.772876], [-73.995969, 40.774012], [-74.0004505769366, 40.7761545991538], [-73.9978192075965, 40.7797758705572]]]}}, {"type": "Feature", "properties": {"unit_id": "36047059600", "name": "Census Tract 596 \u2014 Kings", "native_id": "36047059600", "source": "census_tract_2025", "adm3_name": "Kings County", "adm3_id": "36047", "area_sqm": 173084, "split": false}, "geometry": {"type": "Polygon", "coordinates": [[[-73.944012, 40.591265], [-73.941233, 40.591572], [-73.940201, 40.591684], [-73.939238, 40.591789], [-73.939641, 40.593922], [-73.93778, 40.594126], [-73.937375, 40.591995], [-73.936985, 40.589871], [-73.938837, 40.589671], [-73.939796, 40.589565], [-73.941754, 40.589349], [-73.943609, 40.589147], [-73.944012, 40.591265]]]}}, {"type": "Feature", "properties": {"unit_id": "36047064000", "name": "Census Tract 640 \u2014 Kings", "native_id": "36047064000", "source": "census_tract_2025", "adm3_name": "Kings County", "adm3_id": "36047", "area_sqm": 153403, "split": false}, "geometry": {"type": "Polygon", "coordinates": [[[-73.943699, 40.610214], [-73.942652, 40.610857], [-73.941161, 40.61182], [-73.93897, 40.61324], [-73.938254, 40.613702], [-73.936438, 40.612069], [-73.939347, 40.610187], [-73.941547, 40.608768], [-73.942312, 40.608269], [-73.943547, 40.609346], [-73.943641, 40.609859], [-73.943699, 40.610214]]]}}, {"type": "Feature", "properties": {"unit_id": "36061001800", "name": "Census Tract 18 \u2014 New York", "native_id": "36061001800", "source": "census_tract_2025", "adm3_name": "New York County", "adm3_id": "36061", "area_sqm": 222964, "split": false}, "geometry": {"type": "Polygon", "coordinates": [[[-73.994378, 40.719519], [-73.993795, 40.720937], [-73.993523, 40.721632], [-73.991506, 40.721028], [-73.990629, 40.720766], [-73.989857, 40.720533], [-73.987542, 40.719833], [-73.986752, 40.719593], [-73.98736, 40.71837], [-73.987879, 40.717409], [-73.988367, 40.716446], [-73.989155, 40.716708], [-73.991422, 40.717418], [-73.993095, 40.717922], [-73.994808, 40.718457], [-73.994378, 40.719519]]]}}, {"type": "Feature", "properties": {"unit_id": "36047054700", "name": "Census Tract 547 \u2014 Kings", "native_id": "36047054700", "source": "census_tract_2025", "adm3_name": "Kings County", "adm3_id": "36047", "area_sqm": 170095, "split": false}, "geometry": {"type": "Polygon", "coordinates": [[[-73.969941, 40.70931], [-73.969612, 40.71016], [-73.968524, 40.710046], [-73.962414, 40.709352], [-73.962573, 40.708535], [-73.962743, 40.707685], [-73.964421, 40.707534], [-73.964849, 40.707454], [-73.967289, 40.707002], [-73.968389, 40.706829], [-73.969613, 40.707634], [-73.969941, 40.70931]]]}}, {"type": "Feature", "properties": {"unit_id": "36047012200", "name": "Census Tract 122 \u2014 Kings", "native_id": "36047012200", "source": "census_tract_2025", "adm3_name": "Kings County", "adm3_id": "36047", "area_sqm": 181661, "split": false}, "geometry": {"type": "Polygon", "coordinates": [[[-74.019608, 40.639704], [-74.019024, 40.640264], [-74.018422, 40.640846], [-74.016167, 40.639483], [-74.013961, 40.638153], [-74.014567, 40.637571], [-74.015146, 40.637014], [-74.016068, 40.636139], [-74.016306, 40.635896], [-74.016752, 40.63544], [-74.018897, 40.636856], [-74.019554, 40.637091], [-74.021087, 40.638262], [-74.019608, 40.639704]]]}}, {"type": "Feature", "properties": {"unit_id": "36047009202", "name": "Census Tract 92.02 \u2014 Kings", "native_id": "36047009202", "source": "census_tract_2025", "adm3_name": "Kings County", "adm3_id": "36047", "area_sqm": 56624, "split": false}, "geometry": {"type": "Polygon", "coordinates": [[[-73.99963, 40.645037], [-73.999048, 40.645597], [-73.998466, 40.646159], [-73.996266, 40.644827], [-73.996844, 40.644266], [-73.997426, 40.643706], [-73.998011, 40.643147], [-74.000213, 40.644477], [-73.99963, 40.645037]]]}}, {"type": "Feature", "properties": {"unit_id": "36047015100", "name": "Census Tract 151 \u2014 Kings", "native_id": "36047015100", "source": "census_tract_2025", "adm3_name": "Kings County", "adm3_id": "36047", "area_sqm": 149311, "split": false}, "geometry": {"type": "Polygon", "coordinates": [[[-73.985445, 40.666233], [-73.984943, 40.666834], [-73.984438, 40.667437], [-73.983943, 40.66803], [-73.981582, 40.666888], [-73.979224, 40.665749], [-73.97972, 40.665155], [-73.980222, 40.664552], [-73.980724, 40.66395], [-73.981225, 40.663347], [-73.983586, 40.664489], [-73.985948, 40.66563], [-73.985445, 40.666233]]]}}, {"type": "Feature", "properties": {"unit_id": "36061024500", "name": "Census Tract 245 \u2014 New York", "native_id": "36061024500", "source": "census_tract_2025", "adm3_name": "New York County", "adm3_id": "36061", "area_sqm": 212070, "split": false}, "geometry": {"type": "Polygon", "coordinates": [[[-73.944297, 40.837078], [-73.944022, 40.83778], [-73.943741, 40.838477], [-73.943066, 40.840193], [-73.94114, 40.83918], [-73.939827, 40.838498], [-73.940102, 40.836945], [-73.939888, 40.835794], [-73.939775, 40.835183], [-73.940049, 40.834491], [-73.94036, 40.833786], [-73.941118, 40.834114], [-73.941577, 40.833487], [-73.944426, 40.834681], [-73.943967, 40.835309], [-73.944574, 40.836382], [-73.944297, 40.837078]]]}}, {"type": "Feature", "properties": {"unit_id": "36061015602", "name": "Census Tract 156.02 \u2014 New York", "native_id": "36061015602", "source": "census_tract_2025", "adm3_name": "New York County", "adm3_id": "36061", "area_sqm": 108763, "split": false}, "geometry": {"type": "Polygon", "coordinates": [[[-73.949332, 40.785194], [-73.948827, 40.785881], [-73.948378, 40.786497], [-73.947924, 40.787121], [-73.945696, 40.786173], [-73.943319, 40.785174], [-73.944723, 40.783247], [-73.947069, 40.784236], [-73.948925, 40.785021], [-73.949332, 40.785194]]]}}, {"type": "Feature", "properties": {"unit_id": "36061026900", "name": "Census Tract 269 \u2014 New York", "native_id": "36061026900", "source": "census_tract_2025", "adm3_name": "New York County", "adm3_id": "36061", "area_sqm": 175569, "split": false}, "geometry": {"type": "Polygon", "coordinates": [[[-73.932861, 40.850506], [-73.932433, 40.851095], [-73.931495, 40.85238], [-73.930996, 40.853062], [-73.930539, 40.853685], [-73.929147, 40.8531], [-73.927695, 40.852488], [-73.928659, 40.851184], [-73.930013, 40.849314], [-73.930621, 40.848481], [-73.931393, 40.847428], [-73.932849, 40.848038], [-73.934239, 40.848626], [-73.932861, 40.850506]]]}}, {"type": "Feature", "properties": {"unit_id": "36061001502", "name": "Census Tract 15.02 \u2014 New York", "native_id": "36061001502", "source": "census_tract_2025", "adm3_name": "New York County", "adm3_id": "36061", "area_sqm": 208794, "split": false}, "geometry": {"type": "MultiPolygon", "coordinates": [[[[-73.996357, 40.703378], [-73.9963715334202, 40.7034206681433], [-73.995138, 40.70298], [-73.9977471780287, 40.7013494582089], [-73.996357, 40.703378]]], [[[-74.010542, 40.709154], [-74.009063, 40.710887], [-74.007745, 40.710221], [-74.005512, 40.709093], [-74.004817, 40.70839], [-74.004328, 40.707824], [-74.004057, 40.707437], [-74.003137, 40.706248], [-74.0021980363414, 40.7053770485731], [-74.0027507776615, 40.705120454735], [-74.0033225491599, 40.7048550266985], [-74.0042842832932, 40.7044085700223], [-74.004749, 40.705232], [-74.006781, 40.706724], [-74.007459, 40.707219], [-74.008269, 40.707722], [-74.009371, 40.708614], [-74.010542, 40.709154]]]]}}, {"type": "Feature", "properties": {"unit_id": "36047075600", "name": "Census Tract 756 \u2014 Kings", "native_id": "36047075600", "source": "census_tract_2025", "adm3_name": "Kings County", "adm3_id": "36047", "area_sqm": 173546, "split": false}, "geometry": {"type": "Polygon", "coordinates": [[[-73.950256, 40.619083], [-73.948369, 40.619291], [-73.947443, 40.619393], [-73.946514, 40.619494], [-73.946067, 40.617104], [-73.945737, 40.615363], [-73.946574, 40.614789], [-73.947458, 40.614199], [-73.949306, 40.614031], [-73.950256, 40.619083]]]}}, {"type": "Feature", "properties": {"unit_id": "36047074400", "name": "Census Tract 744 \u2014 Kings", "native_id": "36047074400", "source": "census_tract_2025", "adm3_name": "Kings County", "adm3_id": "36047", "area_sqm": 170074, "split": false}, "geometry": {"type": "Polygon", "coordinates": [[[-73.945425, 40.624496], [-73.944496, 40.624598], [-73.942645, 40.6248], [-73.941681, 40.624907], [-73.941229, 40.622517], [-73.940851, 40.620458], [-73.940805, 40.620125], [-73.943591, 40.619816], [-73.944518, 40.619714], [-73.94497, 40.622105], [-73.945425, 40.624496]]]}}, {"type": "Feature", "properties": {"unit_id": "36061022800", "name": "Census Tract 228 \u2014 New York", "native_id": "36061022800", "source": "census_tract_2025", "adm3_name": "New York County", "adm3_id": "36061", "area_sqm": 180633, "split": false}, "geometry": {"type": "Polygon", "coordinates": [[[-73.946055, 40.817175], [-73.945141, 40.818424], [-73.942299, 40.817226], [-73.939457, 40.816027], [-73.939909, 40.815404], [-73.940369, 40.814774], [-73.940855, 40.814106], [-73.941347, 40.813438], [-73.944193, 40.814634], [-73.947034, 40.81583], [-73.946055, 40.817175]]]}}, {"type": "Feature", "properties": {"unit_id": "36047029000", "name": "Census Tract 290 \u2014 Kings", "native_id": "36047029000", "source": "census_tract_2025", "adm3_name": "Kings County", "adm3_id": "36047", "area_sqm": 154712, "split": false}, "geometry": {"type": "Polygon", "coordinates": [[[-73.996055, 40.603275], [-73.995429, 40.603877], [-73.994847, 40.604437], [-73.994265, 40.604996], [-73.993104, 40.606116], [-73.990873, 40.60477], [-73.992036, 40.603651], [-73.992619, 40.60309], [-73.993201, 40.602534], [-73.995594, 40.600233], [-73.997824, 40.601578], [-73.996055, 40.603275]]]}}, {"type": "Feature", "properties": {"unit_id": "36061001200", "name": "Census Tract 12 \u2014 New York", "native_id": "36061001200", "source": "census_tract_2025", "adm3_name": "New York County", "adm3_id": "36061", "area_sqm": 120597, "split": false}, "geometry": {"type": "Polygon", "coordinates": [[[-73.983395, 40.718571], [-73.982477, 40.71829], [-73.982289, 40.716976], [-73.980577, 40.716455], [-73.978909, 40.715951], [-73.978992, 40.715798], [-73.979962, 40.713973], [-73.98165, 40.714461], [-73.982453, 40.714699], [-73.983338, 40.714933], [-73.985013, 40.715438], [-73.983395, 40.718571]]]}}, {"type": "Feature", "properties": {"unit_id": "36047065000", "name": "Census Tract 650 \u2014 Kings", "native_id": "36047065000", "source": "census_tract_2025", "adm3_name": "Kings County", "adm3_id": "36047", "area_sqm": 166228, "split": false}, "geometry": {"type": "Polygon", "coordinates": [[[-73.936336, 40.620611], [-73.93538, 40.621216], [-73.9331, 40.622694], [-73.932195, 40.623269], [-73.931731, 40.617927], [-73.933205, 40.61697], [-73.935018, 40.6186], [-73.936867, 40.620253], [-73.936336, 40.620611]]]}}, {"type": "Feature", "properties": {"unit_id": "36061028700", "name": "Census Tract 287 \u2014 New York", "native_id": "36061028700", "source": "census_tract_2025", "adm3_name": "New York County", "adm3_id": "36061", "area_sqm": 532368, "split": false}, "geometry": {"type": "Polygon", "coordinates": [[[-73.938946, 40.873783], [-73.9383542664041, 40.8747491631611], [-73.932521, 40.869914], [-73.928722, 40.866743], [-73.928057, 40.8662], [-73.927269, 40.865535], [-73.926011, 40.863575], [-73.927766, 40.862926], [-73.928599, 40.862614], [-73.929694, 40.862215], [-73.930003, 40.862103], [-73.930174, 40.861649], [-73.931313, 40.859328], [-73.93215, 40.859527], [-73.934088, 40.859382], [-73.935606, 40.858863], [-73.936287, 40.859275], [-73.937789, 40.859812], [-73.9458409299063, 40.8625205692944], [-73.938946, 40.873783]]]}}, {"type": "Feature", "properties": {"unit_id": "36047022200", "name": "Census Tract 222 \u2014 Kings", "native_id": "36047022200", "source": "census_tract_2025", "adm3_name": "Kings County", "adm3_id": "36047", "area_sqm": 176184, "split": false}, "geometry": {"type": "Polygon", "coordinates": [[[-73.996227, 40.639331], [-73.99551, 40.63981], [-73.994331, 40.6406], [-73.994077, 40.64077], [-73.991408, 40.639156], [-73.989206, 40.637824], [-73.989789, 40.637264], [-73.990373, 40.636705], [-73.990956, 40.636145], [-73.991539, 40.635583], [-73.993738, 40.636914], [-73.996942, 40.638853], [-73.996227, 40.639331]]]}}, {"type": "Feature", "properties": {"unit_id": "36047050100", "name": "Census Tract 501 \u2014 Kings", "native_id": "36047050100", "source": "census_tract_2025", "adm3_name": "Kings County", "adm3_id": "36047", "area_sqm": 172687, "split": false}, "geometry": {"type": "Polygon", "coordinates": [[[-73.953485, 40.714069], [-73.952754, 40.714736], [-73.951842, 40.715442], [-73.951144, 40.716035], [-73.947213, 40.718561], [-73.946791, 40.718821], [-73.946744, 40.718548], [-73.946723, 40.718392], [-73.946533, 40.717198], [-73.946186, 40.715067], [-73.94607, 40.714372], [-73.947719, 40.714216], [-73.949372, 40.714067], [-73.951624, 40.714066], [-73.95291, 40.714061], [-73.953485, 40.714069]]]}}, {"type": "Feature", "properties": {"unit_id": "36061016001", "name": "Census Tract 160.01 \u2014 New York", "native_id": "36061016001", "source": "census_tract_2025", "adm3_name": "New York County", "adm3_id": "36061", "area_sqm": 125615, "split": false}, "geometry": {"type": "Polygon", "coordinates": [[[-73.957168, 40.785983], [-73.956718, 40.786601], [-73.955778, 40.787914], [-73.954163, 40.787227], [-73.952551, 40.786549], [-73.953503, 40.785247], [-73.953961, 40.784616], [-73.954877, 40.783363], [-73.956487, 40.784044], [-73.958096, 40.784718], [-73.957168, 40.785983]]]}}, {"type": "Feature", "properties": {"unit_id": "36061009400", "name": "Census Tract 94 \u2014 New York", "native_id": "36061009400", "source": "census_tract_2025", "adm3_name": "New York County", "adm3_id": "36061", "area_sqm": 152754, "split": false}, "geometry": {"type": "Polygon", "coordinates": [[[-73.980888, 40.753481], [-73.979024, 40.756032], [-73.977655, 40.757912], [-73.976045, 40.757232], [-73.974439, 40.756556], [-73.976516, 40.754974], [-73.97837, 40.752416], [-73.979287, 40.752801], [-73.980888, 40.753481]]]}}, {"type": "Feature", "properties": {"unit_id": "36061020901", "name": "Census Tract 209.01 \u2014 New York", "native_id": "36061020901", "source": "census_tract_2025", "adm3_name": "New York County", "adm3_id": "36061", "area_sqm": 115806, "split": false}, "geometry": {"type": "Polygon", "coordinates": [[[-73.956827, 40.812612], [-73.956269, 40.813375], [-73.955707, 40.814144], [-73.954081, 40.81228], [-73.953544, 40.812051], [-73.952101, 40.811442], [-73.953576, 40.809477], [-73.954966, 40.810064], [-73.957808, 40.811264], [-73.956827, 40.812612]]]}}, {"type": "Feature", "properties": {"unit_id": "36061025500", "name": "Census Tract 255 \u2014 New York", "native_id": "36061025500", "source": "census_tract_2025", "adm3_name": "New York County", "adm3_id": "36061", "area_sqm": 441356, "split": false}, "geometry": {"type": "Polygon", "coordinates": [[[-73.9541620159804, 40.8479893203109], [-73.952829, 40.851106], [-73.9525651011988, 40.8515370619545], [-73.947005, 40.850459], [-73.943187, 40.849755], [-73.944069, 40.84785], [-73.942054, 40.848317], [-73.939524, 40.847838], [-73.939779, 40.84721], [-73.940518, 40.845369], [-73.941142, 40.844049], [-73.942013, 40.84281], [-73.942279, 40.842154], [-73.943066, 40.840193], [-73.94468, 40.841051], [-73.946502, 40.841241], [-73.947721, 40.841448], [-73.9556609407898, 40.8444847347862], [-73.9541620159804, 40.8479893203109]]]}}, {"type": "Feature", "properties": {"unit_id": "36047089000", "name": "Census Tract 890 \u2014 Kings", "native_id": "36047089000", "source": "census_tract_2025", "adm3_name": "Kings County", "adm3_id": "36047", "area_sqm": 248416, "split": false}, "geometry": {"type": "Polygon", "coordinates": [[[-73.919744, 40.660771], [-73.919584, 40.661994], [-73.918602, 40.661118], [-73.918299, 40.661162], [-73.918185, 40.660726], [-73.917419, 40.660051], [-73.917074, 40.659745], [-73.915567, 40.658393], [-73.91378, 40.656783], [-73.912339, 40.655531], [-73.911996, 40.655561], [-73.910123, 40.655852], [-73.909767, 40.654472], [-73.909726, 40.654313], [-73.910679, 40.65418], [-73.912329, 40.654135], [-73.913744, 40.654169], [-73.915307, 40.654222], [-73.916332, 40.655132], [-73.918147, 40.656766], [-73.91727, 40.657333], [-73.919089, 40.658966], [-73.920082, 40.659858], [-73.919744, 40.660771]]]}}, {"type": "Feature", "properties": {"unit_id": "36047072600", "name": "Census Tract 726 \u2014 Kings", "native_id": "36047072600", "source": "census_tract_2025", "adm3_name": "Kings County", "adm3_id": "36047", "area_sqm": 275168, "split": false}, "geometry": {"type": "Polygon", "coordinates": [[[-73.937267, 40.634651], [-73.934395, 40.634827], [-73.933427, 40.634884], [-73.9325, 40.634947], [-73.931531, 40.635006], [-73.931273, 40.632666], [-73.930312, 40.632726], [-73.930054, 40.630389], [-73.931983, 40.630269], [-73.9358, 40.630032], [-73.936767, 40.629973], [-73.937013, 40.632304], [-73.937267, 40.634651]]]}}, {"type": "Feature", "properties": {"unit_id": "36061000900", "name": "Census Tract 9 \u2014 New York", "native_id": "36061000900", "source": "census_tract_2025", "adm3_name": "New York County", "adm3_id": "36061", "area_sqm": 298886, "split": false}, "geometry": {"type": "MultiPolygon", "coordinates": [[[[-74.0017706378558, 40.6954784429606], [-74.0002894402924, 40.6976398000646], [-73.9992328093949, 40.6991816313187], [-73.998032, 40.698762], [-73.998847, 40.697141], [-73.999461, 40.69628], [-74.000277, 40.694959], [-74.000701, 40.694388], [-74.000959, 40.694069], [-74.0024020737427, 40.6945570544343], [-74.0017706378558, 40.6954784429606]]], [[[-74.014289, 40.704549], [-74.013326, 40.705031], [-74.013254, 40.705871], [-74.012508, 40.706767], [-74.01119, 40.706278], [-74.009866, 40.705797], [-74.009984, 40.705148], [-74.008986, 40.704079], [-74.00798, 40.703189], [-74.007732598465, 40.7028077915155], [-74.012691, 40.700506], [-74.0136651056527, 40.7008307916553], [-74.014312, 40.702864], [-74.014289, 40.704549]]]]}}, {"type": "Feature", "properties": {"unit_id": "36047056900", "name": "Census Tract 569 \u2014 Kings", "native_id": "36047056900", "source": "census_tract_2025", "adm3_name": "Kings County", "adm3_id": "36047", "area_sqm": 127954, "split": false}, "geometry": {"type": "Polygon", "coordinates": [[[-73.955272, 40.724277], [-73.952597, 40.725152], [-73.951736, 40.725436], [-73.950875, 40.725721], [-73.949924, 40.724056], [-73.949078, 40.72254], [-73.950646, 40.721705], [-73.951646, 40.723486], [-73.954776, 40.72246], [-73.956273, 40.72339], [-73.955272, 40.724277]]]}}, {"type": "Feature", "properties": {"unit_id": "36047116600", "name": "Census Tract 1166 \u2014 Kings", "native_id": "36047116600", "source": "census_tract_2025", "adm3_name": "Kings County", "adm3_id": "36047", "area_sqm": 159390, "split": false}, "geometry": {"type": "Polygon", "coordinates": [[[-73.884854, 40.676129], [-73.883226, 40.67637], [-73.882331, 40.676501], [-73.880505, 40.676766], [-73.880199, 40.675525], [-73.879882, 40.674255], [-73.879568, 40.672987], [-73.883889, 40.672355], [-73.884214, 40.673621], [-73.884537, 40.674889], [-73.884854, 40.676129]]]}}, {"type": "Feature", "properties": {"unit_id": "36047021900", "name": "Census Tract 219 \u2014 Kings", "native_id": "36047021900", "source": "census_tract_2025", "adm3_name": "Kings County", "adm3_id": "36047", "area_sqm": 147042, "split": false}, "geometry": {"type": "Polygon", "coordinates": [[[-73.957339, 40.672414], [-73.957021, 40.673294], [-73.956703, 40.674171], [-73.953999, 40.673632], [-73.952937, 40.673571], [-73.953019, 40.672681], [-73.953187, 40.670898], [-73.95327, 40.670007], [-73.955269, 40.670125], [-73.957974, 40.670657], [-73.957339, 40.672414]]]}}, {"type": "Feature", "properties": {"unit_id": "36047083800", "name": "Census Tract 838 \u2014 Kings", "native_id": "36047083800", "source": "census_tract_2025", "adm3_name": "Kings County", "adm3_id": "36047", "area_sqm": 166942, "split": false}, "geometry": {"type": "Polygon", "coordinates": [[[-73.937284, 40.643958], [-73.933478, 40.644192], [-73.933234, 40.641895], [-73.932984, 40.639555], [-73.934887, 40.639439], [-73.936792, 40.639319], [-73.937041, 40.641658], [-73.937284, 40.643958]]]}}, {"type": "Feature", "properties": {"unit_id": "36047024600", "name": "Census Tract 246 \u2014 Kings", "native_id": "36047024600", "source": "census_tract_2025", "adm3_name": "Kings County", "adm3_id": "36047", "area_sqm": 172880, "split": false}, "geometry": {"type": "Polygon", "coordinates": [[[-73.985693, 40.620131], [-73.983489, 40.6188], [-73.982282, 40.619962], [-73.981696, 40.620524], [-73.979495, 40.619195], [-73.977379, 40.617883], [-73.97785, 40.617287], [-73.979058, 40.616126], [-73.979638, 40.615565], [-73.981868, 40.616912], [-73.984068, 40.618241], [-73.986275, 40.619567], [-73.985693, 40.620131]]]}}, {"type": "Feature", "properties": {"unit_id": "36061006800", "name": "Census Tract 68 \u2014 New York", "native_id": "36061006800", "source": "census_tract_2025", "adm3_name": "New York County", "adm3_id": "36061", "area_sqm": 174441, "split": false}, "geometry": {"type": "Polygon", "coordinates": [[[-73.986849, 40.739522], [-73.986366, 40.740187], [-73.985879, 40.740853], [-73.984078, 40.743326], [-73.982462, 40.742645], [-73.980859, 40.74197], [-73.981312, 40.741351], [-73.981762, 40.740733], [-73.982211, 40.740115], [-73.982665, 40.739497], [-73.983632, 40.738165], [-73.984082, 40.737546], [-73.987302, 40.738903], [-73.986849, 40.739522]]]}}, {"type": "Feature", "properties": {"unit_id": "36047030400", "name": "Census Tract 304 \u2014 Kings", "native_id": "36047030400", "source": "census_tract_2025", "adm3_name": "Kings County", "adm3_id": "36047", "area_sqm": 465276, "split": false}, "geometry": {"type": "Polygon", "coordinates": [[[-73.9993157863632, 40.5931024417836], [-73.997368, 40.593974], [-73.996194, 40.593992], [-73.995308, 40.594428], [-73.996747, 40.595643], [-73.995225, 40.597093], [-73.992389, 40.595211], [-73.99019, 40.593882], [-73.987988, 40.592553], [-73.989621, 40.590982], [-73.990364, 40.591432], [-73.991539, 40.590391], [-73.992558, 40.589922], [-73.993309, 40.589584], [-73.993758, 40.590332], [-73.996288677915, 40.5892268642664], [-73.997084, 40.591414], [-73.9971269334381, 40.5914464809812], [-73.9976801252349, 40.5918649942221], [-73.9993157863632, 40.5931024417836]]]}}, {"type": "Feature", "properties": {"unit_id": "36047054300", "name": "Census Tract 543 \u2014 Kings", "native_id": "36047054300", "source": "census_tract_2025", "adm3_name": "Kings County", "adm3_id": "36047", "area_sqm": 955334, "split": false}, "geometry": {"type": "Polygon", "coordinates": [[[-73.980729, 40.701268], [-73.979171, 40.705301], [-73.979233, 40.705769], [-73.975476, 40.707492], [-73.972789, 40.709378], [-73.970318, 40.707332], [-73.969613, 40.707634], [-73.968389, 40.706829], [-73.967951, 40.705731], [-73.96721, 40.704256], [-73.965204, 40.702623], [-73.962576, 40.700514], [-73.962179, 40.700221], [-73.962368, 40.699597], [-73.962839, 40.698039], [-73.965774, 40.697636], [-73.969728, 40.697804], [-73.976787, 40.698087], [-73.980544, 40.698246], [-73.980462, 40.699703], [-73.980729, 40.701268]]]}}, {"type": "Feature", "properties": {"unit_id": "36047094401", "name": "Census Tract 944.01 \u2014 Kings", "native_id": "36047094401", "source": "census_tract_2025", "adm3_name": "Kings County", "adm3_id": "36047", "area_sqm": 368968, "split": false}, "geometry": {"type": "Polygon", "coordinates": [[[-73.926513, 40.63654], [-73.926082, 40.638163], [-73.925743, 40.640014], [-73.925382, 40.642384], [-73.923565, 40.642499], [-73.923327, 40.6399], [-73.921609, 40.641687], [-73.919729, 40.642725], [-73.919662, 40.642104], [-73.919556, 40.641185], [-73.919462, 40.640239], [-73.91929, 40.638596], [-73.919172, 40.63747], [-73.920119, 40.636988], [-73.921017, 40.636528], [-73.922832, 40.635543], [-73.925706, 40.635367], [-73.927448, 40.635259], [-73.926513, 40.63654]]]}}, {"type": "Feature", "properties": {"unit_id": "36047101200", "name": "Census Tract 1012 \u2014 Kings", "native_id": "36047101200", "source": "census_tract_2025", "adm3_name": "Kings County", "adm3_id": "36047", "area_sqm": 160761, "split": false}, "geometry": {"type": "Polygon", "coordinates": [[[-73.897011, 40.640374], [-73.893961, 40.642343], [-73.892141, 40.640712], [-73.890328, 40.63908], [-73.893375, 40.637108], [-73.895191, 40.638742], [-73.897011, 40.640374]]]}}, {"type": "Feature", "properties": {"unit_id": "36061013800", "name": "Census Tract 138 \u2014 New York", "native_id": "36061013800", "source": "census_tract_2025", "adm3_name": "New York County", "adm3_id": "36061", "area_sqm": 182092, "split": false}, "geometry": {"type": "Polygon", "coordinates": [[[-73.956798, 40.774967], [-73.956334, 40.775601], [-73.955869, 40.776236], [-73.955408, 40.776868], [-73.954945, 40.777504], [-73.952705, 40.776561], [-73.950339, 40.775564], [-73.950798, 40.774927], [-73.951261, 40.774292], [-73.951723, 40.773657], [-73.952186, 40.77302], [-73.952686, 40.77234], [-73.955055, 40.773337], [-73.957294, 40.774283], [-73.956798, 40.774967]]]}}, {"type": "Feature", "properties": {"unit_id": "36047000700", "name": "Census Tract 7 \u2014 Kings", "native_id": "36047000700", "source": "census_tract_2025", "adm3_name": "Kings County", "adm3_id": "36047", "area_sqm": 176774, "split": false}, "geometry": {"type": "Polygon", "coordinates": [[[-74.000959, 40.694069], [-74.000701, 40.694388], [-74.000025, 40.694097], [-73.997609, 40.693601], [-73.996716, 40.693439], [-73.99508, 40.693147], [-73.993103, 40.692846], [-73.993736, 40.691535], [-73.994361, 40.690239], [-73.996233, 40.690758], [-73.997793, 40.691188], [-74.000495, 40.691938], [-74.001744, 40.692407], [-74.000959, 40.694069]]]}}, {"type": "Feature", "properties": {"unit_id": "36047057500", "name": "Census Tract 575 \u2014 Kings", "native_id": "36047057500", "source": "census_tract_2025", "adm3_name": "Kings County", "adm3_id": "36047", "area_sqm": 181405, "split": false}, "geometry": {"type": "Polygon", "coordinates": [[[-73.95519, 40.735867], [-73.952975, 40.736079], [-73.95234, 40.73398], [-73.952104, 40.732563], [-73.951869, 40.731144], [-73.95159, 40.73045], [-73.950731, 40.728972], [-73.952412, 40.728418], [-73.953273, 40.728133], [-73.953658, 40.728823], [-73.953957, 40.729503], [-73.954245, 40.730197], [-73.954379, 40.730907], [-73.954609, 40.732324], [-73.954843, 40.73374], [-73.955074, 40.73516], [-73.95519, 40.735867]]]}}, {"type": "Feature", "properties": {"unit_id": "36061008300", "name": "Census Tract 83 \u2014 New York", "native_id": "36061008300", "source": "census_tract_2025", "adm3_name": "New York County", "adm3_id": "36061", "area_sqm": 174158, "split": false}, "geometry": {"type": "Polygon", "coordinates": [[[-74.007238, 40.74347], [-74.006811, 40.744061], [-74.006385, 40.744646], [-74.003542, 40.743448], [-74.000703, 40.742254], [-74.001129, 40.741668], [-74.001555, 40.74108], [-74.002019, 40.740444], [-74.002523, 40.739753], [-74.005158, 40.740858], [-74.005366, 40.740945], [-74.008204, 40.742148], [-74.007238, 40.74347]]]}}, {"type": "Feature", "properties": {"unit_id": "36047103402", "name": "Census Tract 1034.02 \u2014 Kings", "native_id": "36047103402", "source": "census_tract_2025", "adm3_name": "Kings County", "adm3_id": "36047", "area_sqm": 490129, "split": false}, "geometry": {"type": "Polygon", "coordinates": [[[-73.885111, 40.631624], [-73.883649, 40.632743], [-73.882889, 40.633437], [-73.885421, 40.63573], [-73.885944, 40.636227], [-73.883718, 40.63768], [-73.880739, 40.639613], [-73.878814, 40.637942], [-73.8763, 40.635192], [-73.873957, 40.633773], [-73.88239, 40.627542], [-73.884004, 40.628766], [-73.886357, 40.630821], [-73.885111, 40.631624]]]}}, {"type": "Feature", "properties": {"unit_id": "36047105804", "name": "Census Tract 1058.04 \u2014 Kings", "native_id": "36047105804", "source": "census_tract_2025", "adm3_name": "Kings County", "adm3_id": "36047", "area_sqm": 770249, "split": false}, "geometry": {"type": "Polygon", "coordinates": [[[-73.889994, 40.651138], [-73.886282, 40.652756], [-73.884806, 40.650765], [-73.884113, 40.649956], [-73.882413, 40.64844], [-73.881481, 40.647601], [-73.87729, 40.643842], [-73.876082, 40.643293], [-73.877848, 40.639904], [-73.878497, 40.638575], [-73.878814, 40.637942], [-73.880739, 40.639613], [-73.889587, 40.648111], [-73.891252, 40.650026], [-73.889994, 40.651138]]]}}, {"type": "Feature", "properties": {"unit_id": "36047006300", "name": "Census Tract 63 \u2014 Kings", "native_id": "36047006300", "source": "census_tract_2025", "adm3_name": "Kings County", "adm3_id": "36047", "area_sqm": 103152, "split": false}, "geometry": {"type": "Polygon", "coordinates": [[[-74.003346, 40.67963], [-74.001957, 40.682593], [-74.001609, 40.683235], [-74.001281, 40.683909], [-74.000642, 40.685247], [-73.999081, 40.684816], [-73.999725, 40.683473], [-74.000048, 40.682803], [-74.000371, 40.682133], [-74.000693, 40.681463], [-74.001122, 40.680569], [-74.001516, 40.679753], [-74.001905, 40.678935], [-74.002255, 40.678205], [-74.003346, 40.67963]]]}}, {"type": "Feature", "properties": {"unit_id": "36061015402", "name": "Census Tract 154.02 \u2014 New York", "native_id": "36061015402", "source": "census_tract_2025", "adm3_name": "New York County", "adm3_id": "36061", "area_sqm": 54705, "split": false}, "geometry": {"type": "Polygon", "coordinates": [[[-73.948961, 40.781689], [-73.948501, 40.782317], [-73.948039, 40.782942], [-73.94567, 40.781947], [-73.946131, 40.781316], [-73.946591, 40.780692], [-73.947049, 40.780064], [-73.949419, 40.781062], [-73.948961, 40.781689]]]}}, {"type": "Feature", "properties": {"unit_id": "36047019200", "name": "Census Tract 192 \u2014 Kings", "native_id": "36047019200", "source": "census_tract_2025", "adm3_name": "Kings County", "adm3_id": "36047", "area_sqm": 189790, "split": false}, "geometry": {"type": "Polygon", "coordinates": [[[-74.001931, 40.629033], [-74.001677, 40.629315], [-74.001349, 40.629598], [-74.000142, 40.630756], [-73.999561, 40.631315], [-73.997359, 40.629986], [-73.996115, 40.629232], [-73.996336, 40.628445], [-73.996788, 40.626826], [-73.996878, 40.62653], [-73.997017, 40.626062], [-73.997241, 40.625289], [-73.998117, 40.625816], [-74.000314, 40.627145], [-74.002515, 40.628475], [-74.001931, 40.629033]]]}}, {"type": "Feature", "properties": {"unit_id": "36061008603", "name": "Census Tract 86.03 \u2014 New York", "native_id": "36061008603", "source": "census_tract_2025", "adm3_name": "New York County", "adm3_id": "36061", "area_sqm": 116889, "split": false}, "geometry": {"type": "Polygon", "coordinates": [[[-73.966616, 40.753244], [-73.966536, 40.75335], [-73.966157, 40.753878], [-73.965696, 40.754505], [-73.96524, 40.75513], [-73.964786, 40.755756], [-73.964325, 40.756381], [-73.9621, 40.755455], [-73.961773, 40.755284], [-73.961565, 40.755208], [-73.958614, 40.753848], [-73.96156, 40.749458], [-73.964715, 40.751717], [-73.965055, 40.751813], [-73.965185, 40.751952], [-73.967227, 40.752688], [-73.966616, 40.753244]]]}}, {"type": "Feature", "properties": {"unit_id": "36061015802", "name": "Census Tract 158.02 \u2014 New York", "native_id": "36061015802", "source": "census_tract_2025", "adm3_name": "New York County", "adm3_id": "36061", "area_sqm": 51508, "split": false}, "geometry": {"type": "Polygon", "coordinates": [[[-73.952058, 40.787222], [-73.951609, 40.787858], [-73.948378, 40.786497], [-73.948827, 40.785881], [-73.949332, 40.785194], [-73.950927, 40.785866], [-73.952551, 40.786549], [-73.952058, 40.787222]]]}}, {"type": "Feature", "properties": {"unit_id": "36047035500", "name": "Census Tract 355 \u2014 Kings", "native_id": "36047035500", "source": "census_tract_2025", "adm3_name": "Kings County", "adm3_id": "36047", "area_sqm": 138406, "split": false}, "geometry": {"type": "Polygon", "coordinates": [[[-73.937074, 40.664644], [-73.936984, 40.665536], [-73.934224, 40.665378], [-73.931455, 40.665234], [-73.928683, 40.665086], [-73.928544, 40.664574], [-73.929403, 40.664199], [-73.930685, 40.66362], [-73.931607, 40.663557], [-73.934553, 40.663362], [-73.937264, 40.663192], [-73.937074, 40.664644]]]}}, {"type": "Feature", "properties": {"unit_id": "36047077000", "name": "Census Tract 770 \u2014 Kings", "native_id": "36047077000", "source": "census_tract_2025", "adm3_name": "Kings County", "adm3_id": "36047", "area_sqm": 163281, "split": false}, "geometry": {"type": "Polygon", "coordinates": [[[-73.9584, 40.636327], [-73.957433, 40.636793], [-73.956566, 40.637206], [-73.953743, 40.638566], [-73.9536, 40.638422], [-73.951101, 40.636073], [-73.949449, 40.634508], [-73.951059, 40.633635], [-73.95201, 40.633531], [-73.952462, 40.635922], [-73.956241, 40.635509], [-73.958198, 40.635289], [-73.9584, 40.636327]]]}}, {"type": "Feature", "properties": {"unit_id": "36047036700", "name": "Census Tract 367 \u2014 Kings", "native_id": "36047036700", "source": "census_tract_2025", "adm3_name": "Kings County", "adm3_id": "36047", "area_sqm": 182968, "split": false}, "geometry": {"type": "Polygon", "coordinates": [[[-73.907833, 40.678116], [-73.905493, 40.680037], [-73.904046, 40.67922], [-73.903466, 40.678897], [-73.89999, 40.6769], [-73.900792, 40.676572], [-73.902535, 40.675884], [-73.903463, 40.676016], [-73.907125, 40.676248], [-73.908088, 40.67619], [-73.907833, 40.678116]]]}}, {"type": "Feature", "properties": {"unit_id": "36047036300", "name": "Census Tract 363 \u2014 Kings", "native_id": "36047036300", "source": "census_tract_2025", "adm3_name": "Kings County", "adm3_id": "36047", "area_sqm": 259726, "split": false}, "geometry": {"type": "Polygon", "coordinates": [[[-73.9223, 40.6719], [-73.922132, 40.673684], [-73.919541, 40.673542], [-73.916773, 40.67339], [-73.914004, 40.67324], [-73.911224, 40.673152], [-73.909255, 40.672948], [-73.911336, 40.672077], [-73.914039, 40.670897], [-73.914873, 40.670533], [-73.91696, 40.670714], [-73.917022, 40.670718], [-73.919794, 40.670868], [-73.922384, 40.671009], [-73.9223, 40.6719]]]}}, {"type": "Feature", "properties": {"unit_id": "36047065400", "name": "Census Tract 654 \u2014 Kings", "native_id": "36047065400", "source": "census_tract_2025", "adm3_name": "Kings County", "adm3_id": "36047", "area_sqm": 151523, "split": false}, "geometry": {"type": "Polygon", "coordinates": [[[-73.933917, 40.616508], [-73.93028, 40.613245], [-73.92846, 40.611613], [-73.929887, 40.610688], [-73.931345, 40.609747], [-73.93316, 40.611381], [-73.93171, 40.612322], [-73.933528, 40.613953], [-73.935348, 40.615584], [-73.933917, 40.616508]]]}}, {"type": "Feature", "properties": {"unit_id": "36047070602", "name": "Census Tract 706.02 \u2014 Kings", "native_id": "36047070602", "source": "census_tract_2025", "adm3_name": "Kings County", "adm3_id": "36047", "area_sqm": 1196753, "split": false}, "geometry": {"type": "Polygon", "coordinates": [[[-73.903457, 40.614035], [-73.901373, 40.613278], [-73.900672, 40.613744], [-73.899239, 40.614666], [-73.898559, 40.615172], [-73.89835, 40.61731], [-73.901989, 40.620563], [-73.900163, 40.621677], [-73.898261, 40.622989], [-73.892306, 40.620556], [-73.887051, 40.61632], [-73.884456, 40.60944], [-73.891953, 40.605525], [-73.89862, 40.604609], [-73.901445, 40.604354], [-73.901698, 40.608223], [-73.90319, 40.611489], [-73.904927, 40.613237], [-73.903457, 40.614035]]]}}, {"type": "Feature", "properties": {"unit_id": "36061002700", "name": "Census Tract 27 \u2014 New York", "native_id": "36061002700", "source": "census_tract_2025", "adm3_name": "New York County", "adm3_id": "36061", "area_sqm": 59282, "split": false}, "geometry": {"type": "Polygon", "coordinates": [[[-74.000891, 40.713015], [-73.998584, 40.713468], [-73.997504, 40.714069], [-73.997117, 40.712799], [-73.996947, 40.712072], [-73.999701, 40.71178], [-74.00051, 40.710984], [-74.000819, 40.711382], [-74.000891, 40.713015]]]}}, {"type": "Feature", "properties": {"unit_id": "36061001600", "name": "Census Tract 16 \u2014 New York", "native_id": "36061001600", "source": "census_tract_2025", "adm3_name": "New York County", "adm3_id": "36061", "area_sqm": 207381, "split": false}, "geometry": {"type": "Polygon", "coordinates": [[[-73.996059, 40.716232], [-73.994808, 40.718457], [-73.993095, 40.717922], [-73.991422, 40.717418], [-73.989155, 40.716708], [-73.989754, 40.715553], [-73.99022, 40.714405], [-73.992562, 40.714388], [-73.993016, 40.714356], [-73.99414, 40.714269], [-73.99484, 40.714209], [-73.997504, 40.714069], [-73.996059, 40.716232]]]}}, {"type": "Feature", "properties": {"unit_id": "36047054500", "name": "Census Tract 545 \u2014 Kings", "native_id": "36047054500", "source": "census_tract_2025", "adm3_name": "Kings County", "adm3_id": "36047", "area_sqm": 167767, "split": false}, "geometry": {"type": "Polygon", "coordinates": [[[-73.968389, 40.706829], [-73.967289, 40.707002], [-73.964849, 40.707454], [-73.964393, 40.707056], [-73.963745, 40.706479], [-73.963098, 40.7059], [-73.962485, 40.705352], [-73.961854, 40.704786], [-73.964426, 40.703122], [-73.965204, 40.702623], [-73.96721, 40.704256], [-73.967951, 40.705731], [-73.968389, 40.706829]]]}}, {"type": "Feature", "properties": {"unit_id": "36061001501", "name": "Census Tract 15.01 \u2014 New York", "native_id": "36061001501", "source": "census_tract_2025", "adm3_name": "New York County", "adm3_id": "36061", "area_sqm": 270812, "split": false}, "geometry": {"type": "Polygon", "coordinates": [[[-74.008601, 40.711392], [-74.00609, 40.712003], [-74.004858, 40.712453], [-74.003311, 40.711315], [-74.001419, 40.709815], [-73.999495, 40.708279], [-73.999177, 40.708022], [-73.994498, 40.704318], [-73.995069, 40.703102], [-73.995138, 40.70298], [-73.9963715334202, 40.7034206681433], [-73.997121, 40.705621], [-74.0001, 40.706351], [-74.0010942518667, 40.7058894479262], [-74.0021980363414, 40.7053770485731], [-74.003137, 40.706248], [-74.004057, 40.707437], [-74.004328, 40.707824], [-74.004817, 40.70839], [-74.005512, 40.709093], [-74.007745, 40.710221], [-74.009063, 40.710887], [-74.008601, 40.711392]]]}}, {"type": "Feature", "properties": {"unit_id": "36061030700", "name": "Census Tract 307 \u2014 New York", "native_id": "36061030700", "source": "census_tract_2025", "adm3_name": "New York County", "adm3_id": "36061", "area_sqm": 84374, "split": false}, "geometry": {"type": "Polygon", "coordinates": [[[-73.918459, 40.873022], [-73.916278, 40.872116], [-73.915056, 40.871603], [-73.914009, 40.87116], [-73.915183, 40.869551], [-73.916275, 40.869583], [-73.916973, 40.870148], [-73.917916, 40.870923], [-73.919458, 40.872249], [-73.918459, 40.873022]]]}}, {"type": "Feature", "properties": {"unit_id": "36047017500", "name": "Census Tract 175 \u2014 Kings", "native_id": "36047017500", "source": "census_tract_2025", "adm3_name": "Kings County", "adm3_id": "36047", "area_sqm": 1961397, "split": false}, "geometry": {"type": "Polygon", "coordinates": [[[-74.000413, 40.654629], [-73.998671, 40.656307], [-73.995169, 40.659669], [-73.992964, 40.658337], [-73.992383, 40.658899], [-73.990188, 40.657601], [-73.988428, 40.65925], [-73.986228, 40.657921], [-73.981796, 40.655246], [-73.981453, 40.653416], [-73.98111, 40.651592], [-73.980712, 40.649524], [-73.980364, 40.647694], [-73.980291, 40.647297], [-73.981328, 40.647182], [-73.981805, 40.647128], [-73.983073, 40.646625], [-73.985284, 40.645768], [-73.98835, 40.644562], [-73.989059, 40.644119], [-73.993985, 40.647101], [-73.996088, 40.648307], [-73.998276, 40.649734], [-73.997818, 40.650282], [-74.002144, 40.652956], [-74.000413, 40.654629]]]}}, {"type": "Feature", "properties": {"unit_id": "36047120803", "name": "Census Tract 1208.03 \u2014 Kings", "native_id": "36047120803", "source": "census_tract_2025", "adm3_name": "Kings County", "adm3_id": "36047", "area_sqm": 155241, "split": false}, "geometry": {"type": "Polygon", "coordinates": [[[-73.863919, 40.673942], [-73.862992, 40.674073], [-73.862074, 40.674208], [-73.861764, 40.674233], [-73.861064, 40.674343], [-73.861077, 40.674021], [-73.860775, 40.672806], [-73.860389, 40.671269], [-73.859474, 40.671381], [-73.858555, 40.671533], [-73.857282, 40.670312], [-73.862845, 40.669522], [-73.863207, 40.671019], [-73.863919, 40.673942]]]}}, {"type": "Feature", "properties": {"unit_id": "36061024100", "name": "Census Tract 241 \u2014 New York", "native_id": "36061024100", "source": "census_tract_2025", "adm3_name": "New York County", "adm3_id": "36061", "area_sqm": 178781, "split": false}, "geometry": {"type": "Polygon", "coordinates": [[[-73.9577157213363, 40.8396805217168], [-73.949594, 40.83683], [-73.945511, 40.835124], [-73.944426, 40.834681], [-73.941577, 40.833487], [-73.942032, 40.832865], [-73.942499, 40.832241], [-73.94298, 40.831568], [-73.945824, 40.832766], [-73.948291, 40.833861], [-73.950279, 40.834326], [-73.9586862157485, 40.8374114414752], [-73.9577157213363, 40.8396805217168]]]}}, {"type": "Feature", "properties": {"unit_id": "36047040900", "name": "Census Tract 409 \u2014 Kings", "native_id": "36047040900", "source": "census_tract_2025", "adm3_name": "Kings County", "adm3_id": "36047", "area_sqm": 172310, "split": false}, "geometry": {"type": "Polygon", "coordinates": [[[-73.908042, 40.690647], [-73.906599, 40.69212], [-73.905043, 40.693704], [-73.904288, 40.693278], [-73.902073, 40.691999], [-73.901241, 40.691438], [-73.901805, 40.690766], [-73.904142, 40.688568], [-73.905041, 40.688935], [-73.906544, 40.689791], [-73.907292, 40.690219], [-73.908042, 40.690647]]]}}, {"type": "Feature", "properties": {"unit_id": "36047102802", "name": "Census Tract 1028.02 \u2014 Kings", "native_id": "36047102802", "source": "census_tract_2025", "adm3_name": "Kings County", "adm3_id": "36047", "area_sqm": 864989, "split": false}, "geometry": {"type": "Polygon", "coordinates": [[[-73.901147, 40.625685], [-73.899682, 40.627369], [-73.895, 40.630386], [-73.892771, 40.631809], [-73.890815, 40.630854], [-73.892094, 40.628658], [-73.886357, 40.630821], [-73.884004, 40.628766], [-73.88239, 40.627542], [-73.892306, 40.620556], [-73.898261, 40.622989], [-73.90178, 40.624816], [-73.901147, 40.625685]]]}}, {"type": "Feature", "properties": {"unit_id": "36047086400", "name": "Census Tract 864 \u2014 Kings", "native_id": "36047086400", "source": "census_tract_2025", "adm3_name": "Kings County", "adm3_id": "36047", "area_sqm": 150823, "split": false}, "geometry": {"type": "Polygon", "coordinates": [[[-73.92609, 40.656921], [-73.924654, 40.657007], [-73.923599, 40.656053], [-73.921776, 40.654424], [-73.921696, 40.654372], [-73.920773, 40.652554], [-73.922849, 40.652463], [-73.923666, 40.652538], [-73.92561, 40.652446], [-73.925953, 40.655632], [-73.92609, 40.656921]]]}}, {"type": "Feature", "properties": {"unit_id": "36047035601", "name": "Census Tract 356.01 \u2014 Kings", "native_id": "36047035601", "source": "census_tract_2025", "adm3_name": "Kings County", "adm3_id": "36047", "area_sqm": 67890, "split": false}, "geometry": {"type": "Polygon", "coordinates": [[[-73.971134, 40.582019], [-73.967335, 40.581515], [-73.967602, 40.580362], [-73.969133, 40.580048], [-73.971058, 40.579781], [-73.971834, 40.579805], [-73.971134, 40.582019]]]}}, {"type": "Feature", "properties": {"unit_id": "36061019600", "name": "Census Tract 196 \u2014 New York", "native_id": "36061019600", "source": "census_tract_2025", "adm3_name": "New York County", "adm3_id": "36061", "area_sqm": 177186, "split": false}, "geometry": {"type": "Polygon", "coordinates": [[[-73.940908, 40.802499], [-73.939989, 40.803756], [-73.938544, 40.80573], [-73.935326, 40.804371], [-73.935817, 40.8037], [-73.93631, 40.803024], [-73.937228, 40.801769], [-73.937686, 40.801141], [-73.938144, 40.80051], [-73.938603, 40.799883], [-73.940207, 40.800557], [-73.941825, 40.80124], [-73.940908, 40.802499]]]}}, {"type": "Feature", "properties": {"unit_id": "36061031100", "name": "Census Tract 311 \u2014 New York", "native_id": "36061031100", "source": "census_tract_2025", "adm3_name": "New York County", "adm3_id": "36061", "area_sqm": 730773, "split": false}, "geometry": {"type": "Polygon", "coordinates": [[[-73.940368, 40.831468], [-73.939155, 40.833278], [-73.938037, 40.834286], [-73.937383, 40.83569], [-73.936691, 40.837193], [-73.935079, 40.839267], [-73.935567, 40.841713], [-73.934671, 40.842958], [-73.933716, 40.844247], [-73.933233, 40.84491], [-73.932325, 40.846154], [-73.931851, 40.846803], [-73.931393, 40.847428], [-73.930621, 40.848481], [-73.929777, 40.84815], [-73.927477, 40.850694], [-73.927695, 40.852488], [-73.924692, 40.856642], [-73.925192, 40.858029], [-73.927266, 40.857929], [-73.925175, 40.860309], [-73.924877, 40.861541], [-73.924742, 40.861594], [-73.922958, 40.858914], [-73.922867, 40.855872], [-73.92216, 40.855607], [-73.920958, 40.855112], [-73.921405, 40.854358], [-73.922978, 40.852022], [-73.923904, 40.850488], [-73.927296, 40.846557], [-73.928159, 40.845492], [-73.930406, 40.840279], [-73.930606, 40.839679], [-73.933006, 40.835679], [-73.934705, 40.835626], [-73.934402, 40.836054], [-73.936496, 40.834569], [-73.937957, 40.833454], [-73.938683, 40.832801], [-73.939343, 40.831612], [-73.940167, 40.830383], [-73.940346, 40.830458], [-73.940368, 40.831468]]]}}, {"type": "Feature", "properties": {"unit_id": "36047044400", "name": "Census Tract 444 \u2014 Kings", "native_id": "36047044400", "source": "census_tract_2025", "adm3_name": "Kings County", "adm3_id": "36047", "area_sqm": 174544, "split": false}, "geometry": {"type": "Polygon", "coordinates": [[[-73.973358, 40.616541], [-73.971412, 40.616757], [-73.969112, 40.61701], [-73.96774, 40.617161], [-73.965739, 40.61738], [-73.965287, 40.614992], [-73.966215, 40.614892], [-73.967286, 40.614773], [-73.968657, 40.614622], [-73.97003, 40.614469], [-73.970955, 40.614369], [-73.971881, 40.614266], [-73.972903, 40.614153], [-73.973358, 40.616541]]]}}, {"type": "Feature", "properties": {"unit_id": "36047047600", "name": "Census Tract 476 \u2014 Kings", "native_id": "36047047600", "source": "census_tract_2025", "adm3_name": "Kings County", "adm3_id": "36047", "area_sqm": 207174, "split": false}, "geometry": {"type": "Polygon", "coordinates": [[[-73.984344, 40.632157], [-73.983763, 40.632717], [-73.982598, 40.633837], [-73.980142, 40.632354], [-73.980723, 40.631793], [-73.978155, 40.630282], [-73.977165, 40.630747], [-73.976578, 40.627574], [-73.978067, 40.627455], [-73.980428, 40.628879], [-73.982406, 40.630068], [-73.984928, 40.631597], [-73.984344, 40.632157]]]}}, {"type": "Feature", "properties": {"unit_id": "36047048500", "name": "Census Tract 485 \u2014 Kings", "native_id": "36047048500", "source": "census_tract_2025", "adm3_name": "Kings County", "adm3_id": "36047", "area_sqm": 581535, "split": false}, "geometry": {"type": "Polygon", "coordinates": [[[-73.940688, 40.711962], [-73.934802, 40.713373], [-73.932523, 40.708238], [-73.932072, 40.707786], [-73.933919, 40.707487], [-73.933594, 40.706371], [-73.932698, 40.703171], [-73.933523, 40.702849], [-73.933951, 40.702674], [-73.936982, 40.70191], [-73.937784, 40.703525], [-73.938599, 40.704066], [-73.939313, 40.704815], [-73.939432, 40.705256], [-73.939037, 40.706265], [-73.938705, 40.707015], [-73.938864, 40.708495], [-73.939958, 40.70839], [-73.940076, 40.709102], [-73.940423, 40.711218], [-73.940688, 40.711962]]]}}, {"type": "Feature", "properties": {"unit_id": "36061013000", "name": "Census Tract 130 \u2014 New York", "native_id": "36061013000", "source": "census_tract_2025", "adm3_name": "New York County", "adm3_id": "36061", "area_sqm": 178225, "split": false}, "geometry": {"type": "Polygon", "coordinates": [[[-73.967039, 40.772461], [-73.966074, 40.773773], [-73.964687, 40.775677], [-73.963087, 40.775003], [-73.961475, 40.774324], [-73.962865, 40.77242], [-73.963326, 40.771786], [-73.964782, 40.769796], [-73.966387, 40.770478], [-73.967994, 40.771147], [-73.967039, 40.772461]]]}}, {"type": "Feature", "properties": {"unit_id": "36047031702", "name": "Census Tract 317.02 \u2014 Kings", "native_id": "36047031702", "source": "census_tract_2025", "adm3_name": "Kings County", "adm3_id": "36047", "area_sqm": 139788, "split": false}, "geometry": {"type": "Polygon", "coordinates": [[[-73.953187, 40.670898], [-73.953019, 40.672681], [-73.950251, 40.67253], [-73.94748, 40.67238], [-73.947642, 40.670664], [-73.947647, 40.670597], [-73.947731, 40.669705], [-73.950502, 40.669856], [-73.95327, 40.670007], [-73.953187, 40.670898]]]}}, {"type": "Feature", "properties": {"unit_id": "36047112800", "name": "Census Tract 1128 \u2014 Kings", "native_id": "36047112800", "source": "census_tract_2025", "adm3_name": "Kings County", "adm3_id": "36047", "area_sqm": 184193, "split": false}, "geometry": {"type": "Polygon", "coordinates": [[[-73.895531, 40.662945], [-73.89365, 40.663223], [-73.891738, 40.663507], [-73.889907, 40.663778], [-73.889785, 40.663295], [-73.888385, 40.661338], [-73.890015, 40.660636], [-73.891649, 40.659933], [-73.893279, 40.65923], [-73.89469, 40.661126], [-73.895151, 40.661314], [-73.895531, 40.662945]]]}}, {"type": "Feature", "properties": {"unit_id": "36061004300", "name": "Census Tract 43 \u2014 New York", "native_id": "36061004300", "source": "census_tract_2025", "adm3_name": "New York County", "adm3_id": "36061", "area_sqm": 149239, "split": false}, "geometry": {"type": "Polygon", "coordinates": [[[-73.998812, 40.723021], [-73.996772, 40.725432], [-73.995329, 40.725084], [-73.994908, 40.724951], [-73.992604, 40.724136], [-73.993259, 40.722353], [-73.993523, 40.721632], [-73.993795, 40.720937], [-73.995464, 40.721619], [-73.996268, 40.721952], [-73.997123, 40.722301], [-73.998812, 40.723021]]]}}, {"type": "Feature", "properties": {"unit_id": "36061021500", "name": "Census Tract 215 \u2014 New York", "native_id": "36061021500", "source": "census_tract_2025", "adm3_name": "New York County", "adm3_id": "36061", "area_sqm": 69708, "split": false}, "geometry": {"type": "Polygon", "coordinates": [[[-73.950927, 40.812575], [-73.95035, 40.813159], [-73.94902, 40.815021], [-73.948356, 40.816374], [-73.947034, 40.81583], [-73.948419, 40.813938], [-73.949313, 40.812711], [-73.950216, 40.811478], [-73.95068, 40.810843], [-73.952101, 40.811442], [-73.950927, 40.812575]]]}}, {"type": "Feature", "properties": {"unit_id": "36047021100", "name": "Census Tract 211 \u2014 Kings", "native_id": "36047021100", "source": "census_tract_2025", "adm3_name": "Kings County", "adm3_id": "36047", "area_sqm": 271830, "split": false}, "geometry": {"type": "Polygon", "coordinates": [[[-73.980544, 40.698246], [-73.976787, 40.698087], [-73.969728, 40.697804], [-73.965774, 40.697636], [-73.962839, 40.698039], [-73.963199, 40.6971], [-73.964551, 40.696107], [-73.965156, 40.695972], [-73.967416, 40.696028], [-73.969399, 40.696093], [-73.97247, 40.696207], [-73.973485, 40.696246], [-73.976443, 40.696371], [-73.978381, 40.696492], [-73.980388, 40.696507], [-73.980515, 40.697437], [-73.980544, 40.698246]]]}}, {"type": "Feature", "properties": {"unit_id": "36047003000", "name": "Census Tract 30 \u2014 Kings", "native_id": "36047003000", "source": "census_tract_2025", "adm3_name": "Kings County", "adm3_id": "36047", "area_sqm": 110188, "split": false}, "geometry": {"type": "Polygon", "coordinates": [[[-74.030891, 40.638279], [-74.030606, 40.638963], [-74.029073, 40.640969], [-74.029079, 40.641274], [-74.026257, 40.640132], [-74.026861, 40.639536], [-74.027624, 40.638805], [-74.028004, 40.638145], [-74.028279, 40.637468], [-74.028658, 40.636546], [-74.031268, 40.637357], [-74.030891, 40.638279]]]}}, {"type": "Feature", "properties": {"unit_id": "36047019900", "name": "Census Tract 199 \u2014 Kings", "native_id": "36047019900", "source": "census_tract_2025", "adm3_name": "Kings County", "adm3_id": "36047", "area_sqm": 188914, "split": false}, "geometry": {"type": "Polygon", "coordinates": [[[-73.96949, 40.686288], [-73.967493, 40.686518], [-73.965525, 40.686744], [-73.965082, 40.684546], [-73.964779, 40.68304], [-73.964454, 40.681125], [-73.967477, 40.681754], [-73.968664, 40.682], [-73.969062, 40.684157], [-73.96949, 40.686288]]]}}, {"type": "Feature", "properties": {"unit_id": "36047070000", "name": "Census Tract 700 \u2014 Kings", "native_id": "36047070000", "source": "census_tract_2025", "adm3_name": "Kings County", "adm3_id": "36047", "area_sqm": 201893, "split": false}, "geometry": {"type": "Polygon", "coordinates": [[[-73.910554, 40.620403], [-73.909106, 40.621324], [-73.908393, 40.621778], [-73.906958, 40.622709], [-73.905303, 40.62122], [-73.90456, 40.621702], [-73.902744, 40.620068], [-73.904201, 40.619127], [-73.904915, 40.618664], [-73.907072, 40.617265], [-73.908928, 40.618877], [-73.910167, 40.619987], [-73.910554, 40.620403]]]}}, {"type": "Feature", "properties": {"unit_id": "36047070201", "name": "Census Tract 702.01 \u2014 Kings", "native_id": "36047070201", "source": "census_tract_2025", "adm3_name": "Kings County", "adm3_id": "36047", "area_sqm": 1074093, "split": false}, "geometry": {"type": "Polygon", "coordinates": [[[-73.914056, 40.608984], [-73.912863, 40.611638], [-73.911727, 40.614016], [-73.909888, 40.615242], [-73.911682, 40.616851], [-73.91026, 40.61778], [-73.904927, 40.613237], [-73.90319, 40.611489], [-73.901698, 40.608223], [-73.901445, 40.604354], [-73.906573, 40.603649], [-73.912994, 40.60286], [-73.917254, 40.606731], [-73.914056, 40.608984]]]}}, {"type": "Feature", "properties": {"unit_id": "36061006100", "name": "Census Tract 61 \u2014 New York", "native_id": "36061006100", "source": "census_tract_2025", "adm3_name": "New York County", "adm3_id": "36061", "area_sqm": 142178, "split": false}, "geometry": {"type": "Polygon", "coordinates": [[[-73.994585, 40.734672], [-73.993617, 40.736005], [-73.991715, 40.735215], [-73.990754, 40.734839], [-73.989903, 40.734435], [-73.989868, 40.733528], [-73.990212, 40.731996], [-73.99039, 40.731289], [-73.99146, 40.731738], [-73.993814, 40.732731], [-73.995489, 40.733437], [-73.994585, 40.734672]]]}}, {"type": "Feature", "properties": {"unit_id": "36047037300", "name": "Census Tract 373 \u2014 Kings", "native_id": "36047037300", "source": "census_tract_2025", "adm3_name": "Kings County", "adm3_id": "36047", "area_sqm": 170809, "split": false}, "geometry": {"type": "Polygon", "coordinates": [[[-73.918046, 40.687213], [-73.916046, 40.686072], [-73.91529, 40.685645], [-73.913037, 40.684368], [-73.912273, 40.683935], [-73.911512, 40.683505], [-73.911664, 40.682446], [-73.914319, 40.68214], [-73.916977, 40.681834], [-73.917122, 40.682568], [-73.917266, 40.683303], [-73.917558, 40.684767], [-73.917701, 40.6855], [-73.91785, 40.686233], [-73.917996, 40.686965], [-73.918046, 40.687213]]]}}, {"type": "Feature", "properties": {"unit_id": "36047098200", "name": "Census Tract 982 \u2014 Kings", "native_id": "36047098200", "source": "census_tract_2025", "adm3_name": "Kings County", "adm3_id": "36047", "area_sqm": 345646, "split": false}, "geometry": {"type": "Polygon", "coordinates": [[[-73.897943, 40.650515], [-73.895861, 40.651881], [-73.89761, 40.653454], [-73.893547, 40.655202], [-73.891366, 40.652365], [-73.889994, 40.651138], [-73.891252, 40.650026], [-73.892551, 40.648911], [-73.894679, 40.64753], [-73.895418, 40.647049], [-73.896162, 40.646571], [-73.897832, 40.64807], [-73.896345, 40.649027], [-73.897943, 40.650515]]]}}, {"type": "Feature", "properties": {"unit_id": "36047070202", "name": "Census Tract 702.02 \u2014 Kings", "native_id": "36047070202", "source": "census_tract_2025", "adm3_name": "Kings County", "adm3_id": "36047", "area_sqm": 5162435, "split": false}, "geometry": {"type": "Polygon", "coordinates": [[[-73.91782, 40.606391], [-73.917254, 40.606731], [-73.912994, 40.60286], [-73.906573, 40.603649], [-73.901445, 40.604354], [-73.89862, 40.604609], [-73.891953, 40.605525], [-73.884456, 40.60944], [-73.871418, 40.578535], [-73.879222, 40.574656], [-73.88348, 40.578935], [-73.8879426931966, 40.578385829488], [-73.891532, 40.581764], [-73.893832, 40.583652], [-73.902662, 40.591643], [-73.903359, 40.592391], [-73.919296, 40.606947], [-73.91782, 40.606391]]]}}, {"type": "Feature", "properties": {"unit_id": "36047011800", "name": "Census Tract 118 \u2014 Kings", "native_id": "36047011800", "source": "census_tract_2025", "adm3_name": "Kings County", "adm3_id": "36047", "area_sqm": 219234, "split": false}, "geometry": {"type": "Polygon", "coordinates": [[[-74.016068, 40.636139], [-74.015146, 40.637014], [-74.014567, 40.637571], [-74.013961, 40.638153], [-74.01176, 40.636823], [-74.009557, 40.635493], [-74.007356, 40.634164], [-74.005564, 40.633084], [-74.006617, 40.632379], [-74.007023, 40.63211], [-74.010742, 40.634357], [-74.011908, 40.633234], [-74.016306, 40.635896], [-74.016068, 40.636139]]]}}, {"type": "Feature", "properties": {"unit_id": "36061003700", "name": "Census Tract 37 \u2014 New York", "native_id": "36061003700", "source": "census_tract_2025", "adm3_name": "New York County", "adm3_id": "36061", "area_sqm": 383379, "split": false}, "geometry": {"type": "Polygon", "coordinates": [[[-74.0213512062794, 40.727461806907], [-74.020968, 40.729037], [-74.014886, 40.728495], [-74.011376, 40.728233], [-74.010544, 40.7291], [-74.00709, 40.728772], [-74.005314, 40.728605], [-74.002808, 40.728365], [-74.002149, 40.728036], [-74.003122, 40.726878], [-74.004031, 40.725513], [-74.004575, 40.724173], [-74.00531, 40.721824], [-74.007912, 40.7237], [-74.010812, 40.72579], [-74.011978, 40.724333], [-74.0218316397257, 40.7254869555362], [-74.0213512062794, 40.727461806907]]]}}, {"type": "Feature", "properties": {"unit_id": "36047032700", "name": "Census Tract 327 \u2014 Kings", "native_id": "36047032700", "source": "census_tract_2025", "adm3_name": "Kings County", "adm3_id": "36047", "area_sqm": 177080, "split": false}, "geometry": {"type": "Polygon", "coordinates": [[[-73.962884, 40.662622], [-73.962429, 40.663125], [-73.960956, 40.663285], [-73.960615, 40.663303], [-73.960337, 40.664108], [-73.957292, 40.664303], [-73.95721, 40.663517], [-73.953849, 40.663728], [-73.9537, 40.662174], [-73.957044, 40.661965], [-73.96077, 40.661734], [-73.960662, 40.660947], [-73.962005, 40.66067], [-73.962814, 40.660504], [-73.962884, 40.662622]]]}}, {"type": "Feature", "properties": {"unit_id": "36047083600", "name": "Census Tract 836 \u2014 Kings", "native_id": "36047083600", "source": "census_tract_2025", "adm3_name": "Kings County", "adm3_id": "36047", "area_sqm": 208197, "split": false}, "geometry": {"type": "Polygon", "coordinates": [[[-73.937762, 40.639259], [-73.936792, 40.639319], [-73.934887, 40.639439], [-73.932984, 40.639555], [-73.9325, 40.634947], [-73.933427, 40.634884], [-73.934395, 40.634827], [-73.937267, 40.634651], [-73.937512, 40.636921], [-73.937762, 40.639259]]]}}, {"type": "Feature", "properties": {"unit_id": "36047019400", "name": "Census Tract 194 \u2014 Kings", "native_id": "36047019400", "source": "census_tract_2025", "adm3_name": "Kings County", "adm3_id": "36047", "area_sqm": 178420, "split": false}, "geometry": {"type": "Polygon", "coordinates": [[[-74.00435, 40.626711], [-74.003099, 40.627916], [-74.002515, 40.628475], [-74.000314, 40.627145], [-73.998117, 40.625816], [-73.997241, 40.625289], [-73.997484, 40.62452], [-73.997713, 40.62368], [-73.999321, 40.624656], [-74.00053, 40.62349], [-74.00273, 40.624821], [-74.004932, 40.626151], [-74.00435, 40.626711]]]}}, {"type": "Feature", "properties": {"unit_id": "36047050900", "name": "Census Tract 509 \u2014 Kings", "native_id": "36047050900", "source": "census_tract_2025", "adm3_name": "Kings County", "adm3_id": "36047", "area_sqm": 141788, "split": false}, "geometry": {"type": "Polygon", "coordinates": [[[-73.953812, 40.703181], [-73.9519, 40.704418], [-73.950237, 40.705473], [-73.949836, 40.705229], [-73.949254, 40.704896], [-73.947052, 40.703664], [-73.949379, 40.702159], [-73.951288, 40.700922], [-73.951921, 40.701487], [-73.952551, 40.702051], [-73.953812, 40.703181]]]}}, {"type": "Feature", "properties": {"unit_id": "36047066600", "name": "Census Tract 666 \u2014 Kings", "native_id": "36047066600", "source": "census_tract_2025", "adm3_name": "Kings County", "adm3_id": "36047", "area_sqm": 4046958, "split": false}, "geometry": {"type": "Polygon", "coordinates": [[[-73.937537, 40.608557], [-73.936046, 40.609515], [-73.933513, 40.608343], [-73.929868, 40.605071], [-73.927691, 40.60648], [-73.926249, 40.607414], [-73.924441, 40.605794], [-73.921584, 40.607639], [-73.919693, 40.607311], [-73.919296, 40.606947], [-73.903359, 40.592391], [-73.902662, 40.591643], [-73.893832, 40.583652], [-73.891532, 40.581764], [-73.8879426931966, 40.578385829488], [-73.894101, 40.577628], [-73.895545, 40.577977], [-73.896508, 40.583311], [-73.898677, 40.587477], [-73.900446, 40.588096], [-73.902062, 40.587498], [-73.906264, 40.587411], [-73.911437, 40.5859], [-73.913274, 40.582879], [-73.915839, 40.582004], [-73.922742, 40.583512], [-73.930162, 40.583596], [-73.9311013394004, 40.5831743917382], [-73.9317281039818, 40.5828930779494], [-73.9317545671342, 40.5828812003643], [-73.931842, 40.583076], [-73.932042, 40.584234], [-73.931078, 40.584388], [-73.930096, 40.584502], [-73.930191, 40.585086], [-73.931256, 40.585432], [-73.931369, 40.586071], [-73.927207, 40.584802], [-73.925948, 40.585007], [-73.92537, 40.584691], [-73.919944, 40.584646], [-73.917663, 40.585605], [-73.92096, 40.589095], [-73.923638, 40.591497], [-73.926533, 40.594104], [-73.929569, 40.59682], [-73.928791, 40.597323], [-73.928131, 40.597778], [-73.931734, 40.601062], [-73.933551, 40.602687], [-73.934263, 40.60223], [-73.939726, 40.607133], [-73.937537, 40.608557]]]}}, {"type": "Feature", "properties": {"unit_id": "36061009800", "name": "Census Tract 98 \u2014 New York", "native_id": "36061009800", "source": "census_tract_2025", "adm3_name": "New York County", "adm3_id": "36061", "area_sqm": 177061, "split": false}, "geometry": {"type": "Polygon", "coordinates": [[[-73.970313, 40.756453], [-73.969394, 40.7577], [-73.968936, 40.75833], [-73.966702, 40.757381], [-73.964325, 40.756381], [-73.964786, 40.755756], [-73.96524, 40.75513], [-73.965696, 40.754505], [-73.966157, 40.753878], [-73.966536, 40.75335], [-73.966616, 40.753244], [-73.968978, 40.754251], [-73.971217, 40.755193], [-73.970313, 40.756453]]]}}, {"type": "Feature", "properties": {"unit_id": "36061004900", "name": "Census Tract 49 \u2014 New York", "native_id": "36061004900", "source": "census_tract_2025", "adm3_name": "New York County", "adm3_id": "36061", "area_sqm": 207318, "split": false}, "geometry": {"type": "Polygon", "coordinates": [[[-74.003122, 40.726878], [-74.002149, 40.728036], [-74.00139, 40.72766], [-73.999916, 40.726935], [-73.99761, 40.725797], [-73.996772, 40.725432], [-73.998812, 40.723021], [-73.999853, 40.721792], [-74.002174, 40.72293], [-74.001127, 40.724166], [-74.001933, 40.724552], [-74.004031, 40.725513], [-74.003122, 40.726878]]]}}, {"type": "Feature", "properties": {"unit_id": "36061009901", "name": "Census Tract 99.01 \u2014 New York", "native_id": "36061009901", "source": "census_tract_2025", "adm3_name": "New York County", "adm3_id": "36061", "area_sqm": 391156, "split": false}, "geometry": {"type": "Polygon", "coordinates": [[[-74.0160135339463, 40.7493960784053], [-74.0150133469565, 40.7535060844333], [-74.008569, 40.751842], [-74.005629, 40.750788], [-74.002785, 40.749592], [-74.003236, 40.748974], [-74.003684, 40.748355], [-74.003944, 40.747997], [-74.004168, 40.74769], [-74.004653, 40.747023], [-74.005535, 40.745816], [-74.006385, 40.744646], [-74.006811, 40.744061], [-74.007238, 40.74347], [-74.008204, 40.742148], [-74.008699, 40.742362], [-74.009331, 40.742572], [-74.0172828934725, 40.7441799784587], [-74.0160135339463, 40.7493960784053]]]}}, {"type": "Feature", "properties": {"unit_id": "36047062600", "name": "Census Tract 626 \u2014 Kings", "native_id": "36047062600", "source": "census_tract_2025", "adm3_name": "Kings County", "adm3_id": "36047", "area_sqm": 318163, "split": false}, "geometry": {"type": "Polygon", "coordinates": [[[-73.93778, 40.594126], [-73.934949, 40.594429], [-73.935369, 40.596542], [-73.933483, 40.597141], [-73.932576, 40.597719], [-73.932054, 40.59547], [-73.933011, 40.594639], [-73.932614, 40.592517], [-73.931784, 40.588141], [-73.933705, 40.587931], [-73.934668, 40.587827], [-73.935091, 40.590077], [-73.936985, 40.589871], [-73.937375, 40.591995], [-73.93778, 40.594126]]]}}, {"type": "Feature", "properties": {"unit_id": "36047046400", "name": "Census Tract 464 \u2014 Kings", "native_id": "36047046400", "source": "census_tract_2025", "adm3_name": "Kings County", "adm3_id": "36047", "area_sqm": 164016, "split": false}, "geometry": {"type": "Polygon", "coordinates": [[[-73.980397, 40.625211], [-73.979818, 40.625774], [-73.978067, 40.627455], [-73.976578, 40.627574], [-73.976514, 40.627294], [-73.976235, 40.625976], [-73.977262, 40.625853], [-73.977033, 40.62153], [-73.979362, 40.622765], [-73.981566, 40.624095], [-73.980397, 40.625211]]]}}, {"type": "Feature", "properties": {"unit_id": "36047111600", "name": "Census Tract 1116 \u2014 Kings", "native_id": "36047111600", "source": "census_tract_2025", "adm3_name": "Kings County", "adm3_id": "36047", "area_sqm": 499698, "split": false}, "geometry": {"type": "Polygon", "coordinates": [[[-73.881856, 40.66415], [-73.876953, 40.666259], [-73.873688, 40.667665], [-73.872841, 40.668032], [-73.871875, 40.666764], [-73.869485, 40.663546], [-73.878592, 40.659701], [-73.879683, 40.66117], [-73.880892, 40.662834], [-73.881856, 40.66415]]]}}, {"type": "Feature", "properties": {"unit_id": "36047044200", "name": "Census Tract 442 \u2014 Kings", "native_id": "36047044200", "source": "census_tract_2025", "adm3_name": "Kings County", "adm3_id": "36047", "area_sqm": 182832, "split": false}, "geometry": {"type": "Polygon", "coordinates": [[[-73.968153, 40.61196], [-73.966782, 40.612109], [-73.967286, 40.614773], [-73.966215, 40.614892], [-73.965287, 40.614992], [-73.964358, 40.615094], [-73.963361, 40.615204], [-73.96286, 40.61255], [-73.964781, 40.612331], [-73.964296, 40.609777], [-73.965224, 40.609674], [-73.967668, 40.609404], [-73.968153, 40.61196]]]}}, {"type": "Feature", "properties": {"unit_id": "36047087200", "name": "Census Tract 872 \u2014 Kings", "native_id": "36047087200", "source": "census_tract_2025", "adm3_name": "Kings County", "adm3_id": "36047", "area_sqm": 147204, "split": false}, "geometry": {"type": "Polygon", "coordinates": [[[-73.938593, 40.656123], [-73.935718, 40.656303], [-73.935578, 40.655039], [-73.934645, 40.655096], [-73.934483, 40.653563], [-73.934268, 40.651563], [-73.936175, 40.651469], [-73.938081, 40.651376], [-73.93829, 40.653327], [-73.938454, 40.654858], [-73.938593, 40.656123]]]}}, {"type": "Feature", "properties": {"unit_id": "36061002000", "name": "Census Tract 20 \u2014 New York", "native_id": "36061002000", "source": "census_tract_2025", "adm3_name": "New York County", "adm3_id": "36061", "area_sqm": 126279, "split": false}, "geometry": {"type": "Polygon", "coordinates": [[[-73.978231, 40.720674], [-73.977683, 40.72142], [-73.977346, 40.721885], [-73.976893, 40.722498], [-73.974763, 40.721596], [-73.972869, 40.720725], [-73.966511, 40.717917], [-73.967578, 40.716496], [-73.967716, 40.71604], [-73.973635, 40.718612], [-73.975119, 40.718753], [-73.975452, 40.718947], [-73.976355, 40.719133], [-73.977224, 40.71931], [-73.978034, 40.71964], [-73.978753, 40.719934], [-73.978231, 40.720674]]]}}, {"type": "Feature", "properties": {"unit_id": "36047119200", "name": "Census Tract 1192 \u2014 Kings", "native_id": "36047119200", "source": "census_tract_2025", "adm3_name": "Kings County", "adm3_id": "36047", "area_sqm": 225444, "split": false}, "geometry": {"type": "Polygon", "coordinates": [[[-73.880609, 40.679111], [-73.878379, 40.679742], [-73.877429, 40.680017], [-73.877339, 40.680055], [-73.876565, 40.68018], [-73.875896, 40.67743], [-73.875588, 40.676189], [-73.875275, 40.674918], [-73.879882, 40.674255], [-73.880199, 40.675525], [-73.880505, 40.676766], [-73.881056, 40.678984], [-73.880609, 40.679111]]]}}, {"type": "Feature", "properties": {"unit_id": "36047045600", "name": "Census Tract 456 \u2014 Kings", "native_id": "36047045600", "source": "census_tract_2025", "adm3_name": "Kings County", "adm3_id": "36047", "area_sqm": 153654, "split": false}, "geometry": {"type": "Polygon", "coordinates": [[[-73.968929, 40.629231], [-73.968001, 40.629333], [-73.967076, 40.629435], [-73.966074, 40.629545], [-73.965625, 40.627155], [-73.965173, 40.624766], [-73.96472, 40.622373], [-73.965719, 40.622264], [-73.966645, 40.622163], [-73.967553, 40.626944], [-73.968478, 40.626841], [-73.968929, 40.629231]]]}}, {"type": "Feature", "properties": {"unit_id": "36047003500", "name": "Census Tract 35 \u2014 Kings", "native_id": "36047003500", "source": "census_tract_2025", "adm3_name": "Kings County", "adm3_id": "36047", "area_sqm": 133028, "split": false}, "geometry": {"type": "Polygon", "coordinates": [[[-73.979363, 40.686682], [-73.977361, 40.686919], [-73.976545, 40.686994], [-73.97559, 40.687086], [-73.974616, 40.687191], [-73.974281, 40.685513], [-73.973922, 40.683756], [-73.97378, 40.683061], [-73.975929, 40.683505], [-73.977457, 40.684052], [-73.978026, 40.684864], [-73.979363, 40.686682]]]}}, {"type": "Feature", "properties": {"unit_id": "36047086200", "name": "Census Tract 862 \u2014 Kings", "native_id": "36047086200", "source": "census_tract_2025", "adm3_name": "Kings County", "adm3_id": "36047", "area_sqm": 140147, "split": false}, "geometry": {"type": "Polygon", "coordinates": [[[-73.930381, 40.651734], [-73.928475, 40.652176], [-73.927514, 40.652318], [-73.926547, 40.652392], [-73.926326, 40.65035], [-73.92612, 40.64842], [-73.92709, 40.648361], [-73.929999, 40.648181], [-73.930206, 40.650109], [-73.930381, 40.651734]]]}}, {"type": "Feature", "properties": {"unit_id": "36061006700", "name": "Census Tract 67 \u2014 New York", "native_id": "36061006700", "source": "census_tract_2025", "adm3_name": "New York County", "adm3_id": "36061", "area_sqm": 168483, "split": false}, "geometry": {"type": "Polygon", "coordinates": [[[-74.006973, 40.729495], [-74.006857, 40.730228], [-74.006624, 40.731669], [-74.005706, 40.731627], [-74.003612, 40.732324], [-74.003471, 40.732373], [-74.002124, 40.732841], [-74.000954, 40.731706], [-74.001413, 40.731065], [-74.001684, 40.730581], [-74.002808, 40.728365], [-74.005314, 40.728605], [-74.00709, 40.728772], [-74.006973, 40.729495]]]}}, {"type": "Feature", "properties": {"unit_id": "36047020200", "name": "Census Tract 202 \u2014 Kings", "native_id": "36047020200", "source": "census_tract_2025", "adm3_name": "Kings County", "adm3_id": "36047", "area_sqm": 134828, "split": false}, "geometry": {"type": "Polygon", "coordinates": [[[-74.012459, 40.622362], [-74.011832, 40.622965], [-74.011206, 40.623566], [-74.010624, 40.624126], [-74.010042, 40.624686], [-74.007839, 40.623355], [-74.009002, 40.622235], [-74.00963, 40.621634], [-74.010257, 40.621032], [-74.012002, 40.619353], [-74.014203, 40.620685], [-74.012459, 40.622362]]]}}, {"type": "Feature", "properties": {"unit_id": "36061011700", "name": "Census Tract 117 \u2014 New York", "native_id": "36061011700", "source": "census_tract_2025", "adm3_name": "New York County", "adm3_id": "36061", "area_sqm": 196623, "split": false}, "geometry": {"type": "Polygon", "coordinates": [[[-74.0086034601802, 40.7649813360179], [-74.001716, 40.762208], [-74.001036, 40.761968], [-73.998315, 40.760823], [-73.996232, 40.759946], [-73.995474, 40.759627], [-73.997306, 40.75711], [-74.000138, 40.758307], [-74.000067, 40.758403], [-74.002843, 40.759686], [-74.003826, 40.760133], [-74.0102349578362, 40.7627469821657], [-74.0086034601802, 40.7649813360179]]]}}, {"type": "Feature", "properties": {"unit_id": "36047046202", "name": "Census Tract 462.02 \u2014 Kings", "native_id": "36047046202", "source": "census_tract_2025", "adm3_name": "Kings County", "adm3_id": "36047", "area_sqm": 172844, "split": false}, "geometry": {"type": "Polygon", "coordinates": [[[-73.977262, 40.625853], [-73.976235, 40.625976], [-73.974149, 40.626215], [-73.970922, 40.62657], [-73.970474, 40.624182], [-73.973696, 40.623827], [-73.975802, 40.623594], [-73.975296, 40.620913], [-73.975378, 40.620793], [-73.977033, 40.62153], [-73.977262, 40.625853]]]}}, {"type": "Feature", "properties": {"unit_id": "36061021100", "name": "Census Tract 211 \u2014 New York", "native_id": "36061021100", "source": "census_tract_2025", "adm3_name": "New York County", "adm3_id": "36061", "area_sqm": 347995, "split": false}, "geometry": {"type": "Polygon", "coordinates": [[[-73.968082, 40.8207], [-73.967964031225, 40.8208492666133], [-73.96298, 40.818512], [-73.962067, 40.818099], [-73.961575, 40.81791], [-73.960687, 40.817511], [-73.959493, 40.817007], [-73.958292, 40.815687], [-73.957546, 40.814834], [-73.956269, 40.813375], [-73.956827, 40.812612], [-73.957808, 40.811264], [-73.958272, 40.810629], [-73.961111, 40.81183], [-73.962106, 40.812252], [-73.963016, 40.812624], [-73.965379, 40.813959], [-73.9712500049547, 40.8163402145554], [-73.968082, 40.8207]]]}}, {"type": "Feature", "properties": {"unit_id": "36047013600", "name": "Census Tract 136 \u2014 Kings", "native_id": "36047013600", "source": "census_tract_2025", "adm3_name": "Kings County", "adm3_id": "36047", "area_sqm": 214252, "split": false}, "geometry": {"type": "Polygon", "coordinates": [[[-74.026263, 40.62792], [-74.025958, 40.628648], [-74.025361, 40.630109], [-74.022959, 40.628701], [-74.018961, 40.626296], [-74.018639, 40.627071], [-74.017842, 40.626591], [-74.018879, 40.624303], [-74.019632, 40.624879], [-74.021194, 40.625816], [-74.021794, 40.624355], [-74.024153, 40.625781], [-74.026561, 40.627187], [-74.026263, 40.62792]]]}}, {"type": "Feature", "properties": {"unit_id": "36047022900", "name": "Census Tract 229 \u2014 Kings", "native_id": "36047022900", "source": "census_tract_2025", "adm3_name": "Kings County", "adm3_id": "36047", "area_sqm": 171838, "split": false}, "geometry": {"type": "Polygon", "coordinates": [[[-73.959568, 40.686683], [-73.956841, 40.686996], [-73.954684, 40.687245], [-73.954538, 40.686512], [-73.954393, 40.68578], [-73.954246, 40.685047], [-73.953954, 40.683581], [-73.956112, 40.683333], [-73.958841, 40.683018], [-73.959276, 40.685217], [-73.959568, 40.686683]]]}}, {"type": "Feature", "properties": {"unit_id": "36061015700", "name": "Census Tract 157 \u2014 New York", "native_id": "36061015700", "source": "census_tract_2025", "adm3_name": "New York County", "adm3_id": "36061", "area_sqm": 182390, "split": false}, "geometry": {"type": "Polygon", "coordinates": [[[-73.982118, 40.777923], [-73.981621, 40.778608], [-73.981135, 40.779292], [-73.980673, 40.779925], [-73.977831, 40.77873], [-73.974997, 40.777533], [-73.975461, 40.776899], [-73.975955, 40.77622], [-73.976458, 40.775533], [-73.976912, 40.774909], [-73.979746, 40.776106], [-73.982583, 40.777303], [-73.982118, 40.777923]]]}}, {"type": "Feature", "properties": {"unit_id": "36047078602", "name": "Census Tract 786.02 \u2014 Kings", "native_id": "36047078602", "source": "census_tract_2025", "adm3_name": "Kings County", "adm3_id": "36047", "area_sqm": 83930, "split": false}, "geometry": {"type": "Polygon", "coordinates": [[[-73.948015, 40.636267], [-73.945123, 40.636448], [-73.944881, 40.634177], [-73.944629, 40.631838], [-73.945617, 40.631778], [-73.945868, 40.634117], [-73.947774, 40.633999], [-73.948015, 40.636267]]]}}, {"type": "Feature", "properties": {"unit_id": "36047052900", "name": "Census Tract 529 \u2014 Kings", "native_id": "36047052900", "source": "census_tract_2025", "adm3_name": "Kings County", "adm3_id": "36047", "area_sqm": 174907, "split": false}, "geometry": {"type": "Polygon", "coordinates": [[[-73.957904, 40.708427], [-73.954017, 40.70708], [-73.953378, 40.706857], [-73.95191, 40.70636], [-73.951086, 40.705913], [-73.950237, 40.705473], [-73.9519, 40.704418], [-73.953812, 40.703181], [-73.955074, 40.704312], [-73.956337, 40.705439], [-73.958456, 40.707252], [-73.957904, 40.708427]]]}}, {"type": "Feature", "properties": {"unit_id": "36047027300", "name": "Census Tract 273 \u2014 Kings", "native_id": "36047027300", "source": "census_tract_2025", "adm3_name": "Kings County", "adm3_id": "36047", "area_sqm": 149705, "split": false}, "geometry": {"type": "Polygon", "coordinates": [[[-73.940769, 40.6821], [-73.935008, 40.682764], [-73.934862, 40.682031], [-73.934715, 40.681298], [-73.934571, 40.680565], [-73.934351, 40.679564], [-73.938436, 40.679786], [-73.940328, 40.67989], [-73.940477, 40.680635], [-73.94062, 40.68137], [-73.940769, 40.6821]]]}}, {"type": "Feature", "properties": {"unit_id": "36047096000", "name": "Census Tract 960 \u2014 Kings", "native_id": "36047096000", "source": "census_tract_2025", "adm3_name": "Kings County", "adm3_id": "36047", "area_sqm": 423887, "split": false}, "geometry": {"type": "Polygon", "coordinates": [[[-73.919951, 40.644707], [-73.916937, 40.646683], [-73.913253, 40.649061], [-73.911823, 40.649984], [-73.909449, 40.651522], [-73.908681, 40.650717], [-73.907615, 40.649896], [-73.908399, 40.649388], [-73.90929, 40.648817], [-73.910716, 40.647888], [-73.911755, 40.647224], [-73.912756, 40.646328], [-73.912915, 40.644177], [-73.914441, 40.643342], [-73.914724, 40.643161], [-73.915925, 40.642384], [-73.91893, 40.640585], [-73.919556, 40.641185], [-73.919662, 40.642104], [-73.919729, 40.642725], [-73.919951, 40.644707]]]}}, {"type": "Feature", "properties": {"unit_id": "36047045300", "name": "Census Tract 453 \u2014 Kings", "native_id": "36047045300", "source": "census_tract_2025", "adm3_name": "Kings County", "adm3_id": "36047", "area_sqm": 319529, "split": false}, "geometry": {"type": "Polygon", "coordinates": [[[-73.933919, 40.707487], [-73.932072, 40.707786], [-73.921892, 40.709396], [-73.924169, 40.707394], [-73.926089, 40.70568], [-73.928738, 40.704717], [-73.931155, 40.703773], [-73.932698, 40.703171], [-73.933594, 40.706371], [-73.933919, 40.707487]]]}}, {"type": "Feature", "properties": {"unit_id": "36047093600", "name": "Census Tract 936 \u2014 Kings", "native_id": "36047093600", "source": "census_tract_2025", "adm3_name": "Kings County", "adm3_id": "36047", "area_sqm": 165121, "split": false}, "geometry": {"type": "Polygon", "coordinates": [[[-73.922849, 40.652463], [-73.920773, 40.652554], [-73.920581, 40.650707], [-73.920467, 40.649654], [-73.919976, 40.64503], [-73.921916, 40.644909], [-73.922117, 40.646796], [-73.92305, 40.646739], [-73.923249, 40.648599], [-73.922312, 40.648658], [-73.922519, 40.650587], [-73.923585, 40.65052], [-73.922849, 40.652463]]]}}, {"type": "Feature", "properties": {"unit_id": "36047031401", "name": "Census Tract 314.01 \u2014 Kings", "native_id": "36047031401", "source": "census_tract_2025", "adm3_name": "Kings County", "adm3_id": "36047", "area_sqm": 450195, "split": false}, "geometry": {"type": "Polygon", "coordinates": [[[-73.996673773735, 40.5874676761962], [-73.99594, 40.588268], [-73.9961963689885, 40.5889730147185], [-73.996288677915, 40.5892268642664], [-73.993758, 40.590332], [-73.993309, 40.589584], [-73.992558, 40.589922], [-73.991539, 40.590391], [-73.990364, 40.591432], [-73.989621, 40.590982], [-73.988163, 40.590101], [-73.987421, 40.589651], [-73.985962, 40.588771], [-73.984505, 40.58789], [-73.987417, 40.585131], [-73.987084, 40.584619], [-73.986608, 40.583719], [-73.988358, 40.583475], [-73.98915, 40.58467], [-73.992223, 40.587454], [-73.992523, 40.587984], [-73.9985037178365, 40.5854717641678], [-73.996673773735, 40.5874676761962]]]}}, {"type": "Feature", "properties": {"unit_id": "36061008200", "name": "Census Tract 82 \u2014 New York", "native_id": "36061008200", "source": "census_tract_2025", "adm3_name": "New York County", "adm3_id": "36061", "area_sqm": 172401, "split": false}, "geometry": {"type": "Polygon", "coordinates": [[[-73.984076, 40.749102], [-73.981822, 40.752197], [-73.980888, 40.753481], [-73.979287, 40.752801], [-73.97837, 40.752416], [-73.977677, 40.752119], [-73.978607, 40.750842], [-73.979954, 40.748985], [-73.980853, 40.747751], [-73.982473, 40.748432], [-73.984076, 40.749102]]]}}, {"type": "Feature", "properties": {"unit_id": "36061011800", "name": "Census Tract 118 \u2014 New York", "native_id": "36061011800", "source": "census_tract_2025", "adm3_name": "New York County", "adm3_id": "36061", "area_sqm": 176762, "split": false}, "geometry": {"type": "Polygon", "coordinates": [[[-73.963843, 40.765309], [-73.963401, 40.765911], [-73.962929, 40.766559], [-73.96247, 40.767185], [-73.962014, 40.767812], [-73.959777, 40.766868], [-73.957412, 40.765868], [-73.958781, 40.76399], [-73.95924, 40.763366], [-73.959695, 40.76274], [-73.962064, 40.763735], [-73.964299, 40.764683], [-73.963843, 40.765309]]]}}, {"type": "Feature", "properties": {"unit_id": "36047057400", "name": "Census Tract 574 \u2014 Kings", "native_id": "36047057400", "source": "census_tract_2025", "adm3_name": "Kings County", "adm3_id": "36047", "area_sqm": 159204, "split": false}, "geometry": {"type": "Polygon", "coordinates": [[[-73.946096, 40.60227], [-73.945169, 40.602369], [-73.94562, 40.604759], [-73.943766, 40.604961], [-73.943316, 40.602575], [-73.942889, 40.600318], [-73.942484, 40.598201], [-73.945265, 40.597894], [-73.946096, 40.60227]]]}}, {"type": "Feature", "properties": {"unit_id": "36047058901", "name": "Census Tract 589.01 \u2014 Kings", "native_id": "36047058901", "source": "census_tract_2025", "adm3_name": "Kings County", "adm3_id": "36047", "area_sqm": 201626, "split": false}, "geometry": {"type": "Polygon", "coordinates": [[[-73.946046, 40.729257], [-73.944186, 40.729442], [-73.944612, 40.732071], [-73.943719, 40.732391], [-73.942795, 40.732657], [-73.941992, 40.72775], [-73.941043, 40.727841], [-73.940738, 40.725973], [-73.941687, 40.725882], [-73.942636, 40.725793], [-73.943569, 40.725708], [-73.94543, 40.725518], [-73.945879, 40.727354], [-73.946046, 40.729257]]]}}, {"type": "Feature", "properties": {"unit_id": "36061003602", "name": "Census Tract 36.02 \u2014 New York", "native_id": "36061003602", "source": "census_tract_2025", "adm3_name": "New York County", "adm3_id": "36061", "area_sqm": 89011, "split": false}, "geometry": {"type": "Polygon", "coordinates": [[[-73.992209, 40.725231], [-73.991794, 40.726391], [-73.98987, 40.725582], [-73.987502, 40.724584], [-73.987968, 40.723942], [-73.988451, 40.723277], [-73.988643, 40.722933], [-73.989392, 40.723174], [-73.990274, 40.723426], [-73.992604, 40.724136], [-73.992209, 40.725231]]]}}, {"type": "Feature", "properties": {"unit_id": "36047005303", "name": "Census Tract 53.03 \u2014 Kings", "native_id": "36047005303", "source": "census_tract_2025", "adm3_name": "Kings County", "adm3_id": "36047", "area_sqm": 297317, "split": false}, "geometry": {"type": "Polygon", "coordinates": [[[-74.0186922654251, 40.6796775691949], [-74.0083751072696, 40.6859536373444], [-74.005497, 40.685847], [-74.004853, 40.685668], [-74.005179, 40.684998], [-74.005819, 40.683656], [-74.006623, 40.683658], [-74.0092, 40.681496], [-74.0117, 40.679365], [-74.013883, 40.6808], [-74.016279, 40.678654], [-74.0186922654251, 40.6796775691949]]]}}, {"type": "Feature", "properties": {"unit_id": "36047058902", "name": "Census Tract 589.02 \u2014 Kings", "native_id": "36047058902", "source": "census_tract_2025", "adm3_name": "Kings County", "adm3_id": "36047", "area_sqm": 222399, "split": false}, "geometry": {"type": "Polygon", "coordinates": [[[-73.942795, 40.732657], [-73.941859, 40.7328], [-73.940368, 40.733269], [-73.93966, 40.731487], [-73.937525, 40.729815], [-73.931825, 40.728482], [-73.934123, 40.726855], [-73.937243, 40.727794], [-73.938189, 40.7281], [-73.940115, 40.727929], [-73.941043, 40.727841], [-73.941992, 40.72775], [-73.942795, 40.732657]]]}}, {"type": "Feature", "properties": {"unit_id": "36047025901", "name": "Census Tract 259.01 \u2014 Kings", "native_id": "36047025901", "source": "census_tract_2025", "adm3_name": "Kings County", "adm3_id": "36047", "area_sqm": 80219, "split": false}, "geometry": {"type": "Polygon", "coordinates": [[[-73.949207, 40.695378], [-73.946366, 40.695704], [-73.943526, 40.696031], [-73.943388, 40.695289], [-73.943243, 40.694558], [-73.946078, 40.69423], [-73.948914, 40.693905], [-73.949207, 40.695378]]]}}, {"type": "Feature", "properties": {"unit_id": "36061001300", "name": "Census Tract 13 \u2014 New York", "native_id": "36061001300", "source": "census_tract_2025", "adm3_name": "New York County", "adm3_id": "36061", "area_sqm": 317216, "split": false}, "geometry": {"type": "Polygon", "coordinates": [[[-74.015513, 40.707707], [-74.014856, 40.709394], [-74.014697, 40.709779], [-74.014358, 40.711006], [-74.014147, 40.712213], [-74.0137, 40.713668], [-74.011663, 40.712798], [-74.010122, 40.712085], [-74.008601, 40.711392], [-74.009063, 40.710887], [-74.010542, 40.709154], [-74.011012, 40.708594], [-74.012508, 40.706767], [-74.013254, 40.705871], [-74.013326, 40.705031], [-74.014289, 40.704549], [-74.016628, 40.704799], [-74.015513, 40.707707]]]}}, {"type": "Feature", "properties": {"unit_id": "36047028600", "name": "Census Tract 286 \u2014 Kings", "native_id": "36047028600", "source": "census_tract_2025", "adm3_name": "Kings County", "adm3_id": "36047", "area_sqm": 176618, "split": false}, "geometry": {"type": "Polygon", "coordinates": [[[-74.00445, 40.598647], [-74.00283, 40.600204], [-74.001545, 40.601442], [-74.000324, 40.60262], [-74.000022, 40.602907], [-73.997824, 40.601578], [-73.999455, 40.600005], [-74.000738, 40.598766], [-74.001219, 40.598305], [-74.001691, 40.597855], [-74.002692, 40.597043], [-74.003819, 40.597458], [-74.004948, 40.598172], [-74.00445, 40.598647]]]}}, {"type": "Feature", "properties": {"unit_id": "36047043800", "name": "Census Tract 438 \u2014 Kings", "native_id": "36047043800", "source": "census_tract_2025", "adm3_name": "Kings County", "adm3_id": "36047", "area_sqm": 156073, "split": false}, "geometry": {"type": "Polygon", "coordinates": [[[-73.974515, 40.611257], [-73.973484, 40.611371], [-73.972398, 40.611491], [-73.970452, 40.611704], [-73.969525, 40.611808], [-73.968153, 40.61196], [-73.967668, 40.609404], [-73.96997, 40.60915], [-73.972994, 40.608814], [-73.974031, 40.608702], [-73.974391, 40.61058], [-73.974515, 40.611257]]]}}, {"type": "Feature", "properties": {"unit_id": "36061026700", "name": "Census Tract 267 \u2014 New York", "native_id": "36061026700", "source": "census_tract_2025", "adm3_name": "New York County", "adm3_id": "36061", "area_sqm": 47339, "split": false}, "geometry": {"type": "Polygon", "coordinates": [[[-73.930013, 40.849314], [-73.928659, 40.851184], [-73.927695, 40.852488], [-73.927477, 40.850694], [-73.929777, 40.84815], [-73.930621, 40.848481], [-73.930013, 40.849314]]]}}, {"type": "Feature", "properties": {"unit_id": "36061003601", "name": "Census Tract 36.01 \u2014 New York", "native_id": "36061003601", "source": "census_tract_2025", "adm3_name": "New York County", "adm3_id": "36061", "area_sqm": 99812, "split": false}, "geometry": {"type": "Polygon", "coordinates": [[[-73.993259, 40.722353], [-73.992604, 40.724136], [-73.990274, 40.723426], [-73.989392, 40.723174], [-73.988643, 40.722933], [-73.98923, 40.721677], [-73.989857, 40.720533], [-73.990629, 40.720766], [-73.991506, 40.721028], [-73.993523, 40.721632], [-73.993259, 40.722353]]]}}, {"type": "Feature", "properties": {"unit_id": "36047064200", "name": "Census Tract 642 \u2014 Kings", "native_id": "36047064200", "source": "census_tract_2025", "adm3_name": "Kings County", "adm3_id": "36047", "area_sqm": 235070, "split": false}, "geometry": {"type": "Polygon", "coordinates": [[[-73.949306, 40.614031], [-73.947458, 40.614199], [-73.946574, 40.614789], [-73.945737, 40.615363], [-73.944827, 40.616046], [-73.944174, 40.612722], [-73.944055, 40.611993], [-73.943699, 40.610214], [-73.943641, 40.609859], [-73.945598, 40.609643], [-73.948414, 40.609333], [-73.94882, 40.611477], [-73.949306, 40.614031]]]}}, {"type": "Feature", "properties": {"unit_id": "36061007900", "name": "Census Tract 79 \u2014 New York", "native_id": "36061007900", "source": "census_tract_2025", "adm3_name": "New York County", "adm3_id": "36061", "area_sqm": 274202, "split": false}, "geometry": {"type": "Polygon", "coordinates": [[[-74.0181378086254, 40.7406669289315], [-74.0172828934725, 40.7441799784587], [-74.009331, 40.742572], [-74.008699, 40.742362], [-74.008204, 40.742148], [-74.005366, 40.740945], [-74.005158, 40.740858], [-74.005687, 40.737552], [-74.005774, 40.737169], [-74.005829, 40.736534], [-74.006621, 40.736432], [-74.008322, 40.736188], [-74.00993, 40.736004], [-74.010659, 40.736022], [-74.019184431916, 40.7363661051085], [-74.0181378086254, 40.7406669289315]]]}}, {"type": "Feature", "properties": {"unit_id": "36047088600", "name": "Census Tract 886 \u2014 Kings", "native_id": "36047088600", "source": "census_tract_2025", "adm3_name": "Kings County", "adm3_id": "36047", "area_sqm": 179724, "split": false}, "geometry": {"type": "Polygon", "coordinates": [[[-73.923599, 40.656053], [-73.921404, 40.657481], [-73.923216, 40.659107], [-73.920909, 40.660599], [-73.920082, 40.659858], [-73.919089, 40.658966], [-73.91727, 40.657333], [-73.918147, 40.656766], [-73.918863, 40.656305], [-73.919578, 40.655842], [-73.921776, 40.654424], [-73.923599, 40.656053]]]}}, {"type": "Feature", "properties": {"unit_id": "36047015000", "name": "Census Tract 150 \u2014 Kings", "native_id": "36047015000", "source": "census_tract_2025", "adm3_name": "Kings County", "adm3_id": "36047", "area_sqm": 133505, "split": false}, "geometry": {"type": "Polygon", "coordinates": [[[-74.013926, 40.614064], [-74.011543, 40.616345], [-74.0098, 40.618024], [-74.007599, 40.616695], [-74.008177, 40.616133], [-74.009341, 40.615015], [-74.010504, 40.613897], [-74.011712, 40.612735], [-74.013926, 40.614064]]]}}, {"type": "Feature", "properties": {"unit_id": "36061010000", "name": "Census Tract 100 \u2014 New York", "native_id": "36061010000", "source": "census_tract_2025", "adm3_name": "New York County", "adm3_id": "36061", "area_sqm": 172894, "split": false}, "geometry": {"type": "Polygon", "coordinates": [[[-73.974439, 40.756556], [-73.971243, 40.760937], [-73.969625, 40.760251], [-73.968024, 40.759578], [-73.968936, 40.75833], [-73.969394, 40.7577], [-73.970313, 40.756453], [-73.971217, 40.755193], [-73.97282, 40.75587], [-73.974439, 40.756556]]]}}, {"type": "Feature", "properties": {"unit_id": "36047102000", "name": "Census Tract 1020 \u2014 Kings", "native_id": "36047102000", "source": "census_tract_2025", "adm3_name": "Kings County", "adm3_id": "36047", "area_sqm": 157042, "split": false}, "geometry": {"type": "Polygon", "coordinates": [[[-73.887386, 40.640981], [-73.883718, 40.63768], [-73.885944, 40.636227], [-73.886646, 40.635775], [-73.890328, 40.63908], [-73.887386, 40.640981]]]}}, {"type": "Feature", "properties": {"unit_id": "36061005600", "name": "Census Tract 56 \u2014 New York", "native_id": "36061005600", "source": "census_tract_2025", "adm3_name": "New York County", "adm3_id": "36061", "area_sqm": 174425, "split": false}, "geometry": {"type": "Polygon", "coordinates": [[[-73.99007, 40.74088], [-73.989318, 40.741914], [-73.988194, 40.743451], [-73.987298, 40.744682], [-73.985696, 40.744008], [-73.984078, 40.743326], [-73.985879, 40.740853], [-73.986366, 40.740187], [-73.986849, 40.739522], [-73.987302, 40.738903], [-73.989582, 40.739865], [-73.990518, 40.740262], [-73.99007, 40.74088]]]}}, {"type": "Feature", "properties": {"unit_id": "36047040300", "name": "Census Tract 403 \u2014 Kings", "native_id": "36047040300", "source": "census_tract_2025", "adm3_name": "Kings County", "adm3_id": "36047", "area_sqm": 210275, "split": false}, "geometry": {"type": "Polygon", "coordinates": [[[-73.912273, 40.683935], [-73.910887, 40.685369], [-73.909439, 40.686845], [-73.907183, 40.685561], [-73.905738, 40.68704], [-73.905343, 40.68682], [-73.904494, 40.686299], [-73.905433, 40.68366], [-73.906376, 40.682802], [-73.907126, 40.68323], [-73.908517, 40.681804], [-73.90886, 40.681994], [-73.909275, 40.682235], [-73.911512, 40.683505], [-73.912273, 40.683935]]]}}, {"type": "Feature", "properties": {"unit_id": "36047062200", "name": "Census Tract 622 \u2014 Kings", "native_id": "36047062200", "source": "census_tract_2025", "adm3_name": "Kings County", "adm3_id": "36047", "area_sqm": 247463, "split": false}, "geometry": {"type": "Polygon", "coordinates": [[[-73.941394, 40.583337], [-73.938738, 40.583899], [-73.939033, 40.58541], [-73.939139, 40.585983], [-73.934448, 40.586652], [-73.933444, 40.586537], [-73.931369, 40.586071], [-73.931256, 40.585432], [-73.930191, 40.585086], [-73.930096, 40.584502], [-73.931078, 40.584388], [-73.932042, 40.584234], [-73.931842, 40.583076], [-73.9317545671342, 40.5828812003643], [-73.9318661635202, 40.5828311120168], [-73.933123, 40.582267], [-73.9330370027116, 40.5820036303558], [-73.940439, 40.581879], [-73.940947, 40.581913], [-73.941394, 40.583337]]]}}, {"type": "Feature", "properties": {"unit_id": "36047099800", "name": "Census Tract 998 \u2014 Kings", "native_id": "36047099800", "source": "census_tract_2025", "adm3_name": "Kings County", "adm3_id": "36047", "area_sqm": 419733, "split": false}, "geometry": {"type": "Polygon", "coordinates": [[[-73.918604, 40.632096], [-73.916224, 40.633606], [-73.913198, 40.631934], [-73.911437, 40.633857], [-73.909597, 40.632205], [-73.908943, 40.631617], [-73.907351, 40.630831], [-73.90652, 40.630458], [-73.902388, 40.628599], [-73.899682, 40.627369], [-73.901147, 40.625685], [-73.90178, 40.624816], [-73.90848, 40.627979], [-73.916922, 40.631669], [-73.918604, 40.632096]]]}}, {"type": "Feature", "properties": {"unit_id": "36061004001", "name": "Census Tract 40.01 \u2014 New York", "native_id": "36061004001", "source": "census_tract_2025", "adm3_name": "New York County", "adm3_id": "36061", "area_sqm": 91742, "split": false}, "geometry": {"type": "Polygon", "coordinates": [[[-73.986812, 40.729779], [-73.986375, 40.73038], [-73.985909, 40.731019], [-73.985444, 40.731658], [-73.984941, 40.732347], [-73.982564, 40.731361], [-73.983077, 40.730659], [-73.983543, 40.730021], [-73.984448, 40.728781], [-73.984875, 40.728194], [-73.987239, 40.729192], [-73.986812, 40.729779]]]}}, {"type": "Feature", "properties": {"unit_id": "36047079802", "name": "Census Tract 798.02 \u2014 Kings", "native_id": "36047079802", "source": "census_tract_2025", "adm3_name": "Kings County", "adm3_id": "36047", "area_sqm": 106366, "split": false}, "geometry": {"type": "Polygon", "coordinates": [[[-73.962005, 40.66067], [-73.960662, 40.660947], [-73.960622, 40.660205], [-73.960484, 40.65841], [-73.960426, 40.658072], [-73.960073, 40.656486], [-73.959861, 40.655635], [-73.961691, 40.654951], [-73.9619, 40.654871], [-73.962814, 40.660504], [-73.962005, 40.66067]]]}}, {"type": "Feature", "properties": {"unit_id": "36047073400", "name": "Census Tract 734 \u2014 Kings", "native_id": "36047073400", "source": "census_tract_2025", "adm3_name": "Kings County", "adm3_id": "36047", "area_sqm": 151105, "split": false}, "geometry": {"type": "Polygon", "coordinates": [[[-73.939605, 40.629795], [-73.936767, 40.629973], [-73.9358, 40.630032], [-73.935549, 40.627692], [-73.935349, 40.625835], [-73.937288, 40.625715], [-73.939157, 40.6256], [-73.939356, 40.627458], [-73.939605, 40.629795]]]}}, {"type": "Feature", "properties": {"unit_id": "36047039900", "name": "Census Tract 399 \u2014 Kings", "native_id": "36047039900", "source": "census_tract_2025", "adm3_name": "Kings County", "adm3_id": "36047", "area_sqm": 151244, "split": false}, "geometry": {"type": "Polygon", "coordinates": [[[-73.921154, 40.692796], [-73.920301, 40.692485], [-73.919459, 40.692149], [-73.91862, 40.691808], [-73.917791, 40.69146], [-73.916964, 40.69111], [-73.91545, 40.690264], [-73.913946, 40.689409], [-73.913194, 40.68898], [-73.914642, 40.687507], [-73.916899, 40.68879], [-73.917649, 40.689218], [-73.919153, 40.690076], [-73.919906, 40.690499], [-73.92223, 40.691823], [-73.921154, 40.692796]]]}}, {"type": "Feature", "properties": {"unit_id": "36047056200", "name": "Census Tract 562 \u2014 Kings", "native_id": "36047056200", "source": "census_tract_2025", "adm3_name": "Kings County", "adm3_id": "36047", "area_sqm": 170814, "split": false}, "geometry": {"type": "Polygon", "coordinates": [[[-73.949837, 40.606667], [-73.947948, 40.606876], [-73.946059, 40.607082], [-73.94562, 40.604759], [-73.945169, 40.602369], [-73.946096, 40.60227], [-73.947059, 40.602162], [-73.948023, 40.602056], [-73.94895, 40.601954], [-73.949837, 40.606667]]]}}, {"type": "Feature", "properties": {"unit_id": "36047039600", "name": "Census Tract 396 \u2014 Kings", "native_id": "36047039600", "source": "census_tract_2025", "adm3_name": "Kings County", "adm3_id": "36047", "area_sqm": 163301, "split": false}, "geometry": {"type": "Polygon", "coordinates": [[[-73.971911, 40.599423], [-73.970056, 40.599632], [-73.96913, 40.599733], [-73.968201, 40.599835], [-73.967777, 40.59758], [-73.967376, 40.595461], [-73.968302, 40.59536], [-73.969228, 40.595256], [-73.970111, 40.594957], [-73.971765, 40.595112], [-73.971329, 40.596353], [-73.971484, 40.597172], [-73.97163, 40.597944], [-73.971911, 40.599423]]]}}, {"type": "Feature", "properties": {"unit_id": "36047043700", "name": "Census Tract 437 \u2014 Kings", "native_id": "36047043700", "source": "census_tract_2025", "adm3_name": "Kings County", "adm3_id": "36047", "area_sqm": 168127, "split": false}, "geometry": {"type": "Polygon", "coordinates": [[[-73.911805, 40.692785], [-73.910357, 40.694259], [-73.908799, 40.695845], [-73.908047, 40.695417], [-73.906545, 40.69456], [-73.9058, 40.694128], [-73.905043, 40.693704], [-73.906599, 40.69212], [-73.908042, 40.690647], [-73.908797, 40.691075], [-73.910298, 40.69193], [-73.911053, 40.692358], [-73.911805, 40.692785]]]}}, {"type": "Feature", "properties": {"unit_id": "36047091600", "name": "Census Tract 916 \u2014 Kings", "native_id": "36047091600", "source": "census_tract_2025", "adm3_name": "Kings County", "adm3_id": "36047", "area_sqm": 215640, "split": false}, "geometry": {"type": "Polygon", "coordinates": [[[-73.911727, 40.662135], [-73.909857, 40.662412], [-73.90892, 40.662554], [-73.908524, 40.661014], [-73.907585, 40.661156], [-73.907191, 40.659619], [-73.906369, 40.656412], [-73.907307, 40.656273], [-73.908245, 40.656133], [-73.910123, 40.655852], [-73.910943, 40.659061], [-73.911335, 40.660597], [-73.911727, 40.662135]]]}}, {"type": "Feature", "properties": {"unit_id": "36047089400", "name": "Census Tract 894 \u2014 Kings", "native_id": "36047089400", "source": "census_tract_2025", "adm3_name": "Kings County", "adm3_id": "36047", "area_sqm": 172215, "split": false}, "geometry": {"type": "Polygon", "coordinates": [[[-73.919097, 40.66423], [-73.918141, 40.664373], [-73.917221, 40.66451], [-73.916267, 40.664654], [-73.915875, 40.663116], [-73.915477, 40.661574], [-73.914526, 40.661722], [-73.914131, 40.660181], [-73.913736, 40.658645], [-73.915567, 40.658393], [-73.917074, 40.659745], [-73.917419, 40.660051], [-73.918185, 40.660726], [-73.918299, 40.661162], [-73.918703, 40.662694], [-73.919097, 40.66423]]]}}, {"type": "Feature", "properties": {"unit_id": "36061016100", "name": "Census Tract 161 \u2014 New York", "native_id": "36061016100", "source": "census_tract_2025", "adm3_name": "New York County", "adm3_id": "36061", "area_sqm": 155737, "split": false}, "geometry": {"type": "Polygon", "coordinates": [[[-73.98021, 40.780561], [-73.979748, 40.781195], [-73.978823, 40.782465], [-73.975981, 40.781267], [-73.976428, 40.780654], [-73.973571, 40.779478], [-73.974067, 40.778805], [-73.974532, 40.778168], [-73.974997, 40.777533], [-73.977831, 40.77873], [-73.980673, 40.779925], [-73.98021, 40.780561]]]}}, {"type": "Feature", "properties": {"unit_id": "36047053500", "name": "Census Tract 535 \u2014 Kings", "native_id": "36047053500", "source": "census_tract_2025", "adm3_name": "Kings County", "adm3_id": "36047", "area_sqm": 130364, "split": false}, "geometry": {"type": "Polygon", "coordinates": [[[-73.964421, 40.707534], [-73.962743, 40.707685], [-73.961144, 40.707524], [-73.959395, 40.707352], [-73.958456, 40.707252], [-73.95864, 40.706477], [-73.959338, 40.705181], [-73.960341, 40.703437], [-73.961854, 40.704786], [-73.962485, 40.705352], [-73.963098, 40.7059], [-73.963745, 40.706479], [-73.964393, 40.707056], [-73.964849, 40.707454], [-73.964421, 40.707534]]]}}, {"type": "Feature", "properties": {"unit_id": "36047050401", "name": "Census Tract 504.01 \u2014 Kings", "native_id": "36047050401", "source": "census_tract_2025", "adm3_name": "Kings County", "adm3_id": "36047", "area_sqm": 144970, "split": false}, "geometry": {"type": "Polygon", "coordinates": [[[-73.976347, 40.65122], [-73.972683, 40.652639], [-73.97262, 40.650835], [-73.972082, 40.650635], [-73.971559, 40.648823], [-73.971397, 40.648258], [-73.973504, 40.647595], [-73.974731, 40.647773], [-73.974959, 40.647796], [-73.975533, 40.649698], [-73.976347, 40.65122]]]}}, {"type": "Feature", "properties": {"unit_id": "36061021800", "name": "Census Tract 218 \u2014 New York", "native_id": "36061021800", "source": "census_tract_2025", "adm3_name": "New York County", "adm3_id": "36061", "area_sqm": 181869, "split": false}, "geometry": {"type": "Polygon", "coordinates": [[[-73.955368, 40.80442], [-73.954416, 40.805725], [-73.951572, 40.804526], [-73.948728, 40.803331], [-73.949187, 40.8027], [-73.94968, 40.802024], [-73.950186, 40.801332], [-73.950636, 40.80072], [-73.952556, 40.80153], [-73.953477, 40.801917], [-73.956321, 40.803115], [-73.955368, 40.80442]]]}}, {"type": "Feature", "properties": {"unit_id": "36061018300", "name": "Census Tract 183 \u2014 New York", "native_id": "36061018300", "source": "census_tract_2025", "adm3_name": "New York County", "adm3_id": "36061", "area_sqm": 224323, "split": false}, "geometry": {"type": "Polygon", "coordinates": [[[-73.9825778374076, 40.8007509336822], [-73.976492, 40.798289], [-73.973651, 40.797149], [-73.972257, 40.796561], [-73.970836, 40.795963], [-73.969415, 40.795361], [-73.96987, 40.794736], [-73.970368, 40.794051], [-73.970858, 40.79338], [-73.971316, 40.792753], [-73.972739, 40.793353], [-73.974162, 40.793952], [-73.976233, 40.794828], [-73.978316, 40.795687], [-73.9844174404187, 40.7982192853589], [-73.9825778374076, 40.8007509336822]]]}}, {"type": "Feature", "properties": {"unit_id": "36047017100", "name": "Census Tract 171 \u2014 Kings", "native_id": "36047017100", "source": "census_tract_2025", "adm3_name": "Kings County", "adm3_id": "36047", "area_sqm": 208490, "split": false}, "geometry": {"type": "Polygon", "coordinates": [[[-73.98007, 40.65694], [-73.979513, 40.657479], [-73.979023, 40.658052], [-73.978514, 40.658656], [-73.977511, 40.659863], [-73.974482, 40.658339], [-73.973792, 40.656392], [-73.973555, 40.655644], [-73.974302, 40.655367], [-73.976424, 40.654535], [-73.976571, 40.655311], [-73.978039, 40.654747], [-73.978469, 40.655037], [-73.980653, 40.656381], [-73.98007, 40.65694]]]}}, {"type": "Feature", "properties": {"unit_id": "36047035702", "name": "Census Tract 357.02 \u2014 Kings", "native_id": "36047035702", "source": "census_tract_2025", "adm3_name": "Kings County", "adm3_id": "36047", "area_sqm": 110255, "split": false}, "geometry": {"type": "Polygon", "coordinates": [[[-73.928598, 40.66597], [-73.928525, 40.666866], [-73.92835, 40.668647], [-73.925598, 40.668496], [-73.925539, 40.668493], [-73.924772, 40.667487], [-73.924389, 40.666385], [-73.925463, 40.665916], [-73.92638, 40.665515], [-73.928228, 40.66471], [-73.928544, 40.664574], [-73.928683, 40.665086], [-73.928598, 40.66597]]]}}, {"type": "Feature", "properties": {"unit_id": "36047033000", "name": "Census Tract 330 \u2014 Kings", "native_id": "36047033000", "source": "census_tract_2025", "adm3_name": "Kings County", "adm3_id": "36047", "area_sqm": 372144, "split": false}, "geometry": {"type": "Polygon", "coordinates": [[[-74.004000833087, 40.5817224840941], [-74.0007395198924, 40.5812275072612], [-74.000723, 40.581225], [-73.9999052877148, 40.5814405210674], [-73.9983681730562, 40.5818456520627], [-73.990679, 40.58006], [-73.990697, 40.579318], [-73.990504, 40.578358], [-73.992638, 40.578118], [-73.995809, 40.577759], [-73.998992, 40.577383], [-74.000034, 40.577245], [-74.001105, 40.577121], [-74.003223, 40.576887], [-74.003485, 40.578262], [-74.003608, 40.578901], [-74.003924, 40.580598], [-74.004000833087, 40.5817224840941]]]}}, {"type": "Feature", "properties": {"unit_id": "36047101600", "name": "Census Tract 1016 \u2014 Kings", "native_id": "36047101600", "source": "census_tract_2025", "adm3_name": "Kings County", "adm3_id": "36047", "area_sqm": 112418, "split": false}, "geometry": {"type": "Polygon", "coordinates": [[[-73.891021, 40.644245], [-73.888901, 40.64563], [-73.885253, 40.642357], [-73.887386, 40.640981], [-73.8892, 40.642611], [-73.891021, 40.644245]]]}}, {"type": "Feature", "properties": {"unit_id": "36061006200", "name": "Census Tract 62 \u2014 New York", "native_id": "36061006200", "source": "census_tract_2025", "adm3_name": "New York County", "adm3_id": "36061", "area_sqm": 293517, "split": false}, "geometry": {"type": "Polygon", "coordinates": [[[-73.978052, 40.737554], [-73.977603, 40.738172], [-73.977148, 40.738796], [-73.976251, 40.740026], [-73.9758, 40.740644], [-73.975343, 40.741274], [-73.974924, 40.741847], [-73.974015, 40.743095], [-73.973512, 40.743782], [-73.97223, 40.743249], [-73.971566, 40.742993], [-73.96262, 40.739033], [-73.962478, 40.736802], [-73.962672, 40.736446], [-73.962348, 40.733812], [-73.962307, 40.733119], [-73.962288, 40.732899], [-73.961843, 40.731625], [-73.96145, 40.730994], [-73.961214, 40.729508], [-73.973546, 40.734939], [-73.974433, 40.735315], [-73.97514, 40.735392], [-73.978498, 40.736791], [-73.978052, 40.737554]]]}}, {"type": "Feature", "properties": {"unit_id": "36047051300", "name": "Census Tract 513 \u2014 Kings", "native_id": "36047051300", "source": "census_tract_2025", "adm3_name": "Kings County", "adm3_id": "36047", "area_sqm": 258100, "split": false}, "geometry": {"type": "Polygon", "coordinates": [[[-73.956624, 40.710384], [-73.955476, 40.712266], [-73.95434, 40.714072], [-73.953485, 40.714069], [-73.95291, 40.714061], [-73.951624, 40.714066], [-73.949372, 40.714067], [-73.948892, 40.711168], [-73.948655, 40.709725], [-73.950875, 40.709513], [-73.95083, 40.709143], [-73.95236, 40.709716], [-73.955175, 40.710465], [-73.955498, 40.709949], [-73.956624, 40.710384]]]}}, {"type": "Feature", "properties": {"unit_id": "36047010601", "name": "Census Tract 106.01 \u2014 Kings", "native_id": "36047010601", "source": "census_tract_2025", "adm3_name": "Kings County", "adm3_id": "36047", "area_sqm": 75434, "split": false}, "geometry": {"type": "Polygon", "coordinates": [[[-74.008242, 40.640205], [-74.007079, 40.641325], [-74.004877, 40.639995], [-74.006041, 40.638877], [-74.007206, 40.637755], [-74.009409, 40.639085], [-74.008242, 40.640205]]]}}, {"type": "Feature", "properties": {"unit_id": "36047034800", "name": "Census Tract 348 \u2014 Kings", "native_id": "36047034800", "source": "census_tract_2025", "adm3_name": "Kings County", "adm3_id": "36047", "area_sqm": 592737, "split": false}, "geometry": {"type": "Polygon", "coordinates": [[[-73.990679, 40.58006], [-73.988237, 40.579704], [-73.990006, 40.580676], [-73.989545, 40.581933], [-73.988358, 40.583475], [-73.986608, 40.583719], [-73.987084, 40.584619], [-73.985481, 40.584519], [-73.983876, 40.583976], [-73.982812, 40.583792], [-73.977504, 40.582784], [-73.974638, 40.583114], [-73.974618, 40.582786], [-73.974498, 40.581874], [-73.974686, 40.579977], [-73.976271, 40.579821], [-73.977941, 40.579626], [-73.981975, 40.579254], [-73.981256, 40.575563], [-73.983435, 40.575414], [-73.984149, 40.579053], [-73.986276, 40.578823], [-73.990504, 40.578358], [-73.990697, 40.579318], [-73.990679, 40.58006]]]}}, {"type": "Feature", "properties": {"unit_id": "36047041500", "name": "Census Tract 415 \u2014 Kings", "native_id": "36047041500", "source": "census_tract_2025", "adm3_name": "Kings County", "adm3_id": "36047", "area_sqm": 162692, "split": false}, "geometry": {"type": "Polygon", "coordinates": [[[-73.917791, 40.69146], [-73.916257, 40.693022], [-73.914808, 40.694497], [-73.914057, 40.694068], [-73.913307, 40.693641], [-73.911805, 40.692785], [-73.911053, 40.692358], [-73.9125, 40.690883], [-73.913946, 40.689409], [-73.91545, 40.690264], [-73.916964, 40.69111], [-73.917791, 40.69146]]]}}, {"type": "Feature", "properties": {"unit_id": "36047094600", "name": "Census Tract 946 \u2014 Kings", "native_id": "36047094600", "source": "census_tract_2025", "adm3_name": "Kings County", "adm3_id": "36047", "area_sqm": 281769, "split": false}, "geometry": {"type": "Polygon", "coordinates": [[[-73.92612, 40.64842], [-73.923249, 40.648599], [-73.92305, 40.646739], [-73.922117, 40.646796], [-73.921916, 40.644909], [-73.919976, 40.64503], [-73.919951, 40.644707], [-73.919729, 40.642725], [-73.921609, 40.641687], [-73.923327, 40.6399], [-73.923565, 40.642499], [-73.925382, 40.642384], [-73.925721, 40.644674], [-73.925922, 40.64656], [-73.92612, 40.64842]]]}}, {"type": "Feature", "properties": {"unit_id": "36047119000", "name": "Census Tract 1190 \u2014 Kings", "native_id": "36047119000", "source": "census_tract_2025", "adm3_name": "Kings County", "adm3_id": "36047", "area_sqm": 140618, "split": false}, "geometry": {"type": "Polygon", "coordinates": [[[-73.877339, 40.680055], [-73.873604, 40.681121], [-73.873276, 40.679921], [-73.8712, 40.680222], [-73.869342, 40.680191], [-73.868547, 40.677206], [-73.868868, 40.677156], [-73.869776, 40.677027], [-73.870387, 40.676939], [-73.871307, 40.676805], [-73.872587, 40.677866], [-73.875177, 40.68008], [-73.876565, 40.68018], [-73.877339, 40.680055]]]}}, {"type": "Feature", "properties": {"unit_id": "36061012700", "name": "Census Tract 127 \u2014 New York", "native_id": "36061012700", "source": "census_tract_2025", "adm3_name": "New York County", "adm3_id": "36061", "area_sqm": 174025, "split": false}, "geometry": {"type": "Polygon", "coordinates": [[[-73.992701, 40.763431], [-73.991788, 40.764684], [-73.988947, 40.763486], [-73.987594, 40.762916], [-73.986104, 40.76229], [-73.986561, 40.76166], [-73.987015, 40.761038], [-73.987927, 40.759791], [-73.990764, 40.760988], [-73.993609, 40.762184], [-73.992701, 40.763431]]]}}, {"type": "Feature", "properties": {"unit_id": "36061013300", "name": "Census Tract 133 \u2014 New York", "native_id": "36061013300", "source": "census_tract_2025", "adm3_name": "New York County", "adm3_id": "36061", "area_sqm": 174355, "split": false}, "geometry": {"type": "Polygon", "coordinates": [[[-73.991333, 40.76531], [-73.990876, 40.765934], [-73.990422, 40.766561], [-73.989964, 40.767188], [-73.987122, 40.765989], [-73.984283, 40.764792], [-73.984734, 40.76417], [-73.985192, 40.763543], [-73.985647, 40.762915], [-73.986104, 40.76229], [-73.987594, 40.762916], [-73.988947, 40.763486], [-73.991788, 40.764684], [-73.991333, 40.76531]]]}}, {"type": "Feature", "properties": {"unit_id": "36047017200", "name": "Census Tract 172 \u2014 Kings", "native_id": "36047017200", "source": "census_tract_2025", "adm3_name": "Kings County", "adm3_id": "36047", "area_sqm": 206317, "split": false}, "geometry": {"type": "Polygon", "coordinates": [[[-74.014695, 40.606424], [-74.011278, 40.609706], [-74.009511, 40.611406], [-74.008304, 40.612568], [-74.006014, 40.611325], [-74.009078, 40.608378], [-74.010823, 40.606701], [-74.01237, 40.605214], [-74.014695, 40.606424]]]}}, {"type": "Feature", "properties": {"unit_id": "36047117800", "name": "Census Tract 1178 \u2014 Kings", "native_id": "36047117800", "source": "census_tract_2025", "adm3_name": "Kings County", "adm3_id": "36047", "area_sqm": 140598, "split": false}, "geometry": {"type": "Polygon", "coordinates": [[[-73.877867, 40.682039], [-73.874105, 40.683104], [-73.872187, 40.683649], [-73.87157, 40.681686], [-73.8712, 40.680222], [-73.873276, 40.679921], [-73.873604, 40.681121], [-73.877339, 40.680055], [-73.877429, 40.680017], [-73.877867, 40.682039]]]}}, {"type": "Feature", "properties": {"unit_id": "36061022900", "name": "Census Tract 229 \u2014 New York", "native_id": "36061022900", "source": "census_tract_2025", "adm3_name": "New York County", "adm3_id": "36061", "area_sqm": 211053, "split": false}, "geometry": {"type": "Polygon", "coordinates": [[[-73.9614792760709, 40.8308810813704], [-73.954429, 40.828074], [-73.953712, 40.827275], [-73.951969, 40.827041], [-73.94996, 40.827104], [-73.947117, 40.825904], [-73.947604, 40.825233], [-73.948099, 40.824563], [-73.948553, 40.82394], [-73.949006, 40.823315], [-73.949694, 40.823604], [-73.951853, 40.82451], [-73.957462, 40.82687], [-73.9623636902834, 40.8288132623395], [-73.9614792760709, 40.8308810813704]]]}}, {"type": "Feature", "properties": {"unit_id": "36047064800", "name": "Census Tract 648 \u2014 Kings", "native_id": "36047064800", "source": "census_tract_2025", "adm3_name": "Kings County", "adm3_id": "36047", "area_sqm": 151522, "split": false}, "geometry": {"type": "Polygon", "coordinates": [[[-73.939716, 40.618406], [-73.936867, 40.620253], [-73.935018, 40.6186], [-73.933205, 40.61697], [-73.933917, 40.616508], [-73.935348, 40.615584], [-73.936057, 40.615123], [-73.937875, 40.616757], [-73.939716, 40.618406]]]}}, {"type": "Feature", "properties": {"unit_id": "36061009903", "name": "Census Tract 99.03 \u2014 New York", "native_id": "36061009903", "source": "census_tract_2025", "adm3_name": "New York County", "adm3_id": "36061", "area_sqm": 420391, "split": false}, "geometry": {"type": "Polygon", "coordinates": [[[-74.014029, 40.757551], [-74.0102349578362, 40.7627469821657], [-74.003826, 40.760133], [-74.002843, 40.759686], [-74.000067, 40.758403], [-74.000138, 40.758307], [-73.997306, 40.75711], [-73.998208, 40.755869], [-73.999143, 40.754585], [-74.000975, 40.752055], [-74.006646, 40.754451], [-74.007205, 40.754682], [-74.0142468634549, 40.7566557472903], [-74.014029, 40.757551]]]}}, {"type": "Feature", "properties": {"unit_id": "36047077200", "name": "Census Tract 772 \u2014 Kings", "native_id": "36047077200", "source": "census_tract_2025", "adm3_name": "Kings County", "adm3_id": "36047", "area_sqm": 404333, "split": false}, "geometry": {"type": "Polygon", "coordinates": [[[-73.957299, 40.630512], [-73.956616, 40.630591], [-73.955473, 40.631431], [-73.956241, 40.635509], [-73.952462, 40.635922], [-73.95201, 40.633531], [-73.951059, 40.633635], [-73.950838, 40.632354], [-73.947543, 40.631581], [-73.950448, 40.63026], [-73.950177, 40.628852], [-73.951106, 40.62875], [-73.954885, 40.628336], [-73.955812, 40.628234], [-73.956847, 40.62812], [-73.957299, 40.630512]]]}}, {"type": "Feature", "properties": {"unit_id": "36047052300", "name": "Census Tract 523 \u2014 Kings", "native_id": "36047052300", "source": "census_tract_2025", "adm3_name": "Kings County", "adm3_id": "36047", "area_sqm": 144959, "split": false}, "geometry": {"type": "Polygon", "coordinates": [[[-73.961962, 40.710488], [-73.961421, 40.711349], [-73.961029, 40.711969], [-73.960561, 40.712713], [-73.960163, 40.713345], [-73.959797, 40.713887], [-73.958342, 40.713306], [-73.95681, 40.712756], [-73.955476, 40.712266], [-73.956624, 40.710384], [-73.958425, 40.710192], [-73.960381, 40.710004], [-73.961303, 40.710285], [-73.962035, 40.710362], [-73.961962, 40.710488]]]}}, {"type": "Feature", "properties": {"unit_id": "36061024302", "name": "Census Tract 243.02 \u2014 New York", "native_id": "36061024302", "source": "census_tract_2025", "adm3_name": "New York County", "adm3_id": "36061", "area_sqm": 213258, "split": false}, "geometry": {"type": "Polygon", "coordinates": [[[-73.939343, 40.831612], [-73.938683, 40.832801], [-73.937957, 40.833454], [-73.936496, 40.834569], [-73.934402, 40.836054], [-73.934705, 40.835626], [-73.933006, 40.835679], [-73.933144, 40.834815], [-73.933459, 40.833184], [-73.933059, 40.828156], [-73.934555, 40.828047], [-73.934837, 40.828032], [-73.937271, 40.829154], [-73.938588, 40.829717], [-73.940167, 40.830383], [-73.939343, 40.831612]]]}}, {"type": "Feature", "properties": {"unit_id": "36061023802", "name": "Census Tract 238.02 \u2014 New York", "native_id": "36061023802", "source": "census_tract_2025", "adm3_name": "New York County", "adm3_id": "36061", "area_sqm": 243418, "split": false}, "geometry": {"type": "Polygon", "coordinates": [[[-73.949972, 40.763646], [-73.94773, 40.766084], [-73.945398, 40.768647], [-73.945138, 40.769107], [-73.944658, 40.769846], [-73.942146, 40.772037], [-73.94019, 40.772955], [-73.940145, 40.772951], [-73.937466, 40.772504], [-73.934956, 40.77173], [-73.935323, 40.770485], [-73.940463, 40.76753], [-73.941312, 40.766918], [-73.944715, 40.762879], [-73.946626, 40.763865], [-73.947643, 40.764192], [-73.948447, 40.763475], [-73.949972, 40.763646]]]}}, {"type": "Feature", "properties": {"unit_id": "36047006200", "name": "Census Tract 62 \u2014 Kings", "native_id": "36047006200", "source": "census_tract_2025", "adm3_name": "Kings County", "adm3_id": "36047", "area_sqm": 162273, "split": false}, "geometry": {"type": "Polygon", "coordinates": [[[-74.033389, 40.624968], [-74.033108, 40.625647], [-74.032555, 40.62701], [-74.029871, 40.626374], [-74.027153, 40.625727], [-74.027734, 40.624301], [-74.027991, 40.623683], [-74.02835, 40.622799], [-74.033742, 40.624099], [-74.033389, 40.624968]]]}}, {"type": "Feature", "properties": {"unit_id": "36047017700", "name": "Census Tract 177 \u2014 Kings", "native_id": "36047017700", "source": "census_tract_2025", "adm3_name": "Kings County", "adm3_id": "36047", "area_sqm": 2313048, "split": false}, "geometry": {"type": "Polygon", "coordinates": [[[-73.980171, 40.661155], [-73.979654, 40.661241], [-73.978349, 40.662799], [-73.977343, 40.664012], [-73.976334, 40.665214], [-73.975337, 40.666419], [-73.974331, 40.667621], [-73.973323, 40.668825], [-73.97282, 40.669427], [-73.971325, 40.671248], [-73.970409, 40.672617], [-73.969247, 40.672743], [-73.968924, 40.672938], [-73.967486, 40.672878], [-73.966297, 40.672677], [-73.962622, 40.671629], [-73.962194, 40.669641], [-73.961806, 40.667681], [-73.960956, 40.663285], [-73.962429, 40.663125], [-73.962884, 40.662622], [-73.962814, 40.660504], [-73.9619, 40.654871], [-73.966213, 40.653189], [-73.965751, 40.6525], [-73.965242, 40.651742], [-73.964654, 40.650887], [-73.967028, 40.649948], [-73.968793, 40.649249], [-73.971397, 40.648258], [-73.971559, 40.648823], [-73.972082, 40.650635], [-73.97262, 40.650835], [-73.972683, 40.652639], [-73.973051, 40.653913], [-73.973555, 40.655644], [-73.973792, 40.656392], [-73.974482, 40.658339], [-73.977511, 40.659863], [-73.980061, 40.660791], [-73.980171, 40.661155]]]}}, {"type": "Feature", "properties": {"unit_id": "36061028300", "name": "Census Tract 283 \u2014 New York", "native_id": "36061028300", "source": "census_tract_2025", "adm3_name": "New York County", "adm3_id": "36061", "area_sqm": 151093, "split": false}, "geometry": {"type": "Polygon", "coordinates": [[[-73.931818, 40.858271], [-73.931313, 40.859328], [-73.92842, 40.860242], [-73.92733, 40.860647], [-73.926502, 40.860956], [-73.925146, 40.861451], [-73.924877, 40.861541], [-73.925175, 40.860309], [-73.927266, 40.857929], [-73.928233, 40.857168], [-73.929726, 40.857379], [-73.931475, 40.856851], [-73.932631, 40.856716], [-73.931818, 40.858271]]]}}, {"type": "Feature", "properties": {"unit_id": "36047051500", "name": "Census Tract 515 \u2014 Kings", "native_id": "36047051500", "source": "census_tract_2025", "adm3_name": "Kings County", "adm3_id": "36047", "area_sqm": 186924, "split": false}, "geometry": {"type": "Polygon", "coordinates": [[[-73.95271, 40.720451], [-73.950646, 40.721705], [-73.949078, 40.72254], [-73.948875, 40.721292], [-73.948416, 40.718455], [-73.947213, 40.718561], [-73.951144, 40.716035], [-73.951842, 40.715442], [-73.952477, 40.719219], [-73.953469, 40.719798], [-73.95271, 40.720451]]]}}, {"type": "Feature", "properties": {"unit_id": "36047107800", "name": "Census Tract 1078 \u2014 Kings", "native_id": "36047107800", "source": "census_tract_2025", "adm3_name": "Kings County", "adm3_id": "36047", "area_sqm": 506528, "split": false}, "geometry": {"type": "Polygon", "coordinates": [[[-73.885681, 40.65485], [-73.882511, 40.656213], [-73.880813, 40.656945], [-73.881826, 40.658308], [-73.878592, 40.659701], [-73.869485, 40.663546], [-73.868367, 40.662015], [-73.867181, 40.660452], [-73.869156, 40.660119], [-73.878117, 40.65626], [-73.879733, 40.655563], [-73.882213, 40.654498], [-73.884653, 40.653451], [-73.885681, 40.65485]]]}}, {"type": "Feature", "properties": {"unit_id": "36061014802", "name": "Census Tract 148.02 \u2014 New York", "native_id": "36061014802", "source": "census_tract_2025", "adm3_name": "New York County", "adm3_id": "36061", "area_sqm": 125621, "split": false}, "geometry": {"type": "Polygon", "coordinates": [[[-73.956708, 40.780856], [-73.956253, 40.781482], [-73.955793, 40.78211], [-73.954877, 40.783363], [-73.95326, 40.782682], [-73.951659, 40.782008], [-73.952122, 40.781387], [-73.952575, 40.780753], [-73.953033, 40.780126], [-73.953492, 40.779496], [-73.953984, 40.778822], [-73.955585, 40.779496], [-73.957202, 40.780179], [-73.956708, 40.780856]]]}}, {"type": "Feature", "properties": {"unit_id": "36047023100", "name": "Census Tract 231 \u2014 Kings", "native_id": "36047023100", "source": "census_tract_2025", "adm3_name": "Kings County", "adm3_id": "36047", "area_sqm": 159414, "split": false}, "geometry": {"type": "Polygon", "coordinates": [[[-73.962836, 40.688555], [-73.960006, 40.688881], [-73.959714, 40.687416], [-73.959568, 40.686683], [-73.959276, 40.685217], [-73.958841, 40.683018], [-73.959785, 40.682909], [-73.961671, 40.682691], [-73.962107, 40.684891], [-73.962547, 40.687089], [-73.962836, 40.688555]]]}}, {"type": "Feature", "properties": {"unit_id": "36047000502", "name": "Census Tract 5.02 \u2014 Kings", "native_id": "36047000502", "source": "census_tract_2025", "adm3_name": "Kings County", "adm3_id": "36047", "area_sqm": 96799, "split": false}, "geometry": {"type": "Polygon", "coordinates": [[[-73.994298, 40.694792], [-73.993978, 40.695463], [-73.993785, 40.69587], [-73.99302, 40.69746], [-73.991365, 40.69701], [-73.990746, 40.695034], [-73.990663, 40.694561], [-73.9921, 40.694947], [-73.993103, 40.692846], [-73.99508, 40.693147], [-73.994298, 40.694792]]]}}, {"type": "Feature", "properties": {"unit_id": "36047025100", "name": "Census Tract 251 \u2014 Kings", "native_id": "36047025100", "source": "census_tract_2025", "adm3_name": "Kings County", "adm3_id": "36047", "area_sqm": 138489, "split": false}, "geometry": {"type": "Polygon", "coordinates": [[[-73.951464, 40.689864], [-73.948185, 40.690242], [-73.947893, 40.688776], [-73.947748, 40.688044], [-73.947602, 40.687311], [-73.947456, 40.686578], [-73.94731, 40.685846], [-73.95059, 40.685467], [-73.950883, 40.686933], [-73.951175, 40.6884], [-73.951464, 40.689864]]]}}, {"type": "Feature", "properties": {"unit_id": "36047068800", "name": "Census Tract 688 \u2014 Kings", "native_id": "36047068800", "source": "census_tract_2025", "adm3_name": "Kings County", "adm3_id": "36047", "area_sqm": 156912, "split": false}, "geometry": {"type": "Polygon", "coordinates": [[[-73.921102, 40.619309], [-73.917265, 40.619548], [-73.91714, 40.61839], [-73.917008, 40.617202], [-73.917887, 40.615647], [-73.920527, 40.613943], [-73.920624, 40.614839], [-73.920852, 40.616972], [-73.921102, 40.619309]]]}}, {"type": "Feature", "properties": {"unit_id": "36047005302", "name": "Census Tract 53.02 \u2014 Kings", "native_id": "36047005302", "source": "census_tract_2025", "adm3_name": "Kings County", "adm3_id": "36047", "area_sqm": 779108, "split": false}, "geometry": {"type": "Polygon", "coordinates": [[[-74.0187747928804, 40.6708069319843], [-74.014256, 40.669743], [-74.011886, 40.670438], [-74.011006, 40.672228], [-74.009611, 40.675121], [-74.007711, 40.674625], [-74.006005, 40.674146], [-74.002608, 40.673182], [-74.002016, 40.674482], [-74.001354, 40.675791], [-74.001213, 40.67587], [-73.999924, 40.674004], [-73.998619, 40.67183], [-73.999021, 40.671429], [-73.999457, 40.67014], [-74.000175, 40.668601], [-74.001454, 40.667633], [-74.0021899851848, 40.6673397393008], [-74.002315, 40.66754], [-74.0026923630755, 40.6675943022463], [-74.0060421332284, 40.6680763315057], [-74.0069998961626, 40.6682141528298], [-74.009855, 40.668625], [-74.0099637126689, 40.6684160528073], [-74.011663, 40.66515], [-74.016021, 40.664674], [-74.0164295017872, 40.6649116489819], [-74.0165442762381, 40.6649784198804], [-74.017819, 40.66572], [-74.0187747928804, 40.6708069319843]]]}}, {"type": "Feature", "properties": {"unit_id": "36061003300", "name": "Census Tract 33 \u2014 New York", "native_id": "36061003300", "source": "census_tract_2025", "adm3_name": "New York County", "adm3_id": "36061", "area_sqm": 341677, "split": false}, "geometry": {"type": "Polygon", "coordinates": [[[-74.009205, 40.716188], [-74.008346, 40.721322], [-74.007912, 40.7237], [-74.00531, 40.721824], [-74.004635, 40.721354], [-74.003512, 40.720557], [-74.001884, 40.719398], [-74.004026, 40.716871], [-74.004533, 40.71628], [-74.005889, 40.714678], [-74.007544, 40.715433], [-74.008823, 40.716014], [-74.009205, 40.716188]]]}}, {"type": "Feature", "properties": {"unit_id": "36047067800", "name": "Census Tract 678 \u2014 Kings", "native_id": "36047067800", "source": "census_tract_2025", "adm3_name": "Kings County", "adm3_id": "36047", "area_sqm": 166222, "split": false}, "geometry": {"type": "Polygon", "coordinates": [[[-73.924918, 40.627984], [-73.924298, 40.628386], [-73.921119, 40.628586], [-73.920869, 40.626251], [-73.920625, 40.623979], [-73.923497, 40.623802], [-73.924469, 40.623743], [-73.92471, 40.62601], [-73.924918, 40.627984]]]}}, {"type": "Feature", "properties": {"unit_id": "36047023800", "name": "Census Tract 238 \u2014 Kings", "native_id": "36047023800", "source": "census_tract_2025", "adm3_name": "Kings County", "adm3_id": "36047", "area_sqm": 169884, "split": false}, "geometry": {"type": "Polygon", "coordinates": [[[-73.995617, 40.631667], [-73.993866, 40.633347], [-73.991664, 40.632016], [-73.989462, 40.630686], [-73.987259, 40.629355], [-73.988428, 40.628231], [-73.989009, 40.627676], [-73.991212, 40.629006], [-73.993413, 40.630336], [-73.99546, 40.631575], [-73.995617, 40.631667]]]}}, {"type": "Feature", "properties": {"unit_id": "36047025700", "name": "Census Tract 257 \u2014 Kings", "native_id": "36047025700", "source": "census_tract_2025", "adm3_name": "Kings County", "adm3_id": "36047", "area_sqm": 181125, "split": false}, "geometry": {"type": "Polygon", "coordinates": [[[-73.950091, 40.699791], [-73.944388, 40.700425], [-73.944096, 40.698973], [-73.943949, 40.698222], [-73.946797, 40.697903], [-73.946366, 40.695704], [-73.949207, 40.695378], [-73.949647, 40.697583], [-73.949788, 40.69831], [-73.950091, 40.699791]]]}}, {"type": "Feature", "properties": {"unit_id": "36047012700", "name": "Census Tract 127 \u2014 Kings", "native_id": "36047012700", "source": "census_tract_2025", "adm3_name": "Kings County", "adm3_id": "36047", "area_sqm": 163391, "split": false}, "geometry": {"type": "Polygon", "coordinates": [[[-73.985231, 40.68228], [-73.984797, 40.682909], [-73.984375, 40.683543], [-73.983953, 40.684182], [-73.981993, 40.683418], [-73.979605, 40.682489], [-73.980034, 40.681854], [-73.980463, 40.681221], [-73.980894, 40.680587], [-73.981324, 40.679952], [-73.981755, 40.679317], [-73.986104, 40.681009], [-73.985231, 40.68228]]]}}, {"type": "Feature", "properties": {"unit_id": "36047052800", "name": "Census Tract 528 \u2014 Kings", "native_id": "36047052800", "source": "census_tract_2025", "adm3_name": "Kings County", "adm3_id": "36047", "area_sqm": 175595, "split": false}, "geometry": {"type": "Polygon", "coordinates": [[[-73.966676, 40.631922], [-73.963674, 40.63225], [-73.962299, 40.6324], [-73.959898, 40.632668], [-73.959445, 40.630277], [-73.958994, 40.627886], [-73.959956, 40.627778], [-73.960408, 40.63017], [-73.961369, 40.63006], [-73.961824, 40.630017], [-73.962298, 40.629961], [-73.963225, 40.629859], [-73.964152, 40.629757], [-73.966074, 40.629545], [-73.966676, 40.631922]]]}}, {"type": "Feature", "properties": {"unit_id": "36047001803", "name": "Census Tract 18.03 \u2014 Kings", "native_id": "36047001803", "source": "census_tract_2025", "adm3_name": "Kings County", "adm3_id": "36047", "area_sqm": 614381, "split": false}, "geometry": {"type": "Polygon", "coordinates": [[[-74.02452, 40.647402], [-74.024367, 40.650404], [-74.0233382903215, 40.6511447787894], [-74.0221534612371, 40.6519979799143], [-74.0151708934424, 40.6570261605821], [-74.014199, 40.656467], [-74.013895, 40.655466], [-74.015048, 40.654362], [-74.012844, 40.653016], [-74.015184, 40.650773], [-74.017509, 40.648533], [-74.019256, 40.646853], [-74.02146, 40.648182], [-74.023835, 40.645919], [-74.025038079688, 40.6469516277355], [-74.02452, 40.647402]]]}}, {"type": "Feature", "properties": {"unit_id": "36061005000", "name": "Census Tract 50 \u2014 New York", "native_id": "36061005000", "source": "census_tract_2025", "adm3_name": "New York County", "adm3_id": "36061", "area_sqm": 166468, "split": false}, "geometry": {"type": "Polygon", "coordinates": [[[-73.989916, 40.735349], [-73.989016, 40.73656], [-73.987726, 40.738317], [-73.987302, 40.738903], [-73.984082, 40.737546], [-73.984508, 40.736962], [-73.984934, 40.736376], [-73.985361, 40.73579], [-73.985787, 40.735205], [-73.986213, 40.734618], [-73.986679, 40.733978], [-73.98718, 40.733292], [-73.988779, 40.733966], [-73.989903, 40.734435], [-73.989916, 40.735349]]]}}, {"type": "Feature", "properties": {"unit_id": "36061015001", "name": "Census Tract 150.01 \u2014 New York", "native_id": "36061015001", "source": "census_tract_2025", "adm3_name": "New York County", "adm3_id": "36061", "area_sqm": 51643, "split": false}, "geometry": {"type": "Polygon", "coordinates": [[[-73.960416, 40.781532], [-73.958814, 40.780858], [-73.957202, 40.780179], [-73.957702, 40.779496], [-73.958165, 40.778861], [-73.959774, 40.779542], [-73.961361, 40.780241], [-73.960416, 40.781532]]]}}, {"type": "Feature", "properties": {"unit_id": "36061015200", "name": "Census Tract 152 \u2014 New York", "native_id": "36061015200", "source": "census_tract_2025", "adm3_name": "New York County", "adm3_id": "36061", "area_sqm": 189340, "split": false}, "geometry": {"type": "Polygon", "coordinates": [[[-73.947508, 40.779438], [-73.947049, 40.780064], [-73.946591, 40.780692], [-73.946131, 40.781316], [-73.94567, 40.781947], [-73.945213, 40.782571], [-73.944723, 40.783247], [-73.944054, 40.782964], [-73.943604, 40.78265], [-73.937608, 40.781754], [-73.934412, 40.778093], [-73.935855, 40.777212], [-73.93638, 40.776921], [-73.937655, 40.775086], [-73.937858, 40.774088], [-73.937466, 40.772504], [-73.940145, 40.772951], [-73.94019, 40.772955], [-73.944337, 40.773108], [-73.941937, 40.776031], [-73.942235, 40.777567], [-73.943379, 40.776868], [-73.945711, 40.77786], [-73.947968, 40.778807], [-73.947508, 40.779438]]]}}, {"type": "Feature", "properties": {"unit_id": "36047025500", "name": "Census Tract 255 \u2014 Kings", "native_id": "36047025500", "source": "census_tract_2025", "adm3_name": "Kings County", "adm3_id": "36047", "area_sqm": 138632, "split": false}, "geometry": {"type": "Polygon", "coordinates": [[[-73.95337, 40.699405], [-73.950091, 40.699791], [-73.949788, 40.69831], [-73.949647, 40.697583], [-73.949207, 40.695378], [-73.952489, 40.695004], [-73.952925, 40.697204], [-73.95337, 40.699405]]]}}, {"type": "Feature", "properties": {"unit_id": "36047037401", "name": "Census Tract 374.01 \u2014 Kings", "native_id": "36047037401", "source": "census_tract_2025", "adm3_name": "Kings County", "adm3_id": "36047", "area_sqm": 225522, "split": false}, "geometry": {"type": "Polygon", "coordinates": [[[-73.970224, 40.59054], [-73.968371, 40.59075], [-73.967445, 40.590851], [-73.966519, 40.590953], [-73.965129, 40.591108], [-73.965641, 40.588888], [-73.96615, 40.586669], [-73.966614, 40.584575], [-73.969063, 40.584], [-73.969423, 40.586307], [-73.969823, 40.588427], [-73.970224, 40.59054]]]}}, {"type": "Feature", "properties": {"unit_id": "36047003400", "name": "Census Tract 34 \u2014 Kings", "native_id": "36047003400", "source": "census_tract_2025", "adm3_name": "Kings County", "adm3_id": "36047", "area_sqm": 477399, "split": false}, "geometry": {"type": "Polygon", "coordinates": [[[-74.0371672706558, 40.6379991723276], [-74.0369590858168, 40.6383284222426], [-74.033421, 40.643924], [-74.0329678613999, 40.6439865447956], [-74.02906, 40.641727], [-74.029079, 40.641274], [-74.029073, 40.640969], [-74.030606, 40.638963], [-74.030891, 40.638279], [-74.031268, 40.637357], [-74.031826, 40.635993], [-74.032037, 40.635475], [-74.032317, 40.634791], [-74.0380992858564, 40.6365251652525], [-74.0371672706558, 40.6379991723276]]]}}, {"type": "Feature", "properties": {"unit_id": "36047020800", "name": "Census Tract 208 \u2014 Kings", "native_id": "36047020800", "source": "census_tract_2025", "adm3_name": "Kings County", "adm3_id": "36047", "area_sqm": 143311, "split": false}, "geometry": {"type": "Polygon", "coordinates": [[[-74.012858, 40.628207], [-74.012142, 40.628684], [-74.0105, 40.627693], [-74.008299, 40.626361], [-74.006095, 40.625033], [-74.006678, 40.624473], [-74.00726, 40.623915], [-74.007839, 40.623355], [-74.010042, 40.624686], [-74.012245, 40.626016], [-74.011665, 40.626574], [-74.013572, 40.627728], [-74.012858, 40.628207]]]}}, {"type": "Feature", "properties": {"unit_id": "36047086800", "name": "Census Tract 868 \u2014 Kings", "native_id": "36047086800", "source": "census_tract_2025", "adm3_name": "Kings County", "adm3_id": "36047", "area_sqm": 174581, "split": false}, "geometry": {"type": "Polygon", "coordinates": [[[-73.931907, 40.656537], [-73.930903, 40.65661], [-73.927995, 40.656802], [-73.927856, 40.655516], [-73.927694, 40.653985], [-73.927514, 40.652318], [-73.928475, 40.652176], [-73.930381, 40.651734], [-73.931392, 40.65169], [-73.931608, 40.653742], [-73.931772, 40.655273], [-73.931907, 40.656537]]]}}, {"type": "Feature", "properties": {"unit_id": "36061010400", "name": "Census Tract 104 \u2014 New York", "native_id": "36061010400", "source": "census_tract_2025", "adm3_name": "New York County", "adm3_id": "36061", "area_sqm": 173230, "split": false}, "geometry": {"type": "Polygon", "coordinates": [[[-73.980426, 40.759899], [-73.978601, 40.762396], [-73.977686, 40.763645], [-73.974457, 40.762293], [-73.977655, 40.757912], [-73.980886, 40.75927], [-73.980426, 40.759899]]]}}, {"type": "Feature", "properties": {"unit_id": "36047051400", "name": "Census Tract 514 \u2014 Kings", "native_id": "36047051400", "source": "census_tract_2025", "adm3_name": "Kings County", "adm3_id": "36047", "area_sqm": 181082, "split": false}, "geometry": {"type": "Polygon", "coordinates": [[[-73.964087, 40.644407], [-73.963125, 40.644512], [-73.962162, 40.644617], [-73.961214, 40.644723], [-73.960016, 40.644853], [-73.958022, 40.64507], [-73.957919, 40.644143], [-73.958753, 40.643772], [-73.959727, 40.643332], [-73.959377, 40.641471], [-73.960502, 40.64094], [-73.961386, 40.640525], [-73.962282, 40.640101], [-73.963186, 40.639672], [-73.963557, 40.64161], [-73.964087, 40.644407]]]}}, {"type": "Feature", "properties": {"unit_id": "36061027100", "name": "Census Tract 271 \u2014 New York", "native_id": "36061027100", "source": "census_tract_2025", "adm3_name": "New York County", "adm3_id": "36061", "area_sqm": 192909, "split": false}, "geometry": {"type": "Polygon", "coordinates": [[[-73.936661, 40.850448], [-73.935716, 40.852339], [-73.936545, 40.852611], [-73.936286, 40.854267], [-73.936038, 40.854915], [-73.934627, 40.854501], [-73.933705, 40.854169], [-73.932228, 40.853582], [-73.930996, 40.853062], [-73.931495, 40.85238], [-73.932433, 40.851095], [-73.932861, 40.850506], [-73.934239, 40.848626], [-73.935471, 40.849145], [-73.936397, 40.849541], [-73.935754, 40.850168], [-73.936661, 40.850448]]]}}, {"type": "Feature", "properties": {"unit_id": "36047055600", "name": "Census Tract 556 \u2014 Kings", "native_id": "36047055600", "source": "census_tract_2025", "adm3_name": "Kings County", "adm3_id": "36047", "area_sqm": 193196, "split": false}, "geometry": {"type": "Polygon", "coordinates": [[[-73.961732, 40.605358], [-73.960732, 40.60547], [-73.959576, 40.605596], [-73.957724, 40.6058], [-73.957283, 40.60347], [-73.95683, 40.601087], [-73.957757, 40.600986], [-73.958683, 40.600885], [-73.959612, 40.600781], [-73.961363, 40.600589], [-73.961732, 40.605358]]]}}, {"type": "Feature", "properties": {"unit_id": "36047019800", "name": "Census Tract 198 \u2014 Kings", "native_id": "36047019800", "source": "census_tract_2025", "adm3_name": "Kings County", "adm3_id": "36047", "area_sqm": 134715, "split": false}, "geometry": {"type": "Polygon", "coordinates": [[[-74.0098, 40.618024], [-74.007426, 40.620303], [-74.005637, 40.622024], [-74.003436, 40.620696], [-74.004019, 40.620136], [-74.005227, 40.618973], [-74.006434, 40.617814], [-74.007599, 40.616695], [-74.0098, 40.618024]]]}}, {"type": "Feature", "properties": {"unit_id": "36061017200", "name": "Census Tract 172 \u2014 New York", "native_id": "36061017200", "source": "census_tract_2025", "adm3_name": "New York County", "adm3_id": "36061", "area_sqm": 177939, "split": false}, "geometry": {"type": "Polygon", "coordinates": [[[-73.947896, 40.792928], [-73.946946, 40.794234], [-73.946042, 40.795467], [-73.945096, 40.796764], [-73.943483, 40.796073], [-73.941876, 40.795406], [-73.942804, 40.794133], [-73.943272, 40.793488], [-73.943723, 40.792874], [-73.944676, 40.791569], [-73.945168, 40.790894], [-73.946772, 40.791569], [-73.948386, 40.792256], [-73.947896, 40.792928]]]}}, {"type": "Feature", "properties": {"unit_id": "36047114600", "name": "Census Tract 1146 \u2014 Kings", "native_id": "36047114600", "source": "census_tract_2025", "adm3_name": "Kings County", "adm3_id": "36047", "area_sqm": 160101, "split": false}, "geometry": {"type": "Polygon", "coordinates": [[[-73.896537, 40.678594], [-73.893185, 40.680161], [-73.892328, 40.680569], [-73.889774, 40.681801], [-73.889406, 40.680142], [-73.889006, 40.678557], [-73.889875, 40.678302], [-73.891672, 40.678031], [-73.892579, 40.6779], [-73.896218, 40.677358], [-73.896537, 40.678594]]]}}, {"type": "Feature", "properties": {"unit_id": "36061014700", "name": "Census Tract 147 \u2014 New York", "native_id": "36061014700", "source": "census_tract_2025", "adm3_name": "New York County", "adm3_id": "36061", "area_sqm": 65417, "split": false}, "geometry": {"type": "Polygon", "coordinates": [[[-73.990454, 40.771612], [-73.989994, 40.772242], [-73.98954, 40.772866], [-73.986695, 40.771668], [-73.987146, 40.771054], [-73.987615, 40.770415], [-73.988063, 40.769791], [-73.990913, 40.770988], [-73.990454, 40.771612]]]}}, {"type": "Feature", "properties": {"unit_id": "36047091800", "name": "Census Tract 918 \u2014 Kings", "native_id": "36047091800", "source": "census_tract_2025", "adm3_name": "Kings County", "adm3_id": "36047", "area_sqm": 209632, "split": false}, "geometry": {"type": "Polygon", "coordinates": [[[-73.90892, 40.662554], [-73.905173, 40.663106], [-73.902376, 40.663517], [-73.901451, 40.663659], [-73.900661, 40.660587], [-73.904385, 40.660034], [-73.90627, 40.659754], [-73.907191, 40.659619], [-73.907585, 40.661156], [-73.908524, 40.661014], [-73.90892, 40.662554]]]}}, {"type": "Feature", "properties": {"unit_id": "36061016200", "name": "Census Tract 162 \u2014 New York", "native_id": "36061016200", "source": "census_tract_2025", "adm3_name": "New York County", "adm3_id": "36061", "area_sqm": 272018, "split": false}, "geometry": {"type": "Polygon", "coordinates": [[[-73.944723, 40.783247], [-73.943319, 40.785174], [-73.941937, 40.787065], [-73.941019, 40.788319], [-73.94056, 40.788949], [-73.940066, 40.789626], [-73.939562, 40.790317], [-73.939132, 40.790905], [-73.938649, 40.791558], [-73.937737, 40.792816], [-73.935337, 40.791837], [-73.935049, 40.79169], [-73.931788, 40.790173], [-73.936239, 40.785687], [-73.935433, 40.783249], [-73.930619, 40.782246], [-73.927708, 40.780964], [-73.925745, 40.778405], [-73.926318, 40.778242], [-73.928277, 40.776899], [-73.929881, 40.776222], [-73.931847, 40.777892], [-73.934412, 40.778093], [-73.937608, 40.781754], [-73.943604, 40.78265], [-73.944054, 40.782964], [-73.944723, 40.783247]]]}}, {"type": "Feature", "properties": {"unit_id": "36061022700", "name": "Census Tract 227 \u2014 New York", "native_id": "36061022700", "source": "census_tract_2025", "adm3_name": "New York County", "adm3_id": "36061", "area_sqm": 150708, "split": false}, "geometry": {"type": "Polygon", "coordinates": [[[-73.949465, 40.82269], [-73.949006, 40.823315], [-73.948553, 40.82394], [-73.948099, 40.824563], [-73.947604, 40.825233], [-73.946222, 40.824652], [-73.944756, 40.824032], [-73.943842, 40.823648], [-73.942924, 40.82326], [-73.943506, 40.822628], [-73.945155, 40.820876], [-73.946078, 40.821264], [-73.948083, 40.822108], [-73.949921, 40.822073], [-73.949465, 40.82269]]]}}, {"type": "Feature", "properties": {"unit_id": "36061017800", "name": "Census Tract 178 \u2014 New York", "native_id": "36061017800", "source": "census_tract_2025", "adm3_name": "New York County", "adm3_id": "36061", "area_sqm": 248850, "split": false}, "geometry": {"type": "Polygon", "coordinates": [[[-73.937257, 40.79347], [-73.935912, 40.795312], [-73.934913, 40.79668], [-73.933991, 40.797932], [-73.931743, 40.796988], [-73.929777, 40.796156], [-73.929256, 40.795867], [-73.927257, 40.794876], [-73.928373, 40.792845], [-73.92651, 40.790868], [-73.930162, 40.791306], [-73.931788, 40.790173], [-73.935049, 40.79169], [-73.935337, 40.791837], [-73.937737, 40.792816], [-73.937257, 40.79347]]]}}, {"type": "Feature", "properties": {"unit_id": "36047024100", "name": "Census Tract 241 \u2014 Kings", "native_id": "36047024100", "source": "census_tract_2025", "adm3_name": "Kings County", "adm3_id": "36047", "area_sqm": 180215, "split": false}, "geometry": {"type": "Polygon", "coordinates": [[[-73.956143, 40.694579], [-73.954307, 40.694791], [-73.952489, 40.695004], [-73.952193, 40.693526], [-73.951902, 40.692063], [-73.951757, 40.69133], [-73.951464, 40.689864], [-73.955122, 40.689444], [-73.95541, 40.690908], [-73.955826, 40.692993], [-73.956143, 40.694579]]]}}, {"type": "Feature", "properties": {"unit_id": "36047028800", "name": "Census Tract 288 \u2014 Kings", "native_id": "36047028800", "source": "census_tract_2025", "adm3_name": "Kings County", "adm3_id": "36047", "area_sqm": 152808, "split": false}, "geometry": {"type": "Polygon", "coordinates": [[[-73.998254, 40.604608], [-73.997044, 40.605769], [-73.996465, 40.606328], [-73.995882, 40.606886], [-73.995303, 40.607445], [-73.993104, 40.606116], [-73.994265, 40.604996], [-73.994847, 40.604437], [-73.995429, 40.603877], [-73.996055, 40.603275], [-73.997824, 40.601578], [-74.000022, 40.602907], [-73.998254, 40.604608]]]}}, {"type": "Feature", "properties": {"unit_id": "36047007100", "name": "Census Tract 71 \u2014 Kings", "native_id": "36047007100", "source": "census_tract_2025", "adm3_name": "Kings County", "adm3_id": "36047", "area_sqm": 167530, "split": false}, "geometry": {"type": "Polygon", "coordinates": [[[-73.989556, 40.683956], [-73.989129, 40.68459], [-73.988712, 40.685224], [-73.988289, 40.685869], [-73.986119, 40.685024], [-73.983953, 40.684182], [-73.984375, 40.683543], [-73.984797, 40.682909], [-73.985231, 40.68228], [-73.986104, 40.681009], [-73.987668, 40.680818], [-73.987279, 40.681467], [-73.990424, 40.682694], [-73.989556, 40.683956]]]}}, {"type": "Feature", "properties": {"unit_id": "36047007700", "name": "Census Tract 77 \u2014 Kings", "native_id": "36047007700", "source": "census_tract_2025", "adm3_name": "Kings County", "adm3_id": "36047", "area_sqm": 389422, "split": false}, "geometry": {"type": "Polygon", "coordinates": [[[-73.999352, 40.6752], [-73.998728, 40.676489], [-73.998068, 40.677866], [-73.997672, 40.678682], [-73.997283, 40.679502], [-73.996887, 40.680315], [-73.996527, 40.68106], [-73.994654, 40.680541], [-73.994889, 40.6802], [-73.992587, 40.679521], [-73.989388, 40.678285], [-73.989914, 40.67685], [-73.990426, 40.676249], [-73.990802, 40.675783], [-73.992566, 40.676106], [-73.995275, 40.675778], [-73.998551, 40.671926], [-73.998619, 40.67183], [-73.999924, 40.674004], [-73.999352, 40.6752]]]}}, {"type": "Feature", "properties": {"unit_id": "36047036001", "name": "Census Tract 360.01 \u2014 Kings", "native_id": "36047036001", "source": "census_tract_2025", "adm3_name": "Kings County", "adm3_id": "36047", "area_sqm": 94811, "split": false}, "geometry": {"type": "Polygon", "coordinates": [[[-73.968535, 40.576291], [-73.96638, 40.576551], [-73.965095, 40.576827], [-73.963279, 40.577212], [-73.962881, 40.574983], [-73.964711, 40.574782], [-73.966754, 40.574833], [-73.968868, 40.575236], [-73.968535, 40.576291]]]}}, {"type": "Feature", "properties": {"unit_id": "36047014300", "name": "Census Tract 143 \u2014 Kings", "native_id": "36047014300", "source": "census_tract_2025", "adm3_name": "Kings County", "adm3_id": "36047", "area_sqm": 217205, "split": false}, "geometry": {"type": "Polygon", "coordinates": [[[-73.996393, 40.664954], [-73.995795, 40.665516], [-73.994845, 40.666805], [-73.99277, 40.665507], [-73.990517, 40.664163], [-73.988335, 40.662805], [-73.988769, 40.662432], [-73.988924, 40.662283], [-73.990052, 40.661139], [-73.990635, 40.660579], [-73.992838, 40.661909], [-73.996958, 40.664393], [-73.996393, 40.664954]]]}}, {"type": "Feature", "properties": {"unit_id": "36047062000", "name": "Census Tract 620 \u2014 Kings", "native_id": "36047062000", "source": "census_tract_2025", "adm3_name": "Kings County", "adm3_id": "36047", "area_sqm": 319578, "split": false}, "geometry": {"type": "Polygon", "coordinates": [[[-73.953342, 40.579267], [-73.946742, 40.579993], [-73.943989, 40.5803], [-73.944308, 40.582201], [-73.940947, 40.581913], [-73.940439, 40.581879], [-73.939801, 40.578317], [-73.946291, 40.577609], [-73.952874, 40.576882], [-73.953342, 40.579267]]]}}, {"type": "Feature", "properties": {"unit_id": "36047005301", "name": "Census Tract 53.01 \u2014 Kings", "native_id": "36047005301", "source": "census_tract_2025", "adm3_name": "Kings County", "adm3_id": "36047", "area_sqm": 575471, "split": false}, "geometry": {"type": "Polygon", "coordinates": [[[-74.0188666675375, 40.6715792194765], [-74.018863492051, 40.6722374978321], [-74.0188634657966, 40.6722429403528], [-74.0188525052937, 40.6745150526063], [-74.0188427622718, 40.676534781044], [-74.018828, 40.679595], [-74.0186922654251, 40.6796775691949], [-74.016279, 40.678654], [-74.013883, 40.6808], [-74.0117, 40.679365], [-74.009544, 40.677898], [-74.011412, 40.676319], [-74.009611, 40.675121], [-74.011006, 40.672228], [-74.011886, 40.670438], [-74.014256, 40.669743], [-74.0187747928804, 40.6708069319843], [-74.018868, 40.671303], [-74.0188666675375, 40.6715792194765]]]}}, {"type": "Feature", "properties": {"unit_id": "36061013604", "name": "Census Tract 136.04 \u2014 New York", "native_id": "36061013604", "source": "census_tract_2025", "adm3_name": "New York County", "adm3_id": "36061", "area_sqm": 71689, "split": false}, "geometry": {"type": "Polygon", "coordinates": [[[-73.950798, 40.774927], [-73.950339, 40.775564], [-73.948084, 40.774611], [-73.945728, 40.773622], [-73.946195, 40.772985], [-73.946656, 40.772351], [-73.94901, 40.773342], [-73.951261, 40.774292], [-73.950798, 40.774927]]]}}, {"type": "Feature", "properties": {"unit_id": "36047069200", "name": "Census Tract 692 \u2014 Kings", "native_id": "36047069200", "source": "census_tract_2025", "adm3_name": "Kings County", "adm3_id": "36047", "area_sqm": 182215, "split": false}, "geometry": {"type": "Polygon", "coordinates": [[[-73.923497, 40.623802], [-73.920625, 40.623979], [-73.920869, 40.626251], [-73.919938, 40.626307], [-73.917995, 40.626458], [-73.917515, 40.621941], [-73.92039, 40.621777], [-73.921359, 40.621718], [-73.923262, 40.6216], [-73.923497, 40.623802]]]}}, {"type": "Feature", "properties": {"unit_id": "36061022000", "name": "Census Tract 220 \u2014 New York", "native_id": "36061022000", "source": "census_tract_2025", "adm3_name": "New York County", "adm3_id": "36061", "area_sqm": 174954, "split": false}, "geometry": {"type": "Polygon", "coordinates": [[[-73.9535, 40.806981], [-73.952917, 40.80778], [-73.952585, 40.808238], [-73.94974, 40.80704], [-73.9469, 40.805839], [-73.947352, 40.805213], [-73.947813, 40.804587], [-73.948273, 40.803957], [-73.948728, 40.803331], [-73.951572, 40.804526], [-73.954416, 40.805725], [-73.9535, 40.806981]]]}}, {"type": "Feature", "properties": {"unit_id": "36047030000", "name": "Census Tract 300 \u2014 Kings", "native_id": "36047030000", "source": "census_tract_2025", "adm3_name": "Kings County", "adm3_id": "36047", "area_sqm": 195051, "split": false}, "geometry": {"type": "Polygon", "coordinates": [[[-73.993363, 40.598889], [-73.991599, 40.600581], [-73.99015, 40.599705], [-73.989395, 40.599255], [-73.988658, 40.5988], [-73.987192, 40.597926], [-73.985747, 40.597041], [-73.985266, 40.596744], [-73.985061, 40.595671], [-73.985015, 40.595413], [-73.984678, 40.593659], [-73.986019, 40.594446], [-73.987505, 40.595342], [-73.988223, 40.595776], [-73.988964, 40.596223], [-73.990421, 40.597104], [-73.991906, 40.598004], [-73.993363, 40.598889]]]}}, {"type": "Feature", "properties": {"unit_id": "36047005602", "name": "Census Tract 56.02 \u2014 Kings", "native_id": "36047005602", "source": "census_tract_2025", "adm3_name": "Kings County", "adm3_id": "36047", "area_sqm": 135056, "split": false}, "geometry": {"type": "Polygon", "coordinates": [[[-74.037068, 40.613819], [-74.034579, 40.61486], [-74.032637, 40.61401], [-74.034871, 40.611366], [-74.0360156740183, 40.6102686519633], [-74.0387394203901, 40.6132487836811], [-74.037068, 40.613819]]]}}, {"type": "Feature", "properties": {"unit_id": "36047039000", "name": "Census Tract 390 \u2014 Kings", "native_id": "36047039000", "source": "census_tract_2025", "adm3_name": "Kings County", "adm3_id": "36047", "area_sqm": 173850, "split": false}, "geometry": {"type": "Polygon", "coordinates": [[[-73.967376, 40.595461], [-73.965076, 40.595716], [-73.964638, 40.593328], [-73.960845, 40.593743], [-73.96068, 40.591598], [-73.962838, 40.59136], [-73.965129, 40.591108], [-73.966519, 40.590953], [-73.967376, 40.595461]]]}}, {"type": "Feature", "properties": {"unit_id": "36047059402", "name": "Census Tract 594.02 \u2014 Kings", "native_id": "36047059402", "source": "census_tract_2025", "adm3_name": "Kings County", "adm3_id": "36047", "area_sqm": 322477, "split": false}, "geometry": {"type": "Polygon", "coordinates": [[[-73.94623, 40.597789], [-73.945265, 40.597894], [-73.942484, 40.598201], [-73.94148, 40.598304], [-73.940611, 40.593808], [-73.939641, 40.593922], [-73.939238, 40.591789], [-73.940201, 40.591684], [-73.941233, 40.591572], [-73.944012, 40.591265], [-73.944972, 40.59116], [-73.945374, 40.59328], [-73.945775, 40.595398], [-73.94623, 40.597789]]]}}, {"type": "Feature", "properties": {"unit_id": "36061029500", "name": "Census Tract 295 \u2014 New York", "native_id": "36061029500", "source": "census_tract_2025", "adm3_name": "New York County", "adm3_id": "36061", "area_sqm": 135565, "split": false}, "geometry": {"type": "Polygon", "coordinates": [[[-73.928722, 40.866743], [-73.926233, 40.868506], [-73.923821, 40.869018], [-73.922145, 40.86915], [-73.921214, 40.867693], [-73.92311, 40.867016], [-73.925005, 40.866336], [-73.927269, 40.865535], [-73.928057, 40.8662], [-73.928722, 40.866743]]]}}, {"type": "Feature", "properties": {"unit_id": "36047061004", "name": "Census Tract 610.04 \u2014 Kings", "native_id": "36047061004", "source": "census_tract_2025", "adm3_name": "Kings County", "adm3_id": "36047", "area_sqm": 224494, "split": false}, "geometry": {"type": "Polygon", "coordinates": [[[-73.959663, 40.578366], [-73.956536, 40.582659], [-73.956041, 40.582736], [-73.954143, 40.583105], [-73.954032, 40.582517], [-73.953342, 40.579267], [-73.952874, 40.576882], [-73.954041, 40.577457], [-73.954833, 40.577393], [-73.956053, 40.577766], [-73.956648, 40.577947], [-73.95781, 40.578269], [-73.959633, 40.577993], [-73.959663, 40.578366]]]}}, {"type": "Feature", "properties": {"unit_id": "36047100600", "name": "Census Tract 1006 \u2014 Kings", "native_id": "36047100600", "source": "census_tract_2025", "adm3_name": "Kings County", "adm3_id": "36047", "area_sqm": 152116, "split": false}, "geometry": {"type": "Polygon", "coordinates": [[[-73.904149, 40.632952], [-73.901264, 40.634818], [-73.899447, 40.633185], [-73.897629, 40.631553], [-73.900513, 40.629688], [-73.90233, 40.63132], [-73.904149, 40.632952]]]}}, {"type": "Feature", "properties": {"unit_id": "36047001502", "name": "Census Tract 15.02 \u2014 Kings", "native_id": "36047001502", "source": "census_tract_2025", "adm3_name": "Kings County", "adm3_id": "36047", "area_sqm": 142146, "split": false}, "geometry": {"type": "Polygon", "coordinates": [[[-73.985279, 40.692158], [-73.985143, 40.694885], [-73.982453, 40.694796], [-73.982512, 40.693614], [-73.982395, 40.692973], [-73.981741, 40.692023], [-73.982079, 40.691292], [-73.98136, 40.689928], [-73.983506, 40.689921], [-73.985363, 40.690667], [-73.985279, 40.692158]]]}}, {"type": "Feature", "properties": {"unit_id": "36061015900", "name": "Census Tract 159 \u2014 New York", "native_id": "36061015900", "source": "census_tract_2025", "adm3_name": "New York County", "adm3_id": "36061", "area_sqm": 175135, "split": false}, "geometry": {"type": "Polygon", "coordinates": [[[-73.9948668531076, 40.7838388793946], [-73.990484, 40.782377], [-73.98814, 40.781409], [-73.987308, 40.781041], [-73.985679, 40.780313], [-73.985072, 40.78178], [-73.983515, 40.781126], [-73.981521, 40.780282], [-73.980673, 40.779925], [-73.981135, 40.779292], [-73.981621, 40.778608], [-73.982118, 40.777923], [-73.982583, 40.777303], [-73.985448, 40.778476], [-73.987094, 40.779164], [-73.98919, 40.779942], [-73.9957877134895, 40.782571598015], [-73.9948668531076, 40.7838388793946]]]}}, {"type": "Feature", "properties": {"unit_id": "36047042100", "name": "Census Tract 421 \u2014 Kings", "native_id": "36047042100", "source": "census_tract_2025", "adm3_name": "Kings County", "adm3_id": "36047", "area_sqm": 153368, "split": false}, "geometry": {"type": "Polygon", "coordinates": [[[-73.92725, 40.696142], [-73.925273, 40.698161], [-73.923833, 40.699628], [-73.923082, 40.6992], [-73.922328, 40.698772], [-73.921574, 40.698345], [-73.920824, 40.697918], [-73.924249, 40.694429], [-73.924995, 40.694855], [-73.92575, 40.695285], [-73.926499, 40.695712], [-73.92725, 40.696142]]]}}, {"type": "Feature", "properties": {"unit_id": "36061004800", "name": "Census Tract 48 \u2014 New York", "native_id": "36061004800", "source": "census_tract_2025", "adm3_name": "New York County", "adm3_id": "36061", "area_sqm": 175762, "split": false}, "geometry": {"type": "Polygon", "coordinates": [[[-73.986679, 40.733978], [-73.986213, 40.734618], [-73.985787, 40.735205], [-73.985361, 40.73579], [-73.984934, 40.736376], [-73.982695, 40.735431], [-73.980275, 40.73441], [-73.980711, 40.733813], [-73.981127, 40.733242], [-73.981562, 40.732643], [-73.982564, 40.731361], [-73.984941, 40.732347], [-73.98718, 40.733292], [-73.986679, 40.733978]]]}}, {"type": "Feature", "properties": {"unit_id": "36061027900", "name": "Census Tract 279 \u2014 New York", "native_id": "36061027900", "source": "census_tract_2025", "adm3_name": "New York County", "adm3_id": "36061", "area_sqm": 180013, "split": false}, "geometry": {"type": "Polygon", "coordinates": [[[-73.934627, 40.854501], [-73.933681, 40.856783], [-73.93215, 40.859527], [-73.931313, 40.859328], [-73.931818, 40.858271], [-73.932631, 40.856716], [-73.931475, 40.856851], [-73.929726, 40.857379], [-73.928233, 40.857168], [-73.928266, 40.856808], [-73.928411, 40.856606], [-73.928716, 40.856182], [-73.929644, 40.854908], [-73.930539, 40.853685], [-73.930996, 40.853062], [-73.932228, 40.853582], [-73.933705, 40.854169], [-73.934627, 40.854501]]]}}, {"type": "Feature", "properties": {"unit_id": "36047052500", "name": "Census Tract 525 \u2014 Kings", "native_id": "36047052500", "source": "census_tract_2025", "adm3_name": "Kings County", "adm3_id": "36047", "area_sqm": 124144, "split": false}, "geometry": {"type": "Polygon", "coordinates": [[[-73.962573, 40.708535], [-73.962414, 40.709352], [-73.962292, 40.709921], [-73.962035, 40.710362], [-73.961303, 40.710285], [-73.960381, 40.710004], [-73.958425, 40.710192], [-73.956624, 40.710384], [-73.957488, 40.70908], [-73.957904, 40.708427], [-73.958456, 40.707252], [-73.959395, 40.707352], [-73.961144, 40.707524], [-73.962743, 40.707685], [-73.962573, 40.708535]]]}}, {"type": "Feature", "properties": {"unit_id": "36047110400", "name": "Census Tract 1104 \u2014 Kings", "native_id": "36047110400", "source": "census_tract_2025", "adm3_name": "Kings County", "adm3_id": "36047", "area_sqm": 742525, "split": false}, "geometry": {"type": "Polygon", "coordinates": [[[-73.896167, 40.657974], [-73.893279, 40.65923], [-73.891649, 40.659933], [-73.890015, 40.660636], [-73.888385, 40.661338], [-73.886814, 40.662014], [-73.881856, 40.66415], [-73.880892, 40.662834], [-73.884131, 40.661433], [-73.882912, 40.659781], [-73.884582, 40.659061], [-73.887786, 40.657683], [-73.886689, 40.656205], [-73.885681, 40.65485], [-73.884653, 40.653451], [-73.886282, 40.652756], [-73.889994, 40.651138], [-73.891366, 40.652365], [-73.893547, 40.655202], [-73.895382, 40.65772], [-73.89611, 40.657754], [-73.896167, 40.657974]]]}}, {"type": "Feature", "properties": {"unit_id": "36047078802", "name": "Census Tract 788.02 \u2014 Kings", "native_id": "36047078802", "source": "census_tract_2025", "adm3_name": "Kings County", "adm3_id": "36047", "area_sqm": 63958, "split": false}, "geometry": {"type": "Polygon", "coordinates": [[[-73.948265, 40.638607], [-73.945373, 40.638787], [-73.945123, 40.636448], [-73.948015, 40.636267], [-73.948265, 40.638607]]]}}, {"type": "Feature", "properties": {"unit_id": "36047078200", "name": "Census Tract 782 \u2014 Kings", "native_id": "36047078200", "source": "census_tract_2025", "adm3_name": "Kings County", "adm3_id": "36047", "area_sqm": 168304, "split": false}, "geometry": {"type": "Polygon", "coordinates": [[[-73.945373, 40.638787], [-73.942503, 40.638965], [-73.941533, 40.639025], [-73.939664, 40.639142], [-73.937762, 40.639259], [-73.937512, 40.636921], [-73.941283, 40.636687], [-73.942249, 40.636628], [-73.944155, 40.636507], [-73.945123, 40.636448], [-73.945373, 40.638787]]]}}, {"type": "Feature", "properties": {"unit_id": "36047020100", "name": "Census Tract 201 \u2014 Kings", "native_id": "36047020100", "source": "census_tract_2025", "adm3_name": "Kings County", "adm3_id": "36047", "area_sqm": 175379, "split": false}, "geometry": {"type": "Polygon", "coordinates": [[[-73.965525, 40.686744], [-73.963509, 40.686977], [-73.962547, 40.687089], [-73.962107, 40.684891], [-73.961671, 40.682691], [-73.961611, 40.682375], [-73.961312, 40.680456], [-73.964454, 40.681125], [-73.964779, 40.68304], [-73.965082, 40.684546], [-73.965525, 40.686744]]]}}, {"type": "Feature", "properties": {"unit_id": "36061024000", "name": "Census Tract 240 \u2014 New York", "native_id": "36061024000", "source": "census_tract_2025", "adm3_name": "New York County", "adm3_id": "36061", "area_sqm": 2183933, "split": false}, "geometry": {"type": "Polygon", "coordinates": [[[-73.936239, 40.785687], [-73.931788, 40.790173], [-73.930162, 40.791306], [-73.92651, 40.790868], [-73.928373, 40.792845], [-73.927257, 40.794876], [-73.927599, 40.79803], [-73.925291, 40.802002], [-73.925081, 40.802521], [-73.923022, 40.802425], [-73.919861, 40.799353], [-73.913624, 40.796786], [-73.912456, 40.796096], [-73.910673, 40.793116], [-73.910296, 40.790657], [-73.912069, 40.789339], [-73.915344, 40.786116], [-73.917171, 40.784193], [-73.919965, 40.782635], [-73.924816, 40.778758], [-73.925745, 40.778405], [-73.927708, 40.780964], [-73.930619, 40.782246], [-73.935433, 40.783249], [-73.936239, 40.785687]]]}}, {"type": "Feature", "properties": {"unit_id": "36061018000", "name": "Census Tract 180 \u2014 New York", "native_id": "36061018000", "source": "census_tract_2025", "adm3_name": "New York County", "adm3_id": "36061", "area_sqm": 212522, "split": false}, "geometry": {"type": "Polygon", "coordinates": [[[-73.942804, 40.794133], [-73.941876, 40.795406], [-73.940929, 40.7967], [-73.940519, 40.797261], [-73.938285, 40.796301], [-73.935912, 40.795312], [-73.937257, 40.79347], [-73.937737, 40.792816], [-73.938649, 40.791558], [-73.941035, 40.792546], [-73.943272, 40.793488], [-73.942804, 40.794133]]]}}, {"type": "Feature", "properties": {"unit_id": "36047090000", "name": "Census Tract 900 \u2014 Kings", "native_id": "36047090000", "source": "census_tract_2025", "adm3_name": "Kings County", "adm3_id": "36047", "area_sqm": 246190, "split": false}, "geometry": {"type": "Polygon", "coordinates": [[[-73.924389, 40.666385], [-73.922753, 40.667098], [-73.921872, 40.667481], [-73.92102, 40.667852], [-73.920039, 40.668282], [-73.919231, 40.668631], [-73.918382, 40.669002], [-73.917482, 40.669393], [-73.917306, 40.668708], [-73.916267, 40.664654], [-73.917221, 40.66451], [-73.918141, 40.664373], [-73.919097, 40.66423], [-73.920049, 40.664089], [-73.920972, 40.663953], [-73.921655, 40.663843], [-73.922099, 40.664251], [-73.922879, 40.664952], [-73.924389, 40.666385]]]}}, {"type": "Feature", "properties": {"unit_id": "36047012000", "name": "Census Tract 120 \u2014 Kings", "native_id": "36047012000", "source": "census_tract_2025", "adm3_name": "Kings County", "adm3_id": "36047", "area_sqm": 193342, "split": false}, "geometry": {"type": "Polygon", "coordinates": [[[-74.016306, 40.635896], [-74.011908, 40.633234], [-74.010742, 40.634357], [-74.007023, 40.63211], [-74.008456, 40.63115], [-74.010004, 40.630113], [-74.015139, 40.633217], [-74.015925, 40.633382], [-74.016752, 40.63544], [-74.016306, 40.635896]]]}}, {"type": "Feature", "properties": {"unit_id": "36047039800", "name": "Census Tract 398 \u2014 Kings", "native_id": "36047039800", "source": "census_tract_2025", "adm3_name": "Kings County", "adm3_id": "36047", "area_sqm": 202902, "split": false}, "geometry": {"type": "Polygon", "coordinates": [[[-73.980358, 40.596192], [-73.977507, 40.596506], [-73.97651, 40.596616], [-73.975588, 40.596719], [-73.974083, 40.596883], [-73.971484, 40.597172], [-73.971329, 40.596353], [-73.971765, 40.595112], [-73.971782, 40.593756], [-73.975407, 40.594122], [-73.976107, 40.5945], [-73.977104, 40.594389], [-73.979955, 40.594074], [-73.980358, 40.596192]]]}}, {"type": "Feature", "properties": {"unit_id": "36047081800", "name": "Census Tract 818 \u2014 Kings", "native_id": "36047081800", "source": "census_tract_2025", "adm3_name": "Kings County", "adm3_id": "36047", "area_sqm": 157920, "split": false}, "geometry": {"type": "Polygon", "coordinates": [[[-73.950066, 40.655423], [-73.947159, 40.655594], [-73.947032, 40.654339], [-73.946066, 40.65441], [-73.945905, 40.652855], [-73.945706, 40.651006], [-73.946674, 40.650948], [-73.948591, 40.650855], [-73.949571, 40.650807], [-73.949669, 40.651698], [-73.949769, 40.652642], [-73.94993, 40.65415], [-73.950066, 40.655423]]]}}, {"type": "Feature", "properties": {"unit_id": "36047038200", "name": "Census Tract 382 \u2014 Kings", "native_id": "36047038200", "source": "census_tract_2025", "adm3_name": "Kings County", "adm3_id": "36047", "area_sqm": 233431, "split": false}, "geometry": {"type": "Polygon", "coordinates": [[[-73.98464, 40.593552], [-73.983667, 40.593664], [-73.98179, 40.593868], [-73.980711, 40.593997], [-73.978764, 40.592825], [-73.97848, 40.589654], [-73.980938, 40.589376], [-73.983803, 40.589042], [-73.984094, 40.590567], [-73.984204, 40.591166], [-73.98464, 40.593552]]]}}, {"type": "Feature", "properties": {"unit_id": "36047050001", "name": "Census Tract 500.01 \u2014 Kings", "native_id": "36047050001", "source": "census_tract_2025", "adm3_name": "Kings County", "adm3_id": "36047", "area_sqm": 140050, "split": false}, "geometry": {"type": "Polygon", "coordinates": [[[-73.980712, 40.649524], [-73.978716, 40.650292], [-73.976347, 40.65122], [-73.975533, 40.649698], [-73.974959, 40.647796], [-73.975176, 40.647818], [-73.978191, 40.647526], [-73.980291, 40.647297], [-73.980364, 40.647694], [-73.980712, 40.649524]]]}}, {"type": "Feature", "properties": {"unit_id": "36061017900", "name": "Census Tract 179 \u2014 New York", "native_id": "36061017900", "source": "census_tract_2025", "adm3_name": "New York County", "adm3_id": "36061", "area_sqm": 213907, "split": false}, "geometry": {"type": "Polygon", "coordinates": [[[-73.9848017882995, 40.7976903485926], [-73.9844174404187, 40.7982192853589], [-73.978316, 40.795687], [-73.976233, 40.794828], [-73.974162, 40.793952], [-73.972739, 40.793353], [-73.971316, 40.792753], [-73.971773, 40.792127], [-73.972233, 40.791498], [-73.973147, 40.790244], [-73.974565, 40.790842], [-73.975989, 40.791438], [-73.977691, 40.792164], [-73.980109, 40.79313], [-73.9863054917523, 40.7956209628056], [-73.9848017882995, 40.7976903485926]]]}}, {"type": "Feature", "properties": {"unit_id": "36047029200", "name": "Census Tract 292 \u2014 Kings", "native_id": "36047029200", "source": "census_tract_2025", "adm3_name": "Kings County", "adm3_id": "36047", "area_sqm": 205508, "split": false}, "geometry": {"type": "Polygon", "coordinates": [[[-74.004948, 40.598172], [-74.003819, 40.597458], [-74.002692, 40.597043], [-74.001691, 40.597855], [-74.001219, 40.598305], [-74.000738, 40.598766], [-73.999455, 40.600005], [-73.997824, 40.601578], [-73.995594, 40.600233], [-73.99734, 40.598552], [-73.998672, 40.597269], [-73.999513, 40.596476], [-73.999982, 40.596017], [-74.000069, 40.595934], [-74.0013896797924, 40.5946714308133], [-74.003916060623, 40.5965827459041], [-74.004535, 40.597051], [-74.0055043667902, 40.5976179680898], [-74.004948, 40.598172]]]}}, {"type": "Feature", "properties": {"unit_id": "36061001401", "name": "Census Tract 14.01 \u2014 New York", "native_id": "36061001401", "source": "census_tract_2025", "adm3_name": "New York County", "adm3_id": "36061", "area_sqm": 93505, "split": false}, "geometry": {"type": "Polygon", "coordinates": [[[-73.989754, 40.715553], [-73.989155, 40.716708], [-73.988367, 40.716446], [-73.986721, 40.715952], [-73.985013, 40.715438], [-73.983338, 40.714933], [-73.982453, 40.714699], [-73.985344, 40.714462], [-73.987165, 40.714312], [-73.989337, 40.714133], [-73.99022, 40.714405], [-73.989754, 40.715553]]]}}, {"type": "Feature", "properties": {"unit_id": "36047043900", "name": "Census Tract 439 \u2014 Kings", "native_id": "36047043900", "source": "census_tract_2025", "adm3_name": "Kings County", "adm3_id": "36047", "area_sqm": 200003, "split": false}, "geometry": {"type": "Polygon", "coordinates": [[[-73.914061, 40.698838], [-73.911422, 40.701487], [-73.910679, 40.701046], [-73.911808, 40.699938], [-73.911036, 40.699532], [-73.908774, 40.698255], [-73.908022, 40.697825], [-73.906117, 40.69675], [-73.90426, 40.6957], [-73.904914, 40.695074], [-73.9058, 40.694128], [-73.906545, 40.69456], [-73.908047, 40.695417], [-73.908799, 40.695845], [-73.909551, 40.696271], [-73.911049, 40.697126], [-73.911806, 40.697554], [-73.912556, 40.697982], [-73.914061, 40.698838]]]}}, {"type": "Feature", "properties": {"unit_id": "36047051002", "name": "Census Tract 510.02 \u2014 Kings", "native_id": "36047051002", "source": "census_tract_2025", "adm3_name": "Kings County", "adm3_id": "36047", "area_sqm": 107067, "split": false}, "geometry": {"type": "Polygon", "coordinates": [[[-73.962186, 40.649789], [-73.961008, 40.650082], [-73.958707, 40.650387], [-73.95815, 40.647768], [-73.958141, 40.647504], [-73.960471, 40.647244], [-73.961672, 40.647115], [-73.961935, 40.648511], [-73.963075, 40.64944], [-73.962186, 40.649789]]]}}, {"type": "Feature", "properties": {"unit_id": "36047049800", "name": "Census Tract 498 \u2014 Kings", "native_id": "36047049800", "source": "census_tract_2025", "adm3_name": "Kings County", "adm3_id": "36047", "area_sqm": 204347, "split": false}, "geometry": {"type": "Polygon", "coordinates": [[[-73.98835, 40.644562], [-73.985284, 40.645768], [-73.983073, 40.646625], [-73.981805, 40.647128], [-73.981328, 40.647182], [-73.980291, 40.647297], [-73.978191, 40.647526], [-73.977774, 40.645342], [-73.97988, 40.645109], [-73.980915, 40.644991], [-73.983976, 40.643812], [-73.985897, 40.643068], [-73.986731, 40.643574], [-73.98835, 40.644562]]]}}, {"type": "Feature", "properties": {"unit_id": "36047120801", "name": "Census Tract 1208.01 \u2014 Kings", "native_id": "36047120801", "source": "census_tract_2025", "adm3_name": "Kings County", "adm3_id": "36047", "area_sqm": 202188, "split": false}, "geometry": {"type": "Polygon", "coordinates": [[[-73.871303, 40.672858], [-73.870367, 40.673011], [-73.869447, 40.673143], [-73.866668, 40.673544], [-73.866275, 40.67201], [-73.865929, 40.670619], [-73.865554, 40.669122], [-73.86833, 40.668728], [-73.870112, 40.668014], [-73.870562, 40.669798], [-73.870943, 40.671335], [-73.871303, 40.672858]]]}}, {"type": "Feature", "properties": {"unit_id": "36047101400", "name": "Census Tract 1014 \u2014 Kings", "native_id": "36047101400", "source": "census_tract_2025", "adm3_name": "Kings County", "adm3_id": "36047", "area_sqm": 154954, "split": false}, "geometry": {"type": "Polygon", "coordinates": [[[-73.893961, 40.642343], [-73.891762, 40.643764], [-73.891021, 40.644245], [-73.8892, 40.642611], [-73.887386, 40.640981], [-73.890328, 40.63908], [-73.892141, 40.640712], [-73.893961, 40.642343]]]}}, {"type": "Feature", "properties": {"unit_id": "36047028900", "name": "Census Tract 289 \u2014 Kings", "native_id": "36047028900", "source": "census_tract_2025", "adm3_name": "Kings County", "adm3_id": "36047", "area_sqm": 165739, "split": false}, "geometry": {"type": "Polygon", "coordinates": [[[-73.937195, 40.693752], [-73.931345, 40.694422], [-73.931458, 40.694855], [-73.931145, 40.694674], [-73.927811, 40.692774], [-73.927507, 40.692604], [-73.927985, 40.692563], [-73.930907, 40.692228], [-73.936758, 40.691556], [-73.936905, 40.692288], [-73.937049, 40.693021], [-73.937195, 40.693752]]]}}, {"type": "Feature", "properties": {"unit_id": "36061019500", "name": "Census Tract 195 \u2014 New York", "native_id": "36061019500", "source": "census_tract_2025", "adm3_name": "New York County", "adm3_id": "36061", "area_sqm": 218436, "split": false}, "geometry": {"type": "Polygon", "coordinates": [[[-73.9772506594803, 40.8080821573135], [-73.971133, 40.805802], [-73.968048, 40.804684], [-73.966701, 40.804169], [-73.963861, 40.802972], [-73.96476, 40.801741], [-73.965215, 40.801111], [-73.965711, 40.800437], [-73.967878, 40.801354], [-73.968584, 40.801636], [-73.970047, 40.802265], [-73.972899, 40.803383], [-73.9789376576, 40.8057605227351], [-73.9772506594803, 40.8080821573135]]]}}, {"type": "Feature", "properties": {"unit_id": "36061004100", "name": "Census Tract 41 \u2014 New York", "native_id": "36061004100", "source": "census_tract_2025", "adm3_name": "New York County", "adm3_id": "36061", "area_sqm": 191278, "split": false}, "geometry": {"type": "Polygon", "coordinates": [[[-73.999956, 40.718017], [-73.997655, 40.720836], [-73.997123, 40.722301], [-73.996268, 40.721952], [-73.995464, 40.721619], [-73.993795, 40.720937], [-73.994378, 40.719519], [-73.994808, 40.718457], [-73.996059, 40.716232], [-73.996984, 40.716541], [-73.997763, 40.716814], [-73.998589, 40.717099], [-73.999313, 40.71755], [-73.999956, 40.718017]]]}}, {"type": "Feature", "properties": {"unit_id": "36061021900", "name": "Census Tract 219 \u2014 New York", "native_id": "36061021900", "source": "census_tract_2025", "adm3_name": "New York County", "adm3_id": "36061", "area_sqm": 279413, "split": false}, "geometry": {"type": "Polygon", "coordinates": [[[-73.9659850903122, 40.8233532326662], [-73.960007, 40.820422], [-73.959422, 40.820234], [-73.958874, 40.820006], [-73.956023, 40.818802], [-73.955451, 40.819377], [-73.952721, 40.818236], [-73.95319, 40.817595], [-73.954547, 40.815737], [-73.955707, 40.814144], [-73.956269, 40.813375], [-73.957546, 40.814834], [-73.958292, 40.815687], [-73.959493, 40.817007], [-73.960687, 40.817511], [-73.961575, 40.81791], [-73.962067, 40.818099], [-73.96298, 40.818512], [-73.967964031225, 40.8208492666133], [-73.9659850903122, 40.8233532326662]]]}}, {"type": "Feature", "properties": {"unit_id": "36047043500", "name": "Census Tract 435 \u2014 Kings", "native_id": "36047043500", "source": "census_tract_2025", "adm3_name": "Kings County", "adm3_id": "36047", "area_sqm": 168159, "split": false}, "geometry": {"type": "Polygon", "coordinates": [[[-73.915562, 40.694922], [-73.914114, 40.696398], [-73.912556, 40.697982], [-73.911806, 40.697554], [-73.911049, 40.697126], [-73.909551, 40.696271], [-73.908799, 40.695845], [-73.910357, 40.694259], [-73.911805, 40.692785], [-73.913307, 40.693641], [-73.914057, 40.694068], [-73.914808, 40.694497], [-73.915562, 40.694922]]]}}, {"type": "Feature", "properties": {"unit_id": "36047022800", "name": "Census Tract 228 \u2014 Kings", "native_id": "36047022800", "source": "census_tract_2025", "adm3_name": "Kings County", "adm3_id": "36047", "area_sqm": 167374, "split": false}, "geometry": {"type": "Polygon", "coordinates": [[[-73.984088, 40.639297], [-73.982921, 40.640416], [-73.982337, 40.640976], [-73.982994, 40.641325], [-73.981232, 40.642045], [-73.98042, 40.642385], [-73.979874, 40.639518], [-73.979386, 40.636932], [-73.979681, 40.636639], [-73.980266, 40.636076], [-73.982466, 40.637406], [-73.984672, 40.638735], [-73.984088, 40.639297]]]}}, {"type": "Feature", "properties": {"unit_id": "36061012901", "name": "Census Tract 129.01 \u2014 New York", "native_id": "36061012901", "source": "census_tract_2025", "adm3_name": "New York County", "adm3_id": "36061", "area_sqm": 219166, "split": false}, "geometry": {"type": "Polygon", "coordinates": [[[-74.0065831801656, 40.7677481315547], [-74.00206, 40.765912], [-73.9989, 40.764594], [-73.998489, 40.764242], [-73.996457, 40.763376], [-73.993609, 40.762184], [-73.99407, 40.761552], [-73.994526, 40.760927], [-73.994983, 40.7603], [-73.995474, 40.759627], [-73.996232, 40.759946], [-73.998315, 40.760823], [-74.001036, 40.761968], [-74.001716, 40.762208], [-74.0086034601802, 40.7649813360179], [-74.0065831801656, 40.7677481315547]]]}}, {"type": "Feature", "properties": {"unit_id": "36047019700", "name": "Census Tract 197 \u2014 Kings", "native_id": "36047019700", "source": "census_tract_2025", "adm3_name": "Kings County", "adm3_id": "36047", "area_sqm": 169819, "split": false}, "geometry": {"type": "Polygon", "coordinates": [[[-73.970131, 40.689506], [-73.969103, 40.689468], [-73.968078, 40.689452], [-73.967115, 40.689561], [-73.966135, 40.689673], [-73.965188, 40.689782], [-73.96481, 40.688326], [-73.962836, 40.688555], [-73.962547, 40.687089], [-73.963509, 40.686977], [-73.965525, 40.686744], [-73.967493, 40.686518], [-73.96949, 40.686288], [-73.969783, 40.687752], [-73.970131, 40.689506]]]}}, {"type": "Feature", "properties": {"unit_id": "36047032500", "name": "Census Tract 325 \u2014 Kings", "native_id": "36047032500", "source": "census_tract_2025", "adm3_name": "Kings County", "adm3_id": "36047", "area_sqm": 168414, "split": false}, "geometry": {"type": "Polygon", "coordinates": [[[-73.959245, 40.667142], [-73.958609, 40.6689], [-73.957974, 40.670657], [-73.955269, 40.670125], [-73.955907, 40.66836], [-73.956223, 40.66748], [-73.95654, 40.666603], [-73.956859, 40.66572], [-73.957292, 40.664303], [-73.960337, 40.664108], [-73.959245, 40.667142]]]}}, {"type": "Feature", "properties": {"unit_id": "36047060800", "name": "Census Tract 608 \u2014 Kings", "native_id": "36047060800", "source": "census_tract_2025", "adm3_name": "Kings County", "adm3_id": "36047", "area_sqm": 401159, "split": false}, "geometry": {"type": "Polygon", "coordinates": [[[-73.960261, 40.585039], [-73.956676, 40.585358], [-73.95398, 40.585712], [-73.951238, 40.584925], [-73.94987, 40.584856], [-73.947636, 40.584999], [-73.946692, 40.585073], [-73.943866, 40.585298], [-73.94106, 40.585661], [-73.939139, 40.585983], [-73.939033, 40.58541], [-73.938738, 40.583899], [-73.941394, 40.583337], [-73.940947, 40.581913], [-73.944308, 40.582201], [-73.949409, 40.582435], [-73.953419, 40.582609], [-73.954032, 40.582517], [-73.954143, 40.583105], [-73.956041, 40.582736], [-73.956536, 40.582659], [-73.956851, 40.582859], [-73.959006, 40.582866], [-73.960027, 40.583209], [-73.960235, 40.584522], [-73.960261, 40.585039]]]}}, {"type": "Feature", "properties": {"unit_id": "36047049600", "name": "Census Tract 496 \u2014 Kings", "native_id": "36047049600", "source": "census_tract_2025", "adm3_name": "Kings County", "adm3_id": "36047", "area_sqm": 202972, "split": false}, "geometry": {"type": "Polygon", "coordinates": [[[-73.983976, 40.643812], [-73.980915, 40.644991], [-73.97988, 40.645109], [-73.977774, 40.645342], [-73.974827, 40.645664], [-73.974657, 40.644806], [-73.976577, 40.644004], [-73.978327, 40.643268], [-73.979019, 40.642972], [-73.979442, 40.642796], [-73.98042, 40.642385], [-73.981232, 40.642045], [-73.982994, 40.641325], [-73.985897, 40.643068], [-73.983976, 40.643812]]]}}, {"type": "Feature", "properties": {"unit_id": "36061006000", "name": "Census Tract 60 \u2014 New York", "native_id": "36061006000", "source": "census_tract_2025", "adm3_name": "New York County", "adm3_id": "36061", "area_sqm": 118944, "split": false}, "geometry": {"type": "Polygon", "coordinates": [[[-73.978909, 40.736164], [-73.978498, 40.736791], [-73.97514, 40.735392], [-73.974433, 40.735315], [-73.973546, 40.734939], [-73.961214, 40.729508], [-73.961215, 40.728151], [-73.961436, 40.727298], [-73.97365, 40.73231], [-73.974243, 40.732536], [-73.97542, 40.733005], [-73.976983, 40.73373], [-73.977722, 40.734041], [-73.979864, 40.734975], [-73.978909, 40.736164]]]}}, {"type": "Feature", "properties": {"unit_id": "36047044901", "name": "Census Tract 449.01 \u2014 Kings", "native_id": "36047044901", "source": "census_tract_2025", "adm3_name": "Kings County", "adm3_id": "36047", "area_sqm": 386035, "split": false}, "geometry": {"type": "Polygon", "coordinates": [[[-73.941094, 40.722309], [-73.940221, 40.722892], [-73.939311, 40.723348], [-73.938912, 40.723579], [-73.936764, 40.724839], [-73.936188, 40.724345], [-73.935589, 40.722991], [-73.935041, 40.721669], [-73.936504, 40.721247], [-73.935883, 40.719863], [-73.934704, 40.717209], [-73.936339, 40.716779], [-73.935613, 40.715191], [-73.938696, 40.715323], [-73.940022, 40.715813], [-73.940492, 40.718679], [-73.941094, 40.722309]]]}}, {"type": "Feature", "properties": {"unit_id": "36047029800", "name": "Census Tract 298 \u2014 Kings", "native_id": "36047029800", "source": "census_tract_2025", "adm3_name": "Kings County", "adm3_id": "36047", "area_sqm": 220827, "split": false}, "geometry": {"type": "Polygon", "coordinates": [[[-73.99039, 40.601743], [-73.989808, 40.602303], [-73.988643, 40.603421], [-73.986847, 40.605097], [-73.985878, 40.599958], [-73.985491, 40.59793], [-73.985266, 40.596744], [-73.985747, 40.597041], [-73.987192, 40.597926], [-73.988658, 40.5988], [-73.989395, 40.599255], [-73.99015, 40.599705], [-73.991599, 40.600581], [-73.99039, 40.601743]]]}}, {"type": "Feature", "properties": {"unit_id": "36047093800", "name": "Census Tract 938 \u2014 Kings", "native_id": "36047093800", "source": "census_tract_2025", "adm3_name": "Kings County", "adm3_id": "36047", "area_sqm": 131105, "split": false}, "geometry": {"type": "Polygon", "coordinates": [[[-73.926547, 40.652392], [-73.92561, 40.652446], [-73.923666, 40.652538], [-73.922849, 40.652463], [-73.923585, 40.65052], [-73.922519, 40.650587], [-73.922312, 40.648658], [-73.923249, 40.648599], [-73.92612, 40.64842], [-73.926326, 40.65035], [-73.926547, 40.652392]]]}}, {"type": "Feature", "properties": {"unit_id": "36061002500", "name": "Census Tract 25 \u2014 New York", "native_id": "36061002500", "source": "census_tract_2025", "adm3_name": "New York County", "adm3_id": "36061", "area_sqm": 131517, "split": false}, "geometry": {"type": "Polygon", "coordinates": [[[-74.000776, 40.71064], [-74.00051, 40.710984], [-73.999701, 40.71178], [-73.996947, 40.712072], [-73.996782, 40.711364], [-73.996444, 40.710199], [-73.996354, 40.709785], [-73.996222, 40.709181], [-73.996005, 40.708895], [-73.993693, 40.704476], [-73.994498, 40.704318], [-73.999177, 40.708022], [-73.999495, 40.708279], [-74.001419, 40.709815], [-74.000776, 40.71064]]]}}, {"type": "Feature", "properties": {"unit_id": "36061014601", "name": "Census Tract 146.01 \u2014 New York", "native_id": "36061014601", "source": "census_tract_2025", "adm3_name": "New York County", "adm3_id": "36061", "area_sqm": 74344, "split": false}, "geometry": {"type": "Polygon", "coordinates": [[[-73.954482, 40.778139], [-73.953984, 40.778822], [-73.951743, 40.777875], [-73.949374, 40.776876], [-73.949872, 40.776196], [-73.950339, 40.775564], [-73.952705, 40.776561], [-73.954945, 40.777504], [-73.954482, 40.778139]]]}}, {"type": "Feature", "properties": {"unit_id": "36061029700", "name": "Census Tract 297 \u2014 New York", "native_id": "36061029700", "source": "census_tract_2025", "adm3_name": "New York County", "adm3_id": "36061", "area_sqm": 948118, "split": false}, "geometry": {"type": "Polygon", "coordinates": [[[-73.9337868955222, 40.882206616177], [-73.924974, 40.879144], [-73.922602, 40.878779], [-73.92163, 40.878321], [-73.919808, 40.876577], [-73.9152, 40.875581], [-73.910532, 40.874066], [-73.910485, 40.874015], [-73.911435, 40.873297], [-73.912269, 40.872518], [-73.914009, 40.87116], [-73.915056, 40.871603], [-73.916278, 40.872116], [-73.918459, 40.873022], [-73.919458, 40.872249], [-73.919255, 40.871008], [-73.92133, 40.869571], [-73.922145, 40.86915], [-73.923821, 40.869018], [-73.926233, 40.868506], [-73.928722, 40.866743], [-73.932521, 40.869914], [-73.9383542664041, 40.8747491631611], [-73.9337868955222, 40.882206616177]]]}}, {"type": "Feature", "properties": {"unit_id": "36047014102", "name": "Census Tract 141.02 \u2014 Kings", "native_id": "36047014102", "source": "census_tract_2025", "adm3_name": "Kings County", "adm3_id": "36047", "area_sqm": 89630, "split": false}, "geometry": {"type": "Polygon", "coordinates": [[[-73.991734, 40.666736], [-73.989312, 40.665567], [-73.986951, 40.664425], [-73.987453, 40.663823], [-73.988335, 40.662805], [-73.990517, 40.664163], [-73.99277, 40.665507], [-73.991734, 40.666736]]]}}, {"type": "Feature", "properties": {"unit_id": "36061022500", "name": "Census Tract 225 \u2014 New York", "native_id": "36061022500", "source": "census_tract_2025", "adm3_name": "New York County", "adm3_id": "36061", "area_sqm": 262466, "split": false}, "geometry": {"type": "Polygon", "coordinates": [[[-73.963182, 40.8269], [-73.9623636902834, 40.8288132623395], [-73.957462, 40.82687], [-73.951853, 40.82451], [-73.949694, 40.823604], [-73.949006, 40.823315], [-73.949465, 40.82269], [-73.949921, 40.822073], [-73.950829, 40.820829], [-73.952911, 40.821697], [-73.953676, 40.822019], [-73.955697, 40.822876], [-73.957222, 40.823226], [-73.959192, 40.824342], [-73.963657546337, 40.8262982883083], [-73.963182, 40.8269]]]}}, {"type": "Feature", "properties": {"unit_id": "36061013400", "name": "Census Tract 134 \u2014 New York", "native_id": "36061013400", "source": "census_tract_2025", "adm3_name": "New York County", "adm3_id": "36061", "area_sqm": 181768, "split": false}, "geometry": {"type": "Polygon", "coordinates": [[[-73.958717, 40.772331], [-73.958255, 40.772965], [-73.957794, 40.7736], [-73.957294, 40.774283], [-73.955055, 40.773337], [-73.952686, 40.77234], [-73.953188, 40.771657], [-73.953649, 40.771024], [-73.954112, 40.770389], [-73.954575, 40.769755], [-73.955037, 40.76912], [-73.957404, 40.77012], [-73.959645, 40.771064], [-73.958717, 40.772331]]]}}, {"type": "Feature", "properties": {"unit_id": "36047013800", "name": "Census Tract 138 \u2014 Kings", "native_id": "36047013800", "source": "census_tract_2025", "adm3_name": "Kings County", "adm3_id": "36047", "area_sqm": 162579, "split": false}, "geometry": {"type": "Polygon", "coordinates": [[[-74.027991, 40.623683], [-74.027734, 40.624301], [-74.027153, 40.625727], [-74.027139, 40.625762], [-74.026856, 40.626459], [-74.026561, 40.627187], [-74.024153, 40.625781], [-74.021794, 40.624355], [-74.022389, 40.622896], [-74.02475, 40.624321], [-74.025345, 40.622859], [-74.026214, 40.621491], [-74.02835, 40.622799], [-74.027991, 40.623683]]]}}, {"type": "Feature", "properties": {"unit_id": "36047044100", "name": "Census Tract 441 \u2014 Kings", "native_id": "36047044100", "source": "census_tract_2025", "adm3_name": "Kings County", "adm3_id": "36047", "area_sqm": 142020, "split": false}, "geometry": {"type": "Polygon", "coordinates": [[[-73.917068, 40.700548], [-73.9156, 40.702046], [-73.914386, 40.703239], [-73.913292, 40.704313], [-73.911807, 40.703435], [-73.912904, 40.702362], [-73.911422, 40.701487], [-73.914061, 40.698838], [-73.914815, 40.699266], [-73.915565, 40.699693], [-73.916316, 40.700122], [-73.917068, 40.700548]]]}}, {"type": "Feature", "properties": {"unit_id": "36061026300", "name": "Census Tract 263 \u2014 New York", "native_id": "36061026300", "source": "census_tract_2025", "adm3_name": "New York County", "adm3_id": "36061", "area_sqm": 157208, "split": false}, "geometry": {"type": "Polygon", "coordinates": [[[-73.939779, 40.84721], [-73.939524, 40.847838], [-73.938036, 40.847558], [-73.937672, 40.848392], [-73.93707, 40.848939], [-73.936397, 40.849541], [-73.935471, 40.849145], [-73.934239, 40.848626], [-73.934693, 40.847999], [-73.935172, 40.847358], [-73.936078, 40.846105], [-73.937518, 40.844137], [-73.938731, 40.844636], [-73.938855, 40.844679], [-73.940518, 40.845369], [-73.939779, 40.84721]]]}}, {"type": "Feature", "properties": {"unit_id": "36061018700", "name": "Census Tract 187 \u2014 New York", "native_id": "36061018700", "source": "census_tract_2025", "adm3_name": "New York County", "adm3_id": "36061", "area_sqm": 218111, "split": false}, "geometry": {"type": "Polygon", "coordinates": [[[-73.9807020170417, 40.8033324240664], [-73.974714, 40.800851], [-73.971924, 40.799705], [-73.970423, 40.799071], [-73.969001, 40.798476], [-73.967575, 40.79787], [-73.968038, 40.79725], [-73.968476, 40.796643], [-73.969415, 40.795361], [-73.970836, 40.795963], [-73.972257, 40.796561], [-73.973651, 40.797149], [-73.976492, 40.798289], [-73.9825778374076, 40.8007509336822], [-73.9807020170417, 40.8033324240664]]]}}, {"type": "Feature", "properties": {"unit_id": "36061017500", "name": "Census Tract 175 \u2014 New York", "native_id": "36061017500", "source": "census_tract_2025", "adm3_name": "New York County", "adm3_id": "36061", "area_sqm": 216905, "split": false}, "geometry": {"type": "Polygon", "coordinates": [[[-73.9863054917523, 40.7956209628056], [-73.980109, 40.79313], [-73.977691, 40.792164], [-73.975989, 40.791438], [-73.974565, 40.790842], [-73.973147, 40.790244], [-73.974064, 40.788989], [-73.974522, 40.78836], [-73.975016, 40.787687], [-73.976503, 40.788314], [-73.977857, 40.788881], [-73.980357, 40.789941], [-73.981932, 40.790548], [-73.9881935430858, 40.7930226402524], [-73.9863054917523, 40.7956209628056]]]}}, {"type": "Feature", "properties": {"unit_id": "36047001802", "name": "Census Tract 18.02 \u2014 Kings", "native_id": "36047001802", "source": "census_tract_2025", "adm3_name": "Kings County", "adm3_id": "36047", "area_sqm": 598065, "split": false}, "geometry": {"type": "Polygon", "coordinates": [[[-74.0151708934424, 40.6570261605821], [-74.010302872604, 40.6605316458118], [-74.008946526507, 40.6615083571628], [-74.007575, 40.662496], [-74.0043468142826, 40.6615517338196], [-74.004655, 40.66095], [-74.005301, 40.660312], [-74.00273, 40.658785], [-74.003288, 40.658185], [-74.004465, 40.657072], [-74.006231, 40.6554], [-74.00879, 40.656963], [-74.011684, 40.654135], [-74.013895, 40.655466], [-74.014199, 40.656467], [-74.0151708934424, 40.6570261605821]]]}}, {"type": "Feature", "properties": {"unit_id": "36047047700", "name": "Census Tract 477 \u2014 Kings", "native_id": "36047047700", "source": "census_tract_2025", "adm3_name": "Kings County", "adm3_id": "36047", "area_sqm": 217806, "split": false}, "geometry": {"type": "Polygon", "coordinates": [[[-73.946791, 40.718821], [-73.944405, 40.72024], [-73.941956, 40.721652], [-73.941094, 40.722309], [-73.940492, 40.718679], [-73.940022, 40.715813], [-73.938696, 40.715323], [-73.941218, 40.714707], [-73.942066, 40.714729], [-73.942687, 40.714692], [-73.94317, 40.717517], [-73.943285, 40.718226], [-73.943427, 40.718934], [-73.946744, 40.718548], [-73.946791, 40.718821]]]}}, {"type": "Feature", "properties": {"unit_id": "36047072800", "name": "Census Tract 728 \u2014 Kings", "native_id": "36047072800", "source": "census_tract_2025", "adm3_name": "Kings County", "adm3_id": "36047", "area_sqm": 212050, "split": false}, "geometry": {"type": "Polygon", "coordinates": [[[-73.931983, 40.630269], [-73.930054, 40.630389], [-73.928114, 40.630506], [-73.925205, 40.630689], [-73.920418, 40.630904], [-73.924298, 40.628386], [-73.924956, 40.628349], [-73.927865, 40.628167], [-73.931743, 40.62793], [-73.931983, 40.630269]]]}}, {"type": "Feature", "properties": {"unit_id": "36061013100", "name": "Census Tract 131 \u2014 New York", "native_id": "36061013100", "source": "census_tract_2025", "adm3_name": "New York County", "adm3_id": "36061", "area_sqm": 174135, "split": false}, "geometry": {"type": "Polygon", "coordinates": [[[-73.985647, 40.762915], [-73.985192, 40.763543], [-73.984734, 40.76417], [-73.984283, 40.764792], [-73.981434, 40.763594], [-73.978601, 40.762396], [-73.980426, 40.759899], [-73.983263, 40.761094], [-73.986104, 40.76229], [-73.985647, 40.762915]]]}}, {"type": "Feature", "properties": {"unit_id": "36047005900", "name": "Census Tract 59 \u2014 Kings", "native_id": "36047005900", "source": "census_tract_2025", "adm3_name": "Kings County", "adm3_id": "36047", "area_sqm": 355163, "split": false}, "geometry": {"type": "Polygon", "coordinates": [[[-74.0117, 40.679365], [-74.0092, 40.681496], [-74.006623, 40.683658], [-74.005819, 40.683656], [-74.006065, 40.683202], [-74.003346, 40.67963], [-74.002255, 40.678205], [-74.001539, 40.677268], [-74.000699, 40.675571], [-74.001213, 40.67587], [-74.001354, 40.675791], [-74.003194, 40.676271], [-74.003503, 40.675631], [-74.004764, 40.67671], [-74.006491, 40.677194], [-74.006298, 40.677604], [-74.008302, 40.67897], [-74.009544, 40.677898], [-74.0117, 40.679365]]]}}, {"type": "Feature", "properties": {"unit_id": "36061002400", "name": "Census Tract 24 \u2014 New York", "native_id": "36061002400", "source": "census_tract_2025", "adm3_name": "New York County", "adm3_id": "36061", "area_sqm": 182337, "split": false}, "geometry": {"type": "Polygon", "coordinates": [[[-73.975598, 40.724283], [-73.975164, 40.724877], [-73.973298, 40.727428], [-73.971857, 40.726759], [-73.971396, 40.726662], [-73.962645, 40.722747], [-73.962787, 40.722562], [-73.96355, 40.721571], [-73.965704, 40.718779], [-73.966511, 40.717917], [-73.972869, 40.720725], [-73.974763, 40.721596], [-73.976893, 40.722498], [-73.975598, 40.724283]]]}}, {"type": "Feature", "properties": {"unit_id": "36047033600", "name": "Census Tract 336 \u2014 Kings", "native_id": "36047033600", "source": "census_tract_2025", "adm3_name": "Kings County", "adm3_id": "36047", "area_sqm": 688235, "split": false}, "geometry": {"type": "Polygon", "coordinates": [[[-74.012865, 40.577908], [-74.0119871282124, 40.5790911800201], [-74.010881, 40.580582], [-74.006027, 40.58203], [-74.004000833087, 40.5817224840941], [-74.003924, 40.580598], [-74.003608, 40.578901], [-74.003485, 40.578262], [-74.003223, 40.576887], [-74.003093, 40.576196], [-74.002796, 40.574637], [-74.002548, 40.573327], [-74.00287, 40.572305], [-74.0040491782276, 40.5726030852868], [-74.0086552278839, 40.573767451793], [-74.008897107308, 40.5738285966614], [-74.01147, 40.574479], [-74.0120051341758, 40.5757943943289], [-74.012865, 40.577908]]]}}, {"type": "Feature", "properties": {"unit_id": "36047016400", "name": "Census Tract 164 \u2014 Kings", "native_id": "36047016400", "source": "census_tract_2025", "adm3_name": "Kings County", "adm3_id": "36047", "area_sqm": 802164, "split": false}, "geometry": {"type": "Polygon", "coordinates": [[[-74.035053, 40.609544], [-74.031921, 40.61083], [-74.031451, 40.611117], [-74.028972, 40.613516], [-74.028385, 40.614249], [-74.026302, 40.616335], [-74.025729, 40.616049], [-74.02755, 40.612925], [-74.027106, 40.610244], [-74.024775, 40.609676], [-74.021502, 40.607828], [-74.022396, 40.606978], [-74.020635, 40.6059], [-74.0213, 40.604363], [-74.0191352237537, 40.6028523682972], [-74.0193390815478, 40.6029669121568], [-74.020133, 40.603413], [-74.0308232281361, 40.60511188258], [-74.031384, 40.605201], [-74.0319325726295, 40.6058012095899], [-74.0353019178837, 40.6094877101996], [-74.035053, 40.609544]]]}}, {"type": "Feature", "properties": {"unit_id": "36047079002", "name": "Census Tract 790.02 \u2014 Kings", "native_id": "36047079002", "source": "census_tract_2025", "adm3_name": "Kings County", "adm3_id": "36047", "area_sqm": 122521, "split": false}, "geometry": {"type": "Polygon", "coordinates": [[[-73.954525, 40.642887], [-73.952622, 40.643006], [-73.951652, 40.643066], [-73.951406, 40.640767], [-73.951158, 40.638428], [-73.952133, 40.638423], [-73.9536, 40.638422], [-73.953743, 40.638566], [-73.954043, 40.638878], [-73.954281, 40.640589], [-73.954525, 40.642887]]]}}, {"type": "Feature", "properties": {"unit_id": "36047121000", "name": "Census Tract 1210 \u2014 Kings", "native_id": "36047121000", "source": "census_tract_2025", "adm3_name": "Kings County", "adm3_id": "36047", "area_sqm": 158707, "split": false}, "geometry": {"type": "Polygon", "coordinates": [[[-73.874624, 40.672389], [-73.871303, 40.672858], [-73.870943, 40.671335], [-73.870562, 40.669798], [-73.870112, 40.668014], [-73.871875, 40.666764], [-73.872841, 40.668032], [-73.8738, 40.669335], [-73.874231, 40.670863], [-73.874624, 40.672389]]]}}, {"type": "Feature", "properties": {"unit_id": "36047093400", "name": "Census Tract 934 \u2014 Kings", "native_id": "36047093400", "source": "census_tract_2025", "adm3_name": "Kings County", "adm3_id": "36047", "area_sqm": 177758, "split": false}, "geometry": {"type": "Polygon", "coordinates": [[[-73.920773, 40.652554], [-73.919962, 40.652789], [-73.918137, 40.651158], [-73.91632, 40.649527], [-73.917801, 40.648568], [-73.918515, 40.648106], [-73.916937, 40.646683], [-73.919951, 40.644707], [-73.919976, 40.64503], [-73.920467, 40.649654], [-73.920581, 40.650707], [-73.920773, 40.652554]]]}}, {"type": "Feature", "properties": {"unit_id": "36047039400", "name": "Census Tract 394 \u2014 Kings", "native_id": "36047039400", "source": "census_tract_2025", "adm3_name": "Kings County", "adm3_id": "36047", "area_sqm": 192099, "split": false}, "geometry": {"type": "Polygon", "coordinates": [[[-73.968201, 40.599835], [-73.967273, 40.599939], [-73.965904, 40.60009], [-73.963455, 40.600363], [-73.961363, 40.600589], [-73.961185, 40.598312], [-73.963034, 40.598102], [-73.965477, 40.597834], [-73.965076, 40.595716], [-73.967376, 40.595461], [-73.967777, 40.59758], [-73.968201, 40.599835]]]}}, {"type": "Feature", "properties": {"unit_id": "36047042500", "name": "Census Tract 425 \u2014 Kings", "native_id": "36047042500", "source": "census_tract_2025", "adm3_name": "Kings County", "adm3_id": "36047", "area_sqm": 167847, "split": false}, "geometry": {"type": "Polygon", "coordinates": [[[-73.933523, 40.702849], [-73.932698, 40.703171], [-73.931155, 40.703773], [-73.929091, 40.70262], [-73.928339, 40.702192], [-73.927588, 40.701762], [-73.929035, 40.70029], [-73.930521, 40.698772], [-73.93235, 40.699814], [-73.933951, 40.702674], [-73.933523, 40.702849]]]}}, {"type": "Feature", "properties": {"unit_id": "36061031704", "name": "Census Tract 317.04 \u2014 New York", "native_id": "36061031704", "source": "census_tract_2025", "adm3_name": "New York County", "adm3_id": "36061", "area_sqm": 225042, "split": false}, "geometry": {"type": "Polygon", "coordinates": [[[-74.0191144338309, 40.707033], [-74.0187232661914, 40.7088961444442], [-74.0183839149578, 40.7105124856279], [-74.0180019219325, 40.7123319310798], [-74.017987221648, 40.7124019490226], [-74.014358, 40.711006], [-74.014697, 40.709779], [-74.014856, 40.709394], [-74.015513, 40.707707], [-74.016628, 40.704799], [-74.0177705118913, 40.7041480105187], [-74.0178301261051, 40.7042473060203], [-74.019215, 40.706554], [-74.0191144338309, 40.707033]]]}}, {"type": "Feature", "properties": {"unit_id": "36047017600", "name": "Census Tract 176 \u2014 Kings", "native_id": "36047017600", "source": "census_tract_2025", "adm3_name": "Kings County", "adm3_id": "36047", "area_sqm": 133636, "split": false}, "geometry": {"type": "Polygon", "coordinates": [[[-74.0111501538045, 40.6008692908663], [-74.010017, 40.60247], [-74.00978, 40.603861], [-74.008369, 40.605217], [-74.00691, 40.604338], [-74.006172, 40.603887], [-74.007459, 40.602645], [-74.006781, 40.602291], [-74.0090895587188, 40.5997148930513], [-74.0092483308248, 40.5998077564736], [-74.0092521610797, 40.5998099967322], [-74.0101134798061, 40.6003137691308], [-74.0105191091421, 40.6005510156428], [-74.010926, 40.600789], [-74.0111501538045, 40.6008692908663]]]}}, {"type": "Feature", "properties": {"unit_id": "36047050804", "name": "Census Tract 508.04 \u2014 Kings", "native_id": "36047050804", "source": "census_tract_2025", "adm3_name": "Kings County", "adm3_id": "36047", "area_sqm": 103103, "split": false}, "geometry": {"type": "Polygon", "coordinates": [[[-73.966213, 40.653189], [-73.9619, 40.654871], [-73.961759, 40.654071], [-73.961597, 40.653173], [-73.961407, 40.65217], [-73.96302, 40.651532], [-73.964355, 40.651005], [-73.964654, 40.650887], [-73.965242, 40.651742], [-73.965751, 40.6525], [-73.966213, 40.653189]]]}}, {"type": "Feature", "properties": {"unit_id": "36047022100", "name": "Census Tract 221 \u2014 Kings", "native_id": "36047022100", "source": "census_tract_2025", "adm3_name": "Kings County", "adm3_id": "36047", "area_sqm": 152080, "split": false}, "geometry": {"type": "Polygon", "coordinates": [[[-73.956386, 40.67505], [-73.956069, 40.675928], [-73.955749, 40.676807], [-73.955475, 40.677576], [-73.955309, 40.679273], [-73.953005, 40.678815], [-73.952678, 40.677027], [-73.952687, 40.676245], [-73.952768, 40.675355], [-73.952849, 40.674462], [-73.952937, 40.673571], [-73.953999, 40.673632], [-73.956703, 40.674171], [-73.956386, 40.67505]]]}}, {"type": "Feature", "properties": {"unit_id": "36047041402", "name": "Census Tract 414.02 \u2014 Kings", "native_id": "36047041402", "source": "census_tract_2025", "adm3_name": "Kings County", "adm3_id": "36047", "area_sqm": 154394, "split": false}, "geometry": {"type": "Polygon", "coordinates": [[[-73.970021, 40.604444], [-73.968219, 40.604937], [-73.966959, 40.605662], [-73.966357, 40.60248], [-73.965904, 40.60009], [-73.967273, 40.599939], [-73.968201, 40.599835], [-73.96913, 40.599733], [-73.969576, 40.602122], [-73.970021, 40.604444]]]}}, {"type": "Feature", "properties": {"unit_id": "36047014500", "name": "Census Tract 145 \u2014 Kings", "native_id": "36047014500", "source": "census_tract_2025", "adm3_name": "Kings County", "adm3_id": "36047", "area_sqm": 216626, "split": false}, "geometry": {"type": "Polygon", "coordinates": [[[-73.997534, 40.663834], [-73.996958, 40.664393], [-73.992838, 40.661909], [-73.990635, 40.660579], [-73.992383, 40.658899], [-73.992964, 40.658337], [-73.995169, 40.659669], [-73.997429, 40.661036], [-73.999301, 40.662157], [-73.997534, 40.663834]]]}}, {"type": "Feature", "properties": {"unit_id": "36047085800", "name": "Census Tract 858 \u2014 Kings", "native_id": "36047085800", "source": "census_tract_2025", "adm3_name": "Kings County", "adm3_id": "36047", "area_sqm": 138512, "split": false}, "geometry": {"type": "Polygon", "coordinates": [[[-73.942826, 40.65111], [-73.941891, 40.651169], [-73.940025, 40.651276], [-73.939051, 40.651326], [-73.938081, 40.651376], [-73.936175, 40.651469], [-73.935858, 40.648662], [-73.938749, 40.648971], [-73.938895, 40.64957], [-73.942631, 40.649339], [-73.942826, 40.65111]]]}}, {"type": "Feature", "properties": {"unit_id": "36047041000", "name": "Census Tract 410 \u2014 Kings", "native_id": "36047041000", "source": "census_tract_2025", "adm3_name": "Kings County", "adm3_id": "36047", "area_sqm": 142871, "split": false}, "geometry": {"type": "Polygon", "coordinates": [[[-73.977828, 40.603586], [-73.976902, 40.603687], [-73.975971, 40.603804], [-73.975543, 40.601465], [-73.974364, 40.601596], [-73.973408, 40.601702], [-73.972565, 40.601794], [-73.972911, 40.599315], [-73.973755, 40.599221], [-73.97601, 40.598979], [-73.976935, 40.59887], [-73.977828, 40.603586]]]}}, {"type": "Feature", "properties": {"unit_id": "36061015502", "name": "Census Tract 155.02 \u2014 New York", "native_id": "36061015502", "source": "census_tract_2025", "adm3_name": "New York County", "adm3_id": "36061", "area_sqm": 111294, "split": false}, "geometry": {"type": "Polygon", "coordinates": [[[-73.9974235585593, 40.7803203598929], [-73.9957877134895, 40.782571598015], [-73.98919, 40.779942], [-73.987094, 40.779164], [-73.985448, 40.778476], [-73.985713, 40.778112], [-73.986815, 40.776599], [-73.987241, 40.776017], [-73.98843, 40.776531], [-73.989201, 40.776859], [-73.990168, 40.777251], [-73.990914, 40.777542], [-73.990761, 40.777688], [-73.993869, 40.778097], [-73.9978192075965, 40.7797758705572], [-73.9974235585593, 40.7803203598929]]]}}, {"type": "Feature", "properties": {"unit_id": "36047042200", "name": "Census Tract 422 \u2014 Kings", "native_id": "36047042200", "source": "census_tract_2025", "adm3_name": "Kings County", "adm3_id": "36047", "area_sqm": 227277, "split": false}, "geometry": {"type": "Polygon", "coordinates": [[[-73.972994, 40.608814], [-73.96997, 40.60915], [-73.967668, 40.609404], [-73.967261, 40.607259], [-73.966959, 40.605662], [-73.968219, 40.604937], [-73.970021, 40.604444], [-73.970991, 40.604322], [-73.972178, 40.604195], [-73.97259, 40.606671], [-73.972994, 40.608814]]]}}, {"type": "Feature", "properties": {"unit_id": "36047079602", "name": "Census Tract 796.02 \u2014 Kings", "native_id": "36047079602", "source": "census_tract_2025", "adm3_name": "Kings County", "adm3_id": "36047", "area_sqm": 134996, "split": false}, "geometry": {"type": "Polygon", "coordinates": [[[-73.959696, 40.654839], [-73.9563, 40.655049], [-73.956164, 40.653777], [-73.95601, 40.652314], [-73.955907, 40.651369], [-73.955825, 40.65053], [-73.958707, 40.650387], [-73.958926, 40.651212], [-73.959329, 40.652928], [-73.959696, 40.654839]]]}}, {"type": "Feature", "properties": {"unit_id": "36047013100", "name": "Census Tract 131 \u2014 Kings", "native_id": "36047013100", "source": "census_tract_2025", "adm3_name": "Kings County", "adm3_id": "36047", "area_sqm": 156395, "split": false}, "geometry": {"type": "Polygon", "coordinates": [[[-73.982182, 40.678686], [-73.981755, 40.679317], [-73.981324, 40.679952], [-73.97956, 40.679287], [-73.978676, 40.679047], [-73.97618, 40.678065], [-73.976616, 40.677431], [-73.977102, 40.676707], [-73.97796, 40.675438], [-73.98046, 40.676413], [-73.983041, 40.677417], [-73.982182, 40.678686]]]}}, {"type": "Feature", "properties": {"unit_id": "36061027300", "name": "Census Tract 273 \u2014 New York", "native_id": "36061027300", "source": "census_tract_2025", "adm3_name": "New York County", "adm3_id": "36061", "area_sqm": 176924, "split": false}, "geometry": {"type": "Polygon", "coordinates": [[[-73.93954, 40.853486], [-73.938652, 40.854677], [-73.937953, 40.85557], [-73.935606, 40.858863], [-73.934088, 40.859382], [-73.934512, 40.858615], [-73.935602, 40.857109], [-73.936703, 40.855623], [-73.936879, 40.855136], [-73.936038, 40.854915], [-73.936286, 40.854267], [-73.936545, 40.852611], [-73.935716, 40.852339], [-73.936661, 40.850448], [-73.938284, 40.850909], [-73.939236, 40.851179], [-73.940285, 40.851322], [-73.93954, 40.853486]]]}}, {"type": "Feature", "properties": {"unit_id": "36047097400", "name": "Census Tract 974 \u2014 Kings", "native_id": "36047097400", "source": "census_tract_2025", "adm3_name": "Kings County", "adm3_id": "36047", "area_sqm": 252349, "split": false}, "geometry": {"type": "Polygon", "coordinates": [[[-73.903982, 40.646629], [-73.900892, 40.648641], [-73.897943, 40.650515], [-73.896345, 40.649027], [-73.897832, 40.64807], [-73.896162, 40.646571], [-73.897619, 40.64563], [-73.90067, 40.64366], [-73.90138, 40.644297], [-73.902313, 40.645134], [-73.903982, 40.646629]]]}}, {"type": "Feature", "properties": {"unit_id": "36061014500", "name": "Census Tract 145 \u2014 New York", "native_id": "36061014500", "source": "census_tract_2025", "adm3_name": "New York County", "adm3_id": "36061", "area_sqm": 177137, "split": false}, "geometry": {"type": "Polygon", "coordinates": [[[-73.987615, 40.770415], [-73.987146, 40.771054], [-73.986695, 40.771668], [-73.986238, 40.772299], [-73.983468, 40.771136], [-73.982147, 40.770574], [-73.980564, 40.769905], [-73.981023, 40.769272], [-73.981431, 40.767874], [-73.982147, 40.76773], [-73.98238, 40.7674], [-73.985218, 40.768595], [-73.988063, 40.769791], [-73.987615, 40.770415]]]}}, {"type": "Feature", "properties": {"unit_id": "36061008602", "name": "Census Tract 86.02 \u2014 New York", "native_id": "36061008602", "source": "census_tract_2025", "adm3_name": "New York County", "adm3_id": "36061", "area_sqm": 106507, "split": false}, "geometry": {"type": "Polygon", "coordinates": [[[-73.96932, 40.749517], [-73.968908, 40.750112], [-73.968427, 40.750764], [-73.967974, 40.751366], [-73.967698, 40.752041], [-73.967261, 40.75264], [-73.967227, 40.752688], [-73.965185, 40.751952], [-73.965055, 40.751813], [-73.964715, 40.751717], [-73.96156, 40.749458], [-73.961491, 40.749494], [-73.957732, 40.747775], [-73.958216, 40.747212], [-73.959725, 40.745261], [-73.960211, 40.744511], [-73.967697, 40.747866], [-73.969987, 40.748869], [-73.96932, 40.749517]]]}}, {"type": "Feature", "properties": {"unit_id": "36061023200", "name": "Census Tract 232 \u2014 New York", "native_id": "36061023200", "source": "census_tract_2025", "adm3_name": "New York County", "adm3_id": "36061", "area_sqm": 180488, "split": false}, "geometry": {"type": "Polygon", "coordinates": [[[-73.942411, 40.822164], [-73.941917, 40.822837], [-73.941426, 40.823507], [-73.938586, 40.82231], [-73.935745, 40.821106], [-73.936227, 40.820438], [-73.936721, 40.81977], [-73.937641, 40.818517], [-73.940477, 40.819721], [-73.943322, 40.820917], [-73.942411, 40.822164]]]}}, {"type": "Feature", "properties": {"unit_id": "36047019000", "name": "Census Tract 190 \u2014 Kings", "native_id": "36047019000", "source": "census_tract_2025", "adm3_name": "Kings County", "adm3_id": "36047", "area_sqm": 212934, "split": false}, "geometry": {"type": "Polygon", "coordinates": [[[-74.003436, 40.620696], [-74.002276, 40.621815], [-74.001202, 40.622843], [-74.00053, 40.62349], [-73.999321, 40.624656], [-73.997713, 40.62368], [-73.998295, 40.621619], [-73.998595, 40.620502], [-73.999036, 40.618946], [-73.999488, 40.617405], [-74.004019, 40.620136], [-74.003436, 40.620696]]]}}, {"type": "Feature", "properties": {"unit_id": "36047048400", "name": "Census Tract 484 \u2014 Kings", "native_id": "36047048400", "source": "census_tract_2025", "adm3_name": "Kings County", "adm3_id": "36047", "area_sqm": 209195, "split": false}, "geometry": {"type": "Polygon", "coordinates": [[[-73.976888, 40.635675], [-73.975962, 40.635779], [-73.974106, 40.635981], [-73.971361, 40.636286], [-73.970291, 40.636407], [-73.969869, 40.634194], [-73.972419, 40.632992], [-73.976049, 40.631276], [-73.976434, 40.633289], [-73.976888, 40.635675]]]}}, {"type": "Feature", "properties": {"unit_id": "36047028200", "name": "Census Tract 282 \u2014 Kings", "native_id": "36047028200", "source": "census_tract_2025", "adm3_name": "Kings County", "adm3_id": "36047", "area_sqm": 169389, "split": false}, "geometry": {"type": "Polygon", "coordinates": [[[-74.0075637777818, 40.5988224866763], [-74.00514, 40.601432], [-74.00263, 40.603847], [-74.001098, 40.603034], [-74.000324, 40.60262], [-74.001545, 40.601442], [-74.00283, 40.600204], [-74.00445, 40.598647], [-74.004948, 40.598172], [-74.0055043667902, 40.5976179680898], [-74.0075637777818, 40.5988224866763]]]}}, {"type": "Feature", "properties": {"unit_id": "36047047200", "name": "Census Tract 472 \u2014 Kings", "native_id": "36047047200", "source": "census_tract_2025", "adm3_name": "Kings County", "adm3_id": "36047", "area_sqm": 172804, "split": false}, "geometry": {"type": "Polygon", "coordinates": [[[-73.987259, 40.629355], [-73.986675, 40.629916], [-73.984204, 40.628448], [-73.983016, 40.627705], [-73.979818, 40.625774], [-73.980397, 40.625211], [-73.981566, 40.624095], [-73.983831, 40.625463], [-73.983264, 40.626035], [-73.985966, 40.626756], [-73.988428, 40.628231], [-73.987259, 40.629355]]]}}, {"type": "Feature", "properties": {"unit_id": "36061000500", "name": "Census Tract 5 \u2014 New York", "native_id": "36061000500", "source": "census_tract_2025", "adm3_name": "New York County", "adm3_id": "36061", "area_sqm": 843918, "split": false}, "geometry": {"type": "MultiPolygon", "coordinates": [[[[-74.0064144965104, 40.6887021444156], [-74.0054175790186, 40.6901568421252], [-74.0048835194936, 40.6909361394837], [-74.0044031676455, 40.6916370668312], [-74.0034518194388, 40.6930252700364], [-74.0024020737427, 40.6945570544343], [-74.000959, 40.694069], [-74.001744, 40.692407], [-74.001969, 40.691843], [-74.000699, 40.690612], [-74.001963, 40.690136], [-74.002993, 40.690427], [-74.003409, 40.689613], [-74.004593, 40.688215], [-74.00563, 40.686784], [-74.0073972783105, 40.6872680734462], [-74.0064144965104, 40.6887021444156]]], [[[-74.026288, 40.686317], [-74.0259168178744, 40.6867033290685], [-74.0198387221505, 40.6930294555106], [-74.0195, 40.693382], [-74.01546, 40.693382], [-74.012132, 40.690679], [-74.013429, 40.687953], [-74.016173, 40.687075], [-74.019858, 40.685579], [-74.024638, 40.683943], [-74.026302, 40.684844], [-74.026288, 40.686317]]]]}}, {"type": "Feature", "properties": {"unit_id": "36047042400", "name": "Census Tract 424 \u2014 Kings", "native_id": "36047042400", "source": "census_tract_2025", "adm3_name": "Kings County", "adm3_id": "36047", "area_sqm": 161035, "split": false}, "geometry": {"type": "Polygon", "coordinates": [[[-73.978699, 40.608188], [-73.977774, 40.608289], [-73.975919, 40.608495], [-73.974031, 40.608702], [-73.972994, 40.608814], [-73.97259, 40.606671], [-73.973621, 40.606557], [-73.974585, 40.606452], [-73.975511, 40.606351], [-73.976439, 40.606249], [-73.975971, 40.603804], [-73.976902, 40.603687], [-73.977828, 40.603586], [-73.978699, 40.608188]]]}}, {"type": "Feature", "properties": {"unit_id": "36047028400", "name": "Census Tract 284 \u2014 Kings", "native_id": "36047028400", "source": "census_tract_2025", "adm3_name": "Kings County", "adm3_id": "36047", "area_sqm": 164257, "split": false}, "geometry": {"type": "Polygon", "coordinates": [[[-74.00263, 40.603847], [-74.000457, 40.605934], [-73.999831, 40.606537], [-73.998667, 40.607657], [-73.998086, 40.608216], [-73.997503, 40.608775], [-73.995303, 40.607445], [-73.995882, 40.606886], [-73.996465, 40.606328], [-73.997044, 40.605769], [-73.998254, 40.604608], [-74.000022, 40.602907], [-74.000324, 40.60262], [-74.001098, 40.603034], [-74.00263, 40.603847]]]}}, {"type": "Feature", "properties": {"unit_id": "36047122000", "name": "Census Tract 1220 \u2014 Kings", "native_id": "36047122000", "source": "census_tract_2025", "adm3_name": "Kings County", "adm3_id": "36047", "area_sqm": 1090388, "split": false}, "geometry": {"type": "Polygon", "coordinates": [[[-73.870112, 40.668014], [-73.86833, 40.668728], [-73.86788, 40.666996], [-73.867518, 40.665473], [-73.862042, 40.666253], [-73.86242, 40.667783], [-73.862845, 40.669522], [-73.857282, 40.670312], [-73.856847, 40.668603], [-73.856425, 40.667033], [-73.856063, 40.665511], [-73.855685, 40.663867], [-73.85843, 40.663453], [-73.858025, 40.661721], [-73.857615, 40.660119], [-73.86036, 40.659646], [-73.863171, 40.658277], [-73.860676, 40.654868], [-73.863815, 40.656029], [-73.867181, 40.660452], [-73.868367, 40.662015], [-73.869485, 40.663546], [-73.871875, 40.666764], [-73.870112, 40.668014]]]}}, {"type": "Feature", "properties": {"unit_id": "36047042000", "name": "Census Tract 420 \u2014 Kings", "native_id": "36047042000", "source": "census_tract_2025", "adm3_name": "Kings County", "adm3_id": "36047", "area_sqm": 168650, "split": false}, "geometry": {"type": "Polygon", "coordinates": [[[-73.967668, 40.609404], [-73.965224, 40.609674], [-73.964296, 40.609777], [-73.964781, 40.612331], [-73.96286, 40.61255], [-73.96238, 40.609986], [-73.961886, 40.607336], [-73.963724, 40.606758], [-73.963891, 40.60763], [-73.967261, 40.607259], [-73.967668, 40.609404]]]}}, {"type": "Feature", "properties": {"unit_id": "36047004500", "name": "Census Tract 45 \u2014 Kings", "native_id": "36047004500", "source": "census_tract_2025", "adm3_name": "Kings County", "adm3_id": "36047", "area_sqm": 170539, "split": false}, "geometry": {"type": "Polygon", "coordinates": [[[-73.997562, 40.688], [-73.996874, 40.689433], [-73.996233, 40.690758], [-73.994361, 40.690239], [-73.992364, 40.68969], [-73.993005, 40.688364], [-73.993269, 40.687825], [-73.993338, 40.687679], [-73.99393, 40.686453], [-73.994091, 40.686114], [-73.994408, 40.685453], [-73.996358, 40.686096], [-73.998189, 40.6867], [-73.997562, 40.688]]]}}, {"type": "Feature", "properties": {"unit_id": "36061010802", "name": "Census Tract 108.02 \u2014 New York", "native_id": "36061010802", "source": "census_tract_2025", "adm3_name": "New York County", "adm3_id": "36061", "area_sqm": 57401, "split": false}, "geometry": {"type": "Polygon", "coordinates": [[[-73.965293, 40.759308], [-73.964314, 40.760599], [-73.963556, 40.760281], [-73.961966, 40.759619], [-73.962432, 40.758981], [-73.962925, 40.758309], [-73.963412, 40.757637], [-73.965783, 40.758632], [-73.965293, 40.759308]]]}}, {"type": "Feature", "properties": {"unit_id": "36047006000", "name": "Census Tract 60 \u2014 Kings", "native_id": "36047006000", "source": "census_tract_2025", "adm3_name": "Kings County", "adm3_id": "36047", "area_sqm": 152260, "split": false}, "geometry": {"type": "Polygon", "coordinates": [[[-74.034601, 40.622001], [-74.034323, 40.622683], [-74.034043, 40.623363], [-74.033742, 40.624099], [-74.02835, 40.622799], [-74.028924, 40.621404], [-74.029564, 40.619833], [-74.032195, 40.620688], [-74.034886, 40.62132], [-74.034601, 40.622001]]]}}, {"type": "Feature", "properties": {"unit_id": "36061022400", "name": "Census Tract 224 \u2014 New York", "native_id": "36061022400", "source": "census_tract_2025", "adm3_name": "New York County", "adm3_id": "36061", "area_sqm": 194691, "split": false}, "geometry": {"type": "Polygon", "coordinates": [[[-73.950216, 40.811478], [-73.949313, 40.812711], [-73.948419, 40.813938], [-73.945568, 40.812752], [-73.946031, 40.812119], [-73.943172, 40.810942], [-73.944083, 40.809693], [-73.944994, 40.808446], [-73.947839, 40.809641], [-73.95068, 40.810843], [-73.950216, 40.811478]]]}}, {"type": "Feature", "properties": {"unit_id": "36047005000", "name": "Census Tract 50 \u2014 Kings", "native_id": "36047005000", "source": "census_tract_2025", "adm3_name": "Kings County", "adm3_id": "36047", "area_sqm": 223992, "split": false}, "geometry": {"type": "Polygon", "coordinates": [[[-74.0416639653599, 40.62601449256], [-74.039109, 40.625372], [-74.036426, 40.624734], [-74.035789, 40.626285], [-74.033108, 40.625647], [-74.033389, 40.624968], [-74.033742, 40.624099], [-74.034043, 40.623363], [-74.034323, 40.622683], [-74.034601, 40.622001], [-74.037282, 40.622638], [-74.039961, 40.623276], [-74.0411942607624, 40.6224501727285], [-74.0416639653599, 40.62601449256]]]}}, {"type": "Feature", "properties": {"unit_id": "36047114400", "name": "Census Tract 1144 \u2014 Kings", "native_id": "36047114400", "source": "census_tract_2025", "adm3_name": "Kings County", "adm3_id": "36047", "area_sqm": 429912, "split": false}, "geometry": {"type": "Polygon", "coordinates": [[[-73.902535, 40.675884], [-73.900792, 40.676572], [-73.89999, 40.6769], [-73.899307, 40.673982], [-73.896509, 40.674397], [-73.895499, 40.674551], [-73.89367, 40.674822], [-73.893352, 40.673582], [-73.893028, 40.672315], [-73.892711, 40.671046], [-73.894556, 40.67077], [-73.895544, 40.670626], [-73.898341, 40.670212], [-73.901982, 40.66967], [-73.902289, 40.670936], [-73.903475, 40.675507], [-73.902535, 40.675884]]]}}, {"type": "Feature", "properties": {"unit_id": "36047070203", "name": "Census Tract 702.03 \u2014 Kings", "native_id": "36047070203", "source": "census_tract_2025", "adm3_name": "Kings County", "adm3_id": "36047", "area_sqm": 2814173, "split": false}, "geometry": {"type": "Polygon", "coordinates": [[[-73.892306, 40.620556], [-73.88239, 40.627542], [-73.873957, 40.633773], [-73.855021, 40.643098], [-73.854938, 40.64265], [-73.848338, 40.643521], [-73.837652, 40.63284], [-73.836238, 40.631111], [-73.833041, 40.628261], [-73.833422, 40.626782], [-73.834008, 40.614425], [-73.834283, 40.609186], [-73.834463, 40.607193], [-73.835876, 40.605637], [-73.842017, 40.598313], [-73.844437, 40.595855], [-73.84668, 40.593209], [-73.849852, 40.588669], [-73.854937, 40.585974], [-73.859492, 40.583938], [-73.866005, 40.581001], [-73.86751, 40.580229], [-73.869232, 40.579342], [-73.871418, 40.578535], [-73.884456, 40.60944], [-73.887051, 40.61632], [-73.892306, 40.620556]]]}}, {"type": "Feature", "properties": {"unit_id": "36047032800", "name": "Census Tract 328 \u2014 Kings", "native_id": "36047032800", "source": "census_tract_2025", "adm3_name": "Kings County", "adm3_id": "36047", "area_sqm": 232836, "split": false}, "geometry": {"type": "Polygon", "coordinates": [[[-74.003223, 40.576887], [-74.001105, 40.577121], [-74.000034, 40.577245], [-73.998992, 40.577383], [-73.995809, 40.577759], [-73.992638, 40.578118], [-73.992195, 40.575808], [-73.99538, 40.575451], [-73.997497, 40.575218], [-73.998556, 40.575101], [-74.000675, 40.574868], [-74.002796, 40.574637], [-74.003093, 40.576196], [-74.003223, 40.576887]]]}}, {"type": "Feature", "properties": {"unit_id": "36047004600", "name": "Census Tract 46 \u2014 Kings", "native_id": "36047004600", "source": "census_tract_2025", "adm3_name": "Kings County", "adm3_id": "36047", "area_sqm": 289094, "split": false}, "geometry": {"type": "Polygon", "coordinates": [[[-74.041712, 40.626379], [-74.0416591460589, 40.6265410488382], [-74.0408825342197, 40.6289221209707], [-74.037918, 40.628281], [-74.034938, 40.628375], [-74.032256, 40.627741], [-74.026856, 40.626459], [-74.027139, 40.625762], [-74.027153, 40.625727], [-74.029871, 40.626374], [-74.032555, 40.62701], [-74.033108, 40.625647], [-74.035789, 40.626285], [-74.036426, 40.624734], [-74.039109, 40.625372], [-74.0416639653599, 40.62601449256], [-74.0416815445562, 40.6261478910369], [-74.041712, 40.626379]]]}}, {"type": "Feature", "properties": {"unit_id": "36061015301", "name": "Census Tract 153.01 \u2014 New York", "native_id": "36061015301", "source": "census_tract_2025", "adm3_name": "New York County", "adm3_id": "36061", "area_sqm": 86794, "split": false}, "geometry": {"type": "Polygon", "coordinates": [[[-73.98066, 40.774852], [-73.980203, 40.775479], [-73.979746, 40.776106], [-73.976912, 40.774909], [-73.97737, 40.774281], [-73.977827, 40.773656], [-73.978728, 40.772417], [-73.981573, 40.773602], [-73.98066, 40.774852]]]}}, {"type": "Feature", "properties": {"unit_id": "36047028502", "name": "Census Tract 285.02 \u2014 Kings", "native_id": "36047028502", "source": "census_tract_2025", "adm3_name": "Kings County", "adm3_id": "36047", "area_sqm": 119859, "split": false}, "geometry": {"type": "Polygon", "coordinates": [[[-73.943949, 40.698222], [-73.938568, 40.698848], [-73.938177, 40.698641], [-73.937792, 40.69669], [-73.943526, 40.696031], [-73.943949, 40.698222]]]}}, {"type": "Feature", "properties": {"unit_id": "36061006300", "name": "Census Tract 63 \u2014 New York", "native_id": "36061006300", "source": "census_tract_2025", "adm3_name": "New York County", "adm3_id": "36061", "area_sqm": 178188, "split": false}, "geometry": {"type": "Polygon", "coordinates": [[[-73.999555, 40.733611], [-73.999188, 40.734134], [-73.998714, 40.734784], [-73.997805, 40.736032], [-73.997341, 40.736668], [-73.99684, 40.737361], [-73.993617, 40.736005], [-73.994585, 40.734672], [-73.995489, 40.733437], [-73.995914, 40.732847], [-73.996351, 40.732255], [-73.996974, 40.731409], [-74.000066, 40.732929], [-73.999555, 40.733611]]]}}, {"type": "Feature", "properties": {"unit_id": "36061012902", "name": "Census Tract 129.02 \u2014 New York", "native_id": "36061012902", "source": "census_tract_2025", "adm3_name": "New York County", "adm3_id": "36061", "area_sqm": 207689, "split": false}, "geometry": {"type": "Polygon", "coordinates": [[[-74.0046532544959, 40.7703911858298], [-74.000268, 40.768511], [-73.996933, 40.767139], [-73.996667, 40.76674], [-73.994631, 40.765881], [-73.991788, 40.764684], [-73.992701, 40.763431], [-73.993609, 40.762184], [-73.996457, 40.763376], [-73.998489, 40.764242], [-73.9989, 40.764594], [-74.00206, 40.765912], [-74.0065831801656, 40.7677481315547], [-74.0046532544959, 40.7703911858298]]]}}, {"type": "Feature", "properties": {"unit_id": "36047037402", "name": "Census Tract 374.02 \u2014 Kings", "native_id": "36047037402", "source": "census_tract_2025", "adm3_name": "Kings County", "adm3_id": "36047", "area_sqm": 301498, "split": false}, "geometry": {"type": "Polygon", "coordinates": [[[-73.97441, 40.585758], [-73.974217, 40.590111], [-73.971151, 40.590443], [-73.970224, 40.59054], [-73.969823, 40.588427], [-73.969423, 40.586307], [-73.969063, 40.584], [-73.970846, 40.58382], [-73.974638, 40.583114], [-73.97441, 40.585758]]]}}, {"type": "Feature", "properties": {"unit_id": "36061008400", "name": "Census Tract 84 \u2014 New York", "native_id": "36061008400", "source": "census_tract_2025", "adm3_name": "New York County", "adm3_id": "36061", "area_sqm": 173067, "split": false}, "geometry": {"type": "Polygon", "coordinates": [[[-73.985947, 40.752317], [-73.985043, 40.753554], [-73.984118, 40.754842], [-73.980888, 40.753481], [-73.981822, 40.752197], [-73.984076, 40.749102], [-73.987294, 40.750451], [-73.985947, 40.752317]]]}}, {"type": "Feature", "properties": {"unit_id": "36047002901", "name": "Census Tract 29.01 \u2014 Kings", "native_id": "36047002901", "source": "census_tract_2025", "adm3_name": "Kings County", "adm3_id": "36047", "area_sqm": 109261, "split": false}, "geometry": {"type": "Polygon", "coordinates": [[[-73.980388, 40.696507], [-73.978381, 40.696492], [-73.976443, 40.696371], [-73.976188, 40.695098], [-73.975987, 40.694089], [-73.975848, 40.693361], [-73.977827, 40.693438], [-73.979168, 40.693489], [-73.980139, 40.694683], [-73.980356, 40.696178], [-73.980388, 40.696507]]]}}, {"type": "Feature", "properties": {"unit_id": "36047009001", "name": "Census Tract 90.01 \u2014 Kings", "native_id": "36047009001", "source": "census_tract_2025", "adm3_name": "Kings County", "adm3_id": "36047", "area_sqm": 74547, "split": false}, "geometry": {"type": "Polygon", "coordinates": [[[-73.999516, 40.648611], [-73.998704, 40.649169], [-73.998276, 40.649734], [-73.996088, 40.648307], [-73.998466, 40.646159], [-74.000662, 40.647487], [-73.999516, 40.648611]]]}}, {"type": "Feature", "properties": {"unit_id": "36061012200", "name": "Census Tract 122 \u2014 New York", "native_id": "36061012200", "source": "census_tract_2025", "adm3_name": "New York County", "adm3_id": "36061", "area_sqm": 172615, "split": false}, "geometry": {"type": "Polygon", "coordinates": [[[-73.971189, 40.766767], [-73.969365, 40.769271], [-73.967994, 40.771147], [-73.966387, 40.770478], [-73.964782, 40.769796], [-73.966607, 40.767291], [-73.967974, 40.765413], [-73.969585, 40.766091], [-73.971189, 40.766767]]]}}, {"type": "Feature", "properties": {"unit_id": "36047014200", "name": "Census Tract 142 \u2014 Kings", "native_id": "36047014200", "source": "census_tract_2025", "adm3_name": "Kings County", "adm3_id": "36047", "area_sqm": 200223, "split": false}, "geometry": {"type": "Polygon", "coordinates": [[[-74.025345, 40.622859], [-74.02475, 40.624321], [-74.022389, 40.622896], [-74.021794, 40.624355], [-74.021194, 40.625816], [-74.019632, 40.624879], [-74.018879, 40.624303], [-74.019075, 40.623615], [-74.019705, 40.622185], [-74.020686, 40.621835], [-74.022933, 40.619502], [-74.024466, 40.620437], [-74.026214, 40.621491], [-74.025345, 40.622859]]]}}, {"type": "Feature", "properties": {"unit_id": "36047063600", "name": "Census Tract 636 \u2014 Kings", "native_id": "36047063600", "source": "census_tract_2025", "adm3_name": "Kings County", "adm3_id": "36047", "area_sqm": 114332, "split": false}, "geometry": {"type": "Polygon", "coordinates": [[[-73.939347, 40.610187], [-73.936438, 40.612069], [-73.934622, 40.610442], [-73.932801, 40.608805], [-73.933513, 40.608343], [-73.936046, 40.609515], [-73.937537, 40.608557], [-73.939347, 40.610187]]]}}, {"type": "Feature", "properties": {"unit_id": "36047028000", "name": "Census Tract 280 \u2014 Kings", "native_id": "36047028000", "source": "census_tract_2025", "adm3_name": "Kings County", "adm3_id": "36047", "area_sqm": 139723, "split": false}, "geometry": {"type": "Polygon", "coordinates": [[[-74.0090895587188, 40.5997148930513], [-74.006781, 40.602291], [-74.007459, 40.602645], [-74.006172, 40.603887], [-74.004934, 40.605075], [-74.00263, 40.603847], [-74.00514, 40.601432], [-74.0075637777818, 40.5988224866763], [-74.0077605685659, 40.598937586653], [-74.0089857952873, 40.5996542033773], [-74.0090895587188, 40.5997148930513]]]}}, {"type": "Feature", "properties": {"unit_id": "36061006400", "name": "Census Tract 64 \u2014 New York", "native_id": "36061006400", "source": "census_tract_2025", "adm3_name": "New York County", "adm3_id": "36061", "area_sqm": 179194, "split": false}, "geometry": {"type": "Polygon", "coordinates": [[[-73.984508, 40.736962], [-73.984082, 40.737546], [-73.983632, 40.738165], [-73.982665, 40.739497], [-73.980418, 40.73855], [-73.978052, 40.737554], [-73.978498, 40.736791], [-73.978909, 40.736164], [-73.979864, 40.734975], [-73.980275, 40.73441], [-73.982695, 40.735431], [-73.984934, 40.736376], [-73.984508, 40.736962]]]}}, {"type": "Feature", "properties": {"unit_id": "36061007500", "name": "Census Tract 75 \u2014 New York", "native_id": "36061007500", "source": "census_tract_2025", "adm3_name": "New York County", "adm3_id": "36061", "area_sqm": 165732, "split": false}, "geometry": {"type": "Polygon", "coordinates": [[[-74.019184431916, 40.7363661051085], [-74.010659, 40.736022], [-74.00993, 40.736004], [-74.008322, 40.736188], [-74.006621, 40.736432], [-74.005829, 40.736534], [-74.00596, 40.735845], [-74.006294, 40.733742], [-74.006407, 40.733054], [-74.007523, 40.732852], [-74.008634, 40.732643], [-74.010255, 40.732398], [-74.010997, 40.732321], [-74.0200622226958, 40.732759054194], [-74.019184431916, 40.7363661051085]]]}}, {"type": "Feature", "properties": {"unit_id": "36047152200", "name": "Census Tract 1522 \u2014 Kings", "native_id": "36047152200", "source": "census_tract_2025", "adm3_name": "Kings County", "adm3_id": "36047", "area_sqm": 389861, "split": false}, "geometry": {"type": "Polygon", "coordinates": [[[-73.970841, 40.646378], [-73.968428, 40.647335], [-73.967546, 40.647683], [-73.966665, 40.648029], [-73.964903, 40.648721], [-73.964535, 40.646819], [-73.965468, 40.64672], [-73.965012, 40.644302], [-73.964087, 40.644407], [-73.963557, 40.64161], [-73.96443, 40.641214], [-73.966174, 40.640431], [-73.968791, 40.639256], [-73.969484, 40.64169], [-73.970089, 40.643746], [-73.970774, 40.646111], [-73.970841, 40.646378]]]}}, {"type": "Feature", "properties": {"unit_id": "36061016002", "name": "Census Tract 160.02 \u2014 New York", "native_id": "36061016002", "source": "census_tract_2025", "adm3_name": "New York County", "adm3_id": "36061", "area_sqm": 51427, "split": false}, "geometry": {"type": "Polygon", "coordinates": [[[-73.955275, 40.788584], [-73.954817, 40.789205], [-73.951609, 40.787858], [-73.952058, 40.787222], [-73.952551, 40.786549], [-73.954163, 40.787227], [-73.955778, 40.787914], [-73.955275, 40.788584]]]}}, {"type": "Feature", "properties": {"unit_id": "36047016100", "name": "Census Tract 161 \u2014 Kings", "native_id": "36047016100", "source": "census_tract_2025", "adm3_name": "Kings County", "adm3_id": "36047", "area_sqm": 182397, "split": false}, "geometry": {"type": "Polygon", "coordinates": [[[-73.975321, 40.679333], [-73.974958, 40.679877], [-73.974692, 40.680266], [-73.974504, 40.680733], [-73.973952, 40.682281], [-73.97378, 40.683061], [-73.972324, 40.682768], [-73.971742, 40.682646], [-73.97064, 40.682414], [-73.970852, 40.68162], [-73.971394, 40.680083], [-73.97171, 40.679206], [-73.972027, 40.678328], [-73.972347, 40.677447], [-73.972445, 40.677162], [-73.971904, 40.676413], [-73.973687, 40.677078], [-73.97618, 40.678065], [-73.975321, 40.679333]]]}}, {"type": "Feature", "properties": {"unit_id": "36047110600", "name": "Census Tract 1106 \u2014 Kings", "native_id": "36047110600", "source": "census_tract_2025", "adm3_name": "Kings County", "adm3_id": "36047", "area_sqm": 171053, "split": false}, "geometry": {"type": "Polygon", "coordinates": [[[-73.887786, 40.657683], [-73.884582, 40.659061], [-73.882912, 40.659781], [-73.881826, 40.658308], [-73.880813, 40.656945], [-73.882511, 40.656213], [-73.885681, 40.65485], [-73.886689, 40.656205], [-73.887786, 40.657683]]]}}, {"type": "Feature", "properties": {"unit_id": "36047033100", "name": "Census Tract 331 \u2014 Kings", "native_id": "36047033100", "source": "census_tract_2025", "adm3_name": "Kings County", "adm3_id": "36047", "area_sqm": 142466, "split": false}, "geometry": {"type": "Polygon", "coordinates": [[[-73.948151, 40.665248], [-73.945381, 40.665099], [-73.942613, 40.664947], [-73.939845, 40.664794], [-73.937074, 40.664644], [-73.937264, 40.663192], [-73.940029, 40.663021], [-73.942829, 40.662847], [-73.942696, 40.664055], [-73.945463, 40.664226], [-73.948166, 40.664082], [-73.948151, 40.665248]]]}}, {"type": "Feature", "properties": {"unit_id": "36047053102", "name": "Census Tract 531.02 \u2014 Kings", "native_id": "36047053102", "source": "census_tract_2025", "adm3_name": "Kings County", "adm3_id": "36047", "area_sqm": 82944, "split": false}, "geometry": {"type": "Polygon", "coordinates": [[[-73.957167, 40.699708], [-73.953819, 40.700108], [-73.95446, 40.700816], [-73.952551, 40.702051], [-73.951921, 40.701487], [-73.951288, 40.700922], [-73.950756, 40.700445], [-73.950091, 40.699791], [-73.95337, 40.699405], [-73.95702, 40.698974], [-73.957167, 40.699708]]]}}, {"type": "Feature", "properties": {"unit_id": "36047034700", "name": "Census Tract 347 \u2014 Kings", "native_id": "36047034700", "source": "census_tract_2025", "adm3_name": "Kings County", "adm3_id": "36047", "area_sqm": 139778, "split": false}, "geometry": {"type": "Polygon", "coordinates": [[[-73.930785, 40.672363], [-73.930697, 40.673257], [-73.930615, 40.674147], [-73.925082, 40.673844], [-73.925161, 40.672954], [-73.925245, 40.672062], [-73.925328, 40.671169], [-73.928098, 40.671321], [-73.930868, 40.671474], [-73.930785, 40.672363]]]}}, {"type": "Feature", "properties": {"unit_id": "36047015400", "name": "Census Tract 154 \u2014 Kings", "native_id": "36047015400", "source": "census_tract_2025", "adm3_name": "Kings County", "adm3_id": "36047", "area_sqm": 922940, "split": false}, "geometry": {"type": "Polygon", "coordinates": [[[-74.022789, 40.614596], [-74.022161, 40.616169], [-74.021216, 40.618472], [-74.020526, 40.618058], [-74.018316, 40.616722], [-74.016118, 40.615384], [-74.013926, 40.614064], [-74.011712, 40.612735], [-74.015224, 40.609357], [-74.017019, 40.607655], [-74.015499, 40.606842], [-74.0189841966658, 40.6027675090177], [-74.0191352237537, 40.6028523682972], [-74.0213, 40.604363], [-74.020635, 40.6059], [-74.022396, 40.606978], [-74.021502, 40.607828], [-74.024775, 40.609676], [-74.022789, 40.614596]]]}}, {"type": "Feature", "properties": {"unit_id": "36047150200", "name": "Census Tract 1502 \u2014 Kings", "native_id": "36047150200", "source": "census_tract_2025", "adm3_name": "Kings County", "adm3_id": "36047", "area_sqm": 319296, "split": false}, "geometry": {"type": "Polygon", "coordinates": [[[-73.98784, 40.659816], [-73.987296, 40.660442], [-73.985071, 40.659029], [-73.980653, 40.656381], [-73.978469, 40.655037], [-73.978039, 40.654747], [-73.977333, 40.653043], [-73.976347, 40.65122], [-73.978716, 40.650292], [-73.980712, 40.649524], [-73.98111, 40.651592], [-73.981453, 40.653416], [-73.981796, 40.655246], [-73.986228, 40.657921], [-73.988428, 40.65925], [-73.98784, 40.659816]]]}}, {"type": "Feature", "properties": {"unit_id": "36047054900", "name": "Census Tract 549 \u2014 Kings", "native_id": "36047054900", "source": "census_tract_2025", "adm3_name": "Kings County", "adm3_id": "36047", "area_sqm": 195442, "split": false}, "geometry": {"type": "Polygon", "coordinates": [[[-73.96905, 40.712482], [-73.968861, 40.71265], [-73.968469, 40.712999], [-73.967416, 40.7133], [-73.964462, 40.712459], [-73.962942, 40.711905], [-73.961421, 40.711349], [-73.961962, 40.710488], [-73.962035, 40.710362], [-73.962292, 40.709921], [-73.962414, 40.709352], [-73.968524, 40.710046], [-73.969612, 40.71016], [-73.96905, 40.712482]]]}}, {"type": "Feature", "properties": {"unit_id": "36047033500", "name": "Census Tract 335 \u2014 Kings", "native_id": "36047033500", "source": "census_tract_2025", "adm3_name": "Kings County", "adm3_id": "36047", "area_sqm": 180682, "split": false}, "geometry": {"type": "Polygon", "coordinates": [[[-73.947899, 40.667922], [-73.947818, 40.668784], [-73.942285, 40.668461], [-73.939515, 40.668296], [-73.936749, 40.668128], [-73.936825, 40.667317], [-73.936907, 40.666426], [-73.939676, 40.666578], [-73.942444, 40.666727], [-73.947984, 40.667031], [-73.947899, 40.667922]]]}}, {"type": "Feature", "properties": {"unit_id": "36047032100", "name": "Census Tract 321 \u2014 Kings", "native_id": "36047032100", "source": "census_tract_2025", "adm3_name": "Kings County", "adm3_id": "36047", "area_sqm": 160095, "split": false}, "geometry": {"type": "Polygon", "coordinates": [[[-73.95369, 40.665549], [-73.953606, 40.66644], [-73.953521, 40.667333], [-73.953439, 40.668224], [-73.95327, 40.670007], [-73.950502, 40.669856], [-73.950668, 40.668072], [-73.950835, 40.666289], [-73.950919, 40.6654], [-73.950974, 40.663905], [-73.953849, 40.663728], [-73.95369, 40.665549]]]}}, {"type": "Feature", "properties": {"unit_id": "36047049301", "name": "Census Tract 493.01 \u2014 Kings", "native_id": "36047049301", "source": "census_tract_2025", "adm3_name": "Kings County", "adm3_id": "36047", "area_sqm": 67820, "split": false}, "geometry": {"type": "Polygon", "coordinates": [[[-73.943788, 40.710901], [-73.942105, 40.71106], [-73.940423, 40.711218], [-73.940076, 40.709102], [-73.94344, 40.708781], [-73.943788, 40.710901]]]}}, {"type": "Feature", "properties": {"unit_id": "36061006900", "name": "Census Tract 69 \u2014 New York", "native_id": "36061006900", "source": "census_tract_2025", "adm3_name": "New York County", "adm3_id": "36061", "area_sqm": 220486, "split": false}, "geometry": {"type": "Polygon", "coordinates": [[[-74.0206385265314, 40.7303908847794], [-74.0200622226958, 40.732759054194], [-74.010997, 40.732321], [-74.010255, 40.732398], [-74.008634, 40.732643], [-74.007523, 40.732852], [-74.006407, 40.733054], [-74.006624, 40.731669], [-74.006857, 40.730228], [-74.006973, 40.729495], [-74.00709, 40.728772], [-74.010544, 40.7291], [-74.011376, 40.728233], [-74.014886, 40.728495], [-74.020968, 40.729037], [-74.0206385265314, 40.7303908847794]]]}}, {"type": "Feature", "properties": {"unit_id": "36047026700", "name": "Census Tract 267 \u2014 Kings", "native_id": "36047026700", "source": "census_tract_2025", "adm3_name": "Kings County", "adm3_id": "36047", "area_sqm": 159563, "split": false}, "geometry": {"type": "Polygon", "coordinates": [[[-73.947165, 40.685113], [-73.941494, 40.685764], [-73.941348, 40.685031], [-73.941204, 40.6843], [-73.941058, 40.683567], [-73.940914, 40.682833], [-73.943745, 40.682508], [-73.94658, 40.682181], [-73.946727, 40.682914], [-73.946873, 40.683646], [-73.947017, 40.68438], [-73.947165, 40.685113]]]}}, {"type": "Feature", "properties": {"unit_id": "36047007400", "name": "Census Tract 74 \u2014 Kings", "native_id": "36047007400", "source": "census_tract_2025", "adm3_name": "Kings County", "adm3_id": "36047", "area_sqm": 141287, "split": false}, "geometry": {"type": "Polygon", "coordinates": [[[-74.019011, 40.643165], [-74.017926, 40.644233], [-74.017877, 40.644201], [-74.01607, 40.643109], [-74.013814, 40.641745], [-74.01498, 40.640626], [-74.016167, 40.639483], [-74.018422, 40.640846], [-74.020212, 40.641981], [-74.019011, 40.643165]]]}}, {"type": "Feature", "properties": {"unit_id": "36047034200", "name": "Census Tract 342 \u2014 Kings", "native_id": "36047034200", "source": "census_tract_2025", "adm3_name": "Kings County", "adm3_id": "36047", "area_sqm": 229959, "split": false}, "geometry": {"type": "Polygon", "coordinates": [[[-74.002796, 40.574637], [-74.000675, 40.574868], [-73.998556, 40.575101], [-73.997497, 40.575218], [-73.99538, 40.575451], [-73.992195, 40.575808], [-73.991743, 40.57343], [-73.992773, 40.573198], [-73.994904, 40.572873], [-73.997044, 40.572751], [-73.998088, 40.572752], [-74.00031, 40.572933], [-74.002548, 40.573327], [-74.002796, 40.574637]]]}}, {"type": "Feature", "properties": {"unit_id": "36047031402", "name": "Census Tract 314.02 \u2014 Kings", "native_id": "36047031402", "source": "census_tract_2025", "adm3_name": "Kings County", "adm3_id": "36047", "area_sqm": 385464, "split": false}, "geometry": {"type": "Polygon", "coordinates": [[[-73.9985037178365, 40.5854717641678], [-73.992523, 40.587984], [-73.992223, 40.587454], [-73.98915, 40.58467], [-73.988358, 40.583475], [-73.989545, 40.581933], [-73.990006, 40.580676], [-73.988237, 40.579704], [-73.990679, 40.58006], [-73.9983681730562, 40.5818456520627], [-73.998272, 40.581871], [-73.9982079266308, 40.5826532583869], [-73.998181, 40.582982], [-73.999347, 40.584552], [-73.9985037178365, 40.5854717641678]]]}}, {"type": "Feature", "properties": {"unit_id": "36047033300", "name": "Census Tract 333 \u2014 Kings", "native_id": "36047033300", "source": "census_tract_2025", "adm3_name": "Kings County", "adm3_id": "36047", "area_sqm": 186336, "split": false}, "geometry": {"type": "Polygon", "coordinates": [[[-73.948067, 40.666139], [-73.947984, 40.667031], [-73.942444, 40.666727], [-73.939676, 40.666578], [-73.936907, 40.666426], [-73.936984, 40.665536], [-73.937074, 40.664644], [-73.939845, 40.664794], [-73.942613, 40.664947], [-73.945381, 40.665099], [-73.948151, 40.665248], [-73.948067, 40.666139]]]}}, {"type": "Feature", "properties": {"unit_id": "36061017700", "name": "Census Tract 177 \u2014 New York", "native_id": "36061017700", "source": "census_tract_2025", "adm3_name": "New York County", "adm3_id": "36061", "area_sqm": 174558, "split": false}, "geometry": {"type": "Polygon", "coordinates": [[[-73.973147, 40.790244], [-73.972233, 40.791498], [-73.971773, 40.792127], [-73.971316, 40.792753], [-73.968793, 40.791699], [-73.968466, 40.791562], [-73.965632, 40.790365], [-73.966094, 40.789734], [-73.966552, 40.789108], [-73.96745, 40.787861], [-73.96808, 40.788125], [-73.970299, 40.789053], [-73.972458, 40.789955], [-73.973147, 40.790244]]]}}, {"type": "Feature", "properties": {"unit_id": "36047086600", "name": "Census Tract 866 \u2014 Kings", "native_id": "36047086600", "source": "census_tract_2025", "adm3_name": "Kings County", "adm3_id": "36047", "area_sqm": 156523, "split": false}, "geometry": {"type": "Polygon", "coordinates": [[[-73.928193, 40.660177], [-73.926464, 40.659814], [-73.924643, 40.658183], [-73.924654, 40.657007], [-73.92609, 40.656921], [-73.925953, 40.655632], [-73.92561, 40.652446], [-73.926547, 40.652392], [-73.927514, 40.652318], [-73.927694, 40.653985], [-73.927856, 40.655516], [-73.927995, 40.656802], [-73.928172, 40.658478], [-73.928193, 40.660177]]]}}, {"type": "Feature", "properties": {"unit_id": "36061000100", "name": "Census Tract 1 \u2014 New York", "native_id": "36061000100", "source": "census_tract_2025", "adm3_name": "New York County", "adm3_id": "36061", "area_sqm": 76389, "split": false}, "geometry": {"type": "MultiPolygon", "coordinates": [[[[-74.039944, 40.70082], [-74.037615, 40.69921], [-74.038997, 40.697619], [-74.042196, 40.699966], [-74.039944, 40.70082]]], [[[-74.047083, 40.691062], [-74.04583, 40.691291], [-74.043577, 40.690305], [-74.043247, 40.689338], [-74.044451, 40.688445], [-74.045733, 40.688605], [-74.04741, 40.690232], [-74.047083, 40.691062]]]]}}, {"type": "Feature", "properties": {"unit_id": "36061000700", "name": "Census Tract 7 \u2014 New York", "native_id": "36061000700", "source": "census_tract_2025", "adm3_name": "New York County", "adm3_id": "36061", "area_sqm": 253229, "split": false}, "geometry": {"type": "MultiPolygon", "coordinates": [[[[-73.9986442072213, 40.700040517075], [-73.998459260799, 40.7003103900978], [-73.9975, 40.699653], [-73.998032, 40.698762], [-73.9992328093949, 40.6991816313187], [-73.9986442072213, 40.700040517075]]], [[[-74.012508, 40.706767], [-74.011012, 40.708594], [-74.010542, 40.709154], [-74.009371, 40.708614], [-74.008269, 40.707722], [-74.007459, 40.707219], [-74.006781, 40.706724], [-74.004749, 40.705232], [-74.0042842832932, 40.7044085700223], [-74.007732598465, 40.7028077915155], [-74.00798, 40.703189], [-74.008986, 40.704079], [-74.009984, 40.705148], [-74.009866, 40.705797], [-74.01119, 40.706278], [-74.012508, 40.706767]]]]}}, {"type": "Feature", "properties": {"unit_id": "36047094402", "name": "Census Tract 944.02 \u2014 Kings", "native_id": "36047094402", "source": "census_tract_2025", "adm3_name": "Kings County", "adm3_id": "36047", "area_sqm": 106859, "split": false}, "geometry": {"type": "Polygon", "coordinates": [[[-73.922832, 40.635543], [-73.921017, 40.636528], [-73.920119, 40.636988], [-73.919172, 40.63747], [-73.918852, 40.634483], [-73.920683, 40.63333], [-73.922587, 40.633209], [-73.922832, 40.635543]]]}}, {"type": "Feature", "properties": {"unit_id": "36047018400", "name": "Census Tract 184 \u2014 Kings", "native_id": "36047018400", "source": "census_tract_2025", "adm3_name": "Kings County", "adm3_id": "36047", "area_sqm": 149139, "split": false}, "geometry": {"type": "Polygon", "coordinates": [[[-74.009341, 40.615015], [-74.008177, 40.616133], [-74.005979, 40.614804], [-74.003778, 40.613475], [-74.004359, 40.612917], [-74.004942, 40.612356], [-74.006014, 40.611325], [-74.008304, 40.612568], [-74.010504, 40.613897], [-74.009341, 40.615015]]]}}, {"type": "Feature", "properties": {"unit_id": "36061008000", "name": "Census Tract 80 \u2014 New York", "native_id": "36061008000", "source": "census_tract_2025", "adm3_name": "New York County", "adm3_id": "36061", "area_sqm": 172626, "split": false}, "geometry": {"type": "Polygon", "coordinates": [[[-73.979954, 40.748985], [-73.978607, 40.750842], [-73.977677, 40.752119], [-73.976048, 40.751441], [-73.974449, 40.750766], [-73.975835, 40.748863], [-73.976288, 40.748245], [-73.977188, 40.74701], [-73.977636, 40.746392], [-73.979238, 40.747068], [-73.980853, 40.747751], [-73.979954, 40.748985]]]}}, {"type": "Feature", "properties": {"unit_id": "36047040000", "name": "Census Tract 400 \u2014 Kings", "native_id": "36047040000", "source": "census_tract_2025", "adm3_name": "Kings County", "adm3_id": "36047", "area_sqm": 192000, "split": false}, "geometry": {"type": "Polygon", "coordinates": [[[-73.980784, 40.598447], [-73.979858, 40.598548], [-73.978929, 40.598653], [-73.977933, 40.598762], [-73.976935, 40.59887], [-73.97601, 40.598979], [-73.973755, 40.599221], [-73.972911, 40.599315], [-73.971911, 40.599423], [-73.97163, 40.597944], [-73.971484, 40.597172], [-73.974083, 40.596883], [-73.975588, 40.596719], [-73.97651, 40.596616], [-73.977507, 40.596506], [-73.980358, 40.596192], [-73.980784, 40.598447]]]}}, {"type": "Feature", "properties": {"unit_id": "36047081400", "name": "Census Tract 814 \u2014 Kings", "native_id": "36047081400", "source": "census_tract_2025", "adm3_name": "Kings County", "adm3_id": "36047", "area_sqm": 170174, "split": false}, "geometry": {"type": "Polygon", "coordinates": [[[-73.942401, 40.655885], [-73.940532, 40.656002], [-73.938593, 40.656123], [-73.938454, 40.654858], [-73.93829, 40.653327], [-73.938081, 40.651376], [-73.939051, 40.651326], [-73.940025, 40.651276], [-73.941891, 40.651169], [-73.942098, 40.653091], [-73.942401, 40.655885]]]}}, {"type": "Feature", "properties": {"unit_id": "36047054600", "name": "Census Tract 546 \u2014 Kings", "native_id": "36047054600", "source": "census_tract_2025", "adm3_name": "Kings County", "adm3_id": "36047", "area_sqm": 180669, "split": false}, "geometry": {"type": "Polygon", "coordinates": [[[-73.955786, 40.616036], [-73.954587, 40.616169], [-73.953553, 40.616281], [-73.953046, 40.61362], [-73.95212, 40.613721], [-73.950265, 40.613924], [-73.949784, 40.611372], [-73.950706, 40.61125], [-73.952577, 40.611037], [-73.954796, 40.61082], [-73.955283, 40.613375], [-73.955786, 40.616036]]]}}, {"type": "Feature", "properties": {"unit_id": "36047100400", "name": "Census Tract 1004 \u2014 Kings", "native_id": "36047100400", "source": "census_tract_2025", "adm3_name": "Kings County", "adm3_id": "36047", "area_sqm": 132054, "split": false}, "geometry": {"type": "Polygon", "coordinates": [[[-73.907351, 40.630831], [-73.904149, 40.632952], [-73.90233, 40.63132], [-73.900513, 40.629688], [-73.902388, 40.628599], [-73.90652, 40.630458], [-73.907351, 40.630831]]]}}, {"type": "Feature", "properties": {"unit_id": "36047051602", "name": "Census Tract 516.02 \u2014 Kings", "native_id": "36047051602", "source": "census_tract_2025", "adm3_name": "Kings County", "adm3_id": "36047", "area_sqm": 91134, "split": false}, "geometry": {"type": "Polygon", "coordinates": [[[-73.959727, 40.643332], [-73.958753, 40.643772], [-73.957919, 40.644143], [-73.957637, 40.642689], [-73.955638, 40.640504], [-73.957125, 40.640169], [-73.958003, 40.639761], [-73.958966, 40.639305], [-73.959377, 40.641471], [-73.959727, 40.643332]]]}}, {"type": "Feature", "properties": {"unit_id": "36047037900", "name": "Census Tract 379 \u2014 Kings", "native_id": "36047037900", "source": "census_tract_2025", "adm3_name": "Kings County", "adm3_id": "36047", "area_sqm": 183760, "split": false}, "geometry": {"type": "Polygon", "coordinates": [[[-73.922545, 40.681936], [-73.917122, 40.682568], [-73.916977, 40.681834], [-73.916831, 40.681101], [-73.916687, 40.680371], [-73.91654, 40.679637], [-73.916393, 40.678906], [-73.916301, 40.678577], [-73.921646, 40.67887], [-73.922132, 40.679745], [-73.922427, 40.681211], [-73.922545, 40.681936]]]}}, {"type": "Feature", "properties": {"unit_id": "36047035602", "name": "Census Tract 356.02 \u2014 Kings", "native_id": "36047035602", "source": "census_tract_2025", "adm3_name": "Kings County", "adm3_id": "36047", "area_sqm": 170769, "split": false}, "geometry": {"type": "Polygon", "coordinates": [[[-73.972818, 40.576699], [-73.972123, 40.578889], [-73.971834, 40.579805], [-73.971058, 40.579781], [-73.969133, 40.580048], [-73.967602, 40.580362], [-73.968074, 40.578313], [-73.968535, 40.576291], [-73.968868, 40.575236], [-73.96992, 40.575583], [-73.970781, 40.575788], [-73.973028, 40.57605], [-73.972818, 40.576699]]]}}, {"type": "Feature", "properties": {"unit_id": "36047012801", "name": "Census Tract 128.01 \u2014 Kings", "native_id": "36047012801", "source": "census_tract_2025", "adm3_name": "Kings County", "adm3_id": "36047", "area_sqm": 114974, "split": false}, "geometry": {"type": "Polygon", "coordinates": [[[-74.015139, 40.633217], [-74.010004, 40.630113], [-74.011428, 40.629162], [-74.012142, 40.628684], [-74.014903, 40.630353], [-74.016048, 40.631033], [-74.015139, 40.633217]]]}}, {"type": "Feature", "properties": {"unit_id": "36047030200", "name": "Census Tract 302 \u2014 Kings", "native_id": "36047030200", "source": "census_tract_2025", "adm3_name": "Kings County", "adm3_id": "36047", "area_sqm": 211197, "split": false}, "geometry": {"type": "Polygon", "coordinates": [[[-73.993363, 40.598889], [-73.991906, 40.598004], [-73.990421, 40.597104], [-73.988964, 40.596223], [-73.988223, 40.595776], [-73.987505, 40.595342], [-73.986019, 40.594446], [-73.987988, 40.592553], [-73.99019, 40.593882], [-73.992389, 40.595211], [-73.995225, 40.597093], [-73.993363, 40.598889]]]}}, {"type": "Feature", "properties": {"unit_id": "36047038600", "name": "Census Tract 386 \u2014 Kings", "native_id": "36047038600", "source": "census_tract_2025", "adm3_name": "Kings County", "adm3_id": "36047", "area_sqm": 251188, "split": false}, "geometry": {"type": "Polygon", "coordinates": [[[-73.979955, 40.594074], [-73.977104, 40.594389], [-73.976107, 40.5945], [-73.975407, 40.594122], [-73.971782, 40.593756], [-73.971555, 40.59256], [-73.971151, 40.590443], [-73.974217, 40.590111], [-73.975571, 40.589948], [-73.977695, 40.592179], [-73.978764, 40.592825], [-73.980711, 40.593997], [-73.979955, 40.594074]]]}}, {"type": "Feature", "properties": {"unit_id": "36047010000", "name": "Census Tract 100 \u2014 Kings", "native_id": "36047010000", "source": "census_tract_2025", "adm3_name": "Kings County", "adm3_id": "36047", "area_sqm": 150970, "split": false}, "geometry": {"type": "Polygon", "coordinates": [[[-74.012649, 40.642866], [-74.011484, 40.643986], [-74.009281, 40.642657], [-74.007079, 40.641325], [-74.008242, 40.640205], [-74.009409, 40.639085], [-74.011611, 40.640416], [-74.013814, 40.641745], [-74.012649, 40.642866]]]}}, {"type": "Feature", "properties": {"unit_id": "36061023600", "name": "Census Tract 236 \u2014 New York", "native_id": "36061023600", "source": "census_tract_2025", "adm3_name": "New York County", "adm3_id": "36061", "area_sqm": 263164, "split": false}, "geometry": {"type": "Polygon", "coordinates": [[[-73.939602, 40.826002], [-73.937271, 40.829154], [-73.934837, 40.828032], [-73.934555, 40.828047], [-73.933059, 40.828156], [-73.932327, 40.819503], [-73.933823, 40.819491], [-73.934475, 40.819697], [-73.936227, 40.820438], [-73.935745, 40.821106], [-73.935335, 40.821749], [-73.938129, 40.822934], [-73.937673, 40.823566], [-73.93722, 40.824188], [-73.936787, 40.824811], [-73.939351, 40.825898], [-73.939602, 40.826002]]]}}, {"type": "Feature", "properties": {"unit_id": "36061014200", "name": "Census Tract 142 \u2014 New York", "native_id": "36061014200", "source": "census_tract_2025", "adm3_name": "New York County", "adm3_id": "36061", "area_sqm": 178985, "split": false}, "geometry": {"type": "Polygon", "coordinates": [[[-73.963729, 40.776994], [-73.96323, 40.777677], [-73.962303, 40.778947], [-73.961361, 40.780241], [-73.959774, 40.779542], [-73.958165, 40.778861], [-73.95909, 40.777592], [-73.960515, 40.775642], [-73.961475, 40.774324], [-73.963087, 40.775003], [-73.964687, 40.775677], [-73.963729, 40.776994]]]}}, {"type": "Feature", "properties": {"unit_id": "36047005601", "name": "Census Tract 56.01 \u2014 Kings", "native_id": "36047005601", "source": "census_tract_2025", "adm3_name": "Kings County", "adm3_id": "36047", "area_sqm": 173443, "split": false}, "geometry": {"type": "Polygon", "coordinates": [[[-74.0403023874585, 40.6156822557829], [-74.038364, 40.616513], [-74.037975, 40.615859], [-74.035682, 40.616671], [-74.035925, 40.617055], [-74.033866, 40.616594], [-74.031515, 40.61533], [-74.031947, 40.614815], [-74.032637, 40.61401], [-74.034579, 40.61486], [-74.037068, 40.613819], [-74.0387394203901, 40.6132487836811], [-74.040191, 40.614837], [-74.0403023874585, 40.6156822557829]]]}}, {"type": "Feature", "properties": {"unit_id": "36047045800", "name": "Census Tract 458 \u2014 Kings", "native_id": "36047045800", "source": "census_tract_2025", "adm3_name": "Kings County", "adm3_id": "36047", "area_sqm": 179391, "split": false}, "geometry": {"type": "Polygon", "coordinates": [[[-73.971374, 40.628966], [-73.968929, 40.629231], [-73.968478, 40.626841], [-73.967553, 40.626944], [-73.966645, 40.622163], [-73.968645, 40.621942], [-73.969098, 40.624333], [-73.970474, 40.624182], [-73.970922, 40.62657], [-73.971208, 40.62809], [-73.971374, 40.628966]]]}}, {"type": "Feature", "properties": {"unit_id": "36061013603", "name": "Census Tract 136.03 \u2014 New York", "native_id": "36061013603", "source": "census_tract_2025", "adm3_name": "New York County", "adm3_id": "36061", "area_sqm": 53825, "split": false}, "geometry": {"type": "Polygon", "coordinates": [[[-73.952186, 40.77302], [-73.951723, 40.773657], [-73.951261, 40.774292], [-73.94901, 40.773342], [-73.949476, 40.772708], [-73.949937, 40.772073], [-73.950435, 40.771391], [-73.952686, 40.77234], [-73.952186, 40.77302]]]}}, {"type": "Feature", "properties": {"unit_id": "36047088001", "name": "Census Tract 880.01 \u2014 Kings", "native_id": "36047088001", "source": "census_tract_2025", "adm3_name": "Kings County", "adm3_id": "36047", "area_sqm": 81426, "split": false}, "geometry": {"type": "Polygon", "coordinates": [[[-73.934553, 40.663362], [-73.931607, 40.663557], [-73.931406, 40.661331], [-73.931325, 40.660594], [-73.934231, 40.660415], [-73.934316, 40.661148], [-73.934553, 40.663362]]]}}, {"type": "Feature", "properties": {"unit_id": "36047119600", "name": "Census Tract 1196 \u2014 Kings", "native_id": "36047119600", "source": "census_tract_2025", "adm3_name": "Kings County", "adm3_id": "36047", "area_sqm": 306450, "split": false}, "geometry": {"type": "Polygon", "coordinates": [[[-73.876565, 40.68018], [-73.875177, 40.68008], [-73.872587, 40.677866], [-73.871307, 40.676805], [-73.870387, 40.676939], [-73.870073, 40.675671], [-73.869752, 40.674404], [-73.869447, 40.673143], [-73.870367, 40.673011], [-73.871303, 40.672858], [-73.874624, 40.672389], [-73.874957, 40.673651], [-73.875275, 40.674918], [-73.875588, 40.676189], [-73.875896, 40.67743], [-73.876565, 40.68018]]]}}, {"type": "Feature", "properties": {"unit_id": "36047060000", "name": "Census Tract 600 \u2014 Kings", "native_id": "36047060000", "source": "census_tract_2025", "adm3_name": "Kings County", "adm3_id": "36047", "area_sqm": 439917, "split": false}, "geometry": {"type": "Polygon", "coordinates": [[[-73.952454, 40.588173], [-73.951493, 40.588279], [-73.949345, 40.588514], [-73.948313, 40.588628], [-73.946459, 40.58883], [-73.94457, 40.589041], [-73.943609, 40.589147], [-73.941754, 40.589349], [-73.939796, 40.589565], [-73.939369, 40.58731], [-73.939139, 40.585983], [-73.94106, 40.585661], [-73.943866, 40.585298], [-73.946692, 40.585073], [-73.947636, 40.584999], [-73.94987, 40.584856], [-73.951238, 40.584925], [-73.951889, 40.585936], [-73.952675, 40.587157], [-73.952454, 40.588173]]]}}, {"type": "Feature", "properties": {"unit_id": "36047016700", "name": "Census Tract 167 \u2014 Kings", "native_id": "36047016700", "source": "census_tract_2025", "adm3_name": "Kings County", "adm3_id": "36047", "area_sqm": 168915, "split": false}, "geometry": {"type": "Polygon", "coordinates": [[[-73.981225, 40.663347], [-73.980724, 40.66395], [-73.980222, 40.664552], [-73.97972, 40.665155], [-73.979224, 40.665749], [-73.978715, 40.666361], [-73.978212, 40.666963], [-73.977717, 40.66757], [-73.975337, 40.666419], [-73.976334, 40.665214], [-73.977343, 40.664012], [-73.978349, 40.662799], [-73.979654, 40.661241], [-73.980171, 40.661155], [-73.982231, 40.662142], [-73.981225, 40.663347]]]}}, {"type": "Feature", "properties": {"unit_id": "36047035400", "name": "Census Tract 354 \u2014 Kings", "native_id": "36047035400", "source": "census_tract_2025", "adm3_name": "Kings County", "adm3_id": "36047", "area_sqm": 378077, "split": false}, "geometry": {"type": "Polygon", "coordinates": [[[-73.976549, 40.575988], [-73.976271, 40.579821], [-73.974686, 40.579977], [-73.974498, 40.581874], [-73.974618, 40.582786], [-73.974638, 40.583114], [-73.970846, 40.58382], [-73.969063, 40.584], [-73.966614, 40.584575], [-73.966777, 40.583904], [-73.966894, 40.583348], [-73.967335, 40.581515], [-73.971134, 40.582019], [-73.971834, 40.579805], [-73.972123, 40.578889], [-73.972818, 40.576699], [-73.973028, 40.57605], [-73.973451, 40.574799], [-73.976619, 40.575301], [-73.976549, 40.575988]]]}}, {"type": "Feature", "properties": {"unit_id": "36061003100", "name": "Census Tract 31 \u2014 New York", "native_id": "36061003100", "source": "census_tract_2025", "adm3_name": "New York County", "adm3_id": "36061", "area_sqm": 204969, "split": false}, "geometry": {"type": "Polygon", "coordinates": [[[-74.007225, 40.713055], [-74.005889, 40.714678], [-74.004533, 40.71628], [-74.004026, 40.716871], [-74.001884, 40.719398], [-73.999956, 40.718017], [-74.002115, 40.715159], [-74.003094, 40.713958], [-74.003603, 40.713646], [-74.004858, 40.712453], [-74.00609, 40.712003], [-74.008601, 40.711392], [-74.007225, 40.713055]]]}}, {"type": "Feature", "properties": {"unit_id": "36047050402", "name": "Census Tract 504.02 \u2014 Kings", "native_id": "36047050402", "source": "census_tract_2025", "adm3_name": "Kings County", "adm3_id": "36047", "area_sqm": 84339, "split": false}, "geometry": {"type": "Polygon", "coordinates": [[[-73.974959, 40.647796], [-73.974731, 40.647773], [-73.973504, 40.647595], [-73.971397, 40.648258], [-73.971211, 40.64762], [-73.970841, 40.646378], [-73.971744, 40.646001], [-73.972086, 40.645863], [-73.973101, 40.645451], [-73.974196, 40.645007], [-73.974657, 40.644806], [-73.974827, 40.645664], [-73.975176, 40.647818], [-73.974959, 40.647796]]]}}, {"type": "Feature", "properties": {"unit_id": "36047026000", "name": "Census Tract 260 \u2014 Kings", "native_id": "36047026000", "source": "census_tract_2025", "adm3_name": "Kings County", "adm3_id": "36047", "area_sqm": 162864, "split": false}, "geometry": {"type": "Polygon", "coordinates": [[[-73.995418, 40.617673], [-73.993877, 40.619156], [-73.991518, 40.617819], [-73.990795, 40.618523], [-73.988688, 40.617249], [-73.989851, 40.61613], [-73.990434, 40.615571], [-73.991598, 40.614452], [-73.993651, 40.615694], [-73.996002, 40.617112], [-73.995418, 40.617673]]]}}, {"type": "Feature", "properties": {"unit_id": "36047046000", "name": "Census Tract 460 \u2014 Kings", "native_id": "36047046000", "source": "census_tract_2025", "adm3_name": "Kings County", "adm3_id": "36047", "area_sqm": 196068, "split": false}, "geometry": {"type": "Polygon", "coordinates": [[[-73.971568, 40.629988], [-73.96841, 40.631509], [-73.967926, 40.631744], [-73.966777, 40.632295], [-73.965677, 40.63283], [-73.964805, 40.633249], [-73.963946, 40.633662], [-73.962203, 40.6345], [-73.961312, 40.634926], [-73.960409, 40.63536], [-73.959898, 40.632668], [-73.962299, 40.6324], [-73.963674, 40.63225], [-73.966676, 40.631922], [-73.966074, 40.629545], [-73.967076, 40.629435], [-73.968001, 40.629333], [-73.968929, 40.629231], [-73.971374, 40.628966], [-73.971568, 40.629988]]]}}, {"type": "Feature", "properties": {"unit_id": "36047118400", "name": "Census Tract 1184 \u2014 Kings", "native_id": "36047118400", "source": "census_tract_2025", "adm3_name": "Kings County", "adm3_id": "36047", "area_sqm": 204944, "split": false}, "geometry": {"type": "Polygon", "coordinates": [[[-73.872739, 40.68541], [-73.870704, 40.685918], [-73.869909, 40.686116], [-73.869084, 40.686322], [-73.867018, 40.68683], [-73.866598, 40.68527], [-73.866295, 40.683189], [-73.868132, 40.682666], [-73.869808, 40.682187], [-73.87157, 40.681686], [-73.872187, 40.683649], [-73.872739, 40.68541]]]}}, {"type": "Feature", "properties": {"unit_id": "36047118800", "name": "Census Tract 1188 \u2014 Kings", "native_id": "36047118800", "source": "census_tract_2025", "adm3_name": "Kings County", "adm3_id": "36047", "area_sqm": 174376, "split": false}, "geometry": {"type": "Polygon", "coordinates": [[[-73.869342, 40.680191], [-73.867541, 40.680429], [-73.865748, 40.680652], [-73.863787, 40.681114], [-73.863349, 40.679352], [-73.862028, 40.677886], [-73.863909, 40.67777], [-73.864853, 40.67772], [-73.866701, 40.67747], [-73.868547, 40.677206], [-73.869342, 40.680191]]]}}, {"type": "Feature", "properties": {"unit_id": "36047015500", "name": "Census Tract 155 \u2014 Kings", "native_id": "36047015500", "source": "census_tract_2025", "adm3_name": "Kings County", "adm3_id": "36047", "area_sqm": 149645, "split": false}, "geometry": {"type": "Polygon", "coordinates": [[[-73.981425, 40.671052], [-73.980923, 40.671655], [-73.980418, 40.672256], [-73.979917, 40.672858], [-73.975196, 40.670576], [-73.975696, 40.669973], [-73.976201, 40.669372], [-73.976705, 40.66877], [-73.977208, 40.668169], [-73.979563, 40.669313], [-73.981927, 40.670448], [-73.981425, 40.671052]]]}}, {"type": "Feature", "properties": {"unit_id": "36061015801", "name": "Census Tract 158.01 \u2014 New York", "native_id": "36061015801", "source": "census_tract_2025", "adm3_name": "New York County", "adm3_id": "36061", "area_sqm": 125753, "split": false}, "geometry": {"type": "Polygon", "coordinates": [[[-73.953961, 40.784616], [-73.953503, 40.785247], [-73.952551, 40.786549], [-73.950927, 40.785866], [-73.949332, 40.785194], [-73.949824, 40.784516], [-73.950282, 40.783891], [-73.950739, 40.783262], [-73.951199, 40.782634], [-73.951659, 40.782008], [-73.95326, 40.782682], [-73.954877, 40.783363], [-73.953961, 40.784616]]]}}, {"type": "Feature", "properties": {"unit_id": "36047027500", "name": "Census Tract 275 \u2014 Kings", "native_id": "36047027500", "source": "census_tract_2025", "adm3_name": "Kings County", "adm3_id": "36047", "area_sqm": 162077, "split": false}, "geometry": {"type": "Polygon", "coordinates": [[[-73.941348, 40.685031], [-73.938515, 40.685358], [-73.93559, 40.685695], [-73.935444, 40.684963], [-73.9353, 40.684229], [-73.935155, 40.683497], [-73.935008, 40.682764], [-73.940769, 40.6821], [-73.940914, 40.682833], [-73.941058, 40.683567], [-73.941204, 40.6843], [-73.941348, 40.685031]]]}}, {"type": "Feature", "properties": {"unit_id": "36061011100", "name": "Census Tract 111 \u2014 New York", "native_id": "36061011100", "source": "census_tract_2025", "adm3_name": "New York County", "adm3_id": "36061", "area_sqm": 175464, "split": false}, "geometry": {"type": "Polygon", "coordinates": [[[-73.998208, 40.755869], [-73.997306, 40.75711], [-73.994468, 40.755909], [-73.991633, 40.754707], [-73.993464, 40.75219], [-73.996304, 40.753389], [-73.999143, 40.754585], [-73.998208, 40.755869]]]}}, {"type": "Feature", "properties": {"unit_id": "36047116200", "name": "Census Tract 1162 \u2014 Kings", "native_id": "36047116200", "source": "census_tract_2025", "adm3_name": "Kings County", "adm3_id": "36047", "area_sqm": 143447, "split": false}, "geometry": {"type": "Polygon", "coordinates": [[[-73.887289, 40.671848], [-73.885517, 40.672113], [-73.883889, 40.672355], [-73.883566, 40.6711], [-73.883175, 40.669563], [-73.882782, 40.668026], [-73.883597, 40.667905], [-73.886183, 40.667521], [-73.886574, 40.669058], [-73.886968, 40.670595], [-73.887289, 40.671848]]]}}, {"type": "Feature", "properties": {"unit_id": "36047085400", "name": "Census Tract 854 \u2014 Kings", "native_id": "36047085400", "source": "census_tract_2025", "adm3_name": "Kings County", "adm3_id": "36047", "area_sqm": 128750, "split": false}, "geometry": {"type": "Polygon", "coordinates": [[[-73.946073, 40.645312], [-73.94417, 40.645429], [-73.944344, 40.647078], [-73.943374, 40.647115], [-73.943309, 40.646527], [-73.942608, 40.644662], [-73.942137, 40.644683], [-73.937383, 40.644905], [-73.937284, 40.643958], [-73.940159, 40.64378], [-73.942029, 40.643664], [-73.943965, 40.643543], [-73.945869, 40.643424], [-73.945988, 40.644534], [-73.946073, 40.645312]]]}}, {"type": "Feature", "properties": {"unit_id": "36061010801", "name": "Census Tract 108.01 \u2014 New York", "native_id": "36061010801", "source": "census_tract_2025", "adm3_name": "New York County", "adm3_id": "36061", "area_sqm": 70801, "split": false}, "geometry": {"type": "Polygon", "coordinates": [[[-73.968024, 40.759578], [-73.965783, 40.758632], [-73.963412, 40.757637], [-73.963871, 40.757008], [-73.964325, 40.756381], [-73.966702, 40.757381], [-73.968936, 40.75833], [-73.968024, 40.759578]]]}}, {"type": "Feature", "properties": {"unit_id": "36047117601", "name": "Census Tract 1176.01 \u2014 Kings", "native_id": "36047117601", "source": "census_tract_2025", "adm3_name": "Kings County", "adm3_id": "36047", "area_sqm": 152356, "split": false}, "geometry": {"type": "Polygon", "coordinates": [[[-73.879075, 40.686882], [-73.876681, 40.688088], [-73.875831, 40.684639], [-73.874566, 40.684955], [-73.874105, 40.683104], [-73.877867, 40.682039], [-73.878362, 40.684009], [-73.879075, 40.686882]]]}}, {"type": "Feature", "properties": {"unit_id": "36061012000", "name": "Census Tract 120 \u2014 New York", "native_id": "36061012000", "source": "census_tract_2025", "adm3_name": "New York County", "adm3_id": "36061", "area_sqm": 173025, "split": false}, "geometry": {"type": "Polygon", "coordinates": [[[-73.966607, 40.767291], [-73.964782, 40.769796], [-73.963161, 40.769113], [-73.961559, 40.768437], [-73.962014, 40.767812], [-73.96247, 40.767185], [-73.962929, 40.766559], [-73.963401, 40.765911], [-73.963843, 40.765309], [-73.964299, 40.764683], [-73.964755, 40.764058], [-73.966359, 40.764732], [-73.967974, 40.765413], [-73.966607, 40.767291]]]}}, {"type": "Feature", "properties": {"unit_id": "36047001801", "name": "Census Tract 18.01 \u2014 Kings", "native_id": "36047001801", "source": "census_tract_2025", "adm3_name": "Kings County", "adm3_id": "36047", "area_sqm": 464952, "split": false}, "geometry": {"type": "Polygon", "coordinates": [[[-74.004655, 40.66095], [-74.0043468142826, 40.6615517338196], [-74.004252, 40.661524], [-73.999994, 40.663822], [-74.0018453681563, 40.6667876987528], [-74.0021899851848, 40.6673397393008], [-74.001454, 40.667633], [-74.000175, 40.668601], [-73.999457, 40.67014], [-73.999021, 40.671429], [-73.998619, 40.67183], [-73.998457, 40.671568], [-73.996528, 40.668894], [-73.994845, 40.666805], [-73.995795, 40.665516], [-73.996393, 40.664954], [-73.996958, 40.664393], [-73.997534, 40.663834], [-73.999301, 40.662157], [-74.002161, 40.659356], [-74.00273, 40.658785], [-74.005301, 40.660312], [-74.004655, 40.66095]]]}}, {"type": "Feature", "properties": {"unit_id": "36047076000", "name": "Census Tract 760 \u2014 Kings", "native_id": "36047076000", "source": "census_tract_2025", "adm3_name": "Kings County", "adm3_id": "36047", "area_sqm": 181582, "split": false}, "geometry": {"type": "Polygon", "coordinates": [[[-73.958088, 40.623105], [-73.955941, 40.62334], [-73.954908, 40.623454], [-73.953983, 40.623555], [-73.953052, 40.623658], [-73.952605, 40.621267], [-73.952148, 40.618875], [-73.953078, 40.618775], [-73.954003, 40.618672], [-73.955037, 40.618558], [-73.955491, 40.62095], [-73.957632, 40.620714], [-73.958088, 40.623105]]]}}, {"type": "Feature", "properties": {"unit_id": "36047084800", "name": "Census Tract 848 \u2014 Kings", "native_id": "36047084800", "source": "census_tract_2025", "adm3_name": "Kings County", "adm3_id": "36047", "area_sqm": 137501, "split": false}, "geometry": {"type": "Polygon", "coordinates": [[[-73.929999, 40.648181], [-73.92709, 40.648361], [-73.92612, 40.64842], [-73.925922, 40.64656], [-73.925721, 40.644674], [-73.929599, 40.644433], [-73.929803, 40.64632], [-73.929999, 40.648181]]]}}, {"type": "Feature", "properties": {"unit_id": "36047077400", "name": "Census Tract 774 \u2014 Kings", "native_id": "36047077400", "source": "census_tract_2025", "adm3_name": "Kings County", "adm3_id": "36047", "area_sqm": 147764, "split": false}, "geometry": {"type": "Polygon", "coordinates": [[[-73.951059, 40.633635], [-73.949449, 40.634508], [-73.948819, 40.633902], [-73.946479, 40.631708], [-73.945511, 40.630792], [-73.944155, 40.629508], [-73.945401, 40.629378], [-73.946327, 40.629277], [-73.947327, 40.629166], [-73.950177, 40.628852], [-73.950448, 40.63026], [-73.947543, 40.631581], [-73.950838, 40.632354], [-73.951059, 40.633635]]]}}, {"type": "Feature", "properties": {"unit_id": "36047024800", "name": "Census Tract 248 \u2014 Kings", "native_id": "36047024800", "source": "census_tract_2025", "adm3_name": "Kings County", "adm3_id": "36047", "area_sqm": 176029, "split": false}, "geometry": {"type": "Polygon", "coordinates": [[[-73.993711, 40.623156], [-73.99313, 40.623715], [-73.99255, 40.624274], [-73.990094, 40.622789], [-73.987851, 40.621435], [-73.985693, 40.620131], [-73.986275, 40.619567], [-73.987136, 40.618742], [-73.987435, 40.618455], [-73.989566, 40.619738], [-73.99184, 40.621111], [-73.994293, 40.622597], [-73.993711, 40.623156]]]}}, {"type": "Feature", "properties": {"unit_id": "36047034500", "name": "Census Tract 345 \u2014 Kings", "native_id": "36047034500", "source": "census_tract_2025", "adm3_name": "Kings County", "adm3_id": "36047", "area_sqm": 163593, "split": false}, "geometry": {"type": "Polygon", "coordinates": [[[-73.936343, 40.672704], [-73.936263, 40.67356], [-73.936177, 40.674378], [-73.936078, 40.675335], [-73.933298, 40.67519], [-73.930615, 40.674147], [-73.930697, 40.673257], [-73.930785, 40.672363], [-73.930868, 40.671474], [-73.933635, 40.671626], [-73.936406, 40.671774], [-73.936343, 40.672704]]]}}, {"type": "Feature", "properties": {"unit_id": "36061029300", "name": "Census Tract 293 \u2014 New York", "native_id": "36061029300", "source": "census_tract_2025", "adm3_name": "New York County", "adm3_id": "36061", "area_sqm": 157076, "split": false}, "geometry": {"type": "Polygon", "coordinates": [[[-73.92311, 40.867016], [-73.921214, 40.867693], [-73.919754, 40.868114], [-73.917044, 40.867026], [-73.918943, 40.864463], [-73.920276, 40.862606], [-73.920611, 40.863113], [-73.92125, 40.864112], [-73.921884, 40.8651], [-73.922498, 40.866064], [-73.92311, 40.867016]]]}}, {"type": "Feature", "properties": {"unit_id": "36047001804", "name": "Census Tract 18.04 \u2014 Kings", "native_id": "36047001804", "source": "census_tract_2025", "adm3_name": "Kings County", "adm3_id": "36047", "area_sqm": 342773, "split": false}, "geometry": {"type": "Polygon", "coordinates": [[[-74.0292282410751, 40.6445027086997], [-74.027596, 40.644728], [-74.0275074495055, 40.6448049779006], [-74.025038079688, 40.6469516277355], [-74.023835, 40.645919], [-74.021598, 40.644598], [-74.022769, 40.643469], [-74.025724, 40.640631], [-74.026257, 40.640132], [-74.029079, 40.641274], [-74.02906, 40.641727], [-74.0329678613999, 40.6439865447956], [-74.0292282410751, 40.6445027086997]]]}}, {"type": "Feature", "properties": {"unit_id": "36047043000", "name": "Census Tract 430 \u2014 Kings", "native_id": "36047043000", "source": "census_tract_2025", "adm3_name": "Kings County", "adm3_id": "36047", "area_sqm": 160032, "split": false}, "geometry": {"type": "Polygon", "coordinates": [[[-73.987965, 40.607566], [-73.987339, 40.608168], [-73.986129, 40.60933], [-73.984963, 40.610448], [-73.984162, 40.611218], [-73.983351, 40.611992], [-73.983222, 40.612122], [-73.98266, 40.612693], [-73.981624, 40.607866], [-73.982548, 40.607764], [-73.983477, 40.607663], [-73.984403, 40.607559], [-73.988423, 40.607119], [-73.987965, 40.607566]]]}}, {"type": "Feature", "properties": {"unit_id": "36047058600", "name": "Census Tract 586 \u2014 Kings", "native_id": "36047058600", "source": "census_tract_2025", "adm3_name": "Kings County", "adm3_id": "36047", "area_sqm": 163424, "split": false}, "geometry": {"type": "Polygon", "coordinates": [[[-73.956928, 40.596612], [-73.955076, 40.596816], [-73.95315, 40.597028], [-73.952699, 40.594637], [-73.9523, 40.592514], [-73.95326, 40.592413], [-73.956077, 40.592101], [-73.956556, 40.594648], [-73.956928, 40.596612]]]}}, {"type": "Feature", "properties": {"unit_id": "36047115200", "name": "Census Tract 1152 \u2014 Kings", "native_id": "36047115200", "source": "census_tract_2025", "adm3_name": "Kings County", "adm3_id": "36047", "area_sqm": 166136, "split": false}, "geometry": {"type": "Polygon", "coordinates": [[[-73.89367, 40.674822], [-73.89186, 40.675091], [-73.889151, 40.675496], [-73.888838, 40.674251], [-73.888515, 40.672983], [-73.888192, 40.671715], [-73.890878, 40.671318], [-73.892711, 40.671046], [-73.893028, 40.672315], [-73.893352, 40.673582], [-73.89367, 40.674822]]]}}, {"type": "Feature", "properties": {"unit_id": "36061005400", "name": "Census Tract 54 \u2014 New York", "native_id": "36061005400", "source": "census_tract_2025", "adm3_name": "New York County", "adm3_id": "36061", "area_sqm": 167959, "split": false}, "geometry": {"type": "Polygon", "coordinates": [[[-73.996337, 40.738044], [-73.995874, 40.738686], [-73.995446, 40.739272], [-73.995018, 40.73986], [-73.994165, 40.741031], [-73.993739, 40.741617], [-73.990518, 40.740262], [-73.992225, 40.737917], [-73.992654, 40.73733], [-73.99312, 40.736691], [-73.993617, 40.736005], [-73.99684, 40.737361], [-73.996337, 40.738044]]]}}, {"type": "Feature", "properties": {"unit_id": "36061016400", "name": "Census Tract 164 \u2014 New York", "native_id": "36061016400", "source": "census_tract_2025", "adm3_name": "New York County", "adm3_id": "36061", "area_sqm": 177386, "split": false}, "geometry": {"type": "Polygon", "coordinates": [[[-73.947002, 40.788383], [-73.946555, 40.788996], [-73.946086, 40.789637], [-73.945636, 40.790254], [-73.943396, 40.789309], [-73.941019, 40.788319], [-73.941937, 40.787065], [-73.943319, 40.785174], [-73.945696, 40.786173], [-73.947924, 40.787121], [-73.947002, 40.788383]]]}}, {"type": "Feature", "properties": {"unit_id": "36047050002", "name": "Census Tract 500.02 \u2014 Kings", "native_id": "36047050002", "source": "census_tract_2025", "adm3_name": "Kings County", "adm3_id": "36047", "area_sqm": 62177, "split": false}, "geometry": {"type": "Polygon", "coordinates": [[[-73.978191, 40.647526], [-73.975176, 40.647818], [-73.974827, 40.645664], [-73.977774, 40.645342], [-73.978191, 40.647526]]]}}, {"type": "Feature", "properties": {"unit_id": "36047040600", "name": "Census Tract 406 \u2014 Kings", "native_id": "36047040600", "source": "census_tract_2025", "adm3_name": "Kings County", "adm3_id": "36047", "area_sqm": 147049, "split": false}, "geometry": {"type": "Polygon", "coordinates": [[[-73.984457, 40.602854], [-73.982605, 40.603058], [-73.981679, 40.60316], [-73.981237, 40.600837], [-73.980311, 40.600942], [-73.979858, 40.598548], [-73.980784, 40.598447], [-73.981712, 40.598345], [-73.982639, 40.598243], [-73.983567, 40.59814], [-73.984019, 40.60053], [-73.984457, 40.602854]]]}}, {"type": "Feature", "properties": {"unit_id": "36047015200", "name": "Census Tract 152 \u2014 Kings", "native_id": "36047015200", "source": "census_tract_2025", "adm3_name": "Kings County", "adm3_id": "36047", "area_sqm": 268135, "split": false}, "geometry": {"type": "Polygon", "coordinates": [[[-74.02755, 40.612925], [-74.025729, 40.616049], [-74.024624, 40.617389], [-74.022933, 40.619502], [-74.021216, 40.618472], [-74.022161, 40.616169], [-74.022789, 40.614596], [-74.024775, 40.609676], [-74.027106, 40.610244], [-74.02755, 40.612925]]]}}, {"type": "Feature", "properties": {"unit_id": "36047055100", "name": "Census Tract 551 \u2014 Kings", "native_id": "36047055100", "source": "census_tract_2025", "adm3_name": "Kings County", "adm3_id": "36047", "area_sqm": 231586, "split": false}, "geometry": {"type": "Polygon", "coordinates": [[[-73.96837, 40.714127], [-73.967716, 40.71604], [-73.967578, 40.716496], [-73.966639, 40.716365], [-73.962777, 40.715106], [-73.961287, 40.714502], [-73.959797, 40.713887], [-73.960163, 40.713345], [-73.960561, 40.712713], [-73.961029, 40.711969], [-73.961421, 40.711349], [-73.962942, 40.711905], [-73.964462, 40.712459], [-73.967416, 40.7133], [-73.968469, 40.712999], [-73.96837, 40.714127]]]}}, {"type": "Feature", "properties": {"unit_id": "36047033900", "name": "Census Tract 339 \u2014 Kings", "native_id": "36047033900", "source": "census_tract_2025", "adm3_name": "Kings County", "adm3_id": "36047", "area_sqm": 180739, "split": false}, "geometry": {"type": "Polygon", "coordinates": [[[-73.94748, 40.67238], [-73.94471, 40.672228], [-73.941945, 40.672078], [-73.939177, 40.671926], [-73.936406, 40.671774], [-73.936569, 40.670041], [-73.939337, 40.670192], [-73.942106, 40.670342], [-73.944872, 40.670504], [-73.947642, 40.670664], [-73.94748, 40.67238]]]}}, {"type": "Feature", "properties": {"unit_id": "36061005900", "name": "Census Tract 59 \u2014 New York", "native_id": "36061005900", "source": "census_tract_2025", "adm3_name": "New York County", "adm3_id": "36061", "area_sqm": 116175, "split": false}, "geometry": {"type": "Polygon", "coordinates": [[[-73.996351, 40.732255], [-73.995914, 40.732847], [-73.995489, 40.733437], [-73.993814, 40.732731], [-73.99146, 40.731738], [-73.991921, 40.731166], [-73.992407, 40.730591], [-73.99325, 40.730945], [-73.995061, 40.72881], [-73.996572, 40.729552], [-73.995563, 40.730715], [-73.996974, 40.731409], [-73.996351, 40.732255]]]}}, {"type": "Feature", "properties": {"unit_id": "36047023600", "name": "Census Tract 236 \u2014 Kings", "native_id": "36047023600", "source": "census_tract_2025", "adm3_name": "Kings County", "adm3_id": "36047", "area_sqm": 169852, "split": false}, "geometry": {"type": "Polygon", "coordinates": [[[-73.993284, 40.633906], [-73.9927, 40.634467], [-73.99212, 40.635026], [-73.987713, 40.632366], [-73.985509, 40.631038], [-73.986675, 40.629916], [-73.987259, 40.629355], [-73.989462, 40.630686], [-73.991664, 40.632016], [-73.993866, 40.633347], [-73.993284, 40.633906]]]}}, {"type": "Feature", "properties": {"unit_id": "36047008500", "name": "Census Tract 85 \u2014 Kings", "native_id": "36047008500", "source": "census_tract_2025", "adm3_name": "Kings County", "adm3_id": "36047", "area_sqm": 243576, "split": false}, "geometry": {"type": "Polygon", "coordinates": [[[-74.011412, 40.676319], [-74.009544, 40.677898], [-74.008302, 40.67897], [-74.006298, 40.677604], [-74.006491, 40.677194], [-74.004764, 40.67671], [-74.003503, 40.675631], [-74.003194, 40.676271], [-74.001354, 40.675791], [-74.002016, 40.674482], [-74.002608, 40.673182], [-74.006005, 40.674146], [-74.007711, 40.674625], [-74.009611, 40.675121], [-74.011412, 40.676319]]]}}, {"type": "Feature", "properties": {"unit_id": "36047025800", "name": "Census Tract 258 \u2014 Kings", "native_id": "36047025800", "source": "census_tract_2025", "adm3_name": "Kings County", "adm3_id": "36047", "area_sqm": 170222, "split": false}, "geometry": {"type": "Polygon", "coordinates": [[[-73.990434, 40.615571], [-73.989851, 40.61613], [-73.987651, 40.6148], [-73.98545, 40.61347], [-73.983222, 40.612122], [-73.983351, 40.611992], [-73.984162, 40.611218], [-73.984963, 40.610448], [-73.987195, 40.611792], [-73.989397, 40.613123], [-73.991598, 40.614452], [-73.990434, 40.615571]]]}}, {"type": "Feature", "properties": {"unit_id": "36047018501", "name": "Census Tract 185.01 \u2014 Kings", "native_id": "36047018501", "source": "census_tract_2025", "adm3_name": "Kings County", "adm3_id": "36047", "area_sqm": 111097, "split": false}, "geometry": {"type": "Polygon", "coordinates": [[[-73.976443, 40.696371], [-73.973485, 40.696246], [-73.97247, 40.696207], [-73.971872, 40.69321], [-73.972911, 40.693251], [-73.973855, 40.693287], [-73.975848, 40.693361], [-73.975987, 40.694089], [-73.976188, 40.695098], [-73.976443, 40.696371]]]}}, {"type": "Feature", "properties": {"unit_id": "36047030100", "name": "Census Tract 301 \u2014 Kings", "native_id": "36047030100", "source": "census_tract_2025", "adm3_name": "Kings County", "adm3_id": "36047", "area_sqm": 194435, "split": false}, "geometry": {"type": "Polygon", "coordinates": [[[-73.921711, 40.678116], [-73.921646, 40.67887], [-73.916301, 40.678577], [-73.913559, 40.678427], [-73.910799, 40.678278], [-73.910926, 40.676345], [-73.913696, 40.676495], [-73.916465, 40.676647], [-73.919219, 40.676886], [-73.921816, 40.677019], [-73.921711, 40.678116]]]}}, {"type": "Feature", "properties": {"unit_id": "36047068200", "name": "Census Tract 682 \u2014 Kings", "native_id": "36047068200", "source": "census_tract_2025", "adm3_name": "Kings County", "adm3_id": "36047", "area_sqm": 202229, "split": false}, "geometry": {"type": "Polygon", "coordinates": [[[-73.926879, 40.61895], [-73.923008, 40.619193], [-73.922755, 40.616854], [-73.920852, 40.616972], [-73.920624, 40.614839], [-73.923497, 40.614658], [-73.925395, 40.61454], [-73.926401, 40.614479], [-73.926879, 40.61895]]]}}, {"type": "Feature", "properties": {"unit_id": "36047085000", "name": "Census Tract 850 \u2014 Kings", "native_id": "36047085000", "source": "census_tract_2025", "adm3_name": "Kings County", "adm3_id": "36047", "area_sqm": 144613, "split": false}, "geometry": {"type": "Polygon", "coordinates": [[[-73.937383, 40.644905], [-73.932614, 40.645245], [-73.932921, 40.647997], [-73.931938, 40.648063], [-73.929999, 40.648181], [-73.929803, 40.64632], [-73.929599, 40.644433], [-73.933478, 40.644192], [-73.937284, 40.643958], [-73.937383, 40.644905]]]}}, {"type": "Feature", "properties": {"unit_id": "36061000202", "name": "Census Tract 2.02 \u2014 New York", "native_id": "36061000202", "source": "census_tract_2025", "adm3_name": "New York County", "adm3_id": "36061", "area_sqm": 310040, "split": false}, "geometry": {"type": "Polygon", "coordinates": [[[-73.985344, 40.714462], [-73.982453, 40.714699], [-73.98165, 40.714461], [-73.979962, 40.713973], [-73.97929, 40.713762], [-73.977245, 40.713153], [-73.975933, 40.712907], [-73.972789, 40.709378], [-73.975476, 40.707492], [-73.979233, 40.705769], [-73.980907, 40.705907], [-73.980987, 40.705374], [-73.982033, 40.705515], [-73.984189, 40.705582], [-73.984547, 40.709495], [-73.985058, 40.713078], [-73.985344, 40.714462]]]}}, {"type": "Feature", "properties": {"unit_id": "36061007300", "name": "Census Tract 73 \u2014 New York", "native_id": "36061007300", "source": "census_tract_2025", "adm3_name": "New York County", "adm3_id": "36061", "area_sqm": 165299, "split": false}, "geometry": {"type": "Polygon", "coordinates": [[[-74.006407, 40.733054], [-74.006294, 40.733742], [-74.00596, 40.735845], [-74.005126, 40.735961], [-74.003527, 40.736178], [-74.001948, 40.736414], [-74.001389, 40.734483], [-74.001205, 40.733843], [-74.002789, 40.733617], [-74.002124, 40.732841], [-74.003471, 40.732373], [-74.003612, 40.732324], [-74.005706, 40.731627], [-74.006624, 40.731669], [-74.006407, 40.733054]]]}}, {"type": "Feature", "properties": {"unit_id": "36047107001", "name": "Census Tract 1070.01 \u2014 Kings", "native_id": "36047107001", "source": "census_tract_2025", "adm3_name": "Kings County", "adm3_id": "36047", "area_sqm": 1207190, "split": false}, "geometry": {"type": "Polygon", "coordinates": [[[-73.878117, 40.65626], [-73.869156, 40.660119], [-73.867181, 40.660452], [-73.863815, 40.656029], [-73.860676, 40.654868], [-73.860483, 40.654659], [-73.870893, 40.648807], [-73.873384, 40.646821], [-73.879733, 40.655563], [-73.878117, 40.65626]]]}}, {"type": "Feature", "properties": {"unit_id": "36061010100", "name": "Census Tract 101 \u2014 New York", "native_id": "36061010100", "source": "census_tract_2025", "adm3_name": "New York County", "adm3_id": "36061", "area_sqm": 175520, "split": false}, "geometry": {"type": "Polygon", "coordinates": [[[-73.994844, 40.750293], [-73.994329, 40.750999], [-73.993948, 40.751522], [-73.993464, 40.75219], [-73.98778, 40.749772], [-73.989166, 40.747895], [-73.989617, 40.747277], [-73.992463, 40.748469], [-73.995299, 40.749671], [-73.994844, 40.750293]]]}}, {"type": "Feature", "properties": {"unit_id": "36047008800", "name": "Census Tract 88 \u2014 Kings", "native_id": "36047008800", "source": "census_tract_2025", "adm3_name": "Kings County", "adm3_id": "36047", "area_sqm": 189369, "split": false}, "geometry": {"type": "Polygon", "coordinates": [[[-74.00449, 40.650706], [-74.002751, 40.652385], [-74.002144, 40.652956], [-73.997818, 40.650282], [-73.998276, 40.649734], [-73.998704, 40.649169], [-73.999516, 40.648611], [-74.000662, 40.647487], [-74.002866, 40.648821], [-74.005074, 40.650147], [-74.00449, 40.650706]]]}}, {"type": "Feature", "properties": {"unit_id": "36047010100", "name": "Census Tract 101 \u2014 Kings", "native_id": "36047010100", "source": "census_tract_2025", "adm3_name": "Kings County", "adm3_id": "36047", "area_sqm": 314730, "split": false}, "geometry": {"type": "Polygon", "coordinates": [[[-74.003288, 40.658185], [-74.00273, 40.658785], [-74.002161, 40.659356], [-73.999301, 40.662157], [-73.997429, 40.661036], [-73.995169, 40.659669], [-73.998671, 40.656307], [-74.000413, 40.654629], [-74.002677, 40.65599], [-74.004465, 40.657072], [-74.003288, 40.658185]]]}}, {"type": "Feature", "properties": {"unit_id": "36047044300", "name": "Census Tract 443 \u2014 Kings", "native_id": "36047044300", "source": "census_tract_2025", "adm3_name": "Kings County", "adm3_id": "36047", "area_sqm": 167769, "split": false}, "geometry": {"type": "Polygon", "coordinates": [[[-73.920075, 40.702259], [-73.918504, 40.703858], [-73.916253, 40.706066], [-73.915513, 40.705626], [-73.914771, 40.705189], [-73.914031, 40.704749], [-73.913292, 40.704313], [-73.914386, 40.703239], [-73.9156, 40.702046], [-73.917068, 40.700548], [-73.917819, 40.700976], [-73.918572, 40.701404], [-73.919323, 40.701831], [-73.920075, 40.702259]]]}}, {"type": "Feature", "properties": {"unit_id": "36047028300", "name": "Census Tract 283 \u2014 Kings", "native_id": "36047028300", "source": "census_tract_2025", "adm3_name": "Kings County", "adm3_id": "36047", "area_sqm": 121876, "split": false}, "geometry": {"type": "Polygon", "coordinates": [[[-73.943526, 40.696031], [-73.937792, 40.69669], [-73.937631, 40.695951], [-73.937484, 40.695219], [-73.937342, 40.694485], [-73.940265, 40.694148], [-73.9431, 40.693823], [-73.943243, 40.694558], [-73.943388, 40.695289], [-73.943526, 40.696031]]]}}, {"type": "Feature", "properties": {"unit_id": "36061011500", "name": "Census Tract 115 \u2014 New York", "native_id": "36061011500", "source": "census_tract_2025", "adm3_name": "New York County", "adm3_id": "36061", "area_sqm": 175590, "split": false}, "geometry": {"type": "Polygon", "coordinates": [[[-73.995474, 40.759627], [-73.994878, 40.759376], [-73.992633, 40.75843], [-73.989791, 40.757234], [-73.991633, 40.754707], [-73.994468, 40.755909], [-73.997306, 40.75711], [-73.995474, 40.759627]]]}}, {"type": "Feature", "properties": {"unit_id": "36047041700", "name": "Census Tract 417 \u2014 Kings", "native_id": "36047041700", "source": "census_tract_2025", "adm3_name": "Kings County", "adm3_id": "36047", "area_sqm": 141142, "split": false}, "geometry": {"type": "Polygon", "coordinates": [[[-73.921154, 40.692796], [-73.919271, 40.694731], [-73.917818, 40.696208], [-73.917071, 40.695782], [-73.916313, 40.695351], [-73.915562, 40.694922], [-73.914808, 40.694497], [-73.916257, 40.693022], [-73.917791, 40.69146], [-73.91862, 40.691808], [-73.919459, 40.692149], [-73.920301, 40.692485], [-73.921154, 40.692796]]]}}, {"type": "Feature", "properties": {"unit_id": "36047097000", "name": "Census Tract 970 \u2014 Kings", "native_id": "36047097000", "source": "census_tract_2025", "adm3_name": "Kings County", "adm3_id": "36047", "area_sqm": 163450, "split": false}, "geometry": {"type": "Polygon", "coordinates": [[[-73.90929, 40.648817], [-73.908399, 40.649388], [-73.907615, 40.649896], [-73.903982, 40.646629], [-73.905655, 40.645549], [-73.907084, 40.644623], [-73.908899, 40.646256], [-73.910716, 40.647888], [-73.90929, 40.648817]]]}}, {"type": "Feature", "properties": {"unit_id": "36061009500", "name": "Census Tract 95 \u2014 New York", "native_id": "36061009500", "source": "census_tract_2025", "adm3_name": "New York County", "adm3_id": "36061", "area_sqm": 171964, "split": false}, "geometry": {"type": "Polygon", "coordinates": [[[-73.995749, 40.749052], [-73.995299, 40.749671], [-73.992463, 40.748469], [-73.989617, 40.747277], [-73.990518, 40.746038], [-73.991419, 40.744802], [-73.994262, 40.746004], [-73.997099, 40.747205], [-73.995749, 40.749052]]]}}, {"type": "Feature", "properties": {"unit_id": "36047120200", "name": "Census Tract 1202 \u2014 Kings", "native_id": "36047120200", "source": "census_tract_2025", "adm3_name": "Kings County", "adm3_id": "36047", "area_sqm": 153052, "split": false}, "geometry": {"type": "Polygon", "coordinates": [[[-73.868868, 40.677156], [-73.868547, 40.677206], [-73.866701, 40.67747], [-73.864853, 40.67772], [-73.863909, 40.67777], [-73.862028, 40.677886], [-73.861712, 40.676611], [-73.861318, 40.675021], [-73.861064, 40.674343], [-73.861764, 40.674233], [-73.863101, 40.674648], [-73.864554, 40.675151], [-73.867258, 40.676113], [-73.869776, 40.677027], [-73.868868, 40.677156]]]}}, {"type": "Feature", "properties": {"unit_id": "36047080600", "name": "Census Tract 806 \u2014 Kings", "native_id": "36047080600", "source": "census_tract_2025", "adm3_name": "Kings County", "adm3_id": "36047", "area_sqm": 166310, "split": false}, "geometry": {"type": "Polygon", "coordinates": [[[-73.947914, 40.662533], [-73.945613, 40.662676], [-73.942829, 40.662847], [-73.940029, 40.663021], [-73.939965, 40.662233], [-73.939813, 40.660785], [-73.945413, 40.660437], [-73.947676, 40.660297], [-73.947914, 40.662533]]]}}, {"type": "Feature", "properties": {"unit_id": "36061020101", "name": "Census Tract 201.01 \u2014 New York", "native_id": "36061020101", "source": "census_tract_2025", "adm3_name": "New York County", "adm3_id": "36061", "area_sqm": 55126, "split": false}, "geometry": {"type": "Polygon", "coordinates": [[[-73.960106, 40.80812], [-73.958407, 40.807419], [-73.959826, 40.805435], [-73.960074, 40.804706], [-73.962008, 40.805509], [-73.960106, 40.80812]]]}}, {"type": "Feature", "properties": {"unit_id": "36047098800", "name": "Census Tract 988 \u2014 Kings", "native_id": "36047098800", "source": "census_tract_2025", "adm3_name": "Kings County", "adm3_id": "36047", "area_sqm": 161941, "split": false}, "geometry": {"type": "Polygon", "coordinates": [[[-73.90067, 40.64366], [-73.897619, 40.64563], [-73.895777, 40.643977], [-73.893961, 40.642343], [-73.897011, 40.640374], [-73.898828, 40.642005], [-73.90067, 40.64366]]]}}, {"type": "Feature", "properties": {"unit_id": "36047034000", "name": "Census Tract 340 \u2014 Kings", "native_id": "36047034000", "source": "census_tract_2025", "adm3_name": "Kings County", "adm3_id": "36047", "area_sqm": 129694, "split": false}, "geometry": {"type": "Polygon", "coordinates": [[[-74.00287, 40.572305], [-74.002548, 40.573327], [-74.00031, 40.572933], [-73.998088, 40.572752], [-73.997044, 40.572751], [-73.994904, 40.572873], [-73.992773, 40.573198], [-73.991743, 40.57343], [-73.991387, 40.571656], [-73.994726, 40.57152], [-74.000088, 40.571809], [-74.0027711420587, 40.5721112657375], [-74.00287, 40.572305]]]}}, {"type": "Feature", "properties": {"unit_id": "36047114202", "name": "Census Tract 1142.02 \u2014 Kings", "native_id": "36047114202", "source": "census_tract_2025", "adm3_name": "Kings County", "adm3_id": "36047", "area_sqm": 119169, "split": false}, "geometry": {"type": "Polygon", "coordinates": [[[-73.894312, 40.681566], [-73.891975, 40.682743], [-73.892523, 40.683424], [-73.89014, 40.685005], [-73.889607, 40.684214], [-73.888924, 40.683126], [-73.888191, 40.682556], [-73.889774, 40.681801], [-73.892328, 40.680569], [-73.893185, 40.680161], [-73.893733, 40.680854], [-73.894312, 40.681566]]]}}, {"type": "Feature", "properties": {"unit_id": "36061013700", "name": "Census Tract 137 \u2014 New York", "native_id": "36061013700", "source": "census_tract_2025", "adm3_name": "New York County", "adm3_id": "36061", "area_sqm": 226356, "split": false}, "geometry": {"type": "Polygon", "coordinates": [[[-73.983822, 40.765418], [-73.983367, 40.766045], [-73.982877, 40.766715], [-73.98238, 40.7674], [-73.982147, 40.76773], [-73.981431, 40.767874], [-73.979076, 40.766876], [-73.976234, 40.765675], [-73.976703, 40.764996], [-73.977686, 40.763645], [-73.978601, 40.762396], [-73.981434, 40.763594], [-73.984283, 40.764792], [-73.983822, 40.765418]]]}}, {"type": "Feature", "properties": {"unit_id": "36047029600", "name": "Census Tract 296 \u2014 Kings", "native_id": "36047029600", "source": "census_tract_2025", "adm3_name": "Kings County", "adm3_id": "36047", "area_sqm": 214120, "split": false}, "geometry": {"type": "Polygon", "coordinates": [[[-73.99734, 40.598552], [-73.995594, 40.600233], [-73.993201, 40.602534], [-73.992619, 40.60309], [-73.992036, 40.603651], [-73.990873, 40.60477], [-73.988643, 40.603421], [-73.989808, 40.602303], [-73.99039, 40.601743], [-73.991599, 40.600581], [-73.993363, 40.598889], [-73.995225, 40.597093], [-73.995932, 40.597579], [-73.99734, 40.598552]]]}}, {"type": "Feature", "properties": {"unit_id": "36061009200", "name": "Census Tract 92 \u2014 New York", "native_id": "36061009200", "source": "census_tract_2025", "adm3_name": "New York County", "adm3_id": "36061", "area_sqm": 197023, "split": false}, "geometry": {"type": "Polygon", "coordinates": [[[-73.97837, 40.752416], [-73.976516, 40.754974], [-73.974439, 40.756556], [-73.97282, 40.75587], [-73.971217, 40.755193], [-73.972136, 40.753943], [-73.972588, 40.753318], [-73.973503, 40.752065], [-73.974449, 40.750766], [-73.976048, 40.751441], [-73.977677, 40.752119], [-73.97837, 40.752416]]]}}, {"type": "Feature", "properties": {"unit_id": "36047064600", "name": "Census Tract 646 \u2014 Kings", "native_id": "36047064600", "source": "census_tract_2025", "adm3_name": "Kings County", "adm3_id": "36047", "area_sqm": 165636, "split": false}, "geometry": {"type": "Polygon", "coordinates": [[[-73.943145, 40.617426], [-73.941282, 40.61763], [-73.939716, 40.618406], [-73.937875, 40.616757], [-73.936057, 40.615123], [-73.937542, 40.614165], [-73.938254, 40.613702], [-73.93897, 40.61324], [-73.940788, 40.614872], [-73.942993, 40.616969], [-73.943145, 40.617426]]]}}, {"type": "Feature", "properties": {"unit_id": "36061030300", "name": "Census Tract 303 \u2014 New York", "native_id": "36061030300", "source": "census_tract_2025", "adm3_name": "New York County", "adm3_id": "36061", "area_sqm": 156650, "split": false}, "geometry": {"type": "Polygon", "coordinates": [[[-73.92133, 40.869571], [-73.919255, 40.871008], [-73.919458, 40.872249], [-73.917916, 40.870923], [-73.916973, 40.870148], [-73.916275, 40.869583], [-73.915183, 40.869551], [-73.917044, 40.867026], [-73.919754, 40.868114], [-73.921214, 40.867693], [-73.922145, 40.86915], [-73.92133, 40.869571]]]}}, {"type": "Feature", "properties": {"unit_id": "36047059800", "name": "Census Tract 598 \u2014 Kings", "native_id": "36047059800", "source": "census_tract_2025", "adm3_name": "Kings County", "adm3_id": "36047", "area_sqm": 199216, "split": false}, "geometry": {"type": "Polygon", "coordinates": [[[-73.939796, 40.589565], [-73.938837, 40.589671], [-73.936985, 40.589871], [-73.935091, 40.590077], [-73.934668, 40.587827], [-73.933705, 40.587931], [-73.931784, 40.588141], [-73.931369, 40.586071], [-73.933444, 40.586537], [-73.934448, 40.586652], [-73.939139, 40.585983], [-73.939369, 40.58731], [-73.939796, 40.589565]]]}}, {"type": "Feature", "properties": {"unit_id": "36061004700", "name": "Census Tract 47 \u2014 New York", "native_id": "36061004700", "source": "census_tract_2025", "adm3_name": "New York County", "adm3_id": "36061", "area_sqm": 165420, "split": false}, "geometry": {"type": "Polygon", "coordinates": [[[-74.00531, 40.721824], [-74.004575, 40.724173], [-74.004031, 40.725513], [-74.001933, 40.724552], [-74.001127, 40.724166], [-74.002174, 40.72293], [-73.999853, 40.721792], [-74.001425, 40.719938], [-74.001884, 40.719398], [-74.003512, 40.720557], [-74.004635, 40.721354], [-74.00531, 40.721824]]]}}, {"type": "Feature", "properties": {"unit_id": "36047013700", "name": "Census Tract 137 \u2014 Kings", "native_id": "36047013700", "source": "census_tract_2025", "adm3_name": "Kings County", "adm3_id": "36047", "area_sqm": 152453, "split": false}, "geometry": {"type": "Polygon", "coordinates": [[[-73.987715, 40.671557], [-73.987211, 40.672161], [-73.986709, 40.672767], [-73.984289, 40.671591], [-73.981927, 40.670448], [-73.982428, 40.669847], [-73.982932, 40.669245], [-73.983435, 40.668642], [-73.983943, 40.66803], [-73.988726, 40.670342], [-73.987715, 40.671557]]]}}, {"type": "Feature", "properties": {"unit_id": "36047013000", "name": "Census Tract 130 \u2014 Kings", "native_id": "36047013000", "source": "census_tract_2025", "adm3_name": "Kings County", "adm3_id": "36047", "area_sqm": 176432, "split": false}, "geometry": {"type": "Polygon", "coordinates": [[[-74.024238, 40.632859], [-74.023518, 40.634616], [-74.023235, 40.635318], [-74.020722, 40.634169], [-74.018245, 40.633034], [-74.01853, 40.632334], [-74.019259, 40.63056], [-74.01955, 40.629855], [-74.022024, 40.630988], [-74.02452, 40.632167], [-74.024238, 40.632859]]]}}, {"type": "Feature", "properties": {"unit_id": "36047096200", "name": "Census Tract 962 \u2014 Kings", "native_id": "36047096200", "source": "census_tract_2025", "adm3_name": "Kings County", "adm3_id": "36047", "area_sqm": 179100, "split": false}, "geometry": {"type": "Polygon", "coordinates": [[[-73.912756, 40.646328], [-73.911755, 40.647224], [-73.910716, 40.647888], [-73.908899, 40.646256], [-73.907084, 40.644623], [-73.90928, 40.643204], [-73.910764, 40.642246], [-73.912915, 40.644177], [-73.912756, 40.646328]]]}}, {"type": "Feature", "properties": {"unit_id": "36047065800", "name": "Census Tract 658 \u2014 Kings", "native_id": "36047065800", "source": "census_tract_2025", "adm3_name": "Kings County", "adm3_id": "36047", "area_sqm": 153365, "split": false}, "geometry": {"type": "Polygon", "coordinates": [[[-73.933902, 40.6109], [-73.93316, 40.611381], [-73.931345, 40.609747], [-73.929524, 40.608117], [-73.927691, 40.60648], [-73.929868, 40.605071], [-73.933513, 40.608343], [-73.932801, 40.608805], [-73.934622, 40.610442], [-73.933902, 40.6109]]]}}, {"type": "Feature", "properties": {"unit_id": "36061011600", "name": "Census Tract 116 \u2014 New York", "native_id": "36061011600", "source": "census_tract_2025", "adm3_name": "New York County", "adm3_id": "36061", "area_sqm": 195582, "split": false}, "geometry": {"type": "Polygon", "coordinates": [[[-73.95924, 40.763366], [-73.958781, 40.76399], [-73.957412, 40.765868], [-73.95516, 40.764918], [-73.954701, 40.765545], [-73.952308, 40.764555], [-73.949972, 40.763646], [-73.951517, 40.761974], [-73.952541, 40.76049], [-73.953606, 40.759536], [-73.953843, 40.759355], [-73.956313, 40.760477], [-73.957888, 40.761175], [-73.957441, 40.761789], [-73.959695, 40.76274], [-73.95924, 40.763366]]]}}, {"type": "Feature", "properties": {"unit_id": "36061003002", "name": "Census Tract 30.02 \u2014 New York", "native_id": "36061003002", "source": "census_tract_2025", "adm3_name": "New York County", "adm3_id": "36061", "area_sqm": 78532, "split": false}, "geometry": {"type": "Polygon", "coordinates": [[[-73.988451, 40.723277], [-73.987968, 40.723942], [-73.987502, 40.724584], [-73.985286, 40.723649], [-73.982964, 40.722671], [-73.983824, 40.721473], [-73.986285, 40.722242], [-73.988643, 40.722933], [-73.988451, 40.723277]]]}}, {"type": "Feature", "properties": {"unit_id": "36047018300", "name": "Census Tract 183 \u2014 Kings", "native_id": "36047018300", "source": "census_tract_2025", "adm3_name": "Kings County", "adm3_id": "36047", "area_sqm": 137311, "split": false}, "geometry": {"type": "Polygon", "coordinates": [[[-73.973855, 40.693287], [-73.972911, 40.693251], [-73.971872, 40.69321], [-73.969831, 40.693135], [-73.969103, 40.689468], [-73.970131, 40.689506], [-73.971142, 40.689544], [-73.972136, 40.689582], [-73.973126, 40.689622], [-73.97354, 40.691707], [-73.973855, 40.693287]]]}}, {"type": "Feature", "properties": {"unit_id": "36047016500", "name": "Census Tract 165 \u2014 Kings", "native_id": "36047016500", "source": "census_tract_2025", "adm3_name": "Kings County", "adm3_id": "36047", "area_sqm": 186645, "split": false}, "geometry": {"type": "Polygon", "coordinates": [[[-73.977208, 40.668169], [-73.976705, 40.66877], [-73.976201, 40.669372], [-73.975696, 40.669973], [-73.975196, 40.670576], [-73.974698, 40.671175], [-73.97382, 40.672222], [-73.973385, 40.672854], [-73.972955, 40.673488], [-73.970859, 40.67273], [-73.970409, 40.672617], [-73.971325, 40.671248], [-73.97282, 40.669427], [-73.973323, 40.668825], [-73.974331, 40.667621], [-73.975337, 40.666419], [-73.977717, 40.66757], [-73.977208, 40.668169]]]}}, {"type": "Feature", "properties": {"unit_id": "36047042300", "name": "Census Tract 423 \u2014 Kings", "native_id": "36047042300", "source": "census_tract_2025", "adm3_name": "Kings County", "adm3_id": "36047", "area_sqm": 182231, "split": false}, "geometry": {"type": "Polygon", "coordinates": [[[-73.930521, 40.698772], [-73.929035, 40.70029], [-73.927588, 40.701762], [-73.926838, 40.701334], [-73.925329, 40.700481], [-73.924582, 40.700056], [-73.923833, 40.699628], [-73.925273, 40.698161], [-73.92725, 40.696142], [-73.928231, 40.696666], [-73.929316, 40.69764], [-73.929964, 40.69825], [-73.930521, 40.698772]]]}}, {"type": "Feature", "properties": {"unit_id": "36047087800", "name": "Census Tract 878 \u2014 Kings", "native_id": "36047087800", "source": "census_tract_2025", "adm3_name": "Kings County", "adm3_id": "36047", "area_sqm": 151414, "split": false}, "geometry": {"type": "Polygon", "coordinates": [[[-73.934231, 40.660415], [-73.931325, 40.660594], [-73.929387, 40.660715], [-73.929143, 40.658418], [-73.928172, 40.658478], [-73.927995, 40.656802], [-73.930903, 40.65661], [-73.931083, 40.658296], [-73.933996, 40.658119], [-73.934231, 40.660415]]]}}, {"type": "Feature", "properties": {"unit_id": "36047072200", "name": "Census Tract 722 \u2014 Kings", "native_id": "36047072200", "source": "census_tract_2025", "adm3_name": "Kings County", "adm3_id": "36047", "area_sqm": 257171, "split": false}, "geometry": {"type": "Polygon", "coordinates": [[[-73.930312, 40.632726], [-73.925456, 40.633028], [-73.922587, 40.633209], [-73.920683, 40.63333], [-73.918852, 40.634483], [-73.918604, 40.632096], [-73.920418, 40.630904], [-73.925205, 40.630689], [-73.928114, 40.630506], [-73.930054, 40.630389], [-73.930312, 40.632726]]]}}, {"type": "Feature", "properties": {"unit_id": "36047041100", "name": "Census Tract 411 \u2014 Kings", "native_id": "36047041100", "source": "census_tract_2025", "adm3_name": "Kings County", "adm3_id": "36047", "area_sqm": 134881, "split": false}, "geometry": {"type": "Polygon", "coordinates": [[[-73.910189, 40.687271], [-73.907292, 40.690219], [-73.906544, 40.689791], [-73.905041, 40.688935], [-73.904142, 40.688568], [-73.905343, 40.68682], [-73.905738, 40.68704], [-73.907183, 40.685561], [-73.909439, 40.686845], [-73.910189, 40.687271]]]}}, {"type": "Feature", "properties": {"unit_id": "36061015101", "name": "Census Tract 151.01 \u2014 New York", "native_id": "36061015101", "source": "census_tract_2025", "adm3_name": "New York County", "adm3_id": "36061", "area_sqm": 109612, "split": false}, "geometry": {"type": "Polygon", "coordinates": [[[-73.988626, 40.774116], [-73.988177, 40.774735], [-73.987241, 40.776017], [-73.984412, 40.774808], [-73.985332, 40.773531], [-73.985792, 40.772904], [-73.986238, 40.772299], [-73.986695, 40.771668], [-73.98954, 40.772866], [-73.988626, 40.774116]]]}}, {"type": "Feature", "properties": {"unit_id": "36047057100", "name": "Census Tract 571 \u2014 Kings", "native_id": "36047057100", "source": "census_tract_2025", "adm3_name": "Kings County", "adm3_id": "36047", "area_sqm": 175867, "split": false}, "geometry": {"type": "Polygon", "coordinates": [[[-73.950029, 40.725999], [-73.948373, 40.726548], [-73.947544, 40.726822], [-73.945879, 40.727354], [-73.94543, 40.725518], [-73.945015, 40.723004], [-73.946275, 40.722863], [-73.949078, 40.72254], [-73.949924, 40.724056], [-73.950875, 40.725721], [-73.950029, 40.725999]]]}}, {"type": "Feature", "properties": {"unit_id": "36047004300", "name": "Census Tract 43 \u2014 Kings", "native_id": "36047004300", "source": "census_tract_2025", "adm3_name": "Kings County", "adm3_id": "36047", "area_sqm": 165383, "split": false}, "geometry": {"type": "Polygon", "coordinates": [[[-73.993005, 40.688364], [-73.992364, 40.68969], [-73.990686, 40.689142], [-73.990096, 40.689706], [-73.989662, 40.690334], [-73.986155, 40.689018], [-73.987, 40.687773], [-73.988289, 40.685869], [-73.990468, 40.686728], [-73.993269, 40.687825], [-73.993005, 40.688364]]]}}, {"type": "Feature", "properties": {"unit_id": "36061007800", "name": "Census Tract 78 \u2014 New York", "native_id": "36061007800", "source": "census_tract_2025", "adm3_name": "New York County", "adm3_id": "36061", "area_sqm": 177474, "split": false}, "geometry": {"type": "Polygon", "coordinates": [[[-73.977636, 40.746392], [-73.977188, 40.74701], [-73.976288, 40.748245], [-73.975835, 40.748863], [-73.97497, 40.748502], [-73.973592, 40.747919], [-73.971228, 40.746919], [-73.971657, 40.746304], [-73.972576, 40.745068], [-73.973512, 40.743782], [-73.975881, 40.744779], [-73.978121, 40.745726], [-73.977636, 40.746392]]]}}, {"type": "Feature", "properties": {"unit_id": "36047057200", "name": "Census Tract 572 \u2014 Kings", "native_id": "36047057200", "source": "census_tract_2025", "adm3_name": "Kings County", "adm3_id": "36047", "area_sqm": 243628, "split": false}, "geometry": {"type": "Polygon", "coordinates": [[[-73.94148, 40.598304], [-73.938637, 40.598609], [-73.935804, 40.598924], [-73.935369, 40.596542], [-73.934949, 40.594429], [-73.93778, 40.594126], [-73.939641, 40.593922], [-73.940611, 40.593808], [-73.94148, 40.598304]]]}}, {"type": "Feature", "properties": {"unit_id": "36047030700", "name": "Census Tract 307 \u2014 Kings", "native_id": "36047030700", "source": "census_tract_2025", "adm3_name": "Kings County", "adm3_id": "36047", "area_sqm": 266958, "split": false}, "geometry": {"type": "Polygon", "coordinates": [[[-73.93053, 40.675039], [-73.930457, 40.675818], [-73.930322, 40.677485], [-73.926594, 40.677278], [-73.924765, 40.677173], [-73.921816, 40.677019], [-73.921901, 40.676131], [-73.922049, 40.674574], [-73.922132, 40.673684], [-73.925082, 40.673844], [-73.930615, 40.674147], [-73.93053, 40.675039]]]}}, {"type": "Feature", "properties": {"unit_id": "36047066000", "name": "Census Tract 660 \u2014 Kings", "native_id": "36047066000", "source": "census_tract_2025", "adm3_name": "Kings County", "adm3_id": "36047", "area_sqm": 152314, "split": false}, "geometry": {"type": "Polygon", "coordinates": [[[-73.929887, 40.610688], [-73.92846, 40.611613], [-73.926641, 40.60998], [-73.924821, 40.608341], [-73.926249, 40.607414], [-73.927691, 40.60648], [-73.929524, 40.608117], [-73.931345, 40.609747], [-73.929887, 40.610688]]]}}, {"type": "Feature", "properties": {"unit_id": "36047040700", "name": "Census Tract 407 \u2014 Kings", "native_id": "36047040700", "source": "census_tract_2025", "adm3_name": "Kings County", "adm3_id": "36047", "area_sqm": 504834, "split": false}, "geometry": {"type": "Polygon", "coordinates": [[[-73.904494, 40.686299], [-73.905343, 40.68682], [-73.904142, 40.688568], [-73.901805, 40.690766], [-73.901162, 40.687878], [-73.896518, 40.682397], [-73.896615, 40.682008], [-73.897494, 40.680074], [-73.900283, 40.679442], [-73.902622, 40.680664], [-73.902822, 40.682353], [-73.905433, 40.68366], [-73.904494, 40.686299]]]}}, {"type": "Feature", "properties": {"unit_id": "36047074200", "name": "Census Tract 742 \u2014 Kings", "native_id": "36047074200", "source": "census_tract_2025", "adm3_name": "Kings County", "adm3_id": "36047", "area_sqm": 174327, "split": false}, "geometry": {"type": "Polygon", "coordinates": [[[-73.947327, 40.629166], [-73.946327, 40.629277], [-73.945401, 40.629378], [-73.944155, 40.629508], [-73.943409, 40.62956], [-73.943093, 40.62719], [-73.942645, 40.6248], [-73.944496, 40.624598], [-73.945425, 40.624496], [-73.946422, 40.624385], [-73.946875, 40.626774], [-73.947327, 40.629166]]]}}, {"type": "Feature", "properties": {"unit_id": "36047087401", "name": "Census Tract 874.01 \u2014 Kings", "native_id": "36047087401", "source": "census_tract_2025", "adm3_name": "Kings County", "adm3_id": "36047", "area_sqm": 130596, "split": false}, "geometry": {"type": "Polygon", "coordinates": [[[-73.940029, 40.663021], [-73.937264, 40.663192], [-73.937111, 40.660236], [-73.936864, 40.657942], [-73.939615, 40.657768], [-73.939734, 40.660074], [-73.939813, 40.660785], [-73.939965, 40.662233], [-73.940029, 40.663021]]]}}, {"type": "Feature", "properties": {"unit_id": "36047055700", "name": "Census Tract 557 \u2014 Kings", "native_id": "36047055700", "source": "census_tract_2025", "adm3_name": "Kings County", "adm3_id": "36047", "area_sqm": 282493, "split": false}, "geometry": {"type": "Polygon", "coordinates": [[[-73.962787, 40.722562], [-73.962645, 40.722747], [-73.961543, 40.723876], [-73.961611, 40.724951], [-73.95892, 40.724351], [-73.957717, 40.724298], [-73.956273, 40.72339], [-73.954776, 40.72246], [-73.955443, 40.721946], [-73.958416, 40.719189], [-73.959009, 40.718636], [-73.96355, 40.721571], [-73.962787, 40.722562]]]}}, {"type": "Feature", "properties": {"unit_id": "36047041300", "name": "Census Tract 413 \u2014 Kings", "native_id": "36047041300", "source": "census_tract_2025", "adm3_name": "Kings County", "adm3_id": "36047", "area_sqm": 162165, "split": false}, "geometry": {"type": "Polygon", "coordinates": [[[-73.913946, 40.689409], [-73.9125, 40.690883], [-73.911053, 40.692358], [-73.910298, 40.69193], [-73.908797, 40.691075], [-73.908042, 40.690647], [-73.907292, 40.690219], [-73.910189, 40.687271], [-73.91094, 40.687699], [-73.911692, 40.688125], [-73.912443, 40.688553], [-73.913194, 40.68898], [-73.913946, 40.689409]]]}}, {"type": "Feature", "properties": {"unit_id": "36047021600", "name": "Census Tract 216 \u2014 Kings", "native_id": "36047021600", "source": "census_tract_2025", "adm3_name": "Kings County", "adm3_id": "36047", "area_sqm": 168178, "split": false}, "geometry": {"type": "Polygon", "coordinates": [[[-74.004107, 40.63406], [-74.001957, 40.635497], [-74.000016, 40.634326], [-73.997813, 40.632996], [-73.995617, 40.631667], [-73.997359, 40.629986], [-73.999561, 40.631315], [-74.001764, 40.632645], [-74.003989, 40.63399], [-74.004107, 40.63406]]]}}, {"type": "Feature", "properties": {"unit_id": "36061007700", "name": "Census Tract 77 \u2014 New York", "native_id": "36061007700", "source": "census_tract_2025", "adm3_name": "New York County", "adm3_id": "36061", "area_sqm": 178780, "split": false}, "geometry": {"type": "Polygon", "coordinates": [[[-74.005829, 40.736534], [-74.005774, 40.737169], [-74.005687, 40.737552], [-74.005158, 40.740858], [-74.002523, 40.739753], [-73.999684, 40.738552], [-74.000183, 40.737865], [-74.000647, 40.73723], [-74.001095, 40.736564], [-74.001948, 40.736414], [-74.003527, 40.736178], [-74.005126, 40.735961], [-74.00596, 40.735845], [-74.005829, 40.736534]]]}}, {"type": "Feature", "properties": {"unit_id": "36047040100", "name": "Census Tract 401 \u2014 Kings", "native_id": "36047040100", "source": "census_tract_2025", "adm3_name": "Kings County", "adm3_id": "36047", "area_sqm": 159583, "split": false}, "geometry": {"type": "Polygon", "coordinates": [[[-73.916046, 40.686072], [-73.914642, 40.687507], [-73.913194, 40.68898], [-73.912443, 40.688553], [-73.911692, 40.688125], [-73.91094, 40.687699], [-73.910189, 40.687271], [-73.909439, 40.686845], [-73.910887, 40.685369], [-73.912273, 40.683935], [-73.913037, 40.684368], [-73.91529, 40.685645], [-73.916046, 40.686072]]]}}, {"type": "Feature", "properties": {"unit_id": "36061001402", "name": "Census Tract 14.02 \u2014 New York", "native_id": "36061001402", "source": "census_tract_2025", "adm3_name": "New York County", "adm3_id": "36061", "area_sqm": 113920, "split": false}, "geometry": {"type": "Polygon", "coordinates": [[[-73.987879, 40.717409], [-73.98736, 40.71837], [-73.986752, 40.719593], [-73.985074, 40.719083], [-73.983395, 40.718571], [-73.985013, 40.715438], [-73.986721, 40.715952], [-73.988367, 40.716446], [-73.987879, 40.717409]]]}}, {"type": "Feature", "properties": {"unit_id": "36047083000", "name": "Census Tract 830 \u2014 Kings", "native_id": "36047083000", "source": "census_tract_2025", "adm3_name": "Kings County", "adm3_id": "36047", "area_sqm": 201783, "split": false}, "geometry": {"type": "Polygon", "coordinates": [[[-73.948414, 40.639987], [-73.947443, 40.640048], [-73.94779, 40.643305], [-73.945869, 40.643424], [-73.943965, 40.643543], [-73.94372, 40.641242], [-73.942651, 40.640344], [-73.942503, 40.638965], [-73.945373, 40.638787], [-73.948265, 40.638607], [-73.948414, 40.639987]]]}}, {"type": "Feature", "properties": {"unit_id": "36047040800", "name": "Census Tract 408 \u2014 Kings", "native_id": "36047040800", "source": "census_tract_2025", "adm3_name": "Kings County", "adm3_id": "36047", "area_sqm": 152930, "split": false}, "geometry": {"type": "Polygon", "coordinates": [[[-73.981679, 40.60316], [-73.980752, 40.603264], [-73.979827, 40.60337], [-73.978828, 40.603475], [-73.977828, 40.603586], [-73.976935, 40.59887], [-73.977933, 40.598762], [-73.978929, 40.598653], [-73.979858, 40.598548], [-73.980311, 40.600942], [-73.981237, 40.600837], [-73.981679, 40.60316]]]}}, {"type": "Feature", "properties": {"unit_id": "36047051800", "name": "Census Tract 518 \u2014 Kings", "native_id": "36047051800", "source": "census_tract_2025", "adm3_name": "Kings County", "adm3_id": "36047", "area_sqm": 201332, "split": false}, "geometry": {"type": "Polygon", "coordinates": [[[-73.962282, 40.640101], [-73.961386, 40.640525], [-73.960502, 40.64094], [-73.959377, 40.641471], [-73.958966, 40.639305], [-73.9584, 40.636327], [-73.959525, 40.635786], [-73.960409, 40.63536], [-73.961312, 40.634926], [-73.962203, 40.6345], [-73.963186, 40.639672], [-73.962282, 40.640101]]]}}, {"type": "Feature", "properties": {"unit_id": "36047067400", "name": "Census Tract 674 \u2014 Kings", "native_id": "36047067400", "source": "census_tract_2025", "adm3_name": "Kings County", "adm3_id": "36047", "area_sqm": 189209, "split": false}, "geometry": {"type": "Polygon", "coordinates": [[[-73.932195, 40.623269], [-73.930282, 40.623381], [-73.929311, 40.623441], [-73.928478, 40.615017], [-73.930602, 40.616922], [-73.931731, 40.617927], [-73.932195, 40.623269]]]}}, {"type": "Feature", "properties": {"unit_id": "36061005800", "name": "Census Tract 58 \u2014 New York", "native_id": "36061005800", "source": "census_tract_2025", "adm3_name": "New York County", "adm3_id": "36061", "area_sqm": 174669, "split": false}, "geometry": {"type": "Polygon", "coordinates": [[[-73.993292, 40.742233], [-73.992805, 40.742901], [-73.992318, 40.743568], [-73.991419, 40.744802], [-73.990518, 40.746038], [-73.987298, 40.744682], [-73.988194, 40.743451], [-73.989318, 40.741914], [-73.99007, 40.74088], [-73.990518, 40.740262], [-73.993739, 40.741617], [-73.993292, 40.742233]]]}}, {"type": "Feature", "properties": {"unit_id": "36047047800", "name": "Census Tract 478 \u2014 Kings", "native_id": "36047047800", "source": "census_tract_2025", "adm3_name": "Kings County", "adm3_id": "36047", "area_sqm": 221223, "split": false}, "geometry": {"type": "Polygon", "coordinates": [[[-73.982015, 40.634395], [-73.980266, 40.636076], [-73.979681, 40.636639], [-73.979386, 40.636932], [-73.979112, 40.63544], [-73.978022, 40.635553], [-73.976888, 40.635675], [-73.976434, 40.633289], [-73.976049, 40.631276], [-73.977165, 40.630747], [-73.978155, 40.630282], [-73.980723, 40.631793], [-73.980142, 40.632354], [-73.982598, 40.633837], [-73.982015, 40.634395]]]}}]}