{"type":"FeatureCollection","features":[{"type":"Feature","properties":{"unit_id":"25017322300","name":"Census Tract 3223 \u2014 Middlesex","native_id":"25017322300","source":"census_tract_2025","adm3_name":"Middlesex County","adm3_id":"25017","area_sqm":5034373,"split":false,"population":5519.0,"days_covered":18,"daytime_peak_f":86.7,"heat_anomaly_f":2.2,"extreme_pct":17.0,"nighttime_stress_f":-7.7,"daytime_peak_f_climrel":0.1352,"heat_anomaly_f_climrel":0.1352,"nighttime_stress_f_climrel":-0.3,"extreme_pct_climrel":0.425,"ref_daytime_hi_mean":84.5,"ref_daytime_hi_p95":96.2,"rwi_mean":null,"health_per_10k":3.623844899438304,"built_frac":0.229,"tree_frac":0.685,"canopy_frac_over_3m":0.503,"viirs_mean":14.2,"gdl_hdi":0.961,"gdl_region":"Massachusetts","ghsl_smod":21,"lst_anomaly_c":-2.85,"lst_anomaly_c_climrel":0,"worldpop_pop_total":6215.0,"frac_under5":5.1,"frac_elderly_65plus":19.7,"frac_elderly_75plus":8.8,"old_age_dependency_ratio":0.305,"has_data":true},"geometry":{"type":"Polygon","coordinates":[[[-71.602631,42.3985],[-71.58526,42.407097],[-71.579095,42.408239],[-71.564584,42.410928],[-71.564936,42.399997],[-71.566766,42.396377],[-71.565206,42.395638],[-71.564972,42.39339],[-71.569884,42.393703],[-71.571367,42.394102],[-71.571159,42.392945],[-71.57003,42.391003],[-71.570229,42.390438],[-71.572743,42.390732],[-71.574766,42.388913],[-71.576162,42.385662],[-71.57724,42.38523],[-71.57779,42.385343],[-71.579929,42.38714],[-71.580186,42.386976],[-71.602537,42.396942],[-71.604251,42.397703],[-71.602631,42.3985]]]}},{"type":"Feature","properties":{"unit_id":"25025170200","name":"Census Tract 1702 \u2014 Suffolk","native_id":"25025170200","source":"census_tract_2025","adm3_name":"Suffolk County","adm3_id":"25025","area_sqm":998543,"split":false,"population":4030.0,"days_covered":18,"daytime_peak_f":86.8,"heat_anomaly_f":3.9,"extreme_pct":22.0,"nighttime_stress_f":-3.5,"daytime_peak_f_climrel":0.2108,"heat_anomaly_f_climrel":0.2108,"nighttime_stress_f_climrel":-0.1981,"extreme_pct_climrel":0.55,"ref_daytime_hi_mean":82.9,"ref_daytime_hi_p95":97.6,"rwi_mean":null,"health_per_10k":0.0,"built_frac":0.654,"tree_frac":0.317,"canopy_frac_over_3m":0.158,"viirs_mean":28.5,"gdl_hdi":0.961,"gdl_region":"Massachusetts","ghsl_smod":30,"lst_anomaly_c":3.49,"lst_anomaly_c_climrel":0.4363,"worldpop_pop_total":5415.0,"frac_under5":5.7,"frac_elderly_65plus":19.0,"frac_elderly_75plus":9.2,"old_age_dependency_ratio":0.303,"has_data":true},"geometry":{"type":"Polygon","coordinates":[[[-71.031086,42.418782],[-71.029319,42.421877],[-71.020134,42.419109],[-71.018975,42.418606],[-71.018658,42.419093],[-71.012326,42.417305],[-71.011194,42.418385],[-71.009343,42.41722],[-71.008379,42.416113],[-71.009869,42.413936],[-71.011234,42.411781],[-71.017656,42.413537],[-71.022741,42.414945],[-71.027544,42.416257],[-71.031729,42.417392],[-71.031086,42.418782]]]}},{"type":"Feature","properties":{"unit_id":"25025082100","name":"Census Tract 821 \u2014 Suffolk","native_id":"25025082100","source":"census_tract_2025","adm3_name":"Suffolk County","adm3_id":"25025","area_sqm":370577,"split":false,"population":2012.8432911818556,"days_covered":18,"daytime_peak_f":87.3,"heat_anomaly_f":2.9,"extreme_pct":17.0,"nighttime_stress_f":-5.1,"daytime_peak_f_climrel":0.1686,"heat_anomaly_f_climrel":0.1686,"nighttime_stress_f_climrel":-0.3,"extreme_pct_climrel":0.425,"ref_daytime_hi_mean":84.4,"ref_daytime_hi_p95":98.1,"rwi_mean":null,"health_per_10k":0.0,"built_frac":0.758,"tree_frac":0.238,"canopy_frac_over_3m":0.169,"viirs_mean":42.8,"gdl_hdi":0.961,"gdl_region":"Massachusetts","ghsl_smod":30,"lst_anomaly_c":4.17,"lst_anomaly_c_climrel":0.5212,"worldpop_pop_total":5227.0,"frac_under5":7.0,"frac_elderly_65plus":14.7,"frac_elderly_75plus":6.1,"old_age_dependency_ratio":0.235,"has_data":true},"geometry":{"type":"Polygon","coordinates":[[[-71.08993,42.312629],[-71.089399,42.313257],[-71.088319,42.312895],[-71.085862,42.311689],[-71.083919,42.310576],[-71.083251,42.310604],[-71.082668,42.309535],[-71.082804,42.309331],[-71.083078,42.308772],[-71.083254,42.308469],[-71.083898,42.30759],[-71.084299,42.307015],[-71.084923,42.304428],[-71.085011,42.305169],[-71.089079,42.30753],[-71.092172,42.309859],[-71.08993,42.312629]]]}},{"type":"Feature","properties":{"unit_id":"25025050101","name":"Census Tract 501.01 \u2014 Suffolk","native_id":"25025050101","source":"census_tract_2025","adm3_name":"Suffolk County","adm3_id":"25025","area_sqm":299770,"split":false,"population":2472.677690241329,"days_covered":18,"daytime_peak_f":86.8,"heat_anomaly_f":3.9,"extreme_pct":22.0,"nighttime_stress_f":-3.5,"daytime_peak_f_climrel":0.2108,"heat_anomaly_f_climrel":0.2108,"nighttime_stress_f_climrel":-0.1981,"extreme_pct_climrel":0.55,"ref_daytime_hi_mean":82.9,"ref_daytime_hi_p95":97.6,"rwi_mean":null,"health_per_10k":0.0,"built_frac":0.537,"tree_frac":0.062,"canopy_frac_over_3m":0.033,"viirs_mean":40.3,"gdl_hdi":0.961,"gdl_region":"Massachusetts","ghsl_smod":30,"lst_anomaly_c":-2.0,"lst_anomaly_c_climrel":0,"worldpop_pop_total":4362.0,"frac_under5":6.2,"frac_elderly_65plus":10.1,"frac_elderly_75plus":4.1,"old_age_dependency_ratio":0.143,"has_data":true},"geometry":{"type":"Polygon","coordinates":[[[-71.044298,42.383209],[-71.043264,42.383594],[-71.039262,42.386831],[-71.039306,42.386624],[-71.039315,42.382606],[-71.033395,42.382611],[-71.033423,42.380522],[-71.032781,42.379486],[-71.034924,42.378685],[-71.035764,42.379936],[-71.039211,42.378634],[-71.040029,42.37865],[-71.044982,42.378543],[-71.044298,42.383209]]]}},{"type":"Feature","properties":{"unit_id":"25025180301","name":"Census Tract 1803.01 \u2014 Suffolk","native_id":"25025180301","source":"census_tract_2025","adm3_name":"Suffolk County","adm3_id":"25025","area_sqm":721123,"split":false,"population":1483.0,"days_covered":18,"daytime_peak_f":86.8,"heat_anomaly_f":3.9,"extreme_pct":22.0,"nighttime_stress_f":-3.5,"daytime_peak_f_climrel":0.2108,"heat_anomaly_f_climrel":0.2108,"nighttime_stress_f_climrel":-0.1981,"extreme_pct_climrel":0.55,"ref_daytime_hi_mean":82.9,"ref_daytime_hi_p95":97.6,"rwi_mean":null,"health_per_10k":0.0,"built_frac":0.667,"tree_frac":0.191,"canopy_frac_over_3m":0.175,"viirs_mean":15.0,"gdl_hdi":0.961,"gdl_region":"Massachusetts","ghsl_smod":30,"lst_anomaly_c":-0.96,"lst_anomaly_c_climrel":0,"worldpop_pop_total":3074.0,"frac_under5":5.0,"frac_elderly_65plus":20.5,"frac_elderly_75plus":8.8,"old_age_dependency_ratio":0.318,"has_data":true},"geometry":{"type":"Polygon","coordinates":[[[-70.9978531307301,42.3726342679425],[-70.996192,42.376202],[-70.993811,42.377122],[-70.992163,42.377043],[-70.989802,42.376764],[-70.987524,42.375917],[-70.98572,42.372789],[-70.984533,42.372654],[-70.981063,42.371621],[-70.980894,42.370298],[-70.9810034470648,42.3701026844985],[-70.988128,42.368512],[-70.9893182344247,42.3690586523421],[-70.9945899868606,42.3714798693362],[-70.997227,42.372691],[-70.9978531307301,42.3726342679425]]]}},{"type":"Feature","properties":{"unit_id":"25025030302","name":"Census Tract 303.02 \u2014 Suffolk","native_id":"25025030302","source":"census_tract_2025","adm3_name":"Suffolk County","adm3_id":"25025","area_sqm":477388,"split":false,"population":21758.287613653523,"days_covered":18,"daytime_peak_f":86.4,"heat_anomaly_f":3.6,"extreme_pct":22.0,"nighttime_stress_f":-3.6,"daytime_peak_f_climrel":0.1994,"heat_anomaly_f_climrel":0.1994,"nighttime_stress_f_climrel":-0.2085,"extreme_pct_climrel":0.55,"ref_daytime_hi_mean":82.8,"ref_daytime_hi_p95":97.0,"rwi_mean":null,"health_per_10k":1.3787849730037913,"built_frac":0.915,"tree_frac":0.031,"canopy_frac_over_3m":0.026,"viirs_mean":186.9,"gdl_hdi":0.961,"gdl_region":"Massachusetts","ghsl_smod":30,"lst_anomaly_c":1.29,"lst_anomaly_c_climrel":0.1613,"worldpop_pop_total":2261.0,"frac_under5":2.3,"frac_elderly_65plus":14.3,"frac_elderly_75plus":5.1,"old_age_dependency_ratio":0.175,"has_data":true},"geometry":{"type":"Polygon","coordinates":[[[-71.062911,42.361229],[-71.062195,42.362258],[-71.058958,42.363385],[-71.058433,42.364641],[-71.056972,42.363208],[-71.056381,42.362884],[-71.054925,42.362046],[-71.052967,42.361029],[-71.052809,42.360915],[-71.051817,42.359615],[-71.051582,42.358762],[-71.055759,42.356913],[-71.05771,42.356777],[-71.058737,42.356988],[-71.05829,42.35741],[-71.062642,42.357977],[-71.062817,42.358665],[-71.062911,42.361229]]]}},{"type":"Feature","properties":{"unit_id":"25025051200","name":"Census Tract 512 \u2014 Suffolk","native_id":"25025051200","source":"census_tract_2025","adm3_name":"Suffolk County","adm3_id":"25025","area_sqm":429617,"split":false,"population":1423.0404492467646,"days_covered":18,"daytime_peak_f":86.8,"heat_anomaly_f":3.9,"extreme_pct":22.0,"nighttime_stress_f":-3.5,"daytime_peak_f_climrel":0.2108,"heat_anomaly_f_climrel":0.2108,"nighttime_stress_f_climrel":-0.1981,"extreme_pct_climrel":0.55,"ref_daytime_hi_mean":82.9,"ref_daytime_hi_p95":97.6,"rwi_mean":null,"health_per_10k":0.0,"built_frac":0.649,"tree_frac":0.182,"canopy_frac_over_3m":0.061,"viirs_mean":70.4,"gdl_hdi":0.961,"gdl_region":"Massachusetts","ghsl_smod":30,"lst_anomaly_c":0.34,"lst_anomaly_c_climrel":0.0425,"worldpop_pop_total":3771.0,"frac_under5":5.2,"frac_elderly_65plus":7.6,"frac_elderly_75plus":3.1,"old_age_dependency_ratio":0.095,"has_data":true},"geometry":{"type":"Polygon","coordinates":[[[-71.03997,42.367119],[-71.038919,42.368504],[-71.038689,42.368406],[-71.039335,42.366817],[-71.036831,42.365716],[-71.035728,42.367125],[-71.034754,42.36831],[-71.033387,42.367734],[-71.0326,42.368673],[-71.03279,42.368208],[-71.028103,42.365426],[-71.026294,42.363845],[-71.0264628524305,42.3622050393619],[-71.026916,42.363769],[-71.029638,42.363352],[-71.037999,42.363753],[-71.0416821697615,42.3664873177287],[-71.03997,42.367119]]]}},{"type":"Feature","properties":{"unit_id":"25017341101","name":"Census Tract 3411.01 \u2014 Middlesex","native_id":"25017341101","source":"census_tract_2025","adm3_name":"Middlesex County","adm3_id":"25017","area_sqm":1130194,"split":false,"population":763.0,"days_covered":18,"daytime_peak_f":86.4,"heat_anomaly_f":3.6,"extreme_pct":22.0,"nighttime_stress_f":-3.6,"daytime_peak_f_climrel":0.1994,"heat_anomaly_f_climrel":0.1994,"nighttime_stress_f_climrel":-0.2085,"extreme_pct_climrel":0.55,"ref_daytime_hi_mean":82.8,"ref_daytime_hi_p95":97.0,"rwi_mean":null,"health_per_10k":13.106159895150721,"built_frac":0.341,"tree_frac":0.651,"canopy_frac_over_3m":0.499,"viirs_mean":14.4,"gdl_hdi":0.961,"gdl_region":"Massachusetts","ghsl_smod":30,"lst_anomaly_c":-0.8,"lst_anomaly_c_climrel":0,"worldpop_pop_total":3793.0,"frac_under5":5.2,"frac_elderly_65plus":16.3,"frac_elderly_75plus":6.0,"old_age_dependency_ratio":0.231,"has_data":true},"geometry":{"type":"Polygon","coordinates":[[[-71.086339,42.440104],[-71.085639,42.444688],[-71.082116,42.44394],[-71.082919,42.43884],[-71.074013,42.439757],[-71.071619,42.44],[-71.070553,42.440124],[-71.071148,42.435339],[-71.071374,42.434125],[-71.072106,42.432014],[-71.072307,42.432058],[-71.074826,42.431958],[-71.08177,42.431228],[-71.082271,42.433016],[-71.083177,42.433898],[-71.086849,42.436768],[-71.086339,42.440104]]]}},{"type":"Feature","properties":{"unit_id":"25017350300","name":"Census Tract 3503 \u2014 Middlesex","native_id":"25017350300","source":"census_tract_2025","adm3_name":"Middlesex County","adm3_id":"25017","area_sqm":398297,"split":false,"population":4416.0,"days_covered":18,"daytime_peak_f":86.4,"heat_anomaly_f":3.6,"extreme_pct":22.0,"nighttime_stress_f":-3.6,"daytime_peak_f_climrel":0.1994,"heat_anomaly_f_climrel":0.1994,"nighttime_stress_f_climrel":-0.2085,"extreme_pct_climrel":0.55,"ref_daytime_hi_mean":82.8,"ref_daytime_hi_p95":97.0,"rwi_mean":null,"health_per_10k":2.2644927536231885,"built_frac":0.818,"tree_frac":0.138,"canopy_frac_over_3m":0.131,"viirs_mean":36.3,"gdl_hdi":0.961,"gdl_region":"Massachusetts","ghsl_smod":30,"lst_anomaly_c":4.63,"lst_anomaly_c_climrel":0.5787,"worldpop_pop_total":3167.0,"frac_under5":5.7,"frac_elderly_65plus":8.5,"frac_elderly_75plus":3.4,"old_age_dependency_ratio":0.106,"has_data":true},"geometry":{"type":"Polygon","coordinates":[[[-71.11109,42.394013],[-71.110739,42.394497],[-71.108861,42.397193],[-71.110446,42.399318],[-71.11075,42.399703],[-71.104464,42.397584],[-71.101763,42.396681],[-71.103975,42.392357],[-71.101506,42.391148],[-71.102035,42.390402],[-71.10432,42.391691],[-71.105911,42.393136],[-71.106662,42.392069],[-71.111243,42.393767],[-71.11109,42.394013]]]}},{"type":"Feature","properties":{"unit_id":"25025140300","name":"Census Tract 1403 \u2014 Suffolk","native_id":"25025140300","source":"census_tract_2025","adm3_name":"Suffolk County","adm3_id":"25025","area_sqm":1548879,"split":false,"population":5984.0,"days_covered":18,"daytime_peak_f":87.3,"heat_anomaly_f":2.9,"extreme_pct":17.0,"nighttime_stress_f":-5.1,"daytime_peak_f_climrel":0.1686,"heat_anomaly_f_climrel":0.1686,"nighttime_stress_f_climrel":-0.3,"extreme_pct_climrel":0.425,"ref_daytime_hi_mean":84.4,"ref_daytime_hi_p95":98.1,"rwi_mean":null,"health_per_10k":0.0,"built_frac":0.603,"tree_frac":0.365,"canopy_frac_over_3m":0.278,"viirs_mean":31.8,"gdl_hdi":0.961,"gdl_region":"Massachusetts","ghsl_smod":30,"lst_anomaly_c":0.93,"lst_anomaly_c_climrel":0.1163,"worldpop_pop_total":6731.0,"frac_under5":4.6,"frac_elderly_65plus":19.6,"frac_elderly_75plus":8.8,"old_age_dependency_ratio":0.303,"has_data":true},"geometry":{"type":"Polygon","coordinates":[[[-71.130115,42.251171],[-71.128219,42.252341],[-71.127157,42.253834],[-71.126018,42.254666],[-71.125592,42.255613],[-71.125307,42.255653],[-71.124708,42.257227],[-71.123565,42.262206],[-71.12331,42.263508],[-71.122036,42.262921],[-71.118957,42.261923],[-71.11788,42.264024],[-71.117999,42.26458],[-71.11827,42.266595],[-71.116427,42.267112],[-71.110995,42.269039],[-71.111622,42.267359],[-71.110828,42.266065],[-71.10842,42.262591],[-71.107743,42.262975],[-71.106903,42.261928],[-71.108405,42.261116],[-71.11146,42.260769],[-71.11326,42.258926],[-71.114246,42.258162],[-71.115465,42.256873],[-71.1184,42.253924],[-71.118894,42.253161],[-71.12063,42.252113],[-71.122884,42.251849],[-71.125505,42.247954],[-71.128433,42.249173],[-71.128992,42.247992],[-71.128967,42.249643],[-71.130115,42.251171]]]}},{"type":"Feature","properties":{"unit_id":"25017312200","name":"Census Tract 3122 \u2014 Middlesex","native_id":"25017312200","source":"census_tract_2025","adm3_name":"Middlesex County","adm3_id":"25017","area_sqm":2936401,"split":false,"population":4137.0,"days_covered":18,"daytime_peak_f":86.9,"heat_anomaly_f":2.6,"extreme_pct":17.0,"nighttime_stress_f":-6.2,"daytime_peak_f_climrel":0.155,"heat_anomaly_f_climrel":0.155,"nighttime_stress_f_climrel":-0.3,"extreme_pct_climrel":0.425,"ref_daytime_hi_mean":84.3,"ref_daytime_hi_p95":96.8,"rwi_mean":null,"health_per_10k":0.0,"built_frac":0.47,"tree_frac":0.299,"canopy_frac_over_3m":0.232,"viirs_mean":26.0,"gdl_hdi":0.961,"gdl_region":"Massachusetts","ghsl_smod":21,"lst_anomaly_c":1.45,"lst_anomaly_c_climrel":0.1812,"worldpop_pop_total":5068.0,"frac_under5":6.7,"frac_elderly_65plus":11.5,"frac_elderly_75plus":4.2,"old_age_dependency_ratio":0.169,"has_data":true},"geometry":{"type":"Polygon","coordinates":[[[-71.318684,42.618311],[-71.319529,42.621766],[-71.319143,42.62496],[-71.31877,42.627325],[-71.318002,42.62828],[-71.314481,42.631931],[-71.312679,42.632726],[-71.31253,42.632524],[-71.311575,42.631297],[-71.3081,42.628348],[-71.304692,42.62669],[-71.303132,42.626307],[-71.30164,42.625946],[-71.299731,42.625993],[-71.297781,42.626153],[-71.296305,42.625969],[-71.295359,42.619585],[-71.295866,42.61636],[-71.296375,42.614676],[-71.30323,42.614345],[-71.307366,42.614146],[-71.316851,42.61369],[-71.318388,42.61395],[-71.319947,42.615969],[-71.318684,42.618311]]]}},{"type":"Feature","properties":{"unit_id":"25025020200","name":"Census Tract 202 \u2014 Suffolk","native_id":"25025020200","source":"census_tract_2025","adm3_name":"Suffolk County","adm3_id":"25025","area_sqm":108297,"split":false,"population":3081.8769196039484,"days_covered":18,"daytime_peak_f":86.4,"heat_anomaly_f":3.6,"extreme_pct":22.0,"nighttime_stress_f":-3.6,"daytime_peak_f_climrel":0.1994,"heat_anomaly_f_climrel":0.1994,"nighttime_stress_f_climrel":-0.2085,"extreme_pct_climrel":0.55,"ref_daytime_hi_mean":82.8,"ref_daytime_hi_p95":97.0,"rwi_mean":null,"health_per_10k":3.244775914440184,"built_frac":0.936,"tree_frac":0.051,"canopy_frac_over_3m":0.083,"viirs_mean":79.3,"gdl_hdi":0.961,"gdl_region":"Massachusetts","ghsl_smod":30,"lst_anomaly_c":3.28,"lst_anomaly_c_climrel":0.41,"worldpop_pop_total":3722.0,"frac_under5":2.4,"frac_elderly_65plus":11.2,"frac_elderly_75plus":5.4,"old_age_dependency_ratio":0.133,"has_data":true},"geometry":{"type":"Polygon","coordinates":[[[-71.072355,42.361207],[-71.070812,42.360902],[-71.068752,42.36108],[-71.066911,42.361141],[-71.065161,42.361201],[-71.065048,42.359368],[-71.066823,42.359352],[-71.068629,42.359568],[-71.070786,42.359467],[-71.072123,42.359465],[-71.072355,42.361207]]]}},{"type":"Feature","properties":{"unit_id":"25025092300","name":"Census Tract 923 \u2014 Suffolk","native_id":"25025092300","source":"census_tract_2025","adm3_name":"Suffolk County","adm3_id":"25025","area_sqm":342974,"split":false,"population":1730.9659309383735,"days_covered":18,"daytime_peak_f":87.3,"heat_anomaly_f":2.9,"extreme_pct":17.0,"nighttime_stress_f":-5.1,"daytime_peak_f_climrel":0.1686,"heat_anomaly_f_climrel":0.1686,"nighttime_stress_f_climrel":-0.3,"extreme_pct_climrel":0.425,"ref_daytime_hi_mean":84.4,"ref_daytime_hi_p95":98.1,"rwi_mean":null,"health_per_10k":5.777121213806272,"built_frac":0.762,"tree_frac":0.232,"canopy_frac_over_3m":0.139,"viirs_mean":42.4,"gdl_hdi":0.961,"gdl_region":"Massachusetts","ghsl_smod":30,"lst_anomaly_c":3.22,"lst_anomaly_c_climrel":0.4025,"worldpop_pop_total":3388.0,"frac_under5":7.0,"frac_elderly_65plus":12.5,"frac_elderly_75plus":5.5,"old_age_dependency_ratio":0.191,"has_data":true},"geometry":{"type":"Polygon","coordinates":[[[-71.078852,42.296708],[-71.076289,42.297313],[-71.074289,42.296556],[-71.072269,42.296675],[-71.072117,42.295513],[-71.071913,42.293933],[-71.071769,42.292298],[-71.071602,42.290218],[-71.071996,42.290217],[-71.074145,42.29084],[-71.076105,42.291424],[-71.078147,42.292022],[-71.078481,42.294346],[-71.078852,42.296708]]]}},{"type":"Feature","properties":{"unit_id":"25017351300","name":"Census Tract 3513 \u2014 Middlesex","native_id":"25017351300","source":"census_tract_2025","adm3_name":"Middlesex County","adm3_id":"25017","area_sqm":515813,"split":false,"population":5683.0,"days_covered":18,"daytime_peak_f":86.4,"heat_anomaly_f":3.6,"extreme_pct":22.0,"nighttime_stress_f":-3.6,"daytime_peak_f_climrel":0.1994,"heat_anomaly_f_climrel":0.1994,"nighttime_stress_f_climrel":-0.2085,"extreme_pct_climrel":0.55,"ref_daytime_hi_mean":82.8,"ref_daytime_hi_p95":97.0,"rwi_mean":null,"health_per_10k":1.7596339961288052,"built_frac":0.761,"tree_frac":0.227,"canopy_frac_over_3m":0.158,"viirs_mean":47.9,"gdl_hdi":0.961,"gdl_region":"Massachusetts","ghsl_smod":30,"lst_anomaly_c":4.25,"lst_anomaly_c_climrel":0.5312,"worldpop_pop_total":4196.0,"frac_under5":4.1,"frac_elderly_65plus":15.4,"frac_elderly_75plus":7.1,"old_age_dependency_ratio":0.21,"has_data":true},"geometry":{"type":"Polygon","coordinates":[[[-71.09965,42.385523],[-71.09763,42.388431],[-71.09542,42.38743],[-71.093528,42.386379],[-71.091252,42.384165],[-71.091469,42.383282],[-71.09014,42.381425],[-71.089794,42.380275],[-71.089925,42.380064],[-71.09143,42.379609],[-71.095919,42.379656],[-71.097172,42.381019],[-71.097507,42.381481],[-71.100403,42.384362],[-71.09965,42.385523]]]}},{"type":"Feature","properties":{"unit_id":"25017300100","name":"Census Tract 3001 \u2014 Middlesex","native_id":"25017300100","source":"census_tract_2025","adm3_name":"Middlesex County","adm3_id":"25017","area_sqm":61290671,"split":false,"population":2361.0,"days_covered":18,"daytime_peak_f":85.0,"heat_anomaly_f":2.8,"extreme_pct":17.0,"nighttime_stress_f":-6.9,"daytime_peak_f_climrel":0.1808,"heat_anomaly_f_climrel":0.1808,"nighttime_stress_f_climrel":-0.3,"extreme_pct_climrel":0.425,"ref_daytime_hi_mean":82.2,"ref_daytime_hi_p95":93.3,"rwi_mean":null,"health_per_10k":0.0,"built_frac":0.009,"tree_frac":0.898,"canopy_frac_over_3m":0.819,"viirs_mean":0.7,"gdl_hdi":0.961,"gdl_region":"Massachusetts","ghsl_smod":12,"lst_anomaly_c":-8.66,"lst_anomaly_c_climrel":0,"worldpop_pop_total":3147.0,"frac_under5":4.8,"frac_elderly_65plus":18.9,"frac_elderly_75plus":6.2,"old_age_dependency_ratio":0.289,"has_data":true},"geometry":{"type":"Polygon","coordinates":[[[-71.89877002948,42.7114218822193],[-71.8238024745524,42.7093952338362],[-71.8053900684015,42.7088974788648],[-71.7725568791756,42.708009877156],[-71.774363,42.672228],[-71.775755,42.64423],[-71.775325,42.636663],[-71.794186,42.637025],[-71.844843,42.637985],[-71.858483,42.633815],[-71.856814,42.660836],[-71.856393,42.667643],[-71.857757,42.674982],[-71.863754,42.679551],[-71.865751,42.684111],[-71.869778,42.683647],[-71.87745,42.689286],[-71.897103,42.703728],[-71.89877002948,42.7114218822193]]]}},{"type":"Feature","properties":{"unit_id":"25025000701","name":"Census Tract 7.01 \u2014 Suffolk","native_id":"25025000701","source":"census_tract_2025","adm3_name":"Suffolk County","adm3_id":"25025","area_sqm":230440,"split":false,"population":5766.0,"days_covered":18,"daytime_peak_f":87.3,"heat_anomaly_f":2.9,"extreme_pct":17.0,"nighttime_stress_f":-5.1,"daytime_peak_f_climrel":0.1686,"heat_anomaly_f_climrel":0.1686,"nighttime_stress_f_climrel":-0.3,"extreme_pct_climrel":0.425,"ref_daytime_hi_mean":84.4,"ref_daytime_hi_p95":98.1,"rwi_mean":null,"health_per_10k":1.734304543877905,"built_frac":0.866,"tree_frac":0.134,"canopy_frac_over_3m":0.164,"viirs_mean":48.1,"gdl_hdi":0.961,"gdl_region":"Massachusetts","ghsl_smod":30,"lst_anomaly_c":6.47,"lst_anomaly_c_climrel":0.8087,"worldpop_pop_total":4172.0,"frac_under5":2.0,"frac_elderly_65plus":5.6,"frac_elderly_75plus":2.4,"old_age_dependency_ratio":0.062,"has_data":true},"geometry":{"type":"Polygon","coordinates":[[[-71.141522,42.346291],[-71.140366,42.348686],[-71.139731,42.348977],[-71.13758,42.348649],[-71.136379,42.350393],[-71.135724,42.34904],[-71.135042,42.348165],[-71.135757,42.347968],[-71.134674,42.34685],[-71.134254,42.346577],[-71.135155,42.346023],[-71.135985,42.345366],[-71.137824,42.343876],[-71.138246,42.344126],[-71.139804,42.345093],[-71.141698,42.34602],[-71.141522,42.346291]]]}},{"type":"Feature","properties":{"unit_id":"25025060700","name":"Census Tract 607 \u2014 Suffolk","native_id":"25025060700","source":"census_tract_2025","adm3_name":"Suffolk County","adm3_id":"25025","area_sqm":128227,"split":false,"population":4434.0,"days_covered":18,"daytime_peak_f":87.3,"heat_anomaly_f":2.9,"extreme_pct":17.0,"nighttime_stress_f":-5.1,"daytime_peak_f_climrel":0.1686,"heat_anomaly_f_climrel":0.1686,"nighttime_stress_f_climrel":-0.3,"extreme_pct_climrel":0.425,"ref_daytime_hi_mean":84.4,"ref_daytime_hi_p95":98.1,"rwi_mean":null,"health_per_10k":0.0,"built_frac":0.89,"tree_frac":0.102,"canopy_frac_over_3m":0.109,"viirs_mean":83.6,"gdl_hdi":0.961,"gdl_region":"Massachusetts","ghsl_smod":30,"lst_anomaly_c":5.93,"lst_anomaly_c_climrel":0.7412,"worldpop_pop_total":1365.0,"frac_under5":6.0,"frac_elderly_65plus":10.7,"frac_elderly_75plus":4.4,"old_age_dependency_ratio":0.166,"has_data":true},"geometry":{"type":"Polygon","coordinates":[[[-71.05624,42.338869],[-71.053928,42.340791],[-71.052377,42.339803],[-71.05084,42.338795],[-71.052405,42.337488],[-71.05389,42.33624],[-71.057112,42.338333],[-71.05624,42.338869]]]}},{"type":"Feature","properties":{"unit_id":"25025070301","name":"Census Tract 703.01 \u2014 Suffolk","native_id":"25025070301","source":"census_tract_2025","adm3_name":"Suffolk County","adm3_id":"25025","area_sqm":143331,"split":false,"population":13512.0,"days_covered":18,"daytime_peak_f":87.3,"heat_anomaly_f":2.9,"extreme_pct":17.0,"nighttime_stress_f":-5.1,"daytime_peak_f_climrel":0.1686,"heat_anomaly_f_climrel":0.1686,"nighttime_stress_f_climrel":-0.3,"extreme_pct_climrel":0.425,"ref_daytime_hi_mean":84.4,"ref_daytime_hi_p95":98.1,"rwi_mean":null,"health_per_10k":0.0,"built_frac":0.845,"tree_frac":0.151,"canopy_frac_over_3m":0.129,"viirs_mean":108.9,"gdl_hdi":0.961,"gdl_region":"Massachusetts","ghsl_smod":30,"lst_anomaly_c":3.98,"lst_anomaly_c_climrel":0.4975,"worldpop_pop_total":2158.0,"frac_under5":5.4,"frac_elderly_65plus":15.7,"frac_elderly_75plus":5.6,"old_age_dependency_ratio":0.208,"has_data":true},"geometry":{"type":"Polygon","coordinates":[[[-71.075253,42.345884],[-71.072692,42.347931],[-71.069111,42.347945],[-71.068193,42.347866],[-71.068503,42.347602],[-71.069855,42.345266],[-71.070205,42.344864],[-71.071584,42.343976],[-71.071863,42.343833],[-71.072746,42.345657],[-71.074872,42.345105],[-71.075253,42.345884]]]}},{"type":"Feature","properties":{"unit_id":"25017374700","name":"Census Tract 3747 \u2014 Middlesex","native_id":"25017374700","source":"census_tract_2025","adm3_name":"Middlesex County","adm3_id":"25017","area_sqm":2372489,"split":false,"population":3298.0,"days_covered":18,"daytime_peak_f":87.1,"heat_anomaly_f":3.0,"extreme_pct":17.0,"nighttime_stress_f":-5.1,"daytime_peak_f_climrel":0.1716,"heat_anomaly_f_climrel":0.1716,"nighttime_stress_f_climrel":-0.3,"extreme_pct_climrel":0.425,"ref_daytime_hi_mean":84.1,"ref_daytime_hi_p95":97.6,"rwi_mean":null,"health_per_10k":6.064281382656155,"built_frac":0.22,"tree_frac":0.642,"canopy_frac_over_3m":0.428,"viirs_mean":10.6,"gdl_hdi":0.961,"gdl_region":"Massachusetts","ghsl_smod":30,"lst_anomaly_c":-2.67,"lst_anomaly_c_climrel":0,"worldpop_pop_total":4358.0,"frac_under5":5.3,"frac_elderly_65plus":16.8,"frac_elderly_75plus":7.0,"old_age_dependency_ratio":0.258,"has_data":true},"geometry":{"type":"Polygon","coordinates":[[[-71.26188,42.342152],[-71.259759,42.346111],[-71.260185,42.348378],[-71.258631,42.350052],[-71.260385,42.353633],[-71.256465,42.354905],[-71.25611,42.353824],[-71.254761,42.354232],[-71.253735,42.355044],[-71.252926,42.355962],[-71.252444,42.356105],[-71.243076,42.358875],[-71.237535,42.356679],[-71.233566,42.353965],[-71.231945,42.352885],[-71.236244,42.352658],[-71.238074,42.35186],[-71.238238,42.349964],[-71.23494,42.348645],[-71.235328,42.347551],[-71.232135,42.347566],[-71.235213,42.346978],[-71.237605,42.346906],[-71.246671,42.346101],[-71.249824,42.345685],[-71.251931,42.344838],[-71.25435,42.343292],[-71.260919,42.340982],[-71.26188,42.342152]]]}},{"type":"Feature","properties":{"unit_id":"25017352400","name":"Census Tract 3524 \u2014 Middlesex","native_id":"25017352400","source":"census_tract_2025","adm3_name":"Middlesex County","adm3_id":"25017","area_sqm":225079,"split":false,"population":4023.2341230619627,"days_covered":18,"daytime_peak_f":86.4,"heat_anomaly_f":3.6,"extreme_pct":22.0,"nighttime_stress_f":-3.6,"daytime_peak_f_climrel":0.1994,"heat_anomaly_f_climrel":0.1994,"nighttime_stress_f_climrel":-0.2085,"extreme_pct_climrel":0.55,"ref_daytime_hi_mean":82.8,"ref_daytime_hi_p95":97.0,"rwi_mean":null,"health_per_10k":4.971125067108598,"built_frac":0.789,"tree_frac":0.185,"canopy_frac_over_3m":0.188,"viirs_mean":82.4,"gdl_hdi":0.961,"gdl_region":"Massachusetts","ghsl_smod":30,"lst_anomaly_c":3.46,"lst_anomaly_c_climrel":0.4325,"worldpop_pop_total":1887.0,"frac_under5":6.6,"frac_elderly_65plus":11.4,"frac_elderly_75plus":4.0,"old_age_dependency_ratio":0.164,"has_data":true},"geometry":{"type":"Polygon","coordinates":[[[-71.096275,42.364881],[-71.095419,42.367111],[-71.094785,42.368766],[-71.0938,42.367955],[-71.0899,42.364963],[-71.089704,42.364891],[-71.090351,42.363175],[-71.090785,42.362746],[-71.09674,42.363204],[-71.096275,42.364881]]]}},{"type":"Feature","properties":{"unit_id":"25017352300","name":"Census Tract 3523 \u2014 Middlesex","native_id":"25017352300","source":"census_tract_2025","adm3_name":"Middlesex County","adm3_id":"25017","area_sqm":694885,"split":false,"population":10557.0,"days_covered":18,"daytime_peak_f":86.4,"heat_anomaly_f":3.6,"extreme_pct":22.0,"nighttime_stress_f":-3.6,"daytime_peak_f_climrel":0.1994,"heat_anomaly_f_climrel":0.1994,"nighttime_stress_f_climrel":-0.2085,"extreme_pct_climrel":0.55,"ref_daytime_hi_mean":82.8,"ref_daytime_hi_p95":97.0,"rwi_mean":null,"health_per_10k":2.841716396703609,"built_frac":0.859,"tree_frac":0.094,"canopy_frac_over_3m":0.074,"viirs_mean":86.7,"gdl_hdi":0.961,"gdl_region":"Massachusetts","ghsl_smod":30,"lst_anomaly_c":3.99,"lst_anomaly_c_climrel":0.4988,"worldpop_pop_total":4410.0,"frac_under5":5.2,"frac_elderly_65plus":7.4,"frac_elderly_75plus":2.9,"old_age_dependency_ratio":0.09,"has_data":true},"geometry":{"type":"Polygon","coordinates":[[[-71.0899,42.364963],[-71.089181,42.367065],[-71.088259,42.370645],[-71.083464,42.370068],[-71.083625,42.369381],[-71.08031,42.368966],[-71.079061,42.36879],[-71.077388,42.368576],[-71.078235,42.365216],[-71.078822,42.362627],[-71.078237,42.361818],[-71.083456,42.362226],[-71.084389,42.362713],[-71.087331,42.363952],[-71.089432,42.36479],[-71.089704,42.364891],[-71.0899,42.364963]]]}},{"type":"Feature","properties":{"unit_id":"25017358100","name":"Census Tract 3581 \u2014 Middlesex","native_id":"25017358100","source":"census_tract_2025","adm3_name":"Middlesex County","adm3_id":"25017","area_sqm":5458427,"split":false,"population":3838.0,"days_covered":18,"daytime_peak_f":87.1,"heat_anomaly_f":3.0,"extreme_pct":17.0,"nighttime_stress_f":-5.1,"daytime_peak_f_climrel":0.1716,"heat_anomaly_f_climrel":0.1716,"nighttime_stress_f_climrel":-0.3,"extreme_pct_climrel":0.425,"ref_daytime_hi_mean":84.1,"ref_daytime_hi_p95":97.6,"rwi_mean":null,"health_per_10k":5.211047420531527,"built_frac":0.085,"tree_frac":0.819,"canopy_frac_over_3m":0.554,"viirs_mean":7.5,"gdl_hdi":0.961,"gdl_region":"Massachusetts","ghsl_smod":21,"lst_anomaly_c":-5.58,"lst_anomaly_c_climrel":0,"worldpop_pop_total":5207.0,"frac_under5":4.6,"frac_elderly_65plus":20.6,"frac_elderly_75plus":9.5,"old_age_dependency_ratio":0.351,"has_data":true},"geometry":{"type":"Polygon","coordinates":[[[-71.22313,42.432173],[-71.222252,42.434219],[-71.218144,42.434506],[-71.214575,42.435949],[-71.210205,42.434829],[-71.209084,42.435568],[-71.203026,42.440113],[-71.197548,42.437729],[-71.196283,42.436177],[-71.191367,42.433691],[-71.189405,42.428307],[-71.191548,42.426058],[-71.19264,42.424963],[-71.192829,42.424782],[-71.195676,42.42206],[-71.199907,42.417703],[-71.202612,42.414826],[-71.203178,42.414279],[-71.207603,42.40978],[-71.215909,42.414756],[-71.218928,42.415564],[-71.217676,42.417261],[-71.214841,42.418399],[-71.215004,42.418666],[-71.216847,42.419925],[-71.219797,42.422229],[-71.219768,42.424913],[-71.220656,42.427201],[-71.225603,42.429055],[-71.22313,42.432173]]]}},{"type":"Feature","properties":{"unit_id":"25017356602","name":"Census Tract 3566.02 \u2014 Middlesex","native_id":"25017356602","source":"census_tract_2025","adm3_name":"Middlesex County","adm3_id":"25017","area_sqm":1250306,"split":false,"population":4431.0,"days_covered":18,"daytime_peak_f":87.1,"heat_anomaly_f":3.0,"extreme_pct":17.0,"nighttime_stress_f":-5.1,"daytime_peak_f_climrel":0.1716,"heat_anomaly_f_climrel":0.1716,"nighttime_stress_f_climrel":-0.3,"extreme_pct_climrel":0.425,"ref_daytime_hi_mean":84.1,"ref_daytime_hi_p95":97.6,"rwi_mean":null,"health_per_10k":6.770480704129993,"built_frac":0.292,"tree_frac":0.692,"canopy_frac_over_3m":0.416,"viirs_mean":15.4,"gdl_hdi":0.961,"gdl_region":"Massachusetts","ghsl_smod":30,"lst_anomaly_c":-0.8,"lst_anomaly_c_climrel":0,"worldpop_pop_total":4221.0,"frac_under5":5.5,"frac_elderly_65plus":20.2,"frac_elderly_75plus":8.7,"old_age_dependency_ratio":0.329,"has_data":true},"geometry":{"type":"Polygon","coordinates":[[[-71.189998,42.418804],[-71.188863,42.420066],[-71.188279,42.421739],[-71.183507,42.423435],[-71.183442,42.423605],[-71.18219,42.425443],[-71.176317,42.425964],[-71.175703,42.425902],[-71.174611,42.423308],[-71.172515,42.421769],[-71.174192,42.421187],[-71.17588,42.418825],[-71.178797,42.416353],[-71.178978,42.415391],[-71.1796,42.414455],[-71.181398,42.412973],[-71.181952,42.412665],[-71.183712,42.411374],[-71.184547,42.411646],[-71.187221,42.41495],[-71.188772,42.416826],[-71.189168,42.417567],[-71.189998,42.418804]]]}},{"type":"Feature","properties":{"unit_id":"25017350400","name":"Census Tract 3504 \u2014 Middlesex","native_id":"25017350400","source":"census_tract_2025","adm3_name":"Middlesex County","adm3_id":"25017","area_sqm":600702,"split":false,"population":4326.0,"days_covered":18,"daytime_peak_f":86.4,"heat_anomaly_f":3.6,"extreme_pct":22.0,"nighttime_stress_f":-3.6,"daytime_peak_f_climrel":0.1994,"heat_anomaly_f_climrel":0.1994,"nighttime_stress_f_climrel":-0.2085,"extreme_pct_climrel":0.55,"ref_daytime_hi_mean":82.8,"ref_daytime_hi_p95":97.0,"rwi_mean":null,"health_per_10k":4.623208506703652,"built_frac":0.772,"tree_frac":0.22,"canopy_frac_over_3m":0.232,"viirs_mean":34.5,"gdl_hdi":0.961,"gdl_region":"Massachusetts","ghsl_smod":30,"lst_anomaly_c":3.88,"lst_anomaly_c_climrel":0.485,"worldpop_pop_total":5822.0,"frac_under5":4.1,"frac_elderly_65plus":10.4,"frac_elderly_75plus":4.6,"old_age_dependency_ratio":0.128,"has_data":true},"geometry":{"type":"Polygon","coordinates":[[[-71.120896,42.398528],[-71.118915,42.399435],[-71.116619,42.400957],[-71.116962,42.400913],[-71.117062,42.401181],[-71.116909,42.401303],[-71.117199,42.404015],[-71.117419,42.405829],[-71.115541,42.405145],[-71.114916,42.402167],[-71.113868,42.400985],[-71.11075,42.399703],[-71.110446,42.399318],[-71.108861,42.397193],[-71.110739,42.394497],[-71.11109,42.394013],[-71.113676,42.39483],[-71.116034,42.395227],[-71.120152,42.396238],[-71.122166,42.396674],[-71.120896,42.398528]]]}},{"type":"Feature","properties":{"unit_id":"25017354602","name":"Census Tract 3546.02 \u2014 Middlesex","native_id":"25017354602","source":"census_tract_2025","adm3_name":"Middlesex County","adm3_id":"25017","area_sqm":726877,"split":false,"population":5806.0,"days_covered":18,"daytime_peak_f":86.4,"heat_anomaly_f":3.6,"extreme_pct":22.0,"nighttime_stress_f":-3.6,"daytime_peak_f_climrel":0.1994,"heat_anomaly_f_climrel":0.1994,"nighttime_stress_f_climrel":-0.2085,"extreme_pct_climrel":0.55,"ref_daytime_hi_mean":82.8,"ref_daytime_hi_p95":97.0,"rwi_mean":null,"health_per_10k":0.0,"built_frac":0.512,"tree_frac":0.308,"canopy_frac_over_3m":0.274,"viirs_mean":38.5,"gdl_hdi":0.961,"gdl_region":"Massachusetts","ghsl_smod":30,"lst_anomaly_c":1.41,"lst_anomaly_c_climrel":0.1762,"worldpop_pop_total":4174.0,"frac_under5":5.3,"frac_elderly_65plus":15.7,"frac_elderly_75plus":7.1,"old_age_dependency_ratio":0.23,"has_data":true},"geometry":{"type":"Polygon","coordinates":[[[-71.141637,42.38719],[-71.138678,42.390657],[-71.135437,42.391123],[-71.132728,42.390686],[-71.130342,42.390303],[-71.129006,42.390072],[-71.128701,42.389374],[-71.127558,42.387402],[-71.126943,42.386351],[-71.128513,42.385691],[-71.129777,42.383461],[-71.130224,42.383065],[-71.13041,42.382918],[-71.131023,42.38241],[-71.132855,42.383276],[-71.134087,42.38384],[-71.135794,42.3846],[-71.141017,42.386907],[-71.141637,42.38719]]]}},{"type":"Feature","properties":{"unit_id":"25025981700","name":"Census Tract 9817 \u2014 Suffolk","native_id":"25025981700","source":"census_tract_2025","adm3_name":"Suffolk County","adm3_id":"25025","area_sqm":313765,"split":false,"population":15693.0,"days_covered":18,"daytime_peak_f":86.4,"heat_anomaly_f":3.6,"extreme_pct":22.0,"nighttime_stress_f":-3.6,"daytime_peak_f_climrel":0.1994,"heat_anomaly_f_climrel":0.1994,"nighttime_stress_f_climrel":-0.2085,"extreme_pct_climrel":0.55,"ref_daytime_hi_mean":82.8,"ref_daytime_hi_p95":97.0,"rwi_mean":null,"health_per_10k":0.0,"built_frac":0.125,"tree_frac":0.731,"canopy_frac_over_3m":0.328,"viirs_mean":97.9,"gdl_hdi":0.961,"gdl_region":"Massachusetts","ghsl_smod":30,"lst_anomaly_c":-2.35,"lst_anomaly_c_climrel":0,"worldpop_pop_total":5.0,"frac_under5":6.6,"frac_elderly_65plus":33.5,"frac_elderly_75plus":29.4,"old_age_dependency_ratio":0.74,"has_data":true},"geometry":{"type":"Polygon","coordinates":[[[-71.072564,42.355439],[-71.071296,42.355771],[-71.067642,42.356603],[-71.06499,42.357195],[-71.063169,42.357748],[-71.061956,42.356534],[-71.063308,42.355209],[-71.064235,42.353394],[-71.064562,42.352383],[-71.067533,42.352513],[-71.070655,42.351854],[-71.071079,42.352673],[-71.072055,42.354655],[-71.072564,42.355439]]]}},{"type":"Feature","properties":{"unit_id":"25017333200","name":"Census Tract 3332 \u2014 Middlesex","native_id":"25017333200","source":"census_tract_2025","adm3_name":"Middlesex County","adm3_id":"25017","area_sqm":3884685,"split":false,"population":5537.0,"days_covered":18,"daytime_peak_f":87.1,"heat_anomaly_f":3.0,"extreme_pct":17.0,"nighttime_stress_f":-5.1,"daytime_peak_f_climrel":0.1737,"heat_anomaly_f_climrel":0.1737,"nighttime_stress_f_climrel":-0.3,"extreme_pct_climrel":0.425,"ref_daytime_hi_mean":84.0,"ref_daytime_hi_p95":97.5,"rwi_mean":null,"health_per_10k":7.224128589488893,"built_frac":0.21,"tree_frac":0.663,"canopy_frac_over_3m":0.443,"viirs_mean":12.8,"gdl_hdi":0.961,"gdl_region":"Massachusetts","ghsl_smod":21,"lst_anomaly_c":-1.56,"lst_anomaly_c_climrel":0,"worldpop_pop_total":4618.0,"frac_under5":4.9,"frac_elderly_65plus":20.9,"frac_elderly_75plus":10.4,"old_age_dependency_ratio":0.322,"has_data":true},"geometry":{"type":"Polygon","coordinates":[[[-71.182944,42.482122],[-71.181501,42.483622],[-71.174838,42.485455],[-71.168924,42.487087],[-71.170186,42.488979],[-71.159854,42.48483],[-71.156097,42.483076],[-71.155249,42.482368],[-71.154487,42.481736],[-71.152175,42.479937],[-71.151728,42.478945],[-71.151308,42.478209],[-71.150536,42.476636],[-71.152707,42.475393],[-71.152287,42.475022],[-71.155664,42.474013],[-71.160159,42.473582],[-71.161394,42.470256],[-71.15856,42.464272],[-71.154732,42.463011],[-71.152292,42.463716],[-71.153032,42.462495],[-71.155237,42.462479],[-71.156891,42.462404],[-71.174378,42.4699],[-71.175554,42.471319],[-71.181063,42.479536],[-71.181832,42.480333],[-71.182944,42.482122]]]}},{"type":"Feature","properties":{"unit_id":"25017353900","name":"Census Tract 3539 \u2014 Middlesex","native_id":"25017353900","source":"census_tract_2025","adm3_name":"Middlesex County","adm3_id":"25017","area_sqm":323192,"split":false,"population":9943.0,"days_covered":18,"daytime_peak_f":86.4,"heat_anomaly_f":3.6,"extreme_pct":22.0,"nighttime_stress_f":-3.6,"daytime_peak_f_climrel":0.1994,"heat_anomaly_f_climrel":0.1994,"nighttime_stress_f_climrel":-0.2085,"extreme_pct_climrel":0.55,"ref_daytime_hi_mean":82.8,"ref_daytime_hi_p95":97.0,"rwi_mean":null,"health_per_10k":0.0,"built_frac":0.527,"tree_frac":0.272,"canopy_frac_over_3m":0.25,"viirs_mean":67.6,"gdl_hdi":0.961,"gdl_region":"Massachusetts","ghsl_smod":30,"lst_anomaly_c":0.6,"lst_anomaly_c_climrel":0.075,"worldpop_pop_total":4329.0,"frac_under5":2.7,"frac_elderly_65plus":3.2,"frac_elderly_75plus":1.6,"old_age_dependency_ratio":0.034,"has_data":true},"geometry":{"type":"Polygon","coordinates":[[[-71.122454,42.369816],[-71.120965,42.371634],[-71.120151,42.372577],[-71.119122,42.372166],[-71.118606,42.371973],[-71.115954,42.371385],[-71.113905,42.370836],[-71.112607,42.369837],[-71.113448,42.369285],[-71.113512,42.368564],[-71.113508,42.367741],[-71.113578,42.365884],[-71.113901,42.364478],[-71.116921,42.364246],[-71.11723,42.367367],[-71.11896,42.36876],[-71.123204,42.368938],[-71.122454,42.369816]]]}},{"type":"Feature","properties":{"unit_id":"25025080900","name":"Census Tract 809 \u2014 Suffolk","native_id":"25025080900","source":"census_tract_2025","adm3_name":"Suffolk County","adm3_id":"25025","area_sqm":256492,"split":false,"population":5100.349115536896,"days_covered":18,"daytime_peak_f":87.3,"heat_anomaly_f":2.9,"extreme_pct":17.0,"nighttime_stress_f":-5.1,"daytime_peak_f_climrel":0.1686,"heat_anomaly_f_climrel":0.1686,"nighttime_stress_f_climrel":-0.3,"extreme_pct_climrel":0.425,"ref_daytime_hi_mean":84.4,"ref_daytime_hi_p95":98.1,"rwi_mean":null,"health_per_10k":3.9213001986619243,"built_frac":0.775,"tree_frac":0.21,"canopy_frac_over_3m":0.179,"viirs_mean":84.4,"gdl_hdi":0.961,"gdl_region":"Massachusetts","ghsl_smod":30,"lst_anomaly_c":4.07,"lst_anomaly_c_climrel":0.5088,"worldpop_pop_total":4312.0,"frac_under5":3.0,"frac_elderly_65plus":9.0,"frac_elderly_75plus":4.0,"old_age_dependency_ratio":0.105,"has_data":true},"geometry":{"type":"Polygon","coordinates":[[[-71.105605,42.332406],[-71.10491,42.33419],[-71.102427,42.335149],[-71.100306,42.335941],[-71.09979,42.335401],[-71.101321,42.33296],[-71.099319,42.332276],[-71.097185,42.331782],[-71.097603,42.330772],[-71.098495,42.330067],[-71.098941,42.329133],[-71.100861,42.330002],[-71.102293,42.330354],[-71.103081,42.330528],[-71.105169,42.331012],[-71.105605,42.332406]]]}},{"type":"Feature","properties":{"unit_id":"25025110502","name":"Census Tract 1105.02 \u2014 Suffolk","native_id":"25025110502","source":"census_tract_2025","adm3_name":"Suffolk County","adm3_id":"25025","area_sqm":684300,"split":false,"population":2427.4661728345227,"days_covered":18,"daytime_peak_f":87.3,"heat_anomaly_f":2.9,"extreme_pct":17.0,"nighttime_stress_f":-5.1,"daytime_peak_f_climrel":0.1686,"heat_anomaly_f_climrel":0.1686,"nighttime_stress_f_climrel":-0.3,"extreme_pct_climrel":0.425,"ref_daytime_hi_mean":84.4,"ref_daytime_hi_p95":98.1,"rwi_mean":null,"health_per_10k":4.11952187507648,"built_frac":0.654,"tree_frac":0.345,"canopy_frac_over_3m":0.248,"viirs_mean":28.5,"gdl_hdi":0.961,"gdl_region":"Massachusetts","ghsl_smod":30,"lst_anomaly_c":2.65,"lst_anomaly_c_climrel":0.3312,"worldpop_pop_total":3942.0,"frac_under5":6.0,"frac_elderly_65plus":16.5,"frac_elderly_75plus":6.9,"old_age_dependency_ratio":0.243,"has_data":true},"geometry":{"type":"Polygon","coordinates":[[[-71.137424,42.286251],[-71.127659,42.287057],[-71.127045,42.28746],[-71.128128,42.286448],[-71.126098,42.285175],[-71.125127,42.28449],[-71.127942,42.282665],[-71.129082,42.280968],[-71.129751,42.281455],[-71.132758,42.2786],[-71.134785,42.276898],[-71.136998,42.278323],[-71.137227,42.280696],[-71.137615,42.285847],[-71.137424,42.286251]]]}},{"type":"Feature","properties":{"unit_id":"25017311200","name":"Census Tract 3112 \u2014 Middlesex","native_id":"25017311200","source":"census_tract_2025","adm3_name":"Middlesex County","adm3_id":"25017","area_sqm":448407,"split":false,"population":6432.0,"days_covered":18,"daytime_peak_f":86.9,"heat_anomaly_f":2.6,"extreme_pct":17.0,"nighttime_stress_f":-6.2,"daytime_peak_f_climrel":0.155,"heat_anomaly_f_climrel":0.155,"nighttime_stress_f_climrel":-0.3,"extreme_pct_climrel":0.425,"ref_daytime_hi_mean":84.3,"ref_daytime_hi_p95":96.8,"rwi_mean":null,"health_per_10k":0.0,"built_frac":0.778,"tree_frac":0.189,"canopy_frac_over_3m":0.145,"viirs_mean":45.3,"gdl_hdi":0.961,"gdl_region":"Massachusetts","ghsl_smod":30,"lst_anomaly_c":4.35,"lst_anomaly_c_climrel":0.5437,"worldpop_pop_total":2905.0,"frac_under5":6.8,"frac_elderly_65plus":10.2,"frac_elderly_75plus":3.9,"old_age_dependency_ratio":0.147,"has_data":true},"geometry":{"type":"Polygon","coordinates":[[[-71.330607,42.640909],[-71.328497,42.640808],[-71.325058,42.640255],[-71.32006,42.639167],[-71.317841,42.640015],[-71.316518,42.639206],[-71.315812,42.638381],[-71.316078,42.637908],[-71.319395,42.637033],[-71.325139,42.635408],[-71.327234,42.634974],[-71.328976,42.634773],[-71.329288,42.637925],[-71.330607,42.640909]]]}},{"type":"Feature","properties":{"unit_id":"25017333601","name":"Census Tract 3336.01 \u2014 Middlesex","native_id":"25017333601","source":"census_tract_2025","adm3_name":"Middlesex County","adm3_id":"25017","area_sqm":6254620,"split":false,"population":11879.0,"days_covered":18,"daytime_peak_f":86.5,"heat_anomaly_f":4.0,"extreme_pct":17.0,"nighttime_stress_f":-3.3,"daytime_peak_f_climrel":0.2318,"heat_anomaly_f_climrel":0.2318,"nighttime_stress_f_climrel":-0.1839,"extreme_pct_climrel":0.425,"ref_daytime_hi_mean":82.5,"ref_daytime_hi_p95":96.1,"rwi_mean":null,"health_per_10k":5.05093021298089,"built_frac":0.586,"tree_frac":0.29,"canopy_frac_over_3m":0.205,"viirs_mean":44.4,"gdl_hdi":0.961,"gdl_region":"Massachusetts","ghsl_smod":30,"lst_anomaly_c":4.36,"lst_anomaly_c_climrel":0.545,"worldpop_pop_total":1847.0,"frac_under5":6.6,"frac_elderly_65plus":9.9,"frac_elderly_75plus":3.6,"old_age_dependency_ratio":0.131,"has_data":true},"geometry":{"type":"Polygon","coordinates":[[[-71.150661,42.51055],[-71.147189,42.511978],[-71.147699,42.514054],[-71.145393,42.516823],[-71.149179,42.524263],[-71.135454,42.530001],[-71.129932,42.519384],[-71.12419,42.508317],[-71.122395,42.504153],[-71.11976,42.500292],[-71.121496,42.498538],[-71.124051,42.495534],[-71.124448,42.495142],[-71.129301,42.491187],[-71.132466,42.489041],[-71.135218,42.487921],[-71.136622,42.490678],[-71.137144,42.494047],[-71.13851,42.495258],[-71.142036,42.494487],[-71.143452,42.496387],[-71.142242,42.501282],[-71.141081,42.503184],[-71.146754,42.505566],[-71.146052,42.506837],[-71.148568,42.506449],[-71.151907,42.507925],[-71.150661,42.51055]]]}},{"type":"Feature","properties":{"unit_id":"25017330201","name":"Census Tract 3302.01 \u2014 Middlesex","native_id":"25017330201","source":"census_tract_2025","adm3_name":"Middlesex County","adm3_id":"25017","area_sqm":5742269,"split":false,"population":2529.0,"days_covered":18,"daytime_peak_f":86.4,"heat_anomaly_f":2.8,"extreme_pct":17.0,"nighttime_stress_f":-4.9,"daytime_peak_f_climrel":0.1604,"heat_anomaly_f_climrel":0.1604,"nighttime_stress_f_climrel":-0.2853,"extreme_pct_climrel":0.425,"ref_daytime_hi_mean":83.7,"ref_daytime_hi_p95":96.3,"rwi_mean":null,"health_per_10k":0.0,"built_frac":0.099,"tree_frac":0.786,"canopy_frac_over_3m":0.597,"viirs_mean":9.5,"gdl_hdi":0.961,"gdl_region":"Massachusetts","ghsl_smod":21,"lst_anomaly_c":-6.21,"lst_anomaly_c_climrel":0,"worldpop_pop_total":2301.0,"frac_under5":5.2,"frac_elderly_65plus":22.0,"frac_elderly_75plus":9.9,"old_age_dependency_ratio":0.355,"has_data":true},"geometry":{"type":"Polygon","coordinates":[[[-71.12136,42.60028],[-71.110996,42.601164],[-71.108259,42.595925],[-71.105098,42.593088],[-71.101954,42.590208],[-71.100519,42.587615],[-71.096835,42.583859],[-71.093097,42.577226],[-71.090155,42.573561],[-71.08953,42.568758],[-71.087089,42.566794],[-71.086976,42.565346],[-71.092818,42.559272],[-71.103843,42.565168],[-71.104882,42.566442],[-71.107784,42.564573],[-71.110607,42.57462],[-71.112752,42.582288],[-71.116318,42.58906],[-71.119661,42.595312],[-71.12136,42.60028]]]}},{"type":"Feature","properties":{"unit_id":"25017351203","name":"Census Tract 3512.03 \u2014 Middlesex","native_id":"25017351203","source":"census_tract_2025","adm3_name":"Middlesex County","adm3_id":"25017","area_sqm":406606,"split":false,"population":4025.113933317604,"days_covered":18,"daytime_peak_f":86.4,"heat_anomaly_f":3.6,"extreme_pct":22.0,"nighttime_stress_f":-3.6,"daytime_peak_f_climrel":0.1994,"heat_anomaly_f_climrel":0.1994,"nighttime_stress_f_climrel":-0.2085,"extreme_pct_climrel":0.55,"ref_daytime_hi_mean":82.8,"ref_daytime_hi_p95":97.0,"rwi_mean":null,"health_per_10k":7.453205175554675,"built_frac":0.838,"tree_frac":0.122,"canopy_frac_over_3m":0.155,"viirs_mean":42.5,"gdl_hdi":0.961,"gdl_region":"Massachusetts","ghsl_smod":30,"lst_anomaly_c":5.92,"lst_anomaly_c_climrel":0.74,"worldpop_pop_total":4676.0,"frac_under5":4.4,"frac_elderly_65plus":7.4,"frac_elderly_75plus":3.2,"old_age_dependency_ratio":0.087,"has_data":true},"geometry":{"type":"Polygon","coordinates":[[[-71.107272,42.378087],[-71.102797,42.379153],[-71.101428,42.379403],[-71.099478,42.37932],[-71.096387,42.379635],[-71.095868,42.377872],[-71.095211,42.377507],[-71.095589,42.376972],[-71.097416,42.374428],[-71.101611,42.374366],[-71.103204,42.374327],[-71.105427,42.376332],[-71.105943,42.376819],[-71.107272,42.378087]]]}},{"type":"Feature","properties":{"unit_id":"25025081400","name":"Census Tract 814 \u2014 Suffolk","native_id":"25025081400","source":"census_tract_2025","adm3_name":"Suffolk County","adm3_id":"25025","area_sqm":620480,"split":false,"population":3930.0,"days_covered":18,"daytime_peak_f":87.3,"heat_anomaly_f":2.9,"extreme_pct":17.0,"nighttime_stress_f":-5.1,"daytime_peak_f_climrel":0.1686,"heat_anomaly_f_climrel":0.1686,"nighttime_stress_f_climrel":-0.3,"extreme_pct_climrel":0.425,"ref_daytime_hi_mean":84.4,"ref_daytime_hi_p95":98.1,"rwi_mean":null,"health_per_10k":0.0,"built_frac":0.575,"tree_frac":0.395,"canopy_frac_over_3m":0.223,"viirs_mean":62.0,"gdl_hdi":0.961,"gdl_region":"Massachusetts","ghsl_smod":30,"lst_anomaly_c":2.36,"lst_anomaly_c_climrel":0.295,"worldpop_pop_total":3778.0,"frac_under5":4.6,"frac_elderly_65plus":13.9,"frac_elderly_75plus":6.4,"old_age_dependency_ratio":0.187,"has_data":true},"geometry":{"type":"Polygon","coordinates":[[[-71.099368,42.327995],[-71.098941,42.329133],[-71.098495,42.330067],[-71.097603,42.330772],[-71.097185,42.331782],[-71.095351,42.331554],[-71.0944,42.331412],[-71.093806,42.331331],[-71.090527,42.331173],[-71.088189,42.330611],[-71.091441,42.330037],[-71.091239,42.329939],[-71.087674,42.327912],[-71.086996,42.327782],[-71.08789,42.32571],[-71.088788,42.324218],[-71.090956,42.325022],[-71.092905,42.326878],[-71.093472,42.323288],[-71.095398,42.32325],[-71.096523,42.326202],[-71.098398,42.324934],[-71.098917,42.325025],[-71.099278,42.326361],[-71.100113,42.326418],[-71.099368,42.327995]]]}},{"type":"Feature","properties":{"unit_id":"25025050300","name":"Census Tract 503 \u2014 Suffolk","native_id":"25025050300","source":"census_tract_2025","adm3_name":"Suffolk County","adm3_id":"25025","area_sqm":355332,"split":false,"population":2268.2459226283445,"days_covered":18,"daytime_peak_f":86.8,"heat_anomaly_f":3.9,"extreme_pct":22.0,"nighttime_stress_f":-3.5,"daytime_peak_f_climrel":0.2108,"heat_anomaly_f_climrel":0.2108,"nighttime_stress_f_climrel":-0.1981,"extreme_pct_climrel":0.55,"ref_daytime_hi_mean":82.9,"ref_daytime_hi_p95":97.6,"rwi_mean":null,"health_per_10k":8.817386069330997,"built_frac":0.485,"tree_frac":0.03,"canopy_frac_over_3m":0.008,"viirs_mean":45.7,"gdl_hdi":0.961,"gdl_region":"Massachusetts","ghsl_smod":30,"lst_anomaly_c":-2.6,"lst_anomaly_c_climrel":0,"worldpop_pop_total":3606.0,"frac_under5":4.4,"frac_elderly_65plus":15.7,"frac_elderly_75plus":6.7,"old_age_dependency_ratio":0.218,"has_data":true},"geometry":{"type":"Polygon","coordinates":[[[-71.045195,42.377097],[-71.044982,42.378543],[-71.040029,42.37865],[-71.039899,42.37712],[-71.039978,42.374601],[-71.039075,42.374167],[-71.03903,42.372371],[-71.040294,42.370739],[-71.041255,42.369535],[-71.038919,42.368504],[-71.03997,42.367119],[-71.0416821697615,42.3664873177287],[-71.042626,42.367188],[-71.0437334980831,42.3699110078238],[-71.04466,42.372189],[-71.046817295921,42.3730407567864],[-71.045195,42.377097]]]}},{"type":"Feature","properties":{"unit_id":"25025160103","name":"Census Tract 1601.03 \u2014 Suffolk","native_id":"25025160103","source":"census_tract_2025","adm3_name":"Suffolk County","adm3_id":"25025","area_sqm":477240,"split":false,"population":3167.0,"days_covered":18,"daytime_peak_f":86.8,"heat_anomaly_f":3.9,"extreme_pct":22.0,"nighttime_stress_f":-3.5,"daytime_peak_f_climrel":0.2108,"heat_anomaly_f_climrel":0.2108,"nighttime_stress_f_climrel":-0.1981,"extreme_pct_climrel":0.55,"ref_daytime_hi_mean":82.9,"ref_daytime_hi_p95":97.6,"rwi_mean":null,"health_per_10k":0.0,"built_frac":0.751,"tree_frac":0.115,"canopy_frac_over_3m":0.06,"viirs_mean":97.0,"gdl_hdi":0.961,"gdl_region":"Massachusetts","ghsl_smod":30,"lst_anomaly_c":2.48,"lst_anomaly_c_climrel":0.31,"worldpop_pop_total":4773.0,"frac_under5":7.4,"frac_elderly_65plus":10.8,"frac_elderly_75plus":5.3,"old_age_dependency_ratio":0.163,"has_data":true},"geometry":{"type":"Polygon","coordinates":[[[-71.033927,42.388653],[-71.03373,42.389273],[-71.033538,42.389885],[-71.032634,42.391592],[-71.029344,42.390663],[-71.023086,42.389468],[-71.023633,42.387722],[-71.022672,42.386265],[-71.027712,42.384041],[-71.031995,42.384597],[-71.031295,42.386234],[-71.034563,42.386723],[-71.033927,42.388653]]]}},{"type":"Feature","properties":{"unit_id":"25017357800","name":"Census Tract 3578 \u2014 Middlesex","native_id":"25017357800","source":"census_tract_2025","adm3_name":"Middlesex County","adm3_id":"25017","area_sqm":3494971,"split":false,"population":2787.0,"days_covered":18,"daytime_peak_f":87.1,"heat_anomaly_f":3.0,"extreme_pct":17.0,"nighttime_stress_f":-5.1,"daytime_peak_f_climrel":0.1716,"heat_anomaly_f_climrel":0.1716,"nighttime_stress_f_climrel":-0.3,"extreme_pct_climrel":0.425,"ref_daytime_hi_mean":84.1,"ref_daytime_hi_p95":97.6,"rwi_mean":null,"health_per_10k":3.588087549336204,"built_frac":0.125,"tree_frac":0.789,"canopy_frac_over_3m":0.548,"viirs_mean":13.2,"gdl_hdi":0.961,"gdl_region":"Massachusetts","ghsl_smod":21,"lst_anomaly_c":-4.46,"lst_anomaly_c_climrel":0,"worldpop_pop_total":4114.0,"frac_under5":4.2,"frac_elderly_65plus":18.1,"frac_elderly_75plus":8.4,"old_age_dependency_ratio":0.301,"has_data":true},"geometry":{"type":"Polygon","coordinates":[[[-71.202612,42.414826],[-71.194257,42.41339],[-71.195297,42.415172],[-71.194521,42.414937],[-71.194492,42.41499],[-71.194291,42.415321],[-71.184547,42.411646],[-71.183712,42.411374],[-71.181634,42.410882],[-71.177705,42.410212],[-71.174737,42.409141],[-71.175307,42.408091],[-71.175977,42.404094],[-71.176336,42.403664],[-71.174498,42.399847],[-71.174168,42.398858],[-71.17549,42.396038],[-71.175491,42.39577],[-71.176556,42.395137],[-71.174557,42.392787],[-71.174135,42.392393],[-71.173759,42.390109],[-71.174932,42.386245],[-71.175248,42.385062],[-71.178269,42.387149],[-71.178776,42.387694],[-71.180669,42.388925],[-71.182174,42.388328],[-71.182386,42.38941],[-71.183664,42.39077],[-71.179808,42.394313],[-71.180203,42.39449],[-71.178063,42.396475],[-71.181423,42.396499],[-71.182514,42.398268],[-71.184062,42.398375],[-71.193153,42.401237],[-71.196482,42.403425],[-71.198052,42.406131],[-71.201336,42.410224],[-71.203178,42.414279],[-71.202612,42.414826]]]}},{"type":"Feature","properties":{"unit_id":"25017335100","name":"Census Tract 3351 \u2014 Middlesex","native_id":"25017335100","source":"census_tract_2025","adm3_name":"Middlesex County","adm3_id":"25017","area_sqm":4142485,"split":false,"population":6494.0,"days_covered":18,"daytime_peak_f":86.5,"heat_anomaly_f":4.0,"extreme_pct":17.0,"nighttime_stress_f":-3.3,"daytime_peak_f_climrel":0.2318,"heat_anomaly_f_climrel":0.2318,"nighttime_stress_f_climrel":-0.1839,"extreme_pct_climrel":0.425,"ref_daytime_hi_mean":82.5,"ref_daytime_hi_p95":96.1,"rwi_mean":null,"health_per_10k":6.159531875577456,"built_frac":0.282,"tree_frac":0.456,"canopy_frac_over_3m":0.304,"viirs_mean":17.0,"gdl_hdi":0.961,"gdl_region":"Massachusetts","ghsl_smod":30,"lst_anomaly_c":-1.6,"lst_anomaly_c_climrel":0,"worldpop_pop_total":6284.0,"frac_under5":4.9,"frac_elderly_65plus":20.9,"frac_elderly_75plus":9.7,"old_age_dependency_ratio":0.322,"has_data":true},"geometry":{"type":"Polygon","coordinates":[[[-71.093057,42.515529],[-71.083725,42.525261],[-71.081085,42.525473],[-71.080103,42.526388],[-71.079745,42.526725],[-71.07515,42.531035],[-71.067567,42.52468],[-71.067336,42.52502],[-71.066354,42.52481],[-71.065855,42.524828],[-71.061963,42.524299],[-71.060673,42.525227],[-71.05838,42.523621],[-71.057513,42.524173],[-71.062313,42.516983],[-71.063522,42.514843],[-71.064083,42.512473],[-71.065602,42.504998],[-71.066692,42.503558],[-71.067293,42.502803],[-71.069319,42.499702],[-71.069736,42.497965],[-71.070305,42.495553],[-71.071563,42.497529],[-71.075189,42.501696],[-71.076251,42.502906],[-71.078742,42.505758],[-71.080636,42.507806],[-71.086389,42.512198],[-71.089068,42.513773],[-71.093057,42.515529]]]}},{"type":"Feature","properties":{"unit_id":"25025080500","name":"Census Tract 805 \u2014 Suffolk","native_id":"25025080500","source":"census_tract_2025","adm3_name":"Suffolk County","adm3_id":"25025","area_sqm":244076,"split":false,"population":3729.72029444485,"days_covered":18,"daytime_peak_f":87.3,"heat_anomaly_f":2.9,"extreme_pct":17.0,"nighttime_stress_f":-5.1,"daytime_peak_f_climrel":0.1686,"heat_anomaly_f_climrel":0.1686,"nighttime_stress_f_climrel":-0.3,"extreme_pct_climrel":0.425,"ref_daytime_hi_mean":84.4,"ref_daytime_hi_p95":98.1,"rwi_mean":null,"health_per_10k":0.0,"built_frac":0.741,"tree_frac":0.203,"canopy_frac_over_3m":0.122,"viirs_mean":121.0,"gdl_hdi":0.961,"gdl_region":"Massachusetts","ghsl_smod":30,"lst_anomaly_c":5.06,"lst_anomaly_c_climrel":0.6325,"worldpop_pop_total":3032.0,"frac_under5":5.6,"frac_elderly_65plus":13.8,"frac_elderly_75plus":5.9,"old_age_dependency_ratio":0.21,"has_data":true},"geometry":{"type":"Polygon","coordinates":[[[-71.088494,42.334896],[-71.083983,42.33734],[-71.081969,42.338416],[-71.079266,42.336538],[-71.077621,42.336001],[-71.080297,42.333796],[-71.080625,42.333367],[-71.080943,42.332931],[-71.085345,42.335071],[-71.087462,42.334126],[-71.088494,42.334896]]]}},{"type":"Feature","properties":{"unit_id":"25025060501","name":"Census Tract 605.01 \u2014 Suffolk","native_id":"25025060501","source":"census_tract_2025","adm3_name":"Suffolk County","adm3_id":"25025","area_sqm":411742,"split":false,"population":8944.0,"days_covered":18,"daytime_peak_f":86.6,"heat_anomaly_f":4.2,"extreme_pct":28.0,"nighttime_stress_f":-3.3,"daytime_peak_f_climrel":0.2575,"heat_anomaly_f_climrel":0.2575,"nighttime_stress_f_climrel":-0.196,"extreme_pct_climrel":0.7,"ref_daytime_hi_mean":82.4,"ref_daytime_hi_p95":95.6,"rwi_mean":null,"health_per_10k":0.0,"built_frac":0.85,"tree_frac":0.07,"canopy_frac_over_3m":0.058,"viirs_mean":68.8,"gdl_hdi":0.961,"gdl_region":"Massachusetts","ghsl_smod":30,"lst_anomaly_c":5.08,"lst_anomaly_c_climrel":0.635,"worldpop_pop_total":5082.0,"frac_under5":5.0,"frac_elderly_65plus":6.8,"frac_elderly_75plus":2.6,"old_age_dependency_ratio":0.08,"has_data":true},"geometry":{"type":"Polygon","coordinates":[[[-71.04776,42.336812],[-71.045559,42.338718],[-71.043982,42.337988],[-71.042475,42.33801],[-71.037522,42.338095],[-71.035486,42.338141],[-71.029317,42.338238],[-71.029234,42.335729],[-71.033346,42.335661],[-71.037431,42.335588],[-71.04155,42.335518],[-71.044269,42.33547],[-71.045444,42.335452],[-71.045695,42.335452],[-71.04776,42.336812]]]}},{"type":"Feature","properties":{"unit_id":"25025120500","name":"Census Tract 1205 \u2014 Suffolk","native_id":"25025120500","source":"census_tract_2025","adm3_name":"Suffolk County","adm3_id":"25025","area_sqm":213706,"split":false,"population":4376.0,"days_covered":18,"daytime_peak_f":87.3,"heat_anomaly_f":2.9,"extreme_pct":17.0,"nighttime_stress_f":-5.1,"daytime_peak_f_climrel":0.1686,"heat_anomaly_f_climrel":0.1686,"nighttime_stress_f_climrel":-0.3,"extreme_pct_climrel":0.425,"ref_daytime_hi_mean":84.4,"ref_daytime_hi_p95":98.1,"rwi_mean":null,"health_per_10k":0.0,"built_frac":0.73,"tree_frac":0.27,"canopy_frac_over_3m":0.256,"viirs_mean":53.6,"gdl_hdi":0.961,"gdl_region":"Massachusetts","ghsl_smod":30,"lst_anomaly_c":4.11,"lst_anomaly_c_climrel":0.5138,"worldpop_pop_total":2189.0,"frac_under5":5.4,"frac_elderly_65plus":10.9,"frac_elderly_75plus":5.3,"old_age_dependency_ratio":0.142,"has_data":true},"geometry":{"type":"Polygon","coordinates":[[[-71.108452,42.322389],[-71.104867,42.322721],[-71.104016,42.322819],[-71.102465,42.322919],[-71.101744,42.322892],[-71.100023,42.322772],[-71.102944,42.319298],[-71.104475,42.317022],[-71.106673,42.317268],[-71.105795,42.318404],[-71.105131,42.319278],[-71.106788,42.321156],[-71.108452,42.322389]]]}},{"type":"Feature","properties":{"unit_id":"25025010405","name":"Census Tract 104.05 \u2014 Suffolk","native_id":"25025010405","source":"census_tract_2025","adm3_name":"Suffolk County","adm3_id":"25025","area_sqm":364894,"split":false,"population":7516.9933022948035,"days_covered":18,"daytime_peak_f":87.3,"heat_anomaly_f":2.9,"extreme_pct":17.0,"nighttime_stress_f":-5.1,"daytime_peak_f_climrel":0.1686,"heat_anomaly_f_climrel":0.1686,"nighttime_stress_f_climrel":-0.3,"extreme_pct_climrel":0.425,"ref_daytime_hi_mean":84.4,"ref_daytime_hi_p95":98.1,"rwi_mean":null,"health_per_10k":0.0,"built_frac":0.803,"tree_frac":0.186,"canopy_frac_over_3m":0.088,"viirs_mean":114.8,"gdl_hdi":0.961,"gdl_region":"Massachusetts","ghsl_smod":30,"lst_anomaly_c":3.22,"lst_anomaly_c_climrel":0.4025,"worldpop_pop_total":6890.0,"frac_under5":1.0,"frac_elderly_65plus":7.5,"frac_elderly_75plus":4.5,"old_age_dependency_ratio":0.083,"has_data":true},"geometry":{"type":"Polygon","coordinates":[[[-71.092192,42.339139],[-71.092543,42.339513],[-71.093217,42.340889],[-71.092205,42.341335],[-71.090844,42.344077],[-71.090902,42.346544],[-71.089264,42.346887],[-71.089548,42.34541],[-71.089965,42.34392],[-71.090204,42.343189],[-71.090331,42.342605],[-71.091188,42.340949],[-71.09181,42.339871],[-71.091026,42.339608],[-71.09066,42.339766],[-71.086614,42.341474],[-71.084958,42.34277],[-71.0849,42.342733],[-71.084096,42.342192],[-71.083151,42.341622],[-71.084681,42.340293],[-71.090518,42.335665],[-71.090654,42.335744],[-71.095745,42.337727],[-71.092192,42.339139]]]}},{"type":"Feature","properties":{"unit_id":"25017365201","name":"Census Tract 3652.01 \u2014 Middlesex","native_id":"25017365201","source":"census_tract_2025","adm3_name":"Middlesex County","adm3_id":"25017","area_sqm":14841627,"split":false,"population":5423.0,"days_covered":18,"daytime_peak_f":86.7,"heat_anomaly_f":2.9,"extreme_pct":17.0,"nighttime_stress_f":-5.9,"daytime_peak_f_climrel":0.179,"heat_anomaly_f_climrel":0.179,"nighttime_stress_f_climrel":-0.3,"extreme_pct_climrel":0.425,"ref_daytime_hi_mean":83.8,"ref_daytime_hi_p95":96.1,"rwi_mean":null,"health_per_10k":1.8439977872026554,"built_frac":0.046,"tree_frac":0.906,"canopy_frac_over_3m":0.674,"viirs_mean":4.3,"gdl_hdi":0.961,"gdl_region":"Massachusetts","ghsl_smod":21,"lst_anomaly_c":-6.91,"lst_anomaly_c_climrel":0,"worldpop_pop_total":5880.0,"frac_under5":5.6,"frac_elderly_65plus":19.4,"frac_elderly_75plus":8.7,"old_age_dependency_ratio":0.324,"has_data":true},"geometry":{"type":"Polygon","coordinates":[[[-71.472678,42.390025],[-71.471344,42.395175],[-71.468415,42.394714],[-71.462803,42.392036],[-71.460423,42.39196],[-71.456916,42.392601],[-71.452194,42.392584],[-71.445549,42.391842],[-71.442093,42.391667],[-71.435561,42.389174],[-71.431501,42.388112],[-71.428495,42.387971],[-71.423863,42.386394],[-71.418309,42.384901],[-71.415321,42.383017],[-71.411324,42.382382],[-71.408334,42.380029],[-71.403657,42.378072],[-71.398722,42.376534],[-71.393807,42.376845],[-71.387814,42.375278],[-71.386699,42.373053],[-71.388781,42.371481],[-71.387419,42.369953],[-71.390116,42.367859],[-71.390031,42.365231],[-71.391798,42.361837],[-71.391671,42.36098],[-71.403298,42.360274],[-71.40645,42.360255],[-71.410894,42.359337],[-71.413479,42.359618],[-71.422009,42.363212],[-71.437764,42.368334],[-71.456738,42.374484],[-71.475498,42.380655],[-71.472678,42.390025]]]}},{"type":"Feature","properties":{"unit_id":"25025980900","name":"Census Tract 9809 \u2014 Suffolk","native_id":"25025980900","source":"census_tract_2025","adm3_name":"Suffolk County","adm3_id":"25025","area_sqm":1677227,"split":false,"population":23.0,"days_covered":18,"daytime_peak_f":87.1,"heat_anomaly_f":2.7,"extreme_pct":17.0,"nighttime_stress_f":-5.4,"daytime_peak_f_climrel":0.1532,"heat_anomaly_f_climrel":0.1532,"nighttime_stress_f_climrel":-0.3,"extreme_pct_climrel":0.425,"ref_daytime_hi_mean":84.4,"ref_daytime_hi_p95":98.1,"rwi_mean":null,"health_per_10k":0.0,"built_frac":0.065,"tree_frac":0.515,"canopy_frac_over_3m":0.325,"viirs_mean":7.4,"gdl_hdi":0.961,"gdl_region":"Massachusetts","ghsl_smod":30,"lst_anomaly_c":-5.81,"lst_anomaly_c_climrel":0,"worldpop_pop_total":472.0,"frac_under5":6.8,"frac_elderly_65plus":23.9,"frac_elderly_75plus":9.6,"old_age_dependency_ratio":0.388,"has_data":true},"geometry":{"type":"Polygon","coordinates":[[[-71.190904,42.283248],[-71.178636,42.294595],[-71.17623,42.293262],[-71.171569,42.287972],[-71.172416,42.285832],[-71.171099,42.28174],[-71.171218,42.279784],[-71.175549,42.280318],[-71.177016,42.280401],[-71.177653,42.280409],[-71.185307,42.279497],[-71.185511,42.279682],[-71.188212,42.280438],[-71.19051,42.281648],[-71.191247,42.282992],[-71.190904,42.283248]]]}},{"type":"Feature","properties":{"unit_id":"25025100601","name":"Census Tract 1006.01 \u2014 Suffolk","native_id":"25025100601","source":"census_tract_2025","adm3_name":"Suffolk County","adm3_id":"25025","area_sqm":552586,"split":false,"population":2296.74269045938,"days_covered":18,"daytime_peak_f":87.3,"heat_anomaly_f":2.9,"extreme_pct":17.0,"nighttime_stress_f":-5.1,"daytime_peak_f_climrel":0.1686,"heat_anomaly_f_climrel":0.1686,"nighttime_stress_f_climrel":-0.3,"extreme_pct_climrel":0.425,"ref_daytime_hi_mean":84.4,"ref_daytime_hi_p95":98.1,"rwi_mean":null,"health_per_10k":0.0,"built_frac":0.744,"tree_frac":0.239,"canopy_frac_over_3m":0.129,"viirs_mean":40.1,"gdl_hdi":0.961,"gdl_region":"Massachusetts","ghsl_smod":30,"lst_anomaly_c":3.12,"lst_anomaly_c_climrel":0.39,"worldpop_pop_total":5291.0,"frac_under5":5.7,"frac_elderly_65plus":12.6,"frac_elderly_75plus":5.3,"old_age_dependency_ratio":0.175,"has_data":true},"geometry":{"type":"Polygon","coordinates":[[[-71.062611,42.291809],[-71.06036,42.292351],[-71.057296,42.293125],[-71.054651,42.293703],[-71.052431,42.294476],[-71.050633,42.292782],[-71.048418,42.290058],[-71.051472,42.289314],[-71.052158,42.289137],[-71.055347,42.288242],[-71.055703,42.289158],[-71.058624,42.288442],[-71.060489,42.288294],[-71.063796,42.287492],[-71.062611,42.291809]]]}},{"type":"Feature","properties":{"unit_id":"25025180200","name":"Census Tract 1802 \u2014 Suffolk","native_id":"25025180200","source":"census_tract_2025","adm3_name":"Suffolk County","adm3_id":"25025","area_sqm":1067654,"split":false,"population":2932.0,"days_covered":18,"daytime_peak_f":86.8,"heat_anomaly_f":3.9,"extreme_pct":22.0,"nighttime_stress_f":-3.5,"daytime_peak_f_climrel":0.2108,"heat_anomaly_f_climrel":0.2108,"nighttime_stress_f_climrel":-0.1981,"extreme_pct_climrel":0.55,"ref_daytime_hi_mean":82.9,"ref_daytime_hi_p95":97.6,"rwi_mean":null,"health_per_10k":3.4106412005457027,"built_frac":0.551,"tree_frac":0.137,"canopy_frac_over_3m":0.134,"viirs_mean":21.6,"gdl_hdi":0.961,"gdl_region":"Massachusetts","ghsl_smod":30,"lst_anomaly_c":-1.07,"lst_anomaly_c_climrel":0,"worldpop_pop_total":4427.0,"frac_under5":5.1,"frac_elderly_65plus":21.2,"frac_elderly_75plus":9.7,"old_age_dependency_ratio":0.335,"has_data":true},"geometry":{"type":"Polygon","coordinates":[[[-70.994648,42.38115],[-70.994634,42.382711],[-70.994239,42.384647],[-70.988281,42.387107],[-70.986955,42.385391],[-70.984273,42.385383],[-70.983142,42.384595],[-70.981384,42.380991],[-70.9791,42.379477],[-70.980306,42.37786],[-70.979904,42.375778],[-70.981084,42.375247],[-70.984189,42.373794],[-70.984533,42.372654],[-70.98572,42.372789],[-70.987524,42.375917],[-70.989802,42.376764],[-70.992163,42.377043],[-70.993811,42.377122],[-70.997994,42.378197],[-70.994648,42.38115]]]}},{"type":"Feature","properties":{"unit_id":"25025040200","name":"Census Tract 402 \u2014 Suffolk","native_id":"25025040200","source":"census_tract_2025","adm3_name":"Suffolk County","adm3_id":"25025","area_sqm":141291,"split":false,"population":835.1925370080012,"days_covered":18,"daytime_peak_f":86.4,"heat_anomaly_f":3.6,"extreme_pct":22.0,"nighttime_stress_f":-3.6,"daytime_peak_f_climrel":0.1994,"heat_anomaly_f_climrel":0.1994,"nighttime_stress_f_climrel":-0.2085,"extreme_pct_climrel":0.55,"ref_daytime_hi_mean":82.8,"ref_daytime_hi_p95":97.0,"rwi_mean":null,"health_per_10k":0.0,"built_frac":0.87,"tree_frac":0.127,"canopy_frac_over_3m":0.099,"viirs_mean":89.4,"gdl_hdi":0.961,"gdl_region":"Massachusetts","ghsl_smod":30,"lst_anomaly_c":2.06,"lst_anomaly_c_climrel":0.2575,"worldpop_pop_total":1550.0,"frac_under5":9.2,"frac_elderly_65plus":12.7,"frac_elderly_75plus":5.3,"old_age_dependency_ratio":0.197,"has_data":true},"geometry":{"type":"Polygon","coordinates":[[[-71.060492,42.376923],[-71.05989,42.378061],[-71.057116,42.377089],[-71.056459,42.376924],[-71.056286,42.37741],[-71.055912,42.379115],[-71.054154,42.379039],[-71.052941,42.378428],[-71.055231,42.376225],[-71.055835,42.375634],[-71.0578,42.374197],[-71.059326,42.37583],[-71.060008,42.376072],[-71.060492,42.376923]]]}},{"type":"Feature","properties":{"unit_id":"25025070102","name":"Census Tract 701.02 \u2014 Suffolk","native_id":"25025070102","source":"census_tract_2025","adm3_name":"Suffolk County","adm3_id":"25025","area_sqm":138976,"split":false,"population":28818.0,"days_covered":18,"daytime_peak_f":86.4,"heat_anomaly_f":3.6,"extreme_pct":22.0,"nighttime_stress_f":-3.6,"daytime_peak_f_climrel":0.1994,"heat_anomaly_f_climrel":0.1994,"nighttime_stress_f_climrel":-0.2085,"extreme_pct_climrel":0.55,"ref_daytime_hi_mean":82.8,"ref_daytime_hi_p95":97.0,"rwi_mean":null,"health_per_10k":0.6940106877645916,"built_frac":0.889,"tree_frac":0.081,"canopy_frac_over_3m":0.045,"viirs_mean":132.2,"gdl_hdi":0.961,"gdl_region":"Massachusetts","ghsl_smod":30,"lst_anomaly_c":2.02,"lst_anomaly_c_climrel":0.2525,"worldpop_pop_total":3140.0,"frac_under5":2.0,"frac_elderly_65plus":21.8,"frac_elderly_75plus":10.6,"old_age_dependency_ratio":0.293,"has_data":true},"geometry":{"type":"Polygon","coordinates":[[[-71.064235,42.353394],[-71.063308,42.355209],[-71.061956,42.356534],[-71.063169,42.357748],[-71.062642,42.357977],[-71.05829,42.35741],[-71.058737,42.356988],[-71.061697,42.354364],[-71.062516,42.35328],[-71.062575,42.352399],[-71.064562,42.352383],[-71.064235,42.353394]]]}},{"type":"Feature","properties":{"unit_id":"25025100500","name":"Census Tract 1005 \u2014 Suffolk","native_id":"25025100500","source":"census_tract_2025","adm3_name":"Suffolk County","adm3_id":"25025","area_sqm":857716,"split":false,"population":2996.0,"days_covered":18,"daytime_peak_f":87.3,"heat_anomaly_f":2.9,"extreme_pct":17.0,"nighttime_stress_f":-5.1,"daytime_peak_f_climrel":0.1686,"heat_anomaly_f_climrel":0.1686,"nighttime_stress_f_climrel":-0.3,"extreme_pct_climrel":0.425,"ref_daytime_hi_mean":84.4,"ref_daytime_hi_p95":98.1,"rwi_mean":null,"health_per_10k":3.3377837116154874,"built_frac":0.639,"tree_frac":0.322,"canopy_frac_over_3m":0.181,"viirs_mean":38.5,"gdl_hdi":0.961,"gdl_region":"Massachusetts","ghsl_smod":30,"lst_anomaly_c":2.26,"lst_anomaly_c_climrel":0.2825,"worldpop_pop_total":6396.0,"frac_under5":6.8,"frac_elderly_65plus":13.3,"frac_elderly_75plus":5.5,"old_age_dependency_ratio":0.198,"has_data":true},"geometry":{"type":"Polygon","coordinates":[[[-71.078199,42.290774],[-71.078147,42.292022],[-71.076105,42.291424],[-71.074145,42.29084],[-71.071996,42.290217],[-71.071602,42.290218],[-71.070779,42.290148],[-71.067578,42.291426],[-71.065544,42.292043],[-71.06459,42.292347],[-71.062259,42.29301],[-71.062611,42.291809],[-71.063796,42.287492],[-71.064303,42.285699],[-71.066696,42.28513],[-71.071177,42.285348],[-71.071541,42.284497],[-71.07227,42.284631],[-71.076631,42.283775],[-71.077085,42.284425],[-71.077813,42.28799],[-71.078537,42.289335],[-71.078199,42.290774]]]}},{"type":"Feature","properties":{"unit_id":"25025000506","name":"Census Tract 5.06 \u2014 Suffolk","native_id":"25025000506","source":"census_tract_2025","adm3_name":"Suffolk County","adm3_id":"25025","area_sqm":188773,"split":false,"population":1442.7303735160997,"days_covered":18,"daytime_peak_f":87.3,"heat_anomaly_f":2.9,"extreme_pct":17.0,"nighttime_stress_f":-5.1,"daytime_peak_f_climrel":0.1686,"heat_anomaly_f_climrel":0.1686,"nighttime_stress_f_climrel":-0.3,"extreme_pct_climrel":0.425,"ref_daytime_hi_mean":84.4,"ref_daytime_hi_p95":98.1,"rwi_mean":null,"health_per_10k":13.86260410616968,"built_frac":0.638,"tree_frac":0.362,"canopy_frac_over_3m":0.311,"viirs_mean":43.4,"gdl_hdi":0.961,"gdl_region":"Massachusetts","ghsl_smod":30,"lst_anomaly_c":4.46,"lst_anomaly_c_climrel":0.5575,"worldpop_pop_total":3064.0,"frac_under5":2.4,"frac_elderly_65plus":16.4,"frac_elderly_75plus":9.7,"old_age_dependency_ratio":0.207,"has_data":true},"geometry":{"type":"Polygon","coordinates":[[[-71.149839,42.337665],[-71.148847,42.339358],[-71.147571,42.340611],[-71.146311,42.341419],[-71.145923,42.341897],[-71.144358,42.342526],[-71.143109,42.343878],[-71.141918,42.343189],[-71.141518,42.342952],[-71.144619,42.340636],[-71.141809,42.340411],[-71.144212,42.340022],[-71.144779,42.339657],[-71.146215,42.338632],[-71.146156,42.337442],[-71.147266,42.337201],[-71.148701,42.337267],[-71.150309,42.336842],[-71.149839,42.337665]]]}},{"type":"Feature","properties":{"unit_id":"25025120600","name":"Census Tract 1206 \u2014 Suffolk","native_id":"25025120600","source":"census_tract_2025","adm3_name":"Suffolk County","adm3_id":"25025","area_sqm":257295,"split":false,"population":1548.7143045593,"days_covered":18,"daytime_peak_f":87.3,"heat_anomaly_f":2.9,"extreme_pct":17.0,"nighttime_stress_f":-5.1,"daytime_peak_f_climrel":0.1686,"heat_anomaly_f_climrel":0.1686,"nighttime_stress_f_climrel":-0.3,"extreme_pct_climrel":0.425,"ref_daytime_hi_mean":84.4,"ref_daytime_hi_p95":98.1,"rwi_mean":null,"health_per_10k":6.456968835737323,"built_frac":0.598,"tree_frac":0.402,"canopy_frac_over_3m":0.323,"viirs_mean":38.3,"gdl_hdi":0.961,"gdl_region":"Massachusetts","ghsl_smod":30,"lst_anomaly_c":2.82,"lst_anomaly_c_climrel":0.3525,"worldpop_pop_total":2685.0,"frac_under5":6.6,"frac_elderly_65plus":9.5,"frac_elderly_75plus":2.9,"old_age_dependency_ratio":0.121,"has_data":true},"geometry":{"type":"Polygon","coordinates":[[[-71.111669,42.31954],[-71.110693,42.320753],[-71.109938,42.322025],[-71.108452,42.322389],[-71.106788,42.321156],[-71.105131,42.319278],[-71.105795,42.318404],[-71.106673,42.317268],[-71.107236,42.316377],[-71.110121,42.316584],[-71.112764,42.317917],[-71.111669,42.31954]]]}},{"type":"Feature","properties":{"unit_id":"25017342102","name":"Census Tract 3421.02 \u2014 Middlesex","native_id":"25017342102","source":"census_tract_2025","adm3_name":"Middlesex County","adm3_id":"25017","area_sqm":1268059,"split":false,"population":706.0,"days_covered":18,"daytime_peak_f":86.8,"heat_anomaly_f":3.9,"extreme_pct":22.0,"nighttime_stress_f":-3.5,"daytime_peak_f_climrel":0.2108,"heat_anomaly_f_climrel":0.2108,"nighttime_stress_f_climrel":-0.1981,"extreme_pct_climrel":0.55,"ref_daytime_hi_mean":82.9,"ref_daytime_hi_p95":97.6,"rwi_mean":null,"health_per_10k":14.164305949008499,"built_frac":0.361,"tree_frac":0.395,"canopy_frac_over_3m":0.279,"viirs_mean":27.9,"gdl_hdi":0.961,"gdl_region":"Massachusetts","ghsl_smod":30,"lst_anomaly_c":1.0,"lst_anomaly_c_climrel":0.125,"worldpop_pop_total":4883.0,"frac_under5":5.8,"frac_elderly_65plus":14.4,"frac_elderly_75plus":6.2,"old_age_dependency_ratio":0.218,"has_data":true},"geometry":{"type":"Polygon","coordinates":[[[-71.046674,42.416982],[-71.044917,42.419008],[-71.042719,42.421463],[-71.040934,42.42345],[-71.028227,42.424202],[-71.029319,42.421877],[-71.031086,42.418782],[-71.031729,42.417392],[-71.032566,42.415533],[-71.033401,42.415626],[-71.03582,42.414664],[-71.037115,42.41393],[-71.03867,42.413661],[-71.04217,42.413302],[-71.043156,42.413461],[-71.045673,42.412424],[-71.046228,42.413425],[-71.048196,42.415147],[-71.046674,42.416982]]]}},{"type":"Feature","properties":{"unit_id":"25017351500","name":"Census Tract 3515 \u2014 Middlesex","native_id":"25017351500","source":"census_tract_2025","adm3_name":"Middlesex County","adm3_id":"25017","area_sqm":1388287,"split":false,"population":10802.0,"days_covered":18,"daytime_peak_f":86.4,"heat_anomaly_f":3.6,"extreme_pct":22.0,"nighttime_stress_f":-3.6,"daytime_peak_f_climrel":0.1994,"heat_anomaly_f_climrel":0.1994,"nighttime_stress_f_climrel":-0.2085,"extreme_pct_climrel":0.55,"ref_daytime_hi_mean":82.8,"ref_daytime_hi_p95":97.0,"rwi_mean":null,"health_per_10k":3.7030179596371045,"built_frac":0.925,"tree_frac":0.039,"canopy_frac_over_3m":0.017,"viirs_mean":83.9,"gdl_hdi":0.961,"gdl_region":"Massachusetts","ghsl_smod":30,"lst_anomaly_c":6.6,"lst_anomaly_c_climrel":0.825,"worldpop_pop_total":2609.0,"frac_under5":3.1,"frac_elderly_65plus":19.4,"frac_elderly_75plus":8.7,"old_age_dependency_ratio":0.272,"has_data":true},"geometry":{"type":"Polygon","coordinates":[[[-71.095589,42.376972],[-71.095211,42.377507],[-71.095868,42.377872],[-71.096387,42.379635],[-71.095919,42.379656],[-71.09143,42.379609],[-71.089925,42.380064],[-71.089794,42.380275],[-71.088116,42.380821],[-71.087559,42.380988],[-71.086232,42.381315],[-71.080932,42.382133],[-71.080701,42.381039],[-71.075657,42.380196],[-71.072689,42.373222],[-71.074353,42.37255],[-71.074946,42.372918],[-71.076209,42.373985],[-71.080984,42.374043],[-71.081963,42.373616],[-71.085443,42.374045],[-71.086985,42.373275],[-71.087512,42.373402],[-71.089783,42.373948],[-71.092826,42.374185],[-71.094749,42.374292],[-71.097416,42.374428],[-71.095589,42.376972]]]}},{"type":"Feature","properties":{"unit_id":"25025070103","name":"Census Tract 701.03 \u2014 Suffolk","native_id":"25025070103","source":"census_tract_2025","adm3_name":"Suffolk County","adm3_id":"25025","area_sqm":107596,"split":false,"population":2061.30286768041,"days_covered":18,"daytime_peak_f":87.3,"heat_anomaly_f":2.9,"extreme_pct":17.0,"nighttime_stress_f":-5.1,"daytime_peak_f_climrel":0.1686,"heat_anomaly_f_climrel":0.1686,"nighttime_stress_f_climrel":-0.3,"extreme_pct_climrel":0.425,"ref_daytime_hi_mean":84.4,"ref_daytime_hi_p95":98.1,"rwi_mean":null,"health_per_10k":0.0,"built_frac":0.838,"tree_frac":0.02,"canopy_frac_over_3m":0.002,"viirs_mean":130.3,"gdl_hdi":0.961,"gdl_region":"Massachusetts","ghsl_smod":30,"lst_anomaly_c":2.79,"lst_anomaly_c_climrel":0.3488,"worldpop_pop_total":1964.0,"frac_under5":5.6,"frac_elderly_65plus":5.5,"frac_elderly_75plus":1.8,"old_age_dependency_ratio":0.069,"has_data":true},"geometry":{"type":"Polygon","coordinates":[[[-71.062451,42.346985],[-71.061193,42.34793],[-71.059508,42.351149],[-71.059387,42.348681],[-71.057485,42.347658],[-71.058789,42.346157],[-71.060705,42.346253],[-71.063039,42.34685],[-71.062451,42.346985]]]}},{"type":"Feature","properties":{"unit_id":"25017342302","name":"Census Tract 3423.02 \u2014 Middlesex","native_id":"25017342302","source":"census_tract_2025","adm3_name":"Middlesex County","adm3_id":"25017","area_sqm":395320,"split":false,"population":4387.0,"days_covered":18,"daytime_peak_f":86.4,"heat_anomaly_f":3.6,"extreme_pct":22.0,"nighttime_stress_f":-3.6,"daytime_peak_f_climrel":0.1994,"heat_anomaly_f_climrel":0.1994,"nighttime_stress_f_climrel":-0.2085,"extreme_pct_climrel":0.55,"ref_daytime_hi_mean":82.8,"ref_daytime_hi_p95":97.0,"rwi_mean":null,"health_per_10k":0.0,"built_frac":0.922,"tree_frac":0.065,"canopy_frac_over_3m":0.098,"viirs_mean":48.4,"gdl_hdi":0.961,"gdl_region":"Massachusetts","ghsl_smod":30,"lst_anomaly_c":4.6,"lst_anomaly_c_climrel":0.575,"worldpop_pop_total":4735.0,"frac_under5":5.1,"frac_elderly_65plus":11.2,"frac_elderly_75plus":4.7,"old_age_dependency_ratio":0.158,"has_data":true},"geometry":{"type":"Polygon","coordinates":[[[-71.068129,42.415072],[-71.068133,42.415121],[-71.06454,42.415284],[-71.062274,42.415505],[-71.060783,42.411823],[-71.060326,42.411056],[-71.059589,42.409807],[-71.059303,42.408897],[-71.060835,42.408619],[-71.062236,42.40849],[-71.062215,42.408336],[-71.064208,42.40822],[-71.064962,42.409619],[-71.066523,42.410415],[-71.068608,42.413274],[-71.068129,42.415072]]]}},{"type":"Feature","properties":{"unit_id":"25017356100","name":"Census Tract 3561 \u2014 Middlesex","native_id":"25017356100","source":"census_tract_2025","adm3_name":"Middlesex County","adm3_id":"25017","area_sqm":721717,"split":false,"population":2600.0,"days_covered":18,"daytime_peak_f":86.4,"heat_anomaly_f":3.6,"extreme_pct":22.0,"nighttime_stress_f":-3.6,"daytime_peak_f_climrel":0.1994,"heat_anomaly_f_climrel":0.1994,"nighttime_stress_f_climrel":-0.2085,"extreme_pct_climrel":0.55,"ref_daytime_hi_mean":82.8,"ref_daytime_hi_p95":97.0,"rwi_mean":null,"health_per_10k":3.8461538461538463,"built_frac":0.556,"tree_frac":0.387,"canopy_frac_over_3m":0.331,"viirs_mean":22.3,"gdl_hdi":0.961,"gdl_region":"Massachusetts","ghsl_smod":30,"lst_anomaly_c":0.21,"lst_anomaly_c_climrel":0.0262,"worldpop_pop_total":3353.0,"frac_under5":7.9,"frac_elderly_65plus":13.7,"frac_elderly_75plus":6.2,"old_age_dependency_ratio":0.198,"has_data":true},"geometry":{"type":"Polygon","coordinates":[[[-71.156468,42.402568],[-71.150044,42.403772],[-71.148585,42.404064],[-71.146843,42.404331],[-71.146119,42.404533],[-71.142264,42.405763],[-71.141734,42.405351],[-71.140239,42.404169],[-71.136969,42.401488],[-71.136253,42.401071],[-71.140372,42.399831],[-71.141436,42.398959],[-71.142803,42.397878],[-71.143557,42.397428],[-71.143593,42.397412],[-71.152245,42.400816],[-71.155539,42.402095],[-71.156389,42.402527],[-71.156468,42.402568]]]}},{"type":"Feature","properties":{"unit_id":"25017370402","name":"Census Tract 3704.02 \u2014 Middlesex","native_id":"25017370402","source":"census_tract_2025","adm3_name":"Middlesex County","adm3_id":"25017","area_sqm":589581,"split":false,"population":3584.0,"days_covered":18,"daytime_peak_f":87.1,"heat_anomaly_f":3.0,"extreme_pct":17.0,"nighttime_stress_f":-5.1,"daytime_peak_f_climrel":0.1716,"heat_anomaly_f_climrel":0.1716,"nighttime_stress_f_climrel":-0.3,"extreme_pct_climrel":0.425,"ref_daytime_hi_mean":84.1,"ref_daytime_hi_p95":97.6,"rwi_mean":null,"health_per_10k":0.0,"built_frac":0.436,"tree_frac":0.372,"canopy_frac_over_3m":0.312,"viirs_mean":39.6,"gdl_hdi":0.961,"gdl_region":"Massachusetts","ghsl_smod":30,"lst_anomaly_c":-0.14,"lst_anomaly_c_climrel":0,"worldpop_pop_total":1220.0,"frac_under5":5.2,"frac_elderly_65plus":13.8,"frac_elderly_75plus":5.3,"old_age_dependency_ratio":0.187,"has_data":true},"geometry":{"type":"Polygon","coordinates":[[[-71.185278,42.364995],[-71.184338,42.365225],[-71.171374,42.36424],[-71.171445,42.362953],[-71.1672,42.362219],[-71.161508,42.358972],[-71.163888,42.358523],[-71.167625,42.360073],[-71.168653,42.360206],[-71.172754,42.359331],[-71.175272,42.359272],[-71.182126,42.360681],[-71.184874,42.364653],[-71.185551,42.364839],[-71.185278,42.364995]]]}},{"type":"Feature","properties":{"unit_id":"25025101001","name":"Census Tract 1010.01 \u2014 Suffolk","native_id":"25025101001","source":"census_tract_2025","adm3_name":"Suffolk County","adm3_id":"25025","area_sqm":1302132,"split":false,"population":2077.0,"days_covered":18,"daytime_peak_f":87.3,"heat_anomaly_f":2.9,"extreme_pct":17.0,"nighttime_stress_f":-5.1,"daytime_peak_f_climrel":0.1686,"heat_anomaly_f_climrel":0.1686,"nighttime_stress_f_climrel":-0.3,"extreme_pct_climrel":0.425,"ref_daytime_hi_mean":84.4,"ref_daytime_hi_p95":98.1,"rwi_mean":null,"health_per_10k":4.814636494944631,"built_frac":0.44,"tree_frac":0.529,"canopy_frac_over_3m":0.412,"viirs_mean":36.7,"gdl_hdi":0.961,"gdl_region":"Massachusetts","ghsl_smod":30,"lst_anomaly_c":0.03,"lst_anomaly_c_climrel":0.0037,"worldpop_pop_total":5311.0,"frac_under5":5.1,"frac_elderly_65plus":20.3,"frac_elderly_75plus":8.9,"old_age_dependency_ratio":0.321,"has_data":true},"geometry":{"type":"Polygon","coordinates":[[[-71.10858,42.275395],[-71.107526,42.278302],[-71.1037,42.276747],[-71.100542,42.279606],[-71.09845,42.281698],[-71.097928,42.281262],[-71.098332,42.279577],[-71.098124,42.277644],[-71.096913,42.276031],[-71.093683,42.274351],[-71.093695,42.272877],[-71.093881,42.267634],[-71.093908,42.26714],[-71.096752,42.264338],[-71.097899,42.262882],[-71.099676,42.264841],[-71.099623,42.265501],[-71.101243,42.266829],[-71.104367,42.269534],[-71.103358,42.271002],[-71.106563,42.271768],[-71.108415,42.273505],[-71.109191,42.274363],[-71.10858,42.275395]]]}},{"type":"Feature","properties":{"unit_id":"25025000302","name":"Census Tract 3.02 \u2014 Suffolk","native_id":"25025000302","source":"census_tract_2025","adm3_name":"Suffolk County","adm3_id":"25025","area_sqm":589979,"split":false,"population":1346.0,"days_covered":18,"daytime_peak_f":87.1,"heat_anomaly_f":2.7,"extreme_pct":17.0,"nighttime_stress_f":-5.4,"daytime_peak_f_climrel":0.1532,"heat_anomaly_f_climrel":0.1532,"nighttime_stress_f_climrel":-0.3,"extreme_pct_climrel":0.425,"ref_daytime_hi_mean":84.4,"ref_daytime_hi_p95":98.1,"rwi_mean":null,"health_per_10k":0.0,"built_frac":0.438,"tree_frac":0.487,"canopy_frac_over_3m":0.345,"viirs_mean":22.7,"gdl_hdi":0.961,"gdl_region":"Massachusetts","ghsl_smod":30,"lst_anomaly_c":-0.97,"lst_anomaly_c_climrel":0,"worldpop_pop_total":2702.0,"frac_under5":2.7,"frac_elderly_65plus":16.1,"frac_elderly_75plus":7.3,"old_age_dependency_ratio":0.209,"has_data":true},"geometry":{"type":"Polygon","coordinates":[[[-71.174798,42.350265],[-71.169702,42.349411],[-71.168111,42.350663],[-71.167605,42.350604],[-71.165392,42.350272],[-71.163333,42.349115],[-71.163093,42.349041],[-71.162138,42.348989],[-71.160437,42.348916],[-71.161311,42.347576],[-71.162118,42.346373],[-71.165999,42.341593],[-71.166126,42.340088],[-71.166699,42.340009],[-71.174265,42.349584],[-71.174798,42.350265]]]}},{"type":"Feature","properties":{"unit_id":"25017310601","name":"Census Tract 3106.01 \u2014 Middlesex","native_id":"25017310601","source":"census_tract_2025","adm3_name":"Middlesex County","adm3_id":"25017","area_sqm":5040317,"split":false,"population":4190.0,"days_covered":18,"daytime_peak_f":86.7,"heat_anomaly_f":2.7,"extreme_pct":17.0,"nighttime_stress_f":-6.5,"daytime_peak_f_climrel":0.1616,"heat_anomaly_f_climrel":0.1616,"nighttime_stress_f_climrel":-0.3,"extreme_pct_climrel":0.425,"ref_daytime_hi_mean":84.1,"ref_daytime_hi_p95":96.1,"rwi_mean":null,"health_per_10k":2.3866348448687353,"built_frac":0.175,"tree_frac":0.683,"canopy_frac_over_3m":0.534,"viirs_mean":11.4,"gdl_hdi":0.961,"gdl_region":"Massachusetts","ghsl_smod":21,"lst_anomaly_c":-4.41,"lst_anomaly_c_climrel":0,"worldpop_pop_total":6209.0,"frac_under5":5.1,"frac_elderly_65plus":21.9,"frac_elderly_75plus":11.3,"old_age_dependency_ratio":0.356,"has_data":true},"geometry":{"type":"Polygon","coordinates":[[[-71.381362,42.65484],[-71.378204,42.660687],[-71.368882,42.661753],[-71.357523,42.654454],[-71.341801,42.657729],[-71.340912,42.656309],[-71.342778,42.65438],[-71.346142,42.653121],[-71.348402,42.650803],[-71.349451,42.647436],[-71.348687,42.644864],[-71.350968,42.644861],[-71.352357,42.646527],[-71.352872,42.645279],[-71.35532,42.645732],[-71.35471,42.638991],[-71.356845,42.638642],[-71.362554,42.637767],[-71.364738,42.637598],[-71.369495,42.637583],[-71.374252,42.639419],[-71.377115,42.642697],[-71.379751,42.648231],[-71.38092,42.649008],[-71.380531,42.65086],[-71.382472,42.652543],[-71.381362,42.65484]]]}},{"type":"Feature","properties":{"unit_id":"25017370103","name":"Census Tract 3701.03 \u2014 Middlesex","native_id":"25017370103","source":"census_tract_2025","adm3_name":"Middlesex County","adm3_id":"25017","area_sqm":643987,"split":false,"population":3034.0,"days_covered":18,"daytime_peak_f":87.1,"heat_anomaly_f":3.0,"extreme_pct":17.0,"nighttime_stress_f":-5.1,"daytime_peak_f_climrel":0.1716,"heat_anomaly_f_climrel":0.1716,"nighttime_stress_f_climrel":-0.3,"extreme_pct_climrel":0.425,"ref_daytime_hi_mean":84.1,"ref_daytime_hi_p95":97.6,"rwi_mean":null,"health_per_10k":6.591957811470006,"built_frac":0.657,"tree_frac":0.316,"canopy_frac_over_3m":0.241,"viirs_mean":35.0,"gdl_hdi":0.961,"gdl_region":"Massachusetts","ghsl_smod":30,"lst_anomaly_c":3.54,"lst_anomaly_c_climrel":0.4425,"worldpop_pop_total":3629.0,"frac_under5":5.9,"frac_elderly_65plus":20.1,"frac_elderly_75plus":9.9,"old_age_dependency_ratio":0.297,"has_data":true},"geometry":{"type":"Polygon","coordinates":[[[-71.195206,42.367734],[-71.193108,42.367066],[-71.191391,42.369874],[-71.190891,42.371604],[-71.190597,42.372658],[-71.189735,42.373694],[-71.189376,42.37429],[-71.187482,42.373107],[-71.184664,42.371038],[-71.18329,42.370034],[-71.182558,42.369499],[-71.181256,42.368569],[-71.179831,42.367467],[-71.181116,42.366672],[-71.184338,42.365225],[-71.185278,42.364995],[-71.185551,42.364839],[-71.191397,42.36513],[-71.192215,42.365424],[-71.194502,42.366723],[-71.195206,42.367734]]]}},{"type":"Feature","properties":{"unit_id":"25025060800","name":"Census Tract 608 \u2014 Suffolk","native_id":"25025060800","source":"census_tract_2025","adm3_name":"Suffolk County","adm3_id":"25025","area_sqm":343013,"split":false,"population":2259.0530449268904,"days_covered":18,"daytime_peak_f":87.3,"heat_anomaly_f":2.9,"extreme_pct":17.0,"nighttime_stress_f":-5.1,"daytime_peak_f_climrel":0.1686,"heat_anomaly_f_climrel":0.1686,"nighttime_stress_f_climrel":-0.3,"extreme_pct_climrel":0.425,"ref_daytime_hi_mean":84.4,"ref_daytime_hi_p95":98.1,"rwi_mean":null,"health_per_10k":0.0,"built_frac":0.959,"tree_frac":0.041,"canopy_frac_over_3m":0.046,"viirs_mean":84.7,"gdl_hdi":0.961,"gdl_region":"Massachusetts","ghsl_smod":30,"lst_anomaly_c":6.56,"lst_anomaly_c_climrel":0.82,"worldpop_pop_total":5021.0,"frac_under5":4.1,"frac_elderly_65plus":8.3,"frac_elderly_75plus":3.1,"old_age_dependency_ratio":0.097,"has_data":true},"geometry":{"type":"Polygon","coordinates":[[[-71.057112,42.338333],[-71.05389,42.33624],[-71.052405,42.337488],[-71.05084,42.338795],[-71.04776,42.336812],[-71.045695,42.335452],[-71.047508,42.334599],[-71.049688,42.333549],[-71.051057,42.332794],[-71.052302,42.332046],[-71.053151,42.33152],[-71.056733,42.337375],[-71.057112,42.338333]]]}},{"type":"Feature","properties":{"unit_id":"25025051000","name":"Census Tract 510 \u2014 Suffolk","native_id":"25025051000","source":"census_tract_2025","adm3_name":"Suffolk County","adm3_id":"25025","area_sqm":1043220,"split":false,"population":2370.0,"days_covered":18,"daytime_peak_f":86.8,"heat_anomaly_f":3.9,"extreme_pct":22.0,"nighttime_stress_f":-3.5,"daytime_peak_f_climrel":0.2108,"heat_anomaly_f_climrel":0.2108,"nighttime_stress_f_climrel":-0.1981,"extreme_pct_climrel":0.55,"ref_daytime_hi_mean":82.9,"ref_daytime_hi_p95":97.6,"rwi_mean":null,"health_per_10k":0.0,"built_frac":0.601,"tree_frac":0.133,"canopy_frac_over_3m":0.076,"viirs_mean":70.2,"gdl_hdi":0.961,"gdl_region":"Massachusetts","ghsl_smod":30,"lst_anomaly_c":0.64,"lst_anomaly_c_climrel":0.08,"worldpop_pop_total":4175.0,"frac_under5":4.8,"frac_elderly_65plus":14.4,"frac_elderly_75plus":6.1,"old_age_dependency_ratio":0.203,"has_data":true},"geometry":{"type":"Polygon","coordinates":[[[-71.022672,42.386265],[-71.020512,42.387641],[-71.017794,42.390697],[-71.016094,42.395897],[-71.013395,42.397398],[-71.011272,42.396589],[-71.01193,42.395752],[-71.010001,42.39549],[-71.011609,42.393493],[-71.013048,42.391468],[-71.012662,42.390976],[-71.011829,42.390088],[-71.008046,42.38712],[-71.010842,42.386132],[-71.010149,42.3851],[-71.013395,42.382899],[-71.011268,42.380653],[-71.013454,42.380871],[-71.013472,42.379547],[-71.016008,42.380919],[-71.021562,42.380143],[-71.022636,42.381739],[-71.021791,42.383024],[-71.021698,42.383539],[-71.022664,42.383916],[-71.022178,42.384946],[-71.022672,42.386265]]]}},{"type":"Feature","properties":{"unit_id":"25025061203","name":"Census Tract 612.03 \u2014 Suffolk","native_id":"25025061203","source":"census_tract_2025","adm3_name":"Suffolk County","adm3_id":"25025","area_sqm":352712,"split":false,"population":2816.3795797724288,"days_covered":18,"daytime_peak_f":87.3,"heat_anomaly_f":2.9,"extreme_pct":17.0,"nighttime_stress_f":-5.1,"daytime_peak_f_climrel":0.1686,"heat_anomaly_f_climrel":0.1686,"nighttime_stress_f_climrel":-0.3,"extreme_pct_climrel":0.425,"ref_daytime_hi_mean":84.4,"ref_daytime_hi_p95":98.1,"rwi_mean":null,"health_per_10k":3.5506577564406383,"built_frac":0.953,"tree_frac":0.025,"canopy_frac_over_3m":0.012,"viirs_mean":97.3,"gdl_hdi":0.961,"gdl_region":"Massachusetts","ghsl_smod":30,"lst_anomaly_c":5.68,"lst_anomaly_c_climrel":0.71,"worldpop_pop_total":3451.0,"frac_under5":4.5,"frac_elderly_65plus":13.2,"frac_elderly_75plus":7.6,"old_age_dependency_ratio":0.167,"has_data":true},"geometry":{"type":"Polygon","coordinates":[[[-71.05964,42.34486],[-71.058143,42.345647],[-71.05647,42.346111],[-71.057226,42.34354],[-71.052357,42.342123],[-71.051924,42.34253],[-71.050159,42.341693],[-71.052377,42.339803],[-71.053928,42.340791],[-71.05624,42.338869],[-71.057112,42.338333],[-71.057225,42.338802],[-71.059702,42.336859],[-71.059952,42.34232],[-71.059487,42.34358],[-71.060609,42.343718],[-71.05964,42.34486]]]}},{"type":"Feature","properties":{"unit_id":"25025090700","name":"Census Tract 907 \u2014 Suffolk","native_id":"25025090700","source":"census_tract_2025","adm3_name":"Suffolk County","adm3_id":"25025","area_sqm":1073066,"split":false,"population":8233.0,"days_covered":18,"daytime_peak_f":87.3,"heat_anomaly_f":2.9,"extreme_pct":17.0,"nighttime_stress_f":-5.1,"daytime_peak_f_climrel":0.1686,"heat_anomaly_f_climrel":0.1686,"nighttime_stress_f_climrel":-0.3,"extreme_pct_climrel":0.425,"ref_daytime_hi_mean":84.4,"ref_daytime_hi_p95":98.1,"rwi_mean":null,"health_per_10k":0.0,"built_frac":0.916,"tree_frac":0.063,"canopy_frac_over_3m":0.045,"viirs_mean":116.4,"gdl_hdi":0.961,"gdl_region":"Massachusetts","ghsl_smod":30,"lst_anomaly_c":4.68,"lst_anomaly_c_climrel":0.585,"worldpop_pop_total":4703.0,"frac_under5":3.7,"frac_elderly_65plus":13.0,"frac_elderly_75plus":5.7,"old_age_dependency_ratio":0.166,"has_data":true},"geometry":{"type":"Polygon","coordinates":[[[-71.066655,42.325845],[-71.063553,42.330791],[-71.059288,42.329973],[-71.058241,42.329734],[-71.057749,42.328376],[-71.057845,42.328139],[-71.056915,42.328035],[-71.056868,42.326867],[-71.05685,42.326289],[-71.052904,42.32287],[-71.052456,42.321466],[-71.052124,42.319836],[-71.052166,42.318815],[-71.05257,42.319363],[-71.056724,42.318663],[-71.056726,42.31849],[-71.058717,42.318738],[-71.058834,42.3186],[-71.059596,42.318869],[-71.060846,42.319911],[-71.061481,42.3205],[-71.062131,42.320557],[-71.065383,42.321234],[-71.06594,42.321499],[-71.067507,42.323297],[-71.066655,42.325845]]]}},{"type":"Feature","properties":{"unit_id":"25017321301","name":"Census Tract 3213.01 \u2014 Middlesex","native_id":"25017321301","source":"census_tract_2025","adm3_name":"Middlesex County","adm3_id":"25017","area_sqm":1640534,"split":false,"population":4787.0,"days_covered":18,"daytime_peak_f":86.3,"heat_anomaly_f":2.3,"extreme_pct":17.0,"nighttime_stress_f":-6.4,"daytime_peak_f_climrel":0.144,"heat_anomaly_f_climrel":0.144,"nighttime_stress_f_climrel":-0.3,"extreme_pct_climrel":0.425,"ref_daytime_hi_mean":84.0,"ref_daytime_hi_p95":95.8,"rwi_mean":null,"health_per_10k":0.0,"built_frac":0.48,"tree_frac":0.445,"canopy_frac_over_3m":0.336,"viirs_mean":25.5,"gdl_hdi":0.961,"gdl_region":"Massachusetts","ghsl_smod":23,"lst_anomaly_c":0.37,"lst_anomaly_c_climrel":0.0462,"worldpop_pop_total":4251.0,"frac_under5":5.3,"frac_elderly_65plus":11.9,"frac_elderly_75plus":4.3,"old_age_dependency_ratio":0.165,"has_data":true},"geometry":{"type":"Polygon","coordinates":[[[-71.559514,42.345903],[-71.552719,42.348859],[-71.552013,42.349005],[-71.54958,42.349607],[-71.546151,42.350187],[-71.542158,42.351129],[-71.540847,42.351072],[-71.54175,42.349205],[-71.543378,42.347161],[-71.542794,42.34693],[-71.543476,42.345211],[-71.542611,42.342729],[-71.541469,42.334512],[-71.544551,42.334857],[-71.546701,42.334569],[-71.547377,42.334749],[-71.552035,42.338985],[-71.553538,42.340003],[-71.557696,42.343944],[-71.559514,42.345903]]]}},{"type":"Feature","properties":{"unit_id":"25017317302","name":"Census Tract 3173.02 \u2014 Middlesex","native_id":"25017317302","source":"census_tract_2025","adm3_name":"Middlesex County","adm3_id":"25017","area_sqm":7057846,"split":false,"population":5561.0,"days_covered":18,"daytime_peak_f":86.7,"heat_anomaly_f":2.7,"extreme_pct":17.0,"nighttime_stress_f":-6.5,"daytime_peak_f_climrel":0.1616,"heat_anomaly_f_climrel":0.1616,"nighttime_stress_f_climrel":-0.3,"extreme_pct_climrel":0.425,"ref_daytime_hi_mean":84.1,"ref_daytime_hi_p95":96.1,"rwi_mean":null,"health_per_10k":1.798237727027513,"built_frac":0.141,"tree_frac":0.699,"canopy_frac_over_3m":0.546,"viirs_mean":6.2,"gdl_hdi":0.961,"gdl_region":"Massachusetts","ghsl_smod":21,"lst_anomaly_c":-4.46,"lst_anomaly_c_climrel":0,"worldpop_pop_total":5874.0,"frac_under5":4.5,"frac_elderly_65plus":20.6,"frac_elderly_75plus":8.6,"old_age_dependency_ratio":0.321,"has_data":true},"geometry":{"type":"Polygon","coordinates":[[[-71.417642,42.653774],[-71.412309,42.64941],[-71.411978,42.647974],[-71.409764,42.648785],[-71.404028,42.648406],[-71.402782,42.646771],[-71.39889,42.644949],[-71.39832,42.645494],[-71.399014,42.646276],[-71.4011,42.649115],[-71.402033,42.6511],[-71.40211,42.651603],[-71.400631,42.652024],[-71.398995,42.652467],[-71.396968,42.649637],[-71.394341,42.648474],[-71.389208,42.649004],[-71.38522,42.649599],[-71.38092,42.649008],[-71.379751,42.648231],[-71.377115,42.642697],[-71.374252,42.639419],[-71.374901,42.638511],[-71.37895,42.635568],[-71.382147,42.632582],[-71.389853,42.627212],[-71.396561,42.622542],[-71.398067,42.621701],[-71.400462,42.620229],[-71.402016,42.617719],[-71.403434,42.618882],[-71.403769,42.618379],[-71.40709,42.616432],[-71.410899,42.629919],[-71.414394,42.64228],[-71.417642,42.653774]]]}},{"type":"Feature","properties":{"unit_id":"25017370403","name":"Census Tract 3704.03 \u2014 Middlesex","native_id":"25017370403","source":"census_tract_2025","adm3_name":"Middlesex County","adm3_id":"25017","area_sqm":490412,"split":false,"population":3333.0,"days_covered":18,"daytime_peak_f":87.1,"heat_anomaly_f":3.0,"extreme_pct":17.0,"nighttime_stress_f":-5.1,"daytime_peak_f_climrel":0.1716,"heat_anomaly_f_climrel":0.1716,"nighttime_stress_f_climrel":-0.3,"extreme_pct_climrel":0.425,"ref_daytime_hi_mean":84.1,"ref_daytime_hi_p95":97.6,"rwi_mean":null,"health_per_10k":0.0,"built_frac":0.614,"tree_frac":0.308,"canopy_frac_over_3m":0.25,"viirs_mean":33.0,"gdl_hdi":0.961,"gdl_region":"Massachusetts","ghsl_smod":30,"lst_anomaly_c":2.83,"lst_anomaly_c_climrel":0.3538,"worldpop_pop_total":1882.0,"frac_under5":5.0,"frac_elderly_65plus":17.1,"frac_elderly_75plus":8.1,"old_age_dependency_ratio":0.236,"has_data":true},"geometry":{"type":"Polygon","coordinates":[[[-71.196298,42.361802],[-71.192215,42.365424],[-71.191397,42.36513],[-71.185551,42.364839],[-71.184874,42.364653],[-71.182126,42.360681],[-71.182374,42.360406],[-71.18368,42.358829],[-71.185229,42.359196],[-71.190231,42.360384],[-71.193092,42.361052],[-71.196298,42.361802]]]}},{"type":"Feature","properties":{"unit_id":"25025981201","name":"Census Tract 9812.01 \u2014 Suffolk","native_id":"25025981201","source":"census_tract_2025","adm3_name":"Suffolk County","adm3_id":"25025","area_sqm":799562,"split":false,"population":2372.0,"days_covered":18,"daytime_peak_f":86.6,"heat_anomaly_f":4.2,"extreme_pct":28.0,"nighttime_stress_f":-3.3,"daytime_peak_f_climrel":0.2575,"heat_anomaly_f_climrel":0.2575,"nighttime_stress_f_climrel":-0.196,"extreme_pct_climrel":0.7,"ref_daytime_hi_mean":82.4,"ref_daytime_hi_p95":95.6,"rwi_mean":null,"health_per_10k":0.0,"built_frac":0.152,"tree_frac":0.045,"canopy_frac_over_3m":0.068,"viirs_mean":44.5,"gdl_hdi":0.961,"gdl_region":"Massachusetts","ghsl_smod":11,"lst_anomaly_c":-7.22,"lst_anomaly_c_climrel":0,"worldpop_pop_total":8.0,"frac_under5":4.4,"frac_elderly_65plus":12.2,"frac_elderly_75plus":5.8,"old_age_dependency_ratio":0.153,"has_data":true},"geometry":{"type":"Polygon","coordinates":[[[-71.052659,42.329356],[-71.052234,42.329058],[-71.050419,42.330213],[-71.047384,42.330419],[-71.044053,42.330192],[-71.041528,42.330234],[-71.039542,42.330052],[-71.037248,42.329525],[-71.035207,42.32935],[-71.034314,42.329492],[-71.031143,42.330653],[-71.028074,42.332057],[-71.025009,42.333281],[-71.025026,42.334095],[-71.025071,42.335802],[-71.025133,42.33831],[-71.021947,42.337847],[-71.018005,42.338817],[-71.013366,42.338887],[-71.0109482949352,42.3396711987028],[-71.010926,42.339656],[-71.010177,42.337557],[-71.015664,42.330518],[-71.024151,42.333159],[-71.034704,42.328762],[-71.042333,42.330142],[-71.047648,42.328087],[-71.047426,42.323428],[-71.0467260009414,42.323070744949],[-71.047841,42.322592],[-71.048956,42.323429],[-71.050244,42.322017],[-71.050283,42.321864],[-71.050604,42.320758],[-71.050925,42.320876],[-71.051368,42.32141],[-71.052093,42.321469],[-71.052392,42.322976],[-71.052565,42.327112],[-71.052624,42.328597],[-71.052659,42.329356]]]}},{"type":"Feature","properties":{"unit_id":"25017339804","name":"Census Tract 3398.04 \u2014 Middlesex","native_id":"25017339804","source":"census_tract_2025","adm3_name":"Middlesex County","adm3_id":"25017","area_sqm":523764,"split":false,"population":1885.0,"days_covered":18,"daytime_peak_f":86.4,"heat_anomaly_f":3.6,"extreme_pct":22.0,"nighttime_stress_f":-3.6,"daytime_peak_f_climrel":0.1994,"heat_anomaly_f_climrel":0.1994,"nighttime_stress_f_climrel":-0.2085,"extreme_pct_climrel":0.55,"ref_daytime_hi_mean":82.8,"ref_daytime_hi_p95":97.0,"rwi_mean":null,"health_per_10k":0.0,"built_frac":0.789,"tree_frac":0.156,"canopy_frac_over_3m":0.155,"viirs_mean":50.8,"gdl_hdi":0.961,"gdl_region":"Massachusetts","ghsl_smod":30,"lst_anomaly_c":5.72,"lst_anomaly_c_climrel":0.715,"worldpop_pop_total":1877.0,"frac_under5":4.8,"frac_elderly_65plus":15.1,"frac_elderly_75plus":7.5,"old_age_dependency_ratio":0.211,"has_data":true},"geometry":{"type":"Polygon","coordinates":[[[-71.084834,42.412437],[-71.084371,42.414117],[-71.084221,42.415474],[-71.084277,42.416565],[-71.081724,42.415157],[-71.07931,42.414938],[-71.076801,42.413196],[-71.0769,42.410745],[-71.076962,42.40745],[-71.080428,42.408055],[-71.081473,42.405078],[-71.081625,42.405548],[-71.084799,42.411001],[-71.084834,42.412437]]]}},{"type":"Feature","properties":{"unit_id":"25025000101","name":"Census Tract 1.01 \u2014 Suffolk","native_id":"25025000101","source":"census_tract_2025","adm3_name":"Suffolk County","adm3_id":"25025","area_sqm":249924,"split":false,"population":1045.4395665952165,"days_covered":18,"daytime_peak_f":86.4,"heat_anomaly_f":3.6,"extreme_pct":22.0,"nighttime_stress_f":-3.6,"daytime_peak_f_climrel":0.1994,"heat_anomaly_f_climrel":0.1994,"nighttime_stress_f_climrel":-0.2085,"extreme_pct_climrel":0.55,"ref_daytime_hi_mean":82.8,"ref_daytime_hi_p95":97.0,"rwi_mean":null,"health_per_10k":0.0,"built_frac":0.803,"tree_frac":0.191,"canopy_frac_over_3m":0.19,"viirs_mean":65.3,"gdl_hdi":0.961,"gdl_region":"Massachusetts","ghsl_smod":30,"lst_anomaly_c":4.46,"lst_anomaly_c_climrel":0.5575,"worldpop_pop_total":1803.0,"frac_under5":3.6,"frac_elderly_65plus":8.0,"frac_elderly_75plus":4.1,"old_age_dependency_ratio":0.095,"has_data":true},"geometry":{"type":"Polygon","coordinates":[[[-71.136596,42.360161],[-71.136273,42.360903],[-71.135331,42.363175],[-71.133088,42.363383],[-71.130218,42.362694],[-71.130417,42.361957],[-71.129768,42.361072],[-71.128879,42.360368],[-71.13083,42.359024],[-71.131488,42.358595],[-71.133083,42.358556],[-71.133303,42.358581],[-71.136961,42.359315],[-71.136596,42.360161]]]}},{"type":"Feature","properties":{"unit_id":"25017980000","name":"Census Tract 9800 \u2014 Middlesex","native_id":"25017980000","source":"census_tract_2025","adm3_name":"Middlesex County","adm3_id":"25017","area_sqm":3847832,"split":false,"population":74.0,"days_covered":18,"daytime_peak_f":87.1,"heat_anomaly_f":2.9,"extreme_pct":17.0,"nighttime_stress_f":-6.7,"daytime_peak_f_climrel":0.1862,"heat_anomaly_f_climrel":0.1862,"nighttime_stress_f_climrel":-0.3,"extreme_pct_climrel":0.425,"ref_daytime_hi_mean":84.1,"ref_daytime_hi_p95":96.0,"rwi_mean":null,"health_per_10k":0.0,"built_frac":0.001,"tree_frac":0.958,"canopy_frac_over_3m":0.899,"viirs_mean":1.1,"gdl_hdi":0.961,"gdl_region":"Massachusetts","ghsl_smod":11,"lst_anomaly_c":-9.71,"lst_anomaly_c_climrel":0,"worldpop_pop_total":null,"frac_under5":null,"frac_elderly_65plus":null,"frac_elderly_75plus":null,"old_age_dependency_ratio":null,"has_data":true},"geometry":{"type":"Polygon","coordinates":[[[-71.496614,42.414673],[-71.486262,42.41631],[-71.477051,42.420032],[-71.474376,42.421624],[-71.469443,42.402593],[-71.471073,42.396241],[-71.482026,42.400423],[-71.484883,42.399483],[-71.496715,42.40744],[-71.496614,42.414673]]]}},{"type":"Feature","properties":{"unit_id":"25025020301","name":"Census Tract 203.01 \u2014 Suffolk","native_id":"25025020301","source":"census_tract_2025","adm3_name":"Suffolk County","adm3_id":"25025","area_sqm":262787,"split":false,"population":12452.0,"days_covered":18,"daytime_peak_f":86.4,"heat_anomaly_f":3.6,"extreme_pct":22.0,"nighttime_stress_f":-3.6,"daytime_peak_f_climrel":0.1994,"heat_anomaly_f_climrel":0.1994,"nighttime_stress_f_climrel":-0.2085,"extreme_pct_climrel":0.55,"ref_daytime_hi_mean":82.8,"ref_daytime_hi_p95":97.0,"rwi_mean":null,"health_per_10k":3.2123353678124,"built_frac":0.842,"tree_frac":0.117,"canopy_frac_over_3m":0.074,"viirs_mean":88.6,"gdl_hdi":0.961,"gdl_region":"Massachusetts","ghsl_smod":30,"lst_anomaly_c":1.21,"lst_anomaly_c_climrel":0.1512,"worldpop_pop_total":2150.0,"frac_under5":3.6,"frac_elderly_65plus":22.7,"frac_elderly_75plus":13.8,"old_age_dependency_ratio":0.319,"has_data":true},"geometry":{"type":"Polygon","coordinates":[[[-71.072355,42.361207],[-71.068497,42.366506],[-71.070218,42.366148],[-71.071537,42.36711],[-71.070644,42.367949],[-71.070575,42.368015],[-71.067606,42.366426],[-71.068696,42.365486],[-71.065368,42.364831],[-71.065134,42.362404],[-71.063716,42.362198],[-71.063721,42.361241],[-71.065161,42.361201],[-71.066911,42.361141],[-71.068752,42.36108],[-71.070812,42.360902],[-71.072355,42.361207]]]}},{"type":"Feature","properties":{"unit_id":"25017350702","name":"Census Tract 3507.02 \u2014 Middlesex","native_id":"25017350702","source":"census_tract_2025","adm3_name":"Middlesex County","adm3_id":"25017","area_sqm":445785,"split":false,"population":3029.0,"days_covered":18,"daytime_peak_f":86.4,"heat_anomaly_f":3.6,"extreme_pct":22.0,"nighttime_stress_f":-3.6,"daytime_peak_f_climrel":0.1994,"heat_anomaly_f_climrel":0.1994,"nighttime_stress_f_climrel":-0.2085,"extreme_pct_climrel":0.55,"ref_daytime_hi_mean":82.8,"ref_daytime_hi_p95":97.0,"rwi_mean":null,"health_per_10k":3.301419610432486,"built_frac":0.579,"tree_frac":0.335,"canopy_frac_over_3m":0.25,"viirs_mean":25.8,"gdl_hdi":0.961,"gdl_region":"Massachusetts","ghsl_smod":30,"lst_anomaly_c":3.38,"lst_anomaly_c_climrel":0.4225,"worldpop_pop_total":3050.0,"frac_under5":5.0,"frac_elderly_65plus":19.9,"frac_elderly_75plus":10.6,"old_age_dependency_ratio":0.303,"has_data":true},"geometry":{"type":"Polygon","coordinates":[[[-71.134528,42.405813],[-71.133869,42.407042],[-71.132396,42.40897],[-71.132887,42.411973],[-71.132517,42.414573],[-71.132435,42.415216],[-71.131584,42.41579],[-71.131629,42.416622],[-71.127435,42.418135],[-71.126839,42.416802],[-71.126992,42.41663],[-71.129922,42.413327],[-71.12704,42.412328],[-71.127868,42.410581],[-71.128101,42.41072],[-71.12842,42.410218],[-71.130255,42.407355],[-71.131318,42.405822],[-71.130943,42.405623],[-71.133628,42.403483],[-71.134635,42.404259],[-71.134528,42.405813]]]}},{"type":"Feature","properties":{"unit_id":"25025110301","name":"Census Tract 1103.01 \u2014 Suffolk","native_id":"25025110301","source":"census_tract_2025","adm3_name":"Suffolk County","adm3_id":"25025","area_sqm":817931,"split":false,"population":936.0,"days_covered":18,"daytime_peak_f":87.3,"heat_anomaly_f":2.9,"extreme_pct":17.0,"nighttime_stress_f":-5.1,"daytime_peak_f_climrel":0.1686,"heat_anomaly_f_climrel":0.1686,"nighttime_stress_f_climrel":-0.3,"extreme_pct_climrel":0.425,"ref_daytime_hi_mean":84.4,"ref_daytime_hi_p95":98.1,"rwi_mean":null,"health_per_10k":0.0,"built_frac":0.5,"tree_frac":0.379,"canopy_frac_over_3m":0.282,"viirs_mean":27.9,"gdl_hdi":0.961,"gdl_region":"Massachusetts","ghsl_smod":30,"lst_anomaly_c":1.16,"lst_anomaly_c_climrel":0.145,"worldpop_pop_total":2522.0,"frac_under5":5.0,"frac_elderly_65plus":16.1,"frac_elderly_75plus":5.7,"old_age_dependency_ratio":0.232,"has_data":true},"geometry":{"type":"Polygon","coordinates":[[[-71.119282,42.290235],[-71.11726,42.289864],[-71.116587,42.289111],[-71.114402,42.290649],[-71.114432,42.291572],[-71.1139,42.292482],[-71.1134,42.293118],[-71.112628,42.292191],[-71.107947,42.288616],[-71.105401,42.286718],[-71.109428,42.284652],[-71.112183,42.281936],[-71.112232,42.280214],[-71.118909,42.28496],[-71.118817,42.285501],[-71.119549,42.285511],[-71.119282,42.290235]]]}},{"type":"Feature","properties":{"unit_id":"25017373200","name":"Census Tract 3732 \u2014 Middlesex","native_id":"25017373200","source":"census_tract_2025","adm3_name":"Middlesex County","adm3_id":"25017","area_sqm":1277471,"split":false,"population":5139.0,"days_covered":18,"daytime_peak_f":87.1,"heat_anomaly_f":3.0,"extreme_pct":17.0,"nighttime_stress_f":-5.1,"daytime_peak_f_climrel":0.1716,"heat_anomaly_f_climrel":0.1716,"nighttime_stress_f_climrel":-0.3,"extreme_pct_climrel":0.425,"ref_daytime_hi_mean":84.1,"ref_daytime_hi_p95":97.6,"rwi_mean":null,"health_per_10k":1.945903872348706,"built_frac":0.643,"tree_frac":0.319,"canopy_frac_over_3m":0.219,"viirs_mean":27.9,"gdl_hdi":0.961,"gdl_region":"Massachusetts","ghsl_smod":30,"lst_anomaly_c":3.7,"lst_anomaly_c_climrel":0.4625,"worldpop_pop_total":4901.0,"frac_under5":5.2,"frac_elderly_65plus":16.8,"frac_elderly_75plus":7.7,"old_age_dependency_ratio":0.253,"has_data":true},"geometry":{"type":"Polygon","coordinates":[[[-71.209537,42.361503],[-71.206005,42.363696],[-71.204381,42.365122],[-71.204486,42.365785],[-71.202029,42.36582],[-71.198355,42.367392],[-71.196331,42.367178],[-71.195206,42.367734],[-71.194502,42.366723],[-71.192215,42.365424],[-71.196298,42.361802],[-71.193092,42.361052],[-71.195217,42.358823],[-71.195345,42.357262],[-71.195111,42.355904],[-71.195265,42.354948],[-71.195678,42.354861],[-71.198834,42.354009],[-71.203188,42.355882],[-71.206937,42.356706],[-71.206071,42.357347],[-71.208808,42.359281],[-71.207728,42.36024],[-71.209537,42.361503]]]}},{"type":"Feature","properties":{"unit_id":"25017330101","name":"Census Tract 3301.01 \u2014 Middlesex","native_id":"25017330101","source":"census_tract_2025","adm3_name":"Middlesex County","adm3_id":"25017","area_sqm":11274881,"split":false,"population":2279.0,"days_covered":18,"daytime_peak_f":86.4,"heat_anomaly_f":2.8,"extreme_pct":17.0,"nighttime_stress_f":-4.9,"daytime_peak_f_climrel":0.1604,"heat_anomaly_f_climrel":0.1604,"nighttime_stress_f_climrel":-0.2853,"extreme_pct_climrel":0.425,"ref_daytime_hi_mean":83.7,"ref_daytime_hi_p95":96.3,"rwi_mean":null,"health_per_10k":0.0,"built_frac":0.025,"tree_frac":0.866,"canopy_frac_over_3m":0.716,"viirs_mean":3.8,"gdl_hdi":0.961,"gdl_region":"Massachusetts","ghsl_smod":21,"lst_anomaly_c":-8.46,"lst_anomaly_c_climrel":0,"worldpop_pop_total":3767.0,"frac_under5":6.1,"frac_elderly_65plus":17.5,"frac_elderly_75plus":7.0,"old_age_dependency_ratio":0.275,"has_data":true},"geometry":{"type":"Polygon","coordinates":[[[-71.089365,42.603007],[-71.076167,42.604136],[-71.058766,42.609077],[-71.059352,42.606327],[-71.057425,42.604744],[-71.033998,42.585493],[-71.028312,42.574082],[-71.03098,42.572654],[-71.034483,42.574768],[-71.038981,42.575616],[-71.042032,42.574891],[-71.0446,42.573988],[-71.046079,42.573049],[-71.048505,42.572464],[-71.050778,42.572703],[-71.053194,42.573387],[-71.057338,42.575734],[-71.059432,42.57767],[-71.0649,42.577261],[-71.069489,42.57692],[-71.076027,42.577994],[-71.078289,42.577147],[-71.079007,42.580502],[-71.081756,42.586487],[-71.082349,42.589202],[-71.083699,42.590636],[-71.085501,42.59477],[-71.088849,42.599551],[-71.089365,42.603007]]]}},{"type":"Feature","properties":{"unit_id":"25025160602","name":"Census Tract 1606.02 \u2014 Suffolk","native_id":"25025160602","source":"census_tract_2025","adm3_name":"Suffolk County","adm3_id":"25025","area_sqm":730924,"split":false,"population":3984.0,"days_covered":18,"daytime_peak_f":86.8,"heat_anomaly_f":3.9,"extreme_pct":22.0,"nighttime_stress_f":-3.5,"daytime_peak_f_climrel":0.2108,"heat_anomaly_f_climrel":0.2108,"nighttime_stress_f_climrel":-0.1981,"extreme_pct_climrel":0.55,"ref_daytime_hi_mean":82.9,"ref_daytime_hi_p95":97.6,"rwi_mean":null,"health_per_10k":0.0,"built_frac":0.719,"tree_frac":0.259,"canopy_frac_over_3m":0.195,"viirs_mean":57.5,"gdl_hdi":0.961,"gdl_region":"Massachusetts","ghsl_smod":30,"lst_anomaly_c":1.93,"lst_anomaly_c_climrel":0.2412,"worldpop_pop_total":5721.0,"frac_under5":5.8,"frac_elderly_65plus":12.3,"frac_elderly_75plus":5.1,"old_age_dependency_ratio":0.177,"has_data":true},"geometry":{"type":"Polygon","coordinates":[[[-71.040568,42.401982],[-71.039487,42.403626],[-71.039075,42.404263],[-71.037743,42.406318],[-71.037097,42.407315],[-71.035629,42.409641],[-71.03491,42.410876],[-71.033442,42.41338],[-71.033181,42.414206],[-71.031355,42.412512],[-71.029013,42.410319],[-71.026888,42.40655],[-71.026468,42.406124],[-71.02874,42.404333],[-71.029449,42.404105],[-71.035195,42.403225],[-71.036232,42.402455],[-71.039306,42.402855],[-71.040887,42.401749],[-71.040568,42.401982]]]}},{"type":"Feature","properties":{"unit_id":"25025000505","name":"Census Tract 5.05 \u2014 Suffolk","native_id":"25025000505","source":"census_tract_2025","adm3_name":"Suffolk County","adm3_id":"25025","area_sqm":144077,"split":false,"population":1179.5682545630289,"days_covered":18,"daytime_peak_f":87.3,"heat_anomaly_f":2.9,"extreme_pct":17.0,"nighttime_stress_f":-5.1,"daytime_peak_f_climrel":0.1686,"heat_anomaly_f_climrel":0.1686,"nighttime_stress_f_climrel":-0.3,"extreme_pct_climrel":0.425,"ref_daytime_hi_mean":84.4,"ref_daytime_hi_p95":98.1,"rwi_mean":null,"health_per_10k":8.477678134619264,"built_frac":0.855,"tree_frac":0.142,"canopy_frac_over_3m":0.184,"viirs_mean":48.4,"gdl_hdi":0.961,"gdl_region":"Massachusetts","ghsl_smod":30,"lst_anomaly_c":5.21,"lst_anomaly_c_climrel":0.6512,"worldpop_pop_total":1792.0,"frac_under5":2.1,"frac_elderly_65plus":21.4,"frac_elderly_75plus":13.8,"old_age_dependency_ratio":0.288,"has_data":true},"geometry":{"type":"Polygon","coordinates":[[[-71.144619,42.340636],[-71.141518,42.342952],[-71.141918,42.343189],[-71.143109,42.343878],[-71.141698,42.34602],[-71.139804,42.345093],[-71.138246,42.344126],[-71.137824,42.343876],[-71.138809,42.343087],[-71.139977,42.34214],[-71.141298,42.34107],[-71.141809,42.340411],[-71.144619,42.340636]]]}},{"type":"Feature","properties":{"unit_id":"25025000503","name":"Census Tract 5.03 \u2014 Suffolk","native_id":"25025000503","source":"census_tract_2025","adm3_name":"Suffolk County","adm3_id":"25025","area_sqm":139947,"split":false,"population":1021.7700928136094,"days_covered":18,"daytime_peak_f":87.1,"heat_anomaly_f":2.7,"extreme_pct":17.0,"nighttime_stress_f":-5.4,"daytime_peak_f_climrel":0.1532,"heat_anomaly_f_climrel":0.1532,"nighttime_stress_f_climrel":-0.3,"extreme_pct_climrel":0.425,"ref_daytime_hi_mean":84.4,"ref_daytime_hi_p95":98.1,"rwi_mean":null,"health_per_10k":0.0,"built_frac":0.791,"tree_frac":0.209,"canopy_frac_over_3m":0.221,"viirs_mean":38.8,"gdl_hdi":0.961,"gdl_region":"Massachusetts","ghsl_smod":30,"lst_anomaly_c":5.34,"lst_anomaly_c_climrel":0.6675,"worldpop_pop_total":2303.0,"frac_under5":1.7,"frac_elderly_65plus":8.9,"frac_elderly_75plus":4.7,"old_age_dependency_ratio":0.101,"has_data":true},"geometry":{"type":"Polygon","coordinates":[[[-71.152741,42.338646],[-71.152587,42.338896],[-71.151382,42.340423],[-71.149972,42.341466],[-71.148633,42.341814],[-71.147007,42.341782],[-71.145923,42.341897],[-71.146311,42.341419],[-71.147571,42.340611],[-71.148847,42.339358],[-71.149839,42.337665],[-71.150658,42.337495],[-71.152262,42.337185],[-71.153365,42.338185],[-71.152741,42.338646]]]}},{"type":"Feature","properties":{"unit_id":"25017337202","name":"Census Tract 3372.02 \u2014 Middlesex","native_id":"25017337202","source":"census_tract_2025","adm3_name":"Middlesex County","adm3_id":"25017","area_sqm":2955380,"split":false,"population":5572.0,"days_covered":18,"daytime_peak_f":86.5,"heat_anomaly_f":4.0,"extreme_pct":17.0,"nighttime_stress_f":-3.3,"daytime_peak_f_climrel":0.2318,"heat_anomaly_f_climrel":0.2318,"nighttime_stress_f_climrel":-0.1839,"extreme_pct_climrel":0.425,"ref_daytime_hi_mean":82.5,"ref_daytime_hi_p95":96.1,"rwi_mean":null,"health_per_10k":5.384063173007896,"built_frac":0.325,"tree_frac":0.578,"canopy_frac_over_3m":0.334,"viirs_mean":24.0,"gdl_hdi":0.961,"gdl_region":"Massachusetts","ghsl_smod":30,"lst_anomaly_c":1.58,"lst_anomaly_c_climrel":0.1975,"worldpop_pop_total":4965.0,"frac_under5":5.4,"frac_elderly_65plus":26.3,"frac_elderly_75plus":13.0,"old_age_dependency_ratio":0.445,"has_data":true},"geometry":{"type":"Polygon","coordinates":[[[-71.11976,42.500292],[-71.101786,42.502134],[-71.100914,42.500478],[-71.100703,42.498074],[-71.100489,42.494193],[-71.100119,42.486166],[-71.101118,42.485823],[-71.103903,42.483118],[-71.109736,42.478981],[-71.110627,42.478772],[-71.113168,42.478697],[-71.115644,42.489593],[-71.116775,42.49455],[-71.121496,42.498538],[-71.11976,42.500292]]]}},{"type":"Feature","properties":{"unit_id":"25025160501","name":"Census Tract 1605.01 \u2014 Suffolk","native_id":"25025160501","source":"census_tract_2025","adm3_name":"Suffolk County","adm3_id":"25025","area_sqm":385601,"split":false,"population":2610.457317811519,"days_covered":18,"daytime_peak_f":86.8,"heat_anomaly_f":3.9,"extreme_pct":22.0,"nighttime_stress_f":-3.5,"daytime_peak_f_climrel":0.2108,"heat_anomaly_f_climrel":0.2108,"nighttime_stress_f_climrel":-0.1981,"extreme_pct_climrel":0.55,"ref_daytime_hi_mean":82.9,"ref_daytime_hi_p95":97.6,"rwi_mean":null,"health_per_10k":0.0,"built_frac":0.896,"tree_frac":0.104,"canopy_frac_over_3m":0.134,"viirs_mean":101.3,"gdl_hdi":0.961,"gdl_region":"Massachusetts","ghsl_smod":30,"lst_anomaly_c":4.23,"lst_anomaly_c_climrel":0.5288,"worldpop_pop_total":6186.0,"frac_under5":6.2,"frac_elderly_65plus":10.8,"frac_elderly_75plus":4.2,"old_age_dependency_ratio":0.156,"has_data":true},"geometry":{"type":"Polygon","coordinates":[[[-71.03781,42.400671],[-71.036232,42.402455],[-71.035357,42.402119],[-71.032188,42.399399],[-71.030996,42.400217],[-71.029941,42.399695],[-71.029168,42.399058],[-71.028433,42.399468],[-71.026753,42.397834],[-71.030714,42.395524],[-71.029643,42.395297],[-71.030379,42.394883],[-71.032955,42.395408],[-71.035381,42.395917],[-71.036525,42.39692],[-71.035584,42.397466],[-71.038062,42.399906],[-71.03781,42.400671]]]}},{"type":"Feature","properties":{"unit_id":"25025090300","name":"Census Tract 903 \u2014 Suffolk","native_id":"25025090300","source":"census_tract_2025","adm3_name":"Suffolk County","adm3_id":"25025","area_sqm":380394,"split":false,"population":4278.0,"days_covered":18,"daytime_peak_f":87.3,"heat_anomaly_f":2.9,"extreme_pct":17.0,"nighttime_stress_f":-5.1,"daytime_peak_f_climrel":0.1686,"heat_anomaly_f_climrel":0.1686,"nighttime_stress_f_climrel":-0.3,"extreme_pct_climrel":0.425,"ref_daytime_hi_mean":84.4,"ref_daytime_hi_p95":98.1,"rwi_mean":null,"health_per_10k":0.0,"built_frac":0.731,"tree_frac":0.225,"canopy_frac_over_3m":0.133,"viirs_mean":56.0,"gdl_hdi":0.961,"gdl_region":"Massachusetts","ghsl_smod":30,"lst_anomaly_c":4.0,"lst_anomaly_c_climrel":0.5,"worldpop_pop_total":3879.0,"frac_under5":8.4,"frac_elderly_65plus":9.2,"frac_elderly_75plus":3.3,"old_age_dependency_ratio":0.142,"has_data":true},"geometry":{"type":"Polygon","coordinates":[[[-71.080312,42.312418],[-71.080088,42.312691],[-71.079683,42.313219],[-71.078823,42.314608],[-71.077005,42.313713],[-71.074649,42.312841],[-71.073171,42.312222],[-71.071623,42.311881],[-71.070217,42.311334],[-71.072334,42.310213],[-71.072564,42.310067],[-71.072822,42.309471],[-71.073346,42.30847],[-71.073912,42.307681],[-71.075233,42.308273],[-71.076076,42.307568],[-71.079585,42.30988],[-71.082012,42.310256],[-71.080312,42.312418]]]}},{"type":"Feature","properties":{"unit_id":"25025050200","name":"Census Tract 502 \u2014 Suffolk","native_id":"25025050200","source":"census_tract_2025","adm3_name":"Suffolk County","adm3_id":"25025","area_sqm":243271,"split":false,"population":6868.0,"days_covered":18,"daytime_peak_f":86.8,"heat_anomaly_f":3.9,"extreme_pct":22.0,"nighttime_stress_f":-3.5,"daytime_peak_f_climrel":0.2108,"heat_anomaly_f_climrel":0.2108,"nighttime_stress_f_climrel":-0.1981,"extreme_pct_climrel":0.55,"ref_daytime_hi_mean":82.9,"ref_daytime_hi_p95":97.6,"rwi_mean":null,"health_per_10k":4.368083867210251,"built_frac":0.906,"tree_frac":0.086,"canopy_frac_over_3m":0.043,"viirs_mean":50.9,"gdl_hdi":0.961,"gdl_region":"Massachusetts","ghsl_smod":30,"lst_anomaly_c":5.96,"lst_anomaly_c_climrel":0.745,"worldpop_pop_total":4907.0,"frac_under5":5.6,"frac_elderly_65plus":8.0,"frac_elderly_75plus":3.4,"old_age_dependency_ratio":0.107,"has_data":true},"geometry":{"type":"Polygon","coordinates":[[[-71.040029,42.37865],[-71.039211,42.378634],[-71.035764,42.379936],[-71.034924,42.378685],[-71.034511,42.378069],[-71.030235,42.379663],[-71.02982,42.379051],[-71.029191,42.378128],[-71.03054,42.377006],[-71.031044,42.37732],[-71.033678,42.376827],[-71.034096,42.37745],[-71.036256,42.376652],[-71.035834,42.376031],[-71.03878,42.374927],[-71.039075,42.374167],[-71.039978,42.374601],[-71.039899,42.37712],[-71.040029,42.37865]]]}},{"type":"Feature","properties":{"unit_id":"25017354200","name":"Census Tract 3542 \u2014 Middlesex","native_id":"25017354200","source":"census_tract_2025","adm3_name":"Middlesex County","adm3_id":"25017","area_sqm":1572744,"split":false,"population":3826.0,"days_covered":18,"daytime_peak_f":86.4,"heat_anomaly_f":3.6,"extreme_pct":22.0,"nighttime_stress_f":-3.6,"daytime_peak_f_climrel":0.1994,"heat_anomaly_f_climrel":0.1994,"nighttime_stress_f_climrel":-0.2085,"extreme_pct_climrel":0.55,"ref_daytime_hi_mean":82.8,"ref_daytime_hi_p95":97.0,"rwi_mean":null,"health_per_10k":5.2273915316257185,"built_frac":0.215,"tree_frac":0.642,"canopy_frac_over_3m":0.437,"viirs_mean":26.3,"gdl_hdi":0.961,"gdl_region":"Massachusetts","ghsl_smod":30,"lst_anomaly_c":-2.34,"lst_anomaly_c_climrel":0,"worldpop_pop_total":2896.0,"frac_under5":4.3,"frac_elderly_65plus":32.7,"frac_elderly_75plus":16.5,"old_age_dependency_ratio":0.621,"has_data":true},"geometry":{"type":"Polygon","coordinates":[[[-71.147067,42.37839],[-71.144042,42.380141],[-71.140007,42.380935],[-71.138776,42.38117],[-71.137318,42.381306],[-71.13217,42.38151],[-71.131023,42.38241],[-71.129775,42.381685],[-71.128855,42.381133],[-71.129639,42.380842],[-71.129855,42.377805],[-71.130145,42.377841],[-71.130579,42.374705],[-71.130997,42.373892],[-71.133179,42.372338],[-71.131762,42.369864],[-71.132373,42.368891],[-71.136658,42.366752],[-71.139892,42.36444],[-71.143667,42.365081],[-71.1439,42.365628],[-71.142461,42.367017],[-71.140599,42.370017],[-71.139992,42.373569],[-71.143925,42.374074],[-71.143831,42.375278],[-71.145695,42.375217],[-71.147067,42.37839]]]}},{"type":"Feature","properties":{"unit_id":"25017385203","name":"Census Tract 3852.03 \u2014 Middlesex","native_id":"25017385203","source":"census_tract_2025","adm3_name":"Middlesex County","adm3_id":"25017","area_sqm":5194602,"split":false,"population":3874.0,"days_covered":18,"daytime_peak_f":86.6,"heat_anomaly_f":2.4,"extreme_pct":17.0,"nighttime_stress_f":-6.0,"daytime_peak_f_climrel":0.1474,"heat_anomaly_f_climrel":0.1474,"nighttime_stress_f_climrel":-0.3,"extreme_pct_climrel":0.425,"ref_daytime_hi_mean":84.2,"ref_daytime_hi_p95":96.3,"rwi_mean":null,"health_per_10k":2.581311306143521,"built_frac":0.133,"tree_frac":0.808,"canopy_frac_over_3m":0.562,"viirs_mean":12.1,"gdl_hdi":0.961,"gdl_region":"Massachusetts","ghsl_smod":21,"lst_anomaly_c":-5.07,"lst_anomaly_c_climrel":0,"worldpop_pop_total":4836.0,"frac_under5":5.6,"frac_elderly_65plus":20.8,"frac_elderly_75plus":8.4,"old_age_dependency_ratio":0.327,"has_data":true},"geometry":{"type":"Polygon","coordinates":[[[-71.450967,42.244691],[-71.446635,42.243647],[-71.44379,42.247619],[-71.439943,42.248696],[-71.441449,42.250737],[-71.440922,42.251975],[-71.438242,42.25396],[-71.434553,42.258717],[-71.432423,42.260248],[-71.430012,42.260768],[-71.429273,42.262535],[-71.423733,42.259623],[-71.421482,42.258433],[-71.419298,42.257281],[-71.418303,42.246504],[-71.420075,42.238123],[-71.431492,42.236356],[-71.44606,42.234068],[-71.449015,42.236898],[-71.449563,42.242729],[-71.450967,42.244691]]]}},{"type":"Feature","properties":{"unit_id":"25025030301","name":"Census Tract 303.01 \u2014 Suffolk","native_id":"25025030301","source":"census_tract_2025","adm3_name":"Suffolk County","adm3_id":"25025","area_sqm":154190,"split":false,"population":3813.748401925974,"days_covered":18,"daytime_peak_f":86.4,"heat_anomaly_f":3.6,"extreme_pct":22.0,"nighttime_stress_f":-3.6,"daytime_peak_f_climrel":0.1994,"heat_anomaly_f_climrel":0.1994,"nighttime_stress_f_climrel":-0.2085,"extreme_pct_climrel":0.55,"ref_daytime_hi_mean":82.8,"ref_daytime_hi_p95":97.0,"rwi_mean":null,"health_per_10k":0.0,"built_frac":0.651,"tree_frac":0.119,"canopy_frac_over_3m":0.044,"viirs_mean":149.7,"gdl_hdi":0.961,"gdl_region":"Massachusetts","ghsl_smod":30,"lst_anomaly_c":-4.22,"lst_anomaly_c_climrel":0,"worldpop_pop_total":1299.0,"frac_under5":3.1,"frac_elderly_65plus":37.2,"frac_elderly_75plus":18.8,"old_age_dependency_ratio":0.668,"has_data":true},"geometry":{"type":"Polygon","coordinates":[[[-71.052809,42.360915],[-71.051,42.362584],[-71.051066,42.363703],[-71.051084,42.363995],[-71.0502102174239,42.364236872291],[-71.0502003654495,42.364096783808],[-71.0498956435004,42.3597638415945],[-71.049673,42.356598],[-71.0482832741435,42.356018539708],[-71.049595,42.354497],[-71.05106,42.355131],[-71.050926,42.357385],[-71.051582,42.358762],[-71.051817,42.359615],[-71.052809,42.360915]]]}},{"type":"Feature","properties":{"unit_id":"25025070302","name":"Census Tract 703.02 \u2014 Suffolk","native_id":"25025070302","source":"census_tract_2025","adm3_name":"Suffolk County","adm3_id":"25025","area_sqm":193304,"split":false,"population":3838.280935617378,"days_covered":18,"daytime_peak_f":87.3,"heat_anomaly_f":2.9,"extreme_pct":17.0,"nighttime_stress_f":-5.1,"daytime_peak_f_climrel":0.1686,"heat_anomaly_f_climrel":0.1686,"nighttime_stress_f_climrel":-0.3,"extreme_pct_climrel":0.425,"ref_daytime_hi_mean":84.4,"ref_daytime_hi_p95":98.1,"rwi_mean":null,"health_per_10k":0.0,"built_frac":0.937,"tree_frac":0.05,"canopy_frac_over_3m":0.023,"viirs_mean":137.7,"gdl_hdi":0.961,"gdl_region":"Massachusetts","ghsl_smod":30,"lst_anomaly_c":3.22,"lst_anomaly_c_climrel":0.4025,"worldpop_pop_total":2258.0,"frac_under5":3.6,"frac_elderly_65plus":30.3,"frac_elderly_75plus":17.5,"old_age_dependency_ratio":0.489,"has_data":true},"geometry":{"type":"Polygon","coordinates":[[[-71.072822,42.350755],[-71.070455,42.351417],[-71.070655,42.351854],[-71.067533,42.352513],[-71.066868,42.350962],[-71.066613,42.348761],[-71.068193,42.347866],[-71.069111,42.347945],[-71.072692,42.347931],[-71.072,42.349022],[-71.072659,42.35041],[-71.072822,42.350755]]]}},{"type":"Feature","properties":{"unit_id":"25025060602","name":"Census Tract 606.02 \u2014 Suffolk","native_id":"25025060602","source":"census_tract_2025","adm3_name":"Suffolk County","adm3_id":"25025","area_sqm":432113,"split":false,"population":4190.0,"days_covered":18,"daytime_peak_f":86.6,"heat_anomaly_f":4.2,"extreme_pct":28.0,"nighttime_stress_f":-3.3,"daytime_peak_f_climrel":0.2575,"heat_anomaly_f_climrel":0.2575,"nighttime_stress_f_climrel":-0.196,"extreme_pct_climrel":0.7,"ref_daytime_hi_mean":82.4,"ref_daytime_hi_p95":95.6,"rwi_mean":null,"health_per_10k":0.0,"built_frac":0.948,"tree_frac":0.005,"canopy_frac_over_3m":0.002,"viirs_mean":122.2,"gdl_hdi":0.961,"gdl_region":"Massachusetts","ghsl_smod":30,"lst_anomaly_c":3.29,"lst_anomaly_c_climrel":0.4113,"worldpop_pop_total":551.0,"frac_under5":3.3,"frac_elderly_65plus":4.2,"frac_elderly_75plus":1.8,"old_age_dependency_ratio":0.047,"has_data":true},"geometry":{"type":"Polygon","coordinates":[[[-71.051345,42.343798],[-71.046084,42.348255],[-71.042081,42.346167],[-71.039493,42.344487],[-71.041406,42.344526],[-71.047072,42.339701],[-71.050159,42.341693],[-71.051345,42.343798]]]}},{"type":"Feature","properties":{"unit_id":"25017364102","name":"Census Tract 3641.02 \u2014 Middlesex","native_id":"25017364102","source":"census_tract_2025","adm3_name":"Middlesex County","adm3_id":"25017","area_sqm":8449435,"split":false,"population":5432.0,"days_covered":18,"daytime_peak_f":87.1,"heat_anomaly_f":2.9,"extreme_pct":17.0,"nighttime_stress_f":-6.7,"daytime_peak_f_climrel":0.1862,"heat_anomaly_f_climrel":0.1862,"nighttime_stress_f_climrel":-0.3,"extreme_pct_climrel":0.425,"ref_daytime_hi_mean":84.1,"ref_daytime_hi_p95":96.0,"rwi_mean":null,"health_per_10k":5.522827687776141,"built_frac":0.106,"tree_frac":0.793,"canopy_frac_over_3m":0.625,"viirs_mean":7.7,"gdl_hdi":0.961,"gdl_region":"Massachusetts","ghsl_smod":21,"lst_anomaly_c":-6.01,"lst_anomaly_c_climrel":0,"worldpop_pop_total":5068.0,"frac_under5":5.5,"frac_elderly_65plus":16.0,"frac_elderly_75plus":5.9,"old_age_dependency_ratio":0.239,"has_data":true},"geometry":{"type":"Polygon","coordinates":[[[-71.474496,42.422081],[-71.4683,42.425438],[-71.466412,42.427017],[-71.464502,42.427609],[-71.458416,42.425708],[-71.459805,42.429515],[-71.460465,42.430327],[-71.458862,42.430874],[-71.450014,42.43292],[-71.448636,42.432202],[-71.445181,42.436015],[-71.444751,42.436327],[-71.442863,42.437123],[-71.435216,42.438831],[-71.430389,42.436937],[-71.434492,42.426861],[-71.435811,42.423658],[-71.436592,42.421744],[-71.442683,42.406952],[-71.469443,42.402593],[-71.474376,42.421624],[-71.474496,42.422081]]]}},{"type":"Feature","properties":{"unit_id":"25017338100","name":"Census Tract 3381 \u2014 Middlesex","native_id":"25017338100","source":"census_tract_2025","adm3_name":"Middlesex County","adm3_id":"25017","area_sqm":1698252,"split":false,"population":4274.0,"days_covered":18,"daytime_peak_f":86.5,"heat_anomaly_f":4.0,"extreme_pct":17.0,"nighttime_stress_f":-3.3,"daytime_peak_f_climrel":0.2318,"heat_anomaly_f_climrel":0.2318,"nighttime_stress_f_climrel":-0.1839,"extreme_pct_climrel":0.425,"ref_daytime_hi_mean":82.5,"ref_daytime_hi_p95":96.1,"rwi_mean":null,"health_per_10k":2.339728591483388,"built_frac":0.191,"tree_frac":0.779,"canopy_frac_over_3m":0.512,"viirs_mean":17.0,"gdl_hdi":0.961,"gdl_region":"Massachusetts","ghsl_smod":30,"lst_anomaly_c":-3.0,"lst_anomaly_c_climrel":0,"worldpop_pop_total":3197.0,"frac_under5":5.7,"frac_elderly_65plus":15.3,"frac_elderly_75plus":6.3,"old_age_dependency_ratio":0.246,"has_data":true},"geometry":{"type":"Polygon","coordinates":[[[-71.132681,42.464437],[-71.131445,42.467518],[-71.129124,42.466226],[-71.126543,42.465336],[-71.125775,42.466566],[-71.123772,42.473395],[-71.112056,42.47382],[-71.109521,42.473895],[-71.114622,42.463338],[-71.115462,42.464955],[-71.114278,42.468038],[-71.116629,42.468716],[-71.118337,42.467411],[-71.120762,42.467887],[-71.122338,42.46416],[-71.120307,42.463796],[-71.120742,42.461519],[-71.119794,42.458627],[-71.125517,42.459534],[-71.126222,42.458501],[-71.12895,42.45937],[-71.129961,42.457774],[-71.134688,42.459266],[-71.132681,42.464437]]]}},{"type":"Feature","properties":{"unit_id":"25025070801","name":"Census Tract 708.01 \u2014 Suffolk","native_id":"25025070801","source":"census_tract_2025","adm3_name":"Suffolk County","adm3_id":"25025","area_sqm":61235,"split":false,"population":1221.6124008421978,"days_covered":18,"daytime_peak_f":87.3,"heat_anomaly_f":2.9,"extreme_pct":17.0,"nighttime_stress_f":-5.1,"daytime_peak_f_climrel":0.1686,"heat_anomaly_f_climrel":0.1686,"nighttime_stress_f_climrel":-0.3,"extreme_pct_climrel":0.425,"ref_daytime_hi_mean":84.4,"ref_daytime_hi_p95":98.1,"rwi_mean":null,"health_per_10k":0.0,"built_frac":0.833,"tree_frac":0.167,"canopy_frac_over_3m":0.117,"viirs_mean":116.7,"gdl_hdi":0.961,"gdl_region":"Massachusetts","ghsl_smod":30,"lst_anomaly_c":5.5,"lst_anomaly_c_climrel":0.6875,"worldpop_pop_total":909.0,"frac_under5":4.4,"frac_elderly_65plus":9.1,"frac_elderly_75plus":3.8,"old_age_dependency_ratio":0.11,"has_data":true},"geometry":{"type":"Polygon","coordinates":[[[-71.084681,42.340293],[-71.083151,42.341622],[-71.08174,42.340671],[-71.080349,42.339363],[-71.081969,42.338416],[-71.084459,42.340067],[-71.084681,42.340293]]]}},{"type":"Feature","properties":{"unit_id":"25017311300","name":"Census Tract 3113 \u2014 Middlesex","native_id":"25017311300","source":"census_tract_2025","adm3_name":"Middlesex County","adm3_id":"25017","area_sqm":650036,"split":false,"population":2950.0,"days_covered":18,"daytime_peak_f":86.9,"heat_anomaly_f":2.6,"extreme_pct":17.0,"nighttime_stress_f":-6.2,"daytime_peak_f_climrel":0.155,"heat_anomaly_f_climrel":0.155,"nighttime_stress_f_climrel":-0.3,"extreme_pct_climrel":0.425,"ref_daytime_hi_mean":84.3,"ref_daytime_hi_p95":96.8,"rwi_mean":null,"health_per_10k":0.0,"built_frac":0.731,"tree_frac":0.207,"canopy_frac_over_3m":0.2,"viirs_mean":33.8,"gdl_hdi":0.961,"gdl_region":"Massachusetts","ghsl_smod":30,"lst_anomaly_c":3.31,"lst_anomaly_c_climrel":0.4138,"worldpop_pop_total":5437.0,"frac_under5":5.8,"frac_elderly_65plus":12.1,"frac_elderly_75plus":4.8,"old_age_dependency_ratio":0.171,"has_data":true},"geometry":{"type":"Polygon","coordinates":[[[-71.343672,42.638838],[-71.332895,42.640527],[-71.330607,42.640909],[-71.329288,42.637925],[-71.328976,42.634773],[-71.330989,42.634519],[-71.333801,42.634164],[-71.335936,42.633893],[-71.336467,42.633825],[-71.340113,42.63337],[-71.341253,42.638302],[-71.343672,42.638838]]]}},{"type":"Feature","properties":{"unit_id":"25017351001","name":"Census Tract 3510.01 \u2014 Middlesex","native_id":"25017351001","source":"census_tract_2025","adm3_name":"Middlesex County","adm3_id":"25017","area_sqm":394407,"split":false,"population":5122.0,"days_covered":18,"daytime_peak_f":86.4,"heat_anomaly_f":3.6,"extreme_pct":22.0,"nighttime_stress_f":-3.6,"daytime_peak_f_climrel":0.1994,"heat_anomaly_f_climrel":0.1994,"nighttime_stress_f_climrel":-0.2085,"extreme_pct_climrel":0.55,"ref_daytime_hi_mean":82.8,"ref_daytime_hi_p95":97.0,"rwi_mean":null,"health_per_10k":0.0,"built_frac":0.809,"tree_frac":0.19,"canopy_frac_over_3m":0.181,"viirs_mean":42.0,"gdl_hdi":0.961,"gdl_region":"Massachusetts","ghsl_smod":30,"lst_anomaly_c":4.81,"lst_anomaly_c_climrel":0.6012,"worldpop_pop_total":4096.0,"frac_under5":3.4,"frac_elderly_65plus":8.0,"frac_elderly_75plus":3.4,"old_age_dependency_ratio":0.093,"has_data":true},"geometry":{"type":"Polygon","coordinates":[[[-71.118159,42.388025],[-71.117452,42.388386],[-71.117085,42.389581],[-71.115738,42.391839],[-71.114983,42.391414],[-71.11362,42.390473],[-71.11167,42.389123],[-71.109623,42.387794],[-71.108954,42.387462],[-71.110644,42.384831],[-71.111775,42.384554],[-71.112661,42.383385],[-71.110643,42.38164],[-71.111656,42.381749],[-71.115584,42.385158],[-71.116159,42.385843],[-71.11686,42.386685],[-71.117737,42.387556],[-71.118159,42.388025]]]}},{"type":"Feature","properties":{"unit_id":"25017382602","name":"Census Tract 3826.02 \u2014 Middlesex","native_id":"25017382602","source":"census_tract_2025","adm3_name":"Middlesex County","adm3_id":"25017","area_sqm":4156328,"split":false,"population":5121.0,"days_covered":18,"daytime_peak_f":86.4,"heat_anomaly_f":2.4,"extreme_pct":17.0,"nighttime_stress_f":-5.7,"daytime_peak_f_climrel":0.1507,"heat_anomaly_f_climrel":0.1507,"nighttime_stress_f_climrel":-0.3,"extreme_pct_climrel":0.425,"ref_daytime_hi_mean":84.0,"ref_daytime_hi_p95":96.2,"rwi_mean":null,"health_per_10k":0.0,"built_frac":0.293,"tree_frac":0.659,"canopy_frac_over_3m":0.397,"viirs_mean":26.4,"gdl_hdi":0.961,"gdl_region":"Massachusetts","ghsl_smod":23,"lst_anomaly_c":-0.75,"lst_anomaly_c_climrel":0,"worldpop_pop_total":4854.0,"frac_under5":5.1,"frac_elderly_65plus":27.6,"frac_elderly_75plus":13.4,"old_age_dependency_ratio":0.5,"has_data":true},"geometry":{"type":"Polygon","coordinates":[[[-71.402528,42.29333],[-71.393183,42.298773],[-71.387522,42.302069],[-71.383149,42.307674],[-71.381648,42.303993],[-71.377919,42.297528],[-71.376841,42.296214],[-71.376621,42.292618],[-71.375199,42.28787],[-71.375381,42.283805],[-71.375864,42.282574],[-71.380586,42.282496],[-71.387979,42.282082],[-71.390612,42.281911],[-71.392335,42.281779],[-71.394969,42.281555],[-71.399391,42.280607],[-71.39959,42.281156],[-71.402125,42.291656],[-71.402528,42.29333]]]}},{"type":"Feature","properties":{"unit_id":"25025070802","name":"Census Tract 708.02 \u2014 Suffolk","native_id":"25025070802","source":"census_tract_2025","adm3_name":"Suffolk County","adm3_id":"25025","area_sqm":131995,"split":false,"population":2691.1008808254473,"days_covered":18,"daytime_peak_f":87.3,"heat_anomaly_f":2.9,"extreme_pct":17.0,"nighttime_stress_f":-5.1,"daytime_peak_f_climrel":0.1686,"heat_anomaly_f_climrel":0.1686,"nighttime_stress_f_climrel":-0.3,"extreme_pct_climrel":0.425,"ref_daytime_hi_mean":84.4,"ref_daytime_hi_p95":98.1,"rwi_mean":null,"health_per_10k":0.0,"built_frac":0.728,"tree_frac":0.271,"canopy_frac_over_3m":0.175,"viirs_mean":108.8,"gdl_hdi":0.961,"gdl_region":"Massachusetts","ghsl_smod":30,"lst_anomaly_c":4.33,"lst_anomaly_c_climrel":0.5413,"worldpop_pop_total":2540.0,"frac_under5":4.8,"frac_elderly_65plus":10.9,"frac_elderly_75plus":4.3,"old_age_dependency_ratio":0.136,"has_data":true},"geometry":{"type":"Polygon","coordinates":[[[-71.082648,42.342066],[-71.08078,42.343744],[-71.080082,42.344219],[-71.078561,42.343211],[-71.079207,42.342697],[-71.077339,42.340948],[-71.078827,42.340115],[-71.079637,42.33975],[-71.080349,42.339363],[-71.08174,42.340671],[-71.083151,42.341622],[-71.082648,42.342066]]]}},{"type":"Feature","properties":{"unit_id":"25017353000","name":"Census Tract 3530 \u2014 Middlesex","native_id":"25017353000","source":"census_tract_2025","adm3_name":"Middlesex County","adm3_id":"25017","area_sqm":268135,"split":false,"population":3043.3707878438067,"days_covered":18,"daytime_peak_f":86.4,"heat_anomaly_f":3.6,"extreme_pct":22.0,"nighttime_stress_f":-3.6,"daytime_peak_f_climrel":0.1994,"heat_anomaly_f_climrel":0.1994,"nighttime_stress_f_climrel":-0.2085,"extreme_pct_climrel":0.55,"ref_daytime_hi_mean":82.8,"ref_daytime_hi_p95":97.0,"rwi_mean":null,"health_per_10k":23.000812217690434,"built_frac":0.728,"tree_frac":0.26,"canopy_frac_over_3m":0.238,"viirs_mean":50.0,"gdl_hdi":0.961,"gdl_region":"Massachusetts","ghsl_smod":30,"lst_anomaly_c":4.97,"lst_anomaly_c_climrel":0.6212,"worldpop_pop_total":3081.0,"frac_under5":3.1,"frac_elderly_65plus":14.7,"frac_elderly_75plus":6.3,"old_age_dependency_ratio":0.19,"has_data":true},"geometry":{"type":"Polygon","coordinates":[[[-71.105859,42.36975],[-71.104793,42.370817],[-71.103717,42.370389],[-71.10101,42.369317],[-71.099001,42.36852],[-71.100719,42.366029],[-71.101438,42.36503],[-71.102033,42.364432],[-71.103953,42.365561],[-71.107714,42.367853],[-71.105859,42.36975]]]}},{"type":"Feature","properties":{"unit_id":"25025060101","name":"Census Tract 601.01 \u2014 Suffolk","native_id":"25025060101","source":"census_tract_2025","adm3_name":"Suffolk County","adm3_id":"25025","area_sqm":295623,"split":false,"population":2478.0,"days_covered":18,"daytime_peak_f":86.6,"heat_anomaly_f":4.2,"extreme_pct":28.0,"nighttime_stress_f":-3.3,"daytime_peak_f_climrel":0.2575,"heat_anomaly_f_climrel":0.2575,"nighttime_stress_f_climrel":-0.196,"extreme_pct_climrel":0.7,"ref_daytime_hi_mean":82.4,"ref_daytime_hi_p95":95.6,"rwi_mean":null,"health_per_10k":0.0,"built_frac":0.917,"tree_frac":0.077,"canopy_frac_over_3m":0.061,"viirs_mean":51.2,"gdl_hdi":0.961,"gdl_region":"Massachusetts","ghsl_smod":30,"lst_anomaly_c":3.11,"lst_anomaly_c_climrel":0.3887,"worldpop_pop_total":3852.0,"frac_under5":4.4,"frac_elderly_65plus":12.1,"frac_elderly_75plus":5.8,"old_age_dependency_ratio":0.152,"has_data":true},"geometry":{"type":"Polygon","coordinates":[[[-71.031283,42.334832],[-71.029234,42.335729],[-71.029317,42.338238],[-71.025133,42.33831],[-71.025071,42.335802],[-71.025026,42.334095],[-71.025009,42.333281],[-71.028074,42.332057],[-71.031143,42.330653],[-71.031191,42.33236],[-71.031226,42.333186],[-71.031254,42.334002],[-71.031283,42.334832]]]}},{"type":"Feature","properties":{"unit_id":"25017373300","name":"Census Tract 3733 \u2014 Middlesex","native_id":"25017373300","source":"census_tract_2025","adm3_name":"Middlesex County","adm3_id":"25017","area_sqm":1253168,"split":false,"population":6107.0,"days_covered":18,"daytime_peak_f":87.1,"heat_anomaly_f":3.0,"extreme_pct":17.0,"nighttime_stress_f":-5.1,"daytime_peak_f_climrel":0.1716,"heat_anomaly_f_climrel":0.1716,"nighttime_stress_f_climrel":-0.3,"extreme_pct_climrel":0.425,"ref_daytime_hi_mean":84.1,"ref_daytime_hi_p95":97.6,"rwi_mean":null,"health_per_10k":0.0,"built_frac":0.386,"tree_frac":0.552,"canopy_frac_over_3m":0.334,"viirs_mean":21.6,"gdl_hdi":0.961,"gdl_region":"Massachusetts","ghsl_smod":30,"lst_anomaly_c":0.79,"lst_anomaly_c_climrel":0.0988,"worldpop_pop_total":3086.0,"frac_under5":4.4,"frac_elderly_65plus":19.2,"frac_elderly_75plus":7.8,"old_age_dependency_ratio":0.299,"has_data":true},"geometry":{"type":"Polygon","coordinates":[[[-71.216966,42.359874],[-71.216523,42.360966],[-71.214055,42.363409],[-71.21359,42.364566],[-71.213283,42.364959],[-71.207221,42.364137],[-71.204486,42.365785],[-71.204381,42.365122],[-71.206005,42.363696],[-71.209537,42.361503],[-71.207728,42.36024],[-71.208808,42.359281],[-71.206071,42.357347],[-71.206937,42.356706],[-71.203188,42.355882],[-71.198834,42.354009],[-71.195678,42.354861],[-71.196806,42.353808],[-71.202044,42.352284],[-71.206481,42.351217],[-71.210803,42.350556],[-71.210748,42.350697],[-71.214386,42.350211],[-71.213611,42.354153],[-71.216944,42.359221],[-71.216734,42.35986],[-71.216966,42.359874]]]}},{"type":"Feature","properties":{"unit_id":"25025010204","name":"Census Tract 102.04 \u2014 Suffolk","native_id":"25025010204","source":"census_tract_2025","adm3_name":"Suffolk County","adm3_id":"25025","area_sqm":253410,"split":false,"population":9202.0,"days_covered":18,"daytime_peak_f":87.3,"heat_anomaly_f":2.9,"extreme_pct":17.0,"nighttime_stress_f":-5.1,"daytime_peak_f_climrel":0.1686,"heat_anomaly_f_climrel":0.1686,"nighttime_stress_f_climrel":-0.3,"extreme_pct_climrel":0.425,"ref_daytime_hi_mean":84.4,"ref_daytime_hi_p95":98.1,"rwi_mean":null,"health_per_10k":1.0867202782003913,"built_frac":0.953,"tree_frac":0.031,"canopy_frac_over_3m":0.063,"viirs_mean":123.7,"gdl_hdi":0.961,"gdl_region":"Massachusetts","ghsl_smod":30,"lst_anomaly_c":3.73,"lst_anomaly_c_climrel":0.4662,"worldpop_pop_total":3269.0,"frac_under5":1.5,"frac_elderly_65plus":2.2,"frac_elderly_75plus":0.8,"old_age_dependency_ratio":0.023,"has_data":true},"geometry":{"type":"Polygon","coordinates":[[[-71.106894,42.348588],[-71.106854,42.348759],[-71.101143,42.347758],[-71.099802,42.347651],[-71.098115,42.347637],[-71.098955,42.346815],[-71.100982,42.344881],[-71.102519,42.343375],[-71.104307,42.344082],[-71.104344,42.344169],[-71.105516,42.343812],[-71.10674,42.34604],[-71.107213,42.347049],[-71.106894,42.348588]]]}},{"type":"Feature","properties":{"unit_id":"25025981502","name":"Census Tract 9815.02 \u2014 Suffolk","native_id":"25025981502","source":"census_tract_2025","adm3_name":"Suffolk County","adm3_id":"25025","area_sqm":1252194,"split":false,"population":2696.0,"days_covered":18,"daytime_peak_f":86.8,"heat_anomaly_f":3.9,"extreme_pct":22.0,"nighttime_stress_f":-3.5,"daytime_peak_f_climrel":0.2108,"heat_anomaly_f_climrel":0.2108,"nighttime_stress_f_climrel":-0.1981,"extreme_pct_climrel":0.55,"ref_daytime_hi_mean":82.9,"ref_daytime_hi_p95":97.6,"rwi_mean":null,"health_per_10k":0.0,"built_frac":0.532,"tree_frac":0.09,"canopy_frac_over_3m":0.094,"viirs_mean":43.1,"gdl_hdi":0.961,"gdl_region":"Massachusetts","ghsl_smod":30,"lst_anomaly_c":1.84,"lst_anomaly_c_climrel":0.23,"worldpop_pop_total":71.0,"frac_under5":6.0,"frac_elderly_65plus":14.8,"frac_elderly_75plus":6.9,"old_age_dependency_ratio":0.215,"has_data":true},"geometry":{"type":"Polygon","coordinates":[[[-71.011272,42.396589],[-71.004279,42.404928],[-71.002727,42.404412],[-71.004825,42.401726],[-71.00188,42.400814],[-70.998671,42.40059],[-70.998223,42.39923],[-70.996811,42.400464],[-70.992736,42.397931],[-70.993891,42.396153],[-70.99419,42.39475],[-70.995047,42.393566],[-70.998233,42.390266],[-71.004015,42.392589],[-71.005972,42.392821],[-71.008579,42.393387],[-71.011609,42.393493],[-71.010001,42.39549],[-71.01193,42.395752],[-71.011272,42.396589]]]}},{"type":"Feature","properties":{"unit_id":"25025101101","name":"Census Tract 1011.01 \u2014 Suffolk","native_id":"25025101101","source":"census_tract_2025","adm3_name":"Suffolk County","adm3_id":"25025","area_sqm":587566,"split":false,"population":3879.0,"days_covered":18,"daytime_peak_f":87.3,"heat_anomaly_f":2.9,"extreme_pct":17.0,"nighttime_stress_f":-5.1,"daytime_peak_f_climrel":0.1686,"heat_anomaly_f_climrel":0.1686,"nighttime_stress_f_climrel":-0.3,"extreme_pct_climrel":0.425,"ref_daytime_hi_mean":84.4,"ref_daytime_hi_p95":98.1,"rwi_mean":null,"health_per_10k":0.0,"built_frac":0.543,"tree_frac":0.436,"canopy_frac_over_3m":0.289,"viirs_mean":32.7,"gdl_hdi":0.961,"gdl_region":"Massachusetts","ghsl_smod":30,"lst_anomaly_c":0.96,"lst_anomaly_c_climrel":0.12,"worldpop_pop_total":3410.0,"frac_under5":6.1,"frac_elderly_65plus":14.7,"frac_elderly_75plus":6.1,"old_age_dependency_ratio":0.222,"has_data":true},"geometry":{"type":"Polygon","coordinates":[[[-71.100114,42.290291],[-71.095759,42.291973],[-71.093887,42.287668],[-71.09286,42.28513],[-71.091569,42.284214],[-71.091807,42.283523],[-71.092109,42.282601],[-71.092968,42.280021],[-71.093182,42.279386],[-71.09349,42.278421],[-71.093576,42.277248],[-71.094976,42.278239],[-71.097928,42.281262],[-71.09845,42.281698],[-71.099632,42.282336],[-71.096316,42.285818],[-71.095026,42.287143],[-71.099707,42.286437],[-71.100646,42.287912],[-71.100114,42.290291]]]}},{"type":"Feature","properties":{"unit_id":"25025000604","name":"Census Tract 6.04 \u2014 Suffolk","native_id":"25025000604","source":"census_tract_2025","adm3_name":"Suffolk County","adm3_id":"25025","area_sqm":287064,"split":false,"population":2101.2565824487137,"days_covered":18,"daytime_peak_f":86.4,"heat_anomaly_f":3.6,"extreme_pct":22.0,"nighttime_stress_f":-3.6,"daytime_peak_f_climrel":0.1994,"heat_anomaly_f_climrel":0.1994,"nighttime_stress_f_climrel":-0.2085,"extreme_pct_climrel":0.55,"ref_daytime_hi_mean":82.8,"ref_daytime_hi_p95":97.0,"rwi_mean":null,"health_per_10k":23.795285362881366,"built_frac":0.6,"tree_frac":0.387,"canopy_frac_over_3m":0.326,"viirs_mean":58.2,"gdl_hdi":0.961,"gdl_region":"Massachusetts","ghsl_smod":30,"lst_anomaly_c":4.02,"lst_anomaly_c_climrel":0.5025,"worldpop_pop_total":2412.0,"frac_under5":2.5,"frac_elderly_65plus":12.1,"frac_elderly_75plus":7.3,"old_age_dependency_ratio":0.149,"has_data":true},"geometry":{"type":"Polygon","coordinates":[[[-71.145612,42.350786],[-71.143981,42.351433],[-71.140266,42.352543],[-71.137341,42.35359],[-71.135801,42.353497],[-71.13456,42.353352],[-71.135644,42.351695],[-71.136379,42.350393],[-71.13758,42.348649],[-71.139731,42.348977],[-71.140366,42.348686],[-71.141654,42.349273],[-71.147079,42.350165],[-71.145612,42.350786]]]}},{"type":"Feature","properties":{"unit_id":"25025061204","name":"Census Tract 612.04 \u2014 Suffolk","native_id":"25025061204","source":"census_tract_2025","adm3_name":"Suffolk County","adm3_id":"25025","area_sqm":412236,"split":false,"population":5279.0,"days_covered":18,"daytime_peak_f":87.3,"heat_anomaly_f":2.9,"extreme_pct":17.0,"nighttime_stress_f":-5.1,"daytime_peak_f_climrel":0.1686,"heat_anomaly_f_climrel":0.1686,"nighttime_stress_f_climrel":-0.3,"extreme_pct_climrel":0.425,"ref_daytime_hi_mean":84.4,"ref_daytime_hi_p95":98.1,"rwi_mean":null,"health_per_10k":0.0,"built_frac":0.836,"tree_frac":0.012,"canopy_frac_over_3m":0.002,"viirs_mean":118.0,"gdl_hdi":0.961,"gdl_region":"Massachusetts","ghsl_smod":30,"lst_anomaly_c":3.89,"lst_anomaly_c_climrel":0.4863,"worldpop_pop_total":1070.0,"frac_under5":2.9,"frac_elderly_65plus":11.9,"frac_elderly_75plus":3.2,"old_age_dependency_ratio":0.144,"has_data":true},"geometry":{"type":"Polygon","coordinates":[[[-71.05647,42.346111],[-71.054788,42.346871],[-71.052188,42.351121],[-71.047636,42.348963],[-71.046084,42.348255],[-71.051345,42.343798],[-71.050159,42.341693],[-71.051924,42.34253],[-71.052357,42.342123],[-71.057226,42.34354],[-71.05647,42.346111]]]}},{"type":"Feature","properties":{"unit_id":"25017341400","name":"Census Tract 3414 \u2014 Middlesex","native_id":"25017341400","source":"census_tract_2025","adm3_name":"Middlesex County","adm3_id":"25017","area_sqm":796944,"split":false,"population":4315.0,"days_covered":18,"daytime_peak_f":86.4,"heat_anomaly_f":3.6,"extreme_pct":22.0,"nighttime_stress_f":-3.6,"daytime_peak_f_climrel":0.1994,"heat_anomaly_f_climrel":0.1994,"nighttime_stress_f_climrel":-0.2085,"extreme_pct_climrel":0.55,"ref_daytime_hi_mean":82.8,"ref_daytime_hi_p95":97.0,"rwi_mean":null,"health_per_10k":0.0,"built_frac":0.742,"tree_frac":0.244,"canopy_frac_over_3m":0.202,"viirs_mean":40.7,"gdl_hdi":0.961,"gdl_region":"Massachusetts","ghsl_smod":30,"lst_anomaly_c":4.46,"lst_anomaly_c_climrel":0.5575,"worldpop_pop_total":6733.0,"frac_under5":4.7,"frac_elderly_65plus":13.2,"frac_elderly_75plus":5.6,"old_age_dependency_ratio":0.182,"has_data":true},"geometry":{"type":"Polygon","coordinates":[[[-71.07192,42.418062],[-71.069435,42.418173],[-71.069735,42.421825],[-71.067285,42.423295],[-71.066331,42.423681],[-71.064661,42.424463],[-71.062972,42.423244],[-71.061852,42.422328],[-71.059978,42.420851],[-71.05685,42.418671],[-71.056813,42.41864],[-71.059855,42.41637],[-71.060131,42.416142],[-71.060484,42.415944],[-71.061542,42.4156],[-71.062274,42.415505],[-71.06454,42.415284],[-71.068133,42.415121],[-71.071124,42.414974],[-71.07181,42.416685],[-71.07192,42.418062]]]}},{"type":"Feature","properties":{"unit_id":"25017350800","name":"Census Tract 3508 \u2014 Middlesex","native_id":"25017350800","source":"census_tract_2025","adm3_name":"Middlesex County","adm3_id":"25017","area_sqm":211937,"split":false,"population":1612.5902177401863,"days_covered":18,"daytime_peak_f":86.4,"heat_anomaly_f":3.6,"extreme_pct":22.0,"nighttime_stress_f":-3.6,"daytime_peak_f_climrel":0.1994,"heat_anomaly_f_climrel":0.1994,"nighttime_stress_f_climrel":-0.2085,"extreme_pct_climrel":0.55,"ref_daytime_hi_mean":82.8,"ref_daytime_hi_p95":97.0,"rwi_mean":null,"health_per_10k":6.20120343655164,"built_frac":0.757,"tree_frac":0.242,"canopy_frac_over_3m":0.232,"viirs_mean":30.9,"gdl_hdi":0.961,"gdl_region":"Massachusetts","ghsl_smod":30,"lst_anomaly_c":3.85,"lst_anomaly_c_climrel":0.4813,"worldpop_pop_total":2033.0,"frac_under5":4.4,"frac_elderly_65plus":8.8,"frac_elderly_75plus":3.5,"old_age_dependency_ratio":0.105,"has_data":true},"geometry":{"type":"Polygon","coordinates":[[[-71.130724,42.400922],[-71.128485,42.402746],[-71.128658,42.403998],[-71.127246,42.403293],[-71.126911,42.403149],[-71.126146,42.401039],[-71.124567,42.399034],[-71.124159,42.398518],[-71.123672,42.39792],[-71.122901,42.396991],[-71.125415,42.397559],[-71.127719,42.397503],[-71.12879,42.398723],[-71.130724,42.400922]]]}},{"type":"Feature","properties":{"unit_id":"25017320102","name":"Census Tract 3201.02 \u2014 Middlesex","native_id":"25017320102","source":"census_tract_2025","adm3_name":"Middlesex County","adm3_id":"25017","area_sqm":25024670,"split":false,"population":6587.0,"days_covered":18,"daytime_peak_f":85.9,"heat_anomaly_f":1.9,"extreme_pct":17.0,"nighttime_stress_f":-7.1,"daytime_peak_f_climrel":0.1139,"heat_anomaly_f_climrel":0.1139,"nighttime_stress_f_climrel":-0.3,"extreme_pct_climrel":0.425,"ref_daytime_hi_mean":84.0,"ref_daytime_hi_p95":95.8,"rwi_mean":null,"health_per_10k":0.0,"built_frac":0.051,"tree_frac":0.795,"canopy_frac_over_3m":0.663,"viirs_mean":4.0,"gdl_hdi":0.961,"gdl_region":"Massachusetts","ghsl_smod":12,"lst_anomaly_c":-8.6,"lst_anomaly_c_climrel":0,"worldpop_pop_total":5471.0,"frac_under5":5.2,"frac_elderly_65plus":12.1,"frac_elderly_75plus":3.8,"old_age_dependency_ratio":0.184,"has_data":true},"geometry":{"type":"Polygon","coordinates":[[[-71.599318,42.225959],[-71.592868,42.243211],[-71.589855,42.251265],[-71.586759,42.259545],[-71.564564,42.266866],[-71.56338,42.262544],[-71.5574,42.249052],[-71.555124,42.242041],[-71.552542,42.236801],[-71.551591,42.23388],[-71.5511,42.230007],[-71.549963,42.220999],[-71.546473,42.213923],[-71.544159,42.209611],[-71.541956,42.203899],[-71.538914,42.197971],[-71.53589,42.189649],[-71.539277,42.18973],[-71.555738,42.182503],[-71.555067,42.184476],[-71.556447,42.186614],[-71.555817,42.189843],[-71.556782,42.19245],[-71.572271,42.192733],[-71.57154,42.194668],[-71.578225,42.195202],[-71.58291,42.195559],[-71.589216,42.202906],[-71.602221,42.218101],[-71.599318,42.225959]]]}},{"type":"Feature","properties":{"unit_id":"25025040401","name":"Census Tract 404.01 \u2014 Suffolk","native_id":"25025040401","source":"census_tract_2025","adm3_name":"Suffolk County","adm3_id":"25025","area_sqm":433403,"split":false,"population":4503.0,"days_covered":18,"daytime_peak_f":86.4,"heat_anomaly_f":3.6,"extreme_pct":22.0,"nighttime_stress_f":-3.6,"daytime_peak_f_climrel":0.1994,"heat_anomaly_f_climrel":0.1994,"nighttime_stress_f_climrel":-0.2085,"extreme_pct_climrel":0.55,"ref_daytime_hi_mean":82.8,"ref_daytime_hi_p95":97.0,"rwi_mean":null,"health_per_10k":4.4414834554741285,"built_frac":0.805,"tree_frac":0.114,"canopy_frac_over_3m":0.048,"viirs_mean":115.4,"gdl_hdi":0.961,"gdl_region":"Massachusetts","ghsl_smod":30,"lst_anomaly_c":2.95,"lst_anomaly_c_climrel":0.3688,"worldpop_pop_total":3053.0,"frac_under5":7.3,"frac_elderly_65plus":13.7,"frac_elderly_75plus":6.0,"old_age_dependency_ratio":0.195,"has_data":true},"geometry":{"type":"Polygon","coordinates":[[[-71.069987,42.380309],[-71.069106,42.37941],[-71.067827,42.378206],[-71.065503,42.377791],[-71.06497,42.377305],[-71.064259,42.376844],[-71.063092,42.374689],[-71.061873,42.375951],[-71.064063,42.3724],[-71.061885,42.371107],[-71.061079,42.370578],[-71.059795,42.368767],[-71.062994,42.368391],[-71.064059,42.369001],[-71.067115,42.371816],[-71.070545,42.372356],[-71.067907,42.374627],[-71.068217,42.375124],[-71.070901,42.379871],[-71.069987,42.380309]]]}},{"type":"Feature","properties":{"unit_id":"25025100700","name":"Census Tract 1007 \u2014 Suffolk","native_id":"25025100700","source":"census_tract_2025","adm3_name":"Suffolk County","adm3_id":"25025","area_sqm":1211115,"split":false,"population":4140.0,"days_covered":18,"daytime_peak_f":86.6,"heat_anomaly_f":4.2,"extreme_pct":28.0,"nighttime_stress_f":-3.3,"daytime_peak_f_climrel":0.2575,"heat_anomaly_f_climrel":0.2575,"nighttime_stress_f_climrel":-0.196,"extreme_pct_climrel":0.7,"ref_daytime_hi_mean":82.4,"ref_daytime_hi_p95":95.6,"rwi_mean":null,"health_per_10k":2.4154589371980677,"built_frac":0.557,"tree_frac":0.15,"canopy_frac_over_3m":0.069,"viirs_mean":39.1,"gdl_hdi":0.961,"gdl_region":"Massachusetts","ghsl_smod":30,"lst_anomaly_c":-0.28,"lst_anomaly_c_climrel":0,"worldpop_pop_total":4005.0,"frac_under5":4.7,"frac_elderly_65plus":18.7,"frac_elderly_75plus":8.5,"old_age_dependency_ratio":0.276,"has_data":true},"geometry":{"type":"Polygon","coordinates":[[[-71.058932,42.281991],[-71.057275,42.282449],[-71.056536,42.282583],[-71.056001,42.282921],[-71.054963,42.285575],[-71.054547,42.286615],[-71.055347,42.288242],[-71.052158,42.289137],[-71.051472,42.289314],[-71.04937,42.288012],[-71.048515,42.286135],[-71.04415,42.286455],[-71.043027,42.285922],[-71.041659,42.285415],[-71.03908,42.283966],[-71.039293,42.283799],[-71.040494,42.281898],[-71.041594,42.278098],[-71.042782,42.277102],[-71.04488,42.276266],[-71.049802,42.2781],[-71.053284,42.277502],[-71.053748,42.277996],[-71.054694,42.28034],[-71.058528,42.280061],[-71.058932,42.281991]]]}},{"type":"Feature","properties":{"unit_id":"25025170502","name":"Census Tract 1705.02 \u2014 Suffolk","native_id":"25025170502","source":"census_tract_2025","adm3_name":"Suffolk County","adm3_id":"25025","area_sqm":924365,"split":false,"population":1129.0,"days_covered":18,"daytime_peak_f":86.8,"heat_anomaly_f":3.9,"extreme_pct":22.0,"nighttime_stress_f":-3.5,"daytime_peak_f_climrel":0.2108,"heat_anomaly_f_climrel":0.2108,"nighttime_stress_f_climrel":-0.1981,"extreme_pct_climrel":0.55,"ref_daytime_hi_mean":82.9,"ref_daytime_hi_p95":97.6,"rwi_mean":null,"health_per_10k":0.0,"built_frac":0.429,"tree_frac":0.081,"canopy_frac_over_3m":0.064,"viirs_mean":13.5,"gdl_hdi":0.961,"gdl_region":"Massachusetts","ghsl_smod":30,"lst_anomaly_c":-6.44,"lst_anomaly_c_climrel":0,"worldpop_pop_total":3454.0,"frac_under5":3.4,"frac_elderly_65plus":28.2,"frac_elderly_75plus":15.6,"old_age_dependency_ratio":0.463,"has_data":true},"geometry":{"type":"Polygon","coordinates":[[[-70.987938,42.426036],[-70.983708,42.431663],[-70.982294,42.431296],[-70.979454,42.432815],[-70.975194,42.436896],[-70.971594,42.442696],[-70.968594,42.444396],[-70.9661388117846,42.4434920408457],[-70.966309297147,42.4430474329666],[-70.966538,42.442451],[-70.959934,42.441218],[-70.959698,42.440667],[-70.9686386285225,42.4355311709543],[-70.97551,42.431584],[-70.9766428828741,42.4304353742319],[-70.982994,42.423996],[-70.9837042442039,42.4228928547472],[-70.98601,42.425365],[-70.987938,42.426036]]]}},{"type":"Feature","properties":{"unit_id":"25025110501","name":"Census Tract 1105.01 \u2014 Suffolk","native_id":"25025110501","source":"census_tract_2025","adm3_name":"Suffolk County","adm3_id":"25025","area_sqm":647837,"split":false,"population":2513.0,"days_covered":18,"daytime_peak_f":87.3,"heat_anomaly_f":2.9,"extreme_pct":17.0,"nighttime_stress_f":-5.1,"daytime_peak_f_climrel":0.1686,"heat_anomaly_f_climrel":0.1686,"nighttime_stress_f_climrel":-0.3,"extreme_pct_climrel":0.425,"ref_daytime_hi_mean":84.4,"ref_daytime_hi_p95":98.1,"rwi_mean":null,"health_per_10k":0.0,"built_frac":0.562,"tree_frac":0.426,"canopy_frac_over_3m":0.276,"viirs_mean":24.5,"gdl_hdi":0.961,"gdl_region":"Massachusetts","ghsl_smod":30,"lst_anomaly_c":1.42,"lst_anomaly_c_climrel":0.1775,"worldpop_pop_total":3093.0,"frac_under5":6.2,"frac_elderly_65plus":16.0,"frac_elderly_75plus":6.3,"old_age_dependency_ratio":0.237,"has_data":true},"geometry":{"type":"Polygon","coordinates":[[[-71.147775,42.285995],[-71.140547,42.286135],[-71.137424,42.286251],[-71.137615,42.285847],[-71.137227,42.280696],[-71.136998,42.278323],[-71.138649,42.276901],[-71.140269,42.275474],[-71.140653,42.275179],[-71.140928,42.276916],[-71.143956,42.280502],[-71.145519,42.281804],[-71.147025,42.283278],[-71.147504,42.284177],[-71.147775,42.285995]]]}},{"type":"Feature","properties":{"unit_id":"25017352900","name":"Census Tract 3529 \u2014 Middlesex","native_id":"25017352900","source":"census_tract_2025","adm3_name":"Middlesex County","adm3_id":"25017","area_sqm":279478,"split":false,"population":6526.0,"days_covered":18,"daytime_peak_f":86.4,"heat_anomaly_f":3.6,"extreme_pct":22.0,"nighttime_stress_f":-3.6,"daytime_peak_f_climrel":0.1994,"heat_anomaly_f_climrel":0.1994,"nighttime_stress_f_climrel":-0.2085,"extreme_pct_climrel":0.55,"ref_daytime_hi_mean":82.8,"ref_daytime_hi_p95":97.0,"rwi_mean":null,"health_per_10k":4.596996628869139,"built_frac":0.653,"tree_frac":0.346,"canopy_frac_over_3m":0.291,"viirs_mean":39.6,"gdl_hdi":0.961,"gdl_region":"Massachusetts","ghsl_smod":30,"lst_anomaly_c":4.87,"lst_anomaly_c_climrel":0.6088,"worldpop_pop_total":2905.0,"frac_under5":4.7,"frac_elderly_65plus":14.9,"frac_elderly_75plus":5.0,"old_age_dependency_ratio":0.203,"has_data":true},"geometry":{"type":"Polygon","coordinates":[[[-71.107947,42.372056],[-71.106121,42.37441],[-71.105427,42.376332],[-71.103204,42.374327],[-71.101611,42.374366],[-71.100834,42.373748],[-71.098979,42.37219],[-71.10101,42.369317],[-71.103717,42.370389],[-71.104793,42.370817],[-71.105738,42.37119],[-71.106831,42.371614],[-71.107947,42.372056]]]}},{"type":"Feature","properties":{"unit_id":"25017388300","name":"Census Tract 3883 \u2014 Middlesex","native_id":"25017388300","source":"census_tract_2025","adm3_name":"Middlesex County","adm3_id":"25017","area_sqm":692876,"split":false,"population":8838.0,"days_covered":18,"daytime_peak_f":86.6,"heat_anomaly_f":2.7,"extreme_pct":17.0,"nighttime_stress_f":-5.7,"daytime_peak_f_climrel":0.1535,"heat_anomaly_f_climrel":0.1535,"nighttime_stress_f_climrel":-0.3,"extreme_pct_climrel":0.425,"ref_daytime_hi_mean":83.9,"ref_daytime_hi_p95":96.4,"rwi_mean":null,"health_per_10k":2.2629554197782302,"built_frac":0.652,"tree_frac":0.118,"canopy_frac_over_3m":0.116,"viirs_mean":66.0,"gdl_hdi":0.961,"gdl_region":"Massachusetts","ghsl_smod":30,"lst_anomaly_c":2.62,"lst_anomaly_c_climrel":0.3275,"worldpop_pop_total":6321.0,"frac_under5":2.8,"frac_elderly_65plus":8.5,"frac_elderly_75plus":2.9,"old_age_dependency_ratio":0.104,"has_data":true},"geometry":{"type":"Polygon","coordinates":[[[-71.325548,42.649649],[-71.323307,42.651085],[-71.324397,42.651888],[-71.322451,42.653929],[-71.319537,42.655851],[-71.315454,42.654682],[-71.315392,42.654733],[-71.312395,42.652375],[-71.315688,42.648987],[-71.315973,42.648604],[-71.316629,42.647891],[-71.314766,42.646959],[-71.31493,42.645519],[-71.314357,42.645238],[-71.315556,42.643887],[-71.317238,42.644384],[-71.317434,42.645126],[-71.320997,42.64459],[-71.321855,42.64553],[-71.324008,42.647907],[-71.325548,42.649649]]]}},{"type":"Feature","properties":{"unit_id":"25025050500","name":"Census Tract 505 \u2014 Suffolk","native_id":"25025050500","source":"census_tract_2025","adm3_name":"Suffolk County","adm3_id":"25025","area_sqm":272242,"split":false,"population":1578.0,"days_covered":18,"daytime_peak_f":86.8,"heat_anomaly_f":3.9,"extreme_pct":22.0,"nighttime_stress_f":-3.5,"daytime_peak_f_climrel":0.2108,"heat_anomaly_f_climrel":0.2108,"nighttime_stress_f_climrel":-0.1981,"extreme_pct_climrel":0.55,"ref_daytime_hi_mean":82.9,"ref_daytime_hi_p95":97.6,"rwi_mean":null,"health_per_10k":0.0,"built_frac":0.751,"tree_frac":0.145,"canopy_frac_over_3m":0.058,"viirs_mean":102.4,"gdl_hdi":0.961,"gdl_region":"Massachusetts","ghsl_smod":30,"lst_anomaly_c":5.0,"lst_anomaly_c_climrel":0.625,"worldpop_pop_total":2020.0,"frac_under5":5.0,"frac_elderly_65plus":6.2,"frac_elderly_75plus":2.4,"old_age_dependency_ratio":0.077,"has_data":true},"geometry":{"type":"Polygon","coordinates":[[[-71.036989,42.369287],[-71.033923,42.371932],[-71.034742,42.372461],[-71.034449,42.372711],[-71.033536,42.372623],[-71.032102,42.373495],[-71.030275,42.373935],[-71.028088,42.36912],[-71.030359,42.370173],[-71.031204,42.370181],[-71.0326,42.368673],[-71.033387,42.367734],[-71.034754,42.36831],[-71.036989,42.369287]]]}},{"type":"Feature","properties":{"unit_id":"25017341500","name":"Census Tract 3415 \u2014 Middlesex","native_id":"25017341500","source":"census_tract_2025","adm3_name":"Middlesex County","adm3_id":"25017","area_sqm":641047,"split":false,"population":3933.0,"days_covered":18,"daytime_peak_f":86.4,"heat_anomaly_f":3.6,"extreme_pct":22.0,"nighttime_stress_f":-3.6,"daytime_peak_f_climrel":0.1994,"heat_anomaly_f_climrel":0.1994,"nighttime_stress_f_climrel":-0.2085,"extreme_pct_climrel":0.55,"ref_daytime_hi_mean":82.8,"ref_daytime_hi_p95":97.0,"rwi_mean":null,"health_per_10k":0.0,"built_frac":0.777,"tree_frac":0.192,"canopy_frac_over_3m":0.155,"viirs_mean":36.3,"gdl_hdi":0.961,"gdl_region":"Massachusetts","ghsl_smod":30,"lst_anomaly_c":5.45,"lst_anomaly_c_climrel":0.6813,"worldpop_pop_total":5493.0,"frac_under5":6.1,"frac_elderly_65plus":11.1,"frac_elderly_75plus":4.3,"old_age_dependency_ratio":0.154,"has_data":true},"geometry":{"type":"Polygon","coordinates":[[[-71.064661,42.424463],[-71.061155,42.426174],[-71.060402,42.426511],[-71.061261,42.426393],[-71.063295,42.42617],[-71.063765,42.426088],[-71.064004,42.428036],[-71.063433,42.428316],[-71.059593,42.430218],[-71.058015,42.430913],[-71.057796,42.430978],[-71.05646,42.428363],[-71.056071,42.42765],[-71.055812,42.427216],[-71.055431,42.426594],[-71.057751,42.425351],[-71.057195,42.424363],[-71.055546,42.423128],[-71.054821,42.422613],[-71.052833,42.421163],[-71.05458,42.420034],[-71.056046,42.419165],[-71.056568,42.418813],[-71.056813,42.41864],[-71.05685,42.418671],[-71.059978,42.420851],[-71.061852,42.422328],[-71.062972,42.423244],[-71.064661,42.424463]]]}},{"type":"Feature","properties":{"unit_id":"25017383200","name":"Census Tract 3832 \u2014 Middlesex","native_id":"25017383200","source":"census_tract_2025","adm3_name":"Middlesex County","adm3_id":"25017","area_sqm":2409101,"split":false,"population":4824.0,"days_covered":18,"daytime_peak_f":86.4,"heat_anomaly_f":2.4,"extreme_pct":17.0,"nighttime_stress_f":-5.7,"daytime_peak_f_climrel":0.1507,"heat_anomaly_f_climrel":0.1507,"nighttime_stress_f_climrel":-0.3,"extreme_pct_climrel":0.425,"ref_daytime_hi_mean":84.0,"ref_daytime_hi_p95":96.2,"rwi_mean":null,"health_per_10k":0.0,"built_frac":0.308,"tree_frac":0.532,"canopy_frac_over_3m":0.355,"viirs_mean":13.5,"gdl_hdi":0.961,"gdl_region":"Massachusetts","ghsl_smod":23,"lst_anomaly_c":-1.79,"lst_anomaly_c_climrel":0,"worldpop_pop_total":6623.0,"frac_under5":6.4,"frac_elderly_65plus":12.7,"frac_elderly_75plus":6.5,"old_age_dependency_ratio":0.187,"has_data":true},"geometry":{"type":"Polygon","coordinates":[[[-71.443154,42.272069],[-71.439706,42.273926],[-71.437125,42.274511],[-71.426829,42.275027],[-71.423435,42.275188],[-71.420706,42.275626],[-71.416786,42.276724],[-71.41736,42.275133],[-71.418511,42.272935],[-71.417069,42.257721],[-71.419298,42.257281],[-71.421482,42.258433],[-71.423733,42.259623],[-71.429273,42.262535],[-71.431129,42.263503],[-71.444617,42.270588],[-71.443154,42.272069]]]}},{"type":"Feature","properties":{"unit_id":"25017359302","name":"Census Tract 3593.02 \u2014 Middlesex","native_id":"25017359302","source":"census_tract_2025","adm3_name":"Middlesex County","adm3_id":"25017","area_sqm":812940,"split":false,"population":585.0,"days_covered":18,"daytime_peak_f":86.9,"heat_anomaly_f":2.9,"extreme_pct":17.0,"nighttime_stress_f":-6.0,"daytime_peak_f_climrel":0.1747,"heat_anomaly_f_climrel":0.1747,"nighttime_stress_f_climrel":-0.3,"extreme_pct_climrel":0.425,"ref_daytime_hi_mean":84.0,"ref_daytime_hi_p95":96.5,"rwi_mean":null,"health_per_10k":17.094017094017094,"built_frac":0.578,"tree_frac":0.256,"canopy_frac_over_3m":0.247,"viirs_mean":49.0,"gdl_hdi":0.961,"gdl_region":"Massachusetts","ghsl_smod":11,"lst_anomaly_c":1.98,"lst_anomaly_c_climrel":0.2475,"worldpop_pop_total":null,"frac_under5":null,"frac_elderly_65plus":null,"frac_elderly_75plus":null,"old_age_dependency_ratio":null,"has_data":true},"geometry":{"type":"Polygon","coordinates":[[[-71.298845,42.462669],[-71.289302,42.464557],[-71.289676,42.466182],[-71.287468,42.464539],[-71.28294,42.461171],[-71.28184,42.45964],[-71.280584,42.459994],[-71.280354,42.460047],[-71.280401,42.460021],[-71.283841,42.458396],[-71.287301,42.457323],[-71.287705,42.457397],[-71.289582,42.457402],[-71.295229,42.458047],[-71.296496,42.457902],[-71.298845,42.462669]]]}},{"type":"Feature","properties":{"unit_id":"25017359400","name":"Census Tract 3594 \u2014 Middlesex","native_id":"25017359400","source":"census_tract_2025","adm3_name":"Middlesex County","adm3_id":"25017","area_sqm":576837,"split":false,"population":6133.0,"days_covered":18,"daytime_peak_f":86.4,"heat_anomaly_f":3.6,"extreme_pct":22.0,"nighttime_stress_f":-3.6,"daytime_peak_f_climrel":0.1994,"heat_anomaly_f_climrel":0.1994,"nighttime_stress_f_climrel":-0.2085,"extreme_pct_climrel":0.55,"ref_daytime_hi_mean":82.8,"ref_daytime_hi_p95":97.0,"rwi_mean":null,"health_per_10k":8.152616990053808,"built_frac":0.647,"tree_frac":0.275,"canopy_frac_over_3m":0.252,"viirs_mean":54.6,"gdl_hdi":0.961,"gdl_region":"Massachusetts","ghsl_smod":30,"lst_anomaly_c":3.46,"lst_anomaly_c_climrel":0.4325,"worldpop_pop_total":6635.0,"frac_under5":4.2,"frac_elderly_65plus":13.7,"frac_elderly_75plus":5.4,"old_age_dependency_ratio":0.182,"has_data":true},"geometry":{"type":"Polygon","coordinates":[[[-71.116921,42.364246],[-71.113901,42.364478],[-71.113578,42.365884],[-71.113508,42.367741],[-71.113512,42.368564],[-71.113448,42.369285],[-71.112607,42.369837],[-71.110734,42.369176],[-71.107714,42.367853],[-71.103953,42.365561],[-71.104203,42.365362],[-71.104864,42.365175],[-71.105726,42.364899],[-71.106679,42.364557],[-71.108241,42.36405],[-71.109753,42.362716],[-71.110326,42.362214],[-71.110928,42.361735],[-71.11278,42.36013],[-71.113815,42.359196],[-71.116681,42.358736],[-71.116597,42.359185],[-71.116704,42.361255],[-71.116936,42.363677],[-71.116921,42.364246]]]}},{"type":"Feature","properties":{"unit_id":"25025030100","name":"Census Tract 301 \u2014 Suffolk","native_id":"25025030100","source":"census_tract_2025","adm3_name":"Suffolk County","adm3_id":"25025","area_sqm":77344,"split":false,"population":1073.7325334896889,"days_covered":18,"daytime_peak_f":86.4,"heat_anomaly_f":3.6,"extreme_pct":22.0,"nighttime_stress_f":-3.6,"daytime_peak_f_climrel":0.1994,"heat_anomaly_f_climrel":0.1994,"nighttime_stress_f_climrel":-0.2085,"extreme_pct_climrel":0.55,"ref_daytime_hi_mean":82.8,"ref_daytime_hi_p95":97.0,"rwi_mean":null,"health_per_10k":0.0,"built_frac":0.837,"tree_frac":0.162,"canopy_frac_over_3m":0.067,"viirs_mean":152.3,"gdl_hdi":0.961,"gdl_region":"Massachusetts","ghsl_smod":30,"lst_anomaly_c":4.65,"lst_anomaly_c_climrel":0.5813,"worldpop_pop_total":2296.0,"frac_under5":1.2,"frac_elderly_65plus":11.0,"frac_elderly_75plus":6.0,"old_age_dependency_ratio":0.129,"has_data":true},"geometry":{"type":"Polygon","coordinates":[[[-71.058525,42.366952],[-71.057369,42.367771],[-71.056374,42.368292],[-71.0534,42.367525],[-71.053965,42.366908],[-71.054999,42.365964],[-71.055485,42.366185],[-71.05595,42.365508],[-71.05675,42.3654],[-71.057404,42.365308],[-71.058525,42.366952]]]}},{"type":"Feature","properties":{"unit_id":"25017312400","name":"Census Tract 3124 \u2014 Middlesex","native_id":"25017312400","source":"census_tract_2025","adm3_name":"Middlesex County","adm3_id":"25017","area_sqm":402850,"split":false,"population":1999.3997840836025,"days_covered":18,"daytime_peak_f":86.9,"heat_anomaly_f":2.6,"extreme_pct":17.0,"nighttime_stress_f":-6.2,"daytime_peak_f_climrel":0.155,"heat_anomaly_f_climrel":0.155,"nighttime_stress_f_climrel":-0.3,"extreme_pct_climrel":0.425,"ref_daytime_hi_mean":84.3,"ref_daytime_hi_p95":96.8,"rwi_mean":null,"health_per_10k":5.001500990250113,"built_frac":0.704,"tree_frac":0.194,"canopy_frac_over_3m":0.171,"viirs_mean":38.9,"gdl_hdi":0.961,"gdl_region":"Massachusetts","ghsl_smod":30,"lst_anomaly_c":2.98,"lst_anomaly_c_climrel":0.3725,"worldpop_pop_total":2482.0,"frac_under5":6.2,"frac_elderly_65plus":16.7,"frac_elderly_75plus":7.7,"old_age_dependency_ratio":0.263,"has_data":true},"geometry":{"type":"Polygon","coordinates":[[[-71.305769,42.644382],[-71.302424,42.646523],[-71.302131,42.647091],[-71.299416,42.6468],[-71.299286,42.646773],[-71.299434,42.645731],[-71.299202,42.644468],[-71.298378,42.64321],[-71.297602,42.642161],[-71.300333,42.641925],[-71.298825,42.639],[-71.297582,42.636419],[-71.301211,42.636053],[-71.30149,42.636024],[-71.302251,42.636968],[-71.302852,42.638205],[-71.303114,42.639783],[-71.302928,42.641745],[-71.305769,42.644382]]]}},{"type":"Feature","properties":{"unit_id":"25017341600","name":"Census Tract 3416 \u2014 Middlesex","native_id":"25017341600","source":"census_tract_2025","adm3_name":"Middlesex County","adm3_id":"25017","area_sqm":1523337,"split":false,"population":6548.0,"days_covered":18,"daytime_peak_f":86.4,"heat_anomaly_f":3.6,"extreme_pct":22.0,"nighttime_stress_f":-3.6,"daytime_peak_f_climrel":0.1994,"heat_anomaly_f_climrel":0.1994,"nighttime_stress_f_climrel":-0.2085,"extreme_pct_climrel":0.55,"ref_daytime_hi_mean":82.8,"ref_daytime_hi_p95":97.0,"rwi_mean":null,"health_per_10k":0.0,"built_frac":0.425,"tree_frac":0.497,"canopy_frac_over_3m":0.389,"viirs_mean":23.7,"gdl_hdi":0.961,"gdl_region":"Massachusetts","ghsl_smod":30,"lst_anomaly_c":1.33,"lst_anomaly_c_climrel":0.1663,"worldpop_pop_total":6813.0,"frac_under5":5.1,"frac_elderly_65plus":16.2,"frac_elderly_75plus":7.1,"old_age_dependency_ratio":0.231,"has_data":true},"geometry":{"type":"Polygon","coordinates":[[[-71.067772,42.43484],[-71.067746,42.435213],[-71.067079,42.438979],[-71.067657,42.440411],[-71.05543,42.441671],[-71.050272,42.4422],[-71.049197,42.441696],[-71.048175,42.439452],[-71.049715,42.439432],[-71.050298,42.437098],[-71.050204,42.436083],[-71.052328,42.435971],[-71.053272,42.435165],[-71.054247,42.43502],[-71.056641,42.434769],[-71.057789,42.434693],[-71.059499,42.434254],[-71.058319,42.431959],[-71.058015,42.430913],[-71.059593,42.430218],[-71.063433,42.428316],[-71.064004,42.428036],[-71.066707,42.427026],[-71.067141,42.428486],[-71.06761,42.43081],[-71.067885,42.431679],[-71.067772,42.43484]]]}},{"type":"Feature","properties":{"unit_id":"25017339400","name":"Census Tract 3394 \u2014 Middlesex","native_id":"25017339400","source":"census_tract_2025","adm3_name":"Middlesex County","adm3_id":"25017","area_sqm":635622,"split":false,"population":2520.3037801821856,"days_covered":18,"daytime_peak_f":86.4,"heat_anomaly_f":3.6,"extreme_pct":22.0,"nighttime_stress_f":-3.6,"daytime_peak_f_climrel":0.1994,"heat_anomaly_f_climrel":0.1994,"nighttime_stress_f_climrel":-0.2085,"extreme_pct_climrel":0.55,"ref_daytime_hi_mean":82.8,"ref_daytime_hi_p95":97.0,"rwi_mean":null,"health_per_10k":0.0,"built_frac":0.604,"tree_frac":0.302,"canopy_frac_over_3m":0.231,"viirs_mean":24.3,"gdl_hdi":0.961,"gdl_region":"Massachusetts","ghsl_smod":30,"lst_anomaly_c":2.96,"lst_anomaly_c_climrel":0.37,"worldpop_pop_total":3421.0,"frac_under5":4.4,"frac_elderly_65plus":15.1,"frac_elderly_75plus":6.4,"old_age_dependency_ratio":0.2,"has_data":true},"geometry":{"type":"Polygon","coordinates":[[[-71.129922,42.413327],[-71.126992,42.41663],[-71.126839,42.416802],[-71.127435,42.418135],[-71.12582,42.418886],[-71.12499,42.419115],[-71.117942,42.419096],[-71.117924,42.417391],[-71.11826,42.416854],[-71.118601,42.416334],[-71.119964,42.414279],[-71.120079,42.41412],[-71.121782,42.411549],[-71.123088,42.409608],[-71.125404,42.410395],[-71.125687,42.409984],[-71.12615,42.409269],[-71.127868,42.410581],[-71.12704,42.412328],[-71.129922,42.413327]]]}},{"type":"Feature","properties":{"unit_id":"25017357100","name":"Census Tract 3571 \u2014 Middlesex","native_id":"25017357100","source":"census_tract_2025","adm3_name":"Middlesex County","adm3_id":"25017","area_sqm":1810617,"split":false,"population":1824.0,"days_covered":18,"daytime_peak_f":87.1,"heat_anomaly_f":3.0,"extreme_pct":17.0,"nighttime_stress_f":-5.1,"daytime_peak_f_climrel":0.1716,"heat_anomaly_f_climrel":0.1716,"nighttime_stress_f_climrel":-0.3,"extreme_pct_climrel":0.425,"ref_daytime_hi_mean":84.1,"ref_daytime_hi_p95":97.6,"rwi_mean":null,"health_per_10k":0.0,"built_frac":0.24,"tree_frac":0.696,"canopy_frac_over_3m":0.389,"viirs_mean":13.8,"gdl_hdi":0.961,"gdl_region":"Massachusetts","ghsl_smod":30,"lst_anomaly_c":-1.4,"lst_anomaly_c_climrel":0,"worldpop_pop_total":5860.0,"frac_under5":5.7,"frac_elderly_65plus":17.6,"frac_elderly_75plus":8.5,"old_age_dependency_ratio":0.287,"has_data":true},"geometry":{"type":"Polygon","coordinates":[[[-71.177705,42.410212],[-71.174424,42.40937],[-71.163925,42.405715],[-71.164054,42.405463],[-71.157473,42.402434],[-71.156389,42.402527],[-71.155539,42.402095],[-71.152245,42.400816],[-71.15494,42.397564],[-71.156362,42.395852],[-71.158785,42.395871],[-71.168423,42.395965],[-71.17549,42.396038],[-71.174168,42.398858],[-71.174498,42.399847],[-71.176336,42.403664],[-71.175977,42.404094],[-71.175307,42.408091],[-71.174737,42.409141],[-71.177705,42.410212]]]}},{"type":"Feature","properties":{"unit_id":"25025070201","name":"Census Tract 702.01 \u2014 Suffolk","native_id":"25025070201","source":"census_tract_2025","adm3_name":"Suffolk County","adm3_id":"25025","area_sqm":144031,"split":false,"population":4026.931114471976,"days_covered":18,"daytime_peak_f":86.4,"heat_anomaly_f":3.6,"extreme_pct":22.0,"nighttime_stress_f":-3.6,"daytime_peak_f_climrel":0.1994,"heat_anomaly_f_climrel":0.1994,"nighttime_stress_f_climrel":-0.2085,"extreme_pct_climrel":0.55,"ref_daytime_hi_mean":82.8,"ref_daytime_hi_p95":97.0,"rwi_mean":null,"health_per_10k":7.449841863990687,"built_frac":0.951,"tree_frac":0.043,"canopy_frac_over_3m":0.022,"viirs_mean":137.0,"gdl_hdi":0.961,"gdl_region":"Massachusetts","ghsl_smod":30,"lst_anomaly_c":2.37,"lst_anomaly_c_climrel":0.2963,"worldpop_pop_total":4554.0,"frac_under5":1.0,"frac_elderly_65plus":20.6,"frac_elderly_75plus":10.9,"old_age_dependency_ratio":0.27,"has_data":true},"geometry":{"type":"Polygon","coordinates":[[[-71.066613,42.348761],[-71.066868,42.350962],[-71.067533,42.352513],[-71.064562,42.352383],[-71.062761,42.351508],[-71.06415,42.348405],[-71.064434,42.347186],[-71.066158,42.347589],[-71.068193,42.347866],[-71.066613,42.348761]]]}},{"type":"Feature","properties":{"unit_id":"25025090400","name":"Census Tract 904 \u2014 Suffolk","native_id":"25025090400","source":"census_tract_2025","adm3_name":"Suffolk County","adm3_id":"25025","area_sqm":425139,"split":false,"population":2463.2629140433783,"days_covered":18,"daytime_peak_f":87.3,"heat_anomaly_f":2.9,"extreme_pct":17.0,"nighttime_stress_f":-5.1,"daytime_peak_f_climrel":0.1686,"heat_anomaly_f_climrel":0.1686,"nighttime_stress_f_climrel":-0.3,"extreme_pct_climrel":0.425,"ref_daytime_hi_mean":84.4,"ref_daytime_hi_p95":98.1,"rwi_mean":null,"health_per_10k":0.0,"built_frac":0.7,"tree_frac":0.286,"canopy_frac_over_3m":0.134,"viirs_mean":56.9,"gdl_hdi":0.961,"gdl_region":"Massachusetts","ghsl_smod":30,"lst_anomaly_c":2.85,"lst_anomaly_c_climrel":0.3563,"worldpop_pop_total":4269.0,"frac_under5":6.6,"frac_elderly_65plus":13.8,"frac_elderly_75plus":6.0,"old_age_dependency_ratio":0.213,"has_data":true},"geometry":{"type":"Polygon","coordinates":[[[-71.078215,42.315871],[-71.077814,42.318296],[-71.077749,42.319284],[-71.077746,42.320431],[-71.075522,42.320573],[-71.073948,42.320773],[-71.072204,42.321359],[-71.071276,42.32016],[-71.069698,42.318947],[-71.070388,42.317441],[-71.073011,42.317035],[-71.072825,42.316544],[-71.073145,42.314217],[-71.072138,42.313657],[-71.073171,42.312222],[-71.074649,42.312841],[-71.077005,42.313713],[-71.078823,42.314608],[-71.078215,42.315871]]]}},{"type":"Feature","properties":{"unit_id":"25017383402","name":"Census Tract 3834.02 \u2014 Middlesex","native_id":"25017383402","source":"census_tract_2025","adm3_name":"Middlesex County","adm3_id":"25017","area_sqm":998946,"split":false,"population":1627.0,"days_covered":18,"daytime_peak_f":86.4,"heat_anomaly_f":2.4,"extreme_pct":17.0,"nighttime_stress_f":-5.7,"daytime_peak_f_climrel":0.1507,"heat_anomaly_f_climrel":0.1507,"nighttime_stress_f_climrel":-0.3,"extreme_pct_climrel":0.425,"ref_daytime_hi_mean":84.0,"ref_daytime_hi_p95":96.2,"rwi_mean":null,"health_per_10k":0.0,"built_frac":0.416,"tree_frac":0.544,"canopy_frac_over_3m":0.31,"viirs_mean":26.8,"gdl_hdi":0.961,"gdl_region":"Massachusetts","ghsl_smod":23,"lst_anomaly_c":0.78,"lst_anomaly_c_climrel":0.0975,"worldpop_pop_total":3827.0,"frac_under5":6.4,"frac_elderly_65plus":12.3,"frac_elderly_75plus":5.1,"old_age_dependency_ratio":0.179,"has_data":true},"geometry":{"type":"Polygon","coordinates":[[[-71.412754,42.283778],[-71.410741,42.286625],[-71.410154,42.287481],[-71.40939,42.288727],[-71.402125,42.291656],[-71.39959,42.281156],[-71.399714,42.281118],[-71.406225,42.279236],[-71.414812,42.282496],[-71.412754,42.283778]]]}},{"type":"Feature","properties":{"unit_id":"25025010404","name":"Census Tract 104.04 \u2014 Suffolk","native_id":"25025010404","source":"census_tract_2025","adm3_name":"Suffolk County","adm3_id":"25025","area_sqm":136909,"split":false,"population":3101.109982824626,"days_covered":18,"daytime_peak_f":87.3,"heat_anomaly_f":2.9,"extreme_pct":17.0,"nighttime_stress_f":-5.1,"daytime_peak_f_climrel":0.1686,"heat_anomaly_f_climrel":0.1686,"nighttime_stress_f_climrel":-0.3,"extreme_pct_climrel":0.425,"ref_daytime_hi_mean":84.4,"ref_daytime_hi_p95":98.1,"rwi_mean":null,"health_per_10k":0.0,"built_frac":0.951,"tree_frac":0.049,"canopy_frac_over_3m":0.049,"viirs_mean":119.6,"gdl_hdi":0.961,"gdl_region":"Massachusetts","ghsl_smod":30,"lst_anomaly_c":3.03,"lst_anomaly_c_climrel":0.3787,"worldpop_pop_total":4694.0,"frac_under5":1.2,"frac_elderly_65plus":3.1,"frac_elderly_75plus":1.3,"old_age_dependency_ratio":0.032,"has_data":true},"geometry":{"type":"Polygon","coordinates":[[[-71.091188,42.340949],[-71.090331,42.342605],[-71.090204,42.343189],[-71.089965,42.34392],[-71.086805,42.343436],[-71.085796,42.343332],[-71.084958,42.34277],[-71.086614,42.341474],[-71.09066,42.339766],[-71.091026,42.339608],[-71.09181,42.339871],[-71.091188,42.340949]]]}},{"type":"Feature","properties":{"unit_id":"25025040100","name":"Census Tract 401 \u2014 Suffolk","native_id":"25025040100","source":"census_tract_2025","adm3_name":"Suffolk County","adm3_id":"25025","area_sqm":264111,"split":false,"population":1891.882674495662,"days_covered":18,"daytime_peak_f":86.4,"heat_anomaly_f":3.6,"extreme_pct":22.0,"nighttime_stress_f":-3.6,"daytime_peak_f_climrel":0.1994,"heat_anomaly_f_climrel":0.1994,"nighttime_stress_f_climrel":-0.2085,"extreme_pct_climrel":0.55,"ref_daytime_hi_mean":82.8,"ref_daytime_hi_p95":97.0,"rwi_mean":null,"health_per_10k":0.0,"built_frac":0.76,"tree_frac":0.122,"canopy_frac_over_3m":0.072,"viirs_mean":137.8,"gdl_hdi":0.961,"gdl_region":"Massachusetts","ghsl_smod":30,"lst_anomaly_c":1.26,"lst_anomaly_c_climrel":0.1575,"worldpop_pop_total":2166.0,"frac_under5":6.3,"frac_elderly_65plus":19.5,"frac_elderly_75plus":8.0,"old_age_dependency_ratio":0.287,"has_data":true},"geometry":{"type":"Polygon","coordinates":[[[-71.064063,42.3724],[-71.061873,42.375951],[-71.061235,42.377154],[-71.060492,42.376923],[-71.060008,42.376072],[-71.059326,42.37583],[-71.0578,42.374197],[-71.058443,42.372116],[-71.054995,42.370697],[-71.057141,42.369982],[-71.059795,42.368767],[-71.061079,42.370578],[-71.061885,42.371107],[-71.064063,42.3724]]]}},{"type":"Feature","properties":{"unit_id":"25025000804","name":"Census Tract 8.04 \u2014 Suffolk","native_id":"25025000804","source":"census_tract_2025","adm3_name":"Suffolk County","adm3_id":"25025","area_sqm":607596,"split":false,"population":6176.0,"days_covered":18,"daytime_peak_f":86.4,"heat_anomaly_f":3.6,"extreme_pct":22.0,"nighttime_stress_f":-3.6,"daytime_peak_f_climrel":0.1994,"heat_anomaly_f_climrel":0.1994,"nighttime_stress_f_climrel":-0.2085,"extreme_pct_climrel":0.55,"ref_daytime_hi_mean":82.8,"ref_daytime_hi_p95":97.0,"rwi_mean":null,"health_per_10k":4.857512953367875,"built_frac":0.826,"tree_frac":0.134,"canopy_frac_over_3m":0.123,"viirs_mean":73.9,"gdl_hdi":0.961,"gdl_region":"Massachusetts","ghsl_smod":30,"lst_anomaly_c":4.94,"lst_anomaly_c_climrel":0.6175,"worldpop_pop_total":3523.0,"frac_under5":4.0,"frac_elderly_65plus":8.0,"frac_elderly_75plus":3.1,"old_age_dependency_ratio":0.098,"has_data":true},"geometry":{"type":"Polygon","coordinates":[[[-71.137979,42.357608],[-71.136961,42.359315],[-71.133303,42.358581],[-71.133083,42.358556],[-71.131488,42.358595],[-71.13083,42.359024],[-71.128879,42.360368],[-71.129768,42.361072],[-71.130417,42.361957],[-71.130218,42.362694],[-71.129755,42.363198],[-71.123039,42.363751],[-71.124675,42.362466],[-71.12318,42.358998],[-71.128027,42.357261],[-71.129718,42.356654],[-71.131396,42.356105],[-71.137341,42.35359],[-71.139066,42.353791],[-71.137979,42.357608]]]}},{"type":"Feature","properties":{"unit_id":"25017363103","name":"Census Tract 3631.03 \u2014 Middlesex","native_id":"25017363103","source":"census_tract_2025","adm3_name":"Middlesex County","adm3_id":"25017","area_sqm":9598061,"split":false,"population":2364.0,"days_covered":18,"daytime_peak_f":86.7,"heat_anomaly_f":2.7,"extreme_pct":17.0,"nighttime_stress_f":-6.3,"daytime_peak_f_climrel":0.1629,"heat_anomaly_f_climrel":0.1629,"nighttime_stress_f_climrel":-0.3,"extreme_pct_climrel":0.425,"ref_daytime_hi_mean":84.0,"ref_daytime_hi_p95":96.5,"rwi_mean":null,"health_per_10k":12.690355329949238,"built_frac":0.03,"tree_frac":0.874,"canopy_frac_over_3m":0.724,"viirs_mean":2.4,"gdl_hdi":0.961,"gdl_region":"Massachusetts","ghsl_smod":12,"lst_anomaly_c":-7.64,"lst_anomaly_c_climrel":0,"worldpop_pop_total":3676.0,"frac_under5":4.0,"frac_elderly_65plus":18.9,"frac_elderly_75plus":7.7,"old_age_dependency_ratio":0.302,"has_data":true},"geometry":{"type":"Polygon","coordinates":[[[-71.473528,42.500177],[-71.443939,42.509059],[-71.434718,42.522486],[-71.432551,42.520542],[-71.432089,42.519535],[-71.429326,42.515917],[-71.423052,42.512234],[-71.420965,42.5096],[-71.420535,42.504383],[-71.419486,42.501934],[-71.420319,42.500379],[-71.421628,42.497048],[-71.426653,42.490805],[-71.431281,42.487377],[-71.434432,42.484961],[-71.43875,42.482556],[-71.443553,42.481433],[-71.446297,42.47989],[-71.44847,42.477967],[-71.450822,42.48128],[-71.454479,42.486302],[-71.459821,42.491033],[-71.461877,42.492773],[-71.463001,42.493622],[-71.473813,42.499764],[-71.473528,42.500177]]]}},{"type":"Feature","properties":{"unit_id":"25017342600","name":"Census Tract 3426 \u2014 Middlesex","native_id":"25017342600","source":"census_tract_2025","adm3_name":"Middlesex County","adm3_id":"25017","area_sqm":452527,"split":false,"population":3570.0,"days_covered":18,"daytime_peak_f":86.8,"heat_anomaly_f":3.9,"extreme_pct":22.0,"nighttime_stress_f":-3.5,"daytime_peak_f_climrel":0.2108,"heat_anomaly_f_climrel":0.2108,"nighttime_stress_f_climrel":-0.1981,"extreme_pct_climrel":0.55,"ref_daytime_hi_mean":82.9,"ref_daytime_hi_p95":97.6,"rwi_mean":null,"health_per_10k":0.0,"built_frac":0.847,"tree_frac":0.12,"canopy_frac_over_3m":0.133,"viirs_mean":63.4,"gdl_hdi":0.961,"gdl_region":"Massachusetts","ghsl_smod":30,"lst_anomaly_c":4.86,"lst_anomaly_c_climrel":0.6075,"worldpop_pop_total":5105.0,"frac_under5":6.3,"frac_elderly_65plus":11.1,"frac_elderly_75plus":4.3,"old_age_dependency_ratio":0.16,"has_data":true},"geometry":{"type":"Polygon","coordinates":[[[-71.047584,42.405383],[-71.046478,42.407752],[-71.046189,42.408406],[-71.043795,42.408279],[-71.043095,42.408233],[-71.041674,42.407792],[-71.04003,42.407189],[-71.037743,42.406318],[-71.039075,42.404263],[-71.039487,42.403626],[-71.040568,42.401982],[-71.040887,42.401749],[-71.041505,42.401657],[-71.047629,42.402393],[-71.047592,42.40254],[-71.047455,42.403342],[-71.048201,42.404095],[-71.047584,42.405383]]]}},{"type":"Feature","properties":{"unit_id":"25025091900","name":"Census Tract 919 \u2014 Suffolk","native_id":"25025091900","source":"census_tract_2025","adm3_name":"Suffolk County","adm3_id":"25025","area_sqm":481983,"split":false,"population":2735.328865966404,"days_covered":18,"daytime_peak_f":87.3,"heat_anomaly_f":2.9,"extreme_pct":17.0,"nighttime_stress_f":-5.1,"daytime_peak_f_climrel":0.1686,"heat_anomaly_f_climrel":0.1686,"nighttime_stress_f_climrel":-0.3,"extreme_pct_climrel":0.425,"ref_daytime_hi_mean":84.4,"ref_daytime_hi_p95":98.1,"rwi_mean":null,"health_per_10k":0.0,"built_frac":0.578,"tree_frac":0.419,"canopy_frac_over_3m":0.246,"viirs_mean":46.4,"gdl_hdi":0.961,"gdl_region":"Massachusetts","ghsl_smod":30,"lst_anomaly_c":2.24,"lst_anomaly_c_climrel":0.28,"worldpop_pop_total":4174.0,"frac_under5":6.4,"frac_elderly_65plus":11.5,"frac_elderly_75plus":5.0,"old_age_dependency_ratio":0.17,"has_data":true},"geometry":{"type":"Polygon","coordinates":[[[-71.079217,42.301191],[-71.078425,42.303227],[-71.077264,42.304745],[-71.076782,42.305189],[-71.076185,42.305046],[-71.074161,42.30491],[-71.073117,42.304672],[-71.071426,42.303407],[-71.071569,42.30243],[-71.072011,42.301464],[-71.072299,42.299937],[-71.072927,42.299579],[-71.073641,42.299371],[-71.073072,42.298586],[-71.072269,42.296675],[-71.074289,42.296556],[-71.076289,42.297313],[-71.078852,42.296708],[-71.079217,42.301191]]]}},{"type":"Feature","properties":{"unit_id":"25017355000","name":"Census Tract 3550 \u2014 Middlesex","native_id":"25017355000","source":"census_tract_2025","adm3_name":"Middlesex County","adm3_id":"25017","area_sqm":464483,"split":false,"population":3189.7855730035867,"days_covered":18,"daytime_peak_f":86.4,"heat_anomaly_f":3.6,"extreme_pct":22.0,"nighttime_stress_f":-3.6,"daytime_peak_f_climrel":0.1994,"heat_anomaly_f_climrel":0.1994,"nighttime_stress_f_climrel":-0.2085,"extreme_pct_climrel":0.55,"ref_daytime_hi_mean":82.8,"ref_daytime_hi_p95":97.0,"rwi_mean":null,"health_per_10k":15.675034843460866,"built_frac":0.692,"tree_frac":0.298,"canopy_frac_over_3m":0.257,"viirs_mean":27.9,"gdl_hdi":0.961,"gdl_region":"Massachusetts","ghsl_smod":30,"lst_anomaly_c":2.44,"lst_anomaly_c_climrel":0.305,"worldpop_pop_total":3336.0,"frac_under5":5.0,"frac_elderly_65plus":18.1,"frac_elderly_75plus":7.4,"old_age_dependency_ratio":0.26,"has_data":true},"geometry":{"type":"Polygon","coordinates":[[[-71.140372,42.399831],[-71.136253,42.401071],[-71.135089,42.402492],[-71.134635,42.404259],[-71.133628,42.403483],[-71.1313,42.40158],[-71.130724,42.400922],[-71.12879,42.398723],[-71.127719,42.397503],[-71.127361,42.397096],[-71.124368,42.393653],[-71.122987,42.392377],[-71.123934,42.391723],[-71.125015,42.392649],[-71.128744,42.39601],[-71.129463,42.396627],[-71.130319,42.397395],[-71.130905,42.397903],[-71.130905,42.397743],[-71.132136,42.397733],[-71.140216,42.398202],[-71.141436,42.398959],[-71.140372,42.399831]]]}},{"type":"Feature","properties":{"unit_id":"25025090200","name":"Census Tract 902 \u2014 Suffolk","native_id":"25025090200","source":"census_tract_2025","adm3_name":"Suffolk County","adm3_id":"25025","area_sqm":273671,"split":false,"population":1694.5223416728838,"days_covered":18,"daytime_peak_f":87.3,"heat_anomaly_f":2.9,"extreme_pct":17.0,"nighttime_stress_f":-5.1,"daytime_peak_f_climrel":0.1686,"heat_anomaly_f_climrel":0.1686,"nighttime_stress_f_climrel":-0.3,"extreme_pct_climrel":0.425,"ref_daytime_hi_mean":84.4,"ref_daytime_hi_p95":98.1,"rwi_mean":null,"health_per_10k":11.802736091549784,"built_frac":0.825,"tree_frac":0.157,"canopy_frac_over_3m":0.113,"viirs_mean":60.3,"gdl_hdi":0.961,"gdl_region":"Massachusetts","ghsl_smod":30,"lst_anomaly_c":3.85,"lst_anomaly_c_climrel":0.4813,"worldpop_pop_total":2482.0,"frac_under5":7.8,"frac_elderly_65plus":11.3,"frac_elderly_75plus":5.1,"old_age_dependency_ratio":0.182,"has_data":true},"geometry":{"type":"Polygon","coordinates":[[[-71.083078,42.308772],[-71.082804,42.309331],[-71.082668,42.309535],[-71.082012,42.310256],[-71.079585,42.30988],[-71.076076,42.307568],[-71.075233,42.308273],[-71.073912,42.307681],[-71.076782,42.305189],[-71.077264,42.304745],[-71.078425,42.303227],[-71.078534,42.303388],[-71.07894,42.303937],[-71.079561,42.304622],[-71.080563,42.30544],[-71.081634,42.306343],[-71.083254,42.308469],[-71.083078,42.308772]]]}},{"type":"Feature","properties":{"unit_id":"25017339101","name":"Census Tract 3391.01 \u2014 Middlesex","native_id":"25017339101","source":"census_tract_2025","adm3_name":"Middlesex County","adm3_id":"25017","area_sqm":875342,"split":false,"population":4696.0,"days_covered":18,"daytime_peak_f":86.4,"heat_anomaly_f":3.6,"extreme_pct":22.0,"nighttime_stress_f":-3.6,"daytime_peak_f_climrel":0.1994,"heat_anomaly_f_climrel":0.1994,"nighttime_stress_f_climrel":-0.2085,"extreme_pct_climrel":0.55,"ref_daytime_hi_mean":82.8,"ref_daytime_hi_p95":97.0,"rwi_mean":null,"health_per_10k":6.388415672913117,"built_frac":0.552,"tree_frac":0.4,"canopy_frac_over_3m":0.273,"viirs_mean":30.7,"gdl_hdi":0.961,"gdl_region":"Massachusetts","ghsl_smod":30,"lst_anomaly_c":2.67,"lst_anomaly_c_climrel":0.3337,"worldpop_pop_total":3248.0,"frac_under5":4.0,"frac_elderly_65plus":32.3,"frac_elderly_75plus":17.9,"old_age_dependency_ratio":0.558,"has_data":true},"geometry":{"type":"Polygon","coordinates":[[[-71.11812,42.424035],[-71.117415,42.424911],[-71.114826,42.425232],[-71.11017,42.424898],[-71.110239,42.423884],[-71.10741,42.422599],[-71.103712,42.422604],[-71.104199,42.418745],[-71.104161,42.417374],[-71.1041,42.416355],[-71.104024,42.414904],[-71.104016,42.414769],[-71.10396,42.413712],[-71.110501,42.417078],[-71.115153,42.418991],[-71.117942,42.419096],[-71.1179,42.421341],[-71.117671,42.421248],[-71.11812,42.424035]]]}},{"type":"Feature","properties":{"unit_id":"25017384004","name":"Census Tract 3840.04 \u2014 Middlesex","native_id":"25017384004","source":"census_tract_2025","adm3_name":"Middlesex County","adm3_id":"25017","area_sqm":1455964,"split":false,"population":2161.0,"days_covered":18,"daytime_peak_f":86.3,"heat_anomaly_f":2.3,"extreme_pct":17.0,"nighttime_stress_f":-6.4,"daytime_peak_f_climrel":0.144,"heat_anomaly_f_climrel":0.144,"nighttime_stress_f_climrel":-0.3,"extreme_pct_climrel":0.425,"ref_daytime_hi_mean":84.0,"ref_daytime_hi_p95":95.8,"rwi_mean":null,"health_per_10k":0.0,"built_frac":0.139,"tree_frac":0.605,"canopy_frac_over_3m":0.392,"viirs_mean":11.0,"gdl_hdi":0.961,"gdl_region":"Massachusetts","ghsl_smod":23,"lst_anomaly_c":-4.81,"lst_anomaly_c_climrel":0,"worldpop_pop_total":1473.0,"frac_under5":5.9,"frac_elderly_65plus":22.9,"frac_elderly_75plus":9.8,"old_age_dependency_ratio":0.379,"has_data":true},"geometry":{"type":"Polygon","coordinates":[[[-71.471558,42.303892],[-71.469258,42.306618],[-71.468451,42.306748],[-71.464895,42.305161],[-71.461238,42.304028],[-71.451483,42.304695],[-71.446086,42.303903],[-71.445481,42.301566],[-71.442196,42.299651],[-71.442786,42.299206],[-71.449705,42.298038],[-71.450155,42.297886],[-71.457625,42.294347],[-71.460864,42.294507],[-71.464435,42.295788],[-71.469975,42.299489],[-71.470596,42.302454],[-71.471558,42.303892]]]}},{"type":"Feature","properties":{"unit_id":"25017311800","name":"Census Tract 3118 \u2014 Middlesex","native_id":"25017311800","source":"census_tract_2025","adm3_name":"Middlesex County","adm3_id":"25017","area_sqm":589543,"split":false,"population":2516.1055854587685,"days_covered":18,"daytime_peak_f":86.9,"heat_anomaly_f":2.6,"extreme_pct":17.0,"nighttime_stress_f":-6.2,"daytime_peak_f_climrel":0.155,"heat_anomaly_f_climrel":0.155,"nighttime_stress_f_climrel":-0.3,"extreme_pct_climrel":0.425,"ref_daytime_hi_mean":84.3,"ref_daytime_hi_p95":96.8,"rwi_mean":null,"health_per_10k":0.0,"built_frac":0.748,"tree_frac":0.217,"canopy_frac_over_3m":0.174,"viirs_mean":51.4,"gdl_hdi":0.961,"gdl_region":"Massachusetts","ghsl_smod":30,"lst_anomaly_c":4.92,"lst_anomaly_c_climrel":0.615,"worldpop_pop_total":3396.0,"frac_under5":6.8,"frac_elderly_65plus":10.8,"frac_elderly_75plus":4.2,"old_age_dependency_ratio":0.161,"has_data":true},"geometry":{"type":"Polygon","coordinates":[[[-71.325139,42.635408],[-71.319395,42.637033],[-71.316078,42.637908],[-71.315812,42.638381],[-71.315768,42.638302],[-71.31424,42.635244],[-71.313714,42.634487],[-71.312679,42.632726],[-71.314481,42.631931],[-71.318002,42.62828],[-71.318924,42.630171],[-71.321241,42.63018],[-71.319936,42.631899],[-71.322247,42.632247],[-71.3244,42.632901],[-71.325145,42.633292],[-71.325139,42.635408]]]}},{"type":"Feature","properties":{"unit_id":"25017313102","name":"Census Tract 3131.02 \u2014 Middlesex","native_id":"25017313102","source":"census_tract_2025","adm3_name":"Middlesex County","adm3_id":"25017","area_sqm":14698155,"split":false,"population":5893.0,"days_covered":18,"daytime_peak_f":87.0,"heat_anomaly_f":2.8,"extreme_pct":17.0,"nighttime_stress_f":-6.4,"daytime_peak_f_climrel":0.1637,"heat_anomaly_f_climrel":0.1637,"nighttime_stress_f_climrel":-0.3,"extreme_pct_climrel":0.425,"ref_daytime_hi_mean":84.2,"ref_daytime_hi_p95":96.4,"rwi_mean":null,"health_per_10k":0.0,"built_frac":0.052,"tree_frac":0.753,"canopy_frac_over_3m":0.627,"viirs_mean":4.0,"gdl_hdi":0.961,"gdl_region":"Massachusetts","ghsl_smod":21,"lst_anomaly_c":-6.46,"lst_anomaly_c_climrel":0,"worldpop_pop_total":5579.0,"frac_under5":4.9,"frac_elderly_65plus":18.1,"frac_elderly_75plus":5.9,"old_age_dependency_ratio":0.276,"has_data":true},"geometry":{"type":"Polygon","coordinates":[[[-71.432335697233,42.7000607760929],[-71.3881948332448,42.6990147287553],[-71.3869430269232,42.6989850635301],[-71.3697250416668,42.69857703283],[-71.374367,42.693264],[-71.374014,42.68937],[-71.378762,42.683005],[-71.376726,42.678065],[-71.373365,42.666123],[-71.371579,42.664145],[-71.369626,42.669334],[-71.366434,42.666678],[-71.368882,42.661753],[-71.378204,42.660687],[-71.381362,42.65484],[-71.382472,42.652543],[-71.380531,42.65086],[-71.38092,42.649008],[-71.38522,42.649599],[-71.389208,42.649004],[-71.39418,42.653746],[-71.396747,42.657394],[-71.39966,42.657973],[-71.401769,42.661717],[-71.404865,42.66565],[-71.406516,42.666829],[-71.418261,42.671494],[-71.419626,42.672245],[-71.420774,42.674114],[-71.420914,42.676761],[-71.418684,42.682096],[-71.418016,42.682623],[-71.41378,42.682719],[-71.412594,42.683905],[-71.412659,42.686412],[-71.414055,42.689001],[-71.41569,42.690873],[-71.422736,42.694245],[-71.427672,42.695637],[-71.429537,42.696764],[-71.431181,42.698035],[-71.432335697233,42.7000607760929]]]}},{"type":"Feature","properties":{"unit_id":"25025070600","name":"Census Tract 706 \u2014 Suffolk","native_id":"25025070600","source":"census_tract_2025","adm3_name":"Suffolk County","adm3_id":"25025","area_sqm":130995,"split":false,"population":2764.63442387272,"days_covered":18,"daytime_peak_f":87.3,"heat_anomaly_f":2.9,"extreme_pct":17.0,"nighttime_stress_f":-5.1,"daytime_peak_f_climrel":0.1686,"heat_anomaly_f_climrel":0.1686,"nighttime_stress_f_climrel":-0.3,"extreme_pct_climrel":0.425,"ref_daytime_hi_mean":84.4,"ref_daytime_hi_p95":98.1,"rwi_mean":null,"health_per_10k":0.0,"built_frac":0.786,"tree_frac":0.214,"canopy_frac_over_3m":0.171,"viirs_mean":98.8,"gdl_hdi":0.961,"gdl_region":"Massachusetts","ghsl_smod":30,"lst_anomaly_c":4.68,"lst_anomaly_c_climrel":0.585,"worldpop_pop_total":2169.0,"frac_under5":5.7,"frac_elderly_65plus":14.5,"frac_elderly_75plus":6.1,"old_age_dependency_ratio":0.195,"has_data":true},"geometry":{"type":"Polygon","coordinates":[[[-71.078561,42.343211],[-71.0782,42.343266],[-71.075936,42.343915],[-71.074488,42.344297],[-71.074872,42.345105],[-71.072746,42.345657],[-71.071863,42.343833],[-71.073755,42.342831],[-71.074586,42.342408],[-71.077339,42.340948],[-71.079207,42.342697],[-71.078561,42.343211]]]}},{"type":"Feature","properties":{"unit_id":"25017301102","name":"Census Tract 3011.02 \u2014 Middlesex","native_id":"25017301102","source":"census_tract_2025","adm3_name":"Middlesex County","adm3_id":"25017","area_sqm":40437309,"split":false,"population":3311.0,"days_covered":18,"daytime_peak_f":86.6,"heat_anomaly_f":2.8,"extreme_pct":17.0,"nighttime_stress_f":-7.3,"daytime_peak_f_climrel":0.1772,"heat_anomaly_f_climrel":0.1772,"nighttime_stress_f_climrel":-0.3,"extreme_pct_climrel":0.425,"ref_daytime_hi_mean":83.8,"ref_daytime_hi_p95":95.5,"rwi_mean":null,"health_per_10k":3.020235578375113,"built_frac":0.018,"tree_frac":0.913,"canopy_frac_over_3m":0.814,"viirs_mean":0.9,"gdl_hdi":0.961,"gdl_region":"Massachusetts","ghsl_smod":12,"lst_anomaly_c":-8.0,"lst_anomaly_c_climrel":0,"worldpop_pop_total":4525.0,"frac_under5":4.5,"frac_elderly_65plus":19.1,"frac_elderly_75plus":6.2,"old_age_dependency_ratio":0.292,"has_data":true},"geometry":{"type":"Polygon","coordinates":[[[-71.774363,42.672228],[-71.771493,42.673993],[-71.768353,42.674136],[-71.764384,42.673811],[-71.761186,42.675086],[-71.754621,42.677119],[-71.751426,42.677362],[-71.740275,42.677231],[-71.733546,42.676252],[-71.730632,42.675346],[-71.72481,42.672688],[-71.725116,42.672288],[-71.709471,42.666606],[-71.709329,42.666549],[-71.706601,42.665582],[-71.701414,42.663497],[-71.696377,42.659708],[-71.693119,42.657955],[-71.688234,42.657562],[-71.68685,42.656547],[-71.676767,42.65441],[-71.671929,42.652913],[-71.666107,42.651132],[-71.657978,42.649659],[-71.660473,42.635088],[-71.664601,42.611598],[-71.69416,42.620275],[-71.701339,42.622381],[-71.732257,42.631454],[-71.775755,42.64423],[-71.774363,42.672228]]]}},{"type":"Feature","properties":{"unit_id":"25025170302","name":"Census Tract 1703.02 \u2014 Suffolk","native_id":"25025170302","source":"census_tract_2025","adm3_name":"Suffolk County","adm3_id":"25025","area_sqm":2389609,"split":false,"population":1993.0,"days_covered":18,"daytime_peak_f":86.8,"heat_anomaly_f":3.9,"extreme_pct":22.0,"nighttime_stress_f":-3.5,"daytime_peak_f_climrel":0.2108,"heat_anomaly_f_climrel":0.2108,"nighttime_stress_f_climrel":-0.1981,"extreme_pct_climrel":0.55,"ref_daytime_hi_mean":82.9,"ref_daytime_hi_p95":97.6,"rwi_mean":null,"health_per_10k":5.017561465127947,"built_frac":0.252,"tree_frac":0.293,"canopy_frac_over_3m":0.19,"viirs_mean":25.1,"gdl_hdi":0.961,"gdl_region":"Massachusetts","ghsl_smod":30,"lst_anomaly_c":-3.06,"lst_anomaly_c_climrel":0,"worldpop_pop_total":4343.0,"frac_under5":6.8,"frac_elderly_65plus":10.6,"frac_elderly_75plus":4.3,"old_age_dependency_ratio":0.144,"has_data":true},"geometry":{"type":"Polygon","coordinates":[[[-71.025836,42.444709],[-71.018757,42.450118],[-71.01461,42.445289],[-71.01324,42.443708],[-71.011924,42.442164],[-71.009671,42.441047],[-71.012269,42.439724],[-71.010105,42.438188],[-71.011416,42.435991],[-71.010777,42.434568],[-71.006974,42.433838],[-71.00592,42.433044],[-71.00215,42.432608],[-70.999857,42.431296],[-70.997347,42.431066],[-70.997234,42.431051],[-71.003725,42.422308],[-71.008935,42.425912],[-71.010812,42.42451],[-71.015124,42.428056],[-71.016245,42.4288],[-71.018485,42.428758],[-71.019762,42.430332],[-71.024088,42.431582],[-71.023036,42.43346],[-71.023002,42.433521],[-71.021348,42.436505],[-71.021005,42.437117],[-71.020377,42.43825],[-71.024996,42.443715],[-71.025836,42.444709]]]}},{"type":"Feature","properties":{"unit_id":"25017321400","name":"Census Tract 3214 \u2014 Middlesex","native_id":"25017321400","source":"census_tract_2025","adm3_name":"Middlesex County","adm3_id":"25017","area_sqm":14173652,"split":false,"population":13260.0,"days_covered":18,"daytime_peak_f":86.1,"heat_anomaly_f":2.1,"extreme_pct":17.0,"nighttime_stress_f":-6.7,"daytime_peak_f_climrel":0.1321,"heat_anomaly_f_climrel":0.1321,"nighttime_stress_f_climrel":-0.3,"extreme_pct_climrel":0.425,"ref_daytime_hi_mean":84.0,"ref_daytime_hi_p95":95.8,"rwi_mean":null,"health_per_10k":1.5082956259426847,"built_frac":0.247,"tree_frac":0.644,"canopy_frac_over_3m":0.502,"viirs_mean":23.5,"gdl_hdi":0.961,"gdl_region":"Massachusetts","ghsl_smod":21,"lst_anomaly_c":-3.21,"lst_anomaly_c_climrel":0,"worldpop_pop_total":4489.0,"frac_under5":4.7,"frac_elderly_65plus":18.4,"frac_elderly_75plus":7.7,"old_age_dependency_ratio":0.269,"has_data":true},"geometry":{"type":"Polygon","coordinates":[[[-71.624702,42.350465],[-71.610007,42.357403],[-71.603065,42.367267],[-71.59429,42.368195],[-71.590956,42.363916],[-71.578699,42.352569],[-71.576817,42.350474],[-71.575263,42.347359],[-71.574874,42.345377],[-71.575007,42.341229],[-71.575307,42.335819],[-71.574992,42.33288],[-71.574305,42.330452],[-71.570308,42.319661],[-71.57825,42.315017],[-71.58521,42.310952],[-71.592502,42.317901],[-71.597363,42.321016],[-71.601885,42.326971],[-71.605266,42.33016],[-71.603591,42.331676],[-71.60396,42.335341],[-71.604099,42.336769],[-71.611529,42.338993],[-71.61826,42.342589],[-71.620658,42.345249],[-71.625825,42.349724],[-71.624702,42.350465]]]}},{"type":"Feature","properties":{"unit_id":"25025091600","name":"Census Tract 916 \u2014 Suffolk","native_id":"25025091600","source":"census_tract_2025","adm3_name":"Suffolk County","adm3_id":"25025","area_sqm":313158,"split":false,"population":1535.305569212453,"days_covered":18,"daytime_peak_f":87.3,"heat_anomaly_f":2.9,"extreme_pct":17.0,"nighttime_stress_f":-5.1,"daytime_peak_f_climrel":0.1686,"heat_anomaly_f_climrel":0.1686,"nighttime_stress_f_climrel":-0.3,"extreme_pct_climrel":0.425,"ref_daytime_hi_mean":84.4,"ref_daytime_hi_p95":98.1,"rwi_mean":null,"health_per_10k":0.0,"built_frac":0.781,"tree_frac":0.2,"canopy_frac_over_3m":0.117,"viirs_mean":65.2,"gdl_hdi":0.961,"gdl_region":"Massachusetts","ghsl_smod":30,"lst_anomaly_c":4.17,"lst_anomaly_c_climrel":0.5212,"worldpop_pop_total":3023.0,"frac_under5":5.6,"frac_elderly_65plus":13.4,"frac_elderly_75plus":5.5,"old_age_dependency_ratio":0.194,"has_data":true},"geometry":{"type":"Polygon","coordinates":[[[-71.066494,42.306709],[-71.06503,42.30808],[-71.063907,42.308347],[-71.061387,42.308742],[-71.060596,42.308788],[-71.058419,42.307579],[-71.058397,42.307678],[-71.057388,42.30548],[-71.055973,42.304517],[-71.059429,42.303127],[-71.059796,42.301538],[-71.060149,42.30215],[-71.060576,42.303145],[-71.061157,42.304559],[-71.061504,42.30537],[-71.063123,42.305002],[-71.064554,42.305394],[-71.064578,42.304017],[-71.066079,42.30642],[-71.066494,42.306709]]]}},{"type":"Feature","properties":{"unit_id":"25017333300","name":"Census Tract 3333 \u2014 Middlesex","native_id":"25017333300","source":"census_tract_2025","adm3_name":"Middlesex County","adm3_id":"25017","area_sqm":1627185,"split":false,"population":4348.0,"days_covered":18,"daytime_peak_f":87.1,"heat_anomaly_f":3.0,"extreme_pct":17.0,"nighttime_stress_f":-5.1,"daytime_peak_f_climrel":0.1737,"heat_anomaly_f_climrel":0.1737,"nighttime_stress_f_climrel":-0.3,"extreme_pct_climrel":0.425,"ref_daytime_hi_mean":84.0,"ref_daytime_hi_p95":97.5,"rwi_mean":null,"health_per_10k":4.599816007359705,"built_frac":0.374,"tree_frac":0.383,"canopy_frac_over_3m":0.253,"viirs_mean":18.0,"gdl_hdi":0.961,"gdl_region":"Massachusetts","ghsl_smod":30,"lst_anomaly_c":0.18,"lst_anomaly_c_climrel":0.0225,"worldpop_pop_total":4311.0,"frac_under5":5.0,"frac_elderly_65plus":14.2,"frac_elderly_75plus":5.5,"old_age_dependency_ratio":0.2,"has_data":true},"geometry":{"type":"Polygon","coordinates":[[[-71.160159,42.473582],[-71.155664,42.474013],[-71.152287,42.475022],[-71.152707,42.475393],[-71.150536,42.476636],[-71.151308,42.478209],[-71.151728,42.478945],[-71.152175,42.479937],[-71.150792,42.481503],[-71.146622,42.480947],[-71.144325,42.478426],[-71.143796,42.475599],[-71.14338,42.474297],[-71.141456,42.470517],[-71.137902,42.468581],[-71.146008,42.465801],[-71.150544,42.464295],[-71.152292,42.463716],[-71.154732,42.463011],[-71.15856,42.464272],[-71.161394,42.470256],[-71.160159,42.473582]]]}},{"type":"Feature","properties":{"unit_id":"25025010104","name":"Census Tract 101.04 \u2014 Suffolk","native_id":"25025010104","source":"census_tract_2025","adm3_name":"Suffolk County","adm3_id":"25025","area_sqm":281681,"split":false,"population":3685.4593174902025,"days_covered":18,"daytime_peak_f":87.3,"heat_anomaly_f":2.9,"extreme_pct":17.0,"nighttime_stress_f":-5.1,"daytime_peak_f_climrel":0.1686,"heat_anomaly_f_climrel":0.1686,"nighttime_stress_f_climrel":-0.3,"extreme_pct_climrel":0.425,"ref_daytime_hi_mean":84.4,"ref_daytime_hi_p95":98.1,"rwi_mean":null,"health_per_10k":5.426731996493722,"built_frac":0.867,"tree_frac":0.126,"canopy_frac_over_3m":0.086,"viirs_mean":102.8,"gdl_hdi":0.961,"gdl_region":"Massachusetts","ghsl_smod":30,"lst_anomaly_c":3.09,"lst_anomaly_c_climrel":0.3862,"worldpop_pop_total":4652.0,"frac_under5":1.0,"frac_elderly_65plus":9.4,"frac_elderly_75plus":5.0,"old_age_dependency_ratio":0.107,"has_data":true},"geometry":{"type":"Polygon","coordinates":[[[-71.100564,42.347918],[-71.097168,42.348982],[-71.097608,42.349904],[-71.098182,42.350735],[-71.094992,42.35057],[-71.089862,42.351576],[-71.089757,42.351363],[-71.089497,42.350848],[-71.08871,42.349252],[-71.087916,42.347461],[-71.089636,42.347644],[-71.091944,42.347629],[-71.092871,42.347643],[-71.098115,42.347637],[-71.099802,42.347651],[-71.101143,42.347758],[-71.100564,42.347918]]]}},{"type":"Feature","properties":{"unit_id":"25025080801","name":"Census Tract 808.01 \u2014 Suffolk","native_id":"25025080801","source":"census_tract_2025","adm3_name":"Suffolk County","adm3_id":"25025","area_sqm":364890,"split":false,"population":9723.0,"days_covered":18,"daytime_peak_f":87.3,"heat_anomaly_f":2.9,"extreme_pct":17.0,"nighttime_stress_f":-5.1,"daytime_peak_f_climrel":0.1686,"heat_anomaly_f_climrel":0.1686,"nighttime_stress_f_climrel":-0.3,"extreme_pct_climrel":0.425,"ref_daytime_hi_mean":84.4,"ref_daytime_hi_p95":98.1,"rwi_mean":null,"health_per_10k":0.0,"built_frac":0.817,"tree_frac":0.149,"canopy_frac_over_3m":0.096,"viirs_mean":93.3,"gdl_hdi":0.961,"gdl_region":"Massachusetts","ghsl_smod":30,"lst_anomaly_c":4.38,"lst_anomaly_c_climrel":0.5475,"worldpop_pop_total":4220.0,"frac_under5":3.9,"frac_elderly_65plus":8.8,"frac_elderly_75plus":2.8,"old_age_dependency_ratio":0.113,"has_data":true},"geometry":{"type":"Polygon","coordinates":[[[-71.09979,42.335401],[-71.100306,42.335941],[-71.095745,42.337727],[-71.090654,42.335744],[-71.090518,42.335665],[-71.094446,42.332386],[-71.095351,42.331554],[-71.097185,42.331782],[-71.099319,42.332276],[-71.101321,42.33296],[-71.09979,42.335401]]]}},{"type":"Feature","properties":{"unit_id":"25025980300","name":"Census Tract 9803 \u2014 Suffolk","native_id":"25025980300","source":"census_tract_2025","adm3_name":"Suffolk County","adm3_id":"25025","area_sqm":2081297,"split":false,"population":4326.0,"days_covered":18,"daytime_peak_f":87.3,"heat_anomaly_f":2.9,"extreme_pct":17.0,"nighttime_stress_f":-5.1,"daytime_peak_f_climrel":0.1686,"heat_anomaly_f_climrel":0.1686,"nighttime_stress_f_climrel":-0.3,"extreme_pct_climrel":0.425,"ref_daytime_hi_mean":84.4,"ref_daytime_hi_p95":98.1,"rwi_mean":null,"health_per_10k":2.311604253351826,"built_frac":0.099,"tree_frac":0.65,"canopy_frac_over_3m":0.538,"viirs_mean":27.3,"gdl_hdi":0.961,"gdl_region":"Massachusetts","ghsl_smod":30,"lst_anomaly_c":-2.97,"lst_anomaly_c_climrel":0,"worldpop_pop_total":71.0,"frac_under5":4.1,"frac_elderly_65plus":14.8,"frac_elderly_75plus":6.1,"old_age_dependency_ratio":0.201,"has_data":true},"geometry":{"type":"Polygon","coordinates":[[[-71.105702,42.301665],[-71.10485,42.30232],[-71.104335,42.302763],[-71.102713,42.305269],[-71.10269,42.305966],[-71.100716,42.306566],[-71.097848,42.311067],[-71.096832,42.312246],[-71.096248,42.312492],[-71.095145,42.313282],[-71.093603,42.31215],[-71.093132,42.31072],[-71.092172,42.309859],[-71.089079,42.30753],[-71.085011,42.305169],[-71.084923,42.304428],[-71.085246,42.303446],[-71.085903,42.301381],[-71.086992,42.298142],[-71.089635,42.297498],[-71.09135,42.296922],[-71.093173,42.294613],[-71.094542,42.293021],[-71.095759,42.291973],[-71.096181,42.292886],[-71.096402,42.293235],[-71.103291,42.299806],[-71.104661,42.300271],[-71.106655,42.30088],[-71.105702,42.301665]]]}},{"type":"Feature","properties":{"unit_id":"25017324101","name":"Census Tract 3241.01 \u2014 Middlesex","native_id":"25017324101","source":"census_tract_2025","adm3_name":"Middlesex County","adm3_id":"25017","area_sqm":22675014,"split":false,"population":6377.0,"days_covered":18,"daytime_peak_f":86.7,"heat_anomaly_f":2.7,"extreme_pct":17.0,"nighttime_stress_f":-6.7,"daytime_peak_f_climrel":0.1665,"heat_anomaly_f_climrel":0.1665,"nighttime_stress_f_climrel":-0.3,"extreme_pct_climrel":0.425,"ref_daytime_hi_mean":84.1,"ref_daytime_hi_p95":95.7,"rwi_mean":null,"health_per_10k":4.7044064607182055,"built_frac":0.059,"tree_frac":0.758,"canopy_frac_over_3m":0.599,"viirs_mean":4.3,"gdl_hdi":0.961,"gdl_region":"Massachusetts","ghsl_smod":12,"lst_anomaly_c":-6.87,"lst_anomaly_c_climrel":0,"worldpop_pop_total":5730.0,"frac_under5":4.9,"frac_elderly_65plus":19.4,"frac_elderly_75plus":9.0,"old_age_dependency_ratio":0.307,"has_data":true},"geometry":{"type":"Polygon","coordinates":[[[-71.516221,42.513444],[-71.507979,42.520743],[-71.504901,42.524437],[-71.499318,42.531425],[-71.493214,42.539823],[-71.489955,42.543294],[-71.483977,42.547272],[-71.478084,42.549579],[-71.468842,42.551746],[-71.444767,42.538044],[-71.428535,42.528804],[-71.434718,42.522486],[-71.443939,42.509059],[-71.473528,42.500177],[-71.500053,42.509266],[-71.50281,42.506869],[-71.509084,42.510043],[-71.51161,42.508991],[-71.51482,42.511524],[-71.516221,42.513444]]]}},{"type":"Feature","properties":{"unit_id":"25017310602","name":"Census Tract 3106.02 \u2014 Middlesex","native_id":"25017310602","source":"census_tract_2025","adm3_name":"Middlesex County","adm3_id":"25017","area_sqm":2265967,"split":false,"population":4375.0,"days_covered":18,"daytime_peak_f":86.9,"heat_anomaly_f":2.6,"extreme_pct":17.0,"nighttime_stress_f":-6.2,"daytime_peak_f_climrel":0.155,"heat_anomaly_f_climrel":0.155,"nighttime_stress_f_climrel":-0.3,"extreme_pct_climrel":0.425,"ref_daytime_hi_mean":84.3,"ref_daytime_hi_p95":96.8,"rwi_mean":null,"health_per_10k":4.571428571428571,"built_frac":0.392,"tree_frac":0.453,"canopy_frac_over_3m":0.313,"viirs_mean":20.8,"gdl_hdi":0.961,"gdl_region":"Massachusetts","ghsl_smod":30,"lst_anomaly_c":-0.65,"lst_anomaly_c_climrel":0,"worldpop_pop_total":6341.0,"frac_under5":5.2,"frac_elderly_65plus":16.7,"frac_elderly_75plus":7.2,"old_age_dependency_ratio":0.247,"has_data":true},"geometry":{"type":"Polygon","coordinates":[[[-71.35532,42.645732],[-71.352872,42.645279],[-71.352357,42.646527],[-71.350968,42.644861],[-71.348687,42.644864],[-71.349451,42.647436],[-71.348402,42.650803],[-71.346142,42.653121],[-71.342778,42.65438],[-71.340912,42.656309],[-71.341801,42.657729],[-71.329361,42.660319],[-71.327889,42.660629],[-71.328979,42.6593],[-71.330312,42.656001],[-71.331775,42.654635],[-71.334684,42.651926],[-71.331612,42.650222],[-71.330541,42.649614],[-71.32996,42.649231],[-71.330284,42.648882],[-71.333328,42.647482],[-71.333946,42.647462],[-71.334602,42.647133],[-71.336064,42.646078],[-71.33711,42.644945],[-71.338061,42.643379],[-71.339705,42.642093],[-71.343544,42.64029],[-71.352813,42.639053],[-71.35471,42.638991],[-71.35532,42.645732]]]}},{"type":"Feature","properties":{"unit_id":"25025140202","name":"Census Tract 1402.02 \u2014 Suffolk","native_id":"25025140202","source":"census_tract_2025","adm3_name":"Suffolk County","adm3_id":"25025","area_sqm":1538599,"split":false,"population":2589.0,"days_covered":18,"daytime_peak_f":86.5,"heat_anomaly_f":2.8,"extreme_pct":17.0,"nighttime_stress_f":-5.1,"daytime_peak_f_climrel":0.1714,"heat_anomaly_f_climrel":0.1714,"nighttime_stress_f_climrel":-0.3,"extreme_pct_climrel":0.425,"ref_daytime_hi_mean":83.7,"ref_daytime_hi_p95":97.0,"rwi_mean":null,"health_per_10k":0.0,"built_frac":0.389,"tree_frac":0.599,"canopy_frac_over_3m":0.391,"viirs_mean":27.0,"gdl_hdi":0.961,"gdl_region":"Massachusetts","ghsl_smod":30,"lst_anomaly_c":-2.13,"lst_anomaly_c_climrel":0,"worldpop_pop_total":5699.0,"frac_under5":5.4,"frac_elderly_65plus":16.7,"frac_elderly_75plus":6.8,"old_age_dependency_ratio":0.25,"has_data":true},"geometry":{"type":"Polygon","coordinates":[[[-71.126233,42.242667],[-71.126066,42.245479],[-71.12541,42.246866],[-71.124843,42.247607],[-71.122439,42.250058],[-71.122839,42.250485],[-71.122884,42.251849],[-71.12063,42.252113],[-71.118894,42.253161],[-71.1184,42.253924],[-71.115465,42.256873],[-71.114246,42.258162],[-71.11326,42.258926],[-71.113009,42.258689],[-71.112392,42.258116],[-71.109544,42.255412],[-71.109465,42.25241],[-71.109347,42.24799],[-71.112057,42.246585],[-71.114563,42.245284],[-71.116529,42.244274],[-71.12567,42.239527],[-71.126184,42.241615],[-71.126233,42.242667]]]}},{"type":"Feature","properties":{"unit_id":"25025120105","name":"Census Tract 1201.05 \u2014 Suffolk","native_id":"25025120105","source":"census_tract_2025","adm3_name":"Suffolk County","adm3_id":"25025","area_sqm":1839766,"split":false,"population":2164.0,"days_covered":18,"daytime_peak_f":87.3,"heat_anomaly_f":2.9,"extreme_pct":17.0,"nighttime_stress_f":-5.1,"daytime_peak_f_climrel":0.1686,"heat_anomaly_f_climrel":0.1686,"nighttime_stress_f_climrel":-0.3,"extreme_pct_climrel":0.425,"ref_daytime_hi_mean":84.4,"ref_daytime_hi_p95":98.1,"rwi_mean":null,"health_per_10k":4.621072088724584,"built_frac":0.178,"tree_frac":0.778,"canopy_frac_over_3m":0.563,"viirs_mean":15.9,"gdl_hdi":0.961,"gdl_region":"Massachusetts","ghsl_smod":30,"lst_anomaly_c":-3.35,"lst_anomaly_c_climrel":0,"worldpop_pop_total":2337.0,"frac_under5":4.7,"frac_elderly_65plus":33.0,"frac_elderly_75plus":14.7,"old_age_dependency_ratio":0.612,"has_data":true},"geometry":{"type":"Polygon","coordinates":[[[-71.140135,42.302147],[-71.136502,42.306204],[-71.134359,42.309252],[-71.131863,42.313178],[-71.130642,42.31453],[-71.123711,42.322716],[-71.121528,42.323882],[-71.120112,42.322835],[-71.119539,42.322745],[-71.119515,42.322055],[-71.119817,42.321579],[-71.12572,42.318427],[-71.124431,42.317297],[-71.121905,42.312907],[-71.121612,42.309798],[-71.120727,42.309009],[-71.121463,42.308685],[-71.121671,42.308656],[-71.120783,42.308359],[-71.122084,42.306534],[-71.123084,42.305163],[-71.124672,42.305194],[-71.124992,42.303489],[-71.125399,42.302878],[-71.125816,42.302322],[-71.126158,42.301899],[-71.127925,42.300157],[-71.130904,42.301275],[-71.134866,42.301723],[-71.136917,42.301189],[-71.140135,42.302147]]]}},{"type":"Feature","properties":{"unit_id":"25025981600","name":"Census Tract 9816 \u2014 Suffolk","native_id":"25025981600","source":"census_tract_2025","adm3_name":"Suffolk County","adm3_id":"25025","area_sqm":586982,"split":false,"population":1095.0,"days_covered":18,"daytime_peak_f":86.8,"heat_anomaly_f":3.9,"extreme_pct":22.0,"nighttime_stress_f":-3.5,"daytime_peak_f_climrel":0.2108,"heat_anomaly_f_climrel":0.2108,"nighttime_stress_f_climrel":-0.1981,"extreme_pct_climrel":0.55,"ref_daytime_hi_mean":82.9,"ref_daytime_hi_p95":97.6,"rwi_mean":null,"health_per_10k":0.0,"built_frac":0.066,"tree_frac":0.086,"canopy_frac_over_3m":0.053,"viirs_mean":23.2,"gdl_hdi":0.961,"gdl_region":"Massachusetts","ghsl_smod":30,"lst_anomaly_c":-6.21,"lst_anomaly_c_climrel":0,"worldpop_pop_total":55.0,"frac_under5":5.1,"frac_elderly_65plus":15.6,"frac_elderly_75plus":8.1,"old_age_dependency_ratio":0.227,"has_data":true},"geometry":{"type":"Polygon","coordinates":[[[-70.999388,42.388331],[-70.995347,42.389362],[-70.996729,42.390291],[-70.994454,42.393316],[-70.989771,42.39324],[-70.987974,42.392817],[-70.987289,42.388734],[-70.986053,42.388116],[-70.986621,42.387138],[-70.988281,42.387107],[-70.994239,42.384647],[-70.994634,42.382711],[-71.00076,42.384512],[-71.000018,42.385629],[-70.996423,42.384351],[-70.995645,42.385088],[-71.001134,42.387097],[-70.999388,42.388331]]]}},{"type":"Feature","properties":{"unit_id":"25025010600","name":"Census Tract 106 \u2014 Suffolk","native_id":"25025010600","source":"census_tract_2025","adm3_name":"Suffolk County","adm3_id":"25025","area_sqm":339678,"split":false,"population":20082.0,"days_covered":18,"daytime_peak_f":87.3,"heat_anomaly_f":2.9,"extreme_pct":17.0,"nighttime_stress_f":-5.1,"daytime_peak_f_climrel":0.1686,"heat_anomaly_f_climrel":0.1686,"nighttime_stress_f_climrel":-0.3,"extreme_pct_climrel":0.425,"ref_daytime_hi_mean":84.4,"ref_daytime_hi_p95":98.1,"rwi_mean":null,"health_per_10k":1.4938751120406333,"built_frac":0.95,"tree_frac":0.023,"canopy_frac_over_3m":0.015,"viirs_mean":121.7,"gdl_hdi":0.961,"gdl_region":"Massachusetts","ghsl_smod":30,"lst_anomaly_c":4.04,"lst_anomaly_c_climrel":0.505,"worldpop_pop_total":3673.0,"frac_under5":3.8,"frac_elderly_65plus":24.4,"frac_elderly_75plus":11.8,"old_age_dependency_ratio":0.358,"has_data":true},"geometry":{"type":"Polygon","coordinates":[[[-71.085602,42.347884],[-71.083749,42.34838],[-71.079508,42.349508],[-71.077368,42.350075],[-71.076683,42.349395],[-71.072659,42.35041],[-71.072,42.349022],[-71.075096,42.348159],[-71.076201,42.347911],[-71.076028,42.347309],[-71.078086,42.345821],[-71.080082,42.344219],[-71.080911,42.344787],[-71.08171,42.345339],[-71.081821,42.345413],[-71.084742,42.346195],[-71.085602,42.347884]]]}},{"type":"Feature","properties":{"unit_id":"25017312000","name":"Census Tract 3120 \u2014 Middlesex","native_id":"25017312000","source":"census_tract_2025","adm3_name":"Middlesex County","adm3_id":"25017","area_sqm":356368,"split":false,"population":3996.0,"days_covered":18,"daytime_peak_f":86.9,"heat_anomaly_f":2.6,"extreme_pct":17.0,"nighttime_stress_f":-6.2,"daytime_peak_f_climrel":0.155,"heat_anomaly_f_climrel":0.155,"nighttime_stress_f_climrel":-0.3,"extreme_pct_climrel":0.425,"ref_daytime_hi_mean":84.3,"ref_daytime_hi_p95":96.8,"rwi_mean":null,"health_per_10k":0.0,"built_frac":0.702,"tree_frac":0.273,"canopy_frac_over_3m":0.179,"viirs_mean":54.1,"gdl_hdi":0.961,"gdl_region":"Massachusetts","ghsl_smod":30,"lst_anomaly_c":4.51,"lst_anomaly_c_climrel":0.5637,"worldpop_pop_total":3138.0,"frac_under5":7.5,"frac_elderly_65plus":11.0,"frac_elderly_75plus":4.8,"old_age_dependency_ratio":0.164,"has_data":true},"geometry":{"type":"Polygon","coordinates":[[[-71.313714,42.634487],[-71.308996,42.635095],[-71.308913,42.636994],[-71.306729,42.637456],[-71.305943,42.635805],[-71.305369,42.637316],[-71.302852,42.638205],[-71.302251,42.636968],[-71.30149,42.636024],[-71.303389,42.636128],[-71.302642,42.634241],[-71.304085,42.633807],[-71.304917,42.632594],[-71.30552,42.631742],[-71.308951,42.63162],[-71.31253,42.632524],[-71.312679,42.632726],[-71.313714,42.634487]]]}},{"type":"Feature","properties":{"unit_id":"25025020302","name":"Census Tract 203.02 \u2014 Suffolk","native_id":"25025020302","source":"census_tract_2025","adm3_name":"Suffolk County","adm3_id":"25025","area_sqm":76786,"split":false,"population":3184.922685300376,"days_covered":18,"daytime_peak_f":86.4,"heat_anomaly_f":3.6,"extreme_pct":22.0,"nighttime_stress_f":-3.6,"daytime_peak_f_climrel":0.1994,"heat_anomaly_f_climrel":0.1994,"nighttime_stress_f_climrel":-0.2085,"extreme_pct_climrel":0.55,"ref_daytime_hi_mean":82.8,"ref_daytime_hi_p95":97.0,"rwi_mean":null,"health_per_10k":0.0,"built_frac":0.898,"tree_frac":0.07,"canopy_frac_over_3m":0.067,"viirs_mean":126.1,"gdl_hdi":0.961,"gdl_region":"Massachusetts","ghsl_smod":30,"lst_anomaly_c":2.21,"lst_anomaly_c_climrel":0.2762,"worldpop_pop_total":1304.0,"frac_under5":4.0,"frac_elderly_65plus":10.3,"frac_elderly_75plus":3.8,"old_age_dependency_ratio":0.127,"has_data":true},"geometry":{"type":"Polygon","coordinates":[[[-71.065161,42.361201],[-71.063721,42.361241],[-71.062911,42.361229],[-71.062817,42.358665],[-71.062642,42.357977],[-71.063169,42.357748],[-71.06499,42.357195],[-71.065069,42.358856],[-71.065048,42.359368],[-71.065161,42.361201]]]}},{"type":"Feature","properties":{"unit_id":"25017311100","name":"Census Tract 3111 \u2014 Middlesex","native_id":"25017311100","source":"census_tract_2025","adm3_name":"Middlesex County","adm3_id":"25017","area_sqm":430361,"split":false,"population":3113.267799546416,"days_covered":18,"daytime_peak_f":86.9,"heat_anomaly_f":2.6,"extreme_pct":17.0,"nighttime_stress_f":-6.2,"daytime_peak_f_climrel":0.155,"heat_anomaly_f_climrel":0.155,"nighttime_stress_f_climrel":-0.3,"extreme_pct_climrel":0.425,"ref_daytime_hi_mean":84.3,"ref_daytime_hi_p95":96.8,"rwi_mean":null,"health_per_10k":3.212059046593081,"built_frac":0.872,"tree_frac":0.102,"canopy_frac_over_3m":0.092,"viirs_mean":66.9,"gdl_hdi":0.961,"gdl_region":"Massachusetts","ghsl_smod":30,"lst_anomaly_c":5.55,"lst_anomaly_c_climrel":0.6937,"worldpop_pop_total":2506.0,"frac_under5":5.9,"frac_elderly_65plus":7.9,"frac_elderly_75plus":3.0,"old_age_dependency_ratio":0.11,"has_data":true},"geometry":{"type":"Polygon","coordinates":[[[-71.326227,42.644292],[-71.325403,42.644465],[-71.321855,42.64553],[-71.320997,42.64459],[-71.317434,42.645126],[-71.317238,42.644384],[-71.315556,42.643887],[-71.314798,42.64352],[-71.316772,42.641212],[-71.31678,42.640632],[-71.317841,42.640015],[-71.32006,42.639167],[-71.325058,42.640255],[-71.325866,42.643098],[-71.326227,42.644292]]]}},{"type":"Feature","properties":{"unit_id":"25025110104","name":"Census Tract 1101.04 \u2014 Suffolk","native_id":"25025110104","source":"census_tract_2025","adm3_name":"Suffolk County","adm3_id":"25025","area_sqm":301939,"split":false,"population":982.2590193367885,"days_covered":18,"daytime_peak_f":87.3,"heat_anomaly_f":2.9,"extreme_pct":17.0,"nighttime_stress_f":-5.1,"daytime_peak_f_climrel":0.1686,"heat_anomaly_f_climrel":0.1686,"nighttime_stress_f_climrel":-0.3,"extreme_pct_climrel":0.425,"ref_daytime_hi_mean":84.4,"ref_daytime_hi_p95":98.1,"rwi_mean":null,"health_per_10k":0.0,"built_frac":0.693,"tree_frac":0.302,"canopy_frac_over_3m":0.25,"viirs_mean":29.0,"gdl_hdi":0.961,"gdl_region":"Massachusetts","ghsl_smod":30,"lst_anomaly_c":1.9,"lst_anomaly_c_climrel":0.2375,"worldpop_pop_total":1851.0,"frac_under5":5.6,"frac_elderly_65plus":9.9,"frac_elderly_75plus":4.1,"old_age_dependency_ratio":0.14,"has_data":true},"geometry":{"type":"Polygon","coordinates":[[[-71.12618,42.290089],[-71.124217,42.292581],[-71.121294,42.295199],[-71.12016,42.295952],[-71.115434,42.298903],[-71.115436,42.298206],[-71.116735,42.296236],[-71.118415,42.293409],[-71.11882,42.292527],[-71.119171,42.291205],[-71.119259,42.290486],[-71.122463,42.291749],[-71.125965,42.288482],[-71.127139,42.289161],[-71.12618,42.290089]]]}},{"type":"Feature","properties":{"unit_id":"25017337101","name":"Census Tract 3371.01 \u2014 Middlesex","native_id":"25017337101","source":"census_tract_2025","adm3_name":"Middlesex County","adm3_id":"25017","area_sqm":1505378,"split":false,"population":1363.0,"days_covered":18,"daytime_peak_f":86.5,"heat_anomaly_f":4.0,"extreme_pct":17.0,"nighttime_stress_f":-3.3,"daytime_peak_f_climrel":0.2318,"heat_anomaly_f_climrel":0.2318,"nighttime_stress_f_climrel":-0.1839,"extreme_pct_climrel":0.425,"ref_daytime_hi_mean":82.5,"ref_daytime_hi_p95":96.1,"rwi_mean":null,"health_per_10k":0.0,"built_frac":0.283,"tree_frac":0.656,"canopy_frac_over_3m":0.396,"viirs_mean":11.8,"gdl_hdi":0.961,"gdl_region":"Massachusetts","ghsl_smod":30,"lst_anomaly_c":-1.04,"lst_anomaly_c_climrel":0,"worldpop_pop_total":3153.0,"frac_under5":5.7,"frac_elderly_65plus":23.2,"frac_elderly_75plus":9.7,"old_age_dependency_ratio":0.383,"has_data":true},"geometry":{"type":"Polygon","coordinates":[[[-71.099297,42.486314],[-71.09851,42.487012],[-71.096537,42.487272],[-71.088847,42.489759],[-71.087254,42.490771],[-71.085546,42.492343],[-71.085365,42.492203],[-71.07524,42.488008],[-71.075814,42.483573],[-71.08031,42.482705],[-71.091042,42.481547],[-71.093871,42.481218],[-71.094606,42.481327],[-71.099661,42.485065],[-71.099297,42.486314]]]}},{"type":"Feature","properties":{"unit_id":"25017363104","name":"Census Tract 3631.04 \u2014 Middlesex","native_id":"25017363104","source":"census_tract_2025","adm3_name":"Middlesex County","adm3_id":"25017","area_sqm":15236628,"split":false,"population":6483.0,"days_covered":18,"daytime_peak_f":86.7,"heat_anomaly_f":2.7,"extreme_pct":17.0,"nighttime_stress_f":-6.3,"daytime_peak_f_climrel":0.1629,"heat_anomaly_f_climrel":0.1629,"nighttime_stress_f_climrel":-0.3,"extreme_pct_climrel":0.425,"ref_daytime_hi_mean":84.0,"ref_daytime_hi_p95":96.5,"rwi_mean":null,"health_per_10k":10.797470306956656,"built_frac":0.073,"tree_frac":0.833,"canopy_frac_over_3m":0.664,"viirs_mean":5.8,"gdl_hdi":0.961,"gdl_region":"Massachusetts","ghsl_smod":21,"lst_anomaly_c":-5.48,"lst_anomaly_c_climrel":0,"worldpop_pop_total":5951.0,"frac_under5":4.7,"frac_elderly_65plus":16.9,"frac_elderly_75plus":7.2,"old_age_dependency_ratio":0.264,"has_data":true},"geometry":{"type":"Polygon","coordinates":[[[-71.456499,42.463926],[-71.455966,42.469893],[-71.453764,42.474867],[-71.45294,42.475614],[-71.44847,42.477967],[-71.446297,42.47989],[-71.443553,42.481433],[-71.43875,42.482556],[-71.434432,42.484961],[-71.431281,42.487377],[-71.426653,42.490805],[-71.421628,42.497048],[-71.420319,42.500379],[-71.419486,42.501934],[-71.41816,42.498754],[-71.418631,42.496169],[-71.41869,42.492831],[-71.418014,42.489797],[-71.41762,42.485867],[-71.414924,42.479159],[-71.41148,42.475761],[-71.408132,42.470036],[-71.408455,42.469552],[-71.41495,42.459898],[-71.417369,42.456302],[-71.417622,42.455926],[-71.430389,42.436937],[-71.435216,42.438831],[-71.452606,42.445678],[-71.453841,42.446161],[-71.454609,42.453528],[-71.454057,42.459083],[-71.45447,42.460033],[-71.456291,42.463108],[-71.456499,42.463926]]]}},{"type":"Feature","properties":{"unit_id":"25017340000","name":"Census Tract 3400 \u2014 Middlesex","native_id":"25017340000","source":"census_tract_2025","adm3_name":"Middlesex County","adm3_id":"25017","area_sqm":504975,"split":false,"population":1657.8784798704276,"days_covered":18,"daytime_peak_f":86.4,"heat_anomaly_f":3.6,"extreme_pct":22.0,"nighttime_stress_f":-3.6,"daytime_peak_f_climrel":0.1994,"heat_anomaly_f_climrel":0.1994,"nighttime_stress_f_climrel":-0.2085,"extreme_pct_climrel":0.55,"ref_daytime_hi_mean":82.8,"ref_daytime_hi_p95":97.0,"rwi_mean":null,"health_per_10k":0.0,"built_frac":0.713,"tree_frac":0.229,"canopy_frac_over_3m":0.215,"viirs_mean":21.3,"gdl_hdi":0.961,"gdl_region":"Massachusetts","ghsl_smod":30,"lst_anomaly_c":3.89,"lst_anomaly_c_climrel":0.4863,"worldpop_pop_total":2455.0,"frac_under5":4.4,"frac_elderly_65plus":14.9,"frac_elderly_75plus":6.7,"old_age_dependency_ratio":0.209,"has_data":true},"geometry":{"type":"Polygon","coordinates":[[[-71.103712,42.422604],[-71.10271,42.427982],[-71.101927,42.426274],[-71.096035,42.425252],[-71.090278,42.424319],[-71.089745,42.424092],[-71.091666,42.422798],[-71.092568,42.422405],[-71.096011,42.42177],[-71.096702,42.421634],[-71.098579,42.420894],[-71.103371,42.418921],[-71.104199,42.418745],[-71.103712,42.422604]]]}},{"type":"Feature","properties":{"unit_id":"25025020304","name":"Census Tract 203.04 \u2014 Suffolk","native_id":"25025020304","source":"census_tract_2025","adm3_name":"Suffolk County","adm3_id":"25025","area_sqm":145054,"split":false,"population":24504.0,"days_covered":18,"daytime_peak_f":86.4,"heat_anomaly_f":3.6,"extreme_pct":22.0,"nighttime_stress_f":-3.6,"daytime_peak_f_climrel":0.1994,"heat_anomaly_f_climrel":0.1994,"nighttime_stress_f_climrel":-0.2085,"extreme_pct_climrel":0.55,"ref_daytime_hi_mean":82.8,"ref_daytime_hi_p95":97.0,"rwi_mean":null,"health_per_10k":0.8161932745674175,"built_frac":0.956,"tree_frac":0.007,"canopy_frac_over_3m":0.002,"viirs_mean":180.4,"gdl_hdi":0.961,"gdl_region":"Massachusetts","ghsl_smod":30,"lst_anomaly_c":4.0,"lst_anomaly_c_climrel":0.5,"worldpop_pop_total":2984.0,"frac_under5":4.0,"frac_elderly_65plus":3.7,"frac_elderly_75plus":1.1,"old_age_dependency_ratio":0.041,"has_data":true},"geometry":{"type":"Polygon","coordinates":[[[-71.063716,42.362198],[-71.063388,42.364193],[-71.062941,42.364547],[-71.060673,42.365777],[-71.058525,42.366952],[-71.058381,42.365266],[-71.058433,42.364641],[-71.058958,42.363385],[-71.062195,42.362258],[-71.062911,42.361229],[-71.063721,42.361241],[-71.063716,42.362198]]]}},{"type":"Feature","properties":{"unit_id":"25017336402","name":"Census Tract 3364.02 \u2014 Middlesex","native_id":"25017336402","source":"census_tract_2025","adm3_name":"Middlesex County","adm3_id":"25017","area_sqm":1125503,"split":false,"population":4168.0,"days_covered":18,"daytime_peak_f":86.5,"heat_anomaly_f":4.0,"extreme_pct":17.0,"nighttime_stress_f":-3.3,"daytime_peak_f_climrel":0.2318,"heat_anomaly_f_climrel":0.2318,"nighttime_stress_f_climrel":-0.1839,"extreme_pct_climrel":0.425,"ref_daytime_hi_mean":82.5,"ref_daytime_hi_p95":96.1,"rwi_mean":null,"health_per_10k":14.395393474088293,"built_frac":0.495,"tree_frac":0.496,"canopy_frac_over_3m":0.305,"viirs_mean":17.9,"gdl_hdi":0.961,"gdl_region":"Massachusetts","ghsl_smod":30,"lst_anomaly_c":2.28,"lst_anomaly_c_climrel":0.285,"worldpop_pop_total":4834.0,"frac_under5":5.2,"frac_elderly_65plus":23.3,"frac_elderly_75plus":11.9,"old_age_dependency_ratio":0.373,"has_data":true},"geometry":{"type":"Polygon","coordinates":[[[-71.080595,42.453141],[-71.079797,42.457977],[-71.078696,42.457799],[-71.076116,42.458484],[-71.074553,42.459588],[-71.06989,42.459152],[-71.06312,42.458771],[-71.064669,42.456147],[-71.066458,42.453135],[-71.069007,42.452958],[-71.069136,42.451989],[-71.069304,42.452037],[-71.069564,42.452111],[-71.070024,42.45223],[-71.070716,42.449013],[-71.071559,42.448083],[-71.075055,42.447802],[-71.076032,42.450546],[-71.080471,42.453028],[-71.080595,42.453141]]]}},{"type":"Feature","properties":{"unit_id":"25025060601","name":"Census Tract 606.01 \u2014 Suffolk","native_id":"25025060601","source":"census_tract_2025","adm3_name":"Suffolk County","adm3_id":"25025","area_sqm":140332,"split":false,"population":1077.9589531912259,"days_covered":18,"daytime_peak_f":86.6,"heat_anomaly_f":4.2,"extreme_pct":28.0,"nighttime_stress_f":-3.3,"daytime_peak_f_climrel":0.2575,"heat_anomaly_f_climrel":0.2575,"nighttime_stress_f_climrel":-0.196,"extreme_pct_climrel":0.7,"ref_daytime_hi_mean":82.4,"ref_daytime_hi_p95":95.6,"rwi_mean":null,"health_per_10k":0.0,"built_frac":0.958,"tree_frac":0.04,"canopy_frac_over_3m":0.031,"viirs_mean":87.4,"gdl_hdi":0.961,"gdl_region":"Massachusetts","ghsl_smod":30,"lst_anomaly_c":6.39,"lst_anomaly_c_climrel":0.7987,"worldpop_pop_total":2314.0,"frac_under5":3.8,"frac_elderly_65plus":7.7,"frac_elderly_75plus":3.2,"old_age_dependency_ratio":0.09,"has_data":true},"geometry":{"type":"Polygon","coordinates":[[[-71.052377,42.339803],[-71.050159,42.341693],[-71.047072,42.339701],[-71.045559,42.338718],[-71.04776,42.336812],[-71.05084,42.338795],[-71.052377,42.339803]]]}},{"type":"Feature","properties":{"unit_id":"25025110201","name":"Census Tract 1102.01 \u2014 Suffolk","native_id":"25025110201","source":"census_tract_2025","adm3_name":"Suffolk County","adm3_id":"25025","area_sqm":348208,"split":false,"population":955.9530418594111,"days_covered":18,"daytime_peak_f":87.3,"heat_anomaly_f":2.9,"extreme_pct":17.0,"nighttime_stress_f":-5.1,"daytime_peak_f_climrel":0.1686,"heat_anomaly_f_climrel":0.1686,"nighttime_stress_f_climrel":-0.3,"extreme_pct_climrel":0.425,"ref_daytime_hi_mean":84.4,"ref_daytime_hi_p95":98.1,"rwi_mean":null,"health_per_10k":0.0,"built_frac":0.566,"tree_frac":0.427,"canopy_frac_over_3m":0.318,"viirs_mean":31.7,"gdl_hdi":0.961,"gdl_region":"Massachusetts","ghsl_smod":30,"lst_anomaly_c":1.11,"lst_anomaly_c_climrel":0.1388,"worldpop_pop_total":1960.0,"frac_under5":5.9,"frac_elderly_65plus":15.7,"frac_elderly_75plus":6.0,"old_age_dependency_ratio":0.235,"has_data":true},"geometry":{"type":"Polygon","coordinates":[[[-71.119712,42.280288],[-71.119549,42.285511],[-71.118817,42.285501],[-71.118909,42.28496],[-71.112232,42.280214],[-71.113431,42.279941],[-71.115342,42.278039],[-71.116632,42.279001],[-71.115734,42.277295],[-71.117207,42.275871],[-71.119534,42.276868],[-71.119993,42.278819],[-71.119712,42.280288]]]}},{"type":"Feature","properties":{"unit_id":"25017341904","name":"Census Tract 3419.04 \u2014 Middlesex","native_id":"25017341904","source":"census_tract_2025","adm3_name":"Middlesex County","adm3_id":"25017","area_sqm":605977,"split":false,"population":1707.6642989461436,"days_covered":18,"daytime_peak_f":86.8,"heat_anomaly_f":3.9,"extreme_pct":22.0,"nighttime_stress_f":-3.5,"daytime_peak_f_climrel":0.2108,"heat_anomaly_f_climrel":0.2108,"nighttime_stress_f_climrel":-0.1981,"extreme_pct_climrel":0.55,"ref_daytime_hi_mean":82.9,"ref_daytime_hi_p95":97.6,"rwi_mean":null,"health_per_10k":0.0,"built_frac":0.66,"tree_frac":0.271,"canopy_frac_over_3m":0.206,"viirs_mean":25.5,"gdl_hdi":0.961,"gdl_region":"Massachusetts","ghsl_smod":30,"lst_anomaly_c":2.79,"lst_anomaly_c_climrel":0.3488,"worldpop_pop_total":3357.0,"frac_under5":4.8,"frac_elderly_65plus":17.0,"frac_elderly_75plus":7.8,"old_age_dependency_ratio":0.258,"has_data":true},"geometry":{"type":"Polygon","coordinates":[[[-71.039729,42.431579],[-71.038755,42.434213],[-71.03772,42.436549],[-71.037129,42.436856],[-71.03693,42.436934],[-71.036123,42.434635],[-71.032345,42.434632],[-71.031319,42.434723],[-71.029432,42.435181],[-71.028031,42.435792],[-71.025122,42.437628],[-71.021348,42.436505],[-71.023002,42.433521],[-71.024042,42.433082],[-71.025997,42.432392],[-71.027153,42.432073],[-71.031891,42.431535],[-71.039955,42.430965],[-71.039729,42.431579]]]}},{"type":"Feature","properties":{"unit_id":"25017361200","name":"Census Tract 3612 \u2014 Middlesex","native_id":"25017361200","source":"census_tract_2025","adm3_name":"Middlesex County","adm3_id":"25017","area_sqm":9770688,"split":false,"population":6347.0,"days_covered":18,"daytime_peak_f":86.7,"heat_anomaly_f":2.9,"extreme_pct":17.0,"nighttime_stress_f":-5.9,"daytime_peak_f_climrel":0.179,"heat_anomaly_f_climrel":0.179,"nighttime_stress_f_climrel":-0.3,"extreme_pct_climrel":0.425,"ref_daytime_hi_mean":83.8,"ref_daytime_hi_p95":96.1,"rwi_mean":null,"health_per_10k":1.5755475027572083,"built_frac":0.086,"tree_frac":0.835,"canopy_frac_over_3m":0.663,"viirs_mean":5.5,"gdl_hdi":0.961,"gdl_region":"Massachusetts","ghsl_smod":12,"lst_anomaly_c":-5.69,"lst_anomaly_c_climrel":0,"worldpop_pop_total":6288.0,"frac_under5":4.2,"frac_elderly_65plus":21.3,"frac_elderly_75plus":11.1,"old_age_dependency_ratio":0.341,"has_data":true},"geometry":{"type":"Polygon","coordinates":[[[-71.430389,42.436937],[-71.417622,42.455926],[-71.417369,42.456302],[-71.41495,42.459898],[-71.408455,42.469552],[-71.397744,42.467494],[-71.397793,42.466464],[-71.396689,42.466945],[-71.391393,42.465761],[-71.392162,42.463568],[-71.393254,42.461896],[-71.39314,42.459651],[-71.389787,42.456333],[-71.390855,42.454622],[-71.389236,42.451274],[-71.389135,42.449862],[-71.391694,42.444048],[-71.394111,42.435815],[-71.394481,42.431379],[-71.394189,42.427157],[-71.396264,42.42402],[-71.405434,42.427508],[-71.414579,42.43096],[-71.422776,42.434062],[-71.430389,42.436937]]]}},{"type":"Feature","properties":{"unit_id":"25025160400","name":"Census Tract 1604 \u2014 Suffolk","native_id":"25025160400","source":"census_tract_2025","adm3_name":"Suffolk County","adm3_id":"25025","area_sqm":1299118,"split":false,"population":7138.0,"days_covered":18,"daytime_peak_f":86.8,"heat_anomaly_f":3.9,"extreme_pct":22.0,"nighttime_stress_f":-3.5,"daytime_peak_f_climrel":0.2108,"heat_anomaly_f_climrel":0.2108,"nighttime_stress_f_climrel":-0.1981,"extreme_pct_climrel":0.55,"ref_daytime_hi_mean":82.9,"ref_daytime_hi_p95":97.6,"rwi_mean":null,"health_per_10k":1.4009526478005045,"built_frac":0.904,"tree_frac":0.026,"canopy_frac_over_3m":0.025,"viirs_mean":107.2,"gdl_hdi":0.961,"gdl_region":"Massachusetts","ghsl_smod":30,"lst_anomaly_c":5.78,"lst_anomaly_c_climrel":0.7225,"worldpop_pop_total":4196.0,"frac_under5":6.4,"frac_elderly_65plus":7.5,"frac_elderly_75plus":2.9,"old_age_dependency_ratio":0.101,"has_data":true},"geometry":{"type":"Polygon","coordinates":[[[-71.051945,42.397619],[-71.048145,42.396634],[-71.046161,42.398035],[-71.046148,42.398044],[-71.040887,42.401749],[-71.039306,42.402855],[-71.036232,42.402455],[-71.03781,42.400671],[-71.038062,42.399906],[-71.035584,42.397466],[-71.036525,42.39692],[-71.035381,42.395917],[-71.032955,42.395408],[-71.030379,42.394883],[-71.032154,42.393878],[-71.032723,42.393547],[-71.035969,42.391723],[-71.037592,42.390798],[-71.039229,42.389906],[-71.041906,42.388436],[-71.042734,42.389433],[-71.044477,42.392435],[-71.046529,42.392028],[-71.050002,42.393471],[-71.053297,42.396178],[-71.051945,42.397619]]]}},{"type":"Feature","properties":{"unit_id":"25017331102","name":"Census Tract 3311.02 \u2014 Middlesex","native_id":"25017331102","source":"census_tract_2025","adm3_name":"Middlesex County","adm3_id":"25017","area_sqm":13540498,"split":false,"population":11232.0,"days_covered":18,"daytime_peak_f":86.4,"heat_anomaly_f":2.8,"extreme_pct":17.0,"nighttime_stress_f":-4.9,"daytime_peak_f_climrel":0.1604,"heat_anomaly_f_climrel":0.1604,"nighttime_stress_f_climrel":-0.2853,"extreme_pct_climrel":0.425,"ref_daytime_hi_mean":83.7,"ref_daytime_hi_p95":96.3,"rwi_mean":null,"health_per_10k":0.8903133903133904,"built_frac":0.197,"tree_frac":0.712,"canopy_frac_over_3m":0.483,"viirs_mean":15.3,"gdl_hdi":0.961,"gdl_region":"Massachusetts","ghsl_smod":21,"lst_anomaly_c":-3.5,"lst_anomaly_c_climrel":0,"worldpop_pop_total":6561.0,"frac_under5":5.4,"frac_elderly_65plus":21.6,"frac_elderly_75plus":10.9,"old_age_dependency_ratio":0.349,"has_data":true},"geometry":{"type":"Polygon","coordinates":[[[-71.175379,42.549139],[-71.173207,42.550148],[-71.167897,42.555832],[-71.164799,42.557348],[-71.1627,42.559706],[-71.159293,42.562204],[-71.159872,42.567805],[-71.159386,42.56922],[-71.157253,42.570705],[-71.155209,42.574581],[-71.152262,42.577003],[-71.148026,42.57927],[-71.137125,42.580048],[-71.133048,42.581183],[-71.130543,42.583117],[-71.131635,42.577893],[-71.136742,42.553464],[-71.136478,42.552367],[-71.134922,42.546204],[-71.132482,42.536525],[-71.131295,42.53182],[-71.132516,42.531286],[-71.135454,42.530001],[-71.149179,42.524263],[-71.151947,42.528019],[-71.156428,42.532097],[-71.170731,42.543639],[-71.17392,42.546247],[-71.174345,42.546637],[-71.176388,42.549049],[-71.175379,42.549139]]]}},{"type":"Feature","properties":{"unit_id":"25017315401","name":"Census Tract 3154.01 \u2014 Middlesex","native_id":"25017315401","source":"census_tract_2025","adm3_name":"Middlesex County","adm3_id":"25017","area_sqm":5029482,"split":false,"population":3871.0,"days_covered":18,"daytime_peak_f":86.6,"heat_anomaly_f":2.5,"extreme_pct":17.0,"nighttime_stress_f":-5.3,"daytime_peak_f_climrel":0.1456,"heat_anomaly_f_climrel":0.1456,"nighttime_stress_f_climrel":-0.3,"extreme_pct_climrel":0.425,"ref_daytime_hi_mean":84.1,"ref_daytime_hi_p95":97.1,"rwi_mean":null,"health_per_10k":15.499870834409714,"built_frac":0.142,"tree_frac":0.6,"canopy_frac_over_3m":0.42,"viirs_mean":14.0,"gdl_hdi":0.961,"gdl_region":"Massachusetts","ghsl_smod":21,"lst_anomaly_c":-4.32,"lst_anomaly_c_climrel":0,"worldpop_pop_total":4211.0,"frac_under5":3.1,"frac_elderly_65plus":30.0,"frac_elderly_75plus":15.2,"old_age_dependency_ratio":0.494,"has_data":true},"geometry":{"type":"Polygon","coordinates":[[[-71.225775,42.607618],[-71.221277,42.611728],[-71.215684,42.612709],[-71.215167,42.612717],[-71.209193,42.612269],[-71.202335,42.612525],[-71.201906,42.61246],[-71.195953,42.609948],[-71.195708,42.609705],[-71.193549,42.607265],[-71.191542,42.603091],[-71.193944,42.600796],[-71.193559,42.600014],[-71.193062,42.599741],[-71.194971,42.596855],[-71.195079,42.594233],[-71.19234,42.593074],[-71.194916,42.591498],[-71.19521,42.589026],[-71.197848,42.587583],[-71.200501,42.587771],[-71.201133,42.588439],[-71.20253,42.589402],[-71.20344,42.590005],[-71.206186,42.591232],[-71.211876,42.594801],[-71.215568,42.596079],[-71.218389,42.598254],[-71.221544,42.599654],[-71.222079,42.600351],[-71.222975,42.602631],[-71.224612,42.604434],[-71.226174,42.606501],[-71.225775,42.607618]]]}},{"type":"Feature","properties":{"unit_id":"25025110105","name":"Census Tract 1101.05 \u2014 Suffolk","native_id":"25025110105","source":"census_tract_2025","adm3_name":"Suffolk County","adm3_id":"25025","area_sqm":348074,"split":false,"population":908.3407114005087,"days_covered":18,"daytime_peak_f":87.3,"heat_anomaly_f":2.9,"extreme_pct":17.0,"nighttime_stress_f":-5.1,"daytime_peak_f_climrel":0.1686,"heat_anomaly_f_climrel":0.1686,"nighttime_stress_f_climrel":-0.3,"extreme_pct_climrel":0.425,"ref_daytime_hi_mean":84.4,"ref_daytime_hi_p95":98.1,"rwi_mean":null,"health_per_10k":11.009084889062915,"built_frac":0.607,"tree_frac":0.361,"canopy_frac_over_3m":0.335,"viirs_mean":50.3,"gdl_hdi":0.961,"gdl_region":"Massachusetts","ghsl_smod":30,"lst_anomaly_c":0.83,"lst_anomaly_c_climrel":0.1037,"worldpop_pop_total":2089.0,"frac_under5":4.4,"frac_elderly_65plus":11.8,"frac_elderly_75plus":5.0,"old_age_dependency_ratio":0.149,"has_data":true},"geometry":{"type":"Polygon","coordinates":[[[-71.116735,42.296236],[-71.115436,42.298206],[-71.113384,42.301492],[-71.1093,42.30151],[-71.106655,42.30088],[-71.104661,42.300271],[-71.105517,42.298831],[-71.109596,42.299098],[-71.112075,42.296178],[-71.115368,42.294572],[-71.115956,42.295838],[-71.116735,42.296236]]]}},{"type":"Feature","properties":{"unit_id":"25025070502","name":"Census Tract 705.02 \u2014 Suffolk","native_id":"25025070502","source":"census_tract_2025","adm3_name":"Suffolk County","adm3_id":"25025","area_sqm":174334,"split":false,"population":3586.4989244040994,"days_covered":18,"daytime_peak_f":87.3,"heat_anomaly_f":2.9,"extreme_pct":17.0,"nighttime_stress_f":-5.1,"daytime_peak_f_climrel":0.1686,"heat_anomaly_f_climrel":0.1686,"nighttime_stress_f_climrel":-0.3,"extreme_pct_climrel":0.425,"ref_daytime_hi_mean":84.4,"ref_daytime_hi_p95":98.1,"rwi_mean":null,"health_per_10k":2.788234490175265,"built_frac":0.722,"tree_frac":0.277,"canopy_frac_over_3m":0.151,"viirs_mean":81.3,"gdl_hdi":0.961,"gdl_region":"Massachusetts","ghsl_smod":30,"lst_anomaly_c":3.47,"lst_anomaly_c_climrel":0.4338,"worldpop_pop_total":3142.0,"frac_under5":4.4,"frac_elderly_65plus":17.4,"frac_elderly_75plus":7.4,"old_age_dependency_ratio":0.246,"has_data":true},"geometry":{"type":"Polygon","coordinates":[[[-71.077339,42.340948],[-71.074586,42.342408],[-71.073755,42.342831],[-71.071863,42.343833],[-71.071584,42.343976],[-71.069897,42.342552],[-71.072075,42.341286],[-71.071826,42.340056],[-71.072504,42.339615],[-71.074995,42.337931],[-71.075269,42.339211],[-71.077339,42.340948]]]}},{"type":"Feature","properties":{"unit_id":"25025120400","name":"Census Tract 1204 \u2014 Suffolk","native_id":"25025120400","source":"census_tract_2025","adm3_name":"Suffolk County","adm3_id":"25025","area_sqm":999846,"split":false,"population":7670.0,"days_covered":18,"daytime_peak_f":87.3,"heat_anomaly_f":2.9,"extreme_pct":17.0,"nighttime_stress_f":-5.1,"daytime_peak_f_climrel":0.1686,"heat_anomaly_f_climrel":0.1686,"nighttime_stress_f_climrel":-0.3,"extreme_pct_climrel":0.425,"ref_daytime_hi_mean":84.4,"ref_daytime_hi_p95":98.1,"rwi_mean":null,"health_per_10k":10.430247718383312,"built_frac":0.441,"tree_frac":0.543,"canopy_frac_over_3m":0.374,"viirs_mean":30.1,"gdl_hdi":0.961,"gdl_region":"Massachusetts","ghsl_smod":30,"lst_anomaly_c":1.33,"lst_anomaly_c_climrel":0.1663,"worldpop_pop_total":6040.0,"frac_under5":5.5,"frac_elderly_65plus":18.0,"frac_elderly_75plus":7.1,"old_age_dependency_ratio":0.252,"has_data":true},"geometry":{"type":"Polygon","coordinates":[[[-71.11657,42.321021],[-71.116321,42.321012],[-71.11209,42.321602],[-71.109938,42.322025],[-71.110693,42.320753],[-71.111669,42.31954],[-71.112764,42.317917],[-71.110121,42.316584],[-71.107236,42.316377],[-71.106673,42.317268],[-71.104475,42.317022],[-71.106293,42.312329],[-71.107345,42.310622],[-71.110299,42.306069],[-71.110411,42.307081],[-71.115245,42.306632],[-71.115339,42.306839],[-71.115506,42.307655],[-71.115555,42.308474],[-71.115472,42.309675],[-71.115133,42.310111],[-71.114397,42.311621],[-71.1141,42.313229],[-71.116293,42.314067],[-71.115673,42.315131],[-71.117003,42.315579],[-71.116736,42.317636],[-71.116468,42.318583],[-71.117107,42.319978],[-71.11657,42.321021]]]}},{"type":"Feature","properties":{"unit_id":"25017354901","name":"Census Tract 3549.01 \u2014 Middlesex","native_id":"25017354901","source":"census_tract_2025","adm3_name":"Middlesex County","adm3_id":"25017","area_sqm":618285,"split":false,"population":5198.0,"days_covered":18,"daytime_peak_f":86.4,"heat_anomaly_f":3.6,"extreme_pct":22.0,"nighttime_stress_f":-3.6,"daytime_peak_f_climrel":0.1994,"heat_anomaly_f_climrel":0.1994,"nighttime_stress_f_climrel":-0.2085,"extreme_pct_climrel":0.55,"ref_daytime_hi_mean":82.8,"ref_daytime_hi_p95":97.0,"rwi_mean":null,"health_per_10k":0.0,"built_frac":0.469,"tree_frac":0.399,"canopy_frac_over_3m":0.289,"viirs_mean":48.2,"gdl_hdi":0.961,"gdl_region":"Massachusetts","ghsl_smod":30,"lst_anomaly_c":-1.53,"lst_anomaly_c_climrel":0,"worldpop_pop_total":4772.0,"frac_under5":7.5,"frac_elderly_65plus":3.0,"frac_elderly_75plus":1.3,"old_age_dependency_ratio":0.035,"has_data":true},"geometry":{"type":"Polygon","coordinates":[[[-71.15494,42.397564],[-71.152245,42.400816],[-71.143593,42.397412],[-71.143557,42.397428],[-71.142803,42.397878],[-71.141298,42.397196],[-71.140745,42.395886],[-71.140607,42.39468],[-71.140592,42.394075],[-71.141121,42.392092],[-71.14428,42.392638],[-71.152306,42.395471],[-71.156362,42.395852],[-71.15494,42.397564]]]}},{"type":"Feature","properties":{"unit_id":"25017341301","name":"Census Tract 3413.01 \u2014 Middlesex","native_id":"25017341301","source":"census_tract_2025","adm3_name":"Middlesex County","adm3_id":"25017","area_sqm":1088478,"split":false,"population":10056.0,"days_covered":18,"daytime_peak_f":86.4,"heat_anomaly_f":3.6,"extreme_pct":22.0,"nighttime_stress_f":-3.6,"daytime_peak_f_climrel":0.1994,"heat_anomaly_f_climrel":0.1994,"nighttime_stress_f_climrel":-0.2085,"extreme_pct_climrel":0.55,"ref_daytime_hi_mean":82.8,"ref_daytime_hi_p95":97.0,"rwi_mean":null,"health_per_10k":6.961018297533811,"built_frac":0.861,"tree_frac":0.057,"canopy_frac_over_3m":0.099,"viirs_mean":60.7,"gdl_hdi":0.961,"gdl_region":"Massachusetts","ghsl_smod":30,"lst_anomaly_c":6.43,"lst_anomaly_c_climrel":0.8037,"worldpop_pop_total":5042.0,"frac_under5":4.6,"frac_elderly_65plus":13.6,"frac_elderly_75plus":6.9,"old_age_dependency_ratio":0.178,"has_data":true},"geometry":{"type":"Polygon","coordinates":[[[-71.076776,42.419535],[-71.076635,42.420487],[-71.074519,42.425978],[-71.073968,42.427322],[-71.072993,42.429874],[-71.06761,42.43081],[-71.067141,42.428486],[-71.066707,42.427026],[-71.064004,42.428036],[-71.063765,42.426088],[-71.063295,42.42617],[-71.061261,42.426393],[-71.060402,42.426511],[-71.061155,42.426174],[-71.064661,42.424463],[-71.066331,42.423681],[-71.067285,42.423295],[-71.069735,42.421825],[-71.069435,42.418173],[-71.07192,42.418062],[-71.07181,42.416685],[-71.071124,42.414974],[-71.072825,42.41488],[-71.073196,42.412996],[-71.075862,42.413266],[-71.076801,42.413196],[-71.076776,42.419535]]]}},{"type":"Feature","properties":{"unit_id":"25017383101","name":"Census Tract 3831.01 \u2014 Middlesex","native_id":"25017383101","source":"census_tract_2025","adm3_name":"Middlesex County","adm3_id":"25017","area_sqm":2815540,"split":false,"population":4146.0,"days_covered":18,"daytime_peak_f":86.4,"heat_anomaly_f":2.4,"extreme_pct":17.0,"nighttime_stress_f":-5.7,"daytime_peak_f_climrel":0.1507,"heat_anomaly_f_climrel":0.1507,"nighttime_stress_f_climrel":-0.3,"extreme_pct_climrel":0.425,"ref_daytime_hi_mean":84.0,"ref_daytime_hi_p95":96.2,"rwi_mean":null,"health_per_10k":0.0,"built_frac":0.397,"tree_frac":0.461,"canopy_frac_over_3m":0.284,"viirs_mean":28.6,"gdl_hdi":0.961,"gdl_region":"Massachusetts","ghsl_smod":23,"lst_anomaly_c":0.88,"lst_anomaly_c_climrel":0.11,"worldpop_pop_total":3760.0,"frac_under5":6.4,"frac_elderly_65plus":9.1,"frac_elderly_75plus":3.5,"old_age_dependency_ratio":0.129,"has_data":true},"geometry":{"type":"Polygon","coordinates":[[[-71.41736,42.275133],[-71.416786,42.276724],[-71.416799,42.276966],[-71.414969,42.277353],[-71.411984,42.276834],[-71.397986,42.269232],[-71.39362,42.267365],[-71.397769,42.261528],[-71.408591,42.259393],[-71.417069,42.257721],[-71.418511,42.272935],[-71.41736,42.275133]]]}},{"type":"Feature","properties":{"unit_id":"25017322200","name":"Census Tract 3222 \u2014 Middlesex","native_id":"25017322200","source":"census_tract_2025","adm3_name":"Middlesex County","adm3_id":"25017","area_sqm":6990698,"split":false,"population":6510.0,"days_covered":18,"daytime_peak_f":86.7,"heat_anomaly_f":2.2,"extreme_pct":17.0,"nighttime_stress_f":-7.7,"daytime_peak_f_climrel":0.1352,"heat_anomaly_f_climrel":0.1352,"nighttime_stress_f_climrel":-0.3,"extreme_pct_climrel":0.425,"ref_daytime_hi_mean":84.5,"ref_daytime_hi_p95":96.2,"rwi_mean":null,"health_per_10k":4.608294930875576,"built_frac":0.188,"tree_frac":0.683,"canopy_frac_over_3m":0.5,"viirs_mean":12.3,"gdl_hdi":0.961,"gdl_region":"Massachusetts","ghsl_smod":21,"lst_anomaly_c":-3.06,"lst_anomaly_c_climrel":0,"worldpop_pop_total":4560.0,"frac_under5":4.6,"frac_elderly_65plus":24.8,"frac_elderly_75plus":11.5,"old_age_dependency_ratio":0.407,"has_data":true},"geometry":{"type":"Polygon","coordinates":[[[-71.607759,42.370022],[-71.58794,42.38219],[-71.580186,42.386976],[-71.579929,42.38714],[-71.57779,42.385343],[-71.57724,42.38523],[-71.576162,42.385662],[-71.574766,42.388913],[-71.572743,42.390732],[-71.570229,42.390438],[-71.565368,42.38835],[-71.561534,42.387299],[-71.559523,42.388358],[-71.559779,42.389228],[-71.549298,42.387768],[-71.548928,42.38635],[-71.548992,42.380411],[-71.553433,42.377102],[-71.554078,42.372416],[-71.562051,42.371581],[-71.56861,42.370888],[-71.570143,42.370724],[-71.59429,42.368195],[-71.603065,42.367267],[-71.607759,42.370022]]]}},{"type":"Feature","properties":{"unit_id":"25025180400","name":"Census Tract 1804 \u2014 Suffolk","native_id":"25025180400","source":"census_tract_2025","adm3_name":"Suffolk County","adm3_id":"25025","area_sqm":590337,"split":false,"population":2126.0,"days_covered":18,"daytime_peak_f":86.8,"heat_anomaly_f":3.9,"extreme_pct":22.0,"nighttime_stress_f":-3.5,"daytime_peak_f_climrel":0.2108,"heat_anomaly_f_climrel":0.2108,"nighttime_stress_f_climrel":-0.1981,"extreme_pct_climrel":0.55,"ref_daytime_hi_mean":82.9,"ref_daytime_hi_p95":97.6,"rwi_mean":null,"health_per_10k":0.0,"built_frac":0.467,"tree_frac":0.088,"canopy_frac_over_3m":0.1,"viirs_mean":19.6,"gdl_hdi":0.961,"gdl_region":"Massachusetts","ghsl_smod":30,"lst_anomaly_c":-2.85,"lst_anomaly_c_climrel":0,"worldpop_pop_total":2010.0,"frac_under5":6.1,"frac_elderly_65plus":18.1,"frac_elderly_75plus":6.6,"old_age_dependency_ratio":0.272,"has_data":true},"geometry":{"type":"Polygon","coordinates":[[[-70.984189,42.373794],[-70.981084,42.375247],[-70.979904,42.375778],[-70.980306,42.37786],[-70.9791,42.379477],[-70.977445,42.380833],[-70.976653,42.381948],[-70.974944,42.380882],[-70.974817,42.378072],[-70.972424,42.374523],[-70.971154,42.372718],[-70.9729669644569,42.3718969736873],[-70.9810034470648,42.3701026844985],[-70.980894,42.370298],[-70.981063,42.371621],[-70.984533,42.372654],[-70.984189,42.373794]]]}},{"type":"Feature","properties":{"unit_id":"25017354700","name":"Census Tract 3547 \u2014 Middlesex","native_id":"25017354700","source":"census_tract_2025","adm3_name":"Middlesex County","adm3_id":"25017","area_sqm":355374,"split":false,"population":2773.3071959662184,"days_covered":18,"daytime_peak_f":86.4,"heat_anomaly_f":3.6,"extreme_pct":22.0,"nighttime_stress_f":-3.6,"daytime_peak_f_climrel":0.1994,"heat_anomaly_f_climrel":0.1994,"nighttime_stress_f_climrel":-0.2085,"extreme_pct_climrel":0.55,"ref_daytime_hi_mean":82.8,"ref_daytime_hi_p95":97.0,"rwi_mean":null,"health_per_10k":14.423212855099532,"built_frac":0.66,"tree_frac":0.339,"canopy_frac_over_3m":0.261,"viirs_mean":38.7,"gdl_hdi":0.961,"gdl_region":"Massachusetts","ghsl_smod":30,"lst_anomaly_c":3.35,"lst_anomaly_c_climrel":0.4188,"worldpop_pop_total":2914.0,"frac_under5":3.9,"frac_elderly_65plus":16.9,"frac_elderly_75plus":7.1,"old_age_dependency_ratio":0.234,"has_data":true},"geometry":{"type":"Polygon","coordinates":[[[-71.129006,42.390072],[-71.127685,42.389851],[-71.124703,42.389381],[-71.123323,42.391332],[-71.123934,42.391723],[-71.122987,42.392377],[-71.120974,42.393706],[-71.120214,42.392641],[-71.117085,42.389581],[-71.117452,42.388386],[-71.118159,42.388025],[-71.117737,42.387556],[-71.119556,42.388463],[-71.119464,42.388156],[-71.121656,42.387909],[-71.124206,42.387207],[-71.126943,42.386351],[-71.127558,42.387402],[-71.128701,42.389374],[-71.129006,42.390072]]]}},{"type":"Feature","properties":{"unit_id":"25025160502","name":"Census Tract 1605.02 \u2014 Suffolk","native_id":"25025160502","source":"census_tract_2025","adm3_name":"Suffolk County","adm3_id":"25025","area_sqm":1159996,"split":false,"population":8832.0,"days_covered":18,"daytime_peak_f":86.8,"heat_anomaly_f":3.9,"extreme_pct":22.0,"nighttime_stress_f":-3.5,"daytime_peak_f_climrel":0.2108,"heat_anomaly_f_climrel":0.2108,"nighttime_stress_f_climrel":-0.1981,"extreme_pct_climrel":0.55,"ref_daytime_hi_mean":82.9,"ref_daytime_hi_p95":97.6,"rwi_mean":null,"health_per_10k":0.0,"built_frac":0.658,"tree_frac":0.072,"canopy_frac_over_3m":0.058,"viirs_mean":83.6,"gdl_hdi":0.961,"gdl_region":"Massachusetts","ghsl_smod":30,"lst_anomaly_c":-0.38,"lst_anomaly_c_climrel":0,"worldpop_pop_total":6122.0,"frac_under5":7.3,"frac_elderly_65plus":8.3,"frac_elderly_75plus":3.3,"old_age_dependency_ratio":0.119,"has_data":true},"geometry":{"type":"Polygon","coordinates":[[[-71.030714,42.395524],[-71.026753,42.397834],[-71.024158,42.399322],[-71.023089,42.400129],[-71.020457,42.402434],[-71.019735,42.401968],[-71.018126,42.403378],[-71.017826,42.402883],[-71.013007,42.402864],[-71.010892,42.401795],[-71.010861,42.401689],[-71.009396,42.401183],[-71.009377,42.40085],[-71.009629,42.400167],[-71.012434,42.398105],[-71.013395,42.397398],[-71.016094,42.395897],[-71.017794,42.390697],[-71.020512,42.387641],[-71.022672,42.386265],[-71.023633,42.387722],[-71.023086,42.389468],[-71.02288,42.390144],[-71.025002,42.390527],[-71.025489,42.391336],[-71.026185,42.392384],[-71.028921,42.394365],[-71.030379,42.394883],[-71.029643,42.395297],[-71.030714,42.395524]]]}},{"type":"Feature","properties":{"unit_id":"25017321302","name":"Census Tract 3213.02 \u2014 Middlesex","native_id":"25017321302","source":"census_tract_2025","adm3_name":"Middlesex County","adm3_id":"25017","area_sqm":4647322,"split":false,"population":1882.0,"days_covered":18,"daytime_peak_f":86.1,"heat_anomaly_f":2.1,"extreme_pct":17.0,"nighttime_stress_f":-6.7,"daytime_peak_f_climrel":0.1321,"heat_anomaly_f_climrel":0.1321,"nighttime_stress_f_climrel":-0.3,"extreme_pct_climrel":0.425,"ref_daytime_hi_mean":84.0,"ref_daytime_hi_p95":95.8,"rwi_mean":null,"health_per_10k":0.0,"built_frac":0.162,"tree_frac":0.694,"canopy_frac_over_3m":0.508,"viirs_mean":11.6,"gdl_hdi":0.961,"gdl_region":"Massachusetts","ghsl_smod":21,"lst_anomaly_c":-4.4,"lst_anomaly_c_climrel":0,"worldpop_pop_total":3593.0,"frac_under5":4.5,"frac_elderly_65plus":16.6,"frac_elderly_75plus":7.1,"old_age_dependency_ratio":0.244,"has_data":true},"geometry":{"type":"Polygon","coordinates":[[[-71.575007,42.341229],[-71.570167,42.341411],[-71.566255,42.343091],[-71.5654,42.343143],[-71.559514,42.345903],[-71.557696,42.343944],[-71.553538,42.340003],[-71.552035,42.338985],[-71.547377,42.334749],[-71.546701,42.334569],[-71.544551,42.334857],[-71.541469,42.334512],[-71.541041,42.332228],[-71.537316,42.327969],[-71.551126,42.326395],[-71.569085,42.320373],[-71.570308,42.319661],[-71.574305,42.330452],[-71.574992,42.33288],[-71.575307,42.335819],[-71.575007,42.341229]]]}},{"type":"Feature","properties":{"unit_id":"25017312502","name":"Census Tract 3125.02 \u2014 Middlesex","native_id":"25017312502","source":"census_tract_2025","adm3_name":"Middlesex County","adm3_id":"25017","area_sqm":2014902,"split":false,"population":4395.0,"days_covered":18,"daytime_peak_f":86.9,"heat_anomaly_f":2.6,"extreme_pct":17.0,"nighttime_stress_f":-6.2,"daytime_peak_f_climrel":0.155,"heat_anomaly_f_climrel":0.155,"nighttime_stress_f_climrel":-0.3,"extreme_pct_climrel":0.425,"ref_daytime_hi_mean":84.3,"ref_daytime_hi_p95":96.8,"rwi_mean":null,"health_per_10k":0.0,"built_frac":0.323,"tree_frac":0.613,"canopy_frac_over_3m":0.359,"viirs_mean":19.3,"gdl_hdi":0.961,"gdl_region":"Massachusetts","ghsl_smod":30,"lst_anomaly_c":-0.76,"lst_anomaly_c_climrel":0,"worldpop_pop_total":4130.0,"frac_under5":5.8,"frac_elderly_65plus":20.7,"frac_elderly_75plus":9.1,"old_age_dependency_ratio":0.331,"has_data":true},"geometry":{"type":"Polygon","coordinates":[[[-71.298825,42.639],[-71.296217,42.640293],[-71.287574,42.64049],[-71.288712,42.643192],[-71.282522,42.644481],[-71.28152,42.644693],[-71.280886,42.643],[-71.278044,42.639967],[-71.275833,42.641235],[-71.274445,42.640492],[-71.274195,42.640247],[-71.272766,42.637341],[-71.274709,42.628859],[-71.276194,42.629488],[-71.282897,42.631253],[-71.288322,42.632472],[-71.293684,42.636066],[-71.297582,42.636419],[-71.298825,42.639]]]}},{"type":"Feature","properties":{"unit_id":"25025101102","name":"Census Tract 1011.02 \u2014 Suffolk","native_id":"25025101102","source":"census_tract_2025","adm3_name":"Suffolk County","adm3_id":"25025","area_sqm":561192,"split":false,"population":3827.0,"days_covered":18,"daytime_peak_f":87.3,"heat_anomaly_f":2.9,"extreme_pct":17.0,"nighttime_stress_f":-5.1,"daytime_peak_f_climrel":0.1686,"heat_anomaly_f_climrel":0.1686,"nighttime_stress_f_climrel":-0.3,"extreme_pct_climrel":0.425,"ref_daytime_hi_mean":84.4,"ref_daytime_hi_p95":98.1,"rwi_mean":null,"health_per_10k":2.613012803762738,"built_frac":0.71,"tree_frac":0.264,"canopy_frac_over_3m":0.177,"viirs_mean":45.4,"gdl_hdi":0.961,"gdl_region":"Massachusetts","ghsl_smod":30,"lst_anomaly_c":3.91,"lst_anomaly_c_climrel":0.4888,"worldpop_pop_total":4860.0,"frac_under5":7.3,"frac_elderly_65plus":13.2,"frac_elderly_75plus":6.1,"old_age_dependency_ratio":0.207,"has_data":true},"geometry":{"type":"Polygon","coordinates":[[[-71.098332,42.279577],[-71.097928,42.281262],[-71.094976,42.278239],[-71.093576,42.277248],[-71.09349,42.278421],[-71.093182,42.279386],[-71.092968,42.280021],[-71.092109,42.282601],[-71.091807,42.283523],[-71.091569,42.284214],[-71.089785,42.283936],[-71.089298,42.283573],[-71.089108,42.283134],[-71.087048,42.281565],[-71.085504,42.280991],[-71.086091,42.280216],[-71.086926,42.279344],[-71.093695,42.272877],[-71.093683,42.274351],[-71.096913,42.276031],[-71.098124,42.277644],[-71.098332,42.279577]]]}},{"type":"Feature","properties":{"unit_id":"25017350500","name":"Census Tract 3505 \u2014 Middlesex","native_id":"25017350500","source":"census_tract_2025","adm3_name":"Middlesex County","adm3_id":"25017","area_sqm":225003,"split":false,"population":1720.4882911827126,"days_covered":18,"daytime_peak_f":86.4,"heat_anomaly_f":3.6,"extreme_pct":22.0,"nighttime_stress_f":-3.6,"daytime_peak_f_climrel":0.1994,"heat_anomaly_f_climrel":0.1994,"nighttime_stress_f_climrel":-0.2085,"extreme_pct_climrel":0.55,"ref_daytime_hi_mean":82.8,"ref_daytime_hi_p95":97.0,"rwi_mean":null,"health_per_10k":17.43691029677229,"built_frac":0.744,"tree_frac":0.235,"canopy_frac_over_3m":0.253,"viirs_mean":31.1,"gdl_hdi":0.961,"gdl_region":"Massachusetts","ghsl_smod":30,"lst_anomaly_c":3.63,"lst_anomaly_c_climrel":0.4537,"worldpop_pop_total":1713.0,"frac_under5":2.9,"frac_elderly_65plus":10.9,"frac_elderly_75plus":5.2,"old_age_dependency_ratio":0.133,"has_data":true},"geometry":{"type":"Polygon","coordinates":[[[-71.126911,42.403149],[-71.124964,42.402291],[-71.124326,42.40203],[-71.122225,42.401458],[-71.12175,42.401329],[-71.12073,42.401096],[-71.119089,42.4008],[-71.116962,42.400913],[-71.116619,42.400957],[-71.118915,42.399435],[-71.120896,42.398528],[-71.122166,42.396674],[-71.122901,42.396991],[-71.123672,42.39792],[-71.124159,42.398518],[-71.124567,42.399034],[-71.126146,42.401039],[-71.126911,42.403149]]]}},{"type":"Feature","properties":{"unit_id":"25017341102","name":"Census Tract 3411.02 \u2014 Middlesex","native_id":"25017341102","source":"census_tract_2025","adm3_name":"Middlesex County","adm3_id":"25017","area_sqm":884681,"split":false,"population":4382.0,"days_covered":18,"daytime_peak_f":86.4,"heat_anomaly_f":3.6,"extreme_pct":22.0,"nighttime_stress_f":-3.6,"daytime_peak_f_climrel":0.1994,"heat_anomaly_f_climrel":0.1994,"nighttime_stress_f_climrel":-0.2085,"extreme_pct_climrel":0.55,"ref_daytime_hi_mean":82.8,"ref_daytime_hi_p95":97.0,"rwi_mean":null,"health_per_10k":0.0,"built_frac":0.539,"tree_frac":0.405,"canopy_frac_over_3m":0.313,"viirs_mean":25.6,"gdl_hdi":0.961,"gdl_region":"Massachusetts","ghsl_smod":30,"lst_anomaly_c":2.19,"lst_anomaly_c_climrel":0.2737,"worldpop_pop_total":5224.0,"frac_under5":3.7,"frac_elderly_65plus":15.3,"frac_elderly_75plus":6.6,"old_age_dependency_ratio":0.205,"has_data":true},"geometry":{"type":"Polygon","coordinates":[[[-71.089062,42.429115],[-71.087853,42.430199],[-71.08725,42.434139],[-71.086849,42.436768],[-71.083177,42.433898],[-71.082271,42.433016],[-71.08177,42.431228],[-71.074826,42.431958],[-71.072307,42.432058],[-71.072106,42.432014],[-71.072993,42.429874],[-71.073968,42.427322],[-71.076822,42.427119],[-71.081065,42.426562],[-71.088287,42.424955],[-71.088644,42.424796],[-71.08943,42.426724],[-71.089062,42.429115]]]}},{"type":"Feature","properties":{"unit_id":"25025070901","name":"Census Tract 709.01 \u2014 Suffolk","native_id":"25025070901","source":"census_tract_2025","adm3_name":"Suffolk County","adm3_id":"25025","area_sqm":57691,"split":false,"population":6206.0,"days_covered":18,"daytime_peak_f":87.3,"heat_anomaly_f":2.9,"extreme_pct":17.0,"nighttime_stress_f":-5.1,"daytime_peak_f_climrel":0.1686,"heat_anomaly_f_climrel":0.1686,"nighttime_stress_f_climrel":-0.3,"extreme_pct_climrel":0.425,"ref_daytime_hi_mean":84.4,"ref_daytime_hi_p95":98.1,"rwi_mean":null,"health_per_10k":0.0,"built_frac":0.876,"tree_frac":0.123,"canopy_frac_over_3m":0.08,"viirs_mean":107.0,"gdl_hdi":0.961,"gdl_region":"Massachusetts","ghsl_smod":30,"lst_anomaly_c":5.32,"lst_anomaly_c_climrel":0.665,"worldpop_pop_total":1048.0,"frac_under5":4.6,"frac_elderly_65plus":17.6,"frac_elderly_75plus":8.3,"old_age_dependency_ratio":0.258,"has_data":true},"geometry":{"type":"Polygon","coordinates":[[[-71.080349,42.339363],[-71.076941,42.336527],[-71.077621,42.336001],[-71.079266,42.336538],[-71.081969,42.338416],[-71.080349,42.339363]]]}},{"type":"Feature","properties":{"unit_id":"25025000704","name":"Census Tract 7.04 \u2014 Suffolk","native_id":"25025000704","source":"census_tract_2025","adm3_name":"Suffolk County","adm3_id":"25025","area_sqm":239779,"split":false,"population":1886.6608556548063,"days_covered":18,"daytime_peak_f":86.4,"heat_anomaly_f":3.6,"extreme_pct":22.0,"nighttime_stress_f":-3.6,"daytime_peak_f_climrel":0.1994,"heat_anomaly_f_climrel":0.1994,"nighttime_stress_f_climrel":-0.2085,"extreme_pct_climrel":0.55,"ref_daytime_hi_mean":82.8,"ref_daytime_hi_p95":97.0,"rwi_mean":null,"health_per_10k":15.90110904674908,"built_frac":0.897,"tree_frac":0.103,"canopy_frac_over_3m":0.107,"viirs_mean":59.3,"gdl_hdi":0.961,"gdl_region":"Massachusetts","ghsl_smod":30,"lst_anomaly_c":7.25,"lst_anomaly_c_climrel":0.9062,"worldpop_pop_total":5380.0,"frac_under5":3.2,"frac_elderly_65plus":5.7,"frac_elderly_75plus":2.3,"old_age_dependency_ratio":0.065,"has_data":true},"geometry":{"type":"Polygon","coordinates":[[[-71.136379,42.350393],[-71.135644,42.351695],[-71.13456,42.353352],[-71.132106,42.353061],[-71.131447,42.351154],[-71.131071,42.350499],[-71.130868,42.350136],[-71.130033,42.349218],[-71.129746,42.34885],[-71.133381,42.347122],[-71.134254,42.346577],[-71.134674,42.34685],[-71.135757,42.347968],[-71.135042,42.348165],[-71.135724,42.34904],[-71.136379,42.350393]]]}},{"type":"Feature","properties":{"unit_id":"25025061101","name":"Census Tract 611.01 \u2014 Suffolk","native_id":"25025061101","source":"census_tract_2025","adm3_name":"Suffolk County","adm3_id":"25025","area_sqm":165282,"split":false,"population":816.7916334029435,"days_covered":18,"daytime_peak_f":87.3,"heat_anomaly_f":2.9,"extreme_pct":17.0,"nighttime_stress_f":-5.1,"daytime_peak_f_climrel":0.1686,"heat_anomaly_f_climrel":0.1686,"nighttime_stress_f_climrel":-0.3,"extreme_pct_climrel":0.425,"ref_daytime_hi_mean":84.4,"ref_daytime_hi_p95":98.1,"rwi_mean":null,"health_per_10k":0.0,"built_frac":0.466,"tree_frac":0.523,"canopy_frac_over_3m":0.282,"viirs_mean":91.2,"gdl_hdi":0.961,"gdl_region":"Massachusetts","ghsl_smod":30,"lst_anomaly_c":0.91,"lst_anomaly_c_climrel":0.1138,"worldpop_pop_total":2860.0,"frac_under5":7.4,"frac_elderly_65plus":12.2,"frac_elderly_75plus":4.5,"old_age_dependency_ratio":0.187,"has_data":true},"geometry":{"type":"Polygon","coordinates":[[[-71.056928,42.328552],[-71.052624,42.328597],[-71.052565,42.327112],[-71.052392,42.322976],[-71.052093,42.321469],[-71.052456,42.321466],[-71.052904,42.32287],[-71.05685,42.326289],[-71.056868,42.326867],[-71.056915,42.328035],[-71.056928,42.328552]]]}},{"type":"Feature","properties":{"unit_id":"25025030500","name":"Census Tract 305 \u2014 Suffolk","native_id":"25025030500","source":"census_tract_2025","adm3_name":"Suffolk County","adm3_id":"25025","area_sqm":191230,"split":false,"population":3549.7133287182573,"days_covered":18,"daytime_peak_f":86.4,"heat_anomaly_f":3.6,"extreme_pct":22.0,"nighttime_stress_f":-3.6,"daytime_peak_f_climrel":0.1994,"heat_anomaly_f_climrel":0.1994,"nighttime_stress_f_climrel":-0.2085,"extreme_pct_climrel":0.55,"ref_daytime_hi_mean":82.8,"ref_daytime_hi_p95":97.0,"rwi_mean":null,"health_per_10k":0.0,"built_frac":0.554,"tree_frac":0.019,"canopy_frac_over_3m":0.009,"viirs_mean":115.9,"gdl_hdi":0.961,"gdl_region":"Massachusetts","ghsl_smod":30,"lst_anomaly_c":-1.7,"lst_anomaly_c_climrel":0,"worldpop_pop_total":2381.0,"frac_under5":2.5,"frac_elderly_65plus":17.4,"frac_elderly_75plus":7.7,"old_age_dependency_ratio":0.224,"has_data":true},"geometry":{"type":"Polygon","coordinates":[[[-71.059795,42.368767],[-71.057141,42.369982],[-71.054995,42.370697],[-71.0526194076875,42.370697],[-71.052248,42.369201],[-71.05048,42.368073],[-71.0503521192944,42.3662546219372],[-71.0502102174239,42.364236872291],[-71.051084,42.363995],[-71.05123,42.364024],[-71.053459,42.364778],[-71.052878,42.365771],[-71.053965,42.366908],[-71.0534,42.367525],[-71.056374,42.368292],[-71.057369,42.367771],[-71.058525,42.366952],[-71.059795,42.368767]]]}},{"type":"Feature","properties":{"unit_id":"25025092400","name":"Census Tract 924 \u2014 Suffolk","native_id":"25025092400","source":"census_tract_2025","adm3_name":"Suffolk County","adm3_id":"25025","area_sqm":594486,"split":false,"population":6167.0,"days_covered":18,"daytime_peak_f":87.3,"heat_anomaly_f":2.9,"extreme_pct":17.0,"nighttime_stress_f":-5.1,"daytime_peak_f_climrel":0.1686,"heat_anomaly_f_climrel":0.1686,"nighttime_stress_f_climrel":-0.3,"extreme_pct_climrel":0.425,"ref_daytime_hi_mean":84.4,"ref_daytime_hi_p95":98.1,"rwi_mean":null,"health_per_10k":1.6215339711366954,"built_frac":0.759,"tree_frac":0.234,"canopy_frac_over_3m":0.146,"viirs_mean":39.7,"gdl_hdi":0.961,"gdl_region":"Massachusetts","ghsl_smod":30,"lst_anomaly_c":2.18,"lst_anomaly_c_climrel":0.2725,"worldpop_pop_total":6390.0,"frac_under5":7.1,"frac_elderly_65plus":11.2,"frac_elderly_75plus":4.4,"old_age_dependency_ratio":0.172,"has_data":true},"geometry":{"type":"Polygon","coordinates":[[[-71.09135,42.296922],[-71.089635,42.297498],[-71.086992,42.298142],[-71.085903,42.301381],[-71.084704,42.300423],[-71.083907,42.299709],[-71.08141,42.299002],[-71.08046,42.296388],[-71.079538,42.296563],[-71.078852,42.296708],[-71.078481,42.294346],[-71.078147,42.292022],[-71.080876,42.292823],[-71.082485,42.293287],[-71.087839,42.294911],[-71.087997,42.294939],[-71.088149,42.294415],[-71.089779,42.292868],[-71.093173,42.294613],[-71.09135,42.296922]]]}},{"type":"Feature","properties":{"unit_id":"25017342201","name":"Census Tract 3422.01 \u2014 Middlesex","native_id":"25017342201","source":"census_tract_2025","adm3_name":"Middlesex County","adm3_id":"25017","area_sqm":518326,"split":false,"population":4920.0,"days_covered":18,"daytime_peak_f":86.4,"heat_anomaly_f":3.6,"extreme_pct":22.0,"nighttime_stress_f":-3.6,"daytime_peak_f_climrel":0.1994,"heat_anomaly_f_climrel":0.1994,"nighttime_stress_f_climrel":-0.2085,"extreme_pct_climrel":0.55,"ref_daytime_hi_mean":82.8,"ref_daytime_hi_p95":97.0,"rwi_mean":null,"health_per_10k":0.0,"built_frac":0.886,"tree_frac":0.113,"canopy_frac_over_3m":0.119,"viirs_mean":34.4,"gdl_hdi":0.961,"gdl_region":"Massachusetts","ghsl_smod":30,"lst_anomaly_c":5.65,"lst_anomaly_c_climrel":0.7063,"worldpop_pop_total":6466.0,"frac_under5":5.9,"frac_elderly_65plus":10.9,"frac_elderly_75plus":4.6,"old_age_dependency_ratio":0.153,"has_data":true},"geometry":{"type":"Polygon","coordinates":[[[-71.056813,42.41864],[-71.056568,42.418813],[-71.056046,42.419165],[-71.05458,42.420034],[-71.050296,42.417903],[-71.049992,42.417725],[-71.049524,42.417336],[-71.048196,42.415147],[-71.050091,42.41292],[-71.050484,42.412524],[-71.052025,42.410811],[-71.053599,42.411921],[-71.055742,42.413475],[-71.056241,42.413814],[-71.059855,42.41637],[-71.056813,42.41864]]]}},{"type":"Feature","properties":{"unit_id":"25025170504","name":"Census Tract 1705.04 \u2014 Suffolk","native_id":"25025170504","source":"census_tract_2025","adm3_name":"Suffolk County","adm3_id":"25025","area_sqm":586072,"split":false,"population":2091.0,"days_covered":18,"daytime_peak_f":86.8,"heat_anomaly_f":3.9,"extreme_pct":22.0,"nighttime_stress_f":-3.5,"daytime_peak_f_climrel":0.2108,"heat_anomaly_f_climrel":0.2108,"nighttime_stress_f_climrel":-0.1981,"extreme_pct_climrel":0.55,"ref_daytime_hi_mean":82.9,"ref_daytime_hi_p95":97.6,"rwi_mean":null,"health_per_10k":0.0,"built_frac":0.653,"tree_frac":0.091,"canopy_frac_over_3m":0.081,"viirs_mean":52.7,"gdl_hdi":0.961,"gdl_region":"Massachusetts","ghsl_smod":30,"lst_anomaly_c":0.74,"lst_anomaly_c_climrel":0.0925,"worldpop_pop_total":3557.0,"frac_under5":5.9,"frac_elderly_65plus":10.8,"frac_elderly_75plus":4.5,"old_age_dependency_ratio":0.142,"has_data":true},"geometry":{"type":"Polygon","coordinates":[[[-71.000172,42.409624],[-70.995651,42.415816],[-70.993495,42.418615],[-70.991149,42.418685],[-70.987256,42.418652],[-70.9868150009499,42.4180612538438],[-70.987694,42.416696],[-70.9905596943417,42.4072148092754],[-70.992408,42.407238],[-70.993783,42.407553],[-70.993536,42.40858],[-70.992948,42.412297],[-70.993608,42.412704],[-70.994353,42.412239],[-70.998675,42.410681],[-71.000172,42.409624]]]}},{"type":"Feature","properties":{"unit_id":"25025010206","name":"Census Tract 102.06 \u2014 Suffolk","native_id":"25025010206","source":"census_tract_2025","adm3_name":"Suffolk County","adm3_id":"25025","area_sqm":182280,"split":false,"population":7592.0,"days_covered":18,"daytime_peak_f":87.3,"heat_anomaly_f":2.9,"extreme_pct":17.0,"nighttime_stress_f":-5.1,"daytime_peak_f_climrel":0.1686,"heat_anomaly_f_climrel":0.1686,"nighttime_stress_f_climrel":-0.3,"extreme_pct_climrel":0.425,"ref_daytime_hi_mean":84.4,"ref_daytime_hi_p95":98.1,"rwi_mean":null,"health_per_10k":1.3171759747102212,"built_frac":0.882,"tree_frac":0.081,"canopy_frac_over_3m":0.069,"viirs_mean":161.3,"gdl_hdi":0.961,"gdl_region":"Massachusetts","ghsl_smod":30,"lst_anomaly_c":3.16,"lst_anomaly_c_climrel":0.395,"worldpop_pop_total":2238.0,"frac_under5":2.0,"frac_elderly_65plus":5.8,"frac_elderly_75plus":2.2,"old_age_dependency_ratio":0.064,"has_data":true},"geometry":{"type":"Polygon","coordinates":[[[-71.098115,42.347637],[-71.092871,42.347643],[-71.091944,42.347629],[-71.089636,42.347644],[-71.087916,42.347461],[-71.087758,42.3473],[-71.089264,42.346887],[-71.090902,42.346544],[-71.092044,42.34685],[-71.094303,42.345577],[-71.094451,42.345189],[-71.094644,42.344549],[-71.097412,42.343694],[-71.098955,42.346815],[-71.098115,42.347637]]]}},{"type":"Feature","properties":{"unit_id":"25017388100","name":"Census Tract 3881 \u2014 Middlesex","native_id":"25017388100","source":"census_tract_2025","adm3_name":"Middlesex County","adm3_id":"25017","area_sqm":26636068,"split":false,"population":5091.0,"days_covered":18,"daytime_peak_f":86.7,"heat_anomaly_f":2.7,"extreme_pct":17.0,"nighttime_stress_f":-6.7,"daytime_peak_f_climrel":0.1665,"heat_anomaly_f_climrel":0.1665,"nighttime_stress_f_climrel":-0.3,"extreme_pct_climrel":0.425,"ref_daytime_hi_mean":84.1,"ref_daytime_hi_p95":95.7,"rwi_mean":null,"health_per_10k":0.0,"built_frac":0.044,"tree_frac":0.846,"canopy_frac_over_3m":0.716,"viirs_mean":3.2,"gdl_hdi":0.961,"gdl_region":"Massachusetts","ghsl_smod":12,"lst_anomaly_c":-7.94,"lst_anomaly_c_climrel":0,"worldpop_pop_total":5560.0,"frac_under5":4.5,"frac_elderly_65plus":16.4,"frac_elderly_75plus":5.6,"old_age_dependency_ratio":0.244,"has_data":true},"geometry":{"type":"Polygon","coordinates":[[[-71.550691,42.489141],[-71.534855,42.51333],[-71.532718,42.51465],[-71.529841,42.519841],[-71.517807,42.515616],[-71.516221,42.513444],[-71.51482,42.511524],[-71.51161,42.508991],[-71.509084,42.510043],[-71.50281,42.506869],[-71.500053,42.509266],[-71.473528,42.500177],[-71.473813,42.499764],[-71.481996,42.487854],[-71.492005,42.473297],[-71.498546,42.463775],[-71.518783,42.464979],[-71.52298,42.465235],[-71.543394,42.466452],[-71.560367,42.47435],[-71.550691,42.489141]]]}},{"type":"Feature","properties":{"unit_id":"25025140105","name":"Census Tract 1401.05 \u2014 Suffolk","native_id":"25025140105","source":"census_tract_2025","adm3_name":"Suffolk County","adm3_id":"25025","area_sqm":1009264,"split":false,"population":965.0,"days_covered":18,"daytime_peak_f":87.3,"heat_anomaly_f":2.9,"extreme_pct":17.0,"nighttime_stress_f":-5.1,"daytime_peak_f_climrel":0.1686,"heat_anomaly_f_climrel":0.1686,"nighttime_stress_f_climrel":-0.3,"extreme_pct_climrel":0.425,"ref_daytime_hi_mean":84.4,"ref_daytime_hi_p95":98.1,"rwi_mean":null,"health_per_10k":0.0,"built_frac":0.419,"tree_frac":0.573,"canopy_frac_over_3m":0.434,"viirs_mean":18.0,"gdl_hdi":0.961,"gdl_region":"Massachusetts","ghsl_smod":30,"lst_anomaly_c":-0.94,"lst_anomaly_c_climrel":0,"worldpop_pop_total":3111.0,"frac_under5":4.7,"frac_elderly_65plus":16.9,"frac_elderly_75plus":6.3,"old_age_dependency_ratio":0.248,"has_data":true},"geometry":{"type":"Polygon","coordinates":[[[-71.131121,42.273047],[-71.12867,42.273895],[-71.128245,42.274245],[-71.125794,42.273468],[-71.124914,42.272699],[-71.123587,42.271416],[-71.121776,42.270676],[-71.120607,42.270284],[-71.11827,42.266595],[-71.117999,42.26458],[-71.11788,42.264024],[-71.118957,42.261923],[-71.122036,42.262921],[-71.12331,42.263508],[-71.123565,42.262206],[-71.12613,42.263534],[-71.127334,42.264503],[-71.130147,42.266151],[-71.130049,42.266746],[-71.132547,42.2699],[-71.131121,42.273047]]]}},{"type":"Feature","properties":{"unit_id":"25017350701","name":"Census Tract 3507.01 \u2014 Middlesex","native_id":"25017350701","source":"census_tract_2025","adm3_name":"Middlesex County","adm3_id":"25017","area_sqm":331535,"split":false,"population":4950.0,"days_covered":18,"daytime_peak_f":86.4,"heat_anomaly_f":3.6,"extreme_pct":22.0,"nighttime_stress_f":-3.6,"daytime_peak_f_climrel":0.1994,"heat_anomaly_f_climrel":0.1994,"nighttime_stress_f_climrel":-0.2085,"extreme_pct_climrel":0.55,"ref_daytime_hi_mean":82.8,"ref_daytime_hi_p95":97.0,"rwi_mean":null,"health_per_10k":0.0,"built_frac":0.798,"tree_frac":0.165,"canopy_frac_over_3m":0.168,"viirs_mean":26.7,"gdl_hdi":0.961,"gdl_region":"Massachusetts","ghsl_smod":30,"lst_anomaly_c":2.78,"lst_anomaly_c_climrel":0.3475,"worldpop_pop_total":3106.0,"frac_under5":4.1,"frac_elderly_65plus":11.6,"frac_elderly_75plus":4.8,"old_age_dependency_ratio":0.144,"has_data":true},"geometry":{"type":"Polygon","coordinates":[[[-71.133628,42.403483],[-71.130943,42.405623],[-71.131318,42.405822],[-71.130255,42.407355],[-71.12842,42.410218],[-71.128101,42.41072],[-71.127868,42.410581],[-71.12615,42.409269],[-71.127202,42.407682],[-71.124936,42.406837],[-71.125837,42.405437],[-71.127246,42.403293],[-71.128658,42.403998],[-71.128485,42.402746],[-71.130724,42.400922],[-71.1313,42.40158],[-71.133628,42.403483]]]}},{"type":"Feature","properties":{"unit_id":"25025080601","name":"Census Tract 806.01 \u2014 Suffolk","native_id":"25025080601","source":"census_tract_2025","adm3_name":"Suffolk County","adm3_id":"25025","area_sqm":561665,"split":false,"population":25544.0,"days_covered":18,"daytime_peak_f":87.3,"heat_anomaly_f":2.9,"extreme_pct":17.0,"nighttime_stress_f":-5.1,"daytime_peak_f_climrel":0.1686,"heat_anomaly_f_climrel":0.1686,"nighttime_stress_f_climrel":-0.3,"extreme_pct_climrel":0.425,"ref_daytime_hi_mean":84.4,"ref_daytime_hi_p95":98.1,"rwi_mean":null,"health_per_10k":0.39148136548700285,"built_frac":0.791,"tree_frac":0.144,"canopy_frac_over_3m":0.069,"viirs_mean":100.7,"gdl_hdi":0.961,"gdl_region":"Massachusetts","ghsl_smod":30,"lst_anomaly_c":5.29,"lst_anomaly_c_climrel":0.6613,"worldpop_pop_total":4943.0,"frac_under5":2.3,"frac_elderly_65plus":6.1,"frac_elderly_75plus":2.2,"old_age_dependency_ratio":0.07,"has_data":true},"geometry":{"type":"Polygon","coordinates":[[[-71.094446,42.332386],[-71.090518,42.335665],[-71.084681,42.340293],[-71.084459,42.340067],[-71.081969,42.338416],[-71.083983,42.33734],[-71.088494,42.334896],[-71.087462,42.334126],[-71.085037,42.332715],[-71.085223,42.3306],[-71.085025,42.330834],[-71.082986,42.330831],[-71.083448,42.32865],[-71.0851,42.328899],[-71.086996,42.327782],[-71.087674,42.327912],[-71.091239,42.329939],[-71.091441,42.330037],[-71.088189,42.330611],[-71.090527,42.331173],[-71.093806,42.331331],[-71.0944,42.331412],[-71.095351,42.331554],[-71.094446,42.332386]]]}},{"type":"Feature","properties":{"unit_id":"25017327102","name":"Census Tract 3271.02 \u2014 Middlesex","native_id":"25017327102","source":"census_tract_2025","adm3_name":"Middlesex County","adm3_id":"25017","area_sqm":9062280,"split":false,"population":3498.0,"days_covered":18,"daytime_peak_f":87.2,"heat_anomaly_f":3.0,"extreme_pct":17.0,"nighttime_stress_f":-7.3,"daytime_peak_f_climrel":0.1835,"heat_anomaly_f_climrel":0.1835,"nighttime_stress_f_climrel":-0.3,"extreme_pct_climrel":0.425,"ref_daytime_hi_mean":84.1,"ref_daytime_hi_p95":96.4,"rwi_mean":null,"health_per_10k":2.858776443682104,"built_frac":0.081,"tree_frac":0.757,"canopy_frac_over_3m":0.614,"viirs_mean":3.6,"gdl_hdi":0.961,"gdl_region":"Massachusetts","ghsl_smod":13,"lst_anomaly_c":-6.13,"lst_anomaly_c_climrel":0,"worldpop_pop_total":3990.0,"frac_under5":4.9,"frac_elderly_65plus":18.2,"frac_elderly_75plus":6.3,"old_age_dependency_ratio":0.28,"has_data":true},"geometry":{"type":"Polygon","coordinates":[[[-71.610776,42.672518],[-71.609172,42.675707],[-71.599836,42.674262],[-71.601019,42.680479],[-71.597466,42.682749],[-71.596396,42.684419],[-71.594083,42.683995],[-71.591313,42.682431],[-71.586792,42.680562],[-71.584512,42.677289],[-71.582712,42.676889],[-71.582512,42.675589],[-71.578281,42.672365],[-71.573639,42.671277],[-71.569916,42.672735],[-71.56929,42.671872],[-71.564667,42.673093],[-71.564712,42.671989],[-71.5616,42.675741],[-71.557396,42.676325],[-71.550067,42.675474],[-71.538858,42.67417],[-71.532408,42.668978],[-71.537136,42.663495],[-71.552421,42.660124],[-71.555511,42.658755],[-71.555108,42.659565],[-71.578887,42.654414],[-71.57924,42.65667],[-71.577532,42.663551],[-71.575696,42.665332],[-71.577596,42.664843],[-71.598173,42.667837],[-71.602508,42.666714],[-71.60576,42.667694],[-71.606526,42.668488],[-71.609984,42.669301],[-71.610776,42.672518]]]}},{"type":"Feature","properties":{"unit_id":"25025160300","name":"Census Tract 1603 \u2014 Suffolk","native_id":"25025160300","source":"census_tract_2025","adm3_name":"Suffolk County","adm3_id":"25025","area_sqm":572063,"split":false,"population":5574.0,"days_covered":18,"daytime_peak_f":86.8,"heat_anomaly_f":3.9,"extreme_pct":22.0,"nighttime_stress_f":-3.5,"daytime_peak_f_climrel":0.2108,"heat_anomaly_f_climrel":0.2108,"nighttime_stress_f_climrel":-0.1981,"extreme_pct_climrel":0.55,"ref_daytime_hi_mean":82.9,"ref_daytime_hi_p95":97.6,"rwi_mean":null,"health_per_10k":0.0,"built_frac":0.408,"tree_frac":0.18,"canopy_frac_over_3m":0.075,"viirs_mean":61.8,"gdl_hdi":0.961,"gdl_region":"Massachusetts","ghsl_smod":30,"lst_anomaly_c":-3.54,"lst_anomaly_c_climrel":0,"worldpop_pop_total":2927.0,"frac_under5":4.0,"frac_elderly_65plus":26.0,"frac_elderly_75plus":13.5,"old_age_dependency_ratio":0.402,"has_data":true},"geometry":{"type":"Polygon","coordinates":[[[-71.050695,42.391996],[-71.050002,42.393471],[-71.046529,42.392028],[-71.044477,42.392435],[-71.042734,42.389433],[-71.041906,42.388436],[-71.039229,42.389906],[-71.039818,42.388268],[-71.037482,42.387831],[-71.035188,42.386822],[-71.034563,42.386723],[-71.031295,42.386234],[-71.031995,42.384597],[-71.038357,42.386529],[-71.039262,42.386831],[-71.043264,42.383594],[-71.044298,42.383209],[-71.047284,42.385284],[-71.048186,42.385686],[-71.055295,42.387097],[-71.050695,42.391996]]]}},{"type":"Feature","properties":{"unit_id":"25025040801","name":"Census Tract 408.01 \u2014 Suffolk","native_id":"25025040801","source":"census_tract_2025","adm3_name":"Suffolk County","adm3_id":"25025","area_sqm":950453,"split":false,"population":4844.0,"days_covered":18,"daytime_peak_f":86.4,"heat_anomaly_f":3.6,"extreme_pct":22.0,"nighttime_stress_f":-3.6,"daytime_peak_f_climrel":0.1994,"heat_anomaly_f_climrel":0.1994,"nighttime_stress_f_climrel":-0.2085,"extreme_pct_climrel":0.55,"ref_daytime_hi_mean":82.8,"ref_daytime_hi_p95":97.0,"rwi_mean":null,"health_per_10k":2.0644095788604457,"built_frac":0.507,"tree_frac":0.03,"canopy_frac_over_3m":0.017,"viirs_mean":49.5,"gdl_hdi":0.961,"gdl_region":"Massachusetts","ghsl_smod":30,"lst_anomaly_c":-5.03,"lst_anomaly_c_climrel":0,"worldpop_pop_total":4005.0,"frac_under5":4.7,"frac_elderly_65plus":18.2,"frac_elderly_75plus":6.1,"old_age_dependency_ratio":0.269,"has_data":true},"geometry":{"type":"Polygon","coordinates":[[[-71.061596,42.380789],[-71.058504,42.3845],[-71.055524,42.387119],[-71.055295,42.387097],[-71.048186,42.385686],[-71.047284,42.385284],[-71.044298,42.383209],[-71.044982,42.378543],[-71.045195,42.377097],[-71.046817295921,42.3730407567864],[-71.047018,42.37312],[-71.050598,42.372872],[-71.052642,42.370788],[-71.0526194076875,42.370697],[-71.054995,42.370697],[-71.058443,42.372116],[-71.0578,42.374197],[-71.055835,42.375634],[-71.055231,42.376225],[-71.052941,42.378428],[-71.054154,42.379039],[-71.055912,42.379115],[-71.056286,42.37741],[-71.056459,42.376924],[-71.057116,42.377089],[-71.05989,42.378061],[-71.058956,42.379668],[-71.06139,42.380696],[-71.061596,42.380789]]]}},{"type":"Feature","properties":{"unit_id":"25017341302","name":"Census Tract 3413.02 \u2014 Middlesex","native_id":"25017341302","source":"census_tract_2025","adm3_name":"Middlesex County","adm3_id":"25017","area_sqm":331243,"split":false,"population":2371.0,"days_covered":18,"daytime_peak_f":86.4,"heat_anomaly_f":3.6,"extreme_pct":22.0,"nighttime_stress_f":-3.6,"daytime_peak_f_climrel":0.1994,"heat_anomaly_f_climrel":0.1994,"nighttime_stress_f_climrel":-0.2085,"extreme_pct_climrel":0.55,"ref_daytime_hi_mean":82.8,"ref_daytime_hi_p95":97.0,"rwi_mean":null,"health_per_10k":0.0,"built_frac":0.758,"tree_frac":0.223,"canopy_frac_over_3m":0.197,"viirs_mean":29.1,"gdl_hdi":0.961,"gdl_region":"Massachusetts","ghsl_smod":30,"lst_anomaly_c":4.4,"lst_anomaly_c_climrel":0.55,"worldpop_pop_total":2281.0,"frac_under5":7.0,"frac_elderly_65plus":16.3,"frac_elderly_75plus":7.0,"old_age_dependency_ratio":0.234,"has_data":true},"geometry":{"type":"Polygon","coordinates":[[[-71.072106,42.432014],[-71.071374,42.434125],[-71.071148,42.435339],[-71.070553,42.440124],[-71.067657,42.440411],[-71.067079,42.438979],[-71.067746,42.435213],[-71.067772,42.43484],[-71.067885,42.431679],[-71.06761,42.43081],[-71.072993,42.429874],[-71.072106,42.432014]]]}},{"type":"Feature","properties":{"unit_id":"25017342301","name":"Census Tract 3423.01 \u2014 Middlesex","native_id":"25017342301","source":"census_tract_2025","adm3_name":"Middlesex County","adm3_id":"25017","area_sqm":314257,"split":false,"population":2308.775932649732,"days_covered":18,"daytime_peak_f":86.4,"heat_anomaly_f":3.6,"extreme_pct":22.0,"nighttime_stress_f":-3.6,"daytime_peak_f_climrel":0.1994,"heat_anomaly_f_climrel":0.1994,"nighttime_stress_f_climrel":-0.2085,"extreme_pct_climrel":0.55,"ref_daytime_hi_mean":82.8,"ref_daytime_hi_p95":97.0,"rwi_mean":null,"health_per_10k":0.0,"built_frac":0.848,"tree_frac":0.143,"canopy_frac_over_3m":0.13,"viirs_mean":35.9,"gdl_hdi":0.961,"gdl_region":"Massachusetts","ghsl_smod":30,"lst_anomaly_c":4.07,"lst_anomaly_c_climrel":0.5088,"worldpop_pop_total":3248.0,"frac_under5":5.8,"frac_elderly_65plus":11.8,"frac_elderly_75plus":5.1,"old_age_dependency_ratio":0.168,"has_data":true},"geometry":{"type":"Polygon","coordinates":[[[-71.061542,42.4156],[-71.060484,42.415944],[-71.060131,42.416142],[-71.059855,42.41637],[-71.056241,42.413814],[-71.055742,42.413475],[-71.053599,42.411921],[-71.056113,42.409534],[-71.059303,42.408897],[-71.059589,42.409807],[-71.060326,42.411056],[-71.060783,42.411823],[-71.062274,42.415505],[-71.061542,42.4156]]]}},{"type":"Feature","properties":{"unit_id":"25025010702","name":"Census Tract 107.02 \u2014 Suffolk","native_id":"25025010702","source":"census_tract_2025","adm3_name":"Suffolk County","adm3_id":"25025","area_sqm":300176,"split":false,"population":6400.523381671418,"days_covered":18,"daytime_peak_f":86.4,"heat_anomaly_f":3.6,"extreme_pct":22.0,"nighttime_stress_f":-3.6,"daytime_peak_f_climrel":0.1994,"heat_anomaly_f_climrel":0.1994,"nighttime_stress_f_climrel":-0.2085,"extreme_pct_climrel":0.55,"ref_daytime_hi_mean":82.8,"ref_daytime_hi_p95":97.0,"rwi_mean":null,"health_per_10k":34.37218909784682,"built_frac":0.76,"tree_frac":0.219,"canopy_frac_over_3m":0.116,"viirs_mean":112.4,"gdl_hdi":0.961,"gdl_region":"Massachusetts","ghsl_smod":30,"lst_anomaly_c":2.48,"lst_anomaly_c_climrel":0.31,"worldpop_pop_total":2025.0,"frac_under5":2.5,"frac_elderly_65plus":21.2,"frac_elderly_75plus":8.1,"old_age_dependency_ratio":0.289,"has_data":true},"geometry":{"type":"Polygon","coordinates":[[[-71.080862,42.352267],[-71.076583,42.353425],[-71.074401,42.354022],[-71.072055,42.354655],[-71.071079,42.352673],[-71.070655,42.351854],[-71.070455,42.351417],[-71.072822,42.350755],[-71.072659,42.35041],[-71.076683,42.349395],[-71.077368,42.350075],[-71.079508,42.349508],[-71.07986,42.350304],[-71.080296,42.351121],[-71.080862,42.352267]]]}},{"type":"Feature","properties":{"unit_id":"25025110401","name":"Census Tract 1104.01 \u2014 Suffolk","native_id":"25025110401","source":"census_tract_2025","adm3_name":"Suffolk County","adm3_id":"25025","area_sqm":522960,"split":false,"population":2946.0,"days_covered":18,"daytime_peak_f":87.3,"heat_anomaly_f":2.9,"extreme_pct":17.0,"nighttime_stress_f":-5.1,"daytime_peak_f_climrel":0.1686,"heat_anomaly_f_climrel":0.1686,"nighttime_stress_f_climrel":-0.3,"extreme_pct_climrel":0.425,"ref_daytime_hi_mean":84.4,"ref_daytime_hi_p95":98.1,"rwi_mean":null,"health_per_10k":0.0,"built_frac":0.511,"tree_frac":0.437,"canopy_frac_over_3m":0.32,"viirs_mean":30.9,"gdl_hdi":0.961,"gdl_region":"Massachusetts","ghsl_smod":30,"lst_anomaly_c":1.45,"lst_anomaly_c_climrel":0.1812,"worldpop_pop_total":3422.0,"frac_under5":5.9,"frac_elderly_65plus":14.4,"frac_elderly_75plus":5.7,"old_age_dependency_ratio":0.207,"has_data":true},"geometry":{"type":"Polygon","coordinates":[[[-71.127045,42.28746],[-71.126312,42.288149],[-71.125965,42.288482],[-71.122463,42.291749],[-71.119259,42.290486],[-71.119282,42.290235],[-71.119549,42.285511],[-71.119712,42.280288],[-71.120675,42.280696],[-71.122433,42.281826],[-71.124041,42.282998],[-71.125127,42.28449],[-71.126098,42.285175],[-71.128128,42.286448],[-71.127045,42.28746]]]}},{"type":"Feature","properties":{"unit_id":"25025030200","name":"Census Tract 302 \u2014 Suffolk","native_id":"25025030200","source":"census_tract_2025","adm3_name":"Suffolk County","adm3_id":"25025","area_sqm":58261,"split":false,"population":1036.5278398756104,"days_covered":18,"daytime_peak_f":86.4,"heat_anomaly_f":3.6,"extreme_pct":22.0,"nighttime_stress_f":-3.6,"daytime_peak_f_climrel":0.1994,"heat_anomaly_f_climrel":0.1994,"nighttime_stress_f_climrel":-0.2085,"extreme_pct_climrel":0.55,"ref_daytime_hi_mean":82.8,"ref_daytime_hi_p95":97.0,"rwi_mean":null,"health_per_10k":0.0,"built_frac":0.97,"tree_frac":0.03,"canopy_frac_over_3m":0.016,"viirs_mean":180.3,"gdl_hdi":0.961,"gdl_region":"Massachusetts","ghsl_smod":30,"lst_anomaly_c":5.93,"lst_anomaly_c_climrel":0.7412,"worldpop_pop_total":1608.0,"frac_under5":1.4,"frac_elderly_65plus":10.0,"frac_elderly_75plus":5.0,"old_age_dependency_ratio":0.115,"has_data":true},"geometry":{"type":"Polygon","coordinates":[[[-71.058525,42.366952],[-71.057404,42.365308],[-71.05675,42.3654],[-71.05595,42.365508],[-71.055441,42.365176],[-71.055835,42.363613],[-71.056381,42.362884],[-71.056972,42.363208],[-71.058433,42.364641],[-71.058381,42.365266],[-71.058525,42.366952]]]}},{"type":"Feature","properties":{"unit_id":"25017373500","name":"Census Tract 3735 \u2014 Middlesex","native_id":"25017373500","source":"census_tract_2025","adm3_name":"Middlesex County","adm3_id":"25017","area_sqm":3383236,"split":false,"population":4185.0,"days_covered":18,"daytime_peak_f":87.1,"heat_anomaly_f":2.7,"extreme_pct":17.0,"nighttime_stress_f":-5.4,"daytime_peak_f_climrel":0.1532,"heat_anomaly_f_climrel":0.1532,"nighttime_stress_f_climrel":-0.3,"extreme_pct_climrel":0.425,"ref_daytime_hi_mean":84.4,"ref_daytime_hi_p95":98.1,"rwi_mean":null,"health_per_10k":0.0,"built_frac":0.132,"tree_frac":0.764,"canopy_frac_over_3m":0.457,"viirs_mean":14.8,"gdl_hdi":0.961,"gdl_region":"Massachusetts","ghsl_smod":30,"lst_anomaly_c":-3.09,"lst_anomaly_c_climrel":0,"worldpop_pop_total":5632.0,"frac_under5":3.6,"frac_elderly_65plus":21.4,"frac_elderly_75plus":8.8,"old_age_dependency_ratio":0.343,"has_data":true},"geometry":{"type":"Polygon","coordinates":[[[-71.199451,42.342442],[-71.198697,42.343198],[-71.196274,42.343436],[-71.19385,42.345043],[-71.195278,42.347043],[-71.192857,42.351306],[-71.192153,42.353026],[-71.189286,42.352993],[-71.186049,42.351515],[-71.184168,42.353084],[-71.181888,42.351254],[-71.181944,42.352884],[-71.180083,42.352786],[-71.174798,42.350265],[-71.174265,42.349584],[-71.166699,42.340009],[-71.16674,42.339854],[-71.169954,42.338934],[-71.172099,42.337043],[-71.17326,42.337069],[-71.175358,42.337233],[-71.17836,42.336115],[-71.185648,42.336494],[-71.1923,42.336199],[-71.193326,42.336007],[-71.192584,42.340789],[-71.197484,42.340377],[-71.198875,42.340855],[-71.199451,42.342442]]]}},{"type":"Feature","properties":{"unit_id":"25017383903","name":"Census Tract 3839.03 \u2014 Middlesex","native_id":"25017383903","source":"census_tract_2025","adm3_name":"Middlesex County","adm3_id":"25017","area_sqm":3184289,"split":false,"population":2884.0,"days_covered":18,"daytime_peak_f":86.4,"heat_anomaly_f":2.4,"extreme_pct":17.0,"nighttime_stress_f":-5.7,"daytime_peak_f_climrel":0.1507,"heat_anomaly_f_climrel":0.1507,"nighttime_stress_f_climrel":-0.3,"extreme_pct_climrel":0.425,"ref_daytime_hi_mean":84.0,"ref_daytime_hi_p95":96.2,"rwi_mean":null,"health_per_10k":0.0,"built_frac":0.119,"tree_frac":0.793,"canopy_frac_over_3m":0.536,"viirs_mean":7.8,"gdl_hdi":0.961,"gdl_region":"Massachusetts","ghsl_smod":21,"lst_anomaly_c":-3.84,"lst_anomaly_c_climrel":0,"worldpop_pop_total":2556.0,"frac_under5":5.4,"frac_elderly_65plus":19.1,"frac_elderly_75plus":8.2,"old_age_dependency_ratio":0.301,"has_data":true},"geometry":{"type":"Polygon","coordinates":[[[-71.444675,42.311414],[-71.435361,42.323365],[-71.432064,42.328102],[-71.431459,42.329615],[-71.430038,42.330373],[-71.427717,42.330761],[-71.426406,42.330659],[-71.423468,42.328755],[-71.417861,42.326713],[-71.414701,42.325821],[-71.416864,42.323673],[-71.422805,42.320654],[-71.420378,42.317225],[-71.420006,42.314325],[-71.418313,42.31285],[-71.416875,42.312641],[-71.424004,42.311863],[-71.430489,42.310347],[-71.431711,42.308501],[-71.431262,42.305981],[-71.432947,42.304922],[-71.432774,42.306129],[-71.438817,42.311774],[-71.443579,42.311115],[-71.444675,42.311414]]]}},{"type":"Feature","properties":{"unit_id":"25025010205","name":"Census Tract 102.05 \u2014 Suffolk","native_id":"25025010205","source":"census_tract_2025","adm3_name":"Suffolk County","adm3_id":"25025","area_sqm":182773,"split":false,"population":3909.86507150578,"days_covered":18,"daytime_peak_f":87.3,"heat_anomaly_f":2.9,"extreme_pct":17.0,"nighttime_stress_f":-5.1,"daytime_peak_f_climrel":0.1686,"heat_anomaly_f_climrel":0.1686,"nighttime_stress_f_climrel":-0.3,"extreme_pct_climrel":0.425,"ref_daytime_hi_mean":84.4,"ref_daytime_hi_p95":98.1,"rwi_mean":null,"health_per_10k":7.672899051845363,"built_frac":0.919,"tree_frac":0.073,"canopy_frac_over_3m":0.099,"viirs_mean":112.8,"gdl_hdi":0.961,"gdl_region":"Massachusetts","ghsl_smod":30,"lst_anomaly_c":4.72,"lst_anomaly_c_climrel":0.59,"worldpop_pop_total":4961.0,"frac_under5":2.7,"frac_elderly_65plus":7.6,"frac_elderly_75plus":4.1,"old_age_dependency_ratio":0.086,"has_data":true},"geometry":{"type":"Polygon","coordinates":[[[-71.102519,42.343375],[-71.100982,42.344881],[-71.098955,42.346815],[-71.097412,42.343694],[-71.096493,42.341843],[-71.098408,42.340791],[-71.099062,42.34061],[-71.101823,42.342503],[-71.102519,42.343375]]]}},{"type":"Feature","properties":{"unit_id":"25017382300","name":"Census Tract 3823 \u2014 Middlesex","native_id":"25017382300","source":"census_tract_2025","adm3_name":"Middlesex County","adm3_id":"25017","area_sqm":13033397,"split":false,"population":5000.0,"days_covered":18,"daytime_peak_f":87.0,"heat_anomaly_f":2.5,"extreme_pct":17.0,"nighttime_stress_f":-5.9,"daytime_peak_f_climrel":0.1496,"heat_anomaly_f_climrel":0.1496,"nighttime_stress_f_climrel":-0.3,"extreme_pct_climrel":0.425,"ref_daytime_hi_mean":84.4,"ref_daytime_hi_p95":97.5,"rwi_mean":null,"health_per_10k":2.0,"built_frac":0.045,"tree_frac":0.858,"canopy_frac_over_3m":0.601,"viirs_mean":4.7,"gdl_hdi":0.961,"gdl_region":"Massachusetts","ghsl_smod":21,"lst_anomaly_c":-6.34,"lst_anomaly_c_climrel":0,"worldpop_pop_total":5786.0,"frac_under5":4.9,"frac_elderly_65plus":22.5,"frac_elderly_75plus":10.5,"old_age_dependency_ratio":0.378,"has_data":true},"geometry":{"type":"Polygon","coordinates":[[[-71.355534,42.259749],[-71.349641,42.259065],[-71.345346,42.259384],[-71.342319,42.258735],[-71.343069,42.265345],[-71.34508,42.268566],[-71.345419,42.274055],[-71.346531,42.276844],[-71.346982,42.279116],[-71.34729,42.280741],[-71.347244,42.283405],[-71.347276,42.283783],[-71.341954,42.284795],[-71.340809,42.285025],[-71.340092,42.285204],[-71.331244,42.288704],[-71.321541,42.293686],[-71.30846,42.270709],[-71.305832,42.260081],[-71.302922,42.248274],[-71.332496,42.249075],[-71.332434,42.247729],[-71.342459,42.250455],[-71.341777,42.253537],[-71.344932,42.25384],[-71.351776,42.255816],[-71.353938,42.257065],[-71.354267,42.258361],[-71.356412,42.259558],[-71.355534,42.259749]]]}},{"type":"Feature","properties":{"unit_id":"25017353800","name":"Census Tract 3538 \u2014 Middlesex","native_id":"25017353800","source":"census_tract_2025","adm3_name":"Middlesex County","adm3_id":"25017","area_sqm":252962,"split":false,"population":16855.0,"days_covered":18,"daytime_peak_f":86.4,"heat_anomaly_f":3.6,"extreme_pct":22.0,"nighttime_stress_f":-3.6,"daytime_peak_f_climrel":0.1994,"heat_anomaly_f_climrel":0.1994,"nighttime_stress_f_climrel":-0.2085,"extreme_pct_climrel":0.55,"ref_daytime_hi_mean":82.8,"ref_daytime_hi_p95":97.0,"rwi_mean":null,"health_per_10k":0.5932957579353308,"built_frac":0.746,"tree_frac":0.254,"canopy_frac_over_3m":0.267,"viirs_mean":54.6,"gdl_hdi":0.961,"gdl_region":"Massachusetts","ghsl_smod":30,"lst_anomaly_c":3.93,"lst_anomaly_c_climrel":0.4913,"worldpop_pop_total":4163.0,"frac_under5":3.0,"frac_elderly_65plus":14.4,"frac_elderly_75plus":6.3,"old_age_dependency_ratio":0.181,"has_data":true},"geometry":{"type":"Polygon","coordinates":[[[-71.113067,42.37173],[-71.112446,42.373839],[-71.109725,42.372772],[-71.108615,42.372318],[-71.107947,42.372056],[-71.106831,42.371614],[-71.105738,42.37119],[-71.104793,42.370817],[-71.105859,42.36975],[-71.107714,42.367853],[-71.110734,42.369176],[-71.112607,42.369837],[-71.113905,42.370836],[-71.113067,42.37173]]]}},{"type":"Feature","properties":{"unit_id":"25025060604","name":"Census Tract 606.04 \u2014 Suffolk","native_id":"25025060604","source":"census_tract_2025","adm3_name":"Suffolk County","adm3_id":"25025","area_sqm":416318,"split":false,"population":7087.0,"days_covered":18,"daytime_peak_f":86.8,"heat_anomaly_f":3.9,"extreme_pct":22.0,"nighttime_stress_f":-3.5,"daytime_peak_f_climrel":0.2108,"heat_anomaly_f_climrel":0.2108,"nighttime_stress_f_climrel":-0.1981,"extreme_pct_climrel":0.55,"ref_daytime_hi_mean":82.9,"ref_daytime_hi_p95":97.6,"rwi_mean":null,"health_per_10k":1.4110342881332016,"built_frac":0.63,"tree_frac":0.014,"canopy_frac_over_3m":0.001,"viirs_mean":125.3,"gdl_hdi":0.961,"gdl_region":"Massachusetts","ghsl_smod":30,"lst_anomaly_c":-2.72,"lst_anomaly_c_climrel":0,"worldpop_pop_total":5062.0,"frac_under5":2.2,"frac_elderly_65plus":7.0,"frac_elderly_75plus":1.3,"old_age_dependency_ratio":0.078,"has_data":true},"geometry":{"type":"Polygon","coordinates":[[[-71.050039,42.353855],[-71.049595,42.354497],[-71.0482832741435,42.356018539708],[-71.0339662859699,42.3500489262703],[-71.035987,42.347703],[-71.04557,42.351705],[-71.047636,42.348963],[-71.052188,42.351121],[-71.050039,42.353855]]]}},{"type":"Feature","properties":{"unit_id":"25025981900","name":"Census Tract 9819 \u2014 Suffolk","native_id":"25025981900","source":"census_tract_2025","adm3_name":"Suffolk County","adm3_id":"25025","area_sqm":233864,"split":false,"population":298.0,"days_covered":18,"daytime_peak_f":87.1,"heat_anomaly_f":2.7,"extreme_pct":17.0,"nighttime_stress_f":-5.4,"daytime_peak_f_climrel":0.1532,"heat_anomaly_f_climrel":0.1532,"nighttime_stress_f_climrel":-0.3,"extreme_pct_climrel":0.425,"ref_daytime_hi_mean":84.4,"ref_daytime_hi_p95":98.1,"rwi_mean":null,"health_per_10k":0.0,"built_frac":0.383,"tree_frac":0.293,"canopy_frac_over_3m":0.196,"viirs_mean":15.4,"gdl_hdi":0.961,"gdl_region":"Massachusetts","ghsl_smod":30,"lst_anomaly_c":-0.97,"lst_anomaly_c_climrel":0,"worldpop_pop_total":10.0,"frac_under5":4.9,"frac_elderly_65plus":19.9,"frac_elderly_75plus":9.5,"old_age_dependency_ratio":0.299,"has_data":true},"geometry":{"type":"Polygon","coordinates":[[[-71.185307,42.279497],[-71.177653,42.280409],[-71.177016,42.280401],[-71.174941,42.278088],[-71.172382,42.276867],[-71.173223,42.275352],[-71.174565,42.275576],[-71.176781,42.276799],[-71.182895,42.275853],[-71.183159,42.275913],[-71.185307,42.279497]]]}},{"type":"Feature","properties":{"unit_id":"25017373700","name":"Census Tract 3737 \u2014 Middlesex","native_id":"25017373700","source":"census_tract_2025","adm3_name":"Middlesex County","adm3_id":"25017","area_sqm":2375954,"split":false,"population":2866.0,"days_covered":18,"daytime_peak_f":87.1,"heat_anomaly_f":2.7,"extreme_pct":17.0,"nighttime_stress_f":-5.4,"daytime_peak_f_climrel":0.1532,"heat_anomaly_f_climrel":0.1532,"nighttime_stress_f_climrel":-0.3,"extreme_pct_climrel":0.425,"ref_daytime_hi_mean":84.4,"ref_daytime_hi_p95":98.1,"rwi_mean":null,"health_per_10k":6.978367062107466,"built_frac":0.13,"tree_frac":0.789,"canopy_frac_over_3m":0.494,"viirs_mean":11.6,"gdl_hdi":0.961,"gdl_region":"Massachusetts","ghsl_smod":30,"lst_anomaly_c":-3.75,"lst_anomaly_c_climrel":0,"worldpop_pop_total":3685.0,"frac_under5":3.7,"frac_elderly_65plus":25.4,"frac_elderly_75plus":10.3,"old_age_dependency_ratio":0.45,"has_data":true},"geometry":{"type":"Polygon","coordinates":[[[-71.217586,42.333886],[-71.21708,42.337037],[-71.21547,42.336925],[-71.211573,42.33802],[-71.211546,42.342407],[-71.211239,42.344185],[-71.205922,42.343759],[-71.205756,42.344207],[-71.199422,42.344952],[-71.198697,42.343198],[-71.199451,42.342442],[-71.198875,42.340855],[-71.197484,42.340377],[-71.192584,42.340789],[-71.193326,42.336007],[-71.193416,42.334483],[-71.193467,42.333439],[-71.194842,42.330063],[-71.207015,42.330824],[-71.213233,42.33117],[-71.21408,42.331064],[-71.214698,42.332059],[-71.21711,42.331993],[-71.218047,42.333062],[-71.217586,42.333886]]]}},{"type":"Feature","properties":{"unit_id":"25025010408","name":"Census Tract 104.08 \u2014 Suffolk","native_id":"25025010408","source":"census_tract_2025","adm3_name":"Suffolk County","adm3_id":"25025","area_sqm":43381,"split":false,"population":490.52087523041695,"days_covered":18,"daytime_peak_f":87.3,"heat_anomaly_f":2.9,"extreme_pct":17.0,"nighttime_stress_f":-5.1,"daytime_peak_f_climrel":0.1686,"heat_anomaly_f_climrel":0.1686,"nighttime_stress_f_climrel":-0.3,"extreme_pct_climrel":0.425,"ref_daytime_hi_mean":84.4,"ref_daytime_hi_p95":98.1,"rwi_mean":null,"health_per_10k":0.0,"built_frac":0.901,"tree_frac":0.097,"canopy_frac_over_3m":0.117,"viirs_mean":143.6,"gdl_hdi":0.961,"gdl_region":"Massachusetts","ghsl_smod":30,"lst_anomaly_c":2.95,"lst_anomaly_c_climrel":0.3688,"worldpop_pop_total":1301.0,"frac_under5":1.9,"frac_elderly_65plus":4.2,"frac_elderly_75plus":1.6,"old_age_dependency_ratio":0.046,"has_data":true},"geometry":{"type":"Polygon","coordinates":[[[-71.097412,42.343694],[-71.094644,42.344549],[-71.094611,42.34294],[-71.096493,42.341843],[-71.097412,42.343694]]]}},{"type":"Feature","properties":{"unit_id":"25025170301","name":"Census Tract 1703.01 \u2014 Suffolk","native_id":"25025170301","source":"census_tract_2025","adm3_name":"Suffolk County","adm3_id":"25025","area_sqm":1576130,"split":false,"population":5702.0,"days_covered":18,"daytime_peak_f":86.8,"heat_anomaly_f":3.9,"extreme_pct":22.0,"nighttime_stress_f":-3.5,"daytime_peak_f_climrel":0.2108,"heat_anomaly_f_climrel":0.2108,"nighttime_stress_f_climrel":-0.1981,"extreme_pct_climrel":0.55,"ref_daytime_hi_mean":82.9,"ref_daytime_hi_p95":97.6,"rwi_mean":null,"health_per_10k":1.75377060680463,"built_frac":0.784,"tree_frac":0.17,"canopy_frac_over_3m":0.094,"viirs_mean":32.4,"gdl_hdi":0.961,"gdl_region":"Massachusetts","ghsl_smod":30,"lst_anomaly_c":4.13,"lst_anomaly_c_climrel":0.5162,"worldpop_pop_total":7225.0,"frac_under5":5.1,"frac_elderly_65plus":18.8,"frac_elderly_75plus":9.3,"old_age_dependency_ratio":0.287,"has_data":true},"geometry":{"type":"Polygon","coordinates":[[[-71.028227,42.424202],[-71.024088,42.431582],[-71.019762,42.430332],[-71.018485,42.428758],[-71.016245,42.4288],[-71.015124,42.428056],[-71.010812,42.42451],[-71.013867,42.422384],[-71.010549,42.42142],[-71.005873,42.419516],[-71.00791,42.416755],[-71.008379,42.416113],[-71.009343,42.41722],[-71.011194,42.418385],[-71.012326,42.417305],[-71.018658,42.419093],[-71.018975,42.418606],[-71.020134,42.419109],[-71.029319,42.421877],[-71.028227,42.424202]]]}},{"type":"Feature","properties":{"unit_id":"25017358300","name":"Census Tract 3583 \u2014 Middlesex","native_id":"25017358300","source":"census_tract_2025","adm3_name":"Middlesex County","adm3_id":"25017","area_sqm":7552603,"split":false,"population":8441.0,"days_covered":18,"daytime_peak_f":87.1,"heat_anomaly_f":3.0,"extreme_pct":17.0,"nighttime_stress_f":-5.1,"daytime_peak_f_climrel":0.1716,"heat_anomaly_f_climrel":0.1716,"nighttime_stress_f_climrel":-0.3,"extreme_pct_climrel":0.425,"ref_daytime_hi_mean":84.1,"ref_daytime_hi_p95":97.6,"rwi_mean":null,"health_per_10k":1.1846937566639024,"built_frac":0.138,"tree_frac":0.801,"canopy_frac_over_3m":0.585,"viirs_mean":12.1,"gdl_hdi":0.961,"gdl_region":"Massachusetts","ghsl_smod":21,"lst_anomaly_c":-5.11,"lst_anomaly_c_climrel":0,"worldpop_pop_total":6565.0,"frac_under5":4.1,"frac_elderly_65plus":23.0,"frac_elderly_75plus":14.4,"old_age_dependency_ratio":0.404,"has_data":true},"geometry":{"type":"Polygon","coordinates":[[[-71.259568,42.435624],[-71.257804,42.435625],[-71.255213,42.436573],[-71.246119,42.435425],[-71.241585,42.434287],[-71.237429,42.43544],[-71.237203,42.435506],[-71.234641,42.435876],[-71.233914,42.435742],[-71.231206,42.43468],[-71.229069,42.4339],[-71.222252,42.434219],[-71.22313,42.432173],[-71.225603,42.429055],[-71.220656,42.427201],[-71.219768,42.424913],[-71.219797,42.422229],[-71.216847,42.419925],[-71.215004,42.418666],[-71.214841,42.418399],[-71.217676,42.417261],[-71.218928,42.415564],[-71.215909,42.414756],[-71.207603,42.40978],[-71.211261,42.406074],[-71.21591,42.407599],[-71.232915,42.413179],[-71.256987,42.42108],[-71.25853,42.428209],[-71.259619,42.433937],[-71.259568,42.435624]]]}},{"type":"Feature","properties":{"unit_id":"25017356400","name":"Census Tract 3564 \u2014 Middlesex","native_id":"25017356400","source":"census_tract_2025","adm3_name":"Middlesex County","adm3_id":"25017","area_sqm":3253282,"split":false,"population":6418.0,"days_covered":18,"daytime_peak_f":87.1,"heat_anomaly_f":3.0,"extreme_pct":17.0,"nighttime_stress_f":-5.1,"daytime_peak_f_climrel":0.1716,"heat_anomaly_f_climrel":0.1716,"nighttime_stress_f_climrel":-0.3,"extreme_pct_climrel":0.425,"ref_daytime_hi_mean":84.1,"ref_daytime_hi_p95":97.6,"rwi_mean":null,"health_per_10k":1.558117793705204,"built_frac":0.153,"tree_frac":0.661,"canopy_frac_over_3m":0.395,"viirs_mean":11.4,"gdl_hdi":0.961,"gdl_region":"Massachusetts","ghsl_smod":30,"lst_anomaly_c":-2.4,"lst_anomaly_c_climrel":0,"worldpop_pop_total":8251.0,"frac_under5":6.3,"frac_elderly_65plus":22.0,"frac_elderly_75plus":10.9,"old_age_dependency_ratio":0.378,"has_data":true},"geometry":{"type":"Polygon","coordinates":[[[-71.175514,42.434072],[-71.173708,42.436137],[-71.164854,42.43599],[-71.155677,42.435833],[-71.149886,42.43584],[-71.146784,42.425262],[-71.145997,42.423735],[-71.142757,42.42193],[-71.14292,42.42058],[-71.144709,42.420103],[-71.14844,42.416426],[-71.149084,42.41621],[-71.151407,42.416647],[-71.150867,42.4176],[-71.151986,42.419467],[-71.153065,42.419295],[-71.157204,42.419023],[-71.16043,42.419903],[-71.162156,42.421448],[-71.162764,42.421777],[-71.164597,42.422785],[-71.165989,42.42301],[-71.16676,42.423066],[-71.169068,42.42408],[-71.169037,42.425839],[-71.170228,42.428971],[-71.17175,42.42738],[-71.174341,42.428267],[-71.174916,42.430176],[-71.176004,42.431554],[-71.175514,42.434072]]]}},{"type":"Feature","properties":{"unit_id":"25017310500","name":"Census Tract 3105 \u2014 Middlesex","native_id":"25017310500","source":"census_tract_2025","adm3_name":"Middlesex County","adm3_id":"25017","area_sqm":851840,"split":false,"population":2924.0,"days_covered":18,"daytime_peak_f":86.6,"heat_anomaly_f":2.7,"extreme_pct":17.0,"nighttime_stress_f":-5.7,"daytime_peak_f_climrel":0.1535,"heat_anomaly_f_climrel":0.1535,"nighttime_stress_f_climrel":-0.3,"extreme_pct_climrel":0.425,"ref_daytime_hi_mean":83.9,"ref_daytime_hi_p95":96.4,"rwi_mean":null,"health_per_10k":0.0,"built_frac":0.629,"tree_frac":0.225,"canopy_frac_over_3m":0.186,"viirs_mean":28.0,"gdl_hdi":0.961,"gdl_region":"Massachusetts","ghsl_smod":30,"lst_anomaly_c":2.02,"lst_anomaly_c_climrel":0.2525,"worldpop_pop_total":2822.0,"frac_under5":4.9,"frac_elderly_65plus":10.0,"frac_elderly_75plus":3.5,"old_age_dependency_ratio":0.134,"has_data":true},"geometry":{"type":"Polygon","coordinates":[[[-71.331775,42.654635],[-71.330312,42.656001],[-71.328979,42.6593],[-71.327889,42.660629],[-71.325311,42.661165],[-71.322191,42.661809],[-71.321051,42.661388],[-71.318743,42.659996],[-71.318283,42.656405],[-71.315392,42.654733],[-71.315454,42.654682],[-71.319537,42.655851],[-71.322451,42.653929],[-71.324397,42.651888],[-71.329681,42.650751],[-71.330541,42.649614],[-71.331612,42.650222],[-71.334684,42.651926],[-71.331775,42.654635]]]}},{"type":"Feature","properties":{"unit_id":"25025160200","name":"Census Tract 1602 \u2014 Suffolk","native_id":"25025160200","source":"census_tract_2025","adm3_name":"Suffolk County","adm3_id":"25025","area_sqm":222150,"split":false,"population":1564.9539219596356,"days_covered":18,"daytime_peak_f":86.8,"heat_anomaly_f":3.9,"extreme_pct":22.0,"nighttime_stress_f":-3.5,"daytime_peak_f_climrel":0.2108,"heat_anomaly_f_climrel":0.2108,"nighttime_stress_f_climrel":-0.1981,"extreme_pct_climrel":0.55,"ref_daytime_hi_mean":82.9,"ref_daytime_hi_p95":97.6,"rwi_mean":null,"health_per_10k":0.0,"built_frac":0.922,"tree_frac":0.075,"canopy_frac_over_3m":0.051,"viirs_mean":125.0,"gdl_hdi":0.961,"gdl_region":"Massachusetts","ghsl_smod":30,"lst_anomaly_c":5.37,"lst_anomaly_c_climrel":0.6713,"worldpop_pop_total":4370.0,"frac_under5":7.7,"frac_elderly_65plus":7.3,"frac_elderly_75plus":2.7,"old_age_dependency_ratio":0.104,"has_data":true},"geometry":{"type":"Polygon","coordinates":[[[-71.039229,42.389906],[-71.037592,42.390798],[-71.035969,42.391723],[-71.032723,42.393547],[-71.03295,42.393099],[-71.032301,42.392216],[-71.032634,42.391592],[-71.033538,42.389885],[-71.03373,42.389273],[-71.033927,42.388653],[-71.034563,42.386723],[-71.035188,42.386822],[-71.037482,42.387831],[-71.039818,42.388268],[-71.039229,42.389906]]]}},{"type":"Feature","properties":{"unit_id":"25017356704","name":"Census Tract 3567.04 \u2014 Middlesex","native_id":"25017356704","source":"census_tract_2025","adm3_name":"Middlesex County","adm3_id":"25017","area_sqm":1234257,"split":false,"population":5160.0,"days_covered":18,"daytime_peak_f":87.1,"heat_anomaly_f":3.0,"extreme_pct":17.0,"nighttime_stress_f":-5.1,"daytime_peak_f_climrel":0.1716,"heat_anomaly_f_climrel":0.1716,"nighttime_stress_f_climrel":-0.3,"extreme_pct_climrel":0.425,"ref_daytime_hi_mean":84.1,"ref_daytime_hi_p95":97.6,"rwi_mean":null,"health_per_10k":7.751937984496124,"built_frac":0.409,"tree_frac":0.569,"canopy_frac_over_3m":0.415,"viirs_mean":20.4,"gdl_hdi":0.961,"gdl_region":"Massachusetts","ghsl_smod":30,"lst_anomaly_c":-0.42,"lst_anomaly_c_climrel":0,"worldpop_pop_total":3905.0,"frac_under5":5.8,"frac_elderly_65plus":18.9,"frac_elderly_75plus":7.9,"old_age_dependency_ratio":0.298,"has_data":true},"geometry":{"type":"Polygon","coordinates":[[[-71.173097,42.411337],[-71.171999,42.412267],[-71.173287,42.412992],[-71.170031,42.415827],[-71.172164,42.416898],[-71.16849,42.419662],[-71.166289,42.418529],[-71.165842,42.41832],[-71.162764,42.421777],[-71.162156,42.421448],[-71.16043,42.419903],[-71.157204,42.419023],[-71.157693,42.417815],[-71.157898,42.416434],[-71.159413,42.414435],[-71.161035,42.41298],[-71.161573,42.412014],[-71.167046,42.408342],[-71.16711,42.407845],[-71.163304,42.406025],[-71.163925,42.405715],[-71.174424,42.40937],[-71.173097,42.411337]]]}},{"type":"Feature","properties":{"unit_id":"25017373901","name":"Census Tract 3739.01 \u2014 Middlesex","native_id":"25017373901","source":"census_tract_2025","adm3_name":"Middlesex County","adm3_id":"25017","area_sqm":2000192,"split":false,"population":3125.0,"days_covered":18,"daytime_peak_f":87.1,"heat_anomaly_f":2.7,"extreme_pct":17.0,"nighttime_stress_f":-5.4,"daytime_peak_f_climrel":0.1532,"heat_anomaly_f_climrel":0.1532,"nighttime_stress_f_climrel":-0.3,"extreme_pct_climrel":0.425,"ref_daytime_hi_mean":84.4,"ref_daytime_hi_p95":98.1,"rwi_mean":null,"health_per_10k":0.0,"built_frac":0.158,"tree_frac":0.828,"canopy_frac_over_3m":0.524,"viirs_mean":9.8,"gdl_hdi":0.961,"gdl_region":"Massachusetts","ghsl_smod":30,"lst_anomaly_c":-2.8,"lst_anomaly_c_climrel":0,"worldpop_pop_total":3186.0,"frac_under5":4.2,"frac_elderly_65plus":21.0,"frac_elderly_75plus":9.2,"old_age_dependency_ratio":0.348,"has_data":true},"geometry":{"type":"Polygon","coordinates":[[[-71.192097,42.303564],[-71.184154,42.310108],[-71.183492,42.310292],[-71.181422,42.310126],[-71.181347,42.308508],[-71.177808,42.307256],[-71.175001,42.305286],[-71.173881,42.306487],[-71.1698,42.307607],[-71.16642,42.304747],[-71.164702,42.30383],[-71.169808,42.300443],[-71.178636,42.294595],[-71.178971,42.294864],[-71.179986,42.295715],[-71.181035,42.296397],[-71.183557,42.297776],[-71.184948,42.29814],[-71.187487,42.299539],[-71.192097,42.303564]]]}},{"type":"Feature","properties":{"unit_id":"25025140106","name":"Census Tract 1401.06 \u2014 Suffolk","native_id":"25025140106","source":"census_tract_2025","adm3_name":"Suffolk County","adm3_id":"25025","area_sqm":278837,"split":false,"population":651.617882649653,"days_covered":18,"daytime_peak_f":87.3,"heat_anomaly_f":2.9,"extreme_pct":17.0,"nighttime_stress_f":-5.1,"daytime_peak_f_climrel":0.1686,"heat_anomaly_f_climrel":0.1686,"nighttime_stress_f_climrel":-0.3,"extreme_pct_climrel":0.425,"ref_daytime_hi_mean":84.4,"ref_daytime_hi_p95":98.1,"rwi_mean":null,"health_per_10k":0.0,"built_frac":0.458,"tree_frac":0.5,"canopy_frac_over_3m":0.382,"viirs_mean":23.1,"gdl_hdi":0.961,"gdl_region":"Massachusetts","ghsl_smod":30,"lst_anomaly_c":-0.09,"lst_anomaly_c_climrel":0,"worldpop_pop_total":2196.0,"frac_under5":6.5,"frac_elderly_65plus":15.6,"frac_elderly_75plus":6.6,"old_age_dependency_ratio":0.242,"has_data":true},"geometry":{"type":"Polygon","coordinates":[[[-71.140653,42.275179],[-71.140269,42.275474],[-71.138649,42.276901],[-71.136998,42.278323],[-71.134785,42.276898],[-71.134626,42.276784],[-71.131642,42.274908],[-71.132703,42.274037],[-71.136592,42.27151],[-71.140612,42.274259],[-71.140653,42.275179]]]}},{"type":"Feature","properties":{"unit_id":"25017315100","name":"Census Tract 3151 \u2014 Middlesex","native_id":"25017315100","source":"census_tract_2025","adm3_name":"Middlesex County","adm3_id":"25017","area_sqm":14825810,"split":false,"population":8134.0,"days_covered":18,"daytime_peak_f":86.9,"heat_anomaly_f":2.6,"extreme_pct":17.0,"nighttime_stress_f":-6.2,"daytime_peak_f_climrel":0.155,"heat_anomaly_f_climrel":0.155,"nighttime_stress_f_climrel":-0.3,"extreme_pct_climrel":0.425,"ref_daytime_hi_mean":84.3,"ref_daytime_hi_p95":96.8,"rwi_mean":null,"health_per_10k":3.688222276862552,"built_frac":0.128,"tree_frac":0.695,"canopy_frac_over_3m":0.498,"viirs_mean":13.1,"gdl_hdi":0.961,"gdl_region":"Massachusetts","ghsl_smod":21,"lst_anomaly_c":-5.55,"lst_anomaly_c_climrel":0,"worldpop_pop_total":5670.0,"frac_under5":5.1,"frac_elderly_65plus":18.6,"frac_elderly_75plus":7.4,"old_age_dependency_ratio":0.288,"has_data":true},"geometry":{"type":"Polygon","coordinates":[[[-71.283427,42.615299],[-71.277791,42.620847],[-71.27642,42.624397],[-71.276083,42.625268],[-71.275852,42.625869],[-71.274709,42.628859],[-71.272766,42.637341],[-71.271188,42.644242],[-71.271555,42.646191],[-71.271707,42.648018],[-71.275154,42.656216],[-71.264347,42.657667],[-71.258482,42.656923],[-71.257135,42.656932],[-71.256188,42.657145],[-71.239065,42.648915],[-71.23829,42.642564],[-71.240403,42.638744],[-71.246664,42.622022],[-71.248157,42.618445],[-71.248339,42.617409],[-71.250671,42.612829],[-71.252776,42.611731],[-71.257986,42.608288],[-71.26078,42.605617],[-71.265473,42.603838],[-71.272883,42.601853],[-71.280226,42.60524],[-71.296319,42.612667],[-71.283427,42.615299]]]}},{"type":"Feature","properties":{"unit_id":"25017357200","name":"Census Tract 3572 \u2014 Middlesex","native_id":"25017357200","source":"census_tract_2025","adm3_name":"Middlesex County","adm3_id":"25017","area_sqm":1436158,"split":false,"population":6693.0,"days_covered":18,"daytime_peak_f":87.1,"heat_anomaly_f":3.0,"extreme_pct":17.0,"nighttime_stress_f":-5.1,"daytime_peak_f_climrel":0.1716,"heat_anomaly_f_climrel":0.1716,"nighttime_stress_f_climrel":-0.3,"extreme_pct_climrel":0.425,"ref_daytime_hi_mean":84.1,"ref_daytime_hi_p95":97.6,"rwi_mean":null,"health_per_10k":1.4940983116689077,"built_frac":0.357,"tree_frac":0.546,"canopy_frac_over_3m":0.323,"viirs_mean":18.4,"gdl_hdi":0.961,"gdl_region":"Massachusetts","ghsl_smod":30,"lst_anomaly_c":-0.66,"lst_anomaly_c_climrel":0,"worldpop_pop_total":2999.0,"frac_under5":4.7,"frac_elderly_65plus":19.9,"frac_elderly_75plus":9.1,"old_age_dependency_ratio":0.33,"has_data":true},"geometry":{"type":"Polygon","coordinates":[[[-71.175491,42.39577],[-71.17549,42.396038],[-71.168423,42.395965],[-71.158785,42.395871],[-71.156362,42.395852],[-71.156385,42.395823],[-71.158387,42.394593],[-71.157317,42.390953],[-71.158229,42.386909],[-71.160398,42.386542],[-71.160332,42.386444],[-71.160832,42.3865],[-71.165259,42.385999],[-71.167535,42.386402],[-71.169405,42.386436],[-71.171645,42.38654],[-71.174932,42.386245],[-71.173759,42.390109],[-71.174135,42.392393],[-71.174557,42.392787],[-71.176556,42.395137],[-71.175491,42.39577]]]}},{"type":"Feature","properties":{"unit_id":"25017358500","name":"Census Tract 3585 \u2014 Middlesex","native_id":"25017358500","source":"census_tract_2025","adm3_name":"Middlesex County","adm3_id":"25017","area_sqm":6777977,"split":false,"population":3517.0,"days_covered":18,"daytime_peak_f":87.1,"heat_anomaly_f":3.0,"extreme_pct":17.0,"nighttime_stress_f":-5.1,"daytime_peak_f_climrel":0.1716,"heat_anomaly_f_climrel":0.1716,"nighttime_stress_f_climrel":-0.3,"extreme_pct_climrel":0.425,"ref_daytime_hi_mean":84.1,"ref_daytime_hi_p95":97.6,"rwi_mean":null,"health_per_10k":2.8433323855558714,"built_frac":0.063,"tree_frac":0.906,"canopy_frac_over_3m":0.648,"viirs_mean":6.5,"gdl_hdi":0.961,"gdl_region":"Massachusetts","ghsl_smod":21,"lst_anomaly_c":-5.74,"lst_anomaly_c_climrel":0,"worldpop_pop_total":5670.0,"frac_under5":3.1,"frac_elderly_65plus":23.5,"frac_elderly_75plus":11.9,"old_age_dependency_ratio":0.406,"has_data":true},"geometry":{"type":"Polygon","coordinates":[[[-71.220008,42.448581],[-71.220405,42.450625],[-71.21877,42.451509],[-71.218102,42.452973],[-71.217775,42.454151],[-71.217394,42.456017],[-71.216871,42.456917],[-71.21654,42.457294],[-71.215474,42.45796],[-71.21487,42.45864],[-71.214439,42.46012],[-71.21344,42.460054],[-71.215007,42.461815],[-71.21468,42.464436],[-71.212243,42.46635],[-71.211859,42.466518],[-71.210556,42.4677],[-71.210223,42.470727],[-71.204317,42.465845],[-71.206967,42.463624],[-71.206141,42.462986],[-71.202131,42.459854],[-71.198446,42.456982],[-71.196011,42.454275],[-71.195413,42.45359],[-71.193236,42.452643],[-71.190566,42.450455],[-71.189635,42.44983],[-71.185713,42.445004],[-71.183948,42.444289],[-71.183459,42.444187],[-71.183486,42.444117],[-71.182378,42.443499],[-71.177885,42.440201],[-71.182277,42.436279],[-71.184768,42.433275],[-71.189405,42.428307],[-71.191367,42.433691],[-71.196283,42.436177],[-71.197548,42.437729],[-71.203026,42.440113],[-71.209084,42.435568],[-71.216383,42.444568],[-71.218657,42.445969],[-71.220004,42.446374],[-71.220621,42.446322],[-71.220008,42.448581]]]}},{"type":"Feature","properties":{"unit_id":"25017353101","name":"Census Tract 3531.01 \u2014 Middlesex","native_id":"25017353101","source":"census_tract_2025","adm3_name":"Middlesex County","adm3_id":"25017","area_sqm":456358,"split":false,"population":10941.0,"days_covered":18,"daytime_peak_f":86.4,"heat_anomaly_f":3.6,"extreme_pct":22.0,"nighttime_stress_f":-3.6,"daytime_peak_f_climrel":0.1994,"heat_anomaly_f_climrel":0.1994,"nighttime_stress_f_climrel":-0.2085,"extreme_pct_climrel":0.55,"ref_daytime_hi_mean":82.8,"ref_daytime_hi_p95":97.0,"rwi_mean":null,"health_per_10k":1.8279864729001005,"built_frac":0.934,"tree_frac":0.062,"canopy_frac_over_3m":0.084,"viirs_mean":96.4,"gdl_hdi":0.961,"gdl_region":"Massachusetts","ghsl_smod":30,"lst_anomaly_c":4.79,"lst_anomaly_c_climrel":0.5988,"worldpop_pop_total":3590.0,"frac_under5":3.0,"frac_elderly_65plus":10.9,"frac_elderly_75plus":4.4,"old_age_dependency_ratio":0.134,"has_data":true},"geometry":{"type":"Polygon","coordinates":[[[-71.105726,42.364899],[-71.104864,42.365175],[-71.104203,42.365362],[-71.103953,42.365561],[-71.102033,42.364432],[-71.101438,42.36503],[-71.100719,42.366029],[-71.098802,42.365406],[-71.096275,42.364881],[-71.09674,42.363204],[-71.090785,42.362746],[-71.095412,42.360501],[-71.09934,42.35856],[-71.100125,42.358985],[-71.101002,42.359492],[-71.102478,42.36035],[-71.100783,42.361871],[-71.102432,42.362863],[-71.102953,42.362309],[-71.104306,42.363136],[-71.105702,42.363979],[-71.106679,42.364557],[-71.105726,42.364899]]]}},{"type":"Feature","properties":{"unit_id":"25025000502","name":"Census Tract 5.02 \u2014 Suffolk","native_id":"25025000502","source":"census_tract_2025","adm3_name":"Suffolk County","adm3_id":"25025","area_sqm":847705,"split":false,"population":5949.0,"days_covered":18,"daytime_peak_f":87.1,"heat_anomaly_f":2.7,"extreme_pct":17.0,"nighttime_stress_f":-5.4,"daytime_peak_f_climrel":0.1532,"heat_anomaly_f_climrel":0.1532,"nighttime_stress_f_climrel":-0.3,"extreme_pct_climrel":0.425,"ref_daytime_hi_mean":84.4,"ref_daytime_hi_p95":98.1,"rwi_mean":null,"health_per_10k":1.6809547823163558,"built_frac":0.369,"tree_frac":0.25,"canopy_frac_over_3m":0.218,"viirs_mean":32.2,"gdl_hdi":0.961,"gdl_region":"Massachusetts","ghsl_smod":30,"lst_anomaly_c":-2.3,"lst_anomaly_c_climrel":0,"worldpop_pop_total":6932.0,"frac_under5":1.5,"frac_elderly_65plus":8.6,"frac_elderly_75plus":4.6,"old_age_dependency_ratio":0.098,"has_data":true},"geometry":{"type":"Polygon","coordinates":[[[-71.168936,42.338449],[-71.16674,42.339854],[-71.166699,42.340009],[-71.166126,42.340088],[-71.164579,42.340218],[-71.159758,42.340058],[-71.157878,42.33973],[-71.157528,42.339782],[-71.155288,42.340337],[-71.154734,42.341206],[-71.153778,42.340855],[-71.151382,42.340423],[-71.152587,42.338896],[-71.152741,42.338646],[-71.153365,42.338185],[-71.152262,42.337185],[-71.150658,42.337495],[-71.149839,42.337665],[-71.150309,42.336842],[-71.148701,42.337267],[-71.147266,42.337201],[-71.148482,42.336253],[-71.148295,42.335807],[-71.150104,42.335282],[-71.149853,42.334635],[-71.156262,42.330847],[-71.157036,42.33039],[-71.160917,42.333639],[-71.162732,42.333961],[-71.167565,42.333441],[-71.168886,42.335826],[-71.168936,42.338449]]]}},{"type":"Feature","properties":{"unit_id":"25017370104","name":"Census Tract 3701.04 \u2014 Middlesex","native_id":"25017370104","source":"census_tract_2025","adm3_name":"Middlesex County","adm3_id":"25017","area_sqm":1314673,"split":false,"population":4173.0,"days_covered":18,"daytime_peak_f":87.1,"heat_anomaly_f":3.0,"extreme_pct":17.0,"nighttime_stress_f":-5.1,"daytime_peak_f_climrel":0.1716,"heat_anomaly_f_climrel":0.1716,"nighttime_stress_f_climrel":-0.3,"extreme_pct_climrel":0.425,"ref_daytime_hi_mean":84.1,"ref_daytime_hi_p95":97.6,"rwi_mean":null,"health_per_10k":2.3963575365444525,"built_frac":0.602,"tree_frac":0.309,"canopy_frac_over_3m":0.225,"viirs_mean":32.6,"gdl_hdi":0.961,"gdl_region":"Massachusetts","ghsl_smod":30,"lst_anomaly_c":2.91,"lst_anomaly_c_climrel":0.3638,"worldpop_pop_total":4139.0,"frac_under5":5.6,"frac_elderly_65plus":14.9,"frac_elderly_75plus":6.1,"old_age_dependency_ratio":0.205,"has_data":true},"geometry":{"type":"Polygon","coordinates":[[[-71.217061,42.366569],[-71.211485,42.371312],[-71.208515,42.37385],[-71.203133,42.373318],[-71.201127,42.372796],[-71.199414,42.371987],[-71.195332,42.371011],[-71.194368,42.372731],[-71.190891,42.371604],[-71.191391,42.369874],[-71.193108,42.367066],[-71.195206,42.367734],[-71.196331,42.367178],[-71.198355,42.367392],[-71.202029,42.36582],[-71.204486,42.365785],[-71.207221,42.364137],[-71.213283,42.364959],[-71.216341,42.365848],[-71.217061,42.366569]]]}},{"type":"Feature","properties":{"unit_id":"25017373100","name":"Census Tract 3731 \u2014 Middlesex","native_id":"25017373100","source":"census_tract_2025","adm3_name":"Middlesex County","adm3_id":"25017","area_sqm":1648775,"split":false,"population":6838.0,"days_covered":18,"daytime_peak_f":87.1,"heat_anomaly_f":3.0,"extreme_pct":17.0,"nighttime_stress_f":-5.1,"daytime_peak_f_climrel":0.1716,"heat_anomaly_f_climrel":0.1716,"nighttime_stress_f_climrel":-0.3,"extreme_pct_climrel":0.425,"ref_daytime_hi_mean":84.1,"ref_daytime_hi_p95":97.6,"rwi_mean":null,"health_per_10k":0.0,"built_frac":0.432,"tree_frac":0.491,"canopy_frac_over_3m":0.327,"viirs_mean":27.4,"gdl_hdi":0.961,"gdl_region":"Massachusetts","ghsl_smod":30,"lst_anomaly_c":-0.06,"lst_anomaly_c_climrel":0,"worldpop_pop_total":5027.0,"frac_under5":5.3,"frac_elderly_65plus":17.8,"frac_elderly_75plus":8.3,"old_age_dependency_ratio":0.267,"has_data":true},"geometry":{"type":"Polygon","coordinates":[[[-71.195678,42.354861],[-71.195265,42.354948],[-71.195111,42.355904],[-71.195345,42.357262],[-71.195217,42.358823],[-71.193092,42.361052],[-71.190231,42.360384],[-71.185229,42.359196],[-71.18368,42.358829],[-71.182374,42.360406],[-71.182126,42.360681],[-71.175272,42.359272],[-71.172754,42.359331],[-71.168653,42.360206],[-71.167625,42.360073],[-71.169474,42.358047],[-71.171387,42.356089],[-71.173935,42.353397],[-71.174798,42.350265],[-71.180083,42.352786],[-71.181944,42.352884],[-71.181888,42.351254],[-71.184168,42.353084],[-71.186049,42.351515],[-71.189286,42.352993],[-71.192153,42.353026],[-71.192857,42.351306],[-71.195494,42.351674],[-71.196806,42.353808],[-71.195678,42.354861]]]}},{"type":"Feature","properties":{"unit_id":"25025100300","name":"Census Tract 1003 \u2014 Suffolk","native_id":"25025100300","source":"census_tract_2025","adm3_name":"Suffolk County","adm3_id":"25025","area_sqm":491877,"split":false,"population":4638.0,"days_covered":18,"daytime_peak_f":87.3,"heat_anomaly_f":2.9,"extreme_pct":17.0,"nighttime_stress_f":-5.1,"daytime_peak_f_climrel":0.1686,"heat_anomaly_f_climrel":0.1686,"nighttime_stress_f_climrel":-0.3,"extreme_pct_climrel":0.425,"ref_daytime_hi_mean":84.4,"ref_daytime_hi_p95":98.1,"rwi_mean":null,"health_per_10k":0.0,"built_frac":0.63,"tree_frac":0.364,"canopy_frac_over_3m":0.197,"viirs_mean":44.3,"gdl_hdi":0.961,"gdl_region":"Massachusetts","ghsl_smod":30,"lst_anomaly_c":2.29,"lst_anomaly_c_climrel":0.2863,"worldpop_pop_total":3918.0,"frac_under5":6.3,"frac_elderly_65plus":15.0,"frac_elderly_75plus":6.2,"old_age_dependency_ratio":0.229,"has_data":true},"geometry":{"type":"Polygon","coordinates":[[[-71.083818,42.283238],[-71.082796,42.284533],[-71.082052,42.285272],[-71.079862,42.28726],[-71.079187,42.288137],[-71.078537,42.289335],[-71.077813,42.28799],[-71.077085,42.284425],[-71.076631,42.283775],[-71.076257,42.28316],[-71.076027,42.281806],[-71.075253,42.27968],[-71.07796,42.27905],[-71.078891,42.278567],[-71.080438,42.27896],[-71.081102,42.279394],[-71.082634,42.280368],[-71.082735,42.280409],[-71.085504,42.280991],[-71.083818,42.283238]]]}},{"type":"Feature","properties":{"unit_id":"25017338200","name":"Census Tract 3382 \u2014 Middlesex","native_id":"25017338200","source":"census_tract_2025","adm3_name":"Middlesex County","adm3_id":"25017","area_sqm":1693141,"split":false,"population":6867.0,"days_covered":18,"daytime_peak_f":86.5,"heat_anomaly_f":4.0,"extreme_pct":17.0,"nighttime_stress_f":-3.3,"daytime_peak_f_climrel":0.2318,"heat_anomaly_f_climrel":0.2318,"nighttime_stress_f_climrel":-0.1839,"extreme_pct_climrel":0.425,"ref_daytime_hi_mean":82.5,"ref_daytime_hi_p95":96.1,"rwi_mean":null,"health_per_10k":8.73743993010048,"built_frac":0.402,"tree_frac":0.5,"canopy_frac_over_3m":0.321,"viirs_mean":22.3,"gdl_hdi":0.961,"gdl_region":"Massachusetts","ghsl_smod":30,"lst_anomaly_c":1.65,"lst_anomaly_c_climrel":0.2062,"worldpop_pop_total":4368.0,"frac_under5":5.8,"frac_elderly_65plus":18.0,"frac_elderly_75plus":10.7,"old_age_dependency_ratio":0.295,"has_data":true},"geometry":{"type":"Polygon","coordinates":[[[-71.150544,42.464295],[-71.146008,42.465801],[-71.137902,42.468581],[-71.133926,42.469942],[-71.123772,42.473395],[-71.125775,42.466566],[-71.126543,42.465336],[-71.129124,42.466226],[-71.131445,42.467518],[-71.132681,42.464437],[-71.134688,42.459266],[-71.135687,42.455976],[-71.137012,42.453019],[-71.137307,42.453307],[-71.138384,42.456957],[-71.138897,42.456871],[-71.144778,42.459446],[-71.146267,42.460769],[-71.147179,42.460573],[-71.148584,42.460676],[-71.150544,42.464295]]]}},{"type":"Feature","properties":{"unit_id":"25017354800","name":"Census Tract 3548 \u2014 Middlesex","native_id":"25017354800","source":"census_tract_2025","adm3_name":"Middlesex County","adm3_id":"25017","area_sqm":310508,"split":false,"population":4634.0,"days_covered":18,"daytime_peak_f":86.4,"heat_anomaly_f":3.6,"extreme_pct":22.0,"nighttime_stress_f":-3.6,"daytime_peak_f_climrel":0.1994,"heat_anomaly_f_climrel":0.1994,"nighttime_stress_f_climrel":-0.2085,"extreme_pct_climrel":0.55,"ref_daytime_hi_mean":82.8,"ref_daytime_hi_p95":97.0,"rwi_mean":null,"health_per_10k":4.315925766076823,"built_frac":0.59,"tree_frac":0.377,"canopy_frac_over_3m":0.276,"viirs_mean":34.7,"gdl_hdi":0.961,"gdl_region":"Massachusetts","ghsl_smod":30,"lst_anomaly_c":3.25,"lst_anomaly_c_climrel":0.4062,"worldpop_pop_total":2420.0,"frac_under5":4.6,"frac_elderly_65plus":15.2,"frac_elderly_75plus":5.7,"old_age_dependency_ratio":0.206,"has_data":true},"geometry":{"type":"Polygon","coordinates":[[[-71.13081,42.393601],[-71.130854,42.395785],[-71.130905,42.397743],[-71.130905,42.397903],[-71.130319,42.397395],[-71.129463,42.396627],[-71.128744,42.39601],[-71.125015,42.392649],[-71.123934,42.391723],[-71.123323,42.391332],[-71.124703,42.389381],[-71.127685,42.389851],[-71.129006,42.390072],[-71.130342,42.390303],[-71.131037,42.393383],[-71.13081,42.393601]]]}},{"type":"Feature","properties":{"unit_id":"25017354400","name":"Census Tract 3544 \u2014 Middlesex","native_id":"25017354400","source":"census_tract_2025","adm3_name":"Middlesex County","adm3_id":"25017","area_sqm":295800,"split":false,"population":1233.2653046761611,"days_covered":18,"daytime_peak_f":86.4,"heat_anomaly_f":3.6,"extreme_pct":22.0,"nighttime_stress_f":-3.6,"daytime_peak_f_climrel":0.1994,"heat_anomaly_f_climrel":0.1994,"nighttime_stress_f_climrel":-0.2085,"extreme_pct_climrel":0.55,"ref_daytime_hi_mean":82.8,"ref_daytime_hi_p95":97.0,"rwi_mean":null,"health_per_10k":0.0,"built_frac":0.582,"tree_frac":0.371,"canopy_frac_over_3m":0.292,"viirs_mean":29.3,"gdl_hdi":0.961,"gdl_region":"Massachusetts","ghsl_smod":30,"lst_anomaly_c":1.42,"lst_anomaly_c_climrel":0.1775,"worldpop_pop_total":1682.0,"frac_under5":5.5,"frac_elderly_65plus":20.9,"frac_elderly_75plus":8.3,"old_age_dependency_ratio":0.324,"has_data":true},"geometry":{"type":"Polygon","coordinates":[[[-71.141637,42.38719],[-71.141017,42.386907],[-71.135794,42.3846],[-71.134087,42.38384],[-71.132855,42.383276],[-71.131023,42.38241],[-71.13217,42.38151],[-71.137318,42.381306],[-71.138776,42.38117],[-71.140007,42.380935],[-71.141274,42.384526],[-71.141095,42.386266],[-71.14164,42.387051],[-71.141637,42.38719]]]}},{"type":"Feature","properties":{"unit_id":"25017317203","name":"Census Tract 3172.03 \u2014 Middlesex","native_id":"25017317203","source":"census_tract_2025","adm3_name":"Middlesex County","adm3_id":"25017","area_sqm":4467845,"split":false,"population":6104.0,"days_covered":18,"daytime_peak_f":86.9,"heat_anomaly_f":2.6,"extreme_pct":17.0,"nighttime_stress_f":-6.2,"daytime_peak_f_climrel":0.155,"heat_anomaly_f_climrel":0.155,"nighttime_stress_f_climrel":-0.3,"extreme_pct_climrel":0.425,"ref_daytime_hi_mean":84.3,"ref_daytime_hi_p95":96.8,"rwi_mean":null,"health_per_10k":4.91480996068152,"built_frac":0.281,"tree_frac":0.644,"canopy_frac_over_3m":0.446,"viirs_mean":16.0,"gdl_hdi":0.961,"gdl_region":"Massachusetts","ghsl_smod":21,"lst_anomaly_c":-1.68,"lst_anomaly_c_climrel":0,"worldpop_pop_total":4178.0,"frac_under5":5.2,"frac_elderly_65plus":24.2,"frac_elderly_75plus":13.0,"old_age_dependency_ratio":0.409,"has_data":true},"geometry":{"type":"Polygon","coordinates":[[[-71.365734,42.621583],[-71.365223,42.622241],[-71.364515,42.623151],[-71.359943,42.625972],[-71.351799,42.622777],[-71.328834,42.613774],[-71.32838,42.613465],[-71.327936,42.613155],[-71.325654,42.613163],[-71.327816,42.61226],[-71.338873,42.606564],[-71.341988,42.60484],[-71.347907,42.600672],[-71.353071,42.599467],[-71.353747,42.601803],[-71.353946,42.603152],[-71.354968,42.605314],[-71.357094,42.607565],[-71.35789,42.610851],[-71.359908,42.612933],[-71.362098,42.614984],[-71.363561,42.616035],[-71.366063,42.619975],[-71.365734,42.621583]]]}},{"type":"Feature","properties":{"unit_id":"25025130406","name":"Census Tract 1304.06 \u2014 Suffolk","native_id":"25025130406","source":"census_tract_2025","adm3_name":"Suffolk County","adm3_id":"25025","area_sqm":1052305,"split":false,"population":2944.0,"days_covered":18,"daytime_peak_f":87.1,"heat_anomaly_f":2.7,"extreme_pct":17.0,"nighttime_stress_f":-5.4,"daytime_peak_f_climrel":0.1532,"heat_anomaly_f_climrel":0.1532,"nighttime_stress_f_climrel":-0.3,"extreme_pct_climrel":0.425,"ref_daytime_hi_mean":84.4,"ref_daytime_hi_p95":98.1,"rwi_mean":null,"health_per_10k":0.0,"built_frac":0.442,"tree_frac":0.475,"canopy_frac_over_3m":0.391,"viirs_mean":17.5,"gdl_hdi":0.961,"gdl_region":"Massachusetts","ghsl_smod":30,"lst_anomaly_c":-1.52,"lst_anomaly_c_climrel":0,"worldpop_pop_total":5684.0,"frac_under5":7.4,"frac_elderly_65plus":16.2,"frac_elderly_75plus":6.8,"old_age_dependency_ratio":0.267,"has_data":true},"geometry":{"type":"Polygon","coordinates":[[[-71.161574,42.257546],[-71.157521,42.26074],[-71.157052,42.261202],[-71.151124,42.266666],[-71.150086,42.267577],[-71.146434,42.264583],[-71.146999,42.26142],[-71.145529,42.259229],[-71.144116,42.25932],[-71.142834,42.255943],[-71.143804,42.254436],[-71.146127,42.252964],[-71.146306,42.253933],[-71.146642,42.255755],[-71.150386,42.25746],[-71.152118,42.258247],[-71.155958,42.256485],[-71.158584,42.255155],[-71.161574,42.257546]]]}},{"type":"Feature","properties":{"unit_id":"25017370301","name":"Census Tract 3703.01 \u2014 Middlesex","native_id":"25017370301","source":"census_tract_2025","adm3_name":"Middlesex County","adm3_id":"25017","area_sqm":1694426,"split":false,"population":3597.0,"days_covered":18,"daytime_peak_f":87.1,"heat_anomaly_f":3.0,"extreme_pct":17.0,"nighttime_stress_f":-5.1,"daytime_peak_f_climrel":0.1716,"heat_anomaly_f_climrel":0.1716,"nighttime_stress_f_climrel":-0.3,"extreme_pct_climrel":0.425,"ref_daytime_hi_mean":84.1,"ref_daytime_hi_p95":97.6,"rwi_mean":null,"health_per_10k":2.7800945232137892,"built_frac":0.487,"tree_frac":0.476,"canopy_frac_over_3m":0.362,"viirs_mean":30.3,"gdl_hdi":0.961,"gdl_region":"Massachusetts","ghsl_smod":30,"lst_anomaly_c":0.11,"lst_anomaly_c_climrel":0.0138,"worldpop_pop_total":4372.0,"frac_under5":4.9,"frac_elderly_65plus":18.7,"frac_elderly_75plus":9.5,"old_age_dependency_ratio":0.267,"has_data":true},"geometry":{"type":"Polygon","coordinates":[[[-71.166659,42.36444],[-71.165849,42.366126],[-71.165941,42.366858],[-71.165025,42.370613],[-71.160266,42.37033],[-71.158926,42.370611],[-71.161025,42.373369],[-71.159661,42.374203],[-71.160942,42.37665],[-71.160189,42.376501],[-71.158345,42.376056],[-71.155414,42.375157],[-71.154373,42.375095],[-71.150301,42.374483],[-71.149864,42.374451],[-71.145937,42.375195],[-71.145695,42.375217],[-71.143831,42.375278],[-71.143925,42.374074],[-71.139992,42.373569],[-71.140599,42.370017],[-71.142461,42.367017],[-71.1439,42.365628],[-71.147032,42.365432],[-71.149994,42.368934],[-71.15399,42.370448],[-71.155839,42.367823],[-71.157583,42.36582],[-71.159201,42.364956],[-71.161062,42.364388],[-71.166857,42.364113],[-71.166659,42.36444]]]}},{"type":"Feature","properties":{"unit_id":"25017356701","name":"Census Tract 3567.01 \u2014 Middlesex","native_id":"25017356701","source":"census_tract_2025","adm3_name":"Middlesex County","adm3_id":"25017","area_sqm":1136104,"split":false,"population":5079.0,"days_covered":18,"daytime_peak_f":86.4,"heat_anomaly_f":3.6,"extreme_pct":22.0,"nighttime_stress_f":-3.6,"daytime_peak_f_climrel":0.1994,"heat_anomaly_f_climrel":0.1994,"nighttime_stress_f_climrel":-0.2085,"extreme_pct_climrel":0.55,"ref_daytime_hi_mean":82.8,"ref_daytime_hi_p95":97.0,"rwi_mean":null,"health_per_10k":29.533372711163615,"built_frac":0.63,"tree_frac":0.295,"canopy_frac_over_3m":0.251,"viirs_mean":19.2,"gdl_hdi":0.961,"gdl_region":"Massachusetts","ghsl_smod":30,"lst_anomaly_c":2.26,"lst_anomaly_c_climrel":0.2825,"worldpop_pop_total":6255.0,"frac_under5":5.6,"frac_elderly_65plus":17.4,"frac_elderly_75plus":7.9,"old_age_dependency_ratio":0.255,"has_data":true},"geometry":{"type":"Polygon","coordinates":[[[-71.153287,42.415441],[-71.151393,42.414656],[-71.147187,42.413049],[-71.144338,42.411877],[-71.143274,42.411435],[-71.142476,42.4111],[-71.14153,42.410688],[-71.137452,42.408721],[-71.13706,42.408543],[-71.133869,42.407042],[-71.134528,42.405813],[-71.134635,42.404259],[-71.135089,42.402492],[-71.136253,42.401071],[-71.136969,42.401488],[-71.140239,42.404169],[-71.141734,42.405351],[-71.142264,42.405763],[-71.146119,42.404533],[-71.146843,42.404331],[-71.148585,42.404064],[-71.150044,42.403772],[-71.151339,42.407349],[-71.148815,42.405968],[-71.149831,42.410402],[-71.151496,42.41151],[-71.153205,42.411282],[-71.155702,42.41349],[-71.153287,42.415441]]]}},{"type":"Feature","properties":{"unit_id":"25017386100","name":"Census Tract 3861 \u2014 Middlesex","native_id":"25017386100","source":"census_tract_2025","adm3_name":"Middlesex County","adm3_id":"25017","area_sqm":40890895,"split":false,"population":3720.0,"days_covered":18,"daytime_peak_f":86.6,"heat_anomaly_f":2.4,"extreme_pct":17.0,"nighttime_stress_f":-6.0,"daytime_peak_f_climrel":0.1474,"heat_anomaly_f_climrel":0.1474,"nighttime_stress_f_climrel":-0.3,"extreme_pct_climrel":0.425,"ref_daytime_hi_mean":84.2,"ref_daytime_hi_p95":96.3,"rwi_mean":null,"health_per_10k":0.0,"built_frac":0.01,"tree_frac":0.879,"canopy_frac_over_3m":0.712,"viirs_mean":2.4,"gdl_hdi":0.961,"gdl_region":"Massachusetts","ghsl_smod":12,"lst_anomaly_c":-8.46,"lst_anomaly_c_climrel":0,"worldpop_pop_total":4393.0,"frac_under5":4.7,"frac_elderly_65plus":18.0,"frac_elderly_75plus":7.9,"old_age_dependency_ratio":0.295,"has_data":true},"geometry":{"type":"Polygon","coordinates":[[[-71.418303,42.246504],[-71.419298,42.257281],[-71.417069,42.257721],[-71.408591,42.259393],[-71.397769,42.261528],[-71.39362,42.267365],[-71.393594,42.267388],[-71.390365,42.271916],[-71.386899,42.2713],[-71.381728,42.270383],[-71.376833,42.269489],[-71.361243,42.264815],[-71.356607,42.263035],[-71.357109,42.261594],[-71.356412,42.259558],[-71.354267,42.258361],[-71.353938,42.257065],[-71.351776,42.255816],[-71.344932,42.25384],[-71.341777,42.253537],[-71.342459,42.250455],[-71.332434,42.247729],[-71.329436,42.245302],[-71.329772,42.242593],[-71.330777,42.241051],[-71.331185,42.237585],[-71.329695,42.233328],[-71.331731,42.231437],[-71.333581,42.230397],[-71.336746,42.227493],[-71.341012,42.224472],[-71.341657,42.221922],[-71.343166,42.220613],[-71.340966,42.218108],[-71.338623,42.216894],[-71.338505,42.21523],[-71.339954,42.213873],[-71.34681,42.215589],[-71.348316,42.214889],[-71.349983,42.213951],[-71.351479,42.211546],[-71.352156,42.207371],[-71.3507,42.205783],[-71.346541,42.204641],[-71.346815,42.203557],[-71.34417,42.200703],[-71.361986,42.195761],[-71.378391,42.193472],[-71.384765,42.192014],[-71.380182,42.201759],[-71.388206,42.204303],[-71.389606,42.208614],[-71.391706,42.209742],[-71.393923,42.207089],[-71.397044,42.207861],[-71.397529,42.210302],[-71.402227,42.213131],[-71.403709,42.214861],[-71.401953,42.21542],[-71.407331,42.218164],[-71.409285,42.218611],[-71.410022,42.218749],[-71.410091,42.219816],[-71.408631,42.221718],[-71.40968,42.224014],[-71.410064,42.226397],[-71.412339,42.227885],[-71.413045,42.229639],[-71.412734,42.230748],[-71.413551,42.234815],[-71.416491,42.236678],[-71.417436,42.237958],[-71.420075,42.238123],[-71.418303,42.246504]]]}},{"type":"Feature","properties":{"unit_id":"25017366201","name":"Census Tract 3662.01 \u2014 Middlesex","native_id":"25017366201","source":"census_tract_2025","adm3_name":"Middlesex County","adm3_id":"25017","area_sqm":13986626,"split":false,"population":2490.0,"days_covered":18,"daytime_peak_f":86.7,"heat_anomaly_f":2.9,"extreme_pct":17.0,"nighttime_stress_f":-5.9,"daytime_peak_f_climrel":0.179,"heat_anomaly_f_climrel":0.179,"nighttime_stress_f_climrel":-0.3,"extreme_pct_climrel":0.425,"ref_daytime_hi_mean":83.8,"ref_daytime_hi_p95":96.1,"rwi_mean":null,"health_per_10k":0.0,"built_frac":0.008,"tree_frac":0.839,"canopy_frac_over_3m":0.616,"viirs_mean":1.9,"gdl_hdi":0.961,"gdl_region":"Massachusetts","ghsl_smod":12,"lst_anomaly_c":-7.79,"lst_anomaly_c_climrel":0,"worldpop_pop_total":3709.0,"frac_under5":5.7,"frac_elderly_65plus":18.2,"frac_elderly_75plus":6.8,"old_age_dependency_ratio":0.309,"has_data":true},"geometry":{"type":"Polygon","coordinates":[[[-71.383484,42.376612],[-71.382973,42.378212],[-71.384037,42.37998],[-71.381364,42.38342],[-71.378829,42.384434],[-71.378537,42.385803],[-71.377256,42.386705],[-71.377191,42.387818],[-71.375472,42.388679],[-71.372818,42.387205],[-71.372153,42.389366],[-71.370086,42.388537],[-71.369005,42.389863],[-71.365716,42.3894],[-71.364526,42.390344],[-71.365313,42.391231],[-71.364026,42.392382],[-71.362839,42.391805],[-71.361976,42.392627],[-71.362304,42.393875],[-71.361779,42.396009],[-71.36393,42.39621],[-71.369448,42.397853],[-71.370005,42.398519],[-71.367228,42.400196],[-71.370076,42.401055],[-71.368088,42.403918],[-71.37037,42.405077],[-71.373922,42.405762],[-71.374722,42.407582],[-71.374337,42.408165],[-71.367337,42.410883],[-71.367427,42.41214],[-71.36634,42.41272],[-71.341222,42.402839],[-71.332599,42.399441],[-71.334569,42.396114],[-71.335878,42.393942],[-71.334986,42.386237],[-71.332887,42.367818],[-71.361473,42.364429],[-71.367812,42.368961],[-71.371129,42.372482],[-71.374164,42.374123],[-71.381608,42.374162],[-71.387474,42.375406],[-71.383484,42.376612]]]}},{"type":"Feature","properties":{"unit_id":"25017368200","name":"Census Tract 3682 \u2014 Middlesex","native_id":"25017368200","source":"census_tract_2025","adm3_name":"Middlesex County","adm3_id":"25017","area_sqm":6687731,"split":false,"population":14876.0,"days_covered":18,"daytime_peak_f":87.0,"heat_anomaly_f":2.7,"extreme_pct":17.0,"nighttime_stress_f":-5.7,"daytime_peak_f_climrel":0.1573,"heat_anomaly_f_climrel":0.1573,"nighttime_stress_f_climrel":-0.3,"extreme_pct_climrel":0.425,"ref_daytime_hi_mean":84.4,"ref_daytime_hi_p95":97.5,"rwi_mean":null,"health_per_10k":3.3611185802635117,"built_frac":0.354,"tree_frac":0.595,"canopy_frac_over_3m":0.478,"viirs_mean":31.9,"gdl_hdi":0.961,"gdl_region":"Massachusetts","ghsl_smod":30,"lst_anomaly_c":-1.93,"lst_anomaly_c_climrel":0,"worldpop_pop_total":4224.0,"frac_under5":4.8,"frac_elderly_65plus":19.4,"frac_elderly_75plus":8.0,"old_age_dependency_ratio":0.294,"has_data":true},"geometry":{"type":"Polygon","coordinates":[[[-71.281416,42.41218],[-71.274421,42.409877],[-71.273865,42.410901],[-71.271882,42.407498],[-71.272112,42.405023],[-71.274387,42.401986],[-71.275195,42.399335],[-71.271841,42.398174],[-71.268854,42.39798],[-71.266443,42.396976],[-71.263136,42.39735],[-71.257874,42.396924],[-71.253848,42.397468],[-71.251272,42.397256],[-71.250458,42.396957],[-71.240716,42.390292],[-71.239248,42.389782],[-71.240018,42.388326],[-71.242139,42.381494],[-71.242214,42.380563],[-71.245573,42.38023],[-71.246649,42.379922],[-71.250223,42.37808],[-71.251458,42.377614],[-71.253524,42.377289],[-71.255297,42.377315],[-71.260901,42.377696],[-71.26977,42.374632],[-71.275119,42.375918],[-71.275992,42.375888],[-71.267761,42.390141],[-71.276172,42.392916],[-71.279583,42.398752],[-71.282825,42.399728],[-71.281205,42.402691],[-71.286031,42.404097],[-71.281416,42.41218]]]}},{"type":"Feature","properties":{"unit_id":"25017363202","name":"Census Tract 3632.02 \u2014 Middlesex","native_id":"25017363202","source":"census_tract_2025","adm3_name":"Middlesex County","adm3_id":"25017","area_sqm":6166481,"split":false,"population":5494.0,"days_covered":18,"daytime_peak_f":86.7,"heat_anomaly_f":2.7,"extreme_pct":17.0,"nighttime_stress_f":-6.7,"daytime_peak_f_climrel":0.1665,"heat_anomaly_f_climrel":0.1665,"nighttime_stress_f_climrel":-0.3,"extreme_pct_climrel":0.425,"ref_daytime_hi_mean":84.1,"ref_daytime_hi_p95":95.7,"rwi_mean":null,"health_per_10k":1.8201674554058973,"built_frac":0.114,"tree_frac":0.816,"canopy_frac_over_3m":0.574,"viirs_mean":6.1,"gdl_hdi":0.961,"gdl_region":"Massachusetts","ghsl_smod":21,"lst_anomaly_c":-4.95,"lst_anomaly_c_climrel":0,"worldpop_pop_total":3731.0,"frac_under5":5.0,"frac_elderly_65plus":15.4,"frac_elderly_75plus":5.7,"old_age_dependency_ratio":0.236,"has_data":true},"geometry":{"type":"Polygon","coordinates":[[[-71.481996,42.487854],[-71.473813,42.499764],[-71.463001,42.493622],[-71.461877,42.492773],[-71.459821,42.491033],[-71.454479,42.486302],[-71.450822,42.48128],[-71.44847,42.477967],[-71.45294,42.475614],[-71.453764,42.474867],[-71.455966,42.469893],[-71.456499,42.463926],[-71.456291,42.463108],[-71.45447,42.460033],[-71.462041,42.460945],[-71.463807,42.461473],[-71.467191,42.463637],[-71.468575,42.465616],[-71.473148,42.476101],[-71.473565,42.476946],[-71.475527,42.480329],[-71.481996,42.487854]]]}},{"type":"Feature","properties":{"unit_id":"25025091700","name":"Census Tract 917 \u2014 Suffolk","native_id":"25025091700","source":"census_tract_2025","adm3_name":"Suffolk County","adm3_id":"25025","area_sqm":288865,"split":false,"population":4090.0,"days_covered":18,"daytime_peak_f":87.3,"heat_anomaly_f":2.9,"extreme_pct":17.0,"nighttime_stress_f":-5.1,"daytime_peak_f_climrel":0.1686,"heat_anomaly_f_climrel":0.1686,"nighttime_stress_f_climrel":-0.3,"extreme_pct_climrel":0.425,"ref_daytime_hi_mean":84.4,"ref_daytime_hi_p95":98.1,"rwi_mean":null,"health_per_10k":0.0,"built_frac":0.668,"tree_frac":0.232,"canopy_frac_over_3m":0.11,"viirs_mean":49.9,"gdl_hdi":0.961,"gdl_region":"Massachusetts","ghsl_smod":30,"lst_anomaly_c":2.55,"lst_anomaly_c_climrel":0.3187,"worldpop_pop_total":3152.0,"frac_under5":6.4,"frac_elderly_65plus":11.0,"frac_elderly_75plus":4.0,"old_age_dependency_ratio":0.162,"has_data":true},"geometry":{"type":"Polygon","coordinates":[[[-71.070001,42.30407],[-71.068798,42.304888],[-71.068344,42.305206],[-71.067008,42.306245],[-71.066494,42.306709],[-71.066079,42.30642],[-71.064578,42.304017],[-71.064554,42.305394],[-71.063123,42.305002],[-71.061504,42.30537],[-71.061157,42.304559],[-71.060576,42.303145],[-71.063465,42.301999],[-71.067367,42.301007],[-71.071426,42.303407],[-71.070001,42.30407]]]}},{"type":"Feature","properties":{"unit_id":"25025070104","name":"Census Tract 701.04 \u2014 Suffolk","native_id":"25025070104","source":"census_tract_2025","adm3_name":"Suffolk County","adm3_id":"25025","area_sqm":761798,"split":false,"population":39410.0,"days_covered":18,"daytime_peak_f":86.4,"heat_anomaly_f":3.6,"extreme_pct":22.0,"nighttime_stress_f":-3.6,"daytime_peak_f_climrel":0.1994,"heat_anomaly_f_climrel":0.1994,"nighttime_stress_f_climrel":-0.2085,"extreme_pct_climrel":0.55,"ref_daytime_hi_mean":82.8,"ref_daytime_hi_p95":97.0,"rwi_mean":null,"health_per_10k":2.0299416391778737,"built_frac":0.869,"tree_frac":0.035,"canopy_frac_over_3m":0.011,"viirs_mean":160.0,"gdl_hdi":0.961,"gdl_region":"Massachusetts","ghsl_smod":30,"lst_anomaly_c":-0.43,"lst_anomaly_c_climrel":0,"worldpop_pop_total":3782.0,"frac_under5":4.9,"frac_elderly_65plus":13.3,"frac_elderly_75plus":4.5,"old_age_dependency_ratio":0.173,"has_data":true},"geometry":{"type":"Polygon","coordinates":[[[-71.062516,42.35328],[-71.061697,42.354364],[-71.058737,42.356988],[-71.05771,42.356777],[-71.055759,42.356913],[-71.051582,42.358762],[-71.050926,42.357385],[-71.05106,42.355131],[-71.049595,42.354497],[-71.050039,42.353855],[-71.052188,42.351121],[-71.054788,42.346871],[-71.05647,42.346111],[-71.058143,42.345647],[-71.05964,42.34486],[-71.060609,42.343718],[-71.061716,42.343964],[-71.060911,42.345709],[-71.060705,42.346253],[-71.058789,42.346157],[-71.057485,42.347658],[-71.059387,42.348681],[-71.059508,42.351149],[-71.058009,42.35235],[-71.059828,42.352548],[-71.061051,42.352516],[-71.062575,42.352399],[-71.062516,42.35328]]]}},{"type":"Feature","properties":{"unit_id":"25017317101","name":"Census Tract 3171.01 \u2014 Middlesex","native_id":"25017317101","source":"census_tract_2025","adm3_name":"Middlesex County","adm3_id":"25017","area_sqm":9935095,"split":false,"population":5693.0,"days_covered":18,"daytime_peak_f":86.7,"heat_anomaly_f":2.7,"extreme_pct":17.0,"nighttime_stress_f":-6.5,"daytime_peak_f_climrel":0.1616,"heat_anomaly_f_climrel":0.1616,"nighttime_stress_f_climrel":-0.3,"extreme_pct_climrel":0.425,"ref_daytime_hi_mean":84.1,"ref_daytime_hi_p95":96.1,"rwi_mean":null,"health_per_10k":12.295801861935711,"built_frac":0.128,"tree_frac":0.761,"canopy_frac_over_3m":0.58,"viirs_mean":8.1,"gdl_hdi":0.961,"gdl_region":"Massachusetts","ghsl_smod":21,"lst_anomaly_c":-4.96,"lst_anomaly_c_climrel":0,"worldpop_pop_total":7088.0,"frac_under5":5.0,"frac_elderly_65plus":20.3,"frac_elderly_75plus":9.5,"old_age_dependency_ratio":0.317,"has_data":true},"geometry":{"type":"Polygon","coordinates":[[[-71.397812,42.583063],[-71.39193,42.585167],[-71.388256,42.588311],[-71.38305,42.589947],[-71.37916,42.591933],[-71.378911,42.593052],[-71.373226,42.597521],[-71.371266,42.59953],[-71.368165,42.60076],[-71.367072,42.600882],[-71.36495,42.600875],[-71.363245,42.601099],[-71.36078,42.60086],[-71.355799,42.599941],[-71.355121,42.599083],[-71.353747,42.601803],[-71.353071,42.599467],[-71.347907,42.600672],[-71.341988,42.60484],[-71.341334,42.603172],[-71.341543,42.601958],[-71.3408,42.599483],[-71.331488,42.591759],[-71.340291,42.591335],[-71.341714,42.590924],[-71.35022,42.590183],[-71.349779,42.588903],[-71.346244,42.585756],[-71.344986,42.582864],[-71.344972,42.582652],[-71.346939,42.583281],[-71.35096,42.58266],[-71.355821,42.582557],[-71.358619,42.583587],[-71.360009,42.583286],[-71.363567,42.582176],[-71.370438,42.576886],[-71.377153,42.571379],[-71.379535,42.571552],[-71.380361,42.571486],[-71.381061,42.56823],[-71.382811,42.565751],[-71.388375,42.561648],[-71.389887,42.560094],[-71.390666,42.558046],[-71.397668,42.582668],[-71.397812,42.583063]]]}},{"type":"Feature","properties":{"unit_id":"25025080401","name":"Census Tract 804.01 \u2014 Suffolk","native_id":"25025080401","source":"census_tract_2025","adm3_name":"Suffolk County","adm3_id":"25025","area_sqm":440308,"split":false,"population":3980.0,"days_covered":18,"daytime_peak_f":87.3,"heat_anomaly_f":2.9,"extreme_pct":17.0,"nighttime_stress_f":-5.1,"daytime_peak_f_climrel":0.1686,"heat_anomaly_f_climrel":0.1686,"nighttime_stress_f_climrel":-0.3,"extreme_pct_climrel":0.425,"ref_daytime_hi_mean":84.4,"ref_daytime_hi_p95":98.1,"rwi_mean":null,"health_per_10k":0.0,"built_frac":0.824,"tree_frac":0.149,"canopy_frac_over_3m":0.092,"viirs_mean":103.0,"gdl_hdi":0.961,"gdl_region":"Massachusetts","ghsl_smod":30,"lst_anomaly_c":5.65,"lst_anomaly_c_climrel":0.7063,"worldpop_pop_total":3480.0,"frac_under5":5.2,"frac_elderly_65plus":16.9,"frac_elderly_75plus":6.5,"old_age_dependency_ratio":0.252,"has_data":true},"geometry":{"type":"Polygon","coordinates":[[[-71.085345,42.335071],[-71.080943,42.332931],[-71.080625,42.333367],[-71.080297,42.333796],[-71.077621,42.336001],[-71.075783,42.334493],[-71.076119,42.332813],[-71.075037,42.33349],[-71.074357,42.332847],[-71.077472,42.330898],[-71.078675,42.330135],[-71.079264,42.328514],[-71.080891,42.328497],[-71.081521,42.328486],[-71.083448,42.32865],[-71.082986,42.330831],[-71.085025,42.330834],[-71.085223,42.3306],[-71.085037,42.332715],[-71.087462,42.334126],[-71.085345,42.335071]]]}},{"type":"Feature","properties":{"unit_id":"25025981000","name":"Census Tract 9810 \u2014 Suffolk","native_id":"25025981000","source":"census_tract_2025","adm3_name":"Suffolk County","adm3_id":"25025","area_sqm":1134184,"split":false,"population":2895.0,"days_covered":18,"daytime_peak_f":87.3,"heat_anomaly_f":2.9,"extreme_pct":17.0,"nighttime_stress_f":-5.1,"daytime_peak_f_climrel":0.1686,"heat_anomaly_f_climrel":0.1686,"nighttime_stress_f_climrel":-0.3,"extreme_pct_climrel":0.425,"ref_daytime_hi_mean":84.4,"ref_daytime_hi_p95":98.1,"rwi_mean":null,"health_per_10k":0.0,"built_frac":0.043,"tree_frac":0.894,"canopy_frac_over_3m":0.686,"viirs_mean":21.9,"gdl_hdi":0.961,"gdl_region":"Massachusetts","ghsl_smod":30,"lst_anomaly_c":-5.85,"lst_anomaly_c_climrel":0,"worldpop_pop_total":66.0,"frac_under5":6.3,"frac_elderly_65plus":17.1,"frac_elderly_75plus":9.0,"old_age_dependency_ratio":0.263,"has_data":true},"geometry":{"type":"Polygon","coordinates":[[[-71.129332,42.296362],[-71.130068,42.298184],[-71.129622,42.298529],[-71.127925,42.300157],[-71.126158,42.301899],[-71.125816,42.302322],[-71.125399,42.302878],[-71.124992,42.303489],[-71.124672,42.305194],[-71.123084,42.305163],[-71.122084,42.306534],[-71.120783,42.308359],[-71.121671,42.308656],[-71.121463,42.308685],[-71.12025,42.308347],[-71.119566,42.306432],[-71.120002,42.304567],[-71.118796,42.302996],[-71.11696,42.302186],[-71.12002,42.299817],[-71.115434,42.298903],[-71.12016,42.295952],[-71.121294,42.295199],[-71.124217,42.292581],[-71.12618,42.290089],[-71.127847,42.291],[-71.130463,42.293156],[-71.129332,42.296362]]]}},{"type":"Feature","properties":{"unit_id":"25025140201","name":"Census Tract 1402.01 \u2014 Suffolk","native_id":"25025140201","source":"census_tract_2025","adm3_name":"Suffolk County","adm3_id":"25025","area_sqm":1322336,"split":false,"population":738.0,"days_covered":18,"daytime_peak_f":86.5,"heat_anomaly_f":2.8,"extreme_pct":17.0,"nighttime_stress_f":-5.1,"daytime_peak_f_climrel":0.1714,"heat_anomaly_f_climrel":0.1714,"nighttime_stress_f_climrel":-0.3,"extreme_pct_climrel":0.425,"ref_daytime_hi_mean":83.7,"ref_daytime_hi_p95":97.0,"rwi_mean":null,"health_per_10k":13.550135501355014,"built_frac":0.52,"tree_frac":0.374,"canopy_frac_over_3m":0.282,"viirs_mean":34.5,"gdl_hdi":0.961,"gdl_region":"Massachusetts","ghsl_smod":30,"lst_anomaly_c":-1.45,"lst_anomaly_c_climrel":0,"worldpop_pop_total":2380.0,"frac_under5":5.2,"frac_elderly_65plus":14.8,"frac_elderly_75plus":5.5,"old_age_dependency_ratio":0.218,"has_data":true},"geometry":{"type":"Polygon","coordinates":[[[-71.139241,42.23366],[-71.13631,42.23634],[-71.135267,42.238163],[-71.133716,42.239631],[-71.133058,42.239479],[-71.132151,42.239203],[-71.131368,42.240089],[-71.129004,42.245995],[-71.128992,42.247992],[-71.128433,42.249173],[-71.125505,42.247954],[-71.122884,42.251849],[-71.122839,42.250485],[-71.122439,42.250058],[-71.124843,42.247607],[-71.12541,42.246866],[-71.126066,42.245479],[-71.126233,42.242667],[-71.126184,42.241615],[-71.12567,42.239527],[-71.126377,42.239162],[-71.122517,42.235199],[-71.122602,42.234515],[-71.124587,42.234012],[-71.125477,42.231882],[-71.12742,42.231176],[-71.130749,42.227911],[-71.130771,42.227926],[-71.136665,42.23191],[-71.139241,42.23366]]]}},{"type":"Feature","properties":{"unit_id":"25025140107","name":"Census Tract 1401.07 \u2014 Suffolk","native_id":"25025140107","source":"census_tract_2025","adm3_name":"Suffolk County","adm3_id":"25025","area_sqm":627360,"split":false,"population":2167.0,"days_covered":18,"daytime_peak_f":87.3,"heat_anomaly_f":2.9,"extreme_pct":17.0,"nighttime_stress_f":-5.1,"daytime_peak_f_climrel":0.1686,"heat_anomaly_f_climrel":0.1686,"nighttime_stress_f_climrel":-0.3,"extreme_pct_climrel":0.425,"ref_daytime_hi_mean":84.4,"ref_daytime_hi_p95":98.1,"rwi_mean":null,"health_per_10k":0.0,"built_frac":0.48,"tree_frac":0.516,"canopy_frac_over_3m":0.351,"viirs_mean":22.9,"gdl_hdi":0.961,"gdl_region":"Massachusetts","ghsl_smod":30,"lst_anomaly_c":0.54,"lst_anomaly_c_climrel":0.0675,"worldpop_pop_total":2770.0,"frac_under5":5.7,"frac_elderly_65plus":18.0,"frac_elderly_75plus":7.2,"old_age_dependency_ratio":0.274,"has_data":true},"geometry":{"type":"Polygon","coordinates":[[[-71.132354,42.25604],[-71.128928,42.258084],[-71.130756,42.258303],[-71.133615,42.261021],[-71.131509,42.262221],[-71.128195,42.260509],[-71.126922,42.261867],[-71.127334,42.264503],[-71.12613,42.263534],[-71.123565,42.262206],[-71.124708,42.257227],[-71.125307,42.255653],[-71.125592,42.255613],[-71.126018,42.254666],[-71.127157,42.253834],[-71.128219,42.252341],[-71.130115,42.251171],[-71.130589,42.251776],[-71.132195,42.253683],[-71.133965,42.254313],[-71.132354,42.25604]]]}},{"type":"Feature","properties":{"unit_id":"25025000603","name":"Census Tract 6.03 \u2014 Suffolk","native_id":"25025000603","source":"census_tract_2025","adm3_name":"Suffolk County","adm3_id":"25025","area_sqm":312487,"split":false,"population":5260.0,"days_covered":18,"daytime_peak_f":87.3,"heat_anomaly_f":2.9,"extreme_pct":17.0,"nighttime_stress_f":-5.1,"daytime_peak_f_climrel":0.1686,"heat_anomaly_f_climrel":0.1686,"nighttime_stress_f_climrel":-0.3,"extreme_pct_climrel":0.425,"ref_daytime_hi_mean":84.4,"ref_daytime_hi_p95":98.1,"rwi_mean":null,"health_per_10k":7.604562737642585,"built_frac":0.738,"tree_frac":0.235,"canopy_frac_over_3m":0.225,"viirs_mean":55.7,"gdl_hdi":0.961,"gdl_region":"Massachusetts","ghsl_smod":30,"lst_anomaly_c":1.16,"lst_anomaly_c_climrel":0.145,"worldpop_pop_total":1833.0,"frac_under5":4.2,"frac_elderly_65plus":17.7,"frac_elderly_75plus":7.8,"old_age_dependency_ratio":0.257,"has_data":true},"geometry":{"type":"Polygon","coordinates":[[[-71.149943,42.349036],[-71.147079,42.350165],[-71.141654,42.349273],[-71.140366,42.348686],[-71.141522,42.346291],[-71.141698,42.34602],[-71.143109,42.343878],[-71.144543,42.344623],[-71.145049,42.344963],[-71.146238,42.346106],[-71.149047,42.347457],[-71.149755,42.348185],[-71.149943,42.349036]]]}},{"type":"Feature","properties":{"unit_id":"25017383904","name":"Census Tract 3839.04 \u2014 Middlesex","native_id":"25017383904","source":"census_tract_2025","adm3_name":"Middlesex County","adm3_id":"25017","area_sqm":10316985,"split":false,"population":3416.0,"days_covered":18,"daytime_peak_f":86.3,"heat_anomaly_f":2.3,"extreme_pct":17.0,"nighttime_stress_f":-6.4,"daytime_peak_f_climrel":0.144,"heat_anomaly_f_climrel":0.144,"nighttime_stress_f_climrel":-0.3,"extreme_pct_climrel":0.425,"ref_daytime_hi_mean":84.0,"ref_daytime_hi_p95":95.8,"rwi_mean":null,"health_per_10k":0.0,"built_frac":0.045,"tree_frac":0.903,"canopy_frac_over_3m":0.722,"viirs_mean":4.3,"gdl_hdi":0.961,"gdl_region":"Massachusetts","ghsl_smod":12,"lst_anomaly_c":-7.3,"lst_anomaly_c_climrel":0,"worldpop_pop_total":5124.0,"frac_under5":4.6,"frac_elderly_65plus":28.1,"frac_elderly_75plus":14.8,"old_age_dependency_ratio":0.49,"has_data":true},"geometry":{"type":"Polygon","coordinates":[[[-71.486797,42.330189],[-71.483351,42.352807],[-71.483298,42.35313],[-71.437293,42.346714],[-71.424714,42.344966],[-71.415469,42.343684],[-71.416635,42.343132],[-71.415172,42.341414],[-71.410313,42.340097],[-71.415704,42.338146],[-71.417943,42.336164],[-71.417825,42.334688],[-71.418312,42.333701],[-71.41913,42.332733],[-71.421021,42.331905],[-71.425157,42.330723],[-71.426406,42.330659],[-71.427717,42.330761],[-71.430038,42.330373],[-71.431459,42.329615],[-71.433853,42.32896],[-71.435881,42.32877],[-71.443245,42.329021],[-71.443926,42.329139],[-71.445553,42.329826],[-71.452333,42.333486],[-71.455014,42.335981],[-71.458484,42.337305],[-71.466707,42.335968],[-71.471154,42.334715],[-71.47427,42.332215],[-71.477012,42.331038],[-71.482829,42.329659],[-71.485089,42.330408],[-71.486744,42.329937],[-71.486797,42.330189]]]}},{"type":"Feature","properties":{"unit_id":"25017383501","name":"Census Tract 3835.01 \u2014 Middlesex","native_id":"25017383501","source":"census_tract_2025","adm3_name":"Middlesex County","adm3_id":"25017","area_sqm":2118788,"split":false,"population":4682.0,"days_covered":18,"daytime_peak_f":86.4,"heat_anomaly_f":2.4,"extreme_pct":17.0,"nighttime_stress_f":-5.7,"daytime_peak_f_climrel":0.1507,"heat_anomaly_f_climrel":0.1507,"nighttime_stress_f_climrel":-0.3,"extreme_pct_climrel":0.425,"ref_daytime_hi_mean":84.0,"ref_daytime_hi_p95":96.2,"rwi_mean":null,"health_per_10k":4.271678769756514,"built_frac":0.401,"tree_frac":0.52,"canopy_frac_over_3m":0.357,"viirs_mean":30.3,"gdl_hdi":0.961,"gdl_region":"Massachusetts","ghsl_smod":23,"lst_anomaly_c":0.96,"lst_anomaly_c_climrel":0.12,"worldpop_pop_total":4775.0,"frac_under5":5.3,"frac_elderly_65plus":18.8,"frac_elderly_75plus":8.1,"old_age_dependency_ratio":0.288,"has_data":true},"geometry":{"type":"Polygon","coordinates":[[[-71.426841,42.298775],[-71.422298,42.298074],[-71.419375,42.297729],[-71.4089,42.29817],[-71.408622,42.298186],[-71.407992,42.298218],[-71.403615,42.29848],[-71.393183,42.298773],[-71.402528,42.29333],[-71.402125,42.291656],[-71.40939,42.288727],[-71.410154,42.287481],[-71.414749,42.288118],[-71.415558,42.289648],[-71.418845,42.290672],[-71.424032,42.289535],[-71.42437,42.288716],[-71.426604,42.291646],[-71.42747,42.292785],[-71.426841,42.298775]]]}},{"type":"Feature","properties":{"unit_id":"25017362100","name":"Census Tract 3621 \u2014 Middlesex","native_id":"25017362100","source":"census_tract_2025","adm3_name":"Middlesex County","adm3_id":"25017","area_sqm":39560501,"split":false,"population":4497.0,"days_covered":18,"daytime_peak_f":86.7,"heat_anomaly_f":2.7,"extreme_pct":17.0,"nighttime_stress_f":-6.3,"daytime_peak_f_climrel":0.1629,"heat_anomaly_f_climrel":0.1629,"nighttime_stress_f_climrel":-0.3,"extreme_pct_climrel":0.425,"ref_daytime_hi_mean":84.0,"ref_daytime_hi_p95":96.5,"rwi_mean":null,"health_per_10k":0.0,"built_frac":0.008,"tree_frac":0.912,"canopy_frac_over_3m":0.802,"viirs_mean":1.5,"gdl_hdi":0.961,"gdl_region":"Massachusetts","ghsl_smod":12,"lst_anomaly_c":-8.7,"lst_anomaly_c_climrel":0,"worldpop_pop_total":5231.0,"frac_under5":4.4,"frac_elderly_65plus":23.6,"frac_elderly_75plus":9.5,"old_age_dependency_ratio":0.405,"has_data":true},"geometry":{"type":"Polygon","coordinates":[[[-71.399515,42.534015],[-71.395115,42.535411],[-71.38474,42.538699],[-71.388359,42.549949],[-71.368336,42.558037],[-71.367749,42.558187],[-71.352624,42.562057],[-71.346299,42.563661],[-71.332543,42.560756],[-71.33309,42.560115],[-71.324706,42.556018],[-71.319618,42.55407],[-71.314385,42.549554],[-71.318313,42.542782],[-71.314542,42.539303],[-71.308749,42.53396],[-71.307185,42.533221],[-71.307538,42.529999],[-71.30461,42.529285],[-71.304997,42.526477],[-71.306745,42.522689],[-71.306699,42.520593],[-71.306904,42.517492],[-71.306233,42.514564],[-71.306653,42.514051],[-71.308658,42.513254],[-71.31409,42.509086],[-71.316606,42.507091],[-71.317708,42.504796],[-71.317538,42.502425],[-71.353624,42.50292],[-71.369926,42.503723],[-71.384957,42.504466],[-71.391563,42.50682],[-71.397941,42.526277],[-71.399515,42.534015]]]}},{"type":"Feature","properties":{"unit_id":"25017317103","name":"Census Tract 3171.03 \u2014 Middlesex","native_id":"25017317103","source":"census_tract_2025","adm3_name":"Middlesex County","adm3_id":"25017","area_sqm":10755055,"split":false,"population":3810.0,"days_covered":18,"daytime_peak_f":86.7,"heat_anomaly_f":2.7,"extreme_pct":17.0,"nighttime_stress_f":-6.5,"daytime_peak_f_climrel":0.1616,"heat_anomaly_f_climrel":0.1616,"nighttime_stress_f_climrel":-0.3,"extreme_pct_climrel":0.425,"ref_daytime_hi_mean":84.1,"ref_daytime_hi_p95":96.1,"rwi_mean":null,"health_per_10k":0.0,"built_frac":0.047,"tree_frac":0.852,"canopy_frac_over_3m":0.659,"viirs_mean":3.6,"gdl_hdi":0.961,"gdl_region":"Massachusetts","ghsl_smod":21,"lst_anomaly_c":-6.12,"lst_anomaly_c_climrel":0,"worldpop_pop_total":4659.0,"frac_under5":5.4,"frac_elderly_65plus":21.8,"frac_elderly_75plus":9.9,"old_age_dependency_ratio":0.357,"has_data":true},"geometry":{"type":"Polygon","coordinates":[[[-71.389887,42.560094],[-71.388375,42.561648],[-71.382811,42.565751],[-71.381061,42.56823],[-71.380361,42.571486],[-71.379535,42.571552],[-71.377153,42.571379],[-71.370438,42.576886],[-71.363567,42.582176],[-71.360009,42.583286],[-71.358619,42.583587],[-71.355821,42.582557],[-71.35096,42.58266],[-71.346939,42.583281],[-71.344972,42.582652],[-71.344986,42.582864],[-71.341864,42.580331],[-71.334482,42.578402],[-71.324189,42.579361],[-71.319741,42.581996],[-71.318454,42.583936],[-71.314831,42.582384],[-71.319924,42.577114],[-71.319629,42.575868],[-71.332543,42.560756],[-71.346299,42.563661],[-71.352624,42.562057],[-71.367749,42.558187],[-71.368336,42.558037],[-71.388359,42.549949],[-71.390666,42.558046],[-71.389887,42.560094]]]}},{"type":"Feature","properties":{"unit_id":"25025091001","name":"Census Tract 910.01 \u2014 Suffolk","native_id":"25025091001","source":"census_tract_2025","adm3_name":"Suffolk County","adm3_id":"25025","area_sqm":1186269,"split":false,"population":2965.0,"days_covered":18,"daytime_peak_f":87.3,"heat_anomaly_f":2.9,"extreme_pct":17.0,"nighttime_stress_f":-5.1,"daytime_peak_f_climrel":0.1686,"heat_anomaly_f_climrel":0.1686,"nighttime_stress_f_climrel":-0.3,"extreme_pct_climrel":0.425,"ref_daytime_hi_mean":84.4,"ref_daytime_hi_p95":98.1,"rwi_mean":null,"health_per_10k":0.0,"built_frac":0.533,"tree_frac":0.191,"canopy_frac_over_3m":0.103,"viirs_mean":66.4,"gdl_hdi":0.961,"gdl_region":"Massachusetts","ghsl_smod":30,"lst_anomaly_c":-0.6,"lst_anomaly_c_climrel":0,"worldpop_pop_total":3349.0,"frac_under5":4.0,"frac_elderly_65plus":15.4,"frac_elderly_75plus":5.9,"old_age_dependency_ratio":0.207,"has_data":true},"geometry":{"type":"Polygon","coordinates":[[[-71.060746,42.310205],[-71.059574,42.310551],[-71.059379,42.311039],[-71.058881,42.312771],[-71.057207,42.31296],[-71.055387,42.312569],[-71.054983,42.312331],[-71.05315,42.311336],[-71.052165,42.313844],[-71.051981,42.314975],[-71.052166,42.318815],[-71.052124,42.319836],[-71.052456,42.321466],[-71.052093,42.321469],[-71.051368,42.32141],[-71.050925,42.320876],[-71.0467,42.313016],[-71.0423475868322,42.3115348119403],[-71.04249,42.309745],[-71.044832,42.309193],[-71.0474393475483,42.3037469777322],[-71.047478,42.304424],[-71.049268,42.301197],[-71.052564,42.302937],[-71.055432,42.304323],[-71.055973,42.304517],[-71.057388,42.30548],[-71.058397,42.307678],[-71.058419,42.307579],[-71.060596,42.308788],[-71.061387,42.308742],[-71.060746,42.310205]]]}},{"type":"Feature","properties":{"unit_id":"25025170800","name":"Census Tract 1708 \u2014 Suffolk","native_id":"25025170800","source":"census_tract_2025","adm3_name":"Suffolk County","adm3_id":"25025","area_sqm":861864,"split":false,"population":2295.0,"days_covered":18,"daytime_peak_f":86.8,"heat_anomaly_f":3.9,"extreme_pct":22.0,"nighttime_stress_f":-3.5,"daytime_peak_f_climrel":0.2108,"heat_anomaly_f_climrel":0.2108,"nighttime_stress_f_climrel":-0.1981,"extreme_pct_climrel":0.55,"ref_daytime_hi_mean":82.9,"ref_daytime_hi_p95":97.6,"rwi_mean":null,"health_per_10k":0.0,"built_frac":0.607,"tree_frac":0.126,"canopy_frac_over_3m":0.111,"viirs_mean":24.8,"gdl_hdi":0.961,"gdl_region":"Massachusetts","ghsl_smod":30,"lst_anomaly_c":-1.27,"lst_anomaly_c_climrel":0,"worldpop_pop_total":6010.0,"frac_under5":5.4,"frac_elderly_65plus":14.1,"frac_elderly_75plus":5.7,"old_age_dependency_ratio":0.2,"has_data":true},"geometry":{"type":"Polygon","coordinates":[[[-70.992208,42.396688],[-70.991996,42.397562],[-70.991319,42.399023],[-70.991271,42.39918],[-70.989593,42.402117],[-70.9877229583999,42.4023993261034],[-70.985068,42.402041],[-70.983426,42.396246],[-70.9830109750584,42.3955969169758],[-70.9829573662762,42.3955130749052],[-70.9805087923239,42.3916835995493],[-70.981479,42.390839],[-70.986053,42.388116],[-70.987289,42.388734],[-70.987974,42.392817],[-70.989771,42.39324],[-70.994454,42.393316],[-70.992208,42.396688]]]}},{"type":"Feature","properties":{"unit_id":"25017350900","name":"Census Tract 3509 \u2014 Middlesex","native_id":"25017350900","source":"census_tract_2025","adm3_name":"Middlesex County","adm3_id":"25017","area_sqm":421687,"split":false,"population":5033.0,"days_covered":18,"daytime_peak_f":86.4,"heat_anomaly_f":3.6,"extreme_pct":22.0,"nighttime_stress_f":-3.6,"daytime_peak_f_climrel":0.1994,"heat_anomaly_f_climrel":0.1994,"nighttime_stress_f_climrel":-0.2085,"extreme_pct_climrel":0.55,"ref_daytime_hi_mean":82.8,"ref_daytime_hi_p95":97.0,"rwi_mean":null,"health_per_10k":15.895092390224518,"built_frac":0.765,"tree_frac":0.231,"canopy_frac_over_3m":0.245,"viirs_mean":37.9,"gdl_hdi":0.961,"gdl_region":"Massachusetts","ghsl_smod":30,"lst_anomaly_c":4.55,"lst_anomaly_c_climrel":0.5687,"worldpop_pop_total":3457.0,"frac_under5":4.1,"frac_elderly_65plus":9.9,"frac_elderly_75plus":4.2,"old_age_dependency_ratio":0.12,"has_data":true},"geometry":{"type":"Polygon","coordinates":[[[-71.127719,42.397503],[-71.125415,42.397559],[-71.122901,42.396991],[-71.122166,42.396674],[-71.120152,42.396238],[-71.116034,42.395227],[-71.113676,42.39483],[-71.114898,42.393292],[-71.115142,42.392783],[-71.115738,42.391839],[-71.117085,42.389581],[-71.120214,42.392641],[-71.120974,42.393706],[-71.122987,42.392377],[-71.124368,42.393653],[-71.127361,42.397096],[-71.127719,42.397503]]]}},{"type":"Feature","properties":{"unit_id":"25017368700","name":"Census Tract 3687 \u2014 Middlesex","native_id":"25017368700","source":"census_tract_2025","adm3_name":"Middlesex County","adm3_id":"25017","area_sqm":708886,"split":false,"population":2819.0,"days_covered":18,"daytime_peak_f":87.1,"heat_anomaly_f":3.0,"extreme_pct":17.0,"nighttime_stress_f":-5.1,"daytime_peak_f_climrel":0.1716,"heat_anomaly_f_climrel":0.1716,"nighttime_stress_f_climrel":-0.3,"extreme_pct_climrel":0.425,"ref_daytime_hi_mean":84.1,"ref_daytime_hi_p95":97.6,"rwi_mean":null,"health_per_10k":0.0,"built_frac":0.553,"tree_frac":0.276,"canopy_frac_over_3m":0.23,"viirs_mean":37.0,"gdl_hdi":0.961,"gdl_region":"Massachusetts","ghsl_smod":30,"lst_anomaly_c":2.86,"lst_anomaly_c_climrel":0.3575,"worldpop_pop_total":2698.0,"frac_under5":6.1,"frac_elderly_65plus":9.0,"frac_elderly_75plus":3.6,"old_age_dependency_ratio":0.121,"has_data":true},"geometry":{"type":"Polygon","coordinates":[[[-71.234277,42.368309],[-71.233716,42.371018],[-71.231322,42.370472],[-71.233116,42.37284],[-71.232689,42.373041],[-71.23141,42.37344],[-71.228795,42.372466],[-71.225532,42.371105],[-71.223781,42.369309],[-71.220333,42.368456],[-71.21719,42.366534],[-71.226229,42.363872],[-71.228581,42.365662],[-71.231469,42.366834],[-71.232708,42.367144],[-71.234486,42.367395],[-71.234277,42.368309]]]}},{"type":"Feature","properties":{"unit_id":"25017352700","name":"Census Tract 3527 \u2014 Middlesex","native_id":"25017352700","source":"census_tract_2025","adm3_name":"Middlesex County","adm3_id":"25017","area_sqm":158620,"split":false,"population":1729.7238972269922,"days_covered":18,"daytime_peak_f":86.4,"heat_anomaly_f":3.6,"extreme_pct":22.0,"nighttime_stress_f":-3.6,"daytime_peak_f_climrel":0.1994,"heat_anomaly_f_climrel":0.1994,"nighttime_stress_f_climrel":-0.2085,"extreme_pct_climrel":0.55,"ref_daytime_hi_mean":82.8,"ref_daytime_hi_p95":97.0,"rwi_mean":null,"health_per_10k":17.343808481859167,"built_frac":0.923,"tree_frac":0.068,"canopy_frac_over_3m":0.087,"viirs_mean":62.1,"gdl_hdi":0.961,"gdl_region":"Massachusetts","ghsl_smod":30,"lst_anomaly_c":6.55,"lst_anomaly_c_climrel":0.8187,"worldpop_pop_total":1787.0,"frac_under5":3.6,"frac_elderly_65plus":14.4,"frac_elderly_75plus":5.9,"old_age_dependency_ratio":0.19,"has_data":true},"geometry":{"type":"Polygon","coordinates":[[[-71.101611,42.374366],[-71.097416,42.374428],[-71.094749,42.374292],[-71.092826,42.374185],[-71.089783,42.373948],[-71.087512,42.373402],[-71.087866,42.372044],[-71.088491,42.372119],[-71.093279,42.372754],[-71.100834,42.373748],[-71.101611,42.374366]]]}},{"type":"Feature","properties":{"unit_id":"25025030400","name":"Census Tract 304 \u2014 Suffolk","native_id":"25025030400","source":"census_tract_2025","adm3_name":"Suffolk County","adm3_id":"25025","area_sqm":165170,"split":false,"population":18530.0,"days_covered":18,"daytime_peak_f":86.4,"heat_anomaly_f":3.6,"extreme_pct":22.0,"nighttime_stress_f":-3.6,"daytime_peak_f_climrel":0.1994,"heat_anomaly_f_climrel":0.1994,"nighttime_stress_f_climrel":-0.2085,"extreme_pct_climrel":0.55,"ref_daytime_hi_mean":82.8,"ref_daytime_hi_p95":97.0,"rwi_mean":null,"health_per_10k":2.1586616297895307,"built_frac":0.934,"tree_frac":0.065,"canopy_frac_over_3m":0.035,"viirs_mean":152.8,"gdl_hdi":0.961,"gdl_region":"Massachusetts","ghsl_smod":30,"lst_anomaly_c":3.87,"lst_anomaly_c_climrel":0.4838,"worldpop_pop_total":4182.0,"frac_under5":2.5,"frac_elderly_65plus":15.5,"frac_elderly_75plus":8.3,"old_age_dependency_ratio":0.196,"has_data":true},"geometry":{"type":"Polygon","coordinates":[[[-71.055835,42.363613],[-71.055441,42.365176],[-71.05595,42.365508],[-71.055485,42.366185],[-71.054999,42.365964],[-71.053965,42.366908],[-71.052878,42.365771],[-71.053459,42.364778],[-71.05123,42.364024],[-71.051084,42.363995],[-71.051066,42.363703],[-71.051,42.362584],[-71.052809,42.360915],[-71.052967,42.361029],[-71.054925,42.362046],[-71.056381,42.362884],[-71.055835,42.363613]]]}},{"type":"Feature","properties":{"unit_id":"25017368102","name":"Census Tract 3681.02 \u2014 Middlesex","native_id":"25017368102","source":"census_tract_2025","adm3_name":"Middlesex County","adm3_id":"25017","area_sqm":4185668,"split":false,"population":6341.0,"days_covered":18,"daytime_peak_f":87.0,"heat_anomaly_f":2.7,"extreme_pct":17.0,"nighttime_stress_f":-5.7,"daytime_peak_f_climrel":0.1573,"heat_anomaly_f_climrel":0.1573,"nighttime_stress_f_climrel":-0.3,"extreme_pct_climrel":0.425,"ref_daytime_hi_mean":84.4,"ref_daytime_hi_p95":97.5,"rwi_mean":null,"health_per_10k":0.0,"built_frac":0.21,"tree_frac":0.495,"canopy_frac_over_3m":0.372,"viirs_mean":18.3,"gdl_hdi":0.961,"gdl_region":"Massachusetts","ghsl_smod":23,"lst_anomaly_c":-4.23,"lst_anomaly_c_climrel":0,"worldpop_pop_total":4504.0,"frac_under5":6.0,"frac_elderly_65plus":21.0,"frac_elderly_75plus":9.1,"old_age_dependency_ratio":0.328,"has_data":true},"geometry":{"type":"Polygon","coordinates":[[[-71.274387,42.401986],[-71.272112,42.405023],[-71.271882,42.407498],[-71.273865,42.410901],[-71.271765,42.416775],[-71.26723,42.424438],[-71.256987,42.42108],[-71.256688,42.418509],[-71.257128,42.415293],[-71.257499,42.412713],[-71.254765,42.410499],[-71.249765,42.405622],[-71.24851,42.405146],[-71.239404,42.403585],[-71.236843,42.402696],[-71.236609,42.40262],[-71.234057,42.402123],[-71.234761,42.397517],[-71.235682,42.396657],[-71.238962,42.390745],[-71.239248,42.389782],[-71.240716,42.390292],[-71.250458,42.396957],[-71.251272,42.397256],[-71.253848,42.397468],[-71.257874,42.396924],[-71.263136,42.39735],[-71.266443,42.396976],[-71.268854,42.39798],[-71.271841,42.398174],[-71.275195,42.399335],[-71.274387,42.401986]]]}},{"type":"Feature","properties":{"unit_id":"25017369000","name":"Census Tract 3690 \u2014 Middlesex","native_id":"25017369000","source":"census_tract_2025","adm3_name":"Middlesex County","adm3_id":"25017","area_sqm":3105205,"split":false,"population":5258.0,"days_covered":18,"daytime_peak_f":87.1,"heat_anomaly_f":3.0,"extreme_pct":17.0,"nighttime_stress_f":-5.1,"daytime_peak_f_climrel":0.1716,"heat_anomaly_f_climrel":0.1716,"nighttime_stress_f_climrel":-0.3,"extreme_pct_climrel":0.425,"ref_daytime_hi_mean":84.1,"ref_daytime_hi_p95":97.6,"rwi_mean":null,"health_per_10k":0.0,"built_frac":0.144,"tree_frac":0.707,"canopy_frac_over_3m":0.587,"viirs_mean":15.2,"gdl_hdi":0.961,"gdl_region":"Massachusetts","ghsl_smod":30,"lst_anomaly_c":-3.92,"lst_anomaly_c_climrel":0,"worldpop_pop_total":2504.0,"frac_under5":0.2,"frac_elderly_65plus":0.4,"frac_elderly_75plus":0.1,"old_age_dependency_ratio":0.004,"has_data":true},"geometry":{"type":"Polygon","coordinates":[[[-71.225972,42.385613],[-71.22332,42.38944],[-71.22309,42.38986],[-71.221932,42.391379],[-71.217224,42.396705],[-71.216054,42.398927],[-71.213351,42.398095],[-71.212636,42.399375],[-71.21407,42.400589],[-71.214728,42.401454],[-71.216386,42.403939],[-71.216955,42.404615],[-71.215429,42.406889],[-71.21591,42.407599],[-71.211261,42.406074],[-71.202628,42.403702],[-71.201969,42.402782],[-71.201799,42.401374],[-71.200621,42.399458],[-71.203432,42.398457],[-71.204535,42.396248],[-71.206237,42.397002],[-71.207238,42.395564],[-71.203145,42.393231],[-71.203376,42.392999],[-71.202173,42.392061],[-71.2025,42.391797],[-71.203313,42.390167],[-71.205304,42.387209],[-71.204914,42.3866],[-71.209785,42.383765],[-71.211397,42.384462],[-71.213328,42.384902],[-71.218289,42.384986],[-71.220118,42.381815],[-71.222455,42.383637],[-71.223993,42.381934],[-71.225296,42.382481],[-71.225872,42.384488],[-71.227589,42.385499],[-71.225972,42.385613]]]}},{"type":"Feature","properties":{"unit_id":"25025170400","name":"Census Tract 1704 \u2014 Suffolk","native_id":"25025170400","source":"census_tract_2025","adm3_name":"Suffolk County","adm3_id":"25025","area_sqm":2322679,"split":false,"population":3177.0,"days_covered":18,"daytime_peak_f":86.8,"heat_anomaly_f":3.9,"extreme_pct":22.0,"nighttime_stress_f":-3.5,"daytime_peak_f_climrel":0.2108,"heat_anomaly_f_climrel":0.2108,"nighttime_stress_f_climrel":-0.1981,"extreme_pct_climrel":0.55,"ref_daytime_hi_mean":82.9,"ref_daytime_hi_p95":97.6,"rwi_mean":null,"health_per_10k":0.0,"built_frac":0.364,"tree_frac":0.074,"canopy_frac_over_3m":0.042,"viirs_mean":29.3,"gdl_hdi":0.961,"gdl_region":"Massachusetts","ghsl_smod":30,"lst_anomaly_c":-2.77,"lst_anomaly_c_climrel":0,"worldpop_pop_total":5859.0,"frac_under5":6.1,"frac_elderly_65plus":15.1,"frac_elderly_75plus":7.3,"old_age_dependency_ratio":0.227,"has_data":true},"geometry":{"type":"Polygon","coordinates":[[[-71.010812,42.42451],[-71.008935,42.425912],[-71.003725,42.422308],[-70.997234,42.431051],[-70.992023,42.434135],[-70.99012,42.434877],[-70.983708,42.431663],[-70.987938,42.426036],[-70.993495,42.418615],[-70.995651,42.415816],[-71.000172,42.409624],[-71.001295,42.409397],[-71.00206,42.41074],[-71.003685,42.414773],[-71.003215,42.416552],[-71.00439,42.416599],[-71.004744,42.415956],[-71.008379,42.416113],[-71.00791,42.416755],[-71.005873,42.419516],[-71.010549,42.42142],[-71.013867,42.422384],[-71.010812,42.42451]]]}},{"type":"Feature","properties":{"unit_id":"25017353600","name":"Census Tract 3536 \u2014 Middlesex","native_id":"25017353600","source":"census_tract_2025","adm3_name":"Middlesex County","adm3_id":"25017","area_sqm":803597,"split":false,"population":8217.0,"days_covered":18,"daytime_peak_f":86.4,"heat_anomaly_f":3.6,"extreme_pct":22.0,"nighttime_stress_f":-3.6,"daytime_peak_f_climrel":0.1994,"heat_anomaly_f_climrel":0.1994,"nighttime_stress_f_climrel":-0.2085,"extreme_pct_climrel":0.55,"ref_daytime_hi_mean":82.8,"ref_daytime_hi_p95":97.0,"rwi_mean":null,"health_per_10k":4.8679566751855905,"built_frac":0.562,"tree_frac":0.424,"canopy_frac_over_3m":0.335,"viirs_mean":40.5,"gdl_hdi":0.961,"gdl_region":"Massachusetts","ghsl_smod":30,"lst_anomaly_c":1.73,"lst_anomaly_c_climrel":0.2162,"worldpop_pop_total":4807.0,"frac_under5":2.8,"frac_elderly_65plus":12.4,"frac_elderly_75plus":5.4,"old_age_dependency_ratio":0.155,"has_data":true},"geometry":{"type":"Polygon","coordinates":[[[-71.119983,42.379983],[-71.119798,42.381746],[-71.119464,42.38483],[-71.119229,42.387022],[-71.119464,42.388156],[-71.119556,42.388463],[-71.117737,42.387556],[-71.11686,42.386685],[-71.116159,42.385843],[-71.115584,42.385158],[-71.111656,42.381749],[-71.110643,42.38164],[-71.109649,42.380833],[-71.107855,42.379374],[-71.108457,42.379112],[-71.107272,42.378087],[-71.10813,42.377898],[-71.112358,42.377006],[-71.113293,42.376801],[-71.114293,42.375471],[-71.118378,42.375682],[-71.118822,42.374355],[-71.119141,42.375151],[-71.12019,42.377701],[-71.119983,42.379983]]]}},{"type":"Feature","properties":{"unit_id":"25017301101","name":"Census Tract 3011.01 \u2014 Middlesex","native_id":"25017301101","source":"census_tract_2025","adm3_name":"Middlesex County","adm3_id":"25017","area_sqm":44272791,"split":false,"population":4793.0,"days_covered":18,"daytime_peak_f":86.8,"heat_anomaly_f":2.8,"extreme_pct":11.0,"nighttime_stress_f":-7.2,"daytime_peak_f_climrel":0.1658,"heat_anomaly_f_climrel":0.1658,"nighttime_stress_f_climrel":-0.3,"extreme_pct_climrel":0.275,"ref_daytime_hi_mean":84.0,"ref_daytime_hi_p95":96.4,"rwi_mean":null,"health_per_10k":2.0863759649488838,"built_frac":0.021,"tree_frac":0.887,"canopy_frac_over_3m":0.803,"viirs_mean":1.0,"gdl_hdi":0.961,"gdl_region":"Massachusetts","ghsl_smod":12,"lst_anomaly_c":-8.07,"lst_anomaly_c_climrel":0,"worldpop_pop_total":4177.0,"frac_under5":6.1,"frac_elderly_65plus":18.5,"frac_elderly_75plus":7.0,"old_age_dependency_ratio":0.29,"has_data":true},"geometry":{"type":"Polygon","coordinates":[[[-71.7725568791756,42.708009877156],[-71.745817,42.707287],[-71.7268565049543,42.7068719910348],[-71.7013916601883,42.706314614297],[-71.6723850899704,42.7056797159643],[-71.6518259158306,42.705229714972],[-71.650721,42.69092],[-71.653497,42.675142],[-71.65793,42.649944],[-71.657978,42.649659],[-71.666107,42.651132],[-71.671929,42.652913],[-71.676767,42.65441],[-71.68685,42.656547],[-71.688234,42.657562],[-71.693119,42.657955],[-71.696377,42.659708],[-71.701414,42.663497],[-71.706601,42.665582],[-71.709329,42.666549],[-71.709471,42.666606],[-71.725116,42.672288],[-71.72481,42.672688],[-71.730632,42.675346],[-71.733546,42.676252],[-71.740275,42.677231],[-71.751426,42.677362],[-71.754621,42.677119],[-71.761186,42.675086],[-71.764384,42.673811],[-71.768353,42.674136],[-71.771493,42.673993],[-71.774363,42.672228],[-71.7725568791756,42.708009877156]]]}},{"type":"Feature","properties":{"unit_id":"25025010103","name":"Census Tract 101.03 \u2014 Suffolk","native_id":"25025010103","source":"census_tract_2025","adm3_name":"Suffolk County","adm3_id":"25025","area_sqm":288104,"split":false,"population":2987.529301081645,"days_covered":18,"daytime_peak_f":87.3,"heat_anomaly_f":2.9,"extreme_pct":17.0,"nighttime_stress_f":-5.1,"daytime_peak_f_climrel":0.1686,"heat_anomaly_f_climrel":0.1686,"nighttime_stress_f_climrel":-0.3,"extreme_pct_climrel":0.425,"ref_daytime_hi_mean":84.4,"ref_daytime_hi_p95":98.1,"rwi_mean":null,"health_per_10k":0.0,"built_frac":0.89,"tree_frac":0.087,"canopy_frac_over_3m":0.135,"viirs_mean":96.5,"gdl_hdi":0.961,"gdl_region":"Massachusetts","ghsl_smod":30,"lst_anomaly_c":1.83,"lst_anomaly_c_climrel":0.2288,"worldpop_pop_total":3815.0,"frac_under5":0.3,"frac_elderly_65plus":0.9,"frac_elderly_75plus":0.5,"old_age_dependency_ratio":0.009,"has_data":true},"geometry":{"type":"Polygon","coordinates":[[[-71.110732,42.351819],[-71.103268,42.351075],[-71.100244,42.35087],[-71.098182,42.350735],[-71.097608,42.349904],[-71.097168,42.348982],[-71.100564,42.347918],[-71.101143,42.347758],[-71.106854,42.348759],[-71.106702,42.349433],[-71.10657,42.349912],[-71.110936,42.350446],[-71.110732,42.351819]]]}},{"type":"Feature","properties":{"unit_id":"25017333502","name":"Census Tract 3335.02 \u2014 Middlesex","native_id":"25017333502","source":"census_tract_2025","adm3_name":"Middlesex County","adm3_id":"25017","area_sqm":1443446,"split":false,"population":823.0,"days_covered":18,"daytime_peak_f":86.5,"heat_anomaly_f":4.0,"extreme_pct":17.0,"nighttime_stress_f":-3.3,"daytime_peak_f_climrel":0.2318,"heat_anomaly_f_climrel":0.2318,"nighttime_stress_f_climrel":-0.1839,"extreme_pct_climrel":0.425,"ref_daytime_hi_mean":82.5,"ref_daytime_hi_p95":96.1,"rwi_mean":null,"health_per_10k":48.60267314702308,"built_frac":0.366,"tree_frac":0.527,"canopy_frac_over_3m":0.321,"viirs_mean":17.7,"gdl_hdi":0.961,"gdl_region":"Massachusetts","ghsl_smod":30,"lst_anomaly_c":1.4,"lst_anomaly_c_climrel":0.175,"worldpop_pop_total":3390.0,"frac_under5":4.8,"frac_elderly_65plus":20.0,"frac_elderly_75plus":9.9,"old_age_dependency_ratio":0.302,"has_data":true},"geometry":{"type":"Polygon","coordinates":[[[-71.156349,42.487045],[-71.152037,42.485691],[-71.153524,42.490551],[-71.150465,42.490753],[-71.144382,42.489247],[-71.141176,42.487358],[-71.136797,42.487431],[-71.135734,42.487734],[-71.133149,42.481992],[-71.133078,42.481007],[-71.136121,42.481478],[-71.137257,42.482061],[-71.140266,42.482158],[-71.146622,42.480947],[-71.150792,42.481503],[-71.152175,42.479937],[-71.154487,42.481736],[-71.155249,42.482368],[-71.156097,42.483076],[-71.159854,42.48483],[-71.156349,42.487045]]]}},{"type":"Feature","properties":{"unit_id":"25017336201","name":"Census Tract 3362.01 \u2014 Middlesex","native_id":"25017336201","source":"census_tract_2025","adm3_name":"Middlesex County","adm3_id":"25017","area_sqm":1415213,"split":false,"population":3386.0,"days_covered":18,"daytime_peak_f":86.5,"heat_anomaly_f":4.0,"extreme_pct":17.0,"nighttime_stress_f":-3.3,"daytime_peak_f_climrel":0.2318,"heat_anomaly_f_climrel":0.2318,"nighttime_stress_f_climrel":-0.1839,"extreme_pct_climrel":0.425,"ref_daytime_hi_mean":82.5,"ref_daytime_hi_p95":96.1,"rwi_mean":null,"health_per_10k":0.0,"built_frac":0.181,"tree_frac":0.686,"canopy_frac_over_3m":0.417,"viirs_mean":10.7,"gdl_hdi":0.961,"gdl_region":"Massachusetts","ghsl_smod":21,"lst_anomaly_c":-3.03,"lst_anomaly_c_climrel":0,"worldpop_pop_total":2993.0,"frac_under5":6.7,"frac_elderly_65plus":18.3,"frac_elderly_75plus":7.8,"old_age_dependency_ratio":0.301,"has_data":true},"geometry":{"type":"Polygon","coordinates":[[[-71.061137,42.469421],[-71.061269,42.472651],[-71.061323,42.474072],[-71.061323,42.474196],[-71.056658,42.475208],[-71.053365,42.475925],[-71.047778,42.469593],[-71.046949,42.468653],[-71.041591,42.462576],[-71.045571,42.461557],[-71.047225,42.463004],[-71.054098,42.461935],[-71.054596,42.463582],[-71.054862,42.465255],[-71.056114,42.467351],[-71.057974,42.46747],[-71.059888,42.465932],[-71.061423,42.466899],[-71.061137,42.469421]]]}},{"type":"Feature","properties":{"unit_id":"25017373902","name":"Census Tract 3739.02 \u2014 Middlesex","native_id":"25017373902","source":"census_tract_2025","adm3_name":"Middlesex County","adm3_id":"25017","area_sqm":2414273,"split":false,"population":2961.0,"days_covered":18,"daytime_peak_f":87.1,"heat_anomaly_f":2.7,"extreme_pct":17.0,"nighttime_stress_f":-5.4,"daytime_peak_f_climrel":0.1532,"heat_anomaly_f_climrel":0.1532,"nighttime_stress_f_climrel":-0.3,"extreme_pct_climrel":0.425,"ref_daytime_hi_mean":84.4,"ref_daytime_hi_p95":98.1,"rwi_mean":null,"health_per_10k":3.3772374197906116,"built_frac":0.218,"tree_frac":0.734,"canopy_frac_over_3m":0.523,"viirs_mean":11.0,"gdl_hdi":0.961,"gdl_region":"Massachusetts","ghsl_smod":30,"lst_anomaly_c":-3.71,"lst_anomaly_c_climrel":0,"worldpop_pop_total":3803.0,"frac_under5":4.1,"frac_elderly_65plus":30.1,"frac_elderly_75plus":17.5,"old_age_dependency_ratio":0.561,"has_data":true},"geometry":{"type":"Polygon","coordinates":[[[-71.198167,42.308341],[-71.195478,42.314664],[-71.194388,42.318951],[-71.187721,42.318577],[-71.186954,42.318611],[-71.183161,42.319095],[-71.181841,42.319194],[-71.179064,42.319401],[-71.172481,42.321151],[-71.17172,42.31949],[-71.173715,42.318051],[-71.178935,42.314316],[-71.1698,42.307607],[-71.173881,42.306487],[-71.175001,42.305286],[-71.177808,42.307256],[-71.181347,42.308508],[-71.181422,42.310126],[-71.183492,42.310292],[-71.184154,42.310108],[-71.192097,42.303564],[-71.195731,42.307109],[-71.198167,42.308341]]]}},{"type":"Feature","properties":{"unit_id":"25017332201","name":"Census Tract 3322.01 \u2014 Middlesex","native_id":"25017332201","source":"census_tract_2025","adm3_name":"Middlesex County","adm3_id":"25017","area_sqm":2071512,"split":false,"population":4874.0,"days_covered":18,"daytime_peak_f":87.1,"heat_anomaly_f":3.0,"extreme_pct":17.0,"nighttime_stress_f":-5.1,"daytime_peak_f_climrel":0.1737,"heat_anomaly_f_climrel":0.1737,"nighttime_stress_f_climrel":-0.3,"extreme_pct_climrel":0.425,"ref_daytime_hi_mean":84.0,"ref_daytime_hi_p95":97.5,"rwi_mean":null,"health_per_10k":4.103405826836274,"built_frac":0.276,"tree_frac":0.655,"canopy_frac_over_3m":0.434,"viirs_mean":21.9,"gdl_hdi":0.961,"gdl_region":"Massachusetts","ghsl_smod":21,"lst_anomaly_c":-0.44,"lst_anomaly_c_climrel":0,"worldpop_pop_total":1959.0,"frac_under5":5.4,"frac_elderly_65plus":20.2,"frac_elderly_75plus":8.5,"old_age_dependency_ratio":0.317,"has_data":true},"geometry":{"type":"Polygon","coordinates":[[[-71.191584,42.488478],[-71.18626,42.492603],[-71.184209,42.493788],[-71.180831,42.49511],[-71.178071,42.495749],[-71.16849,42.497475],[-71.168914,42.490547],[-71.170186,42.488979],[-71.168924,42.487087],[-71.174838,42.485455],[-71.181501,42.483622],[-71.182944,42.482122],[-71.184641,42.481733],[-71.186437,42.481008],[-71.188737,42.483206],[-71.191584,42.488478]]]}},{"type":"Feature","properties":{"unit_id":"25017382601","name":"Census Tract 3826.01 \u2014 Middlesex","native_id":"25017382601","source":"census_tract_2025","adm3_name":"Middlesex County","adm3_id":"25017","area_sqm":1854242,"split":false,"population":3497.0,"days_covered":18,"daytime_peak_f":86.4,"heat_anomaly_f":2.4,"extreme_pct":17.0,"nighttime_stress_f":-5.7,"daytime_peak_f_climrel":0.1507,"heat_anomaly_f_climrel":0.1507,"nighttime_stress_f_climrel":-0.3,"extreme_pct_climrel":0.425,"ref_daytime_hi_mean":84.0,"ref_daytime_hi_p95":96.2,"rwi_mean":null,"health_per_10k":2.8595939376608523,"built_frac":0.182,"tree_frac":0.784,"canopy_frac_over_3m":0.504,"viirs_mean":15.4,"gdl_hdi":0.961,"gdl_region":"Massachusetts","ghsl_smod":21,"lst_anomaly_c":-3.09,"lst_anomaly_c_climrel":0,"worldpop_pop_total":4882.0,"frac_under5":6.9,"frac_elderly_65plus":12.0,"frac_elderly_75plus":5.1,"old_age_dependency_ratio":0.167,"has_data":true},"geometry":{"type":"Polygon","coordinates":[[[-71.399391,42.280607],[-71.394969,42.281555],[-71.392335,42.281779],[-71.390612,42.281911],[-71.387979,42.282082],[-71.380586,42.282496],[-71.375864,42.282574],[-71.376317,42.279597],[-71.376303,42.278155],[-71.379993,42.272024],[-71.381728,42.270383],[-71.386899,42.2713],[-71.390365,42.271916],[-71.393728,42.272519],[-71.395861,42.272908],[-71.396546,42.275974],[-71.397218,42.279006],[-71.399391,42.280607]]]}},{"type":"Feature","properties":{"unit_id":"25017332402","name":"Census Tract 3324.02 \u2014 Middlesex","native_id":"25017332402","source":"census_tract_2025","adm3_name":"Middlesex County","adm3_id":"25017","area_sqm":6254011,"split":false,"population":9893.0,"days_covered":18,"daytime_peak_f":87.1,"heat_anomaly_f":3.0,"extreme_pct":17.0,"nighttime_stress_f":-5.1,"daytime_peak_f_climrel":0.1737,"heat_anomaly_f_climrel":0.1737,"nighttime_stress_f_climrel":-0.3,"extreme_pct_climrel":0.425,"ref_daytime_hi_mean":84.0,"ref_daytime_hi_p95":97.5,"rwi_mean":null,"health_per_10k":4.043262913170929,"built_frac":0.334,"tree_frac":0.563,"canopy_frac_over_3m":0.443,"viirs_mean":34.5,"gdl_hdi":0.961,"gdl_region":"Massachusetts","ghsl_smod":12,"lst_anomaly_c":-1.79,"lst_anomaly_c_climrel":0,"worldpop_pop_total":2535.0,"frac_under5":4.7,"frac_elderly_65plus":23.4,"frac_elderly_75plus":14.7,"old_age_dependency_ratio":0.364,"has_data":true},"geometry":{"type":"Polygon","coordinates":[[[-71.237348,42.496457],[-71.232084,42.506029],[-71.231881,42.504818],[-71.229573,42.501792],[-71.225345,42.494006],[-71.221789,42.487456],[-71.219578,42.484209],[-71.215263,42.477931],[-71.205277,42.481025],[-71.201506,42.482578],[-71.196453,42.485268],[-71.191584,42.488478],[-71.188737,42.483206],[-71.186437,42.481008],[-71.18548,42.479967],[-71.187396,42.479364],[-71.188279,42.479696],[-71.204317,42.465845],[-71.210223,42.470727],[-71.210556,42.4677],[-71.211859,42.466518],[-71.212243,42.46635],[-71.213376,42.467286],[-71.223204,42.475395],[-71.223402,42.475559],[-71.240906,42.490013],[-71.237348,42.496457]]]}},{"type":"Feature","properties":{"unit_id":"25017336202","name":"Census Tract 3362.02 \u2014 Middlesex","native_id":"25017336202","source":"census_tract_2025","adm3_name":"Middlesex County","adm3_id":"25017","area_sqm":1057126,"split":false,"population":2460.6016850474352,"days_covered":18,"daytime_peak_f":86.5,"heat_anomaly_f":4.0,"extreme_pct":17.0,"nighttime_stress_f":-3.3,"daytime_peak_f_climrel":0.2318,"heat_anomaly_f_climrel":0.2318,"nighttime_stress_f_climrel":-0.1839,"extreme_pct_climrel":0.425,"ref_daytime_hi_mean":82.5,"ref_daytime_hi_p95":96.1,"rwi_mean":null,"health_per_10k":20.320233178673167,"built_frac":0.368,"tree_frac":0.601,"canopy_frac_over_3m":0.318,"viirs_mean":18.4,"gdl_hdi":0.961,"gdl_region":"Massachusetts","ghsl_smod":30,"lst_anomaly_c":0.2,"lst_anomaly_c_climrel":0.025,"worldpop_pop_total":3460.0,"frac_under5":6.3,"frac_elderly_65plus":19.5,"frac_elderly_75plus":9.1,"old_age_dependency_ratio":0.32,"has_data":true},"geometry":{"type":"Polygon","coordinates":[[[-71.064669,42.456147],[-71.06312,42.458771],[-71.062235,42.46074],[-71.061844,42.463835],[-71.061423,42.466899],[-71.059888,42.465932],[-71.057974,42.46747],[-71.056114,42.467351],[-71.054862,42.465255],[-71.054596,42.463582],[-71.054098,42.461935],[-71.047225,42.463004],[-71.045571,42.461557],[-71.041591,42.462576],[-71.039968,42.460735],[-71.042377,42.45995],[-71.047082,42.459214],[-71.053,42.458304],[-71.061207,42.456977],[-71.064048,42.456208],[-71.064669,42.456147]]]}},{"type":"Feature","properties":{"unit_id":"25017339802","name":"Census Tract 3398.02 \u2014 Middlesex","native_id":"25017339802","source":"census_tract_2025","adm3_name":"Middlesex County","adm3_id":"25017","area_sqm":1937393,"split":false,"population":6260.0,"days_covered":18,"daytime_peak_f":86.4,"heat_anomaly_f":3.6,"extreme_pct":22.0,"nighttime_stress_f":-3.6,"daytime_peak_f_climrel":0.1994,"heat_anomaly_f_climrel":0.1994,"nighttime_stress_f_climrel":-0.2085,"extreme_pct_climrel":0.55,"ref_daytime_hi_mean":82.8,"ref_daytime_hi_p95":97.0,"rwi_mean":null,"health_per_10k":7.987220447284344,"built_frac":0.535,"tree_frac":0.267,"canopy_frac_over_3m":0.205,"viirs_mean":50.8,"gdl_hdi":0.961,"gdl_region":"Massachusetts","ghsl_smod":30,"lst_anomaly_c":2.61,"lst_anomaly_c_climrel":0.3262,"worldpop_pop_total":5718.0,"frac_under5":5.3,"frac_elderly_65plus":15.2,"frac_elderly_75plus":7.4,"old_age_dependency_ratio":0.216,"has_data":true},"geometry":{"type":"Polygon","coordinates":[[[-71.104161,42.417374],[-71.099708,42.416849],[-71.096898,42.416193],[-71.093021,42.415603],[-71.084371,42.414117],[-71.084834,42.412437],[-71.084799,42.411001],[-71.081625,42.405548],[-71.081473,42.405078],[-71.081649,42.404666],[-71.082084,42.403486],[-71.083423,42.400013],[-71.085687,42.400651],[-71.093007,42.39923],[-71.093883,42.399632],[-71.095526,42.400114],[-71.093929,42.404054],[-71.099771,42.408299],[-71.101066,42.41296],[-71.103299,42.414751],[-71.104016,42.414769],[-71.104024,42.414904],[-71.1041,42.416355],[-71.104161,42.417374]]]}},{"type":"Feature","properties":{"unit_id":"25025091500","name":"Census Tract 915 \u2014 Suffolk","native_id":"25025091500","source":"census_tract_2025","adm3_name":"Suffolk County","adm3_id":"25025","area_sqm":404167,"split":false,"population":3946.0,"days_covered":18,"daytime_peak_f":87.3,"heat_anomaly_f":2.9,"extreme_pct":17.0,"nighttime_stress_f":-5.1,"daytime_peak_f_climrel":0.1686,"heat_anomaly_f_climrel":0.1686,"nighttime_stress_f_climrel":-0.3,"extreme_pct_climrel":0.425,"ref_daytime_hi_mean":84.4,"ref_daytime_hi_p95":98.1,"rwi_mean":null,"health_per_10k":0.0,"built_frac":0.71,"tree_frac":0.287,"canopy_frac_over_3m":0.182,"viirs_mean":49.3,"gdl_hdi":0.961,"gdl_region":"Massachusetts","ghsl_smod":30,"lst_anomaly_c":2.7,"lst_anomaly_c_climrel":0.3375,"worldpop_pop_total":4533.0,"frac_under5":5.9,"frac_elderly_65plus":12.5,"frac_elderly_75plus":5.4,"old_age_dependency_ratio":0.183,"has_data":true},"geometry":{"type":"Polygon","coordinates":[[[-71.06972,42.311639],[-71.068499,42.312726],[-71.067429,42.314603],[-71.06564,42.314849],[-71.064602,42.314769],[-71.064213,42.314105],[-71.063259,42.313688],[-71.062372,42.313332],[-71.060403,42.312552],[-71.058881,42.312771],[-71.059379,42.311039],[-71.059574,42.310551],[-71.060746,42.310205],[-71.061387,42.308742],[-71.063907,42.308347],[-71.06503,42.30808],[-71.066298,42.309163],[-71.068416,42.31066],[-71.070217,42.311334],[-71.06972,42.311639]]]}},{"type":"Feature","properties":{"unit_id":"25025110106","name":"Census Tract 1101.06 \u2014 Suffolk","native_id":"25025110106","source":"census_tract_2025","adm3_name":"Suffolk County","adm3_id":"25025","area_sqm":212664,"split":false,"population":568.0200993251806,"days_covered":18,"daytime_peak_f":87.3,"heat_anomaly_f":2.9,"extreme_pct":17.0,"nighttime_stress_f":-5.1,"daytime_peak_f_climrel":0.1686,"heat_anomaly_f_climrel":0.1686,"nighttime_stress_f_climrel":-0.3,"extreme_pct_climrel":0.425,"ref_daytime_hi_mean":84.4,"ref_daytime_hi_p95":98.1,"rwi_mean":null,"health_per_10k":0.0,"built_frac":0.524,"tree_frac":0.475,"canopy_frac_over_3m":0.335,"viirs_mean":33.4,"gdl_hdi":0.961,"gdl_region":"Massachusetts","ghsl_smod":30,"lst_anomaly_c":0.38,"lst_anomaly_c_climrel":0.0475,"worldpop_pop_total":1334.0,"frac_under5":5.0,"frac_elderly_65plus":14.9,"frac_elderly_75plus":6.1,"old_age_dependency_ratio":0.207,"has_data":true},"geometry":{"type":"Polygon","coordinates":[[[-71.119259,42.290486],[-71.119171,42.291205],[-71.11882,42.292527],[-71.118415,42.293409],[-71.116735,42.296236],[-71.115956,42.295838],[-71.115368,42.294572],[-71.114,42.29374],[-71.1134,42.293118],[-71.1139,42.292482],[-71.114432,42.291572],[-71.114402,42.290649],[-71.116587,42.289111],[-71.11726,42.289864],[-71.119282,42.290235],[-71.119259,42.290486]]]}},{"type":"Feature","properties":{"unit_id":"25025120104","name":"Census Tract 1201.04 \u2014 Suffolk","native_id":"25025120104","source":"census_tract_2025","adm3_name":"Suffolk County","adm3_id":"25025","area_sqm":405800,"split":false,"population":1247.469214604027,"days_covered":18,"daytime_peak_f":87.3,"heat_anomaly_f":2.9,"extreme_pct":17.0,"nighttime_stress_f":-5.1,"daytime_peak_f_climrel":0.1686,"heat_anomaly_f_climrel":0.1686,"nighttime_stress_f_climrel":-0.3,"extreme_pct_climrel":0.425,"ref_daytime_hi_mean":84.4,"ref_daytime_hi_p95":98.1,"rwi_mean":null,"health_per_10k":0.0,"built_frac":0.545,"tree_frac":0.422,"canopy_frac_over_3m":0.344,"viirs_mean":36.4,"gdl_hdi":0.961,"gdl_region":"Massachusetts","ghsl_smod":30,"lst_anomaly_c":1.36,"lst_anomaly_c_climrel":0.17,"worldpop_pop_total":2413.0,"frac_under5":5.6,"frac_elderly_65plus":10.8,"frac_elderly_75plus":3.7,"old_age_dependency_ratio":0.14,"has_data":true},"geometry":{"type":"Polygon","coordinates":[[[-71.120727,42.309009],[-71.118254,42.308767],[-71.115472,42.309675],[-71.115555,42.308474],[-71.115506,42.307655],[-71.115339,42.306839],[-71.115245,42.306632],[-71.11467,42.305491],[-71.114461,42.301904],[-71.113384,42.301492],[-71.115436,42.298206],[-71.115434,42.298903],[-71.12002,42.299817],[-71.11696,42.302186],[-71.118796,42.302996],[-71.120002,42.304567],[-71.119566,42.306432],[-71.12025,42.308347],[-71.121463,42.308685],[-71.120727,42.309009]]]}},{"type":"Feature","properties":{"unit_id":"25017368800","name":"Census Tract 3688 \u2014 Middlesex","native_id":"25017368800","source":"census_tract_2025","adm3_name":"Middlesex County","adm3_id":"25017","area_sqm":1686185,"split":false,"population":3558.0,"days_covered":18,"daytime_peak_f":87.1,"heat_anomaly_f":3.0,"extreme_pct":17.0,"nighttime_stress_f":-5.1,"daytime_peak_f_climrel":0.1716,"heat_anomaly_f_climrel":0.1716,"nighttime_stress_f_climrel":-0.3,"extreme_pct_climrel":0.425,"ref_daytime_hi_mean":84.1,"ref_daytime_hi_p95":97.6,"rwi_mean":null,"health_per_10k":11.242270938729623,"built_frac":0.632,"tree_frac":0.305,"canopy_frac_over_3m":0.21,"viirs_mean":42.4,"gdl_hdi":0.961,"gdl_region":"Massachusetts","ghsl_smod":30,"lst_anomaly_c":3.36,"lst_anomaly_c_climrel":0.42,"worldpop_pop_total":6556.0,"frac_under5":5.3,"frac_elderly_65plus":20.6,"frac_elderly_75plus":11.1,"old_age_dependency_ratio":0.311,"has_data":true},"geometry":{"type":"Polygon","coordinates":[[[-71.243685,42.374007],[-71.241722,42.374749],[-71.241772,42.376252],[-71.238987,42.376179],[-71.236801,42.376207],[-71.23494,42.376489],[-71.233011,42.37683],[-71.231894,42.376946],[-71.230406,42.377118],[-71.229167,42.377286],[-71.225562,42.377711],[-71.223629,42.377801],[-71.221894,42.377858],[-71.220789,42.377726],[-71.21293,42.37572],[-71.212059,42.375389],[-71.209206,42.37401],[-71.208515,42.37385],[-71.211485,42.371312],[-71.217061,42.366569],[-71.21719,42.366534],[-71.220333,42.368456],[-71.223781,42.369309],[-71.225532,42.371105],[-71.228795,42.372466],[-71.23141,42.37344],[-71.232689,42.373041],[-71.233116,42.37284],[-71.23484,42.37248],[-71.236609,42.373008],[-71.236581,42.373153],[-71.236521,42.374087],[-71.238001,42.373799],[-71.239751,42.373223],[-71.242711,42.372016],[-71.243215,42.372862],[-71.243685,42.374007]]]}},{"type":"Feature","properties":{"unit_id":"25017335301","name":"Census Tract 3353.01 \u2014 Middlesex","native_id":"25017335301","source":"census_tract_2025","adm3_name":"Middlesex County","adm3_id":"25017","area_sqm":2837475,"split":false,"population":3364.0,"days_covered":18,"daytime_peak_f":86.5,"heat_anomaly_f":4.0,"extreme_pct":17.0,"nighttime_stress_f":-3.3,"daytime_peak_f_climrel":0.2318,"heat_anomaly_f_climrel":0.2318,"nighttime_stress_f_climrel":-0.1839,"extreme_pct_climrel":0.425,"ref_daytime_hi_mean":82.5,"ref_daytime_hi_p95":96.1,"rwi_mean":null,"health_per_10k":8.9179548156956,"built_frac":0.245,"tree_frac":0.716,"canopy_frac_over_3m":0.5,"viirs_mean":13.5,"gdl_hdi":0.961,"gdl_region":"Massachusetts","ghsl_smod":12,"lst_anomaly_c":-2.26,"lst_anomaly_c_climrel":0,"worldpop_pop_total":4098.0,"frac_under5":5.8,"frac_elderly_65plus":18.5,"frac_elderly_75plus":7.9,"old_age_dependency_ratio":0.28,"has_data":true},"geometry":{"type":"Polygon","coordinates":[[[-71.069736,42.497965],[-71.069319,42.499702],[-71.067293,42.502803],[-71.064571,42.502537],[-71.06312,42.502776],[-71.060932,42.503255],[-71.057774,42.50291],[-71.055732,42.501698],[-71.05057,42.500185],[-71.048749,42.499805],[-71.042087,42.498271],[-71.040325,42.496712],[-71.039908,42.495949],[-71.041859,42.493292],[-71.043538,42.494551],[-71.048374,42.494553],[-71.052362,42.495186],[-71.051677,42.491866],[-71.055927,42.491161],[-71.060975,42.486221],[-71.064165,42.486533],[-71.064776,42.482937],[-71.066257,42.482453],[-71.069034,42.486303],[-71.069427,42.489686],[-71.069322,42.490795],[-71.070305,42.495553],[-71.069736,42.497965]]]}},{"type":"Feature","properties":{"unit_id":"25017387202","name":"Census Tract 3872.02 \u2014 Middlesex","native_id":"25017387202","source":"census_tract_2025","adm3_name":"Middlesex County","adm3_id":"25017","area_sqm":19491709,"split":false,"population":2614.0,"days_covered":18,"daytime_peak_f":86.4,"heat_anomaly_f":2.3,"extreme_pct":17.0,"nighttime_stress_f":-6.0,"daytime_peak_f_climrel":0.1402,"heat_anomaly_f_climrel":0.1402,"nighttime_stress_f_climrel":-0.3,"extreme_pct_climrel":0.425,"ref_daytime_hi_mean":84.0,"ref_daytime_hi_p95":96.3,"rwi_mean":null,"health_per_10k":0.0,"built_frac":0.017,"tree_frac":0.902,"canopy_frac_over_3m":0.769,"viirs_mean":2.1,"gdl_hdi":0.961,"gdl_region":"Massachusetts","ghsl_smod":12,"lst_anomaly_c":-8.41,"lst_anomaly_c_climrel":0,"worldpop_pop_total":4481.0,"frac_under5":4.6,"frac_elderly_65plus":18.2,"frac_elderly_75plus":6.9,"old_age_dependency_ratio":0.29,"has_data":true},"geometry":{"type":"Polygon","coordinates":[[[-71.502626,42.191416],[-71.496335,42.195058],[-71.482345,42.204035],[-71.479593,42.205559],[-71.460271,42.216251],[-71.463921,42.226718],[-71.46711,42.230773],[-71.45856,42.23211],[-71.457316,42.231084],[-71.454063,42.223198],[-71.452524,42.220517],[-71.450144,42.215056],[-71.449028,42.210705],[-71.445942,42.206534],[-71.446083,42.205549],[-71.448611,42.204764],[-71.448874,42.203311],[-71.443958,42.197738],[-71.442659,42.193884],[-71.439488,42.189202],[-71.440204,42.186181],[-71.440636,42.185485],[-71.445145,42.1827],[-71.447554,42.180626],[-71.448629,42.180129],[-71.456599,42.178918],[-71.458655,42.178237],[-71.464094,42.175659],[-71.468591,42.174406],[-71.471705,42.172168],[-71.471667,42.170879],[-71.474411,42.163409],[-71.474535,42.162598],[-71.478096,42.158661],[-71.478027,42.165871],[-71.493136,42.16621],[-71.497378,42.166643],[-71.502626,42.191416]]]}},{"type":"Feature","properties":{"unit_id":"25025010802","name":"Census Tract 108.02 \u2014 Suffolk","native_id":"25025010802","source":"census_tract_2025","adm3_name":"Suffolk County","adm3_id":"25025","area_sqm":156827,"split":false,"population":1826.2053117974608,"days_covered":18,"daytime_peak_f":86.4,"heat_anomaly_f":3.6,"extreme_pct":22.0,"nighttime_stress_f":-3.6,"daytime_peak_f_climrel":0.1994,"heat_anomaly_f_climrel":0.1994,"nighttime_stress_f_climrel":-0.2085,"extreme_pct_climrel":0.55,"ref_daytime_hi_mean":82.8,"ref_daytime_hi_p95":97.0,"rwi_mean":null,"health_per_10k":5.475835567555874,"built_frac":0.844,"tree_frac":0.145,"canopy_frac_over_3m":0.113,"viirs_mean":91.2,"gdl_hdi":0.961,"gdl_region":"Massachusetts","ghsl_smod":30,"lst_anomaly_c":2.14,"lst_anomaly_c_climrel":0.2675,"worldpop_pop_total":2776.0,"frac_under5":2.9,"frac_elderly_65plus":15.1,"frac_elderly_75plus":6.3,"old_age_dependency_ratio":0.192,"has_data":true},"geometry":{"type":"Polygon","coordinates":[[[-71.089862,42.351576],[-71.085915,42.352526],[-71.081595,42.353704],[-71.080862,42.352267],[-71.083173,42.351651],[-71.085125,42.351144],[-71.084699,42.350297],[-71.086243,42.34991],[-71.08871,42.349252],[-71.089497,42.350848],[-71.089757,42.351363],[-71.089862,42.351576]]]}},{"type":"Feature","properties":{"unit_id":"25025061000","name":"Census Tract 610 \u2014 Suffolk","native_id":"25025061000","source":"census_tract_2025","adm3_name":"Suffolk County","adm3_id":"25025","area_sqm":159578,"split":false,"population":941.7062269732423,"days_covered":18,"daytime_peak_f":86.6,"heat_anomaly_f":4.2,"extreme_pct":28.0,"nighttime_stress_f":-3.3,"daytime_peak_f_climrel":0.2575,"heat_anomaly_f_climrel":0.2575,"nighttime_stress_f_climrel":-0.196,"extreme_pct_climrel":0.7,"ref_daytime_hi_mean":82.4,"ref_daytime_hi_p95":95.6,"rwi_mean":null,"health_per_10k":0.0,"built_frac":0.939,"tree_frac":0.049,"canopy_frac_over_3m":0.097,"viirs_mean":71.2,"gdl_hdi":0.961,"gdl_region":"Massachusetts","ghsl_smod":30,"lst_anomaly_c":2.92,"lst_anomaly_c_climrel":0.365,"worldpop_pop_total":1676.0,"frac_under5":5.6,"frac_elderly_65plus":9.8,"frac_elderly_75plus":2.9,"old_age_dependency_ratio":0.132,"has_data":true},"geometry":{"type":"Polygon","coordinates":[[[-71.053151,42.33152],[-71.052302,42.332046],[-71.051057,42.332794],[-71.049688,42.333549],[-71.047508,42.334599],[-71.047456,42.332966],[-71.047415,42.331245],[-71.047384,42.330419],[-71.050419,42.330213],[-71.052234,42.329058],[-71.052659,42.329356],[-71.052766,42.330487],[-71.053151,42.33152]]]}},{"type":"Feature","properties":{"unit_id":"25017323101","name":"Census Tract 3231.01 \u2014 Middlesex","native_id":"25017323101","source":"census_tract_2025","adm3_name":"Middlesex County","adm3_id":"25017","area_sqm":20436898,"split":false,"population":3259.0,"days_covered":18,"daytime_peak_f":87.1,"heat_anomaly_f":2.9,"extreme_pct":17.0,"nighttime_stress_f":-6.7,"daytime_peak_f_climrel":0.1862,"heat_anomaly_f_climrel":0.1862,"nighttime_stress_f_climrel":-0.3,"extreme_pct_climrel":0.425,"ref_daytime_hi_mean":84.1,"ref_daytime_hi_p95":96.0,"rwi_mean":null,"health_per_10k":15.342129487572874,"built_frac":0.027,"tree_frac":0.791,"canopy_frac_over_3m":0.636,"viirs_mean":1.9,"gdl_hdi":0.961,"gdl_region":"Massachusetts","ghsl_smod":12,"lst_anomaly_c":-7.18,"lst_anomaly_c_climrel":0,"worldpop_pop_total":3786.0,"frac_under5":4.5,"frac_elderly_65plus":20.2,"frac_elderly_75plus":8.8,"old_age_dependency_ratio":0.325,"has_data":true},"geometry":{"type":"Polygon","coordinates":[[[-71.551273,42.412263],[-71.549554,42.413328],[-71.546993,42.41376],[-71.544451,42.415193],[-71.54099,42.415332],[-71.538952,42.42163],[-71.534508,42.426135],[-71.531375,42.430327],[-71.529229,42.434618],[-71.525512,42.434319],[-71.520548,42.435547],[-71.514757,42.436764],[-71.511918,42.436862],[-71.510554,42.44109],[-71.511659,42.443408],[-71.511122,42.447344],[-71.507574,42.445955],[-71.506377,42.444922],[-71.503116,42.444147],[-71.500698,42.442076],[-71.482741,42.448305],[-71.480566,42.447846],[-71.476869,42.444432],[-71.482748,42.440432],[-71.484521,42.432607],[-71.483241,42.431399],[-71.482955,42.429468],[-71.48069,42.426703],[-71.477795,42.426144],[-71.474809,42.423276],[-71.474774,42.423142],[-71.474496,42.422081],[-71.474376,42.421624],[-71.477051,42.420032],[-71.486262,42.41631],[-71.496614,42.414673],[-71.496715,42.40744],[-71.484883,42.399483],[-71.482026,42.400423],[-71.471073,42.396241],[-71.471344,42.395175],[-71.472678,42.390025],[-71.486116,42.393271],[-71.487738,42.394968],[-71.486949,42.396024],[-71.489919,42.396332],[-71.490885,42.395229],[-71.492977,42.396398],[-71.500452,42.395421],[-71.503848,42.397482],[-71.510805,42.397524],[-71.517924,42.398154],[-71.52396,42.396739],[-71.526822,42.396065],[-71.528049,42.401524],[-71.534422,42.403657],[-71.544561,42.407064],[-71.551051,42.409239],[-71.551273,42.412263]]]}},{"type":"Feature","properties":{"unit_id":"25017361100","name":"Census Tract 3611 \u2014 Middlesex","native_id":"25017361100","source":"census_tract_2025","adm3_name":"Middlesex County","adm3_id":"25017","area_sqm":19053950,"split":false,"population":7527.0,"days_covered":18,"daytime_peak_f":86.7,"heat_anomaly_f":2.9,"extreme_pct":17.0,"nighttime_stress_f":-5.9,"daytime_peak_f_climrel":0.179,"heat_anomaly_f_climrel":0.179,"nighttime_stress_f_climrel":-0.3,"extreme_pct_climrel":0.425,"ref_daytime_hi_mean":83.8,"ref_daytime_hi_p95":96.1,"rwi_mean":null,"health_per_10k":10.62840441078783,"built_frac":0.056,"tree_frac":0.757,"canopy_frac_over_3m":0.586,"viirs_mean":4.6,"gdl_hdi":0.961,"gdl_region":"Massachusetts","ghsl_smod":12,"lst_anomaly_c":-6.69,"lst_anomaly_c_climrel":0,"worldpop_pop_total":5282.0,"frac_under5":3.8,"frac_elderly_65plus":30.6,"frac_elderly_75plus":17.0,"old_age_dependency_ratio":0.593,"has_data":true},"geometry":{"type":"Polygon","coordinates":[[[-71.394189,42.427157],[-71.394481,42.431379],[-71.394111,42.435815],[-71.391694,42.444048],[-71.389135,42.449862],[-71.389236,42.451274],[-71.390855,42.454622],[-71.389787,42.456333],[-71.39314,42.459651],[-71.393254,42.461896],[-71.392162,42.463568],[-71.391393,42.465761],[-71.39127,42.4658],[-71.385962,42.467108],[-71.383596,42.468859],[-71.380422,42.469041],[-71.378575,42.470807],[-71.376941,42.471275],[-71.373226,42.47069],[-71.370919,42.472208],[-71.368955,42.472584],[-71.365228,42.470995],[-71.362755,42.470593],[-71.362561,42.46944],[-71.363653,42.46746],[-71.363729,42.46586],[-71.3622,42.464572],[-71.357974,42.465404],[-71.35837,42.463957],[-71.35605,42.462036],[-71.359008,42.458639],[-71.356078,42.456015],[-71.349791,42.45262],[-71.343394,42.449128],[-71.339305,42.443371],[-71.334284,42.440145],[-71.333575,42.439249],[-71.335379,42.437776],[-71.35256,42.426923],[-71.354507,42.422046],[-71.357084,42.419826],[-71.359152,42.420666],[-71.362562,42.421056],[-71.364573,42.420079],[-71.363928,42.416022],[-71.365212,42.413353],[-71.36634,42.41272],[-71.37459,42.415841],[-71.396264,42.42402],[-71.394189,42.427157]]]}},{"type":"Feature","properties":{"unit_id":"25017350201","name":"Census Tract 3502.01 \u2014 Middlesex","native_id":"25017350201","source":"census_tract_2025","adm3_name":"Middlesex County","adm3_id":"25017","area_sqm":246382,"split":false,"population":1868.424369744077,"days_covered":18,"daytime_peak_f":86.4,"heat_anomaly_f":3.6,"extreme_pct":22.0,"nighttime_stress_f":-3.6,"daytime_peak_f_climrel":0.1994,"heat_anomaly_f_climrel":0.1994,"nighttime_stress_f_climrel":-0.2085,"extreme_pct_climrel":0.55,"ref_daytime_hi_mean":82.8,"ref_daytime_hi_p95":97.0,"rwi_mean":null,"health_per_10k":0.0,"built_frac":0.867,"tree_frac":0.132,"canopy_frac_over_3m":0.099,"viirs_mean":44.7,"gdl_hdi":0.961,"gdl_region":"Massachusetts","ghsl_smod":30,"lst_anomaly_c":4.57,"lst_anomaly_c_climrel":0.5713,"worldpop_pop_total":2512.0,"frac_under5":4.8,"frac_elderly_65plus":10.4,"frac_elderly_75plus":4.1,"old_age_dependency_ratio":0.133,"has_data":true},"geometry":{"type":"Polygon","coordinates":[[[-71.096915,42.389508],[-71.095663,42.391399],[-71.093633,42.391485],[-71.093081,42.39236],[-71.092566,42.392114],[-71.090778,42.390838],[-71.090346,42.390613],[-71.089262,42.390084],[-71.088199,42.389604],[-71.089331,42.38846],[-71.089502,42.388232],[-71.090477,42.38652],[-71.093175,42.387361],[-71.095676,42.38813],[-71.096915,42.389508]]]}},{"type":"Feature","properties":{"unit_id":"25017373600","name":"Census Tract 3736 \u2014 Middlesex","native_id":"25017373600","source":"census_tract_2025","adm3_name":"Middlesex County","adm3_id":"25017","area_sqm":3007639,"split":false,"population":10075.0,"days_covered":18,"daytime_peak_f":87.1,"heat_anomaly_f":2.7,"extreme_pct":17.0,"nighttime_stress_f":-5.4,"daytime_peak_f_climrel":0.1532,"heat_anomaly_f_climrel":0.1532,"nighttime_stress_f_climrel":-0.3,"extreme_pct_climrel":0.425,"ref_daytime_hi_mean":84.4,"ref_daytime_hi_p95":98.1,"rwi_mean":null,"health_per_10k":0.0,"built_frac":0.186,"tree_frac":0.765,"canopy_frac_over_3m":0.56,"viirs_mean":24.6,"gdl_hdi":0.961,"gdl_region":"Massachusetts","ghsl_smod":30,"lst_anomaly_c":-2.93,"lst_anomaly_c_climrel":0,"worldpop_pop_total":5215.0,"frac_under5":1.8,"frac_elderly_65plus":11.6,"frac_elderly_75plus":5.5,"old_age_dependency_ratio":0.144,"has_data":true},"geometry":{"type":"Polygon","coordinates":[[[-71.193467,42.333439],[-71.193416,42.334483],[-71.193326,42.336007],[-71.1923,42.336199],[-71.185648,42.336494],[-71.17836,42.336115],[-71.175358,42.337233],[-71.17326,42.337069],[-71.172099,42.337043],[-71.169954,42.338934],[-71.16674,42.339854],[-71.168936,42.338449],[-71.168886,42.335826],[-71.167565,42.333441],[-71.162732,42.333961],[-71.160917,42.333639],[-71.157036,42.33039],[-71.164599,42.324632],[-71.167348,42.322641],[-71.169223,42.321994],[-71.170485,42.321538],[-71.17172,42.31949],[-71.172481,42.321151],[-71.179064,42.319401],[-71.181086,42.319342],[-71.179189,42.320667],[-71.178459,42.323923],[-71.176626,42.323935],[-71.175812,42.326654],[-71.178026,42.328838],[-71.186051,42.330356],[-71.186061,42.331474],[-71.192233,42.330445],[-71.194842,42.330063],[-71.193467,42.333439]]]}},{"type":"Feature","properties":{"unit_id":"25017354000","name":"Census Tract 3540 \u2014 Middlesex","native_id":"25017354000","source":"census_tract_2025","adm3_name":"Middlesex County","adm3_id":"25017","area_sqm":424010,"split":false,"population":7046.0,"days_covered":18,"daytime_peak_f":86.4,"heat_anomaly_f":3.6,"extreme_pct":22.0,"nighttime_stress_f":-3.6,"daytime_peak_f_climrel":0.1994,"heat_anomaly_f_climrel":0.1994,"nighttime_stress_f_climrel":-0.2085,"extreme_pct_climrel":0.55,"ref_daytime_hi_mean":82.8,"ref_daytime_hi_p95":97.0,"rwi_mean":null,"health_per_10k":2.838489923360772,"built_frac":0.464,"tree_frac":0.476,"canopy_frac_over_3m":0.346,"viirs_mean":36.2,"gdl_hdi":0.961,"gdl_region":"Massachusetts","ghsl_smod":30,"lst_anomaly_c":1.99,"lst_anomaly_c_climrel":0.2487,"worldpop_pop_total":4614.0,"frac_under5":1.8,"frac_elderly_65plus":15.8,"frac_elderly_75plus":7.1,"old_age_dependency_ratio":0.198,"has_data":true},"geometry":{"type":"Polygon","coordinates":[[[-71.126117,42.38138],[-71.1267,42.382045],[-71.124887,42.382889],[-71.124235,42.384443],[-71.123272,42.385522],[-71.121375,42.384448],[-71.119464,42.38483],[-71.119798,42.381746],[-71.119983,42.379983],[-71.12019,42.377701],[-71.119141,42.375151],[-71.122151,42.376534],[-71.123718,42.378337],[-71.127503,42.380407],[-71.126117,42.38138]]]}},{"type":"Feature","properties":{"unit_id":"25025980101","name":"Census Tract 9801.01 \u2014 Suffolk","native_id":"25025980101","source":"census_tract_2025","adm3_name":"Suffolk County","adm3_id":"25025","area_sqm":3270316,"split":false,"population":0.0,"days_covered":18,"daytime_peak_f":86.6,"heat_anomaly_f":4.2,"extreme_pct":28.0,"nighttime_stress_f":-3.3,"daytime_peak_f_climrel":0.2575,"heat_anomaly_f_climrel":0.2575,"nighttime_stress_f_climrel":-0.196,"extreme_pct_climrel":0.7,"ref_daytime_hi_mean":82.4,"ref_daytime_hi_p95":95.6,"rwi_mean":null,"health_per_10k":null,"built_frac":0.132,"tree_frac":0.297,"canopy_frac_over_3m":0.193,"viirs_mean":6.6,"gdl_hdi":0.961,"gdl_region":"Massachusetts","ghsl_smod":11,"lst_anomaly_c":-10.08,"lst_anomaly_c_climrel":0,"worldpop_pop_total":null,"frac_under5":null,"frac_elderly_65plus":null,"frac_elderly_75plus":null,"old_age_dependency_ratio":null,"has_data":true},"geometry":{"type":"MultiPolygon","coordinates":[[[[-70.93091,42.321605],[-70.930248,42.322292],[-70.925969,42.321909],[-70.925473,42.319212],[-70.925308,42.317223],[-70.928055,42.317223],[-70.93076,42.319027],[-70.93091,42.321605]]],[[[-70.932091,42.332698],[-70.931758,42.333116],[-70.93068,42.333698],[-70.929717,42.333973],[-70.928692,42.332324],[-70.926834,42.330376],[-70.923068,42.32699],[-70.922598,42.326144],[-70.923722,42.32536],[-70.924716,42.32488],[-70.925883,42.324944],[-70.92679,42.32536],[-70.92705,42.32635],[-70.927698,42.327341],[-70.929383,42.328171],[-70.930593,42.328107],[-70.931414,42.328267],[-70.93211,42.328915],[-70.931025,42.329673],[-70.930809,42.331015],[-70.931241,42.331909],[-70.932464,42.332228],[-70.932091,42.332698]]],[[[-70.94278,42.327181],[-70.940749,42.328139],[-70.937248,42.3275],[-70.934947,42.326807],[-70.936544,42.324866],[-70.939854,42.324245],[-70.942948,42.325695],[-70.94278,42.327181]]],[[[-70.958094,42.31165],[-70.95434,42.31299],[-70.951492,42.313564],[-70.948515,42.311937],[-70.94968,42.311076],[-70.952399,42.31098],[-70.9542866009988,42.3086528340082],[-70.95434,42.308587],[-70.957835,42.309831],[-70.958094,42.31165]]],[[[-70.968935,42.355925],[-70.967257,42.357069],[-70.967048,42.356954],[-70.9668748754428,42.3570563182718],[-70.962365,42.354976],[-70.958599,42.35551],[-70.953292,42.349698],[-70.953022,42.343973],[-70.960047,42.346506],[-70.965276,42.351424],[-70.9700244514225,42.3552840314789],[-70.968935,42.355925]]],[[[-70.977402,42.312294],[-70.9769047642447,42.3125742537046],[-70.9741558294847,42.3141236176471],[-70.970392,42.316245],[-70.967545,42.322895],[-70.957268,42.331661],[-70.952805,42.330627],[-70.953693,42.327921],[-70.95913,42.324572],[-70.963531,42.318542],[-70.965732,42.313469],[-70.968968,42.31299],[-70.971169,42.311171],[-70.974273,42.310198],[-70.977219,42.310249],[-70.977402,42.312294]]],[[[-70.989162,42.328304],[-70.984243,42.3284],[-70.983078,42.327156],[-70.983984,42.321317],[-70.985667,42.318733],[-70.988774,42.319212],[-70.988903,42.32371],[-70.991621,42.326294],[-70.989162,42.328304]]],[[[-71.016643,42.313731],[-71.01132,42.316355],[-71.006364,42.320911],[-71.000305,42.321282],[-70.999534,42.31992],[-71.000371,42.319326],[-71.003251,42.319524],[-71.006699,42.316133],[-71.011487,42.309299],[-71.014601,42.309869],[-71.017179,42.311751],[-71.016643,42.313731]]]]}},{"type":"Feature","properties":{"unit_id":"25017310200","name":"Census Tract 3102 \u2014 Middlesex","native_id":"25017310200","source":"census_tract_2025","adm3_name":"Middlesex County","adm3_id":"25017","area_sqm":1909151,"split":false,"population":2667.0,"days_covered":18,"daytime_peak_f":86.6,"heat_anomaly_f":2.7,"extreme_pct":17.0,"nighttime_stress_f":-5.7,"daytime_peak_f_climrel":0.1535,"heat_anomaly_f_climrel":0.1535,"nighttime_stress_f_climrel":-0.3,"extreme_pct_climrel":0.425,"ref_daytime_hi_mean":83.9,"ref_daytime_hi_p95":96.4,"rwi_mean":null,"health_per_10k":0.0,"built_frac":0.4,"tree_frac":0.497,"canopy_frac_over_3m":0.337,"viirs_mean":20.1,"gdl_hdi":0.961,"gdl_region":"Massachusetts","ghsl_smod":30,"lst_anomaly_c":-0.24,"lst_anomaly_c_climrel":0,"worldpop_pop_total":6617.0,"frac_under5":6.4,"frac_elderly_65plus":13.3,"frac_elderly_75plus":4.8,"old_age_dependency_ratio":0.198,"has_data":true},"geometry":{"type":"Polygon","coordinates":[[[-71.304192,42.649303],[-71.302982,42.651873],[-71.302309,42.653694],[-71.302626,42.655079],[-71.303496,42.657516],[-71.303514,42.660479],[-71.303372,42.665724],[-71.300639,42.666293],[-71.299569,42.666515],[-71.294264,42.65914],[-71.29108,42.654718],[-71.287867,42.650248],[-71.28686,42.648868],[-71.286011,42.649559],[-71.286788,42.647434],[-71.292447,42.644567],[-71.294312,42.644732],[-71.299286,42.646773],[-71.299416,42.6468],[-71.302131,42.647091],[-71.302832,42.647281],[-71.305173,42.648113],[-71.304192,42.649303]]]}},{"type":"Feature","properties":{"unit_id":"25025081101","name":"Census Tract 811.01 \u2014 Suffolk","native_id":"25025081101","source":"census_tract_2025","adm3_name":"Suffolk County","adm3_id":"25025","area_sqm":117783,"split":false,"population":843.0516170947105,"days_covered":18,"daytime_peak_f":87.3,"heat_anomaly_f":2.9,"extreme_pct":17.0,"nighttime_stress_f":-5.1,"daytime_peak_f_climrel":0.1686,"heat_anomaly_f_climrel":0.1686,"nighttime_stress_f_climrel":-0.3,"extreme_pct_climrel":0.425,"ref_daytime_hi_mean":84.4,"ref_daytime_hi_p95":98.1,"rwi_mean":null,"health_per_10k":11.861669911104121,"built_frac":0.605,"tree_frac":0.386,"canopy_frac_over_3m":0.275,"viirs_mean":37.5,"gdl_hdi":0.961,"gdl_region":"Massachusetts","ghsl_smod":30,"lst_anomaly_c":2.15,"lst_anomaly_c_climrel":0.2687,"worldpop_pop_total":1606.0,"frac_under5":2.5,"frac_elderly_65plus":19.4,"frac_elderly_75plus":12.2,"old_age_dependency_ratio":0.256,"has_data":true},"geometry":{"type":"Polygon","coordinates":[[[-71.115078,42.323573],[-71.112828,42.325876],[-71.112284,42.329808],[-71.113147,42.331319],[-71.113016,42.331932],[-71.112298,42.332003],[-71.111297,42.330066],[-71.110832,42.329073],[-71.112259,42.324552],[-71.112202,42.323125],[-71.114098,42.323307],[-71.115078,42.323573]]]}},{"type":"Feature","properties":{"unit_id":"25017336100","name":"Census Tract 3361 \u2014 Middlesex","native_id":"25017336100","source":"census_tract_2025","adm3_name":"Middlesex County","adm3_id":"25017","area_sqm":2047297,"split":false,"population":6871.0,"days_covered":18,"daytime_peak_f":86.5,"heat_anomaly_f":4.0,"extreme_pct":17.0,"nighttime_stress_f":-3.3,"daytime_peak_f_climrel":0.2318,"heat_anomaly_f_climrel":0.2318,"nighttime_stress_f_climrel":-0.1839,"extreme_pct_climrel":0.425,"ref_daytime_hi_mean":82.5,"ref_daytime_hi_p95":96.1,"rwi_mean":null,"health_per_10k":4.366176684616504,"built_frac":0.314,"tree_frac":0.607,"canopy_frac_over_3m":0.394,"viirs_mean":15.5,"gdl_hdi":0.961,"gdl_region":"Massachusetts","ghsl_smod":30,"lst_anomaly_c":-0.32,"lst_anomaly_c_climrel":0,"worldpop_pop_total":5771.0,"frac_under5":6.0,"frac_elderly_65plus":22.9,"frac_elderly_75plus":10.1,"old_age_dependency_ratio":0.383,"has_data":true},"geometry":{"type":"Polygon","coordinates":[[[-71.079245,42.461321],[-71.07891,42.464979],[-71.078443,42.470612],[-71.078152,42.47402],[-71.069305,42.471637],[-71.067463,42.471873],[-71.063021,42.472446],[-71.061356,42.472659],[-71.061323,42.474072],[-71.061269,42.472651],[-71.061137,42.469421],[-71.061423,42.466899],[-71.061844,42.463835],[-71.062235,42.46074],[-71.06312,42.458771],[-71.06989,42.459152],[-71.074553,42.459588],[-71.076116,42.458484],[-71.078696,42.457799],[-71.079797,42.457977],[-71.079245,42.461321]]]}},{"type":"Feature","properties":{"unit_id":"25017318200","name":"Census Tract 3182 \u2014 Middlesex","native_id":"25017318200","source":"census_tract_2025","adm3_name":"Middlesex County","adm3_id":"25017","area_sqm":16830888,"split":false,"population":4051.0,"days_covered":18,"daytime_peak_f":87.2,"heat_anomaly_f":2.9,"extreme_pct":17.0,"nighttime_stress_f":-7.2,"daytime_peak_f_climrel":0.1733,"heat_anomaly_f_climrel":0.1733,"nighttime_stress_f_climrel":-0.3,"extreme_pct_climrel":0.425,"ref_daytime_hi_mean":84.4,"ref_daytime_hi_p95":96.5,"rwi_mean":null,"health_per_10k":2.4685262898049865,"built_frac":0.044,"tree_frac":0.852,"canopy_frac_over_3m":0.705,"viirs_mean":2.3,"gdl_hdi":0.961,"gdl_region":"Massachusetts","ghsl_smod":12,"lst_anomaly_c":-7.59,"lst_anomaly_c_climrel":0,"worldpop_pop_total":5107.0,"frac_under5":4.9,"frac_elderly_65plus":12.2,"frac_elderly_75plus":4.4,"old_age_dependency_ratio":0.179,"has_data":true},"geometry":{"type":"Polygon","coordinates":[[[-71.497573,42.580324],[-71.494798,42.604369],[-71.493528,42.617404],[-71.465165,42.631008],[-71.45963,42.62459],[-71.459593,42.623369],[-71.457567,42.619489],[-71.45201,42.615182],[-71.451139,42.614381],[-71.447895,42.613014],[-71.44541,42.610763],[-71.444331,42.609067],[-71.443998,42.607029],[-71.441466,42.605903],[-71.438828,42.603236],[-71.438,42.601201],[-71.435126,42.597318],[-71.439172,42.596892],[-71.449284,42.595129],[-71.459828,42.592173],[-71.459392,42.591216],[-71.460588,42.591405],[-71.463856,42.591671],[-71.468784,42.592903],[-71.471308,42.592017],[-71.479059,42.585802],[-71.478698,42.581604],[-71.465579,42.581278],[-71.466104,42.578433],[-71.46839,42.578501],[-71.474975,42.576711],[-71.474217,42.575401],[-71.475976,42.573191],[-71.477891,42.572988],[-71.481109,42.570587],[-71.481833,42.565688],[-71.483765,42.573788],[-71.498006,42.576862],[-71.497573,42.580324]]]}},{"type":"Feature","properties":{"unit_id":"25025060301","name":"Census Tract 603.01 \u2014 Suffolk","native_id":"25025060301","source":"census_tract_2025","adm3_name":"Suffolk County","adm3_id":"25025","area_sqm":272519,"split":false,"population":1035.2302329946644,"days_covered":18,"daytime_peak_f":86.6,"heat_anomaly_f":4.2,"extreme_pct":28.0,"nighttime_stress_f":-3.3,"daytime_peak_f_climrel":0.2575,"heat_anomaly_f_climrel":0.2575,"nighttime_stress_f_climrel":-0.196,"extreme_pct_climrel":0.7,"ref_daytime_hi_mean":82.4,"ref_daytime_hi_p95":95.6,"rwi_mean":null,"health_per_10k":0.0,"built_frac":0.91,"tree_frac":0.09,"canopy_frac_over_3m":0.066,"viirs_mean":45.6,"gdl_hdi":0.961,"gdl_region":"Massachusetts","ghsl_smod":30,"lst_anomaly_c":4.84,"lst_anomaly_c_climrel":0.605,"worldpop_pop_total":3706.0,"frac_under5":5.1,"frac_elderly_65plus":13.9,"frac_elderly_75plus":6.1,"old_age_dependency_ratio":0.177,"has_data":true},"geometry":{"type":"Polygon","coordinates":[[[-71.04155,42.335518],[-71.037431,42.335588],[-71.033346,42.335661],[-71.0333,42.333978],[-71.03328,42.333146],[-71.033262,42.332329],[-71.035296,42.332293],[-71.035207,42.32935],[-71.037248,42.329525],[-71.037291,42.331432],[-71.037314,42.332265],[-71.037336,42.33308],[-71.041479,42.333016],[-71.041511,42.333827],[-71.04155,42.335518]]]}},{"type":"Feature","properties":{"unit_id":"25025081302","name":"Census Tract 813.02 \u2014 Suffolk","native_id":"25025081302","source":"census_tract_2025","adm3_name":"Suffolk County","adm3_id":"25025","area_sqm":344681,"split":false,"population":3282.0,"days_covered":18,"daytime_peak_f":87.3,"heat_anomaly_f":2.9,"extreme_pct":17.0,"nighttime_stress_f":-5.1,"daytime_peak_f_climrel":0.1686,"heat_anomaly_f_climrel":0.1686,"nighttime_stress_f_climrel":-0.3,"extreme_pct_climrel":0.425,"ref_daytime_hi_mean":84.4,"ref_daytime_hi_p95":98.1,"rwi_mean":null,"health_per_10k":3.0469226081657528,"built_frac":0.681,"tree_frac":0.264,"canopy_frac_over_3m":0.164,"viirs_mean":77.0,"gdl_hdi":0.961,"gdl_region":"Massachusetts","ghsl_smod":30,"lst_anomaly_c":2.02,"lst_anomaly_c_climrel":0.2525,"worldpop_pop_total":3061.0,"frac_under5":7.2,"frac_elderly_65plus":18.3,"frac_elderly_75plus":7.7,"old_age_dependency_ratio":0.291,"has_data":true},"geometry":{"type":"Polygon","coordinates":[[[-71.09862,42.324196],[-71.098398,42.324934],[-71.096523,42.326202],[-71.095398,42.32325],[-71.095108,42.321923],[-71.093146,42.3208],[-71.095305,42.318825],[-71.097086,42.317028],[-71.094274,42.315634],[-71.093559,42.315515],[-71.093821,42.314541],[-71.094088,42.314142],[-71.095145,42.313282],[-71.098308,42.315789],[-71.098412,42.319572],[-71.09862,42.324196]]]}},{"type":"Feature","properties":{"unit_id":"25017352600","name":"Census Tract 3526 \u2014 Middlesex","native_id":"25017352600","source":"census_tract_2025","adm3_name":"Middlesex County","adm3_id":"25017","area_sqm":306861,"split":false,"population":4877.934405640941,"days_covered":18,"daytime_peak_f":86.4,"heat_anomaly_f":3.6,"extreme_pct":22.0,"nighttime_stress_f":-3.6,"daytime_peak_f_climrel":0.1994,"heat_anomaly_f_climrel":0.1994,"nighttime_stress_f_climrel":-0.2085,"extreme_pct_climrel":0.55,"ref_daytime_hi_mean":82.8,"ref_daytime_hi_p95":97.0,"rwi_mean":null,"health_per_10k":2.0500480671564176,"built_frac":0.725,"tree_frac":0.225,"canopy_frac_over_3m":0.122,"viirs_mean":73.2,"gdl_hdi":0.961,"gdl_region":"Massachusetts","ghsl_smod":30,"lst_anomaly_c":4.52,"lst_anomaly_c_climrel":0.565,"worldpop_pop_total":2700.0,"frac_under5":4.3,"frac_elderly_65plus":9.6,"frac_elderly_75plus":3.5,"old_age_dependency_ratio":0.122,"has_data":true},"geometry":{"type":"Polygon","coordinates":[[[-71.094785,42.368766],[-71.093279,42.372754],[-71.088491,42.372119],[-71.087866,42.372044],[-71.088259,42.370645],[-71.089181,42.367065],[-71.0899,42.364963],[-71.0938,42.367955],[-71.094785,42.368766]]]}},{"type":"Feature","properties":{"unit_id":"25025140102","name":"Census Tract 1401.02 \u2014 Suffolk","native_id":"25025140102","source":"census_tract_2025","adm3_name":"Suffolk County","adm3_id":"25025","area_sqm":2087649,"split":false,"population":4334.0,"days_covered":18,"daytime_peak_f":86.5,"heat_anomaly_f":2.8,"extreme_pct":17.0,"nighttime_stress_f":-5.1,"daytime_peak_f_climrel":0.1714,"heat_anomaly_f_climrel":0.1714,"nighttime_stress_f_climrel":-0.3,"extreme_pct_climrel":0.425,"ref_daytime_hi_mean":83.7,"ref_daytime_hi_p95":97.0,"rwi_mean":null,"health_per_10k":0.0,"built_frac":0.447,"tree_frac":0.427,"canopy_frac_over_3m":0.313,"viirs_mean":27.8,"gdl_hdi":0.961,"gdl_region":"Massachusetts","ghsl_smod":30,"lst_anomaly_c":-0.37,"lst_anomaly_c_climrel":0,"worldpop_pop_total":5012.0,"frac_under5":5.0,"frac_elderly_65plus":15.7,"frac_elderly_75plus":6.5,"old_age_dependency_ratio":0.231,"has_data":true},"geometry":{"type":"Polygon","coordinates":[[[-71.146127,42.252964],[-71.143804,42.254436],[-71.142834,42.255943],[-71.140012,42.258237],[-71.138086,42.254927],[-71.139394,42.252523],[-71.139141,42.248985],[-71.136285,42.246316],[-71.135978,42.246856],[-71.132333,42.24823],[-71.136434,42.249656],[-71.13623,42.251046],[-71.133965,42.254313],[-71.132195,42.253683],[-71.130589,42.251776],[-71.130115,42.251171],[-71.128967,42.249643],[-71.128992,42.247992],[-71.129004,42.245995],[-71.131368,42.240089],[-71.132151,42.239203],[-71.133058,42.239479],[-71.133716,42.239631],[-71.135267,42.238163],[-71.13631,42.23634],[-71.139241,42.23366],[-71.142681,42.235998],[-71.143498,42.240065],[-71.144069,42.242819],[-71.146127,42.252964]]]}},{"type":"Feature","properties":{"unit_id":"25017338300","name":"Census Tract 3383 \u2014 Middlesex","native_id":"25017338300","source":"census_tract_2025","adm3_name":"Middlesex County","adm3_id":"25017","area_sqm":2099516,"split":false,"population":1253.0,"days_covered":18,"daytime_peak_f":86.5,"heat_anomaly_f":4.0,"extreme_pct":17.0,"nighttime_stress_f":-3.3,"daytime_peak_f_climrel":0.2318,"heat_anomaly_f_climrel":0.2318,"nighttime_stress_f_climrel":-0.1839,"extreme_pct_climrel":0.425,"ref_daytime_hi_mean":82.5,"ref_daytime_hi_p95":96.1,"rwi_mean":null,"health_per_10k":15.961691939345572,"built_frac":0.148,"tree_frac":0.757,"canopy_frac_over_3m":0.469,"viirs_mean":11.1,"gdl_hdi":0.961,"gdl_region":"Massachusetts","ghsl_smod":30,"lst_anomaly_c":-3.08,"lst_anomaly_c_climrel":0,"worldpop_pop_total":3453.0,"frac_under5":5.5,"frac_elderly_65plus":24.0,"frac_elderly_75plus":14.0,"old_age_dependency_ratio":0.437,"has_data":true},"geometry":{"type":"Polygon","coordinates":[[[-71.164343,42.459758],[-71.156237,42.456917],[-71.153032,42.462495],[-71.152292,42.463716],[-71.150544,42.464295],[-71.148584,42.460676],[-71.147179,42.460573],[-71.146267,42.460769],[-71.144778,42.459446],[-71.138897,42.456871],[-71.138384,42.456957],[-71.137307,42.453307],[-71.137012,42.453019],[-71.13764,42.451351],[-71.140103,42.444911],[-71.144042,42.446978],[-71.14741,42.448845],[-71.148106,42.449678],[-71.154135,42.447344],[-71.156411,42.450852],[-71.157034,42.451664],[-71.159036,42.454265],[-71.160047,42.456858],[-71.164343,42.459758]]]}},{"type":"Feature","properties":{"unit_id":"25017314301","name":"Census Tract 3143.01 \u2014 Middlesex","native_id":"25017314301","source":"census_tract_2025","adm3_name":"Middlesex County","adm3_id":"25017","area_sqm":15284087,"split":false,"population":7414.0,"days_covered":18,"daytime_peak_f":86.6,"heat_anomaly_f":2.7,"extreme_pct":17.0,"nighttime_stress_f":-5.7,"daytime_peak_f_climrel":0.1535,"heat_anomaly_f_climrel":0.1535,"nighttime_stress_f_climrel":-0.3,"extreme_pct_climrel":0.425,"ref_daytime_hi_mean":83.9,"ref_daytime_hi_p95":96.4,"rwi_mean":null,"health_per_10k":1.348799568384138,"built_frac":0.088,"tree_frac":0.694,"canopy_frac_over_3m":0.52,"viirs_mean":6.9,"gdl_hdi":0.961,"gdl_region":"Massachusetts","ghsl_smod":12,"lst_anomaly_c":-5.23,"lst_anomaly_c_climrel":0,"worldpop_pop_total":9479.0,"frac_under5":5.6,"frac_elderly_65plus":18.5,"frac_elderly_75plus":7.4,"old_age_dependency_ratio":0.29,"has_data":true},"geometry":{"type":"Polygon","coordinates":[[[-71.313446645429,42.6970968950608],[-71.294205,42.69699],[-71.2888325141297,42.7020079777689],[-71.282757,42.693748],[-71.277747,42.690394],[-71.274138,42.685988],[-71.272609,42.685284],[-71.267941,42.685365],[-71.265447,42.684519],[-71.264567,42.680307],[-71.262154,42.674867],[-71.25921,42.670072],[-71.258327,42.667735],[-71.255945,42.667697],[-71.255287,42.666436],[-71.255561,42.663109],[-71.253682,42.660866],[-71.251716,42.660332],[-71.254966,42.657775],[-71.256188,42.657145],[-71.257135,42.656932],[-71.258482,42.656923],[-71.264347,42.657667],[-71.275154,42.656216],[-71.280042,42.654342],[-71.286011,42.649559],[-71.28686,42.648868],[-71.287867,42.650248],[-71.29108,42.654718],[-71.294264,42.65914],[-71.299569,42.666515],[-71.300639,42.666293],[-71.303372,42.665724],[-71.303298,42.668935],[-71.304744,42.671881],[-71.311456,42.687099],[-71.311631,42.689781],[-71.313446645429,42.6970968950608]]]}},{"type":"Feature","properties":{"unit_id":"25025071201","name":"Census Tract 712.01 \u2014 Suffolk","native_id":"25025071201","source":"census_tract_2025","adm3_name":"Suffolk County","adm3_id":"25025","area_sqm":412278,"split":false,"population":5895.915932648049,"days_covered":18,"daytime_peak_f":87.3,"heat_anomaly_f":2.9,"extreme_pct":17.0,"nighttime_stress_f":-5.1,"daytime_peak_f_climrel":0.1686,"heat_anomaly_f_climrel":0.1686,"nighttime_stress_f_climrel":-0.3,"extreme_pct_climrel":0.425,"ref_daytime_hi_mean":84.4,"ref_daytime_hi_p95":98.1,"rwi_mean":null,"health_per_10k":0.0,"built_frac":0.918,"tree_frac":0.039,"canopy_frac_over_3m":0.023,"viirs_mean":112.9,"gdl_hdi":0.961,"gdl_region":"Massachusetts","ghsl_smod":30,"lst_anomaly_c":6.12,"lst_anomaly_c_climrel":0.765,"worldpop_pop_total":3430.0,"frac_under5":4.1,"frac_elderly_65plus":15.4,"frac_elderly_75plus":6.2,"old_age_dependency_ratio":0.216,"has_data":true},"geometry":{"type":"Polygon","coordinates":[[[-71.071826,42.340056],[-71.072075,42.341286],[-71.070707,42.34079],[-71.068084,42.342014],[-71.06593,42.343936],[-71.064406,42.343501],[-71.062529,42.343009],[-71.062215,42.342915],[-71.06529,42.337074],[-71.065414,42.335441],[-71.067131,42.335291],[-71.068477,42.335722],[-71.069414,42.336414],[-71.068351,42.337172],[-71.070365,42.338783],[-71.070949,42.338306],[-71.072504,42.339615],[-71.071826,42.340056]]]}},{"type":"Feature","properties":{"unit_id":"25017366202","name":"Census Tract 3662.02 \u2014 Middlesex","native_id":"25017366202","source":"census_tract_2025","adm3_name":"Middlesex County","adm3_id":"25017","area_sqm":19193231,"split":false,"population":5840.0,"days_covered":18,"daytime_peak_f":86.7,"heat_anomaly_f":2.9,"extreme_pct":17.0,"nighttime_stress_f":-5.9,"daytime_peak_f_climrel":0.179,"heat_anomaly_f_climrel":0.179,"nighttime_stress_f_climrel":-0.3,"extreme_pct_climrel":0.425,"ref_daytime_hi_mean":83.8,"ref_daytime_hi_p95":96.1,"rwi_mean":null,"health_per_10k":3.4246575342465753,"built_frac":0.039,"tree_frac":0.79,"canopy_frac_over_3m":0.575,"viirs_mean":3.7,"gdl_hdi":0.961,"gdl_region":"Massachusetts","ghsl_smod":21,"lst_anomaly_c":-7.81,"lst_anomaly_c_climrel":0,"worldpop_pop_total":5286.0,"frac_under5":4.3,"frac_elderly_65plus":27.4,"frac_elderly_75plus":14.1,"old_age_dependency_ratio":0.502,"has_data":true},"geometry":{"type":"Polygon","coordinates":[[[-71.397982,42.343215],[-71.393878,42.343971],[-71.391369,42.345209],[-71.387718,42.344829],[-71.387939,42.348636],[-71.388961,42.350022],[-71.389891,42.353892],[-71.390809,42.355237],[-71.391671,42.36098],[-71.391798,42.361837],[-71.390031,42.365231],[-71.390116,42.367859],[-71.387419,42.369953],[-71.388781,42.371481],[-71.386699,42.373053],[-71.387814,42.375278],[-71.387474,42.375406],[-71.381608,42.374162],[-71.374164,42.374123],[-71.371129,42.372482],[-71.367812,42.368961],[-71.361473,42.364429],[-71.332887,42.367818],[-71.332195,42.361756],[-71.328779,42.331683],[-71.330826,42.331966],[-71.333751,42.332399],[-71.337524,42.325134],[-71.338764,42.324896],[-71.344561,42.324546],[-71.344575,42.325719],[-71.348079,42.327129],[-71.349275,42.329263],[-71.355671,42.328722],[-71.358015,42.329286],[-71.361494,42.331837],[-71.361358,42.332678],[-71.363523,42.333171],[-71.365603,42.336665],[-71.367043,42.337544],[-71.370152,42.336894],[-71.372774,42.33784],[-71.374472,42.336706],[-71.37551,42.33708],[-71.376472,42.337352],[-71.377297,42.3374],[-71.37785,42.337585],[-71.378606,42.338222],[-71.37887,42.338351],[-71.380047,42.338623],[-71.381141,42.339117],[-71.385443,42.338117],[-71.390378,42.337958],[-71.390786,42.338696],[-71.391955,42.339303],[-71.392856,42.339469],[-71.394452,42.339401],[-71.394761,42.339569],[-71.394874,42.338654],[-71.394948,42.338653],[-71.396083,42.339917],[-71.396717,42.341045],[-71.397982,42.343215]]]}},{"type":"Feature","properties":{"unit_id":"25025000401","name":"Census Tract 4.01 \u2014 Suffolk","native_id":"25025000401","source":"census_tract_2025","adm3_name":"Suffolk County","adm3_id":"25025","area_sqm":431042,"split":false,"population":2881.3037919964268,"days_covered":18,"daytime_peak_f":87.3,"heat_anomaly_f":2.9,"extreme_pct":17.0,"nighttime_stress_f":-5.1,"daytime_peak_f_climrel":0.1686,"heat_anomaly_f_climrel":0.1686,"nighttime_stress_f_climrel":-0.3,"extreme_pct_climrel":0.425,"ref_daytime_hi_mean":84.4,"ref_daytime_hi_p95":98.1,"rwi_mean":null,"health_per_10k":3.4706510392196788,"built_frac":0.736,"tree_frac":0.262,"canopy_frac_over_3m":0.235,"viirs_mean":44.1,"gdl_hdi":0.961,"gdl_region":"Massachusetts","ghsl_smod":30,"lst_anomaly_c":1.98,"lst_anomaly_c_climrel":0.2475,"worldpop_pop_total":5376.0,"frac_under5":2.8,"frac_elderly_65plus":25.0,"frac_elderly_75plus":16.3,"old_age_dependency_ratio":0.365,"has_data":true},"geometry":{"type":"Polygon","coordinates":[[[-71.154734,42.341206],[-71.153462,42.343183],[-71.153274,42.34465],[-71.153072,42.345106],[-71.153067,42.346154],[-71.151235,42.345813],[-71.149755,42.348185],[-71.149047,42.347457],[-71.146238,42.346106],[-71.145049,42.344963],[-71.144543,42.344623],[-71.143109,42.343878],[-71.144358,42.342526],[-71.145923,42.341897],[-71.147007,42.341782],[-71.148633,42.341814],[-71.149972,42.341466],[-71.151382,42.340423],[-71.153778,42.340855],[-71.154734,42.341206]]]}},{"type":"Feature","properties":{"unit_id":"25017350106","name":"Census Tract 3501.06 \u2014 Middlesex","native_id":"25017350106","source":"census_tract_2025","adm3_name":"Middlesex County","adm3_id":"25017","area_sqm":672015,"split":false,"population":4023.0,"days_covered":18,"daytime_peak_f":86.4,"heat_anomaly_f":3.6,"extreme_pct":22.0,"nighttime_stress_f":-3.6,"daytime_peak_f_climrel":0.1994,"heat_anomaly_f_climrel":0.1994,"nighttime_stress_f_climrel":-0.2085,"extreme_pct_climrel":0.55,"ref_daytime_hi_mean":82.8,"ref_daytime_hi_p95":97.0,"rwi_mean":null,"health_per_10k":12.428535918468805,"built_frac":0.673,"tree_frac":0.042,"canopy_frac_over_3m":0.014,"viirs_mean":98.4,"gdl_hdi":0.961,"gdl_region":"Massachusetts","ghsl_smod":30,"lst_anomaly_c":1.96,"lst_anomaly_c_climrel":0.245,"worldpop_pop_total":2484.0,"frac_under5":4.2,"frac_elderly_65plus":4.1,"frac_elderly_75plus":1.3,"old_age_dependency_ratio":0.047,"has_data":true},"geometry":{"type":"Polygon","coordinates":[[[-71.085449,42.394402],[-71.083423,42.400013],[-71.077152,42.396778],[-71.075996,42.396396],[-71.075586,42.395247],[-71.073496,42.391796],[-71.077405,42.386167],[-71.082683,42.390611],[-71.085607,42.393587],[-71.085449,42.394402]]]}},{"type":"Feature","properties":{"unit_id":"25025081500","name":"Census Tract 815 \u2014 Suffolk","native_id":"25025081500","source":"census_tract_2025","adm3_name":"Suffolk County","adm3_id":"25025","area_sqm":336293,"split":false,"population":2120.13066596145,"days_covered":18,"daytime_peak_f":87.3,"heat_anomaly_f":2.9,"extreme_pct":17.0,"nighttime_stress_f":-5.1,"daytime_peak_f_climrel":0.1686,"heat_anomaly_f_climrel":0.1686,"nighttime_stress_f_climrel":-0.3,"extreme_pct_climrel":0.425,"ref_daytime_hi_mean":84.4,"ref_daytime_hi_p95":98.1,"rwi_mean":null,"health_per_10k":0.0,"built_frac":0.532,"tree_frac":0.467,"canopy_frac_over_3m":0.285,"viirs_mean":62.3,"gdl_hdi":0.961,"gdl_region":"Massachusetts","ghsl_smod":30,"lst_anomaly_c":1.83,"lst_anomaly_c_climrel":0.2288,"worldpop_pop_total":2439.0,"frac_under5":5.7,"frac_elderly_65plus":12.2,"frac_elderly_75plus":4.6,"old_age_dependency_ratio":0.17,"has_data":true},"geometry":{"type":"Polygon","coordinates":[[[-71.095305,42.318825],[-71.093146,42.3208],[-71.095108,42.321923],[-71.095398,42.32325],[-71.093472,42.323288],[-71.092905,42.326878],[-71.090956,42.325022],[-71.088788,42.324218],[-71.0896,42.323394],[-71.092476,42.321307],[-71.091606,42.320652],[-71.090238,42.319213],[-71.091294,42.317605],[-71.091619,42.316997],[-71.092964,42.316751],[-71.093559,42.315515],[-71.094274,42.315634],[-71.097086,42.317028],[-71.095305,42.318825]]]}},{"type":"Feature","properties":{"unit_id":"25025050901","name":"Census Tract 509.01 \u2014 Suffolk","native_id":"25025050901","source":"census_tract_2025","adm3_name":"Suffolk County","adm3_id":"25025","area_sqm":615897,"split":false,"population":3857.0,"days_covered":18,"daytime_peak_f":86.8,"heat_anomaly_f":3.9,"extreme_pct":22.0,"nighttime_stress_f":-3.5,"daytime_peak_f_climrel":0.2108,"heat_anomaly_f_climrel":0.2108,"nighttime_stress_f_climrel":-0.1981,"extreme_pct_climrel":0.55,"ref_daytime_hi_mean":82.9,"ref_daytime_hi_p95":97.6,"rwi_mean":null,"health_per_10k":0.0,"built_frac":0.625,"tree_frac":0.043,"canopy_frac_over_3m":0.017,"viirs_mean":64.3,"gdl_hdi":0.961,"gdl_region":"Massachusetts","ghsl_smod":30,"lst_anomaly_c":-0.95,"lst_anomaly_c_climrel":0,"worldpop_pop_total":4024.0,"frac_under5":6.1,"frac_elderly_65plus":6.9,"frac_elderly_75plus":3.0,"old_age_dependency_ratio":0.092,"has_data":true},"geometry":{"type":"Polygon","coordinates":[[[-71.039306,42.386624],[-71.039262,42.386831],[-71.038357,42.386529],[-71.031995,42.384597],[-71.027712,42.384041],[-71.022672,42.386265],[-71.022178,42.384946],[-71.022664,42.383916],[-71.021698,42.383539],[-71.021791,42.383024],[-71.022636,42.381739],[-71.021562,42.380143],[-71.025128,42.379753],[-71.027727,42.377211],[-71.029191,42.378128],[-71.02982,42.379051],[-71.030235,42.379663],[-71.034511,42.378069],[-71.034924,42.378685],[-71.032781,42.379486],[-71.033423,42.380522],[-71.033395,42.382611],[-71.039315,42.382606],[-71.039306,42.386624]]]}},{"type":"Feature","properties":{"unit_id":"25017374200","name":"Census Tract 3742 \u2014 Middlesex","native_id":"25017374200","source":"census_tract_2025","adm3_name":"Middlesex County","adm3_id":"25017","area_sqm":2044217,"split":false,"population":3756.0,"days_covered":18,"daytime_peak_f":87.1,"heat_anomaly_f":2.7,"extreme_pct":17.0,"nighttime_stress_f":-5.4,"daytime_peak_f_climrel":0.1532,"heat_anomaly_f_climrel":0.1532,"nighttime_stress_f_climrel":-0.3,"extreme_pct_climrel":0.425,"ref_daytime_hi_mean":84.4,"ref_daytime_hi_p95":98.1,"rwi_mean":null,"health_per_10k":7.987220447284344,"built_frac":0.159,"tree_frac":0.817,"canopy_frac_over_3m":0.557,"viirs_mean":11.6,"gdl_hdi":0.961,"gdl_region":"Massachusetts","ghsl_smod":30,"lst_anomaly_c":-3.9,"lst_anomaly_c_climrel":0,"worldpop_pop_total":4064.0,"frac_under5":4.3,"frac_elderly_65plus":21.1,"frac_elderly_75plus":8.2,"old_age_dependency_ratio":0.344,"has_data":true},"geometry":{"type":"Polygon","coordinates":[[[-71.226746,42.323585],[-71.220915,42.321003],[-71.218622,42.322346],[-71.221045,42.323251],[-71.218367,42.328327],[-71.218868,42.330564],[-71.218062,42.330646],[-71.21408,42.331064],[-71.213233,42.33117],[-71.207015,42.330824],[-71.20618,42.328041],[-71.206173,42.327839],[-71.203343,42.327004],[-71.20143,42.322772],[-71.202843,42.321832],[-71.202011,42.319177],[-71.204084,42.3192],[-71.207731,42.319356],[-71.208569,42.319308],[-71.209663,42.319199],[-71.21195,42.318883],[-71.212518,42.318787],[-71.225777,42.317066],[-71.226875,42.322617],[-71.226746,42.323585]]]}},{"type":"Feature","properties":{"unit_id":"25025000805","name":"Census Tract 8.05 \u2014 Suffolk","native_id":"25025000805","source":"census_tract_2025","adm3_name":"Suffolk County","adm3_id":"25025","area_sqm":369879,"split":false,"population":11620.0,"days_covered":18,"daytime_peak_f":86.4,"heat_anomaly_f":3.6,"extreme_pct":22.0,"nighttime_stress_f":-3.6,"daytime_peak_f_climrel":0.1994,"heat_anomaly_f_climrel":0.1994,"nighttime_stress_f_climrel":-0.2085,"extreme_pct_climrel":0.55,"ref_daytime_hi_mean":82.8,"ref_daytime_hi_p95":97.0,"rwi_mean":null,"health_per_10k":1.721170395869191,"built_frac":0.916,"tree_frac":0.062,"canopy_frac_over_3m":0.114,"viirs_mean":62.7,"gdl_hdi":0.961,"gdl_region":"Massachusetts","ghsl_smod":30,"lst_anomaly_c":7.07,"lst_anomaly_c_climrel":0.8838,"worldpop_pop_total":4428.0,"frac_under5":3.0,"frac_elderly_65plus":4.1,"frac_elderly_75plus":1.9,"old_age_dependency_ratio":0.046,"has_data":true},"geometry":{"type":"Polygon","coordinates":[[[-71.137341,42.35359],[-71.131396,42.356105],[-71.125088,42.355236],[-71.120729,42.354615],[-71.12126,42.351872],[-71.124236,42.352242],[-71.125024,42.352236],[-71.128344,42.352604],[-71.130167,42.352828],[-71.132106,42.353061],[-71.13456,42.353352],[-71.135801,42.353497],[-71.137341,42.35359]]]}},{"type":"Feature","properties":{"unit_id":"25017339102","name":"Census Tract 3391.02 \u2014 Middlesex","native_id":"25017339102","source":"census_tract_2025","adm3_name":"Middlesex County","adm3_id":"25017","area_sqm":6200332,"split":false,"population":2857.0,"days_covered":18,"daytime_peak_f":86.4,"heat_anomaly_f":3.6,"extreme_pct":22.0,"nighttime_stress_f":-3.6,"daytime_peak_f_climrel":0.1994,"heat_anomaly_f_climrel":0.1994,"nighttime_stress_f_climrel":-0.2085,"extreme_pct_climrel":0.55,"ref_daytime_hi_mean":82.8,"ref_daytime_hi_p95":97.0,"rwi_mean":null,"health_per_10k":3.5001750087504373,"built_frac":0.117,"tree_frac":0.804,"canopy_frac_over_3m":0.743,"viirs_mean":7.4,"gdl_hdi":0.961,"gdl_region":"Massachusetts","ghsl_smod":30,"lst_anomaly_c":-6.31,"lst_anomaly_c_climrel":0,"worldpop_pop_total":3080.0,"frac_under5":5.1,"frac_elderly_65plus":26.7,"frac_elderly_75plus":13.8,"old_age_dependency_ratio":0.448,"has_data":true},"geometry":{"type":"Polygon","coordinates":[[[-71.131905,42.4339],[-71.128852,42.434972],[-71.129041,42.435599],[-71.128364,42.436779],[-71.127146,42.438887],[-71.125154,42.439233],[-71.121976,42.439786],[-71.124005,42.443827],[-71.121346,42.44867],[-71.119402,42.453445],[-71.104722,42.448847],[-71.085639,42.444688],[-71.086339,42.440104],[-71.088566,42.441219],[-71.091454,42.440462],[-71.093627,42.442529],[-71.09633,42.441081],[-71.098917,42.438274],[-71.099326,42.438863],[-71.102524,42.437776],[-71.101171,42.433095],[-71.102175,42.430582],[-71.102505,42.430074],[-71.102557,42.428794],[-71.10271,42.427982],[-71.103712,42.422604],[-71.10741,42.422599],[-71.110239,42.423884],[-71.11017,42.424898],[-71.114826,42.425232],[-71.117415,42.424911],[-71.11812,42.424035],[-71.117671,42.421248],[-71.1179,42.421341],[-71.121033,42.423904],[-71.122905,42.425352],[-71.123324,42.425656],[-71.125752,42.427363],[-71.126508,42.427794],[-71.12947,42.429582],[-71.131012,42.431714],[-71.131905,42.4339]]]}},{"type":"Feature","properties":{"unit_id":"25017321100","name":"Census Tract 3211 \u2014 Middlesex","native_id":"25017321100","source":"census_tract_2025","adm3_name":"Middlesex County","adm3_id":"25017","area_sqm":15219447,"split":false,"population":5755.0,"days_covered":18,"daytime_peak_f":87.1,"heat_anomaly_f":2.9,"extreme_pct":17.0,"nighttime_stress_f":-6.7,"daytime_peak_f_climrel":0.1862,"heat_anomaly_f_climrel":0.1862,"nighttime_stress_f_climrel":-0.3,"extreme_pct_climrel":0.425,"ref_daytime_hi_mean":84.1,"ref_daytime_hi_p95":96.0,"rwi_mean":null,"health_per_10k":3.475238922675934,"built_frac":0.08,"tree_frac":0.826,"canopy_frac_over_3m":0.7,"viirs_mean":6.8,"gdl_hdi":0.961,"gdl_region":"Massachusetts","ghsl_smod":12,"lst_anomaly_c":-6.46,"lst_anomaly_c_climrel":0,"worldpop_pop_total":6804.0,"frac_under5":4.5,"frac_elderly_65plus":23.9,"frac_elderly_75plus":12.7,"old_age_dependency_ratio":0.39,"has_data":true},"geometry":{"type":"Polygon","coordinates":[[[-71.529534,42.352918],[-71.527888,42.354724],[-71.522336,42.356111],[-71.519644,42.356278],[-71.517516,42.357534],[-71.517167,42.357845],[-71.515624,42.361521],[-71.518312,42.361868],[-71.51956,42.363095],[-71.517659,42.364912],[-71.517135,42.367481],[-71.518091,42.372887],[-71.517675,42.373323],[-71.516411,42.374072],[-71.515118,42.376501],[-71.475505,42.380632],[-71.475533,42.380529],[-71.482433,42.356186],[-71.483298,42.35313],[-71.483351,42.352807],[-71.486797,42.330189],[-71.508216,42.327928],[-71.511238,42.328805],[-71.510823,42.33254],[-71.512191,42.334696],[-71.514734,42.335966],[-71.515713,42.33905],[-71.515629,42.342522],[-71.5139,42.342763],[-71.507847,42.347954],[-71.50857,42.347681],[-71.511142,42.347476],[-71.514035,42.34767],[-71.518006,42.349339],[-71.519394,42.34956],[-71.526641,42.349511],[-71.530587,42.352254],[-71.529534,42.352918]]]}},{"type":"Feature","properties":{"unit_id":"25025130200","name":"Census Tract 1302 \u2014 Suffolk","native_id":"25025130200","source":"census_tract_2025","adm3_name":"Suffolk County","adm3_id":"25025","area_sqm":1352656,"split":false,"population":2720.0,"days_covered":18,"daytime_peak_f":87.1,"heat_anomaly_f":2.7,"extreme_pct":17.0,"nighttime_stress_f":-5.4,"daytime_peak_f_climrel":0.1532,"heat_anomaly_f_climrel":0.1532,"nighttime_stress_f_climrel":-0.3,"extreme_pct_climrel":0.425,"ref_daytime_hi_mean":84.4,"ref_daytime_hi_p95":98.1,"rwi_mean":null,"health_per_10k":3.676470588235294,"built_frac":0.496,"tree_frac":0.498,"canopy_frac_over_3m":0.29,"viirs_mean":20.6,"gdl_hdi":0.961,"gdl_region":"Massachusetts","ghsl_smod":30,"lst_anomaly_c":null,"lst_anomaly_c_climrel":null,"worldpop_pop_total":4781.0,"frac_under5":5.5,"frac_elderly_65plus":22.7,"frac_elderly_75plus":9.5,"old_age_dependency_ratio":0.366,"has_data":true},"geometry":{"type":"Polygon","coordinates":[[[-71.167734,42.28586],[-71.165318,42.287479],[-71.163971,42.288311],[-71.160629,42.291585],[-71.158683,42.291845],[-71.156177,42.29171],[-71.155656,42.292108],[-71.154309,42.292974],[-71.153486,42.293265],[-71.151439,42.292869],[-71.149376,42.293096],[-71.148085,42.290973],[-71.147059,42.29013],[-71.145495,42.288805],[-71.145124,42.288114],[-71.147322,42.287412],[-71.147746,42.286654],[-71.148686,42.287152],[-71.150071,42.28729],[-71.149901,42.286762],[-71.154983,42.284355],[-71.156374,42.283563],[-71.158894,42.282141],[-71.159808,42.28152],[-71.161148,42.280341],[-71.161901,42.279768],[-71.16605,42.283241],[-71.167734,42.28586]]]}},{"type":"Feature","properties":{"unit_id":"25025170503","name":"Census Tract 1705.03 \u2014 Suffolk","native_id":"25025170503","source":"census_tract_2025","adm3_name":"Suffolk County","adm3_id":"25025","area_sqm":355315,"split":false,"population":1132.0,"days_covered":18,"daytime_peak_f":86.8,"heat_anomaly_f":3.9,"extreme_pct":22.0,"nighttime_stress_f":-3.5,"daytime_peak_f_climrel":0.2108,"heat_anomaly_f_climrel":0.2108,"nighttime_stress_f_climrel":-0.1981,"extreme_pct_climrel":0.55,"ref_daytime_hi_mean":82.9,"ref_daytime_hi_p95":97.6,"rwi_mean":null,"health_per_10k":0.0,"built_frac":0.474,"tree_frac":0.161,"canopy_frac_over_3m":0.088,"viirs_mean":22.7,"gdl_hdi":0.961,"gdl_region":"Massachusetts","ghsl_smod":30,"lst_anomaly_c":-0.85,"lst_anomaly_c_climrel":0,"worldpop_pop_total":1855.0,"frac_under5":5.0,"frac_elderly_65plus":20.3,"frac_elderly_75plus":9.6,"old_age_dependency_ratio":0.31,"has_data":true},"geometry":{"type":"Polygon","coordinates":[[[-70.993495,42.418615],[-70.987938,42.426036],[-70.98601,42.425365],[-70.9837042442039,42.4228928547472],[-70.9868150009499,42.4180612538438],[-70.987256,42.418652],[-70.991149,42.418685],[-70.993495,42.418615]]]}},{"type":"Feature","properties":{"unit_id":"25025981100","name":"Census Tract 9811 \u2014 Suffolk","native_id":"25025981100","source":"census_tract_2025","adm3_name":"Suffolk County","adm3_id":"25025","area_sqm":2499660,"split":false,"population":3132.0,"days_covered":18,"daytime_peak_f":87.3,"heat_anomaly_f":2.9,"extreme_pct":17.0,"nighttime_stress_f":-5.1,"daytime_peak_f_climrel":0.1686,"heat_anomaly_f_climrel":0.1686,"nighttime_stress_f_climrel":-0.3,"extreme_pct_climrel":0.425,"ref_daytime_hi_mean":84.4,"ref_daytime_hi_p95":98.1,"rwi_mean":null,"health_per_10k":0.0,"built_frac":0.071,"tree_frac":0.548,"canopy_frac_over_3m":0.479,"viirs_mean":24.2,"gdl_hdi":0.961,"gdl_region":"Massachusetts","ghsl_smod":30,"lst_anomaly_c":-3.32,"lst_anomaly_c_climrel":0,"worldpop_pop_total":154.0,"frac_under5":4.3,"frac_elderly_65plus":12.1,"frac_elderly_75plus":4.8,"old_age_dependency_ratio":0.158,"has_data":true},"geometry":{"type":"Polygon","coordinates":[[[-71.115368,42.294572],[-71.112075,42.296178],[-71.109596,42.299098],[-71.105517,42.298831],[-71.104661,42.300271],[-71.103291,42.299806],[-71.096402,42.293235],[-71.096181,42.292886],[-71.095759,42.291973],[-71.100114,42.290291],[-71.100646,42.287912],[-71.099707,42.286437],[-71.095026,42.287143],[-71.096316,42.285818],[-71.099632,42.282336],[-71.09845,42.281698],[-71.100542,42.279606],[-71.1037,42.276747],[-71.107526,42.278302],[-71.10858,42.275395],[-71.109191,42.274363],[-71.110374,42.275065],[-71.114188,42.2771],[-71.115342,42.278039],[-71.113431,42.279941],[-71.112232,42.280214],[-71.112183,42.281936],[-71.109428,42.284652],[-71.105401,42.286718],[-71.107947,42.288616],[-71.112628,42.292191],[-71.1134,42.293118],[-71.114,42.29374],[-71.115368,42.294572]]]}},{"type":"Feature","properties":{"unit_id":"25017368901","name":"Census Tract 3689.01 \u2014 Middlesex","native_id":"25017368901","source":"census_tract_2025","adm3_name":"Middlesex County","adm3_id":"25017","area_sqm":3983600,"split":false,"population":5677.0,"days_covered":18,"daytime_peak_f":87.1,"heat_anomaly_f":3.0,"extreme_pct":17.0,"nighttime_stress_f":-5.1,"daytime_peak_f_climrel":0.1716,"heat_anomaly_f_climrel":0.1716,"nighttime_stress_f_climrel":-0.3,"extreme_pct_climrel":0.425,"ref_daytime_hi_mean":84.1,"ref_daytime_hi_p95":97.6,"rwi_mean":null,"health_per_10k":1.7614937466971994,"built_frac":0.209,"tree_frac":0.757,"canopy_frac_over_3m":0.546,"viirs_mean":16.1,"gdl_hdi":0.961,"gdl_region":"Massachusetts","ghsl_smod":23,"lst_anomaly_c":-3.09,"lst_anomaly_c_climrel":0,"worldpop_pop_total":5844.0,"frac_under5":4.3,"frac_elderly_65plus":29.0,"frac_elderly_75plus":14.6,"old_age_dependency_ratio":0.494,"has_data":true},"geometry":{"type":"Polygon","coordinates":[[[-71.239248,42.389782],[-71.238962,42.390745],[-71.235682,42.396657],[-71.234761,42.397517],[-71.234057,42.402123],[-71.23438,42.408928],[-71.234126,42.409838],[-71.23377,42.410966],[-71.233442,42.412005],[-71.232915,42.413179],[-71.21591,42.407599],[-71.215429,42.406889],[-71.216955,42.404615],[-71.216386,42.403939],[-71.214728,42.401454],[-71.21407,42.400589],[-71.212636,42.399375],[-71.213351,42.398095],[-71.216054,42.398927],[-71.217224,42.396705],[-71.221932,42.391379],[-71.22309,42.38986],[-71.22332,42.38944],[-71.225972,42.385613],[-71.227589,42.385499],[-71.228553,42.385157],[-71.230646,42.383955],[-71.232815,42.385507],[-71.236575,42.386324],[-71.238101,42.386761],[-71.239035,42.388898],[-71.239248,42.389782]]]}},{"type":"Feature","properties":{"unit_id":"25017369100","name":"Census Tract 3691 \u2014 Middlesex","native_id":"25017369100","source":"census_tract_2025","adm3_name":"Middlesex County","adm3_id":"25017","area_sqm":2605261,"split":false,"population":7518.0,"days_covered":18,"daytime_peak_f":87.1,"heat_anomaly_f":3.0,"extreme_pct":17.0,"nighttime_stress_f":-5.1,"daytime_peak_f_climrel":0.1716,"heat_anomaly_f_climrel":0.1716,"nighttime_stress_f_climrel":-0.3,"extreme_pct_climrel":0.425,"ref_daytime_hi_mean":84.1,"ref_daytime_hi_p95":97.6,"rwi_mean":null,"health_per_10k":3.990422984836393,"built_frac":0.356,"tree_frac":0.592,"canopy_frac_over_3m":0.324,"viirs_mean":23.3,"gdl_hdi":0.961,"gdl_region":"Massachusetts","ghsl_smod":30,"lst_anomaly_c":0.12,"lst_anomaly_c_climrel":0.015,"worldpop_pop_total":5037.0,"frac_under5":5.1,"frac_elderly_65plus":20.8,"frac_elderly_75plus":8.8,"old_age_dependency_ratio":0.323,"has_data":true},"geometry":{"type":"Polygon","coordinates":[[[-71.224881,42.378166],[-71.219458,42.380764],[-71.220118,42.381815],[-71.218289,42.384986],[-71.213328,42.384902],[-71.211397,42.384462],[-71.209785,42.383765],[-71.204914,42.3866],[-71.205304,42.387209],[-71.203313,42.390167],[-71.2025,42.391797],[-71.202173,42.392061],[-71.203376,42.392999],[-71.203145,42.393231],[-71.207238,42.395564],[-71.206237,42.397002],[-71.204535,42.396248],[-71.203432,42.398457],[-71.200621,42.399458],[-71.199429,42.39732],[-71.196627,42.395229],[-71.19633,42.394031],[-71.19794,42.392784],[-71.196742,42.390544],[-71.196524,42.389561],[-71.19446,42.386317],[-71.194177,42.386031],[-71.198354,42.382477],[-71.202899,42.378612],[-71.205355,42.376526],[-71.208515,42.37385],[-71.209206,42.37401],[-71.212059,42.375389],[-71.21293,42.37572],[-71.220789,42.377726],[-71.221894,42.377858],[-71.223629,42.377801],[-71.225562,42.377711],[-71.224881,42.378166]]]}},{"type":"Feature","properties":{"unit_id":"25017315500","name":"Census Tract 3155 \u2014 Middlesex","native_id":"25017315500","source":"census_tract_2025","adm3_name":"Middlesex County","adm3_id":"25017","area_sqm":8227150,"split":false,"population":5465.0,"days_covered":18,"daytime_peak_f":86.6,"heat_anomaly_f":2.5,"extreme_pct":17.0,"nighttime_stress_f":-5.3,"daytime_peak_f_climrel":0.1456,"heat_anomaly_f_climrel":0.1456,"nighttime_stress_f_climrel":-0.3,"extreme_pct_climrel":0.425,"ref_daytime_hi_mean":84.1,"ref_daytime_hi_p95":97.1,"rwi_mean":null,"health_per_10k":1.8298261665141813,"built_frac":0.142,"tree_frac":0.772,"canopy_frac_over_3m":0.534,"viirs_mean":6.6,"gdl_hdi":0.961,"gdl_region":"Massachusetts","ghsl_smod":21,"lst_anomaly_c":-5.27,"lst_anomaly_c_climrel":0,"worldpop_pop_total":7139.0,"frac_under5":5.3,"frac_elderly_65plus":20.8,"frac_elderly_75plus":9.5,"old_age_dependency_ratio":0.322,"has_data":true},"geometry":{"type":"Polygon","coordinates":[[[-71.240747,42.592285],[-71.235394,42.597517],[-71.229409,42.600647],[-71.228587,42.601914],[-71.228092,42.603528],[-71.227863,42.604002],[-71.224612,42.604434],[-71.222975,42.602631],[-71.222079,42.600351],[-71.221544,42.599654],[-71.218389,42.598254],[-71.215568,42.596079],[-71.211876,42.594801],[-71.206186,42.591232],[-71.20344,42.590005],[-71.20253,42.589402],[-71.201133,42.588439],[-71.200501,42.587771],[-71.196765,42.583412],[-71.193848,42.579905],[-71.193691,42.579601],[-71.192785,42.574974],[-71.191811,42.57367],[-71.189312,42.571825],[-71.188558,42.570894],[-71.190824,42.567269],[-71.192646,42.564583],[-71.198854,42.56752],[-71.211127,42.573313],[-71.211296,42.57339],[-71.225669,42.580036],[-71.237027,42.585311],[-71.240784,42.590567],[-71.240747,42.592285]]]}},{"type":"Feature","properties":{"unit_id":"25017332100","name":"Census Tract 3321 \u2014 Middlesex","native_id":"25017332100","source":"census_tract_2025","adm3_name":"Middlesex County","adm3_id":"25017","area_sqm":5959296,"split":false,"population":4433.0,"days_covered":18,"daytime_peak_f":87.1,"heat_anomaly_f":3.0,"extreme_pct":17.0,"nighttime_stress_f":-5.1,"daytime_peak_f_climrel":0.1737,"heat_anomaly_f_climrel":0.1737,"nighttime_stress_f_climrel":-0.3,"extreme_pct_climrel":0.425,"ref_daytime_hi_mean":84.0,"ref_daytime_hi_p95":97.5,"rwi_mean":null,"health_per_10k":2.2558087074216107,"built_frac":0.125,"tree_frac":0.826,"canopy_frac_over_3m":0.536,"viirs_mean":7.4,"gdl_hdi":0.961,"gdl_region":"Massachusetts","ghsl_smod":21,"lst_anomaly_c":-3.64,"lst_anomaly_c_climrel":0,"worldpop_pop_total":5702.0,"frac_under5":5.4,"frac_elderly_65plus":21.6,"frac_elderly_75plus":10.2,"old_age_dependency_ratio":0.351,"has_data":true},"geometry":{"type":"Polygon","coordinates":[[[-71.221918,42.525143],[-71.220017,42.524666],[-71.217956,42.524047],[-71.21572,42.52761],[-71.212286,42.533007],[-71.211634,42.534036],[-71.205032,42.544473],[-71.204994,42.544489],[-71.204858,42.544358],[-71.199802,42.539546],[-71.197738,42.538414],[-71.195119,42.535664],[-71.192915,42.53449],[-71.177693,42.521884],[-71.179824,42.5216],[-71.184278,42.522557],[-71.189236,42.521285],[-71.191864,42.516896],[-71.188861,42.513251],[-71.190276,42.512122],[-71.191887,42.512237],[-71.194748,42.510308],[-71.199411,42.510105],[-71.201156,42.511104],[-71.203673,42.514204],[-71.206656,42.515793],[-71.210089,42.518445],[-71.211796,42.519676],[-71.220917,42.524808],[-71.221918,42.525143]]]}},{"type":"Feature","properties":{"unit_id":"25017359301","name":"Census Tract 3593.01 \u2014 Middlesex","native_id":"25017359301","source":"census_tract_2025","adm3_name":"Middlesex County","adm3_id":"25017","area_sqm":741811,"split":false,"population":320.47823917569644,"days_covered":18,"daytime_peak_f":86.9,"heat_anomaly_f":2.9,"extreme_pct":17.0,"nighttime_stress_f":-6.0,"daytime_peak_f_climrel":0.1747,"heat_anomaly_f_climrel":0.1747,"nighttime_stress_f_climrel":-0.3,"extreme_pct_climrel":0.425,"ref_daytime_hi_mean":84.0,"ref_daytime_hi_p95":96.5,"rwi_mean":null,"health_per_10k":0.0,"built_frac":0.358,"tree_frac":0.024,"canopy_frac_over_3m":0.012,"viirs_mean":26.5,"gdl_hdi":0.961,"gdl_region":"Massachusetts","ghsl_smod":11,"lst_anomaly_c":4.33,"lst_anomaly_c_climrel":0.5413,"worldpop_pop_total":4.0,"frac_under5":3.5,"frac_elderly_65plus":22.2,"frac_elderly_75plus":9.7,"old_age_dependency_ratio":0.367,"has_data":true},"geometry":{"type":"Polygon","coordinates":[[[-71.304106,42.473039],[-71.301868,42.473266],[-71.300818,42.473652],[-71.29872,42.472909],[-71.289676,42.466182],[-71.289302,42.464557],[-71.298845,42.462669],[-71.301172,42.466001],[-71.299777,42.466833],[-71.302553,42.471264],[-71.304315,42.4714],[-71.304106,42.473039]]]}},{"type":"Feature","properties":{"unit_id":"25017357300","name":"Census Tract 3573 \u2014 Middlesex","native_id":"25017357300","source":"census_tract_2025","adm3_name":"Middlesex County","adm3_id":"25017","area_sqm":648735,"split":false,"population":2309.0,"days_covered":18,"daytime_peak_f":87.1,"heat_anomaly_f":3.0,"extreme_pct":17.0,"nighttime_stress_f":-5.1,"daytime_peak_f_climrel":0.1716,"heat_anomaly_f_climrel":0.1716,"nighttime_stress_f_climrel":-0.3,"extreme_pct_climrel":0.425,"ref_daytime_hi_mean":84.1,"ref_daytime_hi_p95":97.6,"rwi_mean":null,"health_per_10k":4.330879168471199,"built_frac":0.465,"tree_frac":0.433,"canopy_frac_over_3m":0.266,"viirs_mean":14.9,"gdl_hdi":0.961,"gdl_region":"Massachusetts","ghsl_smod":30,"lst_anomaly_c":1.46,"lst_anomaly_c_climrel":0.1825,"worldpop_pop_total":3085.0,"frac_under5":5.8,"frac_elderly_65plus":14.3,"frac_elderly_75plus":6.1,"old_age_dependency_ratio":0.211,"has_data":true},"geometry":{"type":"Polygon","coordinates":[[[-71.165259,42.385999],[-71.160832,42.3865],[-71.160332,42.386444],[-71.157971,42.382805],[-71.157792,42.382211],[-71.155623,42.381481],[-71.156231,42.380636],[-71.154706,42.376088],[-71.154373,42.375095],[-71.155414,42.375157],[-71.158345,42.376056],[-71.160189,42.376501],[-71.160942,42.37665],[-71.163363,42.376802],[-71.163496,42.377024],[-71.163338,42.381771],[-71.163536,42.382479],[-71.165328,42.385652],[-71.165259,42.385999]]]}},{"type":"Feature","properties":{"unit_id":"25025981202","name":"Census Tract 9812.02 \u2014 Suffolk","native_id":"25025981202","source":"census_tract_2025","adm3_name":"Suffolk County","adm3_id":"25025","area_sqm":1696453,"split":false,"population":1826.0,"days_covered":18,"daytime_peak_f":86.6,"heat_anomaly_f":4.2,"extreme_pct":28.0,"nighttime_stress_f":-3.3,"daytime_peak_f_climrel":0.2575,"heat_anomaly_f_climrel":0.2575,"nighttime_stress_f_climrel":-0.196,"extreme_pct_climrel":0.7,"ref_daytime_hi_mean":82.4,"ref_daytime_hi_p95":95.6,"rwi_mean":null,"health_per_10k":0.0,"built_frac":0.614,"tree_frac":0.012,"canopy_frac_over_3m":0.007,"viirs_mean":84.8,"gdl_hdi":0.961,"gdl_region":"Massachusetts","ghsl_smod":30,"lst_anomaly_c":-0.88,"lst_anomaly_c_climrel":0,"worldpop_pop_total":0.0,"frac_under5":15.7,"frac_elderly_65plus":17.1,"frac_elderly_75plus":15.9,"old_age_dependency_ratio":0.389,"has_data":true},"geometry":{"type":"Polygon","coordinates":[[[-71.047072,42.339701],[-71.041406,42.344526],[-71.039493,42.344487],[-71.037451,42.343214],[-71.035134,42.3466],[-71.035987,42.347703],[-71.0339662859699,42.3500489262703],[-71.013895,42.34168],[-71.0109482949352,42.3396711987028],[-71.013366,42.338887],[-71.018005,42.338817],[-71.021947,42.337847],[-71.025133,42.33831],[-71.029317,42.338238],[-71.035486,42.338141],[-71.037522,42.338095],[-71.042475,42.33801],[-71.043982,42.337988],[-71.045559,42.338718],[-71.047072,42.339701]]]}},{"type":"Feature","properties":{"unit_id":"25017339803","name":"Census Tract 3398.03 \u2014 Middlesex","native_id":"25017339803","source":"census_tract_2025","adm3_name":"Middlesex County","adm3_id":"25017","area_sqm":757033,"split":false,"population":3454.0,"days_covered":18,"daytime_peak_f":86.4,"heat_anomaly_f":3.6,"extreme_pct":22.0,"nighttime_stress_f":-3.6,"daytime_peak_f_climrel":0.1994,"heat_anomaly_f_climrel":0.1994,"nighttime_stress_f_climrel":-0.2085,"extreme_pct_climrel":0.55,"ref_daytime_hi_mean":82.8,"ref_daytime_hi_p95":97.0,"rwi_mean":null,"health_per_10k":5.790387955993051,"built_frac":0.606,"tree_frac":0.136,"canopy_frac_over_3m":0.129,"viirs_mean":59.1,"gdl_hdi":0.961,"gdl_region":"Massachusetts","ghsl_smod":30,"lst_anomaly_c":1.44,"lst_anomaly_c_climrel":0.18,"worldpop_pop_total":3862.0,"frac_under5":4.5,"frac_elderly_65plus":8.6,"frac_elderly_75plus":4.0,"old_age_dependency_ratio":0.102,"has_data":true},"geometry":{"type":"Polygon","coordinates":[[[-71.082084,42.403486],[-71.081649,42.404666],[-71.081473,42.405078],[-71.080428,42.408055],[-71.076962,42.40745],[-71.0769,42.410745],[-71.076801,42.413196],[-71.075862,42.413266],[-71.073196,42.412996],[-71.07199,42.411883],[-71.073552,42.409393],[-71.071297,42.406922],[-71.072807,42.40381],[-71.075988,42.399706],[-71.075996,42.396396],[-71.077152,42.396778],[-71.083423,42.400013],[-71.082084,42.403486]]]}},{"type":"Feature","properties":{"unit_id":"25017332401","name":"Census Tract 3324.01 \u2014 Middlesex","native_id":"25017332401","source":"census_tract_2025","adm3_name":"Middlesex County","adm3_id":"25017","area_sqm":5303905,"split":false,"population":13730.0,"days_covered":18,"daytime_peak_f":87.1,"heat_anomaly_f":3.0,"extreme_pct":17.0,"nighttime_stress_f":-5.1,"daytime_peak_f_climrel":0.1737,"heat_anomaly_f_climrel":0.1737,"nighttime_stress_f_climrel":-0.3,"extreme_pct_climrel":0.425,"ref_daytime_hi_mean":84.0,"ref_daytime_hi_p95":97.5,"rwi_mean":null,"health_per_10k":1.4566642388929352,"built_frac":0.294,"tree_frac":0.615,"canopy_frac_over_3m":0.409,"viirs_mean":33.1,"gdl_hdi":0.961,"gdl_region":"Massachusetts","ghsl_smod":21,"lst_anomaly_c":-1.74,"lst_anomaly_c_climrel":0,"worldpop_pop_total":2433.0,"frac_under5":4.3,"frac_elderly_65plus":29.0,"frac_elderly_75plus":17.3,"old_age_dependency_ratio":0.512,"has_data":true},"geometry":{"type":"Polygon","coordinates":[[[-71.223865,42.496746],[-71.216507,42.499015],[-71.212303,42.499993],[-71.208724,42.501972],[-71.20794,42.503466],[-71.206909,42.504051],[-71.202326,42.50428],[-71.200364,42.504898],[-71.195862,42.504992],[-71.195489,42.502854],[-71.194726,42.500871],[-71.194026,42.498675],[-71.194636,42.49487],[-71.193035,42.491279],[-71.192796,42.49095],[-71.191584,42.488478],[-71.196453,42.485268],[-71.201506,42.482578],[-71.205277,42.481025],[-71.215263,42.477931],[-71.219578,42.484209],[-71.221789,42.487456],[-71.225345,42.494006],[-71.223865,42.496746]]]}},{"type":"Feature","properties":{"unit_id":"25025120301","name":"Census Tract 1203.01 \u2014 Suffolk","native_id":"25025120301","source":"census_tract_2025","adm3_name":"Suffolk County","adm3_id":"25025","area_sqm":657613,"split":false,"population":3173.0,"days_covered":18,"daytime_peak_f":87.3,"heat_anomaly_f":2.9,"extreme_pct":17.0,"nighttime_stress_f":-5.1,"daytime_peak_f_climrel":0.1686,"heat_anomaly_f_climrel":0.1686,"nighttime_stress_f_climrel":-0.3,"extreme_pct_climrel":0.425,"ref_daytime_hi_mean":84.4,"ref_daytime_hi_p95":98.1,"rwi_mean":null,"health_per_10k":3.1515915537346357,"built_frac":0.65,"tree_frac":0.343,"canopy_frac_over_3m":0.283,"viirs_mean":47.7,"gdl_hdi":0.961,"gdl_region":"Massachusetts","ghsl_smod":30,"lst_anomaly_c":2.13,"lst_anomaly_c_climrel":0.2662,"worldpop_pop_total":5109.0,"frac_under5":5.4,"frac_elderly_65plus":12.5,"frac_elderly_75plus":5.1,"old_age_dependency_ratio":0.168,"has_data":true},"geometry":{"type":"Polygon","coordinates":[[[-71.106293,42.312329],[-71.104475,42.317022],[-71.102944,42.319298],[-71.101192,42.318215],[-71.098451,42.315644],[-71.099481,42.314606],[-71.099191,42.314356],[-71.096248,42.312492],[-71.096832,42.312246],[-71.097848,42.311067],[-71.100716,42.306566],[-71.10269,42.305966],[-71.10245,42.308878],[-71.104558,42.309435],[-71.107345,42.310622],[-71.106293,42.312329]]]}},{"type":"Feature","properties":{"unit_id":"25017358700","name":"Census Tract 3587 \u2014 Middlesex","native_id":"25017358700","source":"census_tract_2025","adm3_name":"Middlesex County","adm3_id":"25017","area_sqm":7031417,"split":false,"population":5050.0,"days_covered":18,"daytime_peak_f":87.1,"heat_anomaly_f":3.0,"extreme_pct":17.0,"nighttime_stress_f":-5.1,"daytime_peak_f_climrel":0.1737,"heat_anomaly_f_climrel":0.1737,"nighttime_stress_f_climrel":-0.3,"extreme_pct_climrel":0.425,"ref_daytime_hi_mean":84.0,"ref_daytime_hi_p95":97.5,"rwi_mean":null,"health_per_10k":0.0,"built_frac":0.057,"tree_frac":0.898,"canopy_frac_over_3m":0.643,"viirs_mean":7.9,"gdl_hdi":0.961,"gdl_region":"Massachusetts","ghsl_smod":21,"lst_anomaly_c":-6.25,"lst_anomaly_c_climrel":0,"worldpop_pop_total":5763.0,"frac_under5":3.8,"frac_elderly_65plus":19.0,"frac_elderly_75plus":9.2,"old_age_dependency_ratio":0.319,"has_data":true},"geometry":{"type":"Polygon","coordinates":[[[-71.262424,42.474903],[-71.261515,42.476246],[-71.256693,42.478456],[-71.251986,42.485015],[-71.244177,42.488539],[-71.240906,42.490013],[-71.223402,42.475559],[-71.223204,42.475395],[-71.213376,42.467286],[-71.212243,42.46635],[-71.21468,42.464436],[-71.215007,42.461815],[-71.21344,42.460054],[-71.214439,42.46012],[-71.21487,42.45864],[-71.215474,42.45796],[-71.21654,42.457294],[-71.216871,42.456917],[-71.217394,42.456017],[-71.217775,42.454151],[-71.218102,42.452973],[-71.21877,42.451509],[-71.220405,42.450625],[-71.220008,42.448581],[-71.220621,42.446322],[-71.222007,42.446803],[-71.225078,42.447663],[-71.227587,42.448479],[-71.229977,42.450589],[-71.230429,42.451242],[-71.230873,42.453501],[-71.231911,42.45891],[-71.230436,42.459835],[-71.230953,42.461814],[-71.232779,42.463431],[-71.232113,42.465208],[-71.232831,42.4685],[-71.235462,42.471561],[-71.237629,42.472986],[-71.24118,42.472166],[-71.244906,42.47027],[-71.246745,42.472463],[-71.251661,42.476405],[-71.253803,42.474992],[-71.254859,42.475613],[-71.261058,42.473285],[-71.26331,42.473591],[-71.262424,42.474903]]]}},{"type":"Feature","properties":{"unit_id":"25017383102","name":"Census Tract 3831.02 \u2014 Middlesex","native_id":"25017383102","source":"census_tract_2025","adm3_name":"Middlesex County","adm3_id":"25017","area_sqm":1178988,"split":false,"population":2911.0,"days_covered":18,"daytime_peak_f":86.4,"heat_anomaly_f":2.4,"extreme_pct":17.0,"nighttime_stress_f":-5.7,"daytime_peak_f_climrel":0.1507,"heat_anomaly_f_climrel":0.1507,"nighttime_stress_f_climrel":-0.3,"extreme_pct_climrel":0.425,"ref_daytime_hi_mean":84.0,"ref_daytime_hi_p95":96.2,"rwi_mean":null,"health_per_10k":0.0,"built_frac":0.509,"tree_frac":0.431,"canopy_frac_over_3m":0.286,"viirs_mean":31.8,"gdl_hdi":0.961,"gdl_region":"Massachusetts","ghsl_smod":23,"lst_anomaly_c":2.04,"lst_anomaly_c_climrel":0.255,"worldpop_pop_total":4818.0,"frac_under5":7.5,"frac_elderly_65plus":8.5,"frac_elderly_75plus":3.3,"old_age_dependency_ratio":0.131,"has_data":true},"geometry":{"type":"Polygon","coordinates":[[[-71.414969,42.277353],[-71.406225,42.279236],[-71.399714,42.281118],[-71.39959,42.281156],[-71.399391,42.280607],[-71.397218,42.279006],[-71.396546,42.275974],[-71.395861,42.272908],[-71.393728,42.272519],[-71.390365,42.271916],[-71.393594,42.267388],[-71.39362,42.267365],[-71.397986,42.269232],[-71.411984,42.276834],[-71.414969,42.277353]]]}},{"type":"Feature","properties":{"unit_id":"25017357500","name":"Census Tract 3575 \u2014 Middlesex","native_id":"25017357500","source":"census_tract_2025","adm3_name":"Middlesex County","adm3_id":"25017","area_sqm":483919,"split":false,"population":1469.636115274149,"days_covered":18,"daytime_peak_f":87.1,"heat_anomaly_f":3.0,"extreme_pct":17.0,"nighttime_stress_f":-5.1,"daytime_peak_f_climrel":0.1716,"heat_anomaly_f_climrel":0.1716,"nighttime_stress_f_climrel":-0.3,"extreme_pct_climrel":0.425,"ref_daytime_hi_mean":84.1,"ref_daytime_hi_p95":97.6,"rwi_mean":null,"health_per_10k":0.0,"built_frac":0.489,"tree_frac":0.494,"canopy_frac_over_3m":0.281,"viirs_mean":17.9,"gdl_hdi":0.961,"gdl_region":"Massachusetts","ghsl_smod":30,"lst_anomaly_c":0.92,"lst_anomaly_c_climrel":0.115,"worldpop_pop_total":2182.0,"frac_under5":5.3,"frac_elderly_65plus":16.0,"frac_elderly_75plus":6.8,"old_age_dependency_ratio":0.25,"has_data":true},"geometry":{"type":"Polygon","coordinates":[[[-71.181088,42.38025],[-71.181057,42.38131],[-71.180044,42.382483],[-71.179305,42.387072],[-71.178776,42.387694],[-71.178269,42.387149],[-71.175248,42.385062],[-71.174932,42.386245],[-71.171645,42.38654],[-71.169405,42.386436],[-71.170777,42.383199],[-71.175015,42.381863],[-71.174593,42.380509],[-71.175599,42.379436],[-71.175461,42.379413],[-71.175485,42.379384],[-71.177654,42.379739],[-71.179532,42.380173],[-71.181106,42.380184],[-71.181088,42.38025]]]}},{"type":"Feature","properties":{"unit_id":"25017333100","name":"Census Tract 3331 \u2014 Middlesex","native_id":"25017333100","source":"census_tract_2025","adm3_name":"Middlesex County","adm3_id":"25017","area_sqm":7100683,"split":false,"population":7292.0,"days_covered":18,"daytime_peak_f":87.1,"heat_anomaly_f":3.0,"extreme_pct":17.0,"nighttime_stress_f":-5.1,"daytime_peak_f_climrel":0.1737,"heat_anomaly_f_climrel":0.1737,"nighttime_stress_f_climrel":-0.3,"extreme_pct_climrel":0.425,"ref_daytime_hi_mean":84.0,"ref_daytime_hi_p95":97.5,"rwi_mean":null,"health_per_10k":8.228195282501371,"built_frac":0.161,"tree_frac":0.765,"canopy_frac_over_3m":0.513,"viirs_mean":10.9,"gdl_hdi":0.961,"gdl_region":"Massachusetts","ghsl_smod":21,"lst_anomaly_c":-3.56,"lst_anomaly_c_climrel":0,"worldpop_pop_total":7566.0,"frac_under5":4.4,"frac_elderly_65plus":25.6,"frac_elderly_75plus":13.2,"old_age_dependency_ratio":0.418,"has_data":true},"geometry":{"type":"Polygon","coordinates":[[[-71.206967,42.463624],[-71.204317,42.465845],[-71.188279,42.479696],[-71.187396,42.479364],[-71.18548,42.479967],[-71.186437,42.481008],[-71.184641,42.481733],[-71.182944,42.482122],[-71.181832,42.480333],[-71.181063,42.479536],[-71.175554,42.471319],[-71.174378,42.4699],[-71.156891,42.462404],[-71.155237,42.462479],[-71.153032,42.462495],[-71.156237,42.456917],[-71.164343,42.459758],[-71.175673,42.455313],[-71.189635,42.44983],[-71.190566,42.450455],[-71.193236,42.452643],[-71.195413,42.45359],[-71.196011,42.454275],[-71.198446,42.456982],[-71.202131,42.459854],[-71.206141,42.462986],[-71.206967,42.463624]]]}},{"type":"Feature","properties":{"unit_id":"25025081001","name":"Census Tract 810.01 \u2014 Suffolk","native_id":"25025081001","source":"census_tract_2025","adm3_name":"Suffolk County","adm3_id":"25025","area_sqm":559703,"split":false,"population":8696.354031137605,"days_covered":18,"daytime_peak_f":87.3,"heat_anomaly_f":2.9,"extreme_pct":17.0,"nighttime_stress_f":-5.1,"daytime_peak_f_climrel":0.1686,"heat_anomaly_f_climrel":0.1686,"nighttime_stress_f_climrel":-0.3,"extreme_pct_climrel":0.425,"ref_daytime_hi_mean":84.4,"ref_daytime_hi_p95":98.1,"rwi_mean":null,"health_per_10k":4.599628747493326,"built_frac":0.88,"tree_frac":0.115,"canopy_frac_over_3m":0.109,"viirs_mean":71.3,"gdl_hdi":0.961,"gdl_region":"Massachusetts","ghsl_smod":30,"lst_anomaly_c":3.39,"lst_anomaly_c_climrel":0.4238,"worldpop_pop_total":5536.0,"frac_under5":4.1,"frac_elderly_65plus":13.9,"frac_elderly_75plus":7.3,"old_age_dependency_ratio":0.184,"has_data":true},"geometry":{"type":"Polygon","coordinates":[[[-71.113016,42.331932],[-71.109894,42.335379],[-71.110063,42.336307],[-71.110697,42.337183],[-71.110001,42.340317],[-71.10539,42.33786],[-71.100935,42.336168],[-71.100306,42.335941],[-71.102427,42.335149],[-71.10491,42.33419],[-71.105605,42.332406],[-71.105169,42.331012],[-71.103081,42.330528],[-71.102293,42.330354],[-71.100861,42.330002],[-71.098941,42.329133],[-71.099368,42.327995],[-71.101276,42.32935],[-71.106264,42.330616],[-71.108501,42.330597],[-71.108901,42.330715],[-71.109561,42.330967],[-71.109591,42.333199],[-71.110239,42.333044],[-71.112298,42.332003],[-71.113016,42.331932]]]}},{"type":"Feature","properties":{"unit_id":"25017335302","name":"Census Tract 3353.02 \u2014 Middlesex","native_id":"25017335302","source":"census_tract_2025","adm3_name":"Middlesex County","adm3_id":"25017","area_sqm":5214957,"split":false,"population":8504.0,"days_covered":18,"daytime_peak_f":86.5,"heat_anomaly_f":4.0,"extreme_pct":17.0,"nighttime_stress_f":-3.3,"daytime_peak_f_climrel":0.2318,"heat_anomaly_f_climrel":0.2318,"nighttime_stress_f_climrel":-0.1839,"extreme_pct_climrel":0.425,"ref_daytime_hi_mean":82.5,"ref_daytime_hi_p95":96.1,"rwi_mean":null,"health_per_10k":0.0,"built_frac":0.225,"tree_frac":0.643,"canopy_frac_over_3m":0.418,"viirs_mean":16.5,"gdl_hdi":0.961,"gdl_region":"Massachusetts","ghsl_smod":21,"lst_anomaly_c":-2.56,"lst_anomaly_c_climrel":0,"worldpop_pop_total":5434.0,"frac_under5":5.6,"frac_elderly_65plus":19.6,"frac_elderly_75plus":7.7,"old_age_dependency_ratio":0.309,"has_data":true},"geometry":{"type":"Polygon","coordinates":[[[-71.066692,42.503558],[-71.065602,42.504998],[-71.064083,42.512473],[-71.063522,42.514843],[-71.062313,42.516983],[-71.057513,42.524173],[-71.040983,42.526262],[-71.038599,42.52396],[-71.040913,42.521718],[-71.040989,42.519847],[-71.040108,42.517237],[-71.038302,42.516262],[-71.039483,42.514536],[-71.036556,42.512435],[-71.036633,42.511766],[-71.036946,42.510421],[-71.0349,42.506758],[-71.035839,42.505192],[-71.038721,42.50272],[-71.042229,42.502343],[-71.043774,42.501199],[-71.042087,42.498271],[-71.048749,42.499805],[-71.05057,42.500185],[-71.055732,42.501698],[-71.057774,42.50291],[-71.060932,42.503255],[-71.06312,42.502776],[-71.064571,42.502537],[-71.067293,42.502803],[-71.066692,42.503558]]]}},{"type":"Feature","properties":{"unit_id":"25017333501","name":"Census Tract 3335.01 \u2014 Middlesex","native_id":"25017333501","source":"census_tract_2025","adm3_name":"Middlesex County","adm3_id":"25017","area_sqm":3226062,"split":false,"population":6247.0,"days_covered":18,"daytime_peak_f":87.1,"heat_anomaly_f":3.0,"extreme_pct":17.0,"nighttime_stress_f":-5.1,"daytime_peak_f_climrel":0.1737,"heat_anomaly_f_climrel":0.1737,"nighttime_stress_f_climrel":-0.3,"extreme_pct_climrel":0.425,"ref_daytime_hi_mean":84.0,"ref_daytime_hi_p95":97.5,"rwi_mean":null,"health_per_10k":1.6007683688170322,"built_frac":0.24,"tree_frac":0.685,"canopy_frac_over_3m":0.43,"viirs_mean":15.7,"gdl_hdi":0.961,"gdl_region":"Massachusetts","ghsl_smod":30,"lst_anomaly_c":-1.37,"lst_anomaly_c_climrel":0,"worldpop_pop_total":5101.0,"frac_under5":5.9,"frac_elderly_65plus":20.1,"frac_elderly_75plus":8.4,"old_age_dependency_ratio":0.317,"has_data":true},"geometry":{"type":"Polygon","coordinates":[[[-71.168914,42.490547],[-71.16849,42.497475],[-71.158103,42.499219],[-71.148539,42.500471],[-71.142242,42.501282],[-71.143452,42.496387],[-71.142036,42.494487],[-71.13851,42.495258],[-71.137144,42.494047],[-71.136622,42.490678],[-71.135218,42.487921],[-71.135734,42.487734],[-71.136797,42.487431],[-71.141176,42.487358],[-71.144382,42.489247],[-71.150465,42.490753],[-71.153524,42.490551],[-71.152037,42.485691],[-71.156349,42.487045],[-71.159854,42.48483],[-71.170186,42.488979],[-71.168914,42.490547]]]}},{"type":"Feature","properties":{"unit_id":"25025082000","name":"Census Tract 820 \u2014 Suffolk","native_id":"25025082000","source":"census_tract_2025","adm3_name":"Suffolk County","adm3_id":"25025","area_sqm":392156,"split":false,"population":5210.0,"days_covered":18,"daytime_peak_f":87.3,"heat_anomaly_f":2.9,"extreme_pct":17.0,"nighttime_stress_f":-5.1,"daytime_peak_f_climrel":0.1686,"heat_anomaly_f_climrel":0.1686,"nighttime_stress_f_climrel":-0.3,"extreme_pct_climrel":0.425,"ref_daytime_hi_mean":84.4,"ref_daytime_hi_p95":98.1,"rwi_mean":null,"health_per_10k":0.0,"built_frac":0.71,"tree_frac":0.28,"canopy_frac_over_3m":0.173,"viirs_mean":54.7,"gdl_hdi":0.961,"gdl_region":"Massachusetts","ghsl_smod":30,"lst_anomaly_c":3.61,"lst_anomaly_c_climrel":0.4512,"worldpop_pop_total":3261.0,"frac_under5":6.0,"frac_elderly_65plus":14.8,"frac_elderly_75plus":6.0,"old_age_dependency_ratio":0.225,"has_data":true},"geometry":{"type":"Polygon","coordinates":[[[-71.088331,42.31461],[-71.086903,42.316392],[-71.086508,42.317053],[-71.084582,42.316792],[-71.08285,42.316362],[-71.080998,42.315755],[-71.078823,42.314608],[-71.079683,42.313219],[-71.080088,42.312691],[-71.080312,42.312418],[-71.082012,42.310256],[-71.082668,42.309535],[-71.083251,42.310604],[-71.083919,42.310576],[-71.085862,42.311689],[-71.088319,42.312895],[-71.089399,42.313257],[-71.088331,42.31461]]]}},{"type":"Feature","properties":{"unit_id":"25017336404","name":"Census Tract 3364.04 \u2014 Middlesex","native_id":"25017336404","source":"census_tract_2025","adm3_name":"Middlesex County","adm3_id":"25017","area_sqm":1205426,"split":false,"population":474.0,"days_covered":18,"daytime_peak_f":86.4,"heat_anomaly_f":3.6,"extreme_pct":22.0,"nighttime_stress_f":-3.6,"daytime_peak_f_climrel":0.1994,"heat_anomaly_f_climrel":0.1994,"nighttime_stress_f_climrel":-0.2085,"extreme_pct_climrel":0.55,"ref_daytime_hi_mean":82.8,"ref_daytime_hi_p95":97.0,"rwi_mean":null,"health_per_10k":21.09704641350211,"built_frac":0.246,"tree_frac":0.606,"canopy_frac_over_3m":0.493,"viirs_mean":13.6,"gdl_hdi":0.961,"gdl_region":"Massachusetts","ghsl_smod":30,"lst_anomaly_c":-1.27,"lst_anomaly_c_climrel":0,"worldpop_pop_total":2601.0,"frac_under5":6.5,"frac_elderly_65plus":15.6,"frac_elderly_75plus":6.4,"old_age_dependency_ratio":0.232,"has_data":true},"geometry":{"type":"Polygon","coordinates":[[[-71.068611,42.451817],[-71.069136,42.451989],[-71.069007,42.452958],[-71.066458,42.453135],[-71.063295,42.453306],[-71.06174,42.452033],[-71.059717,42.449785],[-71.05959,42.449231],[-71.059202,42.447492],[-71.058043,42.447762],[-71.056515,42.444684],[-71.054832,42.443383],[-71.051961,42.442915],[-71.050272,42.4422],[-71.05543,42.441671],[-71.067657,42.440411],[-71.068091,42.445234],[-71.069505,42.445141],[-71.068611,42.451817]]]}},{"type":"Feature","properties":{"unit_id":"25017351403","name":"Census Tract 3514.03 \u2014 Middlesex","native_id":"25017351403","source":"census_tract_2025","adm3_name":"Middlesex County","adm3_id":"25017","area_sqm":334417,"split":false,"population":3961.0,"days_covered":18,"daytime_peak_f":86.4,"heat_anomaly_f":3.6,"extreme_pct":22.0,"nighttime_stress_f":-3.6,"daytime_peak_f_climrel":0.1994,"heat_anomaly_f_climrel":0.1994,"nighttime_stress_f_climrel":-0.2085,"extreme_pct_climrel":0.55,"ref_daytime_hi_mean":82.8,"ref_daytime_hi_p95":97.0,"rwi_mean":null,"health_per_10k":7.573844988639232,"built_frac":0.919,"tree_frac":0.08,"canopy_frac_over_3m":0.089,"viirs_mean":54.3,"gdl_hdi":0.961,"gdl_region":"Massachusetts","ghsl_smod":30,"lst_anomaly_c":5.75,"lst_anomaly_c_climrel":0.7188,"worldpop_pop_total":3667.0,"frac_under5":4.3,"frac_elderly_65plus":14.0,"frac_elderly_75plus":6.0,"old_age_dependency_ratio":0.187,"has_data":true},"geometry":{"type":"Polygon","coordinates":[[[-71.089502,42.388232],[-71.089331,42.38846],[-71.088199,42.389604],[-71.08597,42.388626],[-71.084185,42.387801],[-71.082343,42.387175],[-71.080808,42.386741],[-71.077638,42.385838],[-71.078727,42.384306],[-71.079428,42.38332],[-71.08062,42.38376],[-71.082681,42.384143],[-71.084212,42.384563],[-71.087838,42.385692],[-71.090477,42.38652],[-71.089502,42.388232]]]}},{"type":"Feature","properties":{"unit_id":"25017321200","name":"Census Tract 3212 \u2014 Middlesex","native_id":"25017321200","source":"census_tract_2025","adm3_name":"Middlesex County","adm3_id":"25017","area_sqm":4596521,"split":false,"population":5211.0,"days_covered":18,"daytime_peak_f":86.3,"heat_anomaly_f":2.3,"extreme_pct":17.0,"nighttime_stress_f":-6.4,"daytime_peak_f_climrel":0.144,"heat_anomaly_f_climrel":0.144,"nighttime_stress_f_climrel":-0.3,"extreme_pct_climrel":0.425,"ref_daytime_hi_mean":84.0,"ref_daytime_hi_p95":95.8,"rwi_mean":null,"health_per_10k":0.0,"built_frac":0.172,"tree_frac":0.651,"canopy_frac_over_3m":0.454,"viirs_mean":12.7,"gdl_hdi":0.961,"gdl_region":"Massachusetts","ghsl_smod":21,"lst_anomaly_c":-4.23,"lst_anomaly_c_climrel":0,"worldpop_pop_total":7054.0,"frac_under5":5.7,"frac_elderly_65plus":15.6,"frac_elderly_75plus":6.6,"old_age_dependency_ratio":0.233,"has_data":true},"geometry":{"type":"Polygon","coordinates":[[[-71.542794,42.34693],[-71.543378,42.347161],[-71.54175,42.349205],[-71.540847,42.351072],[-71.534263,42.351225],[-71.533534,42.351421],[-71.531035,42.35231],[-71.530587,42.352254],[-71.526641,42.349511],[-71.519394,42.34956],[-71.518006,42.349339],[-71.514035,42.34767],[-71.511142,42.347476],[-71.50857,42.347681],[-71.507847,42.347954],[-71.5139,42.342763],[-71.515629,42.342522],[-71.515713,42.33905],[-71.514734,42.335966],[-71.512191,42.334696],[-71.510823,42.33254],[-71.511238,42.328805],[-71.516527,42.330336],[-71.531883,42.328587],[-71.537316,42.327969],[-71.541041,42.332228],[-71.541469,42.334512],[-71.542611,42.342729],[-71.543476,42.345211],[-71.542794,42.34693]]]}},{"type":"Feature","properties":{"unit_id":"25025110403","name":"Census Tract 1104.03 \u2014 Suffolk","native_id":"25025110403","source":"census_tract_2025","adm3_name":"Suffolk County","adm3_id":"25025","area_sqm":942866,"split":false,"population":4407.0,"days_covered":18,"daytime_peak_f":87.3,"heat_anomaly_f":2.9,"extreme_pct":17.0,"nighttime_stress_f":-5.1,"daytime_peak_f_climrel":0.1686,"heat_anomaly_f_climrel":0.1686,"nighttime_stress_f_climrel":-0.3,"extreme_pct_climrel":0.425,"ref_daytime_hi_mean":84.4,"ref_daytime_hi_p95":98.1,"rwi_mean":null,"health_per_10k":0.0,"built_frac":0.481,"tree_frac":0.515,"canopy_frac_over_3m":0.353,"viirs_mean":23.9,"gdl_hdi":0.961,"gdl_region":"Massachusetts","ghsl_smod":30,"lst_anomaly_c":0.11,"lst_anomaly_c_climrel":0.0138,"worldpop_pop_total":4227.0,"frac_under5":5.9,"frac_elderly_65plus":18.5,"frac_elderly_75plus":7.2,"old_age_dependency_ratio":0.282,"has_data":true},"geometry":{"type":"Polygon","coordinates":[[[-71.134785,42.276898],[-71.132758,42.2786],[-71.129751,42.281455],[-71.129082,42.280968],[-71.127942,42.282665],[-71.125127,42.28449],[-71.124041,42.282998],[-71.122433,42.281826],[-71.120675,42.280696],[-71.119712,42.280288],[-71.119993,42.278819],[-71.120295,42.278554],[-71.121435,42.274639],[-71.121456,42.273776],[-71.124914,42.272699],[-71.125794,42.273468],[-71.128245,42.274245],[-71.12867,42.273895],[-71.131121,42.273047],[-71.132703,42.274037],[-71.131642,42.274908],[-71.134626,42.276784],[-71.134785,42.276898]]]}},{"type":"Feature","properties":{"unit_id":"25017365100","name":"Census Tract 3651 \u2014 Middlesex","native_id":"25017365100","source":"census_tract_2025","adm3_name":"Middlesex County","adm3_id":"25017","area_sqm":30457426,"split":false,"population":6629.0,"days_covered":18,"daytime_peak_f":86.7,"heat_anomaly_f":2.9,"extreme_pct":17.0,"nighttime_stress_f":-5.9,"daytime_peak_f_climrel":0.179,"heat_anomaly_f_climrel":0.179,"nighttime_stress_f_climrel":-0.3,"extreme_pct_climrel":0.425,"ref_daytime_hi_mean":83.8,"ref_daytime_hi_p95":96.1,"rwi_mean":null,"health_per_10k":0.0,"built_frac":0.017,"tree_frac":0.851,"canopy_frac_over_3m":0.62,"viirs_mean":2.3,"gdl_hdi":0.961,"gdl_region":"Massachusetts","ghsl_smod":12,"lst_anomaly_c":-7.33,"lst_anomaly_c_climrel":0,"worldpop_pop_total":7558.0,"frac_under5":5.4,"frac_elderly_65plus":14.5,"frac_elderly_75plus":6.0,"old_age_dependency_ratio":0.229,"has_data":true},"geometry":{"type":"Polygon","coordinates":[[[-71.471073,42.396241],[-71.469443,42.402593],[-71.442683,42.406952],[-71.436592,42.421744],[-71.435811,42.423658],[-71.434492,42.426861],[-71.430389,42.436937],[-71.422776,42.434062],[-71.414579,42.43096],[-71.405434,42.427508],[-71.396264,42.42402],[-71.37459,42.415841],[-71.36634,42.41272],[-71.367427,42.41214],[-71.367337,42.410883],[-71.374337,42.408165],[-71.374722,42.407582],[-71.373922,42.405762],[-71.37037,42.405077],[-71.368088,42.403918],[-71.370076,42.401055],[-71.367228,42.400196],[-71.370005,42.398519],[-71.369448,42.397853],[-71.36393,42.39621],[-71.361779,42.396009],[-71.362304,42.393875],[-71.361976,42.392627],[-71.362839,42.391805],[-71.364026,42.392382],[-71.365313,42.391231],[-71.364526,42.390344],[-71.365716,42.3894],[-71.369005,42.389863],[-71.370086,42.388537],[-71.372153,42.389366],[-71.372818,42.387205],[-71.375472,42.388679],[-71.377191,42.387818],[-71.377256,42.386705],[-71.378537,42.385803],[-71.378829,42.384434],[-71.381364,42.38342],[-71.384037,42.37998],[-71.382973,42.378212],[-71.383484,42.376612],[-71.387474,42.375406],[-71.387814,42.375278],[-71.393807,42.376845],[-71.398722,42.376534],[-71.403657,42.378072],[-71.408334,42.380029],[-71.411324,42.382382],[-71.415321,42.383017],[-71.418309,42.384901],[-71.423863,42.386394],[-71.428495,42.387971],[-71.431501,42.388112],[-71.435561,42.389174],[-71.442093,42.391667],[-71.445549,42.391842],[-71.452194,42.392584],[-71.456916,42.392601],[-71.460423,42.39196],[-71.462803,42.392036],[-71.468415,42.394714],[-71.471344,42.395175],[-71.471073,42.396241]]]}},{"type":"Feature","properties":{"unit_id":"25017334400","name":"Census Tract 3344 \u2014 Middlesex","native_id":"25017334400","source":"census_tract_2025","adm3_name":"Middlesex County","adm3_id":"25017","area_sqm":9156852,"split":false,"population":4919.0,"days_covered":18,"daytime_peak_f":86.5,"heat_anomaly_f":4.0,"extreme_pct":17.0,"nighttime_stress_f":-3.3,"daytime_peak_f_climrel":0.2318,"heat_anomaly_f_climrel":0.2318,"nighttime_stress_f_climrel":-0.1839,"extreme_pct_climrel":0.425,"ref_daytime_hi_mean":82.5,"ref_daytime_hi_p95":96.1,"rwi_mean":null,"health_per_10k":2.0329335230737953,"built_frac":0.125,"tree_frac":0.843,"canopy_frac_over_3m":0.689,"viirs_mean":8.5,"gdl_hdi":0.961,"gdl_region":"Massachusetts","ghsl_smod":12,"lst_anomaly_c":-6.3,"lst_anomaly_c_climrel":0,"worldpop_pop_total":6624.0,"frac_under5":5.8,"frac_elderly_65plus":21.7,"frac_elderly_75plus":11.1,"old_age_dependency_ratio":0.357,"has_data":true},"geometry":{"type":"Polygon","coordinates":[[[-71.105121,42.536853],[-71.104072,42.540831],[-71.101513,42.540363],[-71.100479,42.539496],[-71.095601,42.539556],[-71.092763,42.538979],[-71.089524,42.543667],[-71.090727,42.546217],[-71.094897,42.549431],[-71.096051,42.551025],[-71.095877,42.554853],[-71.092818,42.559272],[-71.08989,42.558222],[-71.070978,42.555889],[-71.07515,42.531035],[-71.079745,42.526725],[-71.080103,42.526388],[-71.081085,42.525473],[-71.083725,42.525261],[-71.093057,42.515529],[-71.095841,42.512624],[-71.097463,42.510246],[-71.094289,42.507087],[-71.099645,42.506431],[-71.100727,42.502242],[-71.101786,42.502134],[-71.103362,42.505597],[-71.104195,42.507983],[-71.103305,42.520019],[-71.103212,42.521113],[-71.103048,42.523263],[-71.102989,42.523536],[-71.102791,42.524082],[-71.10218,42.525749],[-71.102039,42.52623],[-71.102405,42.527915],[-71.105132,42.536155],[-71.105121,42.536853]]]}},{"type":"Feature","properties":{"unit_id":"25017336403","name":"Census Tract 3364.03 \u2014 Middlesex","native_id":"25017336403","source":"census_tract_2025","adm3_name":"Middlesex County","adm3_id":"25017","area_sqm":1278126,"split":false,"population":1681.0,"days_covered":18,"daytime_peak_f":86.4,"heat_anomaly_f":3.6,"extreme_pct":22.0,"nighttime_stress_f":-3.6,"daytime_peak_f_climrel":0.1994,"heat_anomaly_f_climrel":0.1994,"nighttime_stress_f_climrel":-0.2085,"extreme_pct_climrel":0.55,"ref_daytime_hi_mean":82.8,"ref_daytime_hi_p95":97.0,"rwi_mean":null,"health_per_10k":0.0,"built_frac":0.195,"tree_frac":0.797,"canopy_frac_over_3m":0.69,"viirs_mean":10.5,"gdl_hdi":0.961,"gdl_region":"Massachusetts","ghsl_smod":30,"lst_anomaly_c":-2.5,"lst_anomaly_c_climrel":0,"worldpop_pop_total":3673.0,"frac_under5":6.7,"frac_elderly_65plus":10.7,"frac_elderly_75plus":4.3,"old_age_dependency_ratio":0.141,"has_data":true},"geometry":{"type":"Polygon","coordinates":[[[-71.082116,42.44394],[-71.080595,42.453141],[-71.080471,42.453028],[-71.076032,42.450546],[-71.075055,42.447802],[-71.071559,42.448083],[-71.070716,42.449013],[-71.070024,42.45223],[-71.069564,42.452111],[-71.069304,42.452037],[-71.069136,42.451989],[-71.068611,42.451817],[-71.069505,42.445141],[-71.068091,42.445234],[-71.067657,42.440411],[-71.070553,42.440124],[-71.071619,42.44],[-71.074013,42.439757],[-71.082919,42.43884],[-71.082116,42.44394]]]}},{"type":"Feature","properties":{"unit_id":"25017385204","name":"Census Tract 3852.04 \u2014 Middlesex","native_id":"25017385204","source":"census_tract_2025","adm3_name":"Middlesex County","adm3_id":"25017","area_sqm":3743435,"split":false,"population":2799.0,"days_covered":18,"daytime_peak_f":86.4,"heat_anomaly_f":2.4,"extreme_pct":17.0,"nighttime_stress_f":-5.7,"daytime_peak_f_climrel":0.1507,"heat_anomaly_f_climrel":0.1507,"nighttime_stress_f_climrel":-0.3,"extreme_pct_climrel":0.425,"ref_daytime_hi_mean":84.0,"ref_daytime_hi_p95":96.2,"rwi_mean":null,"health_per_10k":0.0,"built_frac":0.136,"tree_frac":0.797,"canopy_frac_over_3m":0.556,"viirs_mean":9.2,"gdl_hdi":0.961,"gdl_region":"Massachusetts","ghsl_smod":21,"lst_anomaly_c":-4.31,"lst_anomaly_c_climrel":0,"worldpop_pop_total":3461.0,"frac_under5":7.3,"frac_elderly_65plus":12.8,"frac_elderly_75plus":4.7,"old_age_dependency_ratio":0.193,"has_data":true},"geometry":{"type":"Polygon","coordinates":[[[-71.464503,42.260011],[-71.460032,42.259652],[-71.45579,42.259956],[-71.452509,42.261128],[-71.450865,42.26206],[-71.448592,42.264458],[-71.444617,42.270588],[-71.431129,42.263503],[-71.429273,42.262535],[-71.430012,42.260768],[-71.432423,42.260248],[-71.434553,42.258717],[-71.438242,42.25396],[-71.440922,42.251975],[-71.441449,42.250737],[-71.439943,42.248696],[-71.44379,42.247619],[-71.446635,42.243647],[-71.450967,42.244691],[-71.454155,42.249652],[-71.464056,42.259539],[-71.464503,42.260011]]]}},{"type":"Feature","properties":{"unit_id":"25017337300","name":"Census Tract 3373 \u2014 Middlesex","native_id":"25017337300","source":"census_tract_2025","adm3_name":"Middlesex County","adm3_id":"25017","area_sqm":4025935,"split":false,"population":4840.0,"days_covered":18,"daytime_peak_f":86.5,"heat_anomaly_f":4.0,"extreme_pct":17.0,"nighttime_stress_f":-3.3,"daytime_peak_f_climrel":0.2318,"heat_anomaly_f_climrel":0.2318,"nighttime_stress_f_climrel":-0.1839,"extreme_pct_climrel":0.425,"ref_daytime_hi_mean":82.5,"ref_daytime_hi_p95":96.1,"rwi_mean":null,"health_per_10k":6.198347107438017,"built_frac":0.263,"tree_frac":0.643,"canopy_frac_over_3m":0.534,"viirs_mean":14.4,"gdl_hdi":0.961,"gdl_region":"Massachusetts","ghsl_smod":30,"lst_anomaly_c":-3.95,"lst_anomaly_c_climrel":0,"worldpop_pop_total":6338.0,"frac_under5":5.4,"frac_elderly_65plus":17.9,"frac_elderly_75plus":8.1,"old_age_dependency_ratio":0.261,"has_data":true},"geometry":{"type":"Polygon","coordinates":[[[-71.114622,42.463338],[-71.109521,42.473895],[-71.112056,42.47382],[-71.113168,42.478697],[-71.110627,42.478772],[-71.109736,42.478981],[-71.103903,42.483118],[-71.101118,42.485823],[-71.100119,42.486166],[-71.099297,42.486314],[-71.099661,42.485065],[-71.094606,42.481327],[-71.093443,42.479113],[-71.094071,42.476841],[-71.094844,42.475822],[-71.094799,42.474559],[-71.097037,42.473755],[-71.097925,42.46974],[-71.096596,42.467242],[-71.100485,42.467214],[-71.100847,42.46578],[-71.101668,42.463049],[-71.10135,42.460206],[-71.102237,42.459037],[-71.102352,42.457186],[-71.104722,42.448847],[-71.119402,42.453445],[-71.114622,42.463338]]]}},{"type":"Feature","properties":{"unit_id":"25017350600","name":"Census Tract 3506 \u2014 Middlesex","native_id":"25017350600","source":"census_tract_2025","adm3_name":"Middlesex County","adm3_id":"25017","area_sqm":517206,"split":false,"population":6178.0,"days_covered":18,"daytime_peak_f":86.4,"heat_anomaly_f":3.6,"extreme_pct":22.0,"nighttime_stress_f":-3.6,"daytime_peak_f_climrel":0.1994,"heat_anomaly_f_climrel":0.1994,"nighttime_stress_f_climrel":-0.2085,"extreme_pct_climrel":0.55,"ref_daytime_hi_mean":82.8,"ref_daytime_hi_p95":97.0,"rwi_mean":null,"health_per_10k":1.618646811265782,"built_frac":0.708,"tree_frac":0.198,"canopy_frac_over_3m":0.212,"viirs_mean":33.9,"gdl_hdi":0.961,"gdl_region":"Massachusetts","ghsl_smod":30,"lst_anomaly_c":2.52,"lst_anomaly_c_climrel":0.315,"worldpop_pop_total":4405.0,"frac_under5":2.9,"frac_elderly_65plus":5.0,"frac_elderly_75plus":2.2,"old_age_dependency_ratio":0.057,"has_data":true},"geometry":{"type":"Polygon","coordinates":[[[-71.127246,42.403293],[-71.125837,42.405437],[-71.124936,42.406837],[-71.127202,42.407682],[-71.12615,42.409269],[-71.125687,42.409984],[-71.12336,42.409191],[-71.123294,42.409169],[-71.123882,42.408229],[-71.121668,42.407088],[-71.117419,42.405829],[-71.117199,42.404015],[-71.116909,42.401303],[-71.117062,42.401181],[-71.116962,42.400913],[-71.119089,42.4008],[-71.12073,42.401096],[-71.12175,42.401329],[-71.122225,42.401458],[-71.124326,42.40203],[-71.124964,42.402291],[-71.126911,42.403149],[-71.127246,42.403293]]]}},{"type":"Feature","properties":{"unit_id":"25017374600","name":"Census Tract 3746 \u2014 Middlesex","native_id":"25017374600","source":"census_tract_2025","adm3_name":"Middlesex County","adm3_id":"25017","area_sqm":1690923,"split":false,"population":3950.0,"days_covered":18,"daytime_peak_f":87.1,"heat_anomaly_f":3.0,"extreme_pct":17.0,"nighttime_stress_f":-5.1,"daytime_peak_f_climrel":0.1716,"heat_anomaly_f_climrel":0.1716,"nighttime_stress_f_climrel":-0.3,"extreme_pct_climrel":0.425,"ref_daytime_hi_mean":84.1,"ref_daytime_hi_p95":97.6,"rwi_mean":null,"health_per_10k":2.5316455696202533,"built_frac":0.325,"tree_frac":0.651,"canopy_frac_over_3m":0.333,"viirs_mean":15.8,"gdl_hdi":0.961,"gdl_region":"Massachusetts","ghsl_smod":30,"lst_anomaly_c":0.1,"lst_anomaly_c_climrel":0.0125,"worldpop_pop_total":5384.0,"frac_under5":6.1,"frac_elderly_65plus":16.7,"frac_elderly_75plus":6.5,"old_age_dependency_ratio":0.263,"has_data":true},"geometry":{"type":"Polygon","coordinates":[[[-71.239325,42.35999],[-71.237621,42.360498],[-71.236588,42.360805],[-71.231477,42.362319],[-71.226639,42.363752],[-71.226229,42.363872],[-71.223293,42.361113],[-71.222698,42.360191],[-71.222406,42.35941],[-71.223688,42.355502],[-71.22401,42.353257],[-71.226362,42.351275],[-71.226335,42.349391],[-71.231897,42.348016],[-71.232135,42.347566],[-71.235328,42.347551],[-71.23494,42.348645],[-71.238238,42.349964],[-71.238074,42.35186],[-71.236244,42.352658],[-71.231945,42.352885],[-71.233566,42.353965],[-71.237535,42.356679],[-71.243076,42.358875],[-71.239325,42.35999]]]}},{"type":"Feature","properties":{"unit_id":"25017356300","name":"Census Tract 3563 \u2014 Middlesex","native_id":"25017356300","source":"census_tract_2025","adm3_name":"Middlesex County","adm3_id":"25017","area_sqm":1055273,"split":false,"population":5280.0,"days_covered":18,"daytime_peak_f":86.4,"heat_anomaly_f":3.6,"extreme_pct":22.0,"nighttime_stress_f":-3.6,"daytime_peak_f_climrel":0.1994,"heat_anomaly_f_climrel":0.1994,"nighttime_stress_f_climrel":-0.2085,"extreme_pct_climrel":0.55,"ref_daytime_hi_mean":82.8,"ref_daytime_hi_p95":97.0,"rwi_mean":null,"health_per_10k":3.787878787878788,"built_frac":0.567,"tree_frac":0.393,"canopy_frac_over_3m":0.265,"viirs_mean":18.9,"gdl_hdi":0.961,"gdl_region":"Massachusetts","ghsl_smod":30,"lst_anomaly_c":1.84,"lst_anomaly_c_climrel":0.23,"worldpop_pop_total":5280.0,"frac_under5":7.0,"frac_elderly_65plus":13.5,"frac_elderly_75plus":5.9,"old_age_dependency_ratio":0.198,"has_data":true},"geometry":{"type":"Polygon","coordinates":[[[-71.151407,42.416647],[-71.149084,42.41621],[-71.14844,42.416426],[-71.144709,42.420103],[-71.14292,42.42058],[-71.142855,42.419537],[-71.141544,42.418384],[-71.14109,42.417674],[-71.140084,42.416432],[-71.138361,42.41549],[-71.133106,42.415392],[-71.132435,42.415216],[-71.132517,42.414573],[-71.132887,42.411973],[-71.132396,42.40897],[-71.133869,42.407042],[-71.13706,42.408543],[-71.137452,42.408721],[-71.14153,42.410688],[-71.142476,42.4111],[-71.143274,42.411435],[-71.144338,42.411877],[-71.147187,42.413049],[-71.151393,42.414656],[-71.153287,42.415441],[-71.151407,42.416647]]]}},{"type":"Feature","properties":{"unit_id":"25025981300","name":"Census Tract 9813 \u2014 Suffolk","native_id":"25025981300","source":"census_tract_2025","adm3_name":"Suffolk County","adm3_id":"25025","area_sqm":6986630,"split":false,"population":7230.0,"days_covered":18,"daytime_peak_f":86.8,"heat_anomaly_f":3.9,"extreme_pct":22.0,"nighttime_stress_f":-3.5,"daytime_peak_f_climrel":0.2108,"heat_anomaly_f_climrel":0.2108,"nighttime_stress_f_climrel":-0.1981,"extreme_pct_climrel":0.55,"ref_daytime_hi_mean":82.9,"ref_daytime_hi_p95":97.6,"rwi_mean":null,"health_per_10k":0.0,"built_frac":0.644,"tree_frac":0.007,"canopy_frac_over_3m":0.003,"viirs_mean":68.9,"gdl_hdi":0.961,"gdl_region":"Massachusetts","ghsl_smod":30,"lst_anomaly_c":0.44,"lst_anomaly_c_climrel":0.055,"worldpop_pop_total":170.0,"frac_under5":4.8,"frac_elderly_65plus":15.3,"frac_elderly_75plus":6.0,"old_age_dependency_ratio":0.216,"has_data":true},"geometry":{"type":"Polygon","coordinates":[[[-71.0326,42.368673],[-71.031204,42.370181],[-71.030359,42.370173],[-71.028088,42.36912],[-71.030275,42.373935],[-71.032102,42.373495],[-71.027727,42.377211],[-71.025128,42.379753],[-71.021562,42.380143],[-71.016008,42.380919],[-71.013472,42.379547],[-71.013454,42.380871],[-71.011268,42.380653],[-71.002914,42.378534],[-71.000206,42.377754],[-70.997994,42.378197],[-70.993811,42.377122],[-70.996192,42.376202],[-70.9978531307301,42.3726342679425],[-71.00024,42.372418],[-71.002822,42.365945],[-71.0016199959101,42.3646770423249],[-70.997719,42.360562],[-70.988035,42.36188],[-70.9858852713334,42.3590611504902],[-70.985317,42.358316],[-70.9857395963913,42.3579345351261],[-70.98955,42.354495],[-70.994337,42.353909],[-70.999577,42.356408],[-71.003741,42.356037],[-71.005579,42.347362],[-71.007807,42.347145],[-71.0277,42.358625],[-71.026351,42.361819],[-71.0264628524305,42.3622050393619],[-71.026294,42.363845],[-71.028103,42.365426],[-71.03279,42.368208],[-71.0326,42.368673]]]}},{"type":"Feature","properties":{"unit_id":"25017382100","name":"Census Tract 3821 \u2014 Middlesex","native_id":"25017382100","source":"census_tract_2025","adm3_name":"Middlesex County","adm3_id":"25017","area_sqm":5822542,"split":false,"population":6955.0,"days_covered":18,"daytime_peak_f":87.0,"heat_anomaly_f":2.5,"extreme_pct":17.0,"nighttime_stress_f":-5.9,"daytime_peak_f_climrel":0.1496,"heat_anomaly_f_climrel":0.1496,"nighttime_stress_f_climrel":-0.3,"extreme_pct_climrel":0.425,"ref_daytime_hi_mean":84.4,"ref_daytime_hi_p95":97.5,"rwi_mean":null,"health_per_10k":2.875629043853343,"built_frac":0.172,"tree_frac":0.761,"canopy_frac_over_3m":0.47,"viirs_mean":8.4,"gdl_hdi":0.961,"gdl_region":"Massachusetts","ghsl_smod":21,"lst_anomaly_c":-4.36,"lst_anomaly_c_climrel":0,"worldpop_pop_total":5086.0,"frac_under5":6.0,"frac_elderly_65plus":20.5,"frac_elderly_75plus":10.2,"old_age_dependency_ratio":0.347,"has_data":true},"geometry":{"type":"Polygon","coordinates":[[[-71.363085,42.315846],[-71.35991,42.317149],[-71.355199,42.31717],[-71.345888,42.314929],[-71.342161,42.319108],[-71.33903,42.322617],[-71.338523,42.323216],[-71.337524,42.325134],[-71.333751,42.332399],[-71.330826,42.331966],[-71.328779,42.331683],[-71.328414,42.328928],[-71.327444,42.321114],[-71.327327,42.313746],[-71.32975,42.312991],[-71.326396,42.304402],[-71.326351,42.304289],[-71.329617,42.304051],[-71.332043,42.303503],[-71.332607,42.303371],[-71.33636,42.302482],[-71.341035,42.301972],[-71.352312,42.30076],[-71.359887,42.299933],[-71.359944,42.300026],[-71.36152,42.30407],[-71.361791,42.307447],[-71.361278,42.309659],[-71.360369,42.312347],[-71.360374,42.314057],[-71.362093,42.315074],[-71.363085,42.315846]]]}},{"type":"Feature","properties":{"unit_id":"25017357700","name":"Census Tract 3577 \u2014 Middlesex","native_id":"25017357700","source":"census_tract_2025","adm3_name":"Middlesex County","adm3_id":"25017","area_sqm":3000998,"split":false,"population":7609.0,"days_covered":18,"daytime_peak_f":87.1,"heat_anomaly_f":3.0,"extreme_pct":17.0,"nighttime_stress_f":-5.1,"daytime_peak_f_climrel":0.1716,"heat_anomaly_f_climrel":0.1716,"nighttime_stress_f_climrel":-0.3,"extreme_pct_climrel":0.425,"ref_daytime_hi_mean":84.1,"ref_daytime_hi_p95":97.6,"rwi_mean":null,"health_per_10k":1.3142331449599158,"built_frac":0.218,"tree_frac":0.648,"canopy_frac_over_3m":0.512,"viirs_mean":15.6,"gdl_hdi":0.961,"gdl_region":"Massachusetts","ghsl_smod":30,"lst_anomaly_c":-3.67,"lst_anomaly_c_climrel":0,"worldpop_pop_total":4184.0,"frac_under5":4.8,"frac_elderly_65plus":23.0,"frac_elderly_75plus":12.4,"old_age_dependency_ratio":0.378,"has_data":true},"geometry":{"type":"Polygon","coordinates":[[[-71.207603,42.40978],[-71.203178,42.414279],[-71.201336,42.410224],[-71.198052,42.406131],[-71.196482,42.403425],[-71.193153,42.401237],[-71.184062,42.398375],[-71.182514,42.398268],[-71.181423,42.396499],[-71.178063,42.396475],[-71.180203,42.39449],[-71.179808,42.394313],[-71.183664,42.39077],[-71.182386,42.38941],[-71.182174,42.388328],[-71.180669,42.388925],[-71.178776,42.387694],[-71.179305,42.387072],[-71.180044,42.382483],[-71.183335,42.385302],[-71.18487,42.385898],[-71.185862,42.386264],[-71.18697,42.386664],[-71.190673,42.385925],[-71.190273,42.385289],[-71.192801,42.384559],[-71.194177,42.386031],[-71.19446,42.386317],[-71.196524,42.389561],[-71.196742,42.390544],[-71.19794,42.392784],[-71.19633,42.394031],[-71.196627,42.395229],[-71.199429,42.39732],[-71.200621,42.399458],[-71.201799,42.401374],[-71.201969,42.402782],[-71.202628,42.403702],[-71.211261,42.406074],[-71.207603,42.40978]]]}},{"type":"Feature","properties":{"unit_id":"25017317201","name":"Census Tract 3172.01 \u2014 Middlesex","native_id":"25017317201","source":"census_tract_2025","adm3_name":"Middlesex County","adm3_id":"25017","area_sqm":5175003,"split":false,"population":1467.0,"days_covered":18,"daytime_peak_f":86.7,"heat_anomaly_f":2.7,"extreme_pct":17.0,"nighttime_stress_f":-6.5,"daytime_peak_f_climrel":0.1616,"heat_anomaly_f_climrel":0.1616,"nighttime_stress_f_climrel":-0.3,"extreme_pct_climrel":0.425,"ref_daytime_hi_mean":84.1,"ref_daytime_hi_p95":96.1,"rwi_mean":null,"health_per_10k":0.0,"built_frac":0.04,"tree_frac":0.878,"canopy_frac_over_3m":0.675,"viirs_mean":3.4,"gdl_hdi":0.961,"gdl_region":"Massachusetts","ghsl_smod":21,"lst_anomaly_c":-5.83,"lst_anomaly_c_climrel":0,"worldpop_pop_total":2732.0,"frac_under5":4.6,"frac_elderly_65plus":23.5,"frac_elderly_75plus":11.7,"old_age_dependency_ratio":0.395,"has_data":true},"geometry":{"type":"Polygon","coordinates":[[[-71.40709,42.616432],[-71.403769,42.618379],[-71.403434,42.618882],[-71.402016,42.617719],[-71.401437,42.617197],[-71.397263,42.619667],[-71.392002,42.620152],[-71.392811,42.617587],[-71.391336,42.614863],[-71.389417,42.615477],[-71.387925,42.613933],[-71.389121,42.613111],[-71.388628,42.609286],[-71.386056,42.60818],[-71.392819,42.605208],[-71.391168,42.603061],[-71.388973,42.597826],[-71.386697,42.598322],[-71.384535,42.600592],[-71.381816,42.598855],[-71.379343,42.599744],[-71.376641,42.598788],[-71.371844,42.60059],[-71.370809,42.601902],[-71.368165,42.60076],[-71.371266,42.59953],[-71.373226,42.597521],[-71.378911,42.593052],[-71.37916,42.591933],[-71.38305,42.589947],[-71.388256,42.588311],[-71.39193,42.585167],[-71.397812,42.583063],[-71.400228,42.591079],[-71.401978,42.599805],[-71.405401,42.610393],[-71.40709,42.616432]]]}},{"type":"Feature","properties":{"unit_id":"25017387201","name":"Census Tract 3872.01 \u2014 Middlesex","native_id":"25017387201","source":"census_tract_2025","adm3_name":"Middlesex County","adm3_id":"25017","area_sqm":12977623,"split":false,"population":5283.0,"days_covered":18,"daytime_peak_f":86.6,"heat_anomaly_f":2.4,"extreme_pct":17.0,"nighttime_stress_f":-6.0,"daytime_peak_f_climrel":0.1474,"heat_anomaly_f_climrel":0.1474,"nighttime_stress_f_climrel":-0.3,"extreme_pct_climrel":0.425,"ref_daytime_hi_mean":84.2,"ref_daytime_hi_p95":96.3,"rwi_mean":null,"health_per_10k":3.785727806170736,"built_frac":0.077,"tree_frac":0.832,"canopy_frac_over_3m":0.629,"viirs_mean":4.2,"gdl_hdi":0.961,"gdl_region":"Massachusetts","ghsl_smod":21,"lst_anomaly_c":-4.57,"lst_anomaly_c_climrel":0,"worldpop_pop_total":6374.0,"frac_under5":5.7,"frac_elderly_65plus":19.4,"frac_elderly_75plus":8.7,"old_age_dependency_ratio":0.323,"has_data":true},"geometry":{"type":"Polygon","coordinates":[[[-71.45856,42.23211],[-71.44606,42.234068],[-71.431492,42.236356],[-71.420075,42.238123],[-71.417436,42.237958],[-71.416491,42.236678],[-71.413551,42.234815],[-71.412734,42.230748],[-71.413045,42.229639],[-71.412339,42.227885],[-71.410064,42.226397],[-71.40968,42.224014],[-71.408631,42.221718],[-71.410091,42.219816],[-71.410022,42.218749],[-71.410268,42.218359],[-71.412541,42.216997],[-71.418076,42.215002],[-71.420659,42.213476],[-71.418644,42.211911],[-71.417756,42.209844],[-71.417762,42.209658],[-71.418375,42.208428],[-71.422904,42.203279],[-71.424946,42.200146],[-71.428588,42.195585],[-71.431307,42.192387],[-71.435276,42.188841],[-71.437357,42.191068],[-71.439488,42.189202],[-71.442659,42.193884],[-71.443958,42.197738],[-71.448874,42.203311],[-71.448611,42.204764],[-71.446083,42.205549],[-71.445942,42.206534],[-71.449028,42.210705],[-71.450144,42.215056],[-71.452524,42.220517],[-71.454063,42.223198],[-71.457316,42.231084],[-71.45856,42.23211]]]}},{"type":"Feature","properties":{"unit_id":"25017321500","name":"Census Tract 3215 \u2014 Middlesex","native_id":"25017321500","source":"census_tract_2025","adm3_name":"Middlesex County","adm3_id":"25017","area_sqm":7258898,"split":false,"population":7723.0,"days_covered":18,"daytime_peak_f":86.7,"heat_anomaly_f":2.2,"extreme_pct":17.0,"nighttime_stress_f":-7.7,"daytime_peak_f_climrel":0.1352,"heat_anomaly_f_climrel":0.1352,"nighttime_stress_f_climrel":-0.3,"extreme_pct_climrel":0.425,"ref_daytime_hi_mean":84.5,"ref_daytime_hi_p95":96.2,"rwi_mean":null,"health_per_10k":2.5896672277612325,"built_frac":0.213,"tree_frac":0.691,"canopy_frac_over_3m":0.531,"viirs_mean":11.2,"gdl_hdi":0.961,"gdl_region":"Massachusetts","ghsl_smod":21,"lst_anomaly_c":-4.16,"lst_anomaly_c_climrel":0,"worldpop_pop_total":7930.0,"frac_under5":5.8,"frac_elderly_65plus":15.2,"frac_elderly_75plus":6.8,"old_age_dependency_ratio":0.226,"has_data":true},"geometry":{"type":"Polygon","coordinates":[[[-71.59429,42.368195],[-71.570143,42.370724],[-71.56861,42.370888],[-71.562051,42.371581],[-71.562094,42.369496],[-71.559274,42.366257],[-71.555353,42.364442],[-71.553097,42.362484],[-71.551484,42.357441],[-71.549266,42.354769],[-71.546858,42.351796],[-71.546151,42.350187],[-71.54958,42.349607],[-71.552013,42.349005],[-71.552719,42.348859],[-71.559514,42.345903],[-71.5654,42.343143],[-71.566255,42.343091],[-71.570167,42.341411],[-71.575007,42.341229],[-71.574874,42.345377],[-71.575263,42.347359],[-71.576817,42.350474],[-71.578699,42.352569],[-71.590956,42.363916],[-71.59429,42.368195]]]}},{"type":"Feature","properties":{"unit_id":"25025050400","name":"Census Tract 504 \u2014 Suffolk","native_id":"25025050400","source":"census_tract_2025","adm3_name":"Suffolk County","adm3_id":"25025","area_sqm":131776,"split":false,"population":763.3097994634771,"days_covered":18,"daytime_peak_f":86.8,"heat_anomaly_f":3.9,"extreme_pct":22.0,"nighttime_stress_f":-3.5,"daytime_peak_f_climrel":0.2108,"heat_anomaly_f_climrel":0.2108,"nighttime_stress_f_climrel":-0.1981,"extreme_pct_climrel":0.55,"ref_daytime_hi_mean":82.9,"ref_daytime_hi_p95":97.6,"rwi_mean":null,"health_per_10k":26.201681170682996,"built_frac":0.904,"tree_frac":0.094,"canopy_frac_over_3m":0.042,"viirs_mean":58.4,"gdl_hdi":0.961,"gdl_region":"Massachusetts","ghsl_smod":30,"lst_anomaly_c":5.26,"lst_anomaly_c_climrel":0.6575,"worldpop_pop_total":2180.0,"frac_under5":4.4,"frac_elderly_65plus":10.9,"frac_elderly_75plus":4.9,"old_age_dependency_ratio":0.141,"has_data":true},"geometry":{"type":"Polygon","coordinates":[[[-71.040294,42.370739],[-71.037643,42.369577],[-71.036989,42.369287],[-71.034754,42.36831],[-71.035728,42.367125],[-71.036831,42.365716],[-71.039335,42.366817],[-71.038689,42.368406],[-71.038919,42.368504],[-71.041255,42.369535],[-71.040294,42.370739]]]}},{"type":"Feature","properties":{"unit_id":"25025050600","name":"Census Tract 506 \u2014 Suffolk","native_id":"25025050600","source":"census_tract_2025","adm3_name":"Suffolk County","adm3_id":"25025","area_sqm":171854,"split":false,"population":6658.0,"days_covered":18,"daytime_peak_f":86.8,"heat_anomaly_f":3.9,"extreme_pct":22.0,"nighttime_stress_f":-3.5,"daytime_peak_f_climrel":0.2108,"heat_anomaly_f_climrel":0.2108,"nighttime_stress_f_climrel":-0.1981,"extreme_pct_climrel":0.55,"ref_daytime_hi_mean":82.9,"ref_daytime_hi_p95":97.6,"rwi_mean":null,"health_per_10k":10.513667768098527,"built_frac":0.903,"tree_frac":0.089,"canopy_frac_over_3m":0.038,"viirs_mean":70.8,"gdl_hdi":0.961,"gdl_region":"Massachusetts","ghsl_smod":30,"lst_anomaly_c":5.47,"lst_anomaly_c_climrel":0.6837,"worldpop_pop_total":1899.0,"frac_under5":4.7,"frac_elderly_65plus":6.4,"frac_elderly_75plus":2.5,"old_age_dependency_ratio":0.081,"has_data":true},"geometry":{"type":"Polygon","coordinates":[[[-71.03903,42.372371],[-71.039075,42.374167],[-71.03878,42.374927],[-71.037901,42.374452],[-71.034449,42.372711],[-71.034742,42.372461],[-71.033923,42.371932],[-71.036989,42.369287],[-71.037643,42.369577],[-71.040294,42.370739],[-71.03903,42.372371]]]}},{"type":"Feature","properties":{"unit_id":"25017311600","name":"Census Tract 3116 \u2014 Middlesex","native_id":"25017311600","source":"census_tract_2025","adm3_name":"Middlesex County","adm3_id":"25017","area_sqm":3519686,"split":false,"population":5924.0,"days_covered":18,"daytime_peak_f":86.9,"heat_anomaly_f":2.6,"extreme_pct":17.0,"nighttime_stress_f":-6.2,"daytime_peak_f_climrel":0.155,"heat_anomaly_f_climrel":0.155,"nighttime_stress_f_climrel":-0.3,"extreme_pct_climrel":0.425,"ref_daytime_hi_mean":84.3,"ref_daytime_hi_p95":96.8,"rwi_mean":null,"health_per_10k":0.0,"built_frac":0.427,"tree_frac":0.453,"canopy_frac_over_3m":0.298,"viirs_mean":25.8,"gdl_hdi":0.961,"gdl_region":"Massachusetts","ghsl_smod":30,"lst_anomaly_c":0.27,"lst_anomaly_c_climrel":0.0338,"worldpop_pop_total":5591.0,"frac_under5":5.4,"frac_elderly_65plus":15.4,"frac_elderly_75plus":6.0,"old_age_dependency_ratio":0.232,"has_data":true},"geometry":{"type":"Polygon","coordinates":[[[-71.350292,42.626344],[-71.349797,42.629553],[-71.348659,42.630134],[-71.348073,42.628455],[-71.34455,42.629116],[-71.343899,42.631194],[-71.341659,42.630024],[-71.339002,42.630334],[-71.337687,42.626541],[-71.335489,42.626784],[-71.333285,42.627073],[-71.332203,42.627342],[-71.331584,42.627286],[-71.329561,42.626748],[-71.32432,42.626429],[-71.323007,42.626083],[-71.321356,42.625603],[-71.319143,42.62496],[-71.319529,42.621766],[-71.318684,42.618311],[-71.319947,42.615969],[-71.318388,42.61395],[-71.316851,42.61369],[-71.319309,42.613572],[-71.318882,42.608544],[-71.319897,42.6069],[-71.323807,42.607568],[-71.325277,42.611377],[-71.325654,42.613163],[-71.327936,42.613155],[-71.32838,42.613465],[-71.328834,42.613774],[-71.351799,42.622777],[-71.350292,42.626344]]]}},{"type":"Feature","properties":{"unit_id":"25025000806","name":"Census Tract 8.06 \u2014 Suffolk","native_id":"25025000806","source":"census_tract_2025","adm3_name":"Suffolk County","adm3_id":"25025","area_sqm":1417184,"split":false,"population":6071.0,"days_covered":18,"daytime_peak_f":86.4,"heat_anomaly_f":3.6,"extreme_pct":22.0,"nighttime_stress_f":-3.6,"daytime_peak_f_climrel":0.1994,"heat_anomaly_f_climrel":0.1994,"nighttime_stress_f_climrel":-0.2085,"extreme_pct_climrel":0.55,"ref_daytime_hi_mean":82.8,"ref_daytime_hi_p95":97.0,"rwi_mean":null,"health_per_10k":1.6471750947125678,"built_frac":0.652,"tree_frac":0.095,"canopy_frac_over_3m":0.099,"viirs_mean":60.9,"gdl_hdi":0.961,"gdl_region":"Massachusetts","ghsl_smod":30,"lst_anomaly_c":2.88,"lst_anomaly_c_climrel":0.36,"worldpop_pop_total":1094.0,"frac_under5":4.4,"frac_elderly_65plus":2.6,"frac_elderly_75plus":1.0,"old_age_dependency_ratio":0.029,"has_data":true},"geometry":{"type":"Polygon","coordinates":[[[-71.135452,42.364849],[-71.132803,42.366127],[-71.130648,42.368535],[-71.130292,42.371979],[-71.12881,42.372738],[-71.12712,42.371818],[-71.12682,42.370267],[-71.125308,42.368858],[-71.121961,42.36781],[-71.119789,42.367674],[-71.118349,42.366914],[-71.117648,42.360915],[-71.118419,42.356539],[-71.118126,42.355092],[-71.120022,42.354717],[-71.120729,42.354615],[-71.125088,42.355236],[-71.131396,42.356105],[-71.129718,42.356654],[-71.128027,42.357261],[-71.12318,42.358998],[-71.124675,42.362466],[-71.123039,42.363751],[-71.129755,42.363198],[-71.130218,42.362694],[-71.133088,42.363383],[-71.135331,42.363175],[-71.135452,42.364849]]]}},{"type":"Feature","properties":{"unit_id":"25025081301","name":"Census Tract 813.01 \u2014 Suffolk","native_id":"25025081301","source":"census_tract_2025","adm3_name":"Suffolk County","adm3_id":"25025","area_sqm":235660,"split":false,"population":1376.933758467569,"days_covered":18,"daytime_peak_f":87.3,"heat_anomaly_f":2.9,"extreme_pct":17.0,"nighttime_stress_f":-5.1,"daytime_peak_f_climrel":0.1686,"heat_anomaly_f_climrel":0.1686,"nighttime_stress_f_climrel":-0.3,"extreme_pct_climrel":0.425,"ref_daytime_hi_mean":84.4,"ref_daytime_hi_p95":98.1,"rwi_mean":null,"health_per_10k":7.262513493117709,"built_frac":0.853,"tree_frac":0.127,"canopy_frac_over_3m":0.134,"viirs_mean":73.4,"gdl_hdi":0.961,"gdl_region":"Massachusetts","ghsl_smod":30,"lst_anomaly_c":3.58,"lst_anomaly_c_climrel":0.4475,"worldpop_pop_total":2451.0,"frac_under5":5.9,"frac_elderly_65plus":21.7,"frac_elderly_75plus":10.6,"old_age_dependency_ratio":0.365,"has_data":true},"geometry":{"type":"Polygon","coordinates":[[[-71.102944,42.319298],[-71.100023,42.322772],[-71.099319,42.323994],[-71.098917,42.325025],[-71.098398,42.324934],[-71.09862,42.324196],[-71.098412,42.319572],[-71.098308,42.315789],[-71.095145,42.313282],[-71.096248,42.312492],[-71.099191,42.314356],[-71.099481,42.314606],[-71.098451,42.315644],[-71.101192,42.318215],[-71.102944,42.319298]]]}},{"type":"Feature","properties":{"unit_id":"25017370401","name":"Census Tract 3704.01 \u2014 Middlesex","native_id":"25017370401","source":"census_tract_2025","adm3_name":"Middlesex County","adm3_id":"25017","area_sqm":674356,"split":false,"population":2459.7946953348073,"days_covered":18,"daytime_peak_f":87.1,"heat_anomaly_f":3.0,"extreme_pct":17.0,"nighttime_stress_f":-5.1,"daytime_peak_f_climrel":0.1716,"heat_anomaly_f_climrel":0.1716,"nighttime_stress_f_climrel":-0.3,"extreme_pct_climrel":0.425,"ref_daytime_hi_mean":84.1,"ref_daytime_hi_p95":97.6,"rwi_mean":null,"health_per_10k":4.065379935555508,"built_frac":0.678,"tree_frac":0.295,"canopy_frac_over_3m":0.195,"viirs_mean":33.1,"gdl_hdi":0.961,"gdl_region":"Massachusetts","ghsl_smod":30,"lst_anomaly_c":3.24,"lst_anomaly_c_climrel":0.405,"worldpop_pop_total":3887.0,"frac_under5":5.3,"frac_elderly_65plus":14.1,"frac_elderly_75plus":5.3,"old_age_dependency_ratio":0.191,"has_data":true},"geometry":{"type":"Polygon","coordinates":[[[-71.181116,42.366672],[-71.179831,42.367467],[-71.17829,42.368174],[-71.175981,42.368461],[-71.174189,42.368957],[-71.171651,42.369949],[-71.16692,42.370002],[-71.165025,42.370613],[-71.165941,42.366858],[-71.165849,42.366126],[-71.166659,42.36444],[-71.166857,42.364113],[-71.16701,42.36386],[-71.171374,42.36424],[-71.184338,42.365225],[-71.181116,42.366672]]]}},{"type":"Feature","properties":{"unit_id":"25017331300","name":"Census Tract 3313 \u2014 Middlesex","native_id":"25017331300","source":"census_tract_2025","adm3_name":"Middlesex County","adm3_id":"25017","area_sqm":12913433,"split":false,"population":6530.0,"days_covered":18,"daytime_peak_f":87.1,"heat_anomaly_f":3.0,"extreme_pct":17.0,"nighttime_stress_f":-5.1,"daytime_peak_f_climrel":0.1737,"heat_anomaly_f_climrel":0.1737,"nighttime_stress_f_climrel":-0.3,"extreme_pct_climrel":0.425,"ref_daytime_hi_mean":84.0,"ref_daytime_hi_p95":97.5,"rwi_mean":null,"health_per_10k":0.0,"built_frac":0.076,"tree_frac":0.862,"canopy_frac_over_3m":0.629,"viirs_mean":7.9,"gdl_hdi":0.961,"gdl_region":"Massachusetts","ghsl_smod":21,"lst_anomaly_c":-5.83,"lst_anomaly_c_climrel":0,"worldpop_pop_total":7371.0,"frac_under5":5.4,"frac_elderly_65plus":17.0,"frac_elderly_75plus":7.4,"old_age_dependency_ratio":0.258,"has_data":true},"geometry":{"type":"Polygon","coordinates":[[[-71.218672,42.561651],[-71.217948,42.56157],[-71.215742,42.562555],[-71.215072,42.565035],[-71.214425,42.564957],[-71.215082,42.568018],[-71.215128,42.570536],[-71.206125,42.566729],[-71.191989,42.5613],[-71.185672,42.556855],[-71.178845,42.551992],[-71.176388,42.549049],[-71.174345,42.546637],[-71.17392,42.546247],[-71.170731,42.543639],[-71.156428,42.532097],[-71.151947,42.528019],[-71.149179,42.524263],[-71.15808,42.520547],[-71.170033,42.515537],[-71.170139,42.515625],[-71.177693,42.521884],[-71.192915,42.53449],[-71.195119,42.535664],[-71.197738,42.538414],[-71.199802,42.539546],[-71.204858,42.544358],[-71.204994,42.544489],[-71.206407,42.545832],[-71.209808,42.546017],[-71.212372,42.547544],[-71.210523,42.548055],[-71.20983,42.551444],[-71.211391,42.553071],[-71.208872,42.554536],[-71.211352,42.556295],[-71.218017,42.561018],[-71.218672,42.561651]]]}},{"type":"Feature","properties":{"unit_id":"25017342202","name":"Census Tract 3422.02 \u2014 Middlesex","native_id":"25017342202","source":"census_tract_2025","adm3_name":"Middlesex County","adm3_id":"25017","area_sqm":475303,"split":false,"population":3327.0,"days_covered":18,"daytime_peak_f":86.8,"heat_anomaly_f":3.9,"extreme_pct":22.0,"nighttime_stress_f":-3.5,"daytime_peak_f_climrel":0.2108,"heat_anomaly_f_climrel":0.2108,"nighttime_stress_f_climrel":-0.1981,"extreme_pct_climrel":0.55,"ref_daytime_hi_mean":82.9,"ref_daytime_hi_p95":97.6,"rwi_mean":null,"health_per_10k":9.017132551848512,"built_frac":0.903,"tree_frac":0.075,"canopy_frac_over_3m":0.098,"viirs_mean":31.5,"gdl_hdi":0.961,"gdl_region":"Massachusetts","ghsl_smod":30,"lst_anomaly_c":5.21,"lst_anomaly_c_climrel":0.6512,"worldpop_pop_total":4162.0,"frac_under5":5.6,"frac_elderly_65plus":15.3,"frac_elderly_75plus":6.4,"old_age_dependency_ratio":0.224,"has_data":true},"geometry":{"type":"Polygon","coordinates":[[[-71.052833,42.421163],[-71.050663,42.422748],[-71.042793,42.423341],[-71.040934,42.42345],[-71.042719,42.421463],[-71.044917,42.419008],[-71.046674,42.416982],[-71.048196,42.415147],[-71.049524,42.417336],[-71.049992,42.417725],[-71.050296,42.417903],[-71.05458,42.420034],[-71.052833,42.421163]]]}},{"type":"Feature","properties":{"unit_id":"25017318300","name":"Census Tract 3183 \u2014 Middlesex","native_id":"25017318300","source":"census_tract_2025","adm3_name":"Middlesex County","adm3_id":"25017","area_sqm":23832023,"split":false,"population":7704.0,"days_covered":18,"daytime_peak_f":86.7,"heat_anomaly_f":2.7,"extreme_pct":17.0,"nighttime_stress_f":-6.5,"daytime_peak_f_climrel":0.1616,"heat_anomaly_f_climrel":0.1616,"nighttime_stress_f_climrel":-0.3,"extreme_pct_climrel":0.425,"ref_daytime_hi_mean":84.1,"ref_daytime_hi_p95":96.1,"rwi_mean":null,"health_per_10k":1.2980269989615785,"built_frac":0.029,"tree_frac":0.859,"canopy_frac_over_3m":0.649,"viirs_mean":3.3,"gdl_hdi":0.961,"gdl_region":"Massachusetts","ghsl_smod":21,"lst_anomaly_c":-6.77,"lst_anomaly_c_climrel":0,"worldpop_pop_total":8456.0,"frac_under5":4.1,"frac_elderly_65plus":16.1,"frac_elderly_75plus":6.4,"old_age_dependency_ratio":0.248,"has_data":true},"geometry":{"type":"Polygon","coordinates":[[[-71.481833,42.565688],[-71.481109,42.570587],[-71.477891,42.572988],[-71.475976,42.573191],[-71.474217,42.575401],[-71.474975,42.576711],[-71.46839,42.578501],[-71.466104,42.578433],[-71.465579,42.581278],[-71.478698,42.581604],[-71.479059,42.585802],[-71.471308,42.592017],[-71.468784,42.592903],[-71.463856,42.591671],[-71.460588,42.591405],[-71.459392,42.591216],[-71.459828,42.592173],[-71.449284,42.595129],[-71.439172,42.596892],[-71.435126,42.597318],[-71.432615,42.59743],[-71.431731,42.597623],[-71.422631,42.601619],[-71.420108,42.603219],[-71.410992,42.609978],[-71.410242,42.607636],[-71.405401,42.610393],[-71.401978,42.599805],[-71.400228,42.591079],[-71.397812,42.583063],[-71.397668,42.582668],[-71.413754,42.577079],[-71.417947,42.575131],[-71.421088,42.573137],[-71.425922,42.5694],[-71.437516,42.560553],[-71.440506,42.558787],[-71.445525,42.557028],[-71.449905,42.556046],[-71.468842,42.551746],[-71.477341,42.55657],[-71.477379,42.5566],[-71.48002,42.558094],[-71.481193,42.562997],[-71.481833,42.565688]]]}},{"type":"Feature","properties":{"unit_id":"25017342101","name":"Census Tract 3421.01 \u2014 Middlesex","native_id":"25017342101","source":"census_tract_2025","adm3_name":"Middlesex County","adm3_id":"25017","area_sqm":617841,"split":false,"population":3436.0,"days_covered":18,"daytime_peak_f":86.8,"heat_anomaly_f":3.9,"extreme_pct":22.0,"nighttime_stress_f":-3.5,"daytime_peak_f_climrel":0.2108,"heat_anomaly_f_climrel":0.2108,"nighttime_stress_f_climrel":-0.1981,"extreme_pct_climrel":0.55,"ref_daytime_hi_mean":82.9,"ref_daytime_hi_p95":97.6,"rwi_mean":null,"health_per_10k":2.910360884749709,"built_frac":0.805,"tree_frac":0.189,"canopy_frac_over_3m":0.173,"viirs_mean":41.7,"gdl_hdi":0.961,"gdl_region":"Massachusetts","ghsl_smod":30,"lst_anomaly_c":3.58,"lst_anomaly_c_climrel":0.4475,"worldpop_pop_total":5121.0,"frac_under5":5.6,"frac_elderly_65plus":14.2,"frac_elderly_75plus":5.8,"old_age_dependency_ratio":0.211,"has_data":true},"geometry":{"type":"Polygon","coordinates":[[[-71.04567,42.410119],[-71.045673,42.412424],[-71.043156,42.413461],[-71.04217,42.413302],[-71.03867,42.413661],[-71.037115,42.41393],[-71.03582,42.414664],[-71.033401,42.415626],[-71.032566,42.415533],[-71.033181,42.414206],[-71.033442,42.41338],[-71.03491,42.410876],[-71.035629,42.409641],[-71.037097,42.407315],[-71.037743,42.406318],[-71.04003,42.407189],[-71.041674,42.407792],[-71.043095,42.408233],[-71.043795,42.408279],[-71.046189,42.408406],[-71.04567,42.410119]]]}},{"type":"Feature","properties":{"unit_id":"25017357600","name":"Census Tract 3576 \u2014 Middlesex","native_id":"25017357600","source":"census_tract_2025","adm3_name":"Middlesex County","adm3_id":"25017","area_sqm":491063,"split":false,"population":1759.5895780223018,"days_covered":18,"daytime_peak_f":87.1,"heat_anomaly_f":3.0,"extreme_pct":17.0,"nighttime_stress_f":-5.1,"daytime_peak_f_climrel":0.1716,"heat_anomaly_f_climrel":0.1716,"nighttime_stress_f_climrel":-0.3,"extreme_pct_climrel":0.425,"ref_daytime_hi_mean":84.1,"ref_daytime_hi_p95":97.6,"rwi_mean":null,"health_per_10k":11.36628691702021,"built_frac":0.592,"tree_frac":0.337,"canopy_frac_over_3m":0.223,"viirs_mean":20.1,"gdl_hdi":0.961,"gdl_region":"Massachusetts","ghsl_smod":30,"lst_anomaly_c":2.51,"lst_anomaly_c_climrel":0.3137,"worldpop_pop_total":2792.0,"frac_under5":6.8,"frac_elderly_65plus":15.2,"frac_elderly_75plus":7.5,"old_age_dependency_ratio":0.235,"has_data":true},"geometry":{"type":"Polygon","coordinates":[[[-71.190273,42.385289],[-71.190673,42.385925],[-71.18697,42.386664],[-71.185862,42.386264],[-71.18487,42.385898],[-71.183335,42.385302],[-71.180044,42.382483],[-71.181057,42.38131],[-71.181088,42.38025],[-71.181106,42.380184],[-71.183,42.380319],[-71.185162,42.380391],[-71.186461,42.380328],[-71.187109,42.380363],[-71.189241,42.380727],[-71.190225,42.381786],[-71.192801,42.384559],[-71.190273,42.385289]]]}},{"type":"Feature","properties":{"unit_id":"25017316400","name":"Census Tract 3164 \u2014 Middlesex","native_id":"25017316400","source":"census_tract_2025","adm3_name":"Middlesex County","adm3_id":"25017","area_sqm":12441134,"split":false,"population":7235.0,"days_covered":18,"daytime_peak_f":86.9,"heat_anomaly_f":2.6,"extreme_pct":17.0,"nighttime_stress_f":-6.2,"daytime_peak_f_climrel":0.155,"heat_anomaly_f_climrel":0.155,"nighttime_stress_f_climrel":-0.3,"extreme_pct_climrel":0.425,"ref_daytime_hi_mean":84.3,"ref_daytime_hi_p95":96.8,"rwi_mean":null,"health_per_10k":0.0,"built_frac":0.147,"tree_frac":0.728,"canopy_frac_over_3m":0.579,"viirs_mean":14.2,"gdl_hdi":0.961,"gdl_region":"Massachusetts","ghsl_smod":21,"lst_anomaly_c":-5.08,"lst_anomaly_c_climrel":0,"worldpop_pop_total":7116.0,"frac_under5":5.0,"frac_elderly_65plus":15.2,"frac_elderly_75plus":5.9,"old_age_dependency_ratio":0.215,"has_data":true},"geometry":{"type":"Polygon","coordinates":[[[-71.332543,42.560756],[-71.319629,42.575868],[-71.310764,42.586258],[-71.308402,42.582357],[-71.301588,42.56693],[-71.300507,42.564969],[-71.297006,42.560265],[-71.296962,42.561679],[-71.297093,42.562995],[-71.297431,42.564627],[-71.297259,42.566538],[-71.296796,42.569331],[-71.294551,42.572153],[-71.282705,42.574109],[-71.281471,42.574661],[-71.280465,42.574144],[-71.281881,42.572477],[-71.281873,42.569037],[-71.28158,42.56769],[-71.284138,42.56428],[-71.284125,42.562534],[-71.284109,42.560173],[-71.282013,42.555986],[-71.282187,42.554639],[-71.284785,42.551849],[-71.285756,42.551206],[-71.287233,42.547896],[-71.291056,42.545492],[-71.295982,42.541545],[-71.296594,42.540659],[-71.296763,42.536728],[-71.299443,42.534874],[-71.30461,42.529285],[-71.307538,42.529999],[-71.307185,42.533221],[-71.308749,42.53396],[-71.314542,42.539303],[-71.318313,42.542782],[-71.314385,42.549554],[-71.319618,42.55407],[-71.324706,42.556018],[-71.33309,42.560115],[-71.332543,42.560756]]]}},{"type":"Feature","properties":{"unit_id":"25017331101","name":"Census Tract 3311.01 \u2014 Middlesex","native_id":"25017331101","source":"census_tract_2025","adm3_name":"Middlesex County","adm3_id":"25017","area_sqm":11169375,"split":false,"population":6835.0,"days_covered":18,"daytime_peak_f":86.6,"heat_anomaly_f":2.5,"extreme_pct":17.0,"nighttime_stress_f":-5.3,"daytime_peak_f_climrel":0.1456,"heat_anomaly_f_climrel":0.1456,"nighttime_stress_f_climrel":-0.3,"extreme_pct_climrel":0.425,"ref_daytime_hi_mean":84.1,"ref_daytime_hi_p95":97.1,"rwi_mean":null,"health_per_10k":2.926115581565472,"built_frac":0.153,"tree_frac":0.743,"canopy_frac_over_3m":0.563,"viirs_mean":17.2,"gdl_hdi":0.961,"gdl_region":"Massachusetts","ghsl_smod":12,"lst_anomaly_c":-4.89,"lst_anomaly_c_climrel":0,"worldpop_pop_total":3358.0,"frac_under5":5.5,"frac_elderly_65plus":17.9,"frac_elderly_75plus":8.2,"old_age_dependency_ratio":0.277,"has_data":true},"geometry":{"type":"Polygon","coordinates":[[[-71.175379,42.549139],[-71.171941,42.56013],[-71.169898,42.572011],[-71.168025,42.583848],[-71.166467,42.591532],[-71.165557,42.597622],[-71.164879,42.598021],[-71.163909,42.601852],[-71.160667,42.605318],[-71.159517,42.607659],[-71.158617,42.612948],[-71.156564,42.614977],[-71.154419,42.615268],[-71.148653,42.613168],[-71.145942,42.608335],[-71.143197,42.604039],[-71.141203,42.603207],[-71.135456,42.599116],[-71.130543,42.583117],[-71.133048,42.581183],[-71.137125,42.580048],[-71.148026,42.57927],[-71.152262,42.577003],[-71.155209,42.574581],[-71.157253,42.570705],[-71.159386,42.56922],[-71.159872,42.567805],[-71.159293,42.562204],[-71.1627,42.559706],[-71.164799,42.557348],[-71.167897,42.555832],[-71.173207,42.550148],[-71.175379,42.549139]]]}},{"type":"Feature","properties":{"unit_id":"25017356500","name":"Census Tract 3565 \u2014 Middlesex","native_id":"25017356500","source":"census_tract_2025","adm3_name":"Middlesex County","adm3_id":"25017","area_sqm":2260283,"split":false,"population":4045.0,"days_covered":18,"daytime_peak_f":87.1,"heat_anomaly_f":3.0,"extreme_pct":17.0,"nighttime_stress_f":-5.1,"daytime_peak_f_climrel":0.1716,"heat_anomaly_f_climrel":0.1716,"nighttime_stress_f_climrel":-0.3,"extreme_pct_climrel":0.425,"ref_daytime_hi_mean":84.1,"ref_daytime_hi_p95":97.6,"rwi_mean":null,"health_per_10k":9.88875154511743,"built_frac":0.263,"tree_frac":0.666,"canopy_frac_over_3m":0.396,"viirs_mean":12.0,"gdl_hdi":0.961,"gdl_region":"Massachusetts","ghsl_smod":21,"lst_anomaly_c":-1.57,"lst_anomaly_c_climrel":0,"worldpop_pop_total":7084.0,"frac_under5":6.1,"frac_elderly_65plus":19.1,"frac_elderly_75plus":9.4,"old_age_dependency_ratio":0.311,"has_data":true},"geometry":{"type":"Polygon","coordinates":[[[-71.199907,42.417703],[-71.195676,42.42206],[-71.192829,42.424782],[-71.19264,42.424963],[-71.191548,42.426058],[-71.189405,42.428307],[-71.184768,42.433275],[-71.182277,42.436279],[-71.173708,42.436137],[-71.175514,42.434072],[-71.176004,42.431554],[-71.174916,42.430176],[-71.174341,42.428267],[-71.174368,42.427054],[-71.175703,42.425902],[-71.176317,42.425964],[-71.18219,42.425443],[-71.183442,42.423605],[-71.183507,42.423435],[-71.188279,42.421739],[-71.188863,42.420066],[-71.189998,42.418804],[-71.189168,42.417567],[-71.188772,42.416826],[-71.187221,42.41495],[-71.184547,42.411646],[-71.194291,42.415321],[-71.194492,42.41499],[-71.194521,42.414937],[-71.195297,42.415172],[-71.194257,42.41339],[-71.202612,42.414826],[-71.199907,42.417703]]]}},{"type":"Feature","properties":{"unit_id":"25025020101","name":"Census Tract 201.01 \u2014 Suffolk","native_id":"25025020101","source":"census_tract_2025","adm3_name":"Suffolk County","adm3_id":"25025","area_sqm":219375,"split":false,"population":7125.537791011154,"days_covered":18,"daytime_peak_f":86.4,"heat_anomaly_f":3.6,"extreme_pct":22.0,"nighttime_stress_f":-3.6,"daytime_peak_f_climrel":0.1994,"heat_anomaly_f_climrel":0.1994,"nighttime_stress_f_climrel":-0.2085,"extreme_pct_climrel":0.55,"ref_daytime_hi_mean":82.8,"ref_daytime_hi_p95":97.0,"rwi_mean":null,"health_per_10k":2.806805687737695,"built_frac":0.851,"tree_frac":0.148,"canopy_frac_over_3m":0.137,"viirs_mean":69.0,"gdl_hdi":0.961,"gdl_region":"Massachusetts","ghsl_smod":30,"lst_anomaly_c":2.3,"lst_anomaly_c_climrel":0.2875,"worldpop_pop_total":3829.0,"frac_under5":2.8,"frac_elderly_65plus":20.9,"frac_elderly_75plus":9.6,"old_age_dependency_ratio":0.294,"has_data":true},"geometry":{"type":"Polygon","coordinates":[[[-71.073169,42.356456],[-71.072123,42.359465],[-71.070786,42.359467],[-71.068629,42.359568],[-71.066823,42.359352],[-71.065048,42.359368],[-71.065069,42.358856],[-71.06499,42.357195],[-71.067642,42.356603],[-71.071296,42.355771],[-71.072564,42.355439],[-71.073464,42.356121],[-71.073169,42.356456]]]}},{"type":"Feature","properties":{"unit_id":"25025170701","name":"Census Tract 1707.01 \u2014 Suffolk","native_id":"25025170701","source":"census_tract_2025","adm3_name":"Suffolk County","adm3_id":"25025","area_sqm":508436,"split":false,"population":1666.7591735957258,"days_covered":18,"daytime_peak_f":86.8,"heat_anomaly_f":3.9,"extreme_pct":22.0,"nighttime_stress_f":-3.5,"daytime_peak_f_climrel":0.2108,"heat_anomaly_f_climrel":0.2108,"nighttime_stress_f_climrel":-0.1981,"extreme_pct_climrel":0.55,"ref_daytime_hi_mean":82.9,"ref_daytime_hi_p95":97.6,"rwi_mean":null,"health_per_10k":0.0,"built_frac":0.672,"tree_frac":0.177,"canopy_frac_over_3m":0.148,"viirs_mean":42.3,"gdl_hdi":0.961,"gdl_region":"Massachusetts","ghsl_smod":30,"lst_anomaly_c":1.61,"lst_anomaly_c_climrel":0.2013,"worldpop_pop_total":2754.0,"frac_under5":4.9,"frac_elderly_65plus":12.3,"frac_elderly_75plus":5.4,"old_age_dependency_ratio":0.166,"has_data":true},"geometry":{"type":"Polygon","coordinates":[[[-71.002727,42.404412],[-71.002593,42.404351],[-70.998685,42.401671],[-70.997352,42.401023],[-70.997091,42.401184],[-70.996053,42.401775],[-70.994112,42.404917],[-70.992313,42.405533],[-70.992408,42.407238],[-70.9905596943417,42.4072148092754],[-70.990595,42.407098],[-70.989195,42.402598],[-70.9877229583999,42.4023993261034],[-70.989593,42.402117],[-70.991271,42.39918],[-70.991319,42.399023],[-70.991996,42.397562],[-70.992208,42.396688],[-70.994454,42.393316],[-70.995047,42.393566],[-70.99419,42.39475],[-70.993891,42.396153],[-70.992736,42.397931],[-70.996811,42.400464],[-70.998223,42.39923],[-70.998671,42.40059],[-71.00188,42.400814],[-71.004825,42.401726],[-71.002727,42.404412]]]}},{"type":"Feature","properties":{"unit_id":"25017341800","name":"Census Tract 3418 \u2014 Middlesex","native_id":"25017341800","source":"census_tract_2025","adm3_name":"Middlesex County","adm3_id":"25017","area_sqm":1411730,"split":false,"population":5370.0,"days_covered":18,"daytime_peak_f":86.8,"heat_anomaly_f":3.9,"extreme_pct":22.0,"nighttime_stress_f":-3.5,"daytime_peak_f_climrel":0.2108,"heat_anomaly_f_climrel":0.2108,"nighttime_stress_f_climrel":-0.1981,"extreme_pct_climrel":0.55,"ref_daytime_hi_mean":82.9,"ref_daytime_hi_p95":97.6,"rwi_mean":null,"health_per_10k":1.86219739292365,"built_frac":0.742,"tree_frac":0.202,"canopy_frac_over_3m":0.146,"viirs_mean":37.7,"gdl_hdi":0.961,"gdl_region":"Massachusetts","ghsl_smod":30,"lst_anomaly_c":5.79,"lst_anomaly_c_climrel":0.7238,"worldpop_pop_total":7284.0,"frac_under5":4.8,"frac_elderly_65plus":14.6,"frac_elderly_75plus":5.7,"old_age_dependency_ratio":0.213,"has_data":true},"geometry":{"type":"Polygon","coordinates":[[[-71.057796,42.430978],[-71.050538,42.431708],[-71.049013,42.432333],[-71.048034,42.432831],[-71.04611,42.433542],[-71.044315,42.433825],[-71.040208,42.433977],[-71.038755,42.434213],[-71.039729,42.431579],[-71.039955,42.430965],[-71.04226,42.424786],[-71.042793,42.423341],[-71.050663,42.422748],[-71.052833,42.421163],[-71.054821,42.422613],[-71.055546,42.423128],[-71.057195,42.424363],[-71.057751,42.425351],[-71.055431,42.426594],[-71.055812,42.427216],[-71.056071,42.42765],[-71.05646,42.428363],[-71.057796,42.430978]]]}},{"type":"Feature","properties":{"unit_id":"25025120201","name":"Census Tract 1202.01 \u2014 Suffolk","native_id":"25025120201","source":"census_tract_2025","adm3_name":"Suffolk County","adm3_id":"25025","area_sqm":713168,"split":false,"population":5144.0,"days_covered":18,"daytime_peak_f":87.3,"heat_anomaly_f":2.9,"extreme_pct":17.0,"nighttime_stress_f":-5.1,"daytime_peak_f_climrel":0.1686,"heat_anomaly_f_climrel":0.1686,"nighttime_stress_f_climrel":-0.3,"extreme_pct_climrel":0.425,"ref_daytime_hi_mean":84.4,"ref_daytime_hi_p95":98.1,"rwi_mean":null,"health_per_10k":5.832037325038881,"built_frac":0.612,"tree_frac":0.331,"canopy_frac_over_3m":0.279,"viirs_mean":45.4,"gdl_hdi":0.961,"gdl_region":"Massachusetts","ghsl_smod":30,"lst_anomaly_c":2.03,"lst_anomaly_c_climrel":0.2537,"worldpop_pop_total":4562.0,"frac_under5":5.4,"frac_elderly_65plus":10.6,"frac_elderly_75plus":4.4,"old_age_dependency_ratio":0.137,"has_data":true},"geometry":{"type":"Polygon","coordinates":[[[-71.115245,42.306632],[-71.110411,42.307081],[-71.110299,42.306069],[-71.107345,42.310622],[-71.104558,42.309435],[-71.10245,42.308878],[-71.10269,42.305966],[-71.102713,42.305269],[-71.104335,42.302763],[-71.10485,42.30232],[-71.105702,42.301665],[-71.106655,42.30088],[-71.1093,42.30151],[-71.113384,42.301492],[-71.114461,42.301904],[-71.11467,42.305491],[-71.115245,42.306632]]]}},{"type":"Feature","properties":{"unit_id":"25025010300","name":"Census Tract 103 \u2014 Suffolk","native_id":"25025010300","source":"census_tract_2025","adm3_name":"Suffolk County","adm3_id":"25025","area_sqm":507207,"split":false,"population":29101.0,"days_covered":18,"daytime_peak_f":87.3,"heat_anomaly_f":2.9,"extreme_pct":17.0,"nighttime_stress_f":-5.1,"daytime_peak_f_climrel":0.1686,"heat_anomaly_f_climrel":0.1686,"nighttime_stress_f_climrel":-0.3,"extreme_pct_climrel":0.425,"ref_daytime_hi_mean":84.4,"ref_daytime_hi_p95":98.1,"rwi_mean":null,"health_per_10k":1.0308924091955602,"built_frac":0.807,"tree_frac":0.181,"canopy_frac_over_3m":0.138,"viirs_mean":99.8,"gdl_hdi":0.961,"gdl_region":"Massachusetts","ghsl_smod":30,"lst_anomaly_c":2.41,"lst_anomaly_c_climrel":0.3013,"worldpop_pop_total":4688.0,"frac_under5":0.4,"frac_elderly_65plus":1.4,"frac_elderly_75plus":0.6,"old_age_dependency_ratio":0.015,"has_data":true},"geometry":{"type":"Polygon","coordinates":[[[-71.110001,42.340317],[-71.104722,42.343371],[-71.103275,42.342741],[-71.100603,42.340204],[-71.098988,42.339095],[-71.096885,42.339026],[-71.09621,42.339827],[-71.093217,42.340889],[-71.092543,42.339513],[-71.092192,42.339139],[-71.095745,42.337727],[-71.100306,42.335941],[-71.100935,42.336168],[-71.10539,42.33786],[-71.110001,42.340317]]]}},{"type":"Feature","properties":{"unit_id":"25017338500","name":"Census Tract 3385 \u2014 Middlesex","native_id":"25017338500","source":"census_tract_2025","adm3_name":"Middlesex County","adm3_id":"25017","area_sqm":4032018,"split":false,"population":4101.0,"days_covered":18,"daytime_peak_f":86.4,"heat_anomaly_f":3.6,"extreme_pct":22.0,"nighttime_stress_f":-3.6,"daytime_peak_f_climrel":0.1994,"heat_anomaly_f_climrel":0.1994,"nighttime_stress_f_climrel":-0.2085,"extreme_pct_climrel":0.55,"ref_daytime_hi_mean":82.8,"ref_daytime_hi_p95":97.0,"rwi_mean":null,"health_per_10k":21.945866861741038,"built_frac":0.125,"tree_frac":0.824,"canopy_frac_over_3m":0.602,"viirs_mean":12.3,"gdl_hdi":0.961,"gdl_region":"Massachusetts","ghsl_smod":30,"lst_anomaly_c":-4.43,"lst_anomaly_c_climrel":0,"worldpop_pop_total":5829.0,"frac_under5":5.3,"frac_elderly_65plus":17.2,"frac_elderly_75plus":8.0,"old_age_dependency_ratio":0.284,"has_data":true},"geometry":{"type":"Polygon","coordinates":[[[-71.142098,42.442395],[-71.140103,42.444911],[-71.13764,42.451351],[-71.137012,42.453019],[-71.135687,42.455976],[-71.134688,42.459266],[-71.129961,42.457774],[-71.12895,42.45937],[-71.126222,42.458501],[-71.125517,42.459534],[-71.119794,42.458627],[-71.120742,42.461519],[-71.120307,42.463796],[-71.122338,42.46416],[-71.120762,42.467887],[-71.118337,42.467411],[-71.116629,42.468716],[-71.114278,42.468038],[-71.115462,42.464955],[-71.114622,42.463338],[-71.119402,42.453445],[-71.121346,42.44867],[-71.124005,42.443827],[-71.121976,42.439786],[-71.125154,42.439233],[-71.127146,42.438887],[-71.128364,42.436779],[-71.129041,42.435599],[-71.129061,42.435552],[-71.129767,42.435559],[-71.14533,42.435756],[-71.142098,42.442395]]]}},{"type":"Feature","properties":{"unit_id":"25017321600","name":"Census Tract 3216 \u2014 Middlesex","native_id":"25017321600","source":"census_tract_2025","adm3_name":"Middlesex County","adm3_id":"25017","area_sqm":6502288,"split":false,"population":6874.0,"days_covered":18,"daytime_peak_f":87.1,"heat_anomaly_f":2.9,"extreme_pct":17.0,"nighttime_stress_f":-6.7,"daytime_peak_f_climrel":0.1862,"heat_anomaly_f_climrel":0.1862,"nighttime_stress_f_climrel":-0.3,"extreme_pct_climrel":0.425,"ref_daytime_hi_mean":84.1,"ref_daytime_hi_p95":96.0,"rwi_mean":null,"health_per_10k":1.4547570555717195,"built_frac":0.15,"tree_frac":0.644,"canopy_frac_over_3m":0.456,"viirs_mean":7.7,"gdl_hdi":0.961,"gdl_region":"Massachusetts","ghsl_smod":21,"lst_anomaly_c":-3.97,"lst_anomaly_c_climrel":0,"worldpop_pop_total":7133.0,"frac_under5":5.4,"frac_elderly_65plus":16.0,"frac_elderly_75plus":6.9,"old_age_dependency_ratio":0.237,"has_data":true},"geometry":{"type":"Polygon","coordinates":[[[-71.562051,42.371581],[-71.554078,42.372416],[-71.529399,42.374998],[-71.528309,42.375119],[-71.52142,42.375837],[-71.515118,42.376501],[-71.516411,42.374072],[-71.517675,42.373323],[-71.518091,42.372887],[-71.517135,42.367481],[-71.517659,42.364912],[-71.51956,42.363095],[-71.518312,42.361868],[-71.515624,42.361521],[-71.517167,42.357845],[-71.517516,42.357534],[-71.519644,42.356278],[-71.522336,42.356111],[-71.527888,42.354724],[-71.529534,42.352918],[-71.530587,42.352254],[-71.531035,42.35231],[-71.533534,42.351421],[-71.534263,42.351225],[-71.540847,42.351072],[-71.542158,42.351129],[-71.546151,42.350187],[-71.546858,42.351796],[-71.549266,42.354769],[-71.551484,42.357441],[-71.553097,42.362484],[-71.555353,42.364442],[-71.559274,42.366257],[-71.562094,42.369496],[-71.562051,42.371581]]]}},{"type":"Feature","properties":{"unit_id":"25017356601","name":"Census Tract 3566.01 \u2014 Middlesex","native_id":"25017356601","source":"census_tract_2025","adm3_name":"Middlesex County","adm3_id":"25017","area_sqm":1301271,"split":false,"population":3696.0,"days_covered":18,"daytime_peak_f":87.1,"heat_anomaly_f":3.0,"extreme_pct":17.0,"nighttime_stress_f":-5.1,"daytime_peak_f_climrel":0.1716,"heat_anomaly_f_climrel":0.1716,"nighttime_stress_f_climrel":-0.3,"extreme_pct_climrel":0.425,"ref_daytime_hi_mean":84.1,"ref_daytime_hi_p95":97.6,"rwi_mean":null,"health_per_10k":2.705627705627706,"built_frac":0.387,"tree_frac":0.565,"canopy_frac_over_3m":0.379,"viirs_mean":17.3,"gdl_hdi":0.961,"gdl_region":"Massachusetts","ghsl_smod":30,"lst_anomaly_c":0.18,"lst_anomaly_c_climrel":0.0225,"worldpop_pop_total":4887.0,"frac_under5":5.2,"frac_elderly_65plus":17.4,"frac_elderly_75plus":7.1,"old_age_dependency_ratio":0.268,"has_data":true},"geometry":{"type":"Polygon","coordinates":[[[-71.181952,42.412665],[-71.181398,42.412973],[-71.1796,42.414455],[-71.178978,42.415391],[-71.178797,42.416353],[-71.17588,42.418825],[-71.174192,42.421187],[-71.172515,42.421769],[-71.174611,42.423308],[-71.175703,42.425902],[-71.174368,42.427054],[-71.174341,42.428267],[-71.17175,42.42738],[-71.170228,42.428971],[-71.169037,42.425839],[-71.169068,42.42408],[-71.16676,42.423066],[-71.165989,42.42301],[-71.164597,42.422785],[-71.162764,42.421777],[-71.165842,42.41832],[-71.166289,42.418529],[-71.16849,42.419662],[-71.172164,42.416898],[-71.170031,42.415827],[-71.173287,42.412992],[-71.171999,42.412267],[-71.173097,42.411337],[-71.174424,42.40937],[-71.177705,42.410212],[-71.181634,42.410882],[-71.183712,42.411374],[-71.181952,42.412665]]]}},{"type":"Feature","properties":{"unit_id":"25025101002","name":"Census Tract 1010.02 \u2014 Suffolk","native_id":"25025101002","source":"census_tract_2025","adm3_name":"Suffolk County","adm3_id":"25025","area_sqm":1164930,"split":false,"population":1268.0,"days_covered":18,"daytime_peak_f":87.3,"heat_anomaly_f":2.9,"extreme_pct":17.0,"nighttime_stress_f":-5.1,"daytime_peak_f_climrel":0.1686,"heat_anomaly_f_climrel":0.1686,"nighttime_stress_f_climrel":-0.3,"extreme_pct_climrel":0.425,"ref_daytime_hi_mean":84.4,"ref_daytime_hi_p95":98.1,"rwi_mean":null,"health_per_10k":0.0,"built_frac":0.518,"tree_frac":0.447,"canopy_frac_over_3m":0.282,"viirs_mean":44.3,"gdl_hdi":0.961,"gdl_region":"Massachusetts","ghsl_smod":30,"lst_anomaly_c":0.66,"lst_anomaly_c_climrel":0.0825,"worldpop_pop_total":5816.0,"frac_under5":6.1,"frac_elderly_65plus":19.7,"frac_elderly_75plus":9.3,"old_age_dependency_ratio":0.318,"has_data":true},"geometry":{"type":"Polygon","coordinates":[[[-71.093881,42.267634],[-71.093695,42.272877],[-71.086926,42.279344],[-71.086091,42.280216],[-71.085504,42.280991],[-71.082735,42.280409],[-71.082634,42.280368],[-71.081102,42.279394],[-71.080438,42.27896],[-71.077251,42.277217],[-71.078447,42.27574],[-71.077615,42.273782],[-71.079003,42.273409],[-71.078879,42.271632],[-71.082924,42.271334],[-71.089331,42.270172],[-71.090073,42.269948],[-71.089403,42.26969],[-71.090258,42.266639],[-71.093736,42.267136],[-71.093908,42.26714],[-71.093881,42.267634]]]}},{"type":"Feature","properties":{"unit_id":"25017342501","name":"Census Tract 3425.01 \u2014 Middlesex","native_id":"25017342501","source":"census_tract_2025","adm3_name":"Middlesex County","adm3_id":"25017","area_sqm":529323,"split":false,"population":3787.0,"days_covered":18,"daytime_peak_f":86.4,"heat_anomaly_f":3.6,"extreme_pct":22.0,"nighttime_stress_f":-3.6,"daytime_peak_f_climrel":0.1994,"heat_anomaly_f_climrel":0.1994,"nighttime_stress_f_climrel":-0.2085,"extreme_pct_climrel":0.55,"ref_daytime_hi_mean":82.8,"ref_daytime_hi_p95":97.0,"rwi_mean":null,"health_per_10k":7.921837866385001,"built_frac":0.925,"tree_frac":0.058,"canopy_frac_over_3m":0.092,"viirs_mean":62.8,"gdl_hdi":0.961,"gdl_region":"Massachusetts","ghsl_smod":30,"lst_anomaly_c":5.51,"lst_anomaly_c_climrel":0.6887,"worldpop_pop_total":5009.0,"frac_under5":6.3,"frac_elderly_65plus":12.9,"frac_elderly_75plus":5.6,"old_age_dependency_ratio":0.186,"has_data":true},"geometry":{"type":"Polygon","coordinates":[[[-71.059751,42.402546],[-71.059419,42.402987],[-71.055567,42.407057],[-71.055152,42.407462],[-71.052173,42.410646],[-71.048792,42.408201],[-71.046478,42.407752],[-71.047584,42.405383],[-71.048201,42.404095],[-71.047455,42.403342],[-71.047592,42.40254],[-71.047629,42.402393],[-71.052962,42.403024],[-71.0573,42.403062],[-71.05976,42.402385],[-71.059751,42.402546]]]}},{"type":"Feature","properties":{"unit_id":"25025080300","name":"Census Tract 803 \u2014 Suffolk","native_id":"25025080300","source":"census_tract_2025","adm3_name":"Suffolk County","adm3_id":"25025","area_sqm":268833,"split":false,"population":1858.8921929921107,"days_covered":18,"daytime_peak_f":87.3,"heat_anomaly_f":2.9,"extreme_pct":17.0,"nighttime_stress_f":-5.1,"daytime_peak_f_climrel":0.1686,"heat_anomaly_f_climrel":0.1686,"nighttime_stress_f_climrel":-0.3,"extreme_pct_climrel":0.425,"ref_daytime_hi_mean":84.4,"ref_daytime_hi_p95":98.1,"rwi_mean":null,"health_per_10k":0.0,"built_frac":0.731,"tree_frac":0.248,"canopy_frac_over_3m":0.16,"viirs_mean":71.4,"gdl_hdi":0.961,"gdl_region":"Massachusetts","ghsl_smod":30,"lst_anomaly_c":3.91,"lst_anomaly_c_climrel":0.4888,"worldpop_pop_total":2368.0,"frac_under5":6.5,"frac_elderly_65plus":10.5,"frac_elderly_75plus":4.1,"old_age_dependency_ratio":0.154,"has_data":true},"geometry":{"type":"Polygon","coordinates":[[[-71.083448,42.32865],[-71.081521,42.328486],[-71.080891,42.328497],[-71.079264,42.328514],[-71.078675,42.330135],[-71.077472,42.330898],[-71.07499,42.329075],[-71.075248,42.325965],[-71.076624,42.327118],[-71.07818,42.325885],[-71.078654,42.324867],[-71.0796,42.324161],[-71.081605,42.325549],[-71.083308,42.325959],[-71.08327,42.326127],[-71.08311,42.32812],[-71.083448,42.32865]]]}},{"type":"Feature","properties":{"unit_id":"25025091200","name":"Census Tract 912 \u2014 Suffolk","native_id":"25025091200","source":"census_tract_2025","adm3_name":"Suffolk County","adm3_id":"25025","area_sqm":323612,"split":false,"population":1907.677045873531,"days_covered":18,"daytime_peak_f":87.3,"heat_anomaly_f":2.9,"extreme_pct":17.0,"nighttime_stress_f":-5.1,"daytime_peak_f_climrel":0.1686,"heat_anomaly_f_climrel":0.1686,"nighttime_stress_f_climrel":-0.3,"extreme_pct_climrel":0.425,"ref_daytime_hi_mean":84.4,"ref_daytime_hi_p95":98.1,"rwi_mean":null,"health_per_10k":0.0,"built_frac":0.743,"tree_frac":0.247,"canopy_frac_over_3m":0.15,"viirs_mean":58.1,"gdl_hdi":0.961,"gdl_region":"Massachusetts","ghsl_smod":30,"lst_anomaly_c":3.22,"lst_anomaly_c_climrel":0.4025,"worldpop_pop_total":2735.0,"frac_under5":6.3,"frac_elderly_65plus":12.6,"frac_elderly_75plus":4.2,"old_age_dependency_ratio":0.176,"has_data":true},"geometry":{"type":"Polygon","coordinates":[[[-71.067429,42.314603],[-71.0652,42.317071],[-71.064643,42.31737],[-71.063572,42.318618],[-71.06211,42.320189],[-71.061481,42.3205],[-71.060846,42.319911],[-71.059596,42.318869],[-71.058834,42.3186],[-71.059544,42.316202],[-71.059623,42.315986],[-71.060018,42.314738],[-71.05996,42.314264],[-71.058881,42.312771],[-71.060403,42.312552],[-71.062372,42.313332],[-71.063259,42.313688],[-71.064213,42.314105],[-71.064602,42.314769],[-71.06564,42.314849],[-71.067429,42.314603]]]}},{"type":"Feature","properties":{"unit_id":"25017363106","name":"Census Tract 3631.06 \u2014 Middlesex","native_id":"25017363106","source":"census_tract_2025","adm3_name":"Middlesex County","adm3_id":"25017","area_sqm":4934197,"split":false,"population":3271.0,"days_covered":18,"daytime_peak_f":86.7,"heat_anomaly_f":2.7,"extreme_pct":17.0,"nighttime_stress_f":-6.3,"daytime_peak_f_climrel":0.1629,"heat_anomaly_f_climrel":0.1629,"nighttime_stress_f_climrel":-0.3,"extreme_pct_climrel":0.425,"ref_daytime_hi_mean":84.0,"ref_daytime_hi_p95":96.5,"rwi_mean":null,"health_per_10k":0.0,"built_frac":0.14,"tree_frac":0.795,"canopy_frac_over_3m":0.613,"viirs_mean":7.0,"gdl_hdi":0.961,"gdl_region":"Massachusetts","ghsl_smod":21,"lst_anomaly_c":-4.94,"lst_anomaly_c_climrel":0,"worldpop_pop_total":3621.0,"frac_under5":4.8,"frac_elderly_65plus":18.6,"frac_elderly_75plus":9.6,"old_age_dependency_ratio":0.3,"has_data":true},"geometry":{"type":"Polygon","coordinates":[[[-71.434718,42.522486],[-71.428535,42.528804],[-71.423794,42.526189],[-71.399515,42.534015],[-71.397941,42.526277],[-71.399855,42.524141],[-71.402167,42.519608],[-71.404679,42.518568],[-71.407045,42.514677],[-71.412985,42.51142],[-71.413821,42.50787],[-71.41701,42.504285],[-71.418859,42.502854],[-71.419486,42.501934],[-71.420535,42.504383],[-71.420965,42.5096],[-71.423052,42.512234],[-71.429326,42.515917],[-71.432089,42.519535],[-71.432551,42.520542],[-71.434718,42.522486]]]}},{"type":"Feature","properties":{"unit_id":"25025100900","name":"Census Tract 1009 \u2014 Suffolk","native_id":"25025100900","source":"census_tract_2025","adm3_name":"Suffolk County","adm3_id":"25025","area_sqm":953384,"split":false,"population":836.0,"days_covered":18,"daytime_peak_f":87.3,"heat_anomaly_f":2.9,"extreme_pct":17.0,"nighttime_stress_f":-5.1,"daytime_peak_f_climrel":0.1686,"heat_anomaly_f_climrel":0.1686,"nighttime_stress_f_climrel":-0.3,"extreme_pct_climrel":0.425,"ref_daytime_hi_mean":84.4,"ref_daytime_hi_p95":98.1,"rwi_mean":null,"health_per_10k":23.923444976076553,"built_frac":0.542,"tree_frac":0.412,"canopy_frac_over_3m":0.241,"viirs_mean":33.3,"gdl_hdi":0.961,"gdl_region":"Massachusetts","ghsl_smod":30,"lst_anomaly_c":0.23,"lst_anomaly_c_climrel":0.0288,"worldpop_pop_total":3905.0,"frac_under5":3.9,"frac_elderly_65plus":18.8,"frac_elderly_75plus":7.6,"old_age_dependency_ratio":0.28,"has_data":true},"geometry":{"type":"Polygon","coordinates":[[[-71.090073,42.269948],[-71.089331,42.270172],[-71.082924,42.271334],[-71.078879,42.271632],[-71.079003,42.273409],[-71.077615,42.273782],[-71.078447,42.27574],[-71.077251,42.277217],[-71.080438,42.27896],[-71.078891,42.278567],[-71.073166,42.27805],[-71.072774,42.278073],[-71.071015,42.278314],[-71.069501,42.278813],[-71.06592,42.279928],[-71.066503,42.277904],[-71.067189,42.275504],[-71.068018,42.272216],[-71.06814,42.271],[-71.072044,42.270817],[-71.073264,42.270317],[-71.075246,42.2703],[-71.076492,42.270509],[-71.080852,42.269322],[-71.082761,42.268634],[-71.089403,42.26969],[-71.090073,42.269948]]]}},{"type":"Feature","properties":{"unit_id":"25017332202","name":"Census Tract 3322.02 \u2014 Middlesex","native_id":"25017332202","source":"census_tract_2025","adm3_name":"Middlesex County","adm3_id":"25017","area_sqm":5673563,"split":false,"population":6467.0,"days_covered":18,"daytime_peak_f":87.1,"heat_anomaly_f":3.0,"extreme_pct":17.0,"nighttime_stress_f":-5.1,"daytime_peak_f_climrel":0.1737,"heat_anomaly_f_climrel":0.1737,"nighttime_stress_f_climrel":-0.3,"extreme_pct_climrel":0.425,"ref_daytime_hi_mean":84.0,"ref_daytime_hi_p95":97.5,"rwi_mean":null,"health_per_10k":0.0,"built_frac":0.158,"tree_frac":0.74,"canopy_frac_over_3m":0.539,"viirs_mean":13.8,"gdl_hdi":0.961,"gdl_region":"Massachusetts","ghsl_smod":21,"lst_anomaly_c":-4.16,"lst_anomaly_c_climrel":0,"worldpop_pop_total":6461.0,"frac_under5":6.0,"frac_elderly_65plus":18.8,"frac_elderly_75plus":9.2,"old_age_dependency_ratio":0.29,"has_data":true},"geometry":{"type":"Polygon","coordinates":[[[-71.199411,42.510105],[-71.194748,42.510308],[-71.191887,42.512237],[-71.190276,42.512122],[-71.188861,42.513251],[-71.191864,42.516896],[-71.189236,42.521285],[-71.184278,42.522557],[-71.179824,42.5216],[-71.177693,42.521884],[-71.170139,42.515625],[-71.170033,42.515537],[-71.16954,42.510242],[-71.169671,42.507503],[-71.169395,42.507311],[-71.169923,42.506731],[-71.168985,42.504166],[-71.168464,42.497939],[-71.16849,42.497475],[-71.178071,42.495749],[-71.180831,42.49511],[-71.184209,42.493788],[-71.18626,42.492603],[-71.191584,42.488478],[-71.192796,42.49095],[-71.193035,42.491279],[-71.194636,42.49487],[-71.194026,42.498675],[-71.194726,42.500871],[-71.195489,42.502854],[-71.195862,42.504992],[-71.195779,42.506449],[-71.199411,42.510105]]]}},{"type":"Feature","properties":{"unit_id":"25025120700","name":"Census Tract 1207 \u2014 Suffolk","native_id":"25025120700","source":"census_tract_2025","adm3_name":"Suffolk County","adm3_id":"25025","area_sqm":310598,"split":false,"population":1997.2006226762844,"days_covered":18,"daytime_peak_f":87.3,"heat_anomaly_f":2.9,"extreme_pct":17.0,"nighttime_stress_f":-5.1,"daytime_peak_f_climrel":0.1686,"heat_anomaly_f_climrel":0.1686,"nighttime_stress_f_climrel":-0.3,"extreme_pct_climrel":0.425,"ref_daytime_hi_mean":84.4,"ref_daytime_hi_p95":98.1,"rwi_mean":null,"health_per_10k":5.007008252681106,"built_frac":0.741,"tree_frac":0.232,"canopy_frac_over_3m":0.207,"viirs_mean":49.2,"gdl_hdi":0.961,"gdl_region":"Massachusetts","ghsl_smod":30,"lst_anomaly_c":3.33,"lst_anomaly_c_climrel":0.4163,"worldpop_pop_total":1978.0,"frac_under5":4.7,"frac_elderly_65plus":17.4,"frac_elderly_75plus":8.3,"old_age_dependency_ratio":0.236,"has_data":true},"geometry":{"type":"Polygon","coordinates":[[[-71.116737,42.322627],[-71.115078,42.323573],[-71.114098,42.323307],[-71.112202,42.323125],[-71.112259,42.324552],[-71.110832,42.329073],[-71.108333,42.327318],[-71.107181,42.326898],[-71.105231,42.326114],[-71.107337,42.325522],[-71.109554,42.323371],[-71.108452,42.322389],[-71.109938,42.322025],[-71.11209,42.321602],[-71.116321,42.321012],[-71.11657,42.321021],[-71.116737,42.322627]]]}},{"type":"Feature","properties":{"unit_id":"25017364101","name":"Census Tract 3641.01 \u2014 Middlesex","native_id":"25017364101","source":"census_tract_2025","adm3_name":"Middlesex County","adm3_id":"25017","area_sqm":5045345,"split":false,"population":3821.0,"days_covered":18,"daytime_peak_f":87.1,"heat_anomaly_f":2.9,"extreme_pct":17.0,"nighttime_stress_f":-6.7,"daytime_peak_f_climrel":0.1862,"heat_anomaly_f_climrel":0.1862,"nighttime_stress_f_climrel":-0.3,"extreme_pct_climrel":0.425,"ref_daytime_hi_mean":84.1,"ref_daytime_hi_p95":96.0,"rwi_mean":null,"health_per_10k":7.851347814708192,"built_frac":0.123,"tree_frac":0.796,"canopy_frac_over_3m":0.58,"viirs_mean":5.5,"gdl_hdi":0.961,"gdl_region":"Massachusetts","ghsl_smod":21,"lst_anomaly_c":-4.55,"lst_anomaly_c_climrel":0,"worldpop_pop_total":5506.0,"frac_under5":5.3,"frac_elderly_65plus":21.0,"frac_elderly_75plus":8.9,"old_age_dependency_ratio":0.331,"has_data":true},"geometry":{"type":"Polygon","coordinates":[[[-71.478382,42.437104],[-71.464349,42.4503],[-71.453841,42.446161],[-71.452606,42.445678],[-71.435216,42.438831],[-71.442863,42.437123],[-71.444751,42.436327],[-71.445181,42.436015],[-71.448636,42.432202],[-71.450014,42.43292],[-71.458862,42.430874],[-71.460465,42.430327],[-71.459805,42.429515],[-71.458416,42.425708],[-71.464502,42.427609],[-71.466412,42.427017],[-71.4683,42.425438],[-71.474496,42.422081],[-71.474774,42.423142],[-71.474809,42.423276],[-71.477598,42.434126],[-71.478382,42.437104]]]}},{"type":"Feature","properties":{"unit_id":"25017353700","name":"Census Tract 3537 \u2014 Middlesex","native_id":"25017353700","source":"census_tract_2025","adm3_name":"Middlesex County","adm3_id":"25017","area_sqm":532087,"split":false,"population":7475.563076672903,"days_covered":18,"daytime_peak_f":86.4,"heat_anomaly_f":3.6,"extreme_pct":22.0,"nighttime_stress_f":-3.6,"daytime_peak_f_climrel":0.1994,"heat_anomaly_f_climrel":0.1994,"nighttime_stress_f_climrel":-0.2085,"extreme_pct_climrel":0.55,"ref_daytime_hi_mean":82.8,"ref_daytime_hi_p95":97.0,"rwi_mean":null,"health_per_10k":8.026151259057237,"built_frac":0.722,"tree_frac":0.261,"canopy_frac_over_3m":0.264,"viirs_mean":52.5,"gdl_hdi":0.961,"gdl_region":"Massachusetts","ghsl_smod":30,"lst_anomaly_c":3.36,"lst_anomaly_c_climrel":0.42,"worldpop_pop_total":5245.0,"frac_under5":2.9,"frac_elderly_65plus":8.9,"frac_elderly_75plus":4.9,"old_age_dependency_ratio":0.104,"has_data":true},"geometry":{"type":"Polygon","coordinates":[[[-71.120151,42.372577],[-71.118581,42.373366],[-71.118822,42.374355],[-71.118378,42.375682],[-71.114293,42.375471],[-71.113293,42.376801],[-71.112358,42.377006],[-71.10813,42.377898],[-71.107272,42.378087],[-71.105943,42.376819],[-71.105427,42.376332],[-71.106121,42.37441],[-71.107947,42.372056],[-71.108615,42.372318],[-71.109725,42.372772],[-71.112446,42.373839],[-71.113067,42.37173],[-71.113905,42.370836],[-71.115954,42.371385],[-71.118606,42.371973],[-71.119122,42.372166],[-71.120151,42.372577]]]}},{"type":"Feature","properties":{"unit_id":"25025000703","name":"Census Tract 7.03 \u2014 Suffolk","native_id":"25025000703","source":"census_tract_2025","adm3_name":"Suffolk County","adm3_id":"25025","area_sqm":181887,"split":false,"population":1558.7367435346796,"days_covered":18,"daytime_peak_f":86.4,"heat_anomaly_f":3.6,"extreme_pct":22.0,"nighttime_stress_f":-3.6,"daytime_peak_f_climrel":0.1994,"heat_anomaly_f_climrel":0.1994,"nighttime_stress_f_climrel":-0.2085,"extreme_pct_climrel":0.55,"ref_daytime_hi_mean":82.8,"ref_daytime_hi_p95":97.0,"rwi_mean":null,"health_per_10k":25.66180605282566,"built_frac":0.967,"tree_frac":0.031,"canopy_frac_over_3m":0.084,"viirs_mean":61.9,"gdl_hdi":0.961,"gdl_region":"Massachusetts","ghsl_smod":30,"lst_anomaly_c":6.79,"lst_anomaly_c_climrel":0.8488,"worldpop_pop_total":1729.0,"frac_under5":1.6,"frac_elderly_65plus":3.1,"frac_elderly_75plus":0.9,"old_age_dependency_ratio":0.033,"has_data":true},"geometry":{"type":"Polygon","coordinates":[[[-71.132106,42.353061],[-71.130167,42.352828],[-71.128344,42.352604],[-71.125024,42.352236],[-71.124236,42.352242],[-71.12126,42.351872],[-71.121311,42.351675],[-71.122855,42.351861],[-71.123518,42.351486],[-71.124207,42.351493],[-71.126134,42.350327],[-71.128728,42.349463],[-71.129746,42.34885],[-71.130033,42.349218],[-71.130868,42.350136],[-71.131071,42.350499],[-71.131447,42.351154],[-71.132106,42.353061]]]}},{"type":"Feature","properties":{"unit_id":"25017314302","name":"Census Tract 3143.02 \u2014 Middlesex","native_id":"25017314302","source":"census_tract_2025","adm3_name":"Middlesex County","adm3_id":"25017","area_sqm":16406778,"split":false,"population":3069.0,"days_covered":18,"daytime_peak_f":86.6,"heat_anomaly_f":2.7,"extreme_pct":17.0,"nighttime_stress_f":-5.7,"daytime_peak_f_climrel":0.1535,"heat_anomaly_f_climrel":0.1535,"nighttime_stress_f_climrel":-0.3,"extreme_pct_climrel":0.425,"ref_daytime_hi_mean":83.9,"ref_daytime_hi_p95":96.4,"rwi_mean":null,"health_per_10k":0.0,"built_frac":0.048,"tree_frac":0.731,"canopy_frac_over_3m":0.579,"viirs_mean":5.5,"gdl_hdi":0.961,"gdl_region":"Massachusetts","ghsl_smod":12,"lst_anomaly_c":-5.94,"lst_anomaly_c_climrel":0,"worldpop_pop_total":3620.0,"frac_under5":5.2,"frac_elderly_65plus":14.5,"frac_elderly_75plus":4.9,"old_age_dependency_ratio":0.219,"has_data":true},"geometry":{"type":"Polygon","coordinates":[[[-71.2888325141297,42.7020079777689],[-71.278929,42.711258],[-71.2785168854597,42.7118049938274],[-71.2754068854342,42.7159328530776],[-71.267905,42.72589],[-71.2663745651487,42.7271963443499],[-71.255605,42.736389],[-71.2551987703894,42.7366383439844],[-71.255147,42.736554],[-71.251236,42.721222],[-71.247913,42.708119],[-71.245937,42.700309],[-71.244272,42.693746],[-71.238434,42.670763],[-71.238179,42.669419],[-71.240397,42.66673],[-71.24249,42.662346],[-71.244172,42.661514],[-71.250112,42.660987],[-71.251716,42.660332],[-71.253682,42.660866],[-71.255561,42.663109],[-71.255287,42.666436],[-71.255945,42.667697],[-71.258327,42.667735],[-71.25921,42.670072],[-71.262154,42.674867],[-71.264567,42.680307],[-71.265447,42.684519],[-71.267941,42.685365],[-71.272609,42.685284],[-71.274138,42.685988],[-71.277747,42.690394],[-71.282757,42.693748],[-71.2888325141297,42.7020079777689]]]}},{"type":"Feature","properties":{"unit_id":"25017351101","name":"Census Tract 3511.01 \u2014 Middlesex","native_id":"25017351101","source":"census_tract_2025","adm3_name":"Middlesex County","adm3_id":"25017","area_sqm":441192,"split":false,"population":4833.0,"days_covered":18,"daytime_peak_f":86.4,"heat_anomaly_f":3.6,"extreme_pct":22.0,"nighttime_stress_f":-3.6,"daytime_peak_f_climrel":0.1994,"heat_anomaly_f_climrel":0.1994,"nighttime_stress_f_climrel":-0.2085,"extreme_pct_climrel":0.55,"ref_daytime_hi_mean":82.8,"ref_daytime_hi_p95":97.0,"rwi_mean":null,"health_per_10k":4.138216428719222,"built_frac":0.765,"tree_frac":0.234,"canopy_frac_over_3m":0.205,"viirs_mean":35.7,"gdl_hdi":0.961,"gdl_region":"Massachusetts","ghsl_smod":30,"lst_anomaly_c":4.4,"lst_anomaly_c_climrel":0.55,"worldpop_pop_total":3854.0,"frac_under5":3.7,"frac_elderly_65plus":15.9,"frac_elderly_75plus":7.8,"old_age_dependency_ratio":0.21,"has_data":true},"geometry":{"type":"Polygon","coordinates":[[[-71.110372,42.389462],[-71.109409,42.390866],[-71.107942,42.390203],[-71.106662,42.392069],[-71.105911,42.393136],[-71.10432,42.391691],[-71.102035,42.390402],[-71.09763,42.388431],[-71.09965,42.385523],[-71.104319,42.387163],[-71.105099,42.386031],[-71.108438,42.387185],[-71.108954,42.387462],[-71.109623,42.387794],[-71.110372,42.389462]]]}},{"type":"Feature","properties":{"unit_id":"25017310400","name":"Census Tract 3104 \u2014 Middlesex","native_id":"25017310400","source":"census_tract_2025","adm3_name":"Middlesex County","adm3_id":"25017","area_sqm":534338,"split":false,"population":3739.0,"days_covered":18,"daytime_peak_f":86.6,"heat_anomaly_f":2.7,"extreme_pct":17.0,"nighttime_stress_f":-5.7,"daytime_peak_f_climrel":0.1535,"heat_anomaly_f_climrel":0.1535,"nighttime_stress_f_climrel":-0.3,"extreme_pct_climrel":0.425,"ref_daytime_hi_mean":83.9,"ref_daytime_hi_p95":96.4,"rwi_mean":null,"health_per_10k":2.674511901577962,"built_frac":0.552,"tree_frac":0.158,"canopy_frac_over_3m":0.117,"viirs_mean":34.7,"gdl_hdi":0.961,"gdl_region":"Massachusetts","ghsl_smod":30,"lst_anomaly_c":2.47,"lst_anomaly_c_climrel":0.3088,"worldpop_pop_total":3379.0,"frac_under5":7.4,"frac_elderly_65plus":9.1,"frac_elderly_75plus":3.5,"old_age_dependency_ratio":0.137,"has_data":true},"geometry":{"type":"Polygon","coordinates":[[[-71.318743,42.659996],[-71.316614,42.660516],[-71.314916,42.659143],[-71.313296,42.660238],[-71.311887,42.658337],[-71.310903,42.656984],[-71.311561,42.656639],[-71.307341,42.653886],[-71.306446,42.653752],[-71.305366,42.652609],[-71.302982,42.651873],[-71.304192,42.649303],[-71.305173,42.648113],[-71.306617,42.648814],[-71.307923,42.649302],[-71.308256,42.649539],[-71.308921,42.649865],[-71.312395,42.652375],[-71.315392,42.654733],[-71.318283,42.656405],[-71.318743,42.659996]]]}},{"type":"Feature","properties":{"unit_id":"25025170702","name":"Census Tract 1707.02 \u2014 Suffolk","native_id":"25025170702","source":"census_tract_2025","adm3_name":"Suffolk County","adm3_id":"25025","area_sqm":697331,"split":false,"population":4112.0,"days_covered":18,"daytime_peak_f":86.8,"heat_anomaly_f":3.9,"extreme_pct":22.0,"nighttime_stress_f":-3.5,"daytime_peak_f_climrel":0.2108,"heat_anomaly_f_climrel":0.2108,"nighttime_stress_f_climrel":-0.1981,"extreme_pct_climrel":0.55,"ref_daytime_hi_mean":82.9,"ref_daytime_hi_p95":97.6,"rwi_mean":null,"health_per_10k":4.863813229571985,"built_frac":0.753,"tree_frac":0.229,"canopy_frac_over_3m":0.186,"viirs_mean":48.4,"gdl_hdi":0.961,"gdl_region":"Massachusetts","ghsl_smod":30,"lst_anomaly_c":3.32,"lst_anomaly_c_climrel":0.415,"worldpop_pop_total":8371.0,"frac_under5":7.0,"frac_elderly_65plus":9.9,"frac_elderly_75plus":4.0,"old_age_dependency_ratio":0.141,"has_data":true},"geometry":{"type":"Polygon","coordinates":[[[-71.003476,42.405592],[-71.002611,42.406667],[-71.002521,42.406767],[-71.000208,42.409573],[-71.000172,42.409624],[-70.998675,42.410681],[-70.994353,42.412239],[-70.993608,42.412704],[-70.992948,42.412297],[-70.993536,42.40858],[-70.993783,42.407553],[-70.992408,42.407238],[-70.992313,42.405533],[-70.994112,42.404917],[-70.996053,42.401775],[-70.997091,42.401184],[-70.997352,42.401023],[-70.998685,42.401671],[-71.002593,42.404351],[-71.002727,42.404412],[-71.004279,42.404928],[-71.003476,42.405592]]]}},{"type":"Feature","properties":{"unit_id":"25025010500","name":"Census Tract 105 \u2014 Suffolk","native_id":"25025010500","source":"census_tract_2025","adm3_name":"Suffolk County","adm3_id":"25025","area_sqm":193266,"split":false,"population":4284.083389348319,"days_covered":18,"daytime_peak_f":87.3,"heat_anomaly_f":2.9,"extreme_pct":17.0,"nighttime_stress_f":-5.1,"daytime_peak_f_climrel":0.1686,"heat_anomaly_f_climrel":0.1686,"nighttime_stress_f_climrel":-0.3,"extreme_pct_climrel":0.425,"ref_daytime_hi_mean":84.4,"ref_daytime_hi_p95":98.1,"rwi_mean":null,"health_per_10k":0.0,"built_frac":0.926,"tree_frac":0.038,"canopy_frac_over_3m":0.034,"viirs_mean":121.7,"gdl_hdi":0.961,"gdl_region":"Massachusetts","ghsl_smod":30,"lst_anomaly_c":3.83,"lst_anomaly_c_climrel":0.4788,"worldpop_pop_total":3997.0,"frac_under5":2.0,"frac_elderly_65plus":13.7,"frac_elderly_75plus":8.4,"old_age_dependency_ratio":0.168,"has_data":true},"geometry":{"type":"Polygon","coordinates":[[[-71.087758,42.3473],[-71.085602,42.347884],[-71.084742,42.346195],[-71.081821,42.345413],[-71.08171,42.345339],[-71.080911,42.344787],[-71.080082,42.344219],[-71.08078,42.343744],[-71.082648,42.342066],[-71.083151,42.341622],[-71.084096,42.342192],[-71.0849,42.342733],[-71.084958,42.34277],[-71.085796,42.343332],[-71.087455,42.346635],[-71.087758,42.3473]]]}},{"type":"Feature","properties":{"unit_id":"25017317301","name":"Census Tract 3173.01 \u2014 Middlesex","native_id":"25017317301","source":"census_tract_2025","adm3_name":"Middlesex County","adm3_id":"25017","area_sqm":4024944,"split":false,"population":5088.0,"days_covered":18,"daytime_peak_f":86.7,"heat_anomaly_f":2.7,"extreme_pct":17.0,"nighttime_stress_f":-6.5,"daytime_peak_f_climrel":0.1616,"heat_anomaly_f_climrel":0.1616,"nighttime_stress_f_climrel":-0.3,"extreme_pct_climrel":0.425,"ref_daytime_hi_mean":84.1,"ref_daytime_hi_p95":96.1,"rwi_mean":null,"health_per_10k":3.9308176100628933,"built_frac":0.245,"tree_frac":0.624,"canopy_frac_over_3m":0.448,"viirs_mean":14.9,"gdl_hdi":0.961,"gdl_region":"Massachusetts","ghsl_smod":21,"lst_anomaly_c":-2.5,"lst_anomaly_c_climrel":0,"worldpop_pop_total":2864.0,"frac_under5":4.7,"frac_elderly_65plus":24.4,"frac_elderly_75plus":13.0,"old_age_dependency_ratio":0.407,"has_data":true},"geometry":{"type":"Polygon","coordinates":[[[-71.402016,42.617719],[-71.400462,42.620229],[-71.398067,42.621701],[-71.396561,42.622542],[-71.389853,42.627212],[-71.382147,42.632582],[-71.37895,42.635568],[-71.374901,42.638511],[-71.374252,42.639419],[-71.369495,42.637583],[-71.364738,42.637598],[-71.364345,42.636698],[-71.363847,42.635461],[-71.363103,42.633677],[-71.359943,42.625972],[-71.364515,42.623151],[-71.365223,42.622241],[-71.365734,42.621583],[-71.36698,42.621805],[-71.370554,42.61941],[-71.374145,42.618451],[-71.379044,42.619479],[-71.380424,42.620097],[-71.386947,42.620047],[-71.392002,42.620152],[-71.397263,42.619667],[-71.401437,42.617197],[-71.402016,42.617719]]]}},{"type":"Feature","properties":{"unit_id":"25017310102","name":"Census Tract 3101.02 \u2014 Middlesex","native_id":"25017310102","source":"census_tract_2025","adm3_name":"Middlesex County","adm3_id":"25017","area_sqm":419465,"split":false,"population":8455.0,"days_covered":18,"daytime_peak_f":86.9,"heat_anomaly_f":2.6,"extreme_pct":17.0,"nighttime_stress_f":-6.2,"daytime_peak_f_climrel":0.155,"heat_anomaly_f_climrel":0.155,"nighttime_stress_f_climrel":-0.3,"extreme_pct_climrel":0.425,"ref_daytime_hi_mean":84.3,"ref_daytime_hi_p95":96.8,"rwi_mean":null,"health_per_10k":5.913660555884093,"built_frac":0.733,"tree_frac":0.14,"canopy_frac_over_3m":0.14,"viirs_mean":82.7,"gdl_hdi":0.961,"gdl_region":"Massachusetts","ghsl_smod":30,"lst_anomaly_c":3.22,"lst_anomaly_c_climrel":0.4025,"worldpop_pop_total":2635.0,"frac_under5":6.0,"frac_elderly_65plus":15.0,"frac_elderly_75plus":5.0,"old_age_dependency_ratio":0.218,"has_data":true},"geometry":{"type":"Polygon","coordinates":[[[-71.315973,42.648604],[-71.315688,42.648987],[-71.312395,42.652375],[-71.308921,42.649865],[-71.308256,42.649539],[-71.307923,42.649302],[-71.306617,42.648814],[-71.305173,42.648113],[-71.306793,42.646257],[-71.308445,42.644336],[-71.312893,42.644675],[-71.31362,42.644877],[-71.314798,42.64352],[-71.315556,42.643887],[-71.314357,42.645238],[-71.31493,42.645519],[-71.314766,42.646959],[-71.316629,42.647891],[-71.315973,42.648604]]]}},{"type":"Feature","properties":{"unit_id":"25017340100","name":"Census Tract 3401 \u2014 Middlesex","native_id":"25017340100","source":"census_tract_2025","adm3_name":"Middlesex County","adm3_id":"25017","area_sqm":2010833,"split":false,"population":3246.0,"days_covered":18,"daytime_peak_f":86.4,"heat_anomaly_f":3.6,"extreme_pct":22.0,"nighttime_stress_f":-3.6,"daytime_peak_f_climrel":0.1994,"heat_anomaly_f_climrel":0.1994,"nighttime_stress_f_climrel":-0.2085,"extreme_pct_climrel":0.55,"ref_daytime_hi_mean":82.8,"ref_daytime_hi_p95":97.0,"rwi_mean":null,"health_per_10k":0.0,"built_frac":0.417,"tree_frac":0.572,"canopy_frac_over_3m":0.375,"viirs_mean":12.9,"gdl_hdi":0.961,"gdl_region":"Massachusetts","ghsl_smod":30,"lst_anomaly_c":-0.11,"lst_anomaly_c_climrel":0,"worldpop_pop_total":6095.0,"frac_under5":5.3,"frac_elderly_65plus":21.3,"frac_elderly_75plus":10.0,"old_age_dependency_ratio":0.329,"has_data":true},"geometry":{"type":"Polygon","coordinates":[[[-71.102557,42.428794],[-71.102505,42.430074],[-71.102175,42.430582],[-71.101171,42.433095],[-71.102524,42.437776],[-71.099326,42.438863],[-71.098917,42.438274],[-71.09633,42.441081],[-71.093627,42.442529],[-71.091454,42.440462],[-71.088566,42.441219],[-71.086339,42.440104],[-71.086849,42.436768],[-71.08725,42.434139],[-71.087853,42.430199],[-71.089062,42.429115],[-71.08943,42.426724],[-71.088644,42.424796],[-71.088065,42.423351],[-71.089745,42.424092],[-71.090278,42.424319],[-71.096035,42.425252],[-71.101927,42.426274],[-71.10271,42.427982],[-71.102557,42.428794]]]}},{"type":"Feature","properties":{"unit_id":"25017337201","name":"Census Tract 3372.01 \u2014 Middlesex","native_id":"25017337201","source":"census_tract_2025","adm3_name":"Middlesex County","adm3_id":"25017","area_sqm":1594122,"split":false,"population":3162.0,"days_covered":18,"daytime_peak_f":86.5,"heat_anomaly_f":4.0,"extreme_pct":17.0,"nighttime_stress_f":-3.3,"daytime_peak_f_climrel":0.2318,"heat_anomaly_f_climrel":0.2318,"nighttime_stress_f_climrel":-0.1839,"extreme_pct_climrel":0.425,"ref_daytime_hi_mean":82.5,"ref_daytime_hi_p95":96.1,"rwi_mean":null,"health_per_10k":12.65022137887413,"built_frac":0.219,"tree_frac":0.617,"canopy_frac_over_3m":0.347,"viirs_mean":16.0,"gdl_hdi":0.961,"gdl_region":"Massachusetts","ghsl_smod":30,"lst_anomaly_c":-0.35,"lst_anomaly_c_climrel":0,"worldpop_pop_total":3296.0,"frac_under5":5.4,"frac_elderly_65plus":22.9,"frac_elderly_75plus":10.8,"old_age_dependency_ratio":0.367,"has_data":true},"geometry":{"type":"Polygon","coordinates":[[[-71.101786,42.502134],[-71.100727,42.502242],[-71.090073,42.50118],[-71.086382,42.493976],[-71.085546,42.492343],[-71.087254,42.490771],[-71.088847,42.489759],[-71.096537,42.487272],[-71.09851,42.487012],[-71.099297,42.486314],[-71.100119,42.486166],[-71.100489,42.494193],[-71.100703,42.498074],[-71.100914,42.500478],[-71.101786,42.502134]]]}},{"type":"Feature","properties":{"unit_id":"25017370201","name":"Census Tract 3702.01 \u2014 Middlesex","native_id":"25017370201","source":"census_tract_2025","adm3_name":"Middlesex County","adm3_id":"25017","area_sqm":1298597,"split":false,"population":4607.0,"days_covered":18,"daytime_peak_f":87.1,"heat_anomaly_f":3.0,"extreme_pct":17.0,"nighttime_stress_f":-5.1,"daytime_peak_f_climrel":0.1716,"heat_anomaly_f_climrel":0.1716,"nighttime_stress_f_climrel":-0.3,"extreme_pct_climrel":0.425,"ref_daytime_hi_mean":84.1,"ref_daytime_hi_p95":97.6,"rwi_mean":null,"health_per_10k":0.0,"built_frac":0.327,"tree_frac":0.437,"canopy_frac_over_3m":0.273,"viirs_mean":16.2,"gdl_hdi":0.961,"gdl_region":"Massachusetts","ghsl_smod":30,"lst_anomaly_c":-0.38,"lst_anomaly_c_climrel":0,"worldpop_pop_total":3584.0,"frac_under5":4.7,"frac_elderly_65plus":21.9,"frac_elderly_75plus":8.9,"old_age_dependency_ratio":0.332,"has_data":true},"geometry":{"type":"Polygon","coordinates":[[[-71.179284,42.369741],[-71.17764,42.374748],[-71.175688,42.379138],[-71.175485,42.379384],[-71.173424,42.378916],[-71.171371,42.378291],[-71.171229,42.378279],[-71.169996,42.377814],[-71.166466,42.377177],[-71.164483,42.376886],[-71.163363,42.376802],[-71.160942,42.37665],[-71.159661,42.374203],[-71.161025,42.373369],[-71.158926,42.370611],[-71.160266,42.37033],[-71.165025,42.370613],[-71.16692,42.370002],[-71.171651,42.369949],[-71.174189,42.368957],[-71.175981,42.368461],[-71.17829,42.368174],[-71.179284,42.369741]]]}},{"type":"Feature","properties":{"unit_id":"25017383800","name":"Census Tract 3838 \u2014 Middlesex","native_id":"25017383800","source":"census_tract_2025","adm3_name":"Middlesex County","adm3_id":"25017","area_sqm":5267365,"split":false,"population":6109.0,"days_covered":18,"daytime_peak_f":86.4,"heat_anomaly_f":2.4,"extreme_pct":17.0,"nighttime_stress_f":-5.7,"daytime_peak_f_climrel":0.1507,"heat_anomaly_f_climrel":0.1507,"nighttime_stress_f_climrel":-0.3,"extreme_pct_climrel":0.425,"ref_daytime_hi_mean":84.0,"ref_daytime_hi_p95":96.2,"rwi_mean":null,"health_per_10k":0.0,"built_frac":0.133,"tree_frac":0.754,"canopy_frac_over_3m":0.472,"viirs_mean":5.6,"gdl_hdi":0.961,"gdl_region":"Massachusetts","ghsl_smod":21,"lst_anomaly_c":-3.4,"lst_anomaly_c_climrel":0,"worldpop_pop_total":6506.0,"frac_under5":5.7,"frac_elderly_65plus":19.8,"frac_elderly_75plus":7.7,"old_age_dependency_ratio":0.308,"has_data":true},"geometry":{"type":"Polygon","coordinates":[[[-71.425157,42.330723],[-71.421021,42.331905],[-71.41913,42.332733],[-71.418312,42.333701],[-71.417825,42.334688],[-71.417943,42.336164],[-71.415704,42.338146],[-71.410313,42.340097],[-71.415172,42.341414],[-71.416635,42.343132],[-71.415469,42.343684],[-71.402494,42.341852],[-71.396717,42.341045],[-71.396083,42.339917],[-71.394948,42.338653],[-71.393895,42.335538],[-71.388832,42.336269],[-71.381804,42.32852],[-71.384896,42.326978],[-71.386109,42.325961],[-71.3912,42.326188],[-71.395995,42.325043],[-71.399726,42.325091],[-71.399918,42.325209],[-71.400849,42.324965],[-71.405215,42.322996],[-71.407643,42.322455],[-71.411504,42.320139],[-71.41504,42.316207],[-71.415439,42.314538],[-71.415953,42.313044],[-71.41666,42.312345],[-71.416875,42.312641],[-71.418313,42.31285],[-71.420006,42.314325],[-71.420378,42.317225],[-71.422805,42.320654],[-71.416864,42.323673],[-71.414701,42.325821],[-71.417861,42.326713],[-71.423468,42.328755],[-71.426406,42.330659],[-71.425157,42.330723]]]}},{"type":"Feature","properties":{"unit_id":"25017383600","name":"Census Tract 3836 \u2014 Middlesex","native_id":"25017383600","source":"census_tract_2025","adm3_name":"Middlesex County","adm3_id":"25017","area_sqm":6172992,"split":false,"population":9705.0,"days_covered":18,"daytime_peak_f":86.4,"heat_anomaly_f":2.4,"extreme_pct":17.0,"nighttime_stress_f":-5.7,"daytime_peak_f_climrel":0.1507,"heat_anomaly_f_climrel":0.1507,"nighttime_stress_f_climrel":-0.3,"extreme_pct_climrel":0.425,"ref_daytime_hi_mean":84.0,"ref_daytime_hi_p95":96.2,"rwi_mean":null,"health_per_10k":6.182380216383308,"built_frac":0.309,"tree_frac":0.616,"canopy_frac_over_3m":0.396,"viirs_mean":31.6,"gdl_hdi":0.961,"gdl_region":"Massachusetts","ghsl_smod":23,"lst_anomaly_c":-0.83,"lst_anomaly_c_climrel":0,"worldpop_pop_total":6272.0,"frac_under5":5.3,"frac_elderly_65plus":21.8,"frac_elderly_75plus":12.2,"old_age_dependency_ratio":0.348,"has_data":true},"geometry":{"type":"Polygon","coordinates":[[[-71.44666,42.308285],[-71.445383,42.310568],[-71.444675,42.311414],[-71.443579,42.311115],[-71.438817,42.311774],[-71.432774,42.306129],[-71.432947,42.304922],[-71.431262,42.305981],[-71.431711,42.308501],[-71.430489,42.310347],[-71.424004,42.311863],[-71.416875,42.312641],[-71.41666,42.312345],[-71.417017,42.311236],[-71.413437,42.309703],[-71.411811,42.309152],[-71.411244,42.309107],[-71.407485,42.309684],[-71.406304,42.309792],[-71.404453,42.310495],[-71.402023,42.311938],[-71.401804,42.309709],[-71.401007,42.307822],[-71.392114,42.312452],[-71.389988,42.311536],[-71.384986,42.310526],[-71.38352,42.308545],[-71.383149,42.307674],[-71.387522,42.302069],[-71.393183,42.298773],[-71.403615,42.29848],[-71.407992,42.298218],[-71.408622,42.298186],[-71.4089,42.29817],[-71.419375,42.297729],[-71.422298,42.298074],[-71.426841,42.298775],[-71.434512,42.300124],[-71.435846,42.300284],[-71.437162,42.300256],[-71.44322,42.301971],[-71.446086,42.303903],[-71.44666,42.308285]]]}},{"type":"Feature","properties":{"unit_id":"25017368300","name":"Census Tract 3683 \u2014 Middlesex","native_id":"25017368300","source":"census_tract_2025","adm3_name":"Middlesex County","adm3_id":"25017","area_sqm":1721636,"split":false,"population":2892.0,"days_covered":18,"daytime_peak_f":87.0,"heat_anomaly_f":2.7,"extreme_pct":17.0,"nighttime_stress_f":-5.7,"daytime_peak_f_climrel":0.1573,"heat_anomaly_f_climrel":0.1573,"nighttime_stress_f_climrel":-0.3,"extreme_pct_climrel":0.425,"ref_daytime_hi_mean":84.4,"ref_daytime_hi_p95":97.5,"rwi_mean":null,"health_per_10k":31.12033195020747,"built_frac":0.536,"tree_frac":0.392,"canopy_frac_over_3m":0.269,"viirs_mean":29.2,"gdl_hdi":0.961,"gdl_region":"Massachusetts","ghsl_smod":30,"lst_anomaly_c":2.19,"lst_anomaly_c_climrel":0.2737,"worldpop_pop_total":5746.0,"frac_under5":4.8,"frac_elderly_65plus":12.8,"frac_elderly_75plus":5.1,"old_age_dependency_ratio":0.172,"has_data":true},"geometry":{"type":"Polygon","coordinates":[[[-71.275992,42.375888],[-71.275119,42.375918],[-71.26977,42.374632],[-71.260901,42.377696],[-71.255297,42.377315],[-71.253524,42.377289],[-71.251458,42.377614],[-71.250223,42.37808],[-71.246649,42.379922],[-71.245573,42.38023],[-71.242214,42.380563],[-71.242139,42.381494],[-71.240018,42.388326],[-71.239248,42.389782],[-71.239035,42.388898],[-71.238101,42.386761],[-71.237029,42.383478],[-71.236064,42.380054],[-71.236012,42.379788],[-71.239473,42.379407],[-71.238987,42.376179],[-71.241772,42.376252],[-71.241722,42.374749],[-71.243685,42.374007],[-71.246517,42.373103],[-71.249798,42.37278],[-71.250041,42.374377],[-71.250995,42.374367],[-71.252957,42.374365],[-71.254013,42.374228],[-71.255123,42.374131],[-71.261483,42.373769],[-71.266995,42.371775],[-71.268078,42.370679],[-71.269175,42.370052],[-71.27075,42.369514],[-71.273623,42.373736],[-71.276517,42.374965],[-71.275992,42.375888]]]}},{"type":"Feature","properties":{"unit_id":"25025080100","name":"Census Tract 801 \u2014 Suffolk","native_id":"25025080100","source":"census_tract_2025","adm3_name":"Suffolk County","adm3_id":"25025","area_sqm":1026664,"split":false,"population":3459.0,"days_covered":18,"daytime_peak_f":87.3,"heat_anomaly_f":2.9,"extreme_pct":17.0,"nighttime_stress_f":-5.1,"daytime_peak_f_climrel":0.1686,"heat_anomaly_f_climrel":0.1686,"nighttime_stress_f_climrel":-0.3,"extreme_pct_climrel":0.425,"ref_daytime_hi_mean":84.4,"ref_daytime_hi_p95":98.1,"rwi_mean":null,"health_per_10k":0.0,"built_frac":0.895,"tree_frac":0.064,"canopy_frac_over_3m":0.031,"viirs_mean":123.0,"gdl_hdi":0.961,"gdl_region":"Massachusetts","ghsl_smod":30,"lst_anomaly_c":5.67,"lst_anomaly_c_climrel":0.7087,"worldpop_pop_total":2296.0,"frac_under5":3.5,"frac_elderly_65plus":9.4,"frac_elderly_75plus":3.4,"old_age_dependency_ratio":0.119,"has_data":true},"geometry":{"type":"Polygon","coordinates":[[[-71.078654,42.324867],[-71.07818,42.325885],[-71.076624,42.327118],[-71.075248,42.325965],[-71.07499,42.329075],[-71.077472,42.330898],[-71.074357,42.332847],[-71.07337,42.33361],[-71.072152,42.332727],[-71.067131,42.335291],[-71.065414,42.335441],[-71.064613,42.334009],[-71.062798,42.331973],[-71.063553,42.330791],[-71.066655,42.325845],[-71.067507,42.323297],[-71.071479,42.326687],[-71.07266,42.326023],[-71.071638,42.324647],[-71.073922,42.323759],[-71.074641,42.323238],[-71.075811,42.324146],[-71.076664,42.322889],[-71.077516,42.323261],[-71.0796,42.324161],[-71.078654,42.324867]]]}},{"type":"Feature","properties":{"unit_id":"25017316202","name":"Census Tract 3162.02 \u2014 Middlesex","native_id":"25017316202","source":"census_tract_2025","adm3_name":"Middlesex County","adm3_id":"25017","area_sqm":5970585,"split":false,"population":3932.0,"days_covered":18,"daytime_peak_f":87.1,"heat_anomaly_f":3.0,"extreme_pct":17.0,"nighttime_stress_f":-5.1,"daytime_peak_f_climrel":0.1737,"heat_anomaly_f_climrel":0.1737,"nighttime_stress_f_climrel":-0.3,"extreme_pct_climrel":0.425,"ref_daytime_hi_mean":84.0,"ref_daytime_hi_p95":97.5,"rwi_mean":null,"health_per_10k":0.0,"built_frac":0.173,"tree_frac":0.752,"canopy_frac_over_3m":0.539,"viirs_mean":15.5,"gdl_hdi":0.961,"gdl_region":"Massachusetts","ghsl_smod":21,"lst_anomaly_c":-3.73,"lst_anomaly_c_climrel":0,"worldpop_pop_total":4398.0,"frac_under5":5.7,"frac_elderly_65plus":16.6,"frac_elderly_75plus":6.5,"old_age_dependency_ratio":0.251,"has_data":true},"geometry":{"type":"Polygon","coordinates":[[[-71.241441,42.520692],[-71.238421,42.522904],[-71.235533,42.526375],[-71.238154,42.528045],[-71.236862,42.532896],[-71.237462,42.535102],[-71.233478,42.534506],[-71.231729,42.533301],[-71.230162,42.534348],[-71.220681,42.543818],[-71.220024,42.544217],[-71.21787,42.54505],[-71.216516,42.547895],[-71.218538,42.551339],[-71.216248,42.554309],[-71.211352,42.556295],[-71.208872,42.554536],[-71.211391,42.553071],[-71.20983,42.551444],[-71.210523,42.548055],[-71.212372,42.547544],[-71.209808,42.546017],[-71.206407,42.545832],[-71.204994,42.544489],[-71.205032,42.544473],[-71.211634,42.534036],[-71.212286,42.533007],[-71.21572,42.52761],[-71.217956,42.524047],[-71.220017,42.524666],[-71.221918,42.525143],[-71.227912,42.513847],[-71.231897,42.506367],[-71.233544,42.508693],[-71.236924,42.511491],[-71.240056,42.519716],[-71.241441,42.520692]]]}},{"type":"Feature","properties":{"unit_id":"25025000201","name":"Census Tract 2.01 \u2014 Suffolk","native_id":"25025000201","source":"census_tract_2025","adm3_name":"Suffolk County","adm3_id":"25025","area_sqm":599227,"split":false,"population":2438.0,"days_covered":18,"daytime_peak_f":87.1,"heat_anomaly_f":3.0,"extreme_pct":17.0,"nighttime_stress_f":-5.1,"daytime_peak_f_climrel":0.1716,"heat_anomaly_f_climrel":0.1716,"nighttime_stress_f_climrel":-0.3,"extreme_pct_climrel":0.425,"ref_daytime_hi_mean":84.1,"ref_daytime_hi_p95":97.6,"rwi_mean":null,"health_per_10k":0.0,"built_frac":0.673,"tree_frac":0.319,"canopy_frac_over_3m":0.234,"viirs_mean":34.9,"gdl_hdi":0.961,"gdl_region":"Massachusetts","ghsl_smod":30,"lst_anomaly_c":1.37,"lst_anomaly_c_climrel":0.1713,"worldpop_pop_total":3798.0,"frac_under5":3.9,"frac_elderly_65plus":8.3,"frac_elderly_75plus":3.2,"old_age_dependency_ratio":0.1,"has_data":true},"geometry":{"type":"Polygon","coordinates":[[[-71.167643,42.353787],[-71.165196,42.353316],[-71.164216,42.355519],[-71.162785,42.354822],[-71.162557,42.355534],[-71.161769,42.35818],[-71.160899,42.358625],[-71.154693,42.358139],[-71.153762,42.357525],[-71.154266,42.356072],[-71.156135,42.355353],[-71.156709,42.354735],[-71.158059,42.354074],[-71.158594,42.353813],[-71.160565,42.352671],[-71.160304,42.352141],[-71.160437,42.348916],[-71.162138,42.348989],[-71.163093,42.349041],[-71.163333,42.349115],[-71.165392,42.350272],[-71.167605,42.350604],[-71.167584,42.351212],[-71.167806,42.352837],[-71.167643,42.353787]]]}},{"type":"Feature","properties":{"unit_id":"25017330102","name":"Census Tract 3301.02 \u2014 Middlesex","native_id":"25017330102","source":"census_tract_2025","adm3_name":"Middlesex County","adm3_id":"25017","area_sqm":9782616,"split":false,"population":4142.0,"days_covered":18,"daytime_peak_f":86.4,"heat_anomaly_f":2.8,"extreme_pct":17.0,"nighttime_stress_f":-4.9,"daytime_peak_f_climrel":0.1604,"heat_anomaly_f_climrel":0.1604,"nighttime_stress_f_climrel":-0.2853,"extreme_pct_climrel":0.425,"ref_daytime_hi_mean":83.7,"ref_daytime_hi_p95":96.3,"rwi_mean":null,"health_per_10k":2.4142926122646062,"built_frac":0.064,"tree_frac":0.875,"canopy_frac_over_3m":0.67,"viirs_mean":4.9,"gdl_hdi":0.961,"gdl_region":"Massachusetts","ghsl_smod":21,"lst_anomaly_c":-7.08,"lst_anomaly_c_climrel":0,"worldpop_pop_total":4853.0,"frac_under5":5.6,"frac_elderly_65plus":17.7,"frac_elderly_75plus":7.9,"old_age_dependency_ratio":0.281,"has_data":true},"geometry":{"type":"Polygon","coordinates":[[[-71.110996,42.601164],[-71.089365,42.603007],[-71.088849,42.599551],[-71.085501,42.59477],[-71.083699,42.590636],[-71.082349,42.589202],[-71.081756,42.586487],[-71.079007,42.580502],[-71.078289,42.577147],[-71.076027,42.577994],[-71.069489,42.57692],[-71.0649,42.577261],[-71.059432,42.57767],[-71.057338,42.575734],[-71.053194,42.573387],[-71.050778,42.572703],[-71.048505,42.572464],[-71.046079,42.573049],[-71.0446,42.573988],[-71.042032,42.574891],[-71.038981,42.575616],[-71.034483,42.574768],[-71.03098,42.572654],[-71.03546,42.570259],[-71.036665,42.571649],[-71.037663,42.571164],[-71.040098,42.571589],[-71.041532,42.57349],[-71.044281,42.573877],[-71.044681,42.572949],[-71.049753,42.571091],[-71.051873,42.572115],[-71.052724,42.571647],[-71.053006,42.572994],[-71.057199,42.573961],[-71.064937,42.562116],[-71.070978,42.555889],[-71.08989,42.558222],[-71.092818,42.559272],[-71.086976,42.565346],[-71.087089,42.566794],[-71.08953,42.568758],[-71.090155,42.573561],[-71.093097,42.577226],[-71.096835,42.583859],[-71.100519,42.587615],[-71.101954,42.590208],[-71.105098,42.593088],[-71.108259,42.595925],[-71.110996,42.601164]]]}},{"type":"Feature","properties":{"unit_id":"25017363201","name":"Census Tract 3632.01 \u2014 Middlesex","native_id":"25017363201","source":"census_tract_2025","adm3_name":"Middlesex County","adm3_id":"25017","area_sqm":6777177,"split":false,"population":1727.0,"days_covered":18,"daytime_peak_f":86.7,"heat_anomaly_f":2.7,"extreme_pct":17.0,"nighttime_stress_f":-6.7,"daytime_peak_f_climrel":0.1665,"heat_anomaly_f_climrel":0.1665,"nighttime_stress_f_climrel":-0.3,"extreme_pct_climrel":0.425,"ref_daytime_hi_mean":84.1,"ref_daytime_hi_p95":95.7,"rwi_mean":null,"health_per_10k":11.580775911986102,"built_frac":0.037,"tree_frac":0.88,"canopy_frac_over_3m":0.64,"viirs_mean":2.8,"gdl_hdi":0.961,"gdl_region":"Massachusetts","ghsl_smod":21,"lst_anomaly_c":-6.86,"lst_anomaly_c_climrel":0,"worldpop_pop_total":3283.0,"frac_under5":5.3,"frac_elderly_65plus":17.7,"frac_elderly_75plus":7.3,"old_age_dependency_ratio":0.278,"has_data":true},"geometry":{"type":"Polygon","coordinates":[[[-71.492005,42.473297],[-71.481996,42.487854],[-71.475527,42.480329],[-71.473565,42.476946],[-71.473148,42.476101],[-71.468575,42.465616],[-71.467191,42.463637],[-71.463807,42.461473],[-71.462041,42.460945],[-71.45447,42.460033],[-71.454057,42.459083],[-71.454609,42.453528],[-71.453841,42.446161],[-71.464349,42.4503],[-71.48807,42.459658],[-71.498546,42.463775],[-71.492005,42.473297]]]}},{"type":"Feature","properties":{"unit_id":"25025081200","name":"Census Tract 812 \u2014 Suffolk","native_id":"25025081200","source":"census_tract_2025","adm3_name":"Suffolk County","adm3_id":"25025","area_sqm":269261,"split":false,"population":2045.6212019091074,"days_covered":18,"daytime_peak_f":87.3,"heat_anomaly_f":2.9,"extreme_pct":17.0,"nighttime_stress_f":-5.1,"daytime_peak_f_climrel":0.1686,"heat_anomaly_f_climrel":0.1686,"nighttime_stress_f_climrel":-0.3,"extreme_pct_climrel":0.425,"ref_daytime_hi_mean":84.4,"ref_daytime_hi_p95":98.1,"rwi_mean":null,"health_per_10k":9.77698118367892,"built_frac":0.775,"tree_frac":0.215,"canopy_frac_over_3m":0.199,"viirs_mean":58.2,"gdl_hdi":0.961,"gdl_region":"Massachusetts","ghsl_smod":30,"lst_anomaly_c":4.1,"lst_anomaly_c_climrel":0.5125,"worldpop_pop_total":3585.0,"frac_under5":5.6,"frac_elderly_65plus":13.3,"frac_elderly_75plus":6.0,"old_age_dependency_ratio":0.197,"has_data":true},"geometry":{"type":"Polygon","coordinates":[[[-71.109554,42.323371],[-71.107337,42.325522],[-71.105231,42.326114],[-71.104618,42.326092],[-71.101346,42.326419],[-71.100113,42.326418],[-71.099278,42.326361],[-71.098917,42.325025],[-71.099319,42.323994],[-71.100023,42.322772],[-71.101744,42.322892],[-71.102465,42.322919],[-71.104016,42.322819],[-71.104867,42.322721],[-71.108452,42.322389],[-71.109554,42.323371]]]}},{"type":"Feature","properties":{"unit_id":"25025000402","name":"Census Tract 4.02 \u2014 Suffolk","native_id":"25025000402","source":"census_tract_2025","adm3_name":"Suffolk County","adm3_id":"25025","area_sqm":806769,"split":false,"population":4944.0,"days_covered":18,"daytime_peak_f":87.1,"heat_anomaly_f":2.7,"extreme_pct":17.0,"nighttime_stress_f":-5.4,"daytime_peak_f_climrel":0.1532,"heat_anomaly_f_climrel":0.1532,"nighttime_stress_f_climrel":-0.3,"extreme_pct_climrel":0.425,"ref_daytime_hi_mean":84.4,"ref_daytime_hi_p95":98.1,"rwi_mean":null,"health_per_10k":4.045307443365696,"built_frac":0.494,"tree_frac":0.424,"canopy_frac_over_3m":0.305,"viirs_mean":32.9,"gdl_hdi":0.961,"gdl_region":"Massachusetts","ghsl_smod":30,"lst_anomaly_c":-0.71,"lst_anomaly_c_climrel":0,"worldpop_pop_total":3307.0,"frac_under5":5.2,"frac_elderly_65plus":10.0,"frac_elderly_75plus":4.8,"old_age_dependency_ratio":0.126,"has_data":true},"geometry":{"type":"Polygon","coordinates":[[[-71.165999,42.341593],[-71.162118,42.346373],[-71.161311,42.347576],[-71.160437,42.348916],[-71.159612,42.348891],[-71.155746,42.349114],[-71.153449,42.349146],[-71.153992,42.347932],[-71.153786,42.347256],[-71.153067,42.346154],[-71.153072,42.345106],[-71.153274,42.34465],[-71.153462,42.343183],[-71.154734,42.341206],[-71.155288,42.340337],[-71.157528,42.339782],[-71.157878,42.33973],[-71.159758,42.340058],[-71.164579,42.340218],[-71.166126,42.340088],[-71.165999,42.341593]]]}},{"type":"Feature","properties":{"unit_id":"25017314102","name":"Census Tract 3141.02 \u2014 Middlesex","native_id":"25017314102","source":"census_tract_2025","adm3_name":"Middlesex County","adm3_id":"25017","area_sqm":6351831,"split":false,"population":5721.0,"days_covered":18,"daytime_peak_f":86.6,"heat_anomaly_f":2.7,"extreme_pct":17.0,"nighttime_stress_f":-5.7,"daytime_peak_f_climrel":0.1535,"heat_anomaly_f_climrel":0.1535,"nighttime_stress_f_climrel":-0.3,"extreme_pct_climrel":0.425,"ref_daytime_hi_mean":83.9,"ref_daytime_hi_p95":96.4,"rwi_mean":null,"health_per_10k":0.0,"built_frac":0.186,"tree_frac":0.671,"canopy_frac_over_3m":0.498,"viirs_mean":8.2,"gdl_hdi":0.961,"gdl_region":"Massachusetts","ghsl_smod":21,"lst_anomaly_c":-3.24,"lst_anomaly_c_climrel":0,"worldpop_pop_total":7030.0,"frac_under5":4.9,"frac_elderly_65plus":20.7,"frac_elderly_75plus":9.6,"old_age_dependency_ratio":0.324,"has_data":true},"geometry":{"type":"Polygon","coordinates":[[[-71.354994,42.684414],[-71.354246,42.688007],[-71.350376,42.693429],[-71.350298,42.695177],[-71.3516242384972,42.6981428882182],[-71.3303306369927,42.6971955450462],[-71.329931,42.694682],[-71.331065,42.690882],[-71.331127,42.689074],[-71.333145,42.6876],[-71.334694,42.68541],[-71.334229,42.683838],[-71.33213,42.68125],[-71.333365,42.677032],[-71.334339,42.676059],[-71.334845,42.67499],[-71.332168,42.672829],[-71.332543,42.670421],[-71.331702,42.666791],[-71.331378,42.664623],[-71.331001,42.663905],[-71.332406,42.662196],[-71.329361,42.660319],[-71.341801,42.657729],[-71.343117,42.659778],[-71.344583,42.661088],[-71.348799,42.666806],[-71.349599,42.667859],[-71.350899,42.67102],[-71.352941,42.679527],[-71.354431,42.682711],[-71.354994,42.684414]]]}},{"type":"Feature","properties":{"unit_id":"25017354300","name":"Census Tract 3543 \u2014 Middlesex","native_id":"25017354300","source":"census_tract_2025","adm3_name":"Middlesex County","adm3_id":"25017","area_sqm":1239146,"split":false,"population":6090.0,"days_covered":18,"daytime_peak_f":87.1,"heat_anomaly_f":3.0,"extreme_pct":17.0,"nighttime_stress_f":-5.1,"daytime_peak_f_climrel":0.1716,"heat_anomaly_f_climrel":0.1716,"nighttime_stress_f_climrel":-0.3,"extreme_pct_climrel":0.425,"ref_daytime_hi_mean":84.1,"ref_daytime_hi_p95":97.6,"rwi_mean":null,"health_per_10k":0.0,"built_frac":0.174,"tree_frac":0.37,"canopy_frac_over_3m":0.308,"viirs_mean":20.6,"gdl_hdi":0.961,"gdl_region":"Massachusetts","ghsl_smod":30,"lst_anomaly_c":-4.7,"lst_anomaly_c_climrel":0,"worldpop_pop_total":3457.0,"frac_under5":4.4,"frac_elderly_65plus":22.6,"frac_elderly_75plus":11.9,"old_age_dependency_ratio":0.363,"has_data":true},"geometry":{"type":"Polygon","coordinates":[[[-71.160398,42.386542],[-71.158229,42.386909],[-71.157317,42.390953],[-71.157255,42.390948],[-71.148087,42.389628],[-71.144134,42.38868],[-71.143724,42.388284],[-71.14164,42.387051],[-71.141095,42.386266],[-71.141274,42.384526],[-71.140007,42.380935],[-71.144042,42.380141],[-71.147067,42.37839],[-71.145695,42.375217],[-71.145937,42.375195],[-71.149864,42.374451],[-71.150301,42.374483],[-71.154373,42.375095],[-71.154706,42.376088],[-71.156231,42.380636],[-71.155623,42.381481],[-71.157792,42.382211],[-71.157971,42.382805],[-71.160332,42.386444],[-71.160398,42.386542]]]}},{"type":"Feature","properties":{"unit_id":"25017350105","name":"Census Tract 3501.05 \u2014 Middlesex","native_id":"25017350105","source":"census_tract_2025","adm3_name":"Middlesex County","adm3_id":"25017","area_sqm":219211,"split":false,"population":2608.0,"days_covered":18,"daytime_peak_f":86.4,"heat_anomaly_f":3.6,"extreme_pct":22.0,"nighttime_stress_f":-3.6,"daytime_peak_f_climrel":0.1994,"heat_anomaly_f_climrel":0.1994,"nighttime_stress_f_climrel":-0.2085,"extreme_pct_climrel":0.55,"ref_daytime_hi_mean":82.8,"ref_daytime_hi_p95":97.0,"rwi_mean":null,"health_per_10k":0.0,"built_frac":0.582,"tree_frac":0.088,"canopy_frac_over_3m":0.077,"viirs_mean":39.5,"gdl_hdi":0.961,"gdl_region":"Massachusetts","ghsl_smod":30,"lst_anomaly_c":0.41,"lst_anomaly_c_climrel":0.0512,"worldpop_pop_total":1052.0,"frac_under5":4.8,"frac_elderly_65plus":15.9,"frac_elderly_75plus":7.5,"old_age_dependency_ratio":0.225,"has_data":true},"geometry":{"type":"Polygon","coordinates":[[[-71.093007,42.39923],[-71.085687,42.400651],[-71.083423,42.400013],[-71.085449,42.394402],[-71.085607,42.393587],[-71.090881,42.397567],[-71.093007,42.39923]]]}},{"type":"Feature","properties":{"unit_id":"25017317102","name":"Census Tract 3171.02 \u2014 Middlesex","native_id":"25017317102","source":"census_tract_2025","adm3_name":"Middlesex County","adm3_id":"25017","area_sqm":10871283,"split":false,"population":8855.0,"days_covered":18,"daytime_peak_f":86.9,"heat_anomaly_f":2.6,"extreme_pct":17.0,"nighttime_stress_f":-6.2,"daytime_peak_f_climrel":0.155,"heat_anomaly_f_climrel":0.155,"nighttime_stress_f_climrel":-0.3,"extreme_pct_climrel":0.425,"ref_daytime_hi_mean":84.3,"ref_daytime_hi_p95":96.8,"rwi_mean":null,"health_per_10k":1.129305477131564,"built_frac":0.228,"tree_frac":0.627,"canopy_frac_over_3m":0.444,"viirs_mean":18.1,"gdl_hdi":0.961,"gdl_region":"Massachusetts","ghsl_smod":12,"lst_anomaly_c":-2.69,"lst_anomaly_c_climrel":0,"worldpop_pop_total":5083.0,"frac_under5":5.9,"frac_elderly_65plus":17.4,"frac_elderly_75plus":8.0,"old_age_dependency_ratio":0.27,"has_data":true},"geometry":{"type":"Polygon","coordinates":[[[-71.35022,42.590183],[-71.341714,42.590924],[-71.340291,42.591335],[-71.331488,42.591759],[-71.3408,42.599483],[-71.341543,42.601958],[-71.341334,42.603172],[-71.341988,42.60484],[-71.338873,42.606564],[-71.327816,42.61226],[-71.325654,42.613163],[-71.325277,42.611377],[-71.323807,42.607568],[-71.319897,42.6069],[-71.318882,42.608544],[-71.319309,42.613572],[-71.316851,42.61369],[-71.307366,42.614146],[-71.30323,42.614345],[-71.296375,42.614676],[-71.296872,42.613577],[-71.297028,42.613011],[-71.295092,42.606344],[-71.294566,42.605185],[-71.298264,42.600884],[-71.310764,42.586258],[-71.319629,42.575868],[-71.319924,42.577114],[-71.314831,42.582384],[-71.318454,42.583936],[-71.319741,42.581996],[-71.324189,42.579361],[-71.334482,42.578402],[-71.341864,42.580331],[-71.344986,42.582864],[-71.346244,42.585756],[-71.349779,42.588903],[-71.35022,42.590183]]]}},{"type":"Feature","properties":{"unit_id":"25017326102","name":"Census Tract 3261.02 \u2014 Middlesex","native_id":"25017326102","source":"census_tract_2025","adm3_name":"Middlesex County","adm3_id":"25017","area_sqm":48867812,"split":false,"population":5752.0,"days_covered":18,"daytime_peak_f":87.2,"heat_anomaly_f":2.9,"extreme_pct":17.0,"nighttime_stress_f":-7.2,"daytime_peak_f_climrel":0.1733,"heat_anomaly_f_climrel":0.1733,"nighttime_stress_f_climrel":-0.3,"extreme_pct_climrel":0.425,"ref_daytime_hi_mean":84.4,"ref_daytime_hi_p95":96.5,"rwi_mean":null,"health_per_10k":8.692628650904034,"built_frac":0.015,"tree_frac":0.813,"canopy_frac_over_3m":0.697,"viirs_mean":1.5,"gdl_hdi":0.961,"gdl_region":"Massachusetts","ghsl_smod":12,"lst_anomaly_c":-7.97,"lst_anomaly_c_climrel":0,"worldpop_pop_total":6284.0,"frac_under5":4.5,"frac_elderly_65plus":17.1,"frac_elderly_75plus":6.1,"old_age_dependency_ratio":0.264,"has_data":true},"geometry":{"type":"Polygon","coordinates":[[[-71.593704,42.628035],[-71.592952,42.629272],[-71.587919,42.630833],[-71.589216,42.632915],[-71.592752,42.63295],[-71.593087,42.63383],[-71.591262,42.635728],[-71.592426,42.636567],[-71.59175,42.637398],[-71.588839,42.637151],[-71.587327,42.639415],[-71.586151,42.644169],[-71.58715,42.644963],[-71.586477,42.646419],[-71.583823,42.646029],[-71.582961,42.644138],[-71.57985,42.647911],[-71.579929,42.649289],[-71.5791,42.651385],[-71.57941,42.653442],[-71.578887,42.654414],[-71.555108,42.659565],[-71.555511,42.658755],[-71.552421,42.660124],[-71.537136,42.663495],[-71.534296,42.648362],[-71.514969,42.643623],[-71.496484,42.649802],[-71.497478,42.641667],[-71.498593,42.638792],[-71.493528,42.617404],[-71.494798,42.604369],[-71.497573,42.580324],[-71.498006,42.576862],[-71.503037,42.575468],[-71.506411,42.572172],[-71.511412,42.569416],[-71.516533,42.573493],[-71.520721,42.579035],[-71.52421,42.581336],[-71.528295,42.583125],[-71.533052,42.58633],[-71.535768,42.588719],[-71.538278,42.590395],[-71.540141,42.593709],[-71.541459,42.594279],[-71.547814,42.593913],[-71.549465,42.595191],[-71.553877,42.596888],[-71.558561,42.596239],[-71.561502,42.59745],[-71.562931,42.59765],[-71.566272,42.599955],[-71.567475,42.601843],[-71.567951,42.605135],[-71.568478,42.605886],[-71.56928,42.606712],[-71.575542,42.611665],[-71.576244,42.612379],[-71.578741,42.614184],[-71.581417,42.615689],[-71.584165,42.618681],[-71.58424,42.618759],[-71.590919,42.625235],[-71.593127,42.62651],[-71.593704,42.628035]]]}},{"type":"Feature","properties":{"unit_id":"25017311900","name":"Census Tract 3119 \u2014 Middlesex","native_id":"25017311900","source":"census_tract_2025","adm3_name":"Middlesex County","adm3_id":"25017","area_sqm":452551,"split":false,"population":2765.0,"days_covered":18,"daytime_peak_f":86.9,"heat_anomaly_f":2.6,"extreme_pct":17.0,"nighttime_stress_f":-6.2,"daytime_peak_f_climrel":0.155,"heat_anomaly_f_climrel":0.155,"nighttime_stress_f_climrel":-0.3,"extreme_pct_climrel":0.425,"ref_daytime_hi_mean":84.3,"ref_daytime_hi_p95":96.8,"rwi_mean":null,"health_per_10k":0.0,"built_frac":0.688,"tree_frac":0.177,"canopy_frac_over_3m":0.148,"viirs_mean":75.0,"gdl_hdi":0.961,"gdl_region":"Massachusetts","ghsl_smod":30,"lst_anomaly_c":4.37,"lst_anomaly_c_climrel":0.5463,"worldpop_pop_total":2902.0,"frac_under5":5.5,"frac_elderly_65plus":16.7,"frac_elderly_75plus":6.5,"old_age_dependency_ratio":0.254,"has_data":true},"geometry":{"type":"Polygon","coordinates":[[[-71.315768,42.638302],[-71.308752,42.641054],[-71.308855,42.639248],[-71.304356,42.64029],[-71.304511,42.641627],[-71.302928,42.641745],[-71.303114,42.639783],[-71.302852,42.638205],[-71.305369,42.637316],[-71.305943,42.635805],[-71.306729,42.637456],[-71.308913,42.636994],[-71.308996,42.635095],[-71.313714,42.634487],[-71.31424,42.635244],[-71.315768,42.638302]]]}},{"type":"Feature","properties":{"unit_id":"25017320107","name":"Census Tract 3201.07 \u2014 Middlesex","native_id":"25017320107","source":"census_tract_2025","adm3_name":"Middlesex County","adm3_id":"25017","area_sqm":12077493,"split":false,"population":3635.0,"days_covered":18,"daytime_peak_f":86.4,"heat_anomaly_f":2.3,"extreme_pct":17.0,"nighttime_stress_f":-6.0,"daytime_peak_f_climrel":0.1402,"heat_anomaly_f_climrel":0.1402,"nighttime_stress_f_climrel":-0.3,"extreme_pct_climrel":0.425,"ref_daytime_hi_mean":84.0,"ref_daytime_hi_p95":96.3,"rwi_mean":null,"health_per_10k":0.0,"built_frac":0.048,"tree_frac":0.846,"canopy_frac_over_3m":0.643,"viirs_mean":4.8,"gdl_hdi":0.961,"gdl_region":"Massachusetts","ghsl_smod":12,"lst_anomaly_c":-6.59,"lst_anomaly_c_climrel":0,"worldpop_pop_total":5256.0,"frac_under5":7.8,"frac_elderly_65plus":11.9,"frac_elderly_75plus":5.6,"old_age_dependency_ratio":0.189,"has_data":true},"geometry":{"type":"Polygon","coordinates":[[[-71.520311,42.248187],[-71.518287,42.248724],[-71.518806,42.252221],[-71.516732,42.253478],[-71.513221,42.253068],[-71.486001,42.24696],[-71.486111,42.241332],[-71.486273,42.232209],[-71.475359,42.229485],[-71.46711,42.230773],[-71.463921,42.226718],[-71.460271,42.216251],[-71.479593,42.205559],[-71.480798,42.206039],[-71.482966,42.207523],[-71.495716,42.21],[-71.496651,42.215411],[-71.494686,42.218488],[-71.497058,42.219666],[-71.496883,42.221452],[-71.498121,42.222659],[-71.502172,42.224795],[-71.504146,42.226751],[-71.501714,42.228758],[-71.502637,42.229405],[-71.503234,42.232129],[-71.508241,42.233209],[-71.508855,42.234868],[-71.513264,42.233057],[-71.515662,42.234718],[-71.515713,42.236696],[-71.517205,42.239598],[-71.517058,42.241413],[-71.516035,42.243013],[-71.516728,42.245174],[-71.517808,42.245678],[-71.521309,42.245094],[-71.520311,42.248187]]]}},{"type":"Feature","properties":{"unit_id":"25017353200","name":"Census Tract 3532 \u2014 Middlesex","native_id":"25017353200","source":"census_tract_2025","adm3_name":"Middlesex County","adm3_id":"25017","area_sqm":514213,"split":false,"population":8284.0,"days_covered":18,"daytime_peak_f":86.4,"heat_anomaly_f":3.6,"extreme_pct":22.0,"nighttime_stress_f":-3.6,"daytime_peak_f_climrel":0.1994,"heat_anomaly_f_climrel":0.1994,"nighttime_stress_f_climrel":-0.2085,"extreme_pct_climrel":0.55,"ref_daytime_hi_mean":82.8,"ref_daytime_hi_p95":97.0,"rwi_mean":null,"health_per_10k":1.2071463061323031,"built_frac":0.761,"tree_frac":0.227,"canopy_frac_over_3m":0.203,"viirs_mean":58.2,"gdl_hdi":0.961,"gdl_region":"Massachusetts","ghsl_smod":30,"lst_anomaly_c":4.32,"lst_anomaly_c_climrel":0.54,"worldpop_pop_total":5089.0,"frac_under5":4.1,"frac_elderly_65plus":10.1,"frac_elderly_75plus":3.7,"old_age_dependency_ratio":0.126,"has_data":true},"geometry":{"type":"Polygon","coordinates":[[[-71.112039,42.355995],[-71.109585,42.358263],[-71.107667,42.360057],[-71.106541,42.361085],[-71.104306,42.363136],[-71.102953,42.362309],[-71.102432,42.362863],[-71.100783,42.361871],[-71.102478,42.36035],[-71.101002,42.359492],[-71.100125,42.358985],[-71.09934,42.35856],[-71.108279,42.354059],[-71.110358,42.352586],[-71.110589,42.352616],[-71.110303,42.35512],[-71.112039,42.355995]]]}},{"type":"Feature","properties":{"unit_id":"25017358400","name":"Census Tract 3584 \u2014 Middlesex","native_id":"25017358400","source":"census_tract_2025","adm3_name":"Middlesex County","adm3_id":"25017","area_sqm":7029609,"split":false,"population":8851.0,"days_covered":18,"daytime_peak_f":87.1,"heat_anomaly_f":3.0,"extreme_pct":17.0,"nighttime_stress_f":-5.1,"daytime_peak_f_climrel":0.1716,"heat_anomaly_f_climrel":0.1716,"nighttime_stress_f_climrel":-0.3,"extreme_pct_climrel":0.425,"ref_daytime_hi_mean":84.1,"ref_daytime_hi_p95":97.6,"rwi_mean":null,"health_per_10k":4.5192633600723084,"built_frac":0.144,"tree_frac":0.753,"canopy_frac_over_3m":0.548,"viirs_mean":9.8,"gdl_hdi":0.961,"gdl_region":"Massachusetts","ghsl_smod":21,"lst_anomaly_c":-4.74,"lst_anomaly_c_climrel":0,"worldpop_pop_total":5399.0,"frac_under5":2.8,"frac_elderly_65plus":24.3,"frac_elderly_75plus":12.7,"old_age_dependency_ratio":0.421,"has_data":true},"geometry":{"type":"Polygon","coordinates":[[[-71.27052,42.448333],[-71.264926,42.447323],[-71.260059,42.449176],[-71.258295,42.448972],[-71.255542,42.447272],[-71.254186,42.447092],[-71.24731,42.447176],[-71.237141,42.449111],[-71.235638,42.449407],[-71.232754,42.449532],[-71.230495,42.45019],[-71.229977,42.450589],[-71.227587,42.448479],[-71.225078,42.447663],[-71.222007,42.446803],[-71.220621,42.446322],[-71.220004,42.446374],[-71.218657,42.445969],[-71.216383,42.444568],[-71.209084,42.435568],[-71.210205,42.434829],[-71.214575,42.435949],[-71.218144,42.434506],[-71.222252,42.434219],[-71.229069,42.4339],[-71.231206,42.43468],[-71.233914,42.435742],[-71.234641,42.435876],[-71.237203,42.435506],[-71.237429,42.43544],[-71.241585,42.434287],[-71.246119,42.435425],[-71.255213,42.436573],[-71.257804,42.435625],[-71.259568,42.435624],[-71.259619,42.433937],[-71.25853,42.428209],[-71.256987,42.42108],[-71.26723,42.424438],[-71.26615,42.429916],[-71.266669,42.431997],[-71.269018,42.440494],[-71.27052,42.448333]]]}},{"type":"Feature","properties":{"unit_id":"25017334300","name":"Census Tract 3343 \u2014 Middlesex","native_id":"25017334300","source":"census_tract_2025","adm3_name":"Middlesex County","adm3_id":"25017","area_sqm":9828868,"split":false,"population":6626.0,"days_covered":18,"daytime_peak_f":86.5,"heat_anomaly_f":4.0,"extreme_pct":17.0,"nighttime_stress_f":-3.3,"daytime_peak_f_climrel":0.2318,"heat_anomaly_f_climrel":0.2318,"nighttime_stress_f_climrel":-0.1839,"extreme_pct_climrel":0.425,"ref_daytime_hi_mean":82.5,"ref_daytime_hi_p95":96.1,"rwi_mean":null,"health_per_10k":0.0,"built_frac":0.07,"tree_frac":0.852,"canopy_frac_over_3m":0.609,"viirs_mean":7.0,"gdl_hdi":0.961,"gdl_region":"Massachusetts","ghsl_smod":21,"lst_anomaly_c":-5.98,"lst_anomaly_c_climrel":0,"worldpop_pop_total":7290.0,"frac_under5":5.3,"frac_elderly_65plus":20.2,"frac_elderly_75plus":9.2,"old_age_dependency_ratio":0.334,"has_data":true},"geometry":{"type":"Polygon","coordinates":[[[-71.136478,42.552367],[-71.13128,42.552685],[-71.129483,42.554519],[-71.12728,42.554262],[-71.123017,42.558565],[-71.12069,42.560562],[-71.11603,42.561961],[-71.113135,42.560869],[-71.110284,42.561412],[-71.107784,42.564573],[-71.104882,42.566442],[-71.103843,42.565168],[-71.092818,42.559272],[-71.095877,42.554853],[-71.096051,42.551025],[-71.094897,42.549431],[-71.090727,42.546217],[-71.089524,42.543667],[-71.092763,42.538979],[-71.095601,42.539556],[-71.100479,42.539496],[-71.101513,42.540363],[-71.104072,42.540831],[-71.105121,42.536853],[-71.105132,42.536155],[-71.102405,42.527915],[-71.102039,42.52623],[-71.10218,42.525749],[-71.102791,42.524082],[-71.103018,42.525438],[-71.1035,42.525784],[-71.106197,42.527093],[-71.108534,42.528131],[-71.111306,42.528945],[-71.11418,42.529796],[-71.119142,42.531943],[-71.129585,42.535993],[-71.130594,42.53621],[-71.132482,42.536525],[-71.134922,42.546204],[-71.136478,42.552367]]]}},{"type":"Feature","properties":{"unit_id":"25017312501","name":"Census Tract 3125.01 \u2014 Middlesex","native_id":"25017312501","source":"census_tract_2025","adm3_name":"Middlesex County","adm3_id":"25017","area_sqm":1917754,"split":false,"population":1874.0,"days_covered":18,"daytime_peak_f":86.9,"heat_anomaly_f":2.6,"extreme_pct":17.0,"nighttime_stress_f":-6.2,"daytime_peak_f_climrel":0.155,"heat_anomaly_f_climrel":0.155,"nighttime_stress_f_climrel":-0.3,"extreme_pct_climrel":0.425,"ref_daytime_hi_mean":84.3,"ref_daytime_hi_p95":96.8,"rwi_mean":null,"health_per_10k":0.0,"built_frac":0.26,"tree_frac":0.572,"canopy_frac_over_3m":0.333,"viirs_mean":15.5,"gdl_hdi":0.961,"gdl_region":"Massachusetts","ghsl_smod":30,"lst_anomaly_c":-2.2,"lst_anomaly_c_climrel":0,"worldpop_pop_total":3935.0,"frac_under5":4.9,"frac_elderly_65plus":20.5,"frac_elderly_75plus":8.7,"old_age_dependency_ratio":0.314,"has_data":true},"geometry":{"type":"Polygon","coordinates":[[[-71.300333,42.641925],[-71.297602,42.642161],[-71.298378,42.64321],[-71.299202,42.644468],[-71.299434,42.645731],[-71.299286,42.646773],[-71.294312,42.644732],[-71.292447,42.644567],[-71.286788,42.647434],[-71.286011,42.649559],[-71.280042,42.654342],[-71.275154,42.656216],[-71.271707,42.648018],[-71.271555,42.646191],[-71.271188,42.644242],[-71.272766,42.637341],[-71.274195,42.640247],[-71.274445,42.640492],[-71.275833,42.641235],[-71.278044,42.639967],[-71.280886,42.643],[-71.28152,42.644693],[-71.282522,42.644481],[-71.288712,42.643192],[-71.287574,42.64049],[-71.296217,42.640293],[-71.298825,42.639],[-71.300333,42.641925]]]}},{"type":"Feature","properties":{"unit_id":"25017312300","name":"Census Tract 3123 \u2014 Middlesex","native_id":"25017312300","source":"census_tract_2025","adm3_name":"Middlesex County","adm3_id":"25017","area_sqm":3220464,"split":false,"population":3925.0,"days_covered":18,"daytime_peak_f":86.9,"heat_anomaly_f":2.6,"extreme_pct":17.0,"nighttime_stress_f":-6.2,"daytime_peak_f_climrel":0.155,"heat_anomaly_f_climrel":0.155,"nighttime_stress_f_climrel":-0.3,"extreme_pct_climrel":0.425,"ref_daytime_hi_mean":84.3,"ref_daytime_hi_p95":96.8,"rwi_mean":null,"health_per_10k":0.0,"built_frac":0.305,"tree_frac":0.604,"canopy_frac_over_3m":0.438,"viirs_mean":17.1,"gdl_hdi":0.961,"gdl_region":"Massachusetts","ghsl_smod":30,"lst_anomaly_c":-2.7,"lst_anomaly_c_climrel":0,"worldpop_pop_total":5249.0,"frac_under5":6.0,"frac_elderly_65plus":16.1,"frac_elderly_75plus":6.8,"old_age_dependency_ratio":0.245,"has_data":true},"geometry":{"type":"Polygon","coordinates":[[[-71.301211,42.636053],[-71.297582,42.636419],[-71.293684,42.636066],[-71.288322,42.632472],[-71.282897,42.631253],[-71.276194,42.629488],[-71.274709,42.628859],[-71.275852,42.625869],[-71.276083,42.625268],[-71.27642,42.624397],[-71.277791,42.620847],[-71.283427,42.615299],[-71.296319,42.612667],[-71.297028,42.613011],[-71.296872,42.613577],[-71.296375,42.614676],[-71.295866,42.61636],[-71.295359,42.619585],[-71.296305,42.625969],[-71.296064,42.625937],[-71.297482,42.626956],[-71.298487,42.631911],[-71.300507,42.634005],[-71.301211,42.636053]]]}},{"type":"Feature","properties":{"unit_id":"25025981501","name":"Census Tract 9815.01 \u2014 Suffolk","native_id":"25025981501","source":"census_tract_2025","adm3_name":"Suffolk County","adm3_id":"25025","area_sqm":897747,"split":false,"population":3908.0,"days_covered":18,"daytime_peak_f":86.4,"heat_anomaly_f":3.6,"extreme_pct":22.0,"nighttime_stress_f":-3.6,"daytime_peak_f_climrel":0.1994,"heat_anomaly_f_climrel":0.1994,"nighttime_stress_f_climrel":-0.2085,"extreme_pct_climrel":0.55,"ref_daytime_hi_mean":82.8,"ref_daytime_hi_p95":97.0,"rwi_mean":null,"health_per_10k":0.0,"built_frac":0.118,"tree_frac":0.181,"canopy_frac_over_3m":0.165,"viirs_mean":46.4,"gdl_hdi":0.961,"gdl_region":"Massachusetts","ghsl_smod":30,"lst_anomaly_c":-4.83,"lst_anomaly_c_climrel":0,"worldpop_pop_total":12.0,"frac_under5":1.6,"frac_elderly_65plus":30.4,"frac_elderly_75plus":16.9,"old_age_dependency_ratio":0.482,"has_data":true},"geometry":{"type":"Polygon","coordinates":[[[-71.167625,42.360073],[-71.163888,42.358523],[-71.161508,42.358972],[-71.159746,42.359781],[-71.154475,42.360036],[-71.148332,42.361119],[-71.14717,42.361754],[-71.144492,42.364822],[-71.143667,42.365081],[-71.139892,42.36444],[-71.136658,42.366752],[-71.132373,42.368891],[-71.131762,42.369864],[-71.133179,42.372338],[-71.130997,42.373892],[-71.128203,42.373572],[-71.123204,42.368938],[-71.11896,42.36876],[-71.11723,42.367367],[-71.116921,42.364246],[-71.116936,42.363677],[-71.116704,42.361255],[-71.116597,42.359185],[-71.116681,42.358736],[-71.117165,42.356997],[-71.116852,42.355385],[-71.113196,42.35311],[-71.110589,42.352616],[-71.110358,42.352586],[-71.104316,42.352403],[-71.103032,42.352514],[-71.09789,42.35312],[-71.093002,42.353894],[-71.091235,42.354338],[-71.087511,42.355557],[-71.085175,42.356333],[-71.077952,42.358735],[-71.076092,42.36038],[-71.075657,42.361613],[-71.074792,42.363773],[-71.071537,42.36711],[-71.070218,42.366148],[-71.068497,42.366506],[-71.072355,42.361207],[-71.072123,42.359465],[-71.073169,42.356456],[-71.073464,42.356121],[-71.075219,42.355507],[-71.077357,42.354938],[-71.079464,42.354275],[-71.081595,42.353704],[-71.085915,42.352526],[-71.089862,42.351576],[-71.094992,42.35057],[-71.098182,42.350735],[-71.100244,42.35087],[-71.103268,42.351075],[-71.110732,42.351819],[-71.114119,42.35239],[-71.118126,42.355092],[-71.118419,42.356539],[-71.117648,42.360915],[-71.118349,42.366914],[-71.119789,42.367674],[-71.121961,42.36781],[-71.125308,42.368858],[-71.12682,42.370267],[-71.12712,42.371818],[-71.12881,42.372738],[-71.130292,42.371979],[-71.130648,42.368535],[-71.132803,42.366127],[-71.135452,42.364849],[-71.139551,42.363698],[-71.144226,42.363024],[-71.147218,42.360891],[-71.15478,42.359162],[-71.160899,42.358625],[-71.161769,42.35818],[-71.162894,42.357953],[-71.169474,42.358047],[-71.167625,42.360073]]]}},{"type":"Feature","properties":{"unit_id":"25017328100","name":"Census Tract 3281 \u2014 Middlesex","native_id":"25017328100","source":"census_tract_2025","adm3_name":"Middlesex County","adm3_id":"25017","area_sqm":42620845,"split":false,"population":2297.0,"days_covered":18,"daytime_peak_f":87.5,"heat_anomaly_f":3.2,"extreme_pct":17.0,"nighttime_stress_f":-7.0,"daytime_peak_f_climrel":0.1953,"heat_anomaly_f_climrel":0.1953,"nighttime_stress_f_climrel":-0.3,"extreme_pct_climrel":0.425,"ref_daytime_hi_mean":84.3,"ref_daytime_hi_p95":96.4,"rwi_mean":null,"health_per_10k":0.0,"built_frac":0.009,"tree_frac":0.828,"canopy_frac_over_3m":0.719,"viirs_mean":1.3,"gdl_hdi":0.961,"gdl_region":"Massachusetts","ghsl_smod":12,"lst_anomaly_c":-8.03,"lst_anomaly_c_climrel":0,"worldpop_pop_total":3314.0,"frac_under5":4.7,"frac_elderly_65plus":16.3,"frac_elderly_75plus":6.0,"old_age_dependency_ratio":0.247,"has_data":true},"geometry":{"type":"Polygon","coordinates":[[[-71.555529,42.678399],[-71.556053,42.68042],[-71.555695,42.682523],[-71.556382,42.684156],[-71.556753,42.688773],[-71.556445,42.689552],[-71.554301,42.691256],[-71.55311,42.692873],[-71.549359,42.694459],[-71.547792,42.696116],[-71.544392,42.698871],[-71.5425377313421,42.702672336764],[-71.4881010212958,42.7013822991329],[-71.488035032966,42.7013807353457],[-71.467553246573,42.7008953592976],[-71.457687763627,42.7006615677213],[-71.456336,42.695849],[-71.461033,42.691969],[-71.459577,42.690468],[-71.459235,42.690606],[-71.457027,42.690657],[-71.456121,42.686352],[-71.452088,42.687154],[-71.450282,42.685296],[-71.447962,42.680605],[-71.447285,42.677496],[-71.446418,42.67041],[-71.452343,42.669743],[-71.448618,42.667735],[-71.447835,42.66661],[-71.446956,42.663168],[-71.449754,42.661827],[-71.455438,42.661211],[-71.45493,42.660105],[-71.458683,42.659755],[-71.457188,42.658369],[-71.474784,42.649889],[-71.475902,42.652008],[-71.477153,42.654379],[-71.479484,42.658794],[-71.482511,42.65103],[-71.489029,42.649197],[-71.49246,42.649102],[-71.496296,42.649769],[-71.496484,42.649802],[-71.514969,42.643623],[-71.534296,42.648362],[-71.537136,42.663495],[-71.532408,42.668978],[-71.538858,42.67417],[-71.550067,42.675474],[-71.557396,42.676325],[-71.555529,42.678399]]]}},{"type":"Feature","properties":{"unit_id":"25025090100","name":"Census Tract 901 \u2014 Suffolk","native_id":"25025090100","source":"census_tract_2025","adm3_name":"Suffolk County","adm3_id":"25025","area_sqm":446964,"split":false,"population":3530.0,"days_covered":18,"daytime_peak_f":87.3,"heat_anomaly_f":2.9,"extreme_pct":17.0,"nighttime_stress_f":-5.1,"daytime_peak_f_climrel":0.1686,"heat_anomaly_f_climrel":0.1686,"nighttime_stress_f_climrel":-0.3,"extreme_pct_climrel":0.425,"ref_daytime_hi_mean":84.4,"ref_daytime_hi_p95":98.1,"rwi_mean":null,"health_per_10k":0.0,"built_frac":0.797,"tree_frac":0.201,"canopy_frac_over_3m":0.139,"viirs_mean":47.8,"gdl_hdi":0.961,"gdl_region":"Massachusetts","ghsl_smod":30,"lst_anomaly_c":3.67,"lst_anomaly_c_climrel":0.4587,"worldpop_pop_total":5063.0,"frac_under5":6.4,"frac_elderly_65plus":13.7,"frac_elderly_75plus":5.9,"old_age_dependency_ratio":0.213,"has_data":true},"geometry":{"type":"Polygon","coordinates":[[[-71.085246,42.303446],[-71.084923,42.304428],[-71.084299,42.307015],[-71.083898,42.30759],[-71.083254,42.308469],[-71.081634,42.306343],[-71.080563,42.30544],[-71.079561,42.304622],[-71.07894,42.303937],[-71.078534,42.303388],[-71.078425,42.303227],[-71.079217,42.301191],[-71.078852,42.296708],[-71.079538,42.296563],[-71.08046,42.296388],[-71.08141,42.299002],[-71.083907,42.299709],[-71.084704,42.300423],[-71.085903,42.301381],[-71.085246,42.303446]]]}},{"type":"Feature","properties":{"unit_id":"25017316102","name":"Census Tract 3161.02 \u2014 Middlesex","native_id":"25017316102","source":"census_tract_2025","adm3_name":"Middlesex County","adm3_id":"25017","area_sqm":9640416,"split":false,"population":9845.0,"days_covered":18,"daytime_peak_f":86.9,"heat_anomaly_f":2.6,"extreme_pct":17.0,"nighttime_stress_f":-6.2,"daytime_peak_f_climrel":0.155,"heat_anomaly_f_climrel":0.155,"nighttime_stress_f_climrel":-0.3,"extreme_pct_climrel":0.425,"ref_daytime_hi_mean":84.3,"ref_daytime_hi_p95":96.8,"rwi_mean":null,"health_per_10k":1.0157440325038092,"built_frac":0.128,"tree_frac":0.785,"canopy_frac_over_3m":0.604,"viirs_mean":11.2,"gdl_hdi":0.961,"gdl_region":"Massachusetts","ghsl_smod":21,"lst_anomaly_c":-4.47,"lst_anomaly_c_climrel":0,"worldpop_pop_total":5716.0,"frac_under5":4.6,"frac_elderly_65plus":23.0,"frac_elderly_75plus":11.1,"old_age_dependency_ratio":0.369,"has_data":true},"geometry":{"type":"Polygon","coordinates":[[[-71.285756,42.551206],[-71.284785,42.551849],[-71.282187,42.554639],[-71.282013,42.555986],[-71.284109,42.560173],[-71.284125,42.562534],[-71.284138,42.56428],[-71.28158,42.56769],[-71.281873,42.569037],[-71.281881,42.572477],[-71.280465,42.574144],[-71.278667,42.573317],[-71.276321,42.570183],[-71.276253,42.570975],[-71.267847,42.573172],[-71.264353,42.574592],[-71.26206,42.574493],[-71.257611,42.574825],[-71.255676,42.572845],[-71.255052,42.575457],[-71.241038,42.574734],[-71.241836,42.573651],[-71.241229,42.574011],[-71.234937,42.567512],[-71.238656,42.567122],[-71.240988,42.569513],[-71.242821,42.566606],[-71.240888,42.564701],[-71.239028,42.565387],[-71.236461,42.560874],[-71.237816,42.560076],[-71.235757,42.55733],[-71.236951,42.555117],[-71.240985,42.554575],[-71.241998,42.554514],[-71.246655,42.553785],[-71.248351,42.551075],[-71.247272,42.546588],[-71.252498,42.544358],[-71.252489,42.542546],[-71.256283,42.547734],[-71.256984,42.54803],[-71.260276,42.548475],[-71.263159,42.550679],[-71.264154,42.552873],[-71.264234,42.553084],[-71.265806,42.55507],[-71.267835,42.554594],[-71.271578,42.553454],[-71.274866,42.549087],[-71.278842,42.549036],[-71.280717,42.548134],[-71.281858,42.547459],[-71.283466,42.543007],[-71.283667,42.543333],[-71.287233,42.547896],[-71.285756,42.551206]]]}},{"type":"Feature","properties":{"unit_id":"25025090600","name":"Census Tract 906 \u2014 Suffolk","native_id":"25025090600","source":"census_tract_2025","adm3_name":"Suffolk County","adm3_id":"25025","area_sqm":301665,"split":false,"population":1507.5503090133982,"days_covered":18,"daytime_peak_f":87.3,"heat_anomaly_f":2.9,"extreme_pct":17.0,"nighttime_stress_f":-5.1,"daytime_peak_f_climrel":0.1686,"heat_anomaly_f_climrel":0.1686,"nighttime_stress_f_climrel":-0.3,"extreme_pct_climrel":0.425,"ref_daytime_hi_mean":84.4,"ref_daytime_hi_p95":98.1,"rwi_mean":null,"health_per_10k":0.0,"built_frac":0.78,"tree_frac":0.218,"canopy_frac_over_3m":0.08,"viirs_mean":68.9,"gdl_hdi":0.961,"gdl_region":"Massachusetts","ghsl_smod":30,"lst_anomaly_c":4.21,"lst_anomaly_c_climrel":0.5262,"worldpop_pop_total":2384.0,"frac_under5":5.9,"frac_elderly_65plus":13.8,"frac_elderly_75plus":6.2,"old_age_dependency_ratio":0.206,"has_data":true},"geometry":{"type":"Polygon","coordinates":[[[-71.077146,42.322196],[-71.076664,42.322889],[-71.075811,42.324146],[-71.074641,42.323238],[-71.073922,42.323759],[-71.071638,42.324647],[-71.07266,42.326023],[-71.071479,42.326687],[-71.067507,42.323297],[-71.068061,42.321281],[-71.069842,42.321567],[-71.072204,42.321359],[-71.073948,42.320773],[-71.075522,42.320573],[-71.077746,42.320431],[-71.077146,42.322196]]]}},{"type":"Feature","properties":{"unit_id":"25017368400","name":"Census Tract 3684 \u2014 Middlesex","native_id":"25017368400","source":"census_tract_2025","adm3_name":"Middlesex County","adm3_id":"25017","area_sqm":3397327,"split":false,"population":13194.0,"days_covered":18,"daytime_peak_f":87.0,"heat_anomaly_f":2.7,"extreme_pct":17.0,"nighttime_stress_f":-5.7,"daytime_peak_f_climrel":0.1573,"heat_anomaly_f_climrel":0.1573,"nighttime_stress_f_climrel":-0.3,"extreme_pct_climrel":0.425,"ref_daytime_hi_mean":84.4,"ref_daytime_hi_p95":97.5,"rwi_mean":null,"health_per_10k":1.5158405335758678,"built_frac":0.298,"tree_frac":0.525,"canopy_frac_over_3m":0.394,"viirs_mean":25.6,"gdl_hdi":0.961,"gdl_region":"Massachusetts","ghsl_smod":30,"lst_anomaly_c":-2.01,"lst_anomaly_c_climrel":0,"worldpop_pop_total":8381.0,"frac_under5":3.7,"frac_elderly_65plus":10.4,"frac_elderly_75plus":3.9,"old_age_dependency_ratio":0.13,"has_data":true},"geometry":{"type":"Polygon","coordinates":[[[-71.273491,42.366106],[-71.270224,42.36827],[-71.27075,42.369514],[-71.269175,42.370052],[-71.268078,42.370679],[-71.266995,42.371775],[-71.261483,42.373769],[-71.255123,42.374131],[-71.254013,42.374228],[-71.252957,42.374365],[-71.250995,42.374367],[-71.250041,42.374377],[-71.249798,42.37278],[-71.246517,42.373103],[-71.243685,42.374007],[-71.243215,42.372862],[-71.242711,42.372016],[-71.239751,42.373223],[-71.238001,42.373799],[-71.236521,42.374087],[-71.236581,42.373153],[-71.240963,42.371649],[-71.243681,42.368847],[-71.245392,42.36667],[-71.246202,42.362096],[-71.249372,42.361996],[-71.251459,42.359293],[-71.252926,42.355962],[-71.253735,42.355044],[-71.254761,42.354232],[-71.25611,42.353824],[-71.256465,42.354905],[-71.260385,42.353633],[-71.26438,42.354888],[-71.268917,42.359881],[-71.269517,42.362844],[-71.271275,42.363373],[-71.273491,42.366106]]]}},{"type":"Feature","properties":{"unit_id":"25025090901","name":"Census Tract 909.01 \u2014 Suffolk","native_id":"25025090901","source":"census_tract_2025","adm3_name":"Suffolk County","adm3_id":"25025","area_sqm":1173210,"split":false,"population":8634.0,"days_covered":18,"daytime_peak_f":86.6,"heat_anomaly_f":4.2,"extreme_pct":28.0,"nighttime_stress_f":-3.3,"daytime_peak_f_climrel":0.2575,"heat_anomaly_f_climrel":0.2575,"nighttime_stress_f_climrel":-0.196,"extreme_pct_climrel":0.7,"ref_daytime_hi_mean":82.4,"ref_daytime_hi_p95":95.6,"rwi_mean":null,"health_per_10k":0.0,"built_frac":0.654,"tree_frac":0.105,"canopy_frac_over_3m":0.073,"viirs_mean":72.0,"gdl_hdi":0.961,"gdl_region":"Massachusetts","ghsl_smod":30,"lst_anomaly_c":-0.39,"lst_anomaly_c_climrel":0,"worldpop_pop_total":3057.0,"frac_under5":4.9,"frac_elderly_65plus":8.5,"frac_elderly_75plus":3.9,"old_age_dependency_ratio":0.107,"has_data":true},"geometry":{"type":"Polygon","coordinates":[[[-71.050604,42.320758],[-71.050283,42.321864],[-71.050244,42.322017],[-71.048956,42.323429],[-71.047841,42.322592],[-71.0467260009414,42.323070744949],[-71.0400298066474,42.3196532414466],[-71.033099,42.316116],[-71.032777,42.313472],[-71.036893,42.310513],[-71.037904,42.310435],[-71.040961,42.312152],[-71.042335,42.311693],[-71.0423475868322,42.3115348119403],[-71.0467,42.313016],[-71.050925,42.320876],[-71.050604,42.320758]]]}},{"type":"Feature","properties":{"unit_id":"25017335400","name":"Census Tract 3354 \u2014 Middlesex","native_id":"25017335400","source":"census_tract_2025","adm3_name":"Middlesex County","adm3_id":"25017","area_sqm":3641188,"split":false,"population":3149.0,"days_covered":18,"daytime_peak_f":86.5,"heat_anomaly_f":4.0,"extreme_pct":17.0,"nighttime_stress_f":-3.3,"daytime_peak_f_climrel":0.2318,"heat_anomaly_f_climrel":0.2318,"nighttime_stress_f_climrel":-0.1839,"extreme_pct_climrel":0.425,"ref_daytime_hi_mean":82.5,"ref_daytime_hi_p95":96.1,"rwi_mean":null,"health_per_10k":0.0,"built_frac":0.153,"tree_frac":0.821,"canopy_frac_over_3m":0.6,"viirs_mean":9.4,"gdl_hdi":0.961,"gdl_region":"Massachusetts","ghsl_smod":30,"lst_anomaly_c":-4.31,"lst_anomaly_c_climrel":0,"worldpop_pop_total":4741.0,"frac_under5":5.8,"frac_elderly_65plus":19.4,"frac_elderly_75plus":8.4,"old_age_dependency_ratio":0.304,"has_data":true},"geometry":{"type":"Polygon","coordinates":[[[-71.077707,42.477391],[-71.076599,42.477492],[-71.075814,42.483573],[-71.07524,42.488008],[-71.071612,42.486593],[-71.071009,42.487372],[-71.073972,42.489767],[-71.070764,42.490221],[-71.069427,42.489686],[-71.069034,42.486303],[-71.066257,42.482453],[-71.064776,42.482937],[-71.064165,42.486533],[-71.060975,42.486221],[-71.055927,42.491161],[-71.051677,42.491866],[-71.052362,42.495186],[-71.048374,42.494553],[-71.043538,42.494551],[-71.041859,42.493292],[-71.045209,42.48872],[-71.046949,42.487964],[-71.050252,42.486533],[-71.052629,42.486057],[-71.054214,42.476903],[-71.053365,42.475925],[-71.056658,42.475208],[-71.061323,42.474196],[-71.061323,42.474072],[-71.061356,42.472659],[-71.063021,42.472446],[-71.067463,42.471873],[-71.069305,42.471637],[-71.078152,42.47402],[-71.077707,42.477391]]]}},{"type":"Feature","properties":{"unit_id":"25017351404","name":"Census Tract 3514.04 \u2014 Middlesex","native_id":"25017351404","source":"census_tract_2025","adm3_name":"Middlesex County","adm3_id":"25017","area_sqm":418800,"split":false,"population":2634.876003401922,"days_covered":18,"daytime_peak_f":86.4,"heat_anomaly_f":3.6,"extreme_pct":22.0,"nighttime_stress_f":-3.6,"daytime_peak_f_climrel":0.1994,"heat_anomaly_f_climrel":0.1994,"nighttime_stress_f_climrel":-0.2085,"extreme_pct_climrel":0.55,"ref_daytime_hi_mean":82.8,"ref_daytime_hi_p95":97.0,"rwi_mean":null,"health_per_10k":0.0,"built_frac":0.864,"tree_frac":0.134,"canopy_frac_over_3m":0.091,"viirs_mean":57.6,"gdl_hdi":0.961,"gdl_region":"Massachusetts","ghsl_smod":30,"lst_anomaly_c":5.68,"lst_anomaly_c_climrel":0.71,"worldpop_pop_total":3344.0,"frac_under5":4.5,"frac_elderly_65plus":12.1,"frac_elderly_75plus":4.9,"old_age_dependency_ratio":0.16,"has_data":true},"geometry":{"type":"Polygon","coordinates":[[[-71.095676,42.38813],[-71.093175,42.387361],[-71.090477,42.38652],[-71.087838,42.385692],[-71.084212,42.384563],[-71.082681,42.384143],[-71.08062,42.38376],[-71.079428,42.38332],[-71.080932,42.382133],[-71.086232,42.381315],[-71.087559,42.380988],[-71.088116,42.380821],[-71.089794,42.380275],[-71.09014,42.381425],[-71.091469,42.383282],[-71.091252,42.384165],[-71.093528,42.386379],[-71.09542,42.38743],[-71.096284,42.388304],[-71.095676,42.38813]]]}},{"type":"Feature","properties":{"unit_id":"25017350202","name":"Census Tract 3502.02 \u2014 Middlesex","native_id":"25017350202","source":"census_tract_2025","adm3_name":"Middlesex County","adm3_id":"25017","area_sqm":430779,"split":false,"population":3202.1888146545516,"days_covered":18,"daytime_peak_f":86.4,"heat_anomaly_f":3.6,"extreme_pct":22.0,"nighttime_stress_f":-3.6,"daytime_peak_f_climrel":0.1994,"heat_anomaly_f_climrel":0.1994,"nighttime_stress_f_climrel":-0.2085,"extreme_pct_climrel":0.55,"ref_daytime_hi_mean":82.8,"ref_daytime_hi_p95":97.0,"rwi_mean":null,"health_per_10k":0.0,"built_frac":0.783,"tree_frac":0.217,"canopy_frac_over_3m":0.217,"viirs_mean":34.8,"gdl_hdi":0.961,"gdl_region":"Massachusetts","ghsl_smod":30,"lst_anomaly_c":4.23,"lst_anomaly_c_climrel":0.5288,"worldpop_pop_total":3516.0,"frac_under5":4.5,"frac_elderly_65plus":11.0,"frac_elderly_75plus":4.4,"old_age_dependency_ratio":0.14,"has_data":true},"geometry":{"type":"Polygon","coordinates":[[[-71.101763,42.396681],[-71.100394,42.396224],[-71.098647,42.395272],[-71.097649,42.394728],[-71.093417,42.392557],[-71.093081,42.39236],[-71.093633,42.391485],[-71.095663,42.391399],[-71.096915,42.389508],[-71.095676,42.38813],[-71.096284,42.388304],[-71.09542,42.38743],[-71.09763,42.388431],[-71.102035,42.390402],[-71.101506,42.391148],[-71.103975,42.392357],[-71.101763,42.396681]]]}},{"type":"Feature","properties":{"unit_id":"25017368600","name":"Census Tract 3686 \u2014 Middlesex","native_id":"25017368600","source":"census_tract_2025","adm3_name":"Middlesex County","adm3_id":"25017","area_sqm":1104230,"split":false,"population":3915.0,"days_covered":18,"daytime_peak_f":87.1,"heat_anomaly_f":3.0,"extreme_pct":17.0,"nighttime_stress_f":-5.1,"daytime_peak_f_climrel":0.1716,"heat_anomaly_f_climrel":0.1716,"nighttime_stress_f_climrel":-0.3,"extreme_pct_climrel":0.425,"ref_daytime_hi_mean":84.1,"ref_daytime_hi_p95":97.6,"rwi_mean":null,"health_per_10k":0.0,"built_frac":0.545,"tree_frac":0.287,"canopy_frac_over_3m":0.25,"viirs_mean":21.3,"gdl_hdi":0.961,"gdl_region":"Massachusetts","ghsl_smod":30,"lst_anomaly_c":1.68,"lst_anomaly_c_climrel":0.21,"worldpop_pop_total":5964.0,"frac_under5":5.4,"frac_elderly_65plus":10.6,"frac_elderly_75plus":4.4,"old_age_dependency_ratio":0.139,"has_data":true},"geometry":{"type":"Polygon","coordinates":[[[-71.252926,42.355962],[-71.251459,42.359293],[-71.249372,42.361996],[-71.246202,42.362096],[-71.245392,42.36667],[-71.243681,42.368847],[-71.242436,42.368458],[-71.243136,42.366801],[-71.240901,42.36637],[-71.238121,42.365847],[-71.237972,42.366335],[-71.234945,42.365992],[-71.234486,42.367395],[-71.232708,42.367144],[-71.231469,42.366834],[-71.228581,42.365662],[-71.226229,42.363872],[-71.226639,42.363752],[-71.231477,42.362319],[-71.236588,42.360805],[-71.237621,42.360498],[-71.239325,42.35999],[-71.243076,42.358875],[-71.252444,42.356105],[-71.252926,42.355962]]]}},{"type":"Feature","properties":{"unit_id":"25025170102","name":"Census Tract 1701.02 \u2014 Suffolk","native_id":"25025170102","source":"census_tract_2025","adm3_name":"Suffolk County","adm3_id":"25025","area_sqm":684191,"split":false,"population":2366.0,"days_covered":18,"daytime_peak_f":86.8,"heat_anomaly_f":3.9,"extreme_pct":22.0,"nighttime_stress_f":-3.5,"daytime_peak_f_climrel":0.2108,"heat_anomaly_f_climrel":0.2108,"nighttime_stress_f_climrel":-0.1981,"extreme_pct_climrel":0.55,"ref_daytime_hi_mean":82.9,"ref_daytime_hi_p95":97.6,"rwi_mean":null,"health_per_10k":4.22654268808115,"built_frac":0.83,"tree_frac":0.168,"canopy_frac_over_3m":0.132,"viirs_mean":29.4,"gdl_hdi":0.961,"gdl_region":"Massachusetts","ghsl_smod":30,"lst_anomaly_c":4.72,"lst_anomaly_c_climrel":0.59,"worldpop_pop_total":5293.0,"frac_under5":5.7,"frac_elderly_65plus":13.7,"frac_elderly_75plus":5.2,"old_age_dependency_ratio":0.201,"has_data":true},"geometry":{"type":"Polygon","coordinates":[[[-71.032566,42.415533],[-71.031729,42.417392],[-71.027544,42.416257],[-71.022741,42.414945],[-71.017656,42.413537],[-71.011234,42.411781],[-71.013549,42.408154],[-71.014532,42.409133],[-71.019213,42.410408],[-71.028653,42.413017],[-71.0304,42.412701],[-71.031355,42.412512],[-71.033181,42.414206],[-71.032566,42.415533]]]}},{"type":"Feature","properties":{"unit_id":"25017358600","name":"Census Tract 3586 \u2014 Middlesex","native_id":"25017358600","source":"census_tract_2025","adm3_name":"Middlesex County","adm3_id":"25017","area_sqm":8711052,"split":false,"population":7557.0,"days_covered":18,"daytime_peak_f":86.9,"heat_anomaly_f":2.9,"extreme_pct":17.0,"nighttime_stress_f":-6.0,"daytime_peak_f_climrel":0.1747,"heat_anomaly_f_climrel":0.1747,"nighttime_stress_f_climrel":-0.3,"extreme_pct_climrel":0.425,"ref_daytime_hi_mean":84.0,"ref_daytime_hi_p95":96.5,"rwi_mean":null,"health_per_10k":11.909487892020643,"built_frac":0.155,"tree_frac":0.753,"canopy_frac_over_3m":0.546,"viirs_mean":13.9,"gdl_hdi":0.961,"gdl_region":"Massachusetts","ghsl_smod":21,"lst_anomaly_c":-4.68,"lst_anomaly_c_climrel":0,"worldpop_pop_total":6104.0,"frac_under5":3.6,"frac_elderly_65plus":19.9,"frac_elderly_75plus":8.9,"old_age_dependency_ratio":0.33,"has_data":true},"geometry":{"type":"Polygon","coordinates":[[[-71.272695,42.459704],[-71.267654,42.467162],[-71.265314,42.470601],[-71.264787,42.471408],[-71.26331,42.473591],[-71.261058,42.473285],[-71.254859,42.475613],[-71.253803,42.474992],[-71.251661,42.476405],[-71.246745,42.472463],[-71.244906,42.47027],[-71.24118,42.472166],[-71.237629,42.472986],[-71.235462,42.471561],[-71.232831,42.4685],[-71.232113,42.465208],[-71.232779,42.463431],[-71.230953,42.461814],[-71.230436,42.459835],[-71.231911,42.45891],[-71.230873,42.453501],[-71.230429,42.451242],[-71.229977,42.450589],[-71.230495,42.45019],[-71.232754,42.449532],[-71.235638,42.449407],[-71.237141,42.449111],[-71.24731,42.447176],[-71.254186,42.447092],[-71.255542,42.447272],[-71.258295,42.448972],[-71.260059,42.449176],[-71.264926,42.447323],[-71.27052,42.448333],[-71.270955,42.450611],[-71.271244,42.452115],[-71.272695,42.459704]]]}},{"type":"Feature","properties":{"unit_id":"25025100100","name":"Census Tract 1001 \u2014 Suffolk","native_id":"25025100100","source":"census_tract_2025","adm3_name":"Suffolk County","adm3_id":"25025","area_sqm":1036588,"split":false,"population":3173.0,"days_covered":18,"daytime_peak_f":87.3,"heat_anomaly_f":2.9,"extreme_pct":17.0,"nighttime_stress_f":-5.1,"daytime_peak_f_climrel":0.1686,"heat_anomaly_f_climrel":0.1686,"nighttime_stress_f_climrel":-0.3,"extreme_pct_climrel":0.425,"ref_daytime_hi_mean":84.4,"ref_daytime_hi_p95":98.1,"rwi_mean":null,"health_per_10k":0.0,"built_frac":0.555,"tree_frac":0.232,"canopy_frac_over_3m":0.126,"viirs_mean":51.8,"gdl_hdi":0.961,"gdl_region":"Massachusetts","ghsl_smod":30,"lst_anomaly_c":0.53,"lst_anomaly_c_climrel":0.0663,"worldpop_pop_total":5671.0,"frac_under5":7.4,"frac_elderly_65plus":13.4,"frac_elderly_75plus":5.8,"old_age_dependency_ratio":0.214,"has_data":true},"geometry":{"type":"Polygon","coordinates":[[[-71.094542,42.293021],[-71.093173,42.294613],[-71.089779,42.292868],[-71.088149,42.294415],[-71.087997,42.294939],[-71.087839,42.294911],[-71.082485,42.293287],[-71.080876,42.292823],[-71.078147,42.292022],[-71.078199,42.290774],[-71.078537,42.289335],[-71.079187,42.288137],[-71.081252,42.287794],[-71.085775,42.286774],[-71.085991,42.28673],[-71.091106,42.285564],[-71.091569,42.284214],[-71.09286,42.28513],[-71.093887,42.287668],[-71.095759,42.291973],[-71.094542,42.293021]]]}},{"type":"Feature","properties":{"unit_id":"25025130404","name":"Census Tract 1304.04 \u2014 Suffolk","native_id":"25025130404","source":"census_tract_2025","adm3_name":"Suffolk County","adm3_id":"25025","area_sqm":1601961,"split":false,"population":1331.0,"days_covered":18,"daytime_peak_f":87.1,"heat_anomaly_f":2.7,"extreme_pct":17.0,"nighttime_stress_f":-5.4,"daytime_peak_f_climrel":0.1532,"heat_anomaly_f_climrel":0.1532,"nighttime_stress_f_climrel":-0.3,"extreme_pct_climrel":0.425,"ref_daytime_hi_mean":84.4,"ref_daytime_hi_p95":98.1,"rwi_mean":null,"health_per_10k":0.0,"built_frac":0.248,"tree_frac":0.633,"canopy_frac_over_3m":0.476,"viirs_mean":19.2,"gdl_hdi":0.961,"gdl_region":"Massachusetts","ghsl_smod":30,"lst_anomaly_c":null,"lst_anomaly_c_climrel":null,"worldpop_pop_total":3026.0,"frac_under5":5.0,"frac_elderly_65plus":23.4,"frac_elderly_75plus":12.6,"old_age_dependency_ratio":0.373,"has_data":true},"geometry":{"type":"Polygon","coordinates":[[[-71.163536,42.262238],[-71.16271,42.267748],[-71.161852,42.268879],[-71.162,42.269239],[-71.161836,42.271147],[-71.160225,42.274799],[-71.159775,42.27845],[-71.159434,42.278834],[-71.156772,42.277048],[-71.153504,42.275976],[-71.150778,42.273551],[-71.149893,42.272228],[-71.147289,42.269994],[-71.150086,42.267577],[-71.151124,42.266666],[-71.157052,42.261202],[-71.157521,42.26074],[-71.161574,42.257546],[-71.163393,42.259023],[-71.163536,42.262238]]]}},{"type":"Feature","properties":{"unit_id":"25017354902","name":"Census Tract 3549.02 \u2014 Middlesex","native_id":"25017354902","source":"census_tract_2025","adm3_name":"Middlesex County","adm3_id":"25017","area_sqm":629379,"split":false,"population":3592.0,"days_covered":18,"daytime_peak_f":86.4,"heat_anomaly_f":3.6,"extreme_pct":22.0,"nighttime_stress_f":-3.6,"daytime_peak_f_climrel":0.1994,"heat_anomaly_f_climrel":0.1994,"nighttime_stress_f_climrel":-0.2085,"extreme_pct_climrel":0.55,"ref_daytime_hi_mean":82.8,"ref_daytime_hi_p95":97.0,"rwi_mean":null,"health_per_10k":0.0,"built_frac":0.568,"tree_frac":0.328,"canopy_frac_over_3m":0.278,"viirs_mean":45.7,"gdl_hdi":0.961,"gdl_region":"Massachusetts","ghsl_smod":30,"lst_anomaly_c":2.22,"lst_anomaly_c_climrel":0.2775,"worldpop_pop_total":5242.0,"frac_under5":6.7,"frac_elderly_65plus":15.0,"frac_elderly_75plus":5.7,"old_age_dependency_ratio":0.225,"has_data":true},"geometry":{"type":"Polygon","coordinates":[[[-71.141436,42.398959],[-71.140216,42.398202],[-71.132136,42.397733],[-71.130905,42.397743],[-71.130854,42.395785],[-71.13081,42.393601],[-71.131037,42.393383],[-71.130342,42.390303],[-71.132728,42.390686],[-71.135437,42.391123],[-71.137663,42.391504],[-71.141121,42.392092],[-71.140592,42.394075],[-71.140607,42.39468],[-71.140745,42.395886],[-71.141298,42.397196],[-71.142803,42.397878],[-71.141436,42.398959]]]}},{"type":"Feature","properties":{"unit_id":"25017341200","name":"Census Tract 3412 \u2014 Middlesex","native_id":"25017341200","source":"census_tract_2025","adm3_name":"Middlesex County","adm3_id":"25017","area_sqm":1103339,"split":false,"population":2547.0,"days_covered":18,"daytime_peak_f":86.4,"heat_anomaly_f":3.6,"extreme_pct":22.0,"nighttime_stress_f":-3.6,"daytime_peak_f_climrel":0.1994,"heat_anomaly_f_climrel":0.1994,"nighttime_stress_f_climrel":-0.2085,"extreme_pct_climrel":0.55,"ref_daytime_hi_mean":82.8,"ref_daytime_hi_p95":97.0,"rwi_mean":null,"health_per_10k":7.852375343541421,"built_frac":0.805,"tree_frac":0.14,"canopy_frac_over_3m":0.132,"viirs_mean":38.3,"gdl_hdi":0.961,"gdl_region":"Massachusetts","ghsl_smod":30,"lst_anomaly_c":5.77,"lst_anomaly_c_climrel":0.7212,"worldpop_pop_total":6586.0,"frac_under5":4.8,"frac_elderly_65plus":16.5,"frac_elderly_75plus":8.0,"old_age_dependency_ratio":0.235,"has_data":true},"geometry":{"type":"Polygon","coordinates":[[[-71.088287,42.424955],[-71.081065,42.426562],[-71.076822,42.427119],[-71.073968,42.427322],[-71.074519,42.425978],[-71.076635,42.420487],[-71.076776,42.419535],[-71.076801,42.413196],[-71.07931,42.414938],[-71.081724,42.415157],[-71.084277,42.416565],[-71.085924,42.418021],[-71.086542,42.41956],[-71.087672,42.422371],[-71.088065,42.423351],[-71.088644,42.424796],[-71.088287,42.424955]]]}},{"type":"Feature","properties":{"unit_id":"25025180101","name":"Census Tract 1801.01 \u2014 Suffolk","native_id":"25025180101","source":"census_tract_2025","adm3_name":"Suffolk County","adm3_id":"25025","area_sqm":1137875,"split":false,"population":2279.0,"days_covered":18,"daytime_peak_f":86.8,"heat_anomaly_f":3.9,"extreme_pct":22.0,"nighttime_stress_f":-3.5,"daytime_peak_f_climrel":0.2108,"heat_anomaly_f_climrel":0.2108,"nighttime_stress_f_climrel":-0.1981,"extreme_pct_climrel":0.55,"ref_daytime_hi_mean":82.9,"ref_daytime_hi_p95":97.6,"rwi_mean":null,"health_per_10k":0.0,"built_frac":0.506,"tree_frac":0.259,"canopy_frac_over_3m":0.171,"viirs_mean":18.4,"gdl_hdi":0.961,"gdl_region":"Massachusetts","ghsl_smod":30,"lst_anomaly_c":-2.34,"lst_anomaly_c_climrel":0,"worldpop_pop_total":5832.0,"frac_under5":4.0,"frac_elderly_65plus":27.8,"frac_elderly_75plus":13.5,"old_age_dependency_ratio":0.469,"has_data":true},"geometry":{"type":"Polygon","coordinates":[[[-70.988281,42.387107],[-70.986621,42.387138],[-70.986053,42.388116],[-70.981479,42.390839],[-70.9805087923239,42.3916835995493],[-70.979791,42.390561],[-70.9763382457169,42.389613761278],[-70.975796,42.389465],[-70.9728366500024,42.3897312633081],[-70.968605,42.390112],[-70.967273,42.388229],[-70.9717729863072,42.3854920808472],[-70.972513,42.385042],[-70.972706,42.381759],[-70.9725474871818,42.3811464941589],[-70.974944,42.380882],[-70.976653,42.381948],[-70.977445,42.380833],[-70.9791,42.379477],[-70.981384,42.380991],[-70.983142,42.384595],[-70.984273,42.385383],[-70.986955,42.385391],[-70.988281,42.387107]]]}},{"type":"Feature","properties":{"unit_id":"25025100400","name":"Census Tract 1004 \u2014 Suffolk","native_id":"25025100400","source":"census_tract_2025","adm3_name":"Suffolk County","adm3_id":"25025","area_sqm":626250,"split":false,"population":2611.0,"days_covered":18,"daytime_peak_f":87.3,"heat_anomaly_f":2.9,"extreme_pct":17.0,"nighttime_stress_f":-5.1,"daytime_peak_f_climrel":0.1686,"heat_anomaly_f_climrel":0.1686,"nighttime_stress_f_climrel":-0.3,"extreme_pct_climrel":0.425,"ref_daytime_hi_mean":84.4,"ref_daytime_hi_p95":98.1,"rwi_mean":null,"health_per_10k":0.0,"built_frac":0.662,"tree_frac":0.325,"canopy_frac_over_3m":0.167,"viirs_mean":35.1,"gdl_hdi":0.961,"gdl_region":"Massachusetts","ghsl_smod":30,"lst_anomaly_c":1.86,"lst_anomaly_c_climrel":0.2325,"worldpop_pop_total":5074.0,"frac_under5":4.2,"frac_elderly_65plus":18.1,"frac_elderly_75plus":7.3,"old_age_dependency_ratio":0.271,"has_data":true},"geometry":{"type":"Polygon","coordinates":[[[-71.07796,42.27905],[-71.075253,42.27968],[-71.076027,42.281806],[-71.076257,42.28316],[-71.076631,42.283775],[-71.07227,42.284631],[-71.071541,42.284497],[-71.071177,42.285348],[-71.066696,42.28513],[-71.064303,42.285699],[-71.064787,42.283999],[-71.06592,42.279928],[-71.069501,42.278813],[-71.071015,42.278314],[-71.072774,42.278073],[-71.073166,42.27805],[-71.078891,42.278567],[-71.07796,42.27905]]]}},{"type":"Feature","properties":{"unit_id":"25025980700","name":"Census Tract 9807 \u2014 Suffolk","native_id":"25025980700","source":"census_tract_2025","adm3_name":"Suffolk County","adm3_id":"25025","area_sqm":2888944,"split":false,"population":2782.0,"days_covered":18,"daytime_peak_f":87.3,"heat_anomaly_f":2.9,"extreme_pct":17.0,"nighttime_stress_f":-5.1,"daytime_peak_f_climrel":0.1686,"heat_anomaly_f_climrel":0.1686,"nighttime_stress_f_climrel":-0.3,"extreme_pct_climrel":0.425,"ref_daytime_hi_mean":84.4,"ref_daytime_hi_p95":98.1,"rwi_mean":null,"health_per_10k":0.0,"built_frac":0.029,"tree_frac":0.822,"canopy_frac_over_3m":0.781,"viirs_mean":11.8,"gdl_hdi":0.961,"gdl_region":"Massachusetts","ghsl_smod":30,"lst_anomaly_c":-8.01,"lst_anomaly_c_climrel":0,"worldpop_pop_total":179.0,"frac_under5":6.0,"frac_elderly_65plus":17.2,"frac_elderly_75plus":7.4,"old_age_dependency_ratio":0.268,"has_data":true},"geometry":{"type":"Polygon","coordinates":[[[-71.147289,42.269994],[-71.143664,42.272847],[-71.145705,42.27505],[-71.145231,42.276332],[-71.142485,42.27757],[-71.143956,42.280502],[-71.140928,42.276916],[-71.140653,42.275179],[-71.140612,42.274259],[-71.136592,42.27151],[-71.132703,42.274037],[-71.131121,42.273047],[-71.132547,42.2699],[-71.130049,42.266746],[-71.130147,42.266151],[-71.127334,42.264503],[-71.126922,42.261867],[-71.128195,42.260509],[-71.131509,42.262221],[-71.133615,42.261021],[-71.130756,42.258303],[-71.128928,42.258084],[-71.132354,42.25604],[-71.133965,42.254313],[-71.13623,42.251046],[-71.136434,42.249656],[-71.132333,42.24823],[-71.135978,42.246856],[-71.136285,42.246316],[-71.139141,42.248985],[-71.139394,42.252523],[-71.138086,42.254927],[-71.140012,42.258237],[-71.142834,42.255943],[-71.144116,42.25932],[-71.145529,42.259229],[-71.146999,42.26142],[-71.146434,42.264583],[-71.150086,42.267577],[-71.147289,42.269994]]]}},{"type":"Feature","properties":{"unit_id":"25025061201","name":"Census Tract 612.01 \u2014 Suffolk","native_id":"25025061201","source":"census_tract_2025","adm3_name":"Suffolk County","adm3_id":"25025","area_sqm":562013,"split":false,"population":3278.0,"days_covered":18,"daytime_peak_f":87.3,"heat_anomaly_f":2.9,"extreme_pct":17.0,"nighttime_stress_f":-5.1,"daytime_peak_f_climrel":0.1686,"heat_anomaly_f_climrel":0.1686,"nighttime_stress_f_climrel":-0.3,"extreme_pct_climrel":0.425,"ref_daytime_hi_mean":84.4,"ref_daytime_hi_p95":98.1,"rwi_mean":null,"health_per_10k":0.0,"built_frac":0.953,"tree_frac":0.021,"canopy_frac_over_3m":0.015,"viirs_mean":103.1,"gdl_hdi":0.961,"gdl_region":"Massachusetts","ghsl_smod":30,"lst_anomaly_c":6.35,"lst_anomaly_c_climrel":0.7937,"worldpop_pop_total":2158.0,"frac_under5":3.6,"frac_elderly_65plus":9.3,"frac_elderly_75plus":3.7,"old_age_dependency_ratio":0.11,"has_data":true},"geometry":{"type":"Polygon","coordinates":[[[-71.062798,42.331973],[-71.061009,42.334782],[-71.060042,42.336564],[-71.059702,42.336859],[-71.057225,42.338802],[-71.057112,42.338333],[-71.056733,42.337375],[-71.053151,42.33152],[-71.052766,42.330487],[-71.052659,42.329356],[-71.052624,42.328597],[-71.056928,42.328552],[-71.056915,42.328035],[-71.057845,42.328139],[-71.057749,42.328376],[-71.058241,42.329734],[-71.059288,42.329973],[-71.063553,42.330791],[-71.062798,42.331973]]]}},{"type":"Feature","properties":{"unit_id":"25025140400","name":"Census Tract 1404 \u2014 Suffolk","native_id":"25025140400","source":"census_tract_2025","adm3_name":"Suffolk County","adm3_id":"25025","area_sqm":1874512,"split":false,"population":5687.0,"days_covered":18,"daytime_peak_f":87.3,"heat_anomaly_f":2.9,"extreme_pct":17.0,"nighttime_stress_f":-5.1,"daytime_peak_f_climrel":0.1686,"heat_anomaly_f_climrel":0.1686,"nighttime_stress_f_climrel":-0.3,"extreme_pct_climrel":0.425,"ref_daytime_hi_mean":84.4,"ref_daytime_hi_p95":98.1,"rwi_mean":null,"health_per_10k":0.0,"built_frac":0.488,"tree_frac":0.465,"canopy_frac_over_3m":0.336,"viirs_mean":29.6,"gdl_hdi":0.961,"gdl_region":"Massachusetts","ghsl_smod":30,"lst_anomaly_c":0.33,"lst_anomaly_c_climrel":0.0413,"worldpop_pop_total":7201.0,"frac_under5":4.7,"frac_elderly_65plus":21.1,"frac_elderly_75plus":9.0,"old_age_dependency_ratio":0.334,"has_data":true},"geometry":{"type":"Polygon","coordinates":[[[-71.124914,42.272699],[-71.121456,42.273776],[-71.121435,42.274639],[-71.120295,42.278554],[-71.119993,42.278819],[-71.119534,42.276868],[-71.117207,42.275871],[-71.115734,42.277295],[-71.116632,42.279001],[-71.115342,42.278039],[-71.114188,42.2771],[-71.110374,42.275065],[-71.109191,42.274363],[-71.108415,42.273505],[-71.106563,42.271768],[-71.103358,42.271002],[-71.104367,42.269534],[-71.101243,42.266829],[-71.099623,42.265501],[-71.099676,42.264841],[-71.097899,42.262882],[-71.103672,42.259723],[-71.104062,42.259862],[-71.105001,42.260804],[-71.108405,42.261116],[-71.106903,42.261928],[-71.107743,42.262975],[-71.10842,42.262591],[-71.110828,42.266065],[-71.111622,42.267359],[-71.110995,42.269039],[-71.116427,42.267112],[-71.11827,42.266595],[-71.120607,42.270284],[-71.121776,42.270676],[-71.123587,42.271416],[-71.124914,42.272699]]]}},{"type":"Feature","properties":{"unit_id":"25017350109","name":"Census Tract 3501.09 \u2014 Middlesex","native_id":"25017350109","source":"census_tract_2025","adm3_name":"Middlesex County","adm3_id":"25017","area_sqm":285286,"split":false,"population":1819.6313506141355,"days_covered":18,"daytime_peak_f":86.4,"heat_anomaly_f":3.6,"extreme_pct":22.0,"nighttime_stress_f":-3.6,"daytime_peak_f_climrel":0.1994,"heat_anomaly_f_climrel":0.1994,"nighttime_stress_f_climrel":-0.2085,"extreme_pct_climrel":0.55,"ref_daytime_hi_mean":82.8,"ref_daytime_hi_p95":97.0,"rwi_mean":null,"health_per_10k":0.0,"built_frac":0.729,"tree_frac":0.119,"canopy_frac_over_3m":0.085,"viirs_mean":47.3,"gdl_hdi":0.961,"gdl_region":"Massachusetts","ghsl_smod":30,"lst_anomaly_c":3.12,"lst_anomaly_c_climrel":0.39,"worldpop_pop_total":2061.0,"frac_under5":5.9,"frac_elderly_65plus":7.6,"frac_elderly_75plus":3.1,"old_age_dependency_ratio":0.098,"has_data":true},"geometry":{"type":"Polygon","coordinates":[[[-71.093417,42.392557],[-71.092022,42.394342],[-71.089843,42.396503],[-71.090881,42.397567],[-71.085607,42.393587],[-71.085748,42.392883],[-71.086179,42.391755],[-71.088199,42.389604],[-71.089262,42.390084],[-71.090346,42.390613],[-71.090778,42.390838],[-71.092566,42.392114],[-71.093081,42.39236],[-71.093417,42.392557]]]}},{"type":"Feature","properties":{"unit_id":"25017339500","name":"Census Tract 3395 \u2014 Middlesex","native_id":"25017339500","source":"census_tract_2025","adm3_name":"Middlesex County","adm3_id":"25017","area_sqm":1199133,"split":false,"population":8424.0,"days_covered":18,"daytime_peak_f":86.4,"heat_anomaly_f":3.6,"extreme_pct":22.0,"nighttime_stress_f":-3.6,"daytime_peak_f_climrel":0.1994,"heat_anomaly_f_climrel":0.1994,"nighttime_stress_f_climrel":-0.2085,"extreme_pct_climrel":0.55,"ref_daytime_hi_mean":82.8,"ref_daytime_hi_p95":97.0,"rwi_mean":null,"health_per_10k":1.1870845204178537,"built_frac":0.684,"tree_frac":0.266,"canopy_frac_over_3m":0.198,"viirs_mean":33.7,"gdl_hdi":0.961,"gdl_region":"Massachusetts","ghsl_smod":30,"lst_anomaly_c":4.26,"lst_anomaly_c_climrel":0.5325,"worldpop_pop_total":5434.0,"frac_under5":3.2,"frac_elderly_65plus":11.2,"frac_elderly_75plus":5.4,"old_age_dependency_ratio":0.139,"has_data":true},"geometry":{"type":"Polygon","coordinates":[[[-71.125404,42.410395],[-71.123088,42.409608],[-71.121782,42.411549],[-71.120079,42.41412],[-71.119964,42.414279],[-71.118601,42.416334],[-71.11826,42.416854],[-71.117924,42.417391],[-71.117942,42.419096],[-71.115153,42.418991],[-71.110501,42.417078],[-71.110599,42.416632],[-71.107698,42.415302],[-71.105902,42.412863],[-71.106658,42.411127],[-71.110122,42.41031],[-71.113384,42.410519],[-71.11644,42.407323],[-71.113229,42.403044],[-71.114916,42.402167],[-71.115541,42.405145],[-71.117419,42.405829],[-71.121668,42.407088],[-71.123882,42.408229],[-71.123294,42.409169],[-71.12336,42.409191],[-71.125687,42.409984],[-71.125404,42.410395]]]}},{"type":"Feature","properties":{"unit_id":"25017310700","name":"Census Tract 3107 \u2014 Middlesex","native_id":"25017310700","source":"census_tract_2025","adm3_name":"Middlesex County","adm3_id":"25017","area_sqm":882687,"split":false,"population":2978.0,"days_covered":18,"daytime_peak_f":86.9,"heat_anomaly_f":2.6,"extreme_pct":17.0,"nighttime_stress_f":-6.2,"daytime_peak_f_climrel":0.155,"heat_anomaly_f_climrel":0.155,"nighttime_stress_f_climrel":-0.3,"extreme_pct_climrel":0.425,"ref_daytime_hi_mean":84.3,"ref_daytime_hi_p95":96.8,"rwi_mean":null,"health_per_10k":0.0,"built_frac":0.505,"tree_frac":0.271,"canopy_frac_over_3m":0.22,"viirs_mean":37.7,"gdl_hdi":0.961,"gdl_region":"Massachusetts","ghsl_smod":30,"lst_anomaly_c":0.71,"lst_anomaly_c_climrel":0.0887,"worldpop_pop_total":4156.0,"frac_under5":5.7,"frac_elderly_65plus":10.7,"frac_elderly_75plus":4.2,"old_age_dependency_ratio":0.149,"has_data":true},"geometry":{"type":"Polygon","coordinates":[[[-71.343544,42.64029],[-71.339705,42.642093],[-71.338061,42.643379],[-71.33711,42.644945],[-71.336064,42.646078],[-71.334602,42.647133],[-71.333946,42.647462],[-71.333328,42.647482],[-71.330284,42.648882],[-71.32996,42.649231],[-71.330541,42.649614],[-71.329681,42.650751],[-71.324397,42.651888],[-71.323307,42.651085],[-71.325548,42.649649],[-71.324008,42.647907],[-71.321855,42.64553],[-71.325403,42.644465],[-71.326227,42.644292],[-71.325866,42.643098],[-71.325058,42.640255],[-71.328497,42.640808],[-71.330607,42.640909],[-71.332895,42.640527],[-71.343672,42.638838],[-71.343544,42.64029]]]}},{"type":"Feature","properties":{"unit_id":"25025130101","name":"Census Tract 1301.01 \u2014 Suffolk","native_id":"25025130101","source":"census_tract_2025","adm3_name":"Suffolk County","adm3_id":"25025","area_sqm":2667966,"split":false,"population":2897.0,"days_covered":18,"daytime_peak_f":87.1,"heat_anomaly_f":2.7,"extreme_pct":17.0,"nighttime_stress_f":-5.4,"daytime_peak_f_climrel":0.1532,"heat_anomaly_f_climrel":0.1532,"nighttime_stress_f_climrel":-0.3,"extreme_pct_climrel":0.425,"ref_daytime_hi_mean":84.4,"ref_daytime_hi_p95":98.1,"rwi_mean":null,"health_per_10k":10.355540214014498,"built_frac":0.263,"tree_frac":0.599,"canopy_frac_over_3m":0.475,"viirs_mean":12.4,"gdl_hdi":0.961,"gdl_region":"Massachusetts","ghsl_smod":30,"lst_anomaly_c":-1.2,"lst_anomaly_c_climrel":0,"worldpop_pop_total":5496.0,"frac_under5":6.0,"frac_elderly_65plus":21.3,"frac_elderly_75plus":8.8,"old_age_dependency_ratio":0.33,"has_data":true},"geometry":{"type":"Polygon","coordinates":[[[-71.178636,42.294595],[-71.169808,42.300443],[-71.164702,42.30383],[-71.153691,42.295746],[-71.152113,42.294588],[-71.1503,42.29553],[-71.149376,42.293096],[-71.151439,42.292869],[-71.153486,42.293265],[-71.154309,42.292974],[-71.155656,42.292108],[-71.156177,42.29171],[-71.158683,42.291845],[-71.160629,42.291585],[-71.163971,42.288311],[-71.165318,42.287479],[-71.167734,42.28586],[-71.16605,42.283241],[-71.161901,42.279768],[-71.163369,42.279176],[-71.171218,42.279784],[-71.171099,42.28174],[-71.172416,42.285832],[-71.171569,42.287972],[-71.17623,42.293262],[-71.178636,42.294595]]]}},{"type":"Feature","properties":{"unit_id":"25017327101","name":"Census Tract 3271.01 \u2014 Middlesex","native_id":"25017327101","source":"census_tract_2025","adm3_name":"Middlesex County","adm3_id":"25017","area_sqm":26558688,"split":false,"population":2203.0,"days_covered":18,"daytime_peak_f":87.2,"heat_anomaly_f":3.0,"extreme_pct":17.0,"nighttime_stress_f":-7.3,"daytime_peak_f_climrel":0.1835,"heat_anomaly_f_climrel":0.1835,"nighttime_stress_f_climrel":-0.3,"extreme_pct_climrel":0.425,"ref_daytime_hi_mean":84.1,"ref_daytime_hi_p95":96.4,"rwi_mean":null,"health_per_10k":0.0,"built_frac":0.019,"tree_frac":0.841,"canopy_frac_over_3m":0.735,"viirs_mean":0.8,"gdl_hdi":0.961,"gdl_region":"Massachusetts","ghsl_smod":12,"lst_anomaly_c":-7.19,"lst_anomaly_c_climrel":0,"worldpop_pop_total":3458.0,"frac_under5":5.0,"frac_elderly_65plus":16.0,"frac_elderly_75plus":5.5,"old_age_dependency_ratio":0.241,"has_data":true},"geometry":{"type":"Polygon","coordinates":[[[-71.653497,42.675142],[-71.650721,42.69092],[-71.6518259158306,42.705229714972],[-71.636214,42.704888],[-71.631814,42.704788],[-71.6306223191203,42.7047597596236],[-71.6197896004541,42.7045030465579],[-71.5673092780746,42.7032593712751],[-71.5426896188347,42.702675936184],[-71.5425377313421,42.702672336764],[-71.544392,42.698871],[-71.547792,42.696116],[-71.549359,42.694459],[-71.55311,42.692873],[-71.554301,42.691256],[-71.556445,42.689552],[-71.556753,42.688773],[-71.556382,42.684156],[-71.555695,42.682523],[-71.556053,42.68042],[-71.555529,42.678399],[-71.557396,42.676325],[-71.5616,42.675741],[-71.564712,42.671989],[-71.564667,42.673093],[-71.56929,42.671872],[-71.569916,42.672735],[-71.573639,42.671277],[-71.578281,42.672365],[-71.582512,42.675589],[-71.582712,42.676889],[-71.584512,42.677289],[-71.586792,42.680562],[-71.591313,42.682431],[-71.594083,42.683995],[-71.596396,42.684419],[-71.597466,42.682749],[-71.601019,42.680479],[-71.599836,42.674262],[-71.609172,42.675707],[-71.610776,42.672518],[-71.609984,42.669301],[-71.616092,42.670767],[-71.620747,42.67121],[-71.630463,42.671343],[-71.6345,42.67325],[-71.636719,42.671998],[-71.641677,42.670298],[-71.645209,42.670321],[-71.645284,42.671372],[-71.650996,42.673477],[-71.651454,42.674613],[-71.653497,42.675142]]]}},{"type":"Feature","properties":{"unit_id":"25017351102","name":"Census Tract 3511.02 \u2014 Middlesex","native_id":"25017351102","source":"census_tract_2025","adm3_name":"Middlesex County","adm3_id":"25017","area_sqm":241469,"split":false,"population":1985.530610730966,"days_covered":18,"daytime_peak_f":86.4,"heat_anomaly_f":3.6,"extreme_pct":22.0,"nighttime_stress_f":-3.6,"daytime_peak_f_climrel":0.1994,"heat_anomaly_f_climrel":0.1994,"nighttime_stress_f_climrel":-0.2085,"extreme_pct_climrel":0.55,"ref_daytime_hi_mean":82.8,"ref_daytime_hi_p95":97.0,"rwi_mean":null,"health_per_10k":5.036437084351238,"built_frac":0.677,"tree_frac":0.316,"canopy_frac_over_3m":0.234,"viirs_mean":38.1,"gdl_hdi":0.961,"gdl_region":"Massachusetts","ghsl_smod":30,"lst_anomaly_c":4.37,"lst_anomaly_c_climrel":0.5463,"worldpop_pop_total":1902.0,"frac_under5":4.8,"frac_elderly_65plus":9.4,"frac_elderly_75plus":4.2,"old_age_dependency_ratio":0.116,"has_data":true},"geometry":{"type":"Polygon","coordinates":[[[-71.110644,42.384831],[-71.108954,42.387462],[-71.108438,42.387185],[-71.105099,42.386031],[-71.104319,42.387163],[-71.09965,42.385523],[-71.100403,42.384362],[-71.101243,42.383195],[-71.102723,42.383621],[-71.106699,42.383688],[-71.106386,42.384152],[-71.109152,42.385135],[-71.110644,42.384831]]]}},{"type":"Feature","properties":{"unit_id":"25017341700","name":"Census Tract 3417 \u2014 Middlesex","native_id":"25017341700","source":"census_tract_2025","adm3_name":"Middlesex County","adm3_id":"25017","area_sqm":1098194,"split":false,"population":2649.0,"days_covered":18,"daytime_peak_f":86.8,"heat_anomaly_f":3.9,"extreme_pct":22.0,"nighttime_stress_f":-3.5,"daytime_peak_f_climrel":0.2108,"heat_anomaly_f_climrel":0.2108,"nighttime_stress_f_climrel":-0.1981,"extreme_pct_climrel":0.55,"ref_daytime_hi_mean":82.9,"ref_daytime_hi_p95":97.6,"rwi_mean":null,"health_per_10k":0.0,"built_frac":0.512,"tree_frac":0.474,"canopy_frac_over_3m":0.353,"viirs_mean":20.1,"gdl_hdi":0.961,"gdl_region":"Massachusetts","ghsl_smod":30,"lst_anomaly_c":2.02,"lst_anomaly_c_climrel":0.2525,"worldpop_pop_total":5490.0,"frac_under5":5.3,"frac_elderly_65plus":18.4,"frac_elderly_75plus":7.7,"old_age_dependency_ratio":0.279,"has_data":true},"geometry":{"type":"Polygon","coordinates":[[[-71.059499,42.434254],[-71.057789,42.434693],[-71.056641,42.434769],[-71.054247,42.43502],[-71.053272,42.435165],[-71.052328,42.435971],[-71.050204,42.436083],[-71.050298,42.437098],[-71.049715,42.439432],[-71.048175,42.439452],[-71.049197,42.441696],[-71.050272,42.4422],[-71.044176,42.442827],[-71.041387,42.440553],[-71.042135,42.438224],[-71.040791,42.438144],[-71.037129,42.436856],[-71.03772,42.436549],[-71.038755,42.434213],[-71.040208,42.433977],[-71.044315,42.433825],[-71.04611,42.433542],[-71.048034,42.432831],[-71.049013,42.432333],[-71.050538,42.431708],[-71.057796,42.430978],[-71.058015,42.430913],[-71.058319,42.431959],[-71.059499,42.434254]]]}},{"type":"Feature","properties":{"unit_id":"25017325101","name":"Census Tract 3251.01 \u2014 Middlesex","native_id":"25017325101","source":"census_tract_2025","adm3_name":"Middlesex County","adm3_id":"25017","area_sqm":11015118,"split":false,"population":2978.0,"days_covered":18,"daytime_peak_f":87.2,"heat_anomaly_f":2.9,"extreme_pct":17.0,"nighttime_stress_f":-7.2,"daytime_peak_f_climrel":0.1733,"heat_anomaly_f_climrel":0.1733,"nighttime_stress_f_climrel":-0.3,"extreme_pct_climrel":0.425,"ref_daytime_hi_mean":84.4,"ref_daytime_hi_p95":96.5,"rwi_mean":null,"health_per_10k":0.0,"built_frac":0.133,"tree_frac":0.672,"canopy_frac_over_3m":0.518,"viirs_mean":9.2,"gdl_hdi":0.961,"gdl_region":"Massachusetts","ghsl_smod":12,"lst_anomaly_c":-5.2,"lst_anomaly_c_climrel":0,"worldpop_pop_total":4225.0,"frac_under5":6.3,"frac_elderly_65plus":15.3,"frac_elderly_75plus":5.4,"old_age_dependency_ratio":0.226,"has_data":true},"geometry":{"type":"Polygon","coordinates":[[[-71.575681,42.551109],[-71.573092,42.55295],[-71.564471,42.557439],[-71.57106,42.556257],[-71.57762,42.557617],[-71.57699,42.558226],[-71.576013,42.561307],[-71.572608,42.567054],[-71.572726,42.568887],[-71.573146,42.57006],[-71.573124,42.570645],[-71.571404,42.571013],[-71.565674,42.575731],[-71.563178,42.577281],[-71.511459,42.569386],[-71.520892,42.564311],[-71.523187,42.559826],[-71.52788,42.556226],[-71.532379,42.553829],[-71.533031,42.55273],[-71.542323,42.550334],[-71.53878,42.54303],[-71.556019,42.546119],[-71.57541,42.549593],[-71.57794,42.550046],[-71.575681,42.551109]]]}},{"type":"Feature","properties":{"unit_id":"25017325102","name":"Census Tract 3251.02 \u2014 Middlesex","native_id":"25017325102","source":"census_tract_2025","adm3_name":"Middlesex County","adm3_id":"25017","area_sqm":12161306,"split":false,"population":6003.0,"days_covered":18,"daytime_peak_f":87.2,"heat_anomaly_f":2.7,"extreme_pct":17.0,"nighttime_stress_f":-7.4,"daytime_peak_f_climrel":0.1649,"heat_anomaly_f_climrel":0.1649,"nighttime_stress_f_climrel":-0.3,"extreme_pct_climrel":0.425,"ref_daytime_hi_mean":84.5,"ref_daytime_hi_p95":96.5,"rwi_mean":null,"health_per_10k":1.665833749791771,"built_frac":0.197,"tree_frac":0.573,"canopy_frac_over_3m":0.453,"viirs_mean":9.0,"gdl_hdi":0.961,"gdl_region":"Massachusetts","ghsl_smod":12,"lst_anomaly_c":-3.0,"lst_anomaly_c_climrel":0,"worldpop_pop_total":4390.0,"frac_under5":4.0,"frac_elderly_65plus":20.2,"frac_elderly_75plus":9.8,"old_age_dependency_ratio":0.305,"has_data":true},"geometry":{"type":"Polygon","coordinates":[[[-71.615548,42.553645],[-71.611476,42.55384],[-71.610834,42.554759],[-71.612509,42.558921],[-71.6114,42.561738],[-71.609027,42.563975],[-71.60861,42.565456],[-71.606626,42.566316],[-71.611257,42.568379],[-71.612481,42.571841],[-71.614125,42.572115],[-71.615964,42.574931],[-71.614672,42.575092],[-71.612924,42.577022],[-71.6096,42.578115],[-71.609943,42.57978],[-71.609192,42.581215],[-71.607257,42.582938],[-71.602362,42.58202],[-71.600847,42.582998],[-71.586244,42.580783],[-71.563178,42.577281],[-71.565674,42.575731],[-71.571404,42.571013],[-71.573124,42.570645],[-71.573146,42.57006],[-71.572726,42.568887],[-71.572608,42.567054],[-71.576013,42.561307],[-71.57699,42.558226],[-71.57762,42.557617],[-71.57106,42.556257],[-71.564471,42.557439],[-71.573092,42.55295],[-71.575681,42.551109],[-71.57794,42.550046],[-71.580287,42.550467],[-71.588559,42.546295],[-71.591124,42.544504],[-71.593012,42.543895],[-71.593189,42.543834],[-71.594624,42.543378],[-71.60229,42.545204],[-71.607852,42.54538],[-71.619927,42.552502],[-71.615548,42.553645]]]}},{"type":"Feature","properties":{"unit_id":"25017385201","name":"Census Tract 3852.01 \u2014 Middlesex","native_id":"25017385201","source":"census_tract_2025","adm3_name":"Middlesex County","adm3_id":"25017","area_sqm":5652562,"split":false,"population":1693.0,"days_covered":18,"daytime_peak_f":86.4,"heat_anomaly_f":2.3,"extreme_pct":17.0,"nighttime_stress_f":-6.0,"daytime_peak_f_climrel":0.1402,"heat_anomaly_f_climrel":0.1402,"nighttime_stress_f_climrel":-0.3,"extreme_pct_climrel":0.425,"ref_daytime_hi_mean":84.0,"ref_daytime_hi_p95":96.3,"rwi_mean":null,"health_per_10k":5.9066745422327225,"built_frac":0.05,"tree_frac":0.784,"canopy_frac_over_3m":0.633,"viirs_mean":4.1,"gdl_hdi":0.961,"gdl_region":"Massachusetts","ghsl_smod":12,"lst_anomaly_c":-7.43,"lst_anomaly_c_climrel":0,"worldpop_pop_total":2875.0,"frac_under5":5.1,"frac_elderly_65plus":23.7,"frac_elderly_75plus":9.7,"old_age_dependency_ratio":0.396,"has_data":true},"geometry":{"type":"Polygon","coordinates":[[[-71.486111,42.241332],[-71.476407,42.24575],[-71.471953,42.251243],[-71.467387,42.255253],[-71.467119,42.255688],[-71.464056,42.259539],[-71.454155,42.249652],[-71.450967,42.244691],[-71.449563,42.242729],[-71.449015,42.236898],[-71.44606,42.234068],[-71.45856,42.23211],[-71.46711,42.230773],[-71.475359,42.229485],[-71.486273,42.232209],[-71.486111,42.241332]]]}},{"type":"Feature","properties":{"unit_id":"25025020305","name":"Census Tract 203.05 \u2014 Suffolk","native_id":"25025020305","source":"census_tract_2025","adm3_name":"Suffolk County","adm3_id":"25025","area_sqm":297773,"split":false,"population":6761.7995574368915,"days_covered":18,"daytime_peak_f":86.4,"heat_anomaly_f":3.6,"extreme_pct":22.0,"nighttime_stress_f":-3.6,"daytime_peak_f_climrel":0.1994,"heat_anomaly_f_climrel":0.1994,"nighttime_stress_f_climrel":-0.2085,"extreme_pct_climrel":0.55,"ref_daytime_hi_mean":82.8,"ref_daytime_hi_p95":97.0,"rwi_mean":null,"health_per_10k":2.9577924974133873,"built_frac":0.732,"tree_frac":0.079,"canopy_frac_over_3m":0.029,"viirs_mean":156.9,"gdl_hdi":0.961,"gdl_region":"Massachusetts","ghsl_smod":30,"lst_anomaly_c":-0.18,"lst_anomaly_c_climrel":0,"worldpop_pop_total":3737.0,"frac_under5":3.7,"frac_elderly_65plus":15.0,"frac_elderly_75plus":6.7,"old_age_dependency_ratio":0.192,"has_data":true},"geometry":{"type":"Polygon","coordinates":[[[-71.069478,42.369046],[-71.064059,42.369001],[-71.062994,42.368391],[-71.059795,42.368767],[-71.058525,42.366952],[-71.060673,42.365777],[-71.062941,42.364547],[-71.063388,42.364193],[-71.063716,42.362198],[-71.065134,42.362404],[-71.065368,42.364831],[-71.068696,42.365486],[-71.067606,42.366426],[-71.070575,42.368015],[-71.069478,42.369046]]]}},{"type":"Feature","properties":{"unit_id":"25025091400","name":"Census Tract 914 \u2014 Suffolk","native_id":"25025091400","source":"census_tract_2025","adm3_name":"Suffolk County","adm3_id":"25025","area_sqm":325020,"split":false,"population":3648.0,"days_covered":18,"daytime_peak_f":87.3,"heat_anomaly_f":2.9,"extreme_pct":17.0,"nighttime_stress_f":-5.1,"daytime_peak_f_climrel":0.1686,"heat_anomaly_f_climrel":0.1686,"nighttime_stress_f_climrel":-0.3,"extreme_pct_climrel":0.425,"ref_daytime_hi_mean":84.4,"ref_daytime_hi_p95":98.1,"rwi_mean":null,"health_per_10k":0.0,"built_frac":0.673,"tree_frac":0.322,"canopy_frac_over_3m":0.174,"viirs_mean":53.5,"gdl_hdi":0.961,"gdl_region":"Massachusetts","ghsl_smod":30,"lst_anomaly_c":2.64,"lst_anomaly_c_climrel":0.33,"worldpop_pop_total":2689.0,"frac_under5":5.8,"frac_elderly_65plus":13.4,"frac_elderly_75plus":5.8,"old_age_dependency_ratio":0.196,"has_data":true},"geometry":{"type":"Polygon","coordinates":[[[-71.072138,42.313657],[-71.073145,42.314217],[-71.072825,42.316544],[-71.073011,42.317035],[-71.070388,42.317441],[-71.069698,42.318947],[-71.068747,42.318594],[-71.066837,42.317816],[-71.0652,42.317071],[-71.067429,42.314603],[-71.068499,42.312726],[-71.06972,42.311639],[-71.070217,42.311334],[-71.071623,42.311881],[-71.073171,42.312222],[-71.072138,42.313657]]]}},{"type":"Feature","properties":{"unit_id":"25017314101","name":"Census Tract 3141.01 \u2014 Middlesex","native_id":"25017314101","source":"census_tract_2025","adm3_name":"Middlesex County","adm3_id":"25017","area_sqm":8081956,"split":false,"population":4636.0,"days_covered":18,"daytime_peak_f":87.0,"heat_anomaly_f":2.8,"extreme_pct":17.0,"nighttime_stress_f":-6.4,"daytime_peak_f_climrel":0.1637,"heat_anomaly_f_climrel":0.1637,"nighttime_stress_f_climrel":-0.3,"extreme_pct_climrel":0.425,"ref_daytime_hi_mean":84.2,"ref_daytime_hi_p95":96.4,"rwi_mean":null,"health_per_10k":2.1570319240724762,"built_frac":0.098,"tree_frac":0.716,"canopy_frac_over_3m":0.538,"viirs_mean":4.5,"gdl_hdi":0.961,"gdl_region":"Massachusetts","ghsl_smod":21,"lst_anomaly_c":-6.06,"lst_anomaly_c_climrel":0,"worldpop_pop_total":6924.0,"frac_under5":5.3,"frac_elderly_65plus":17.5,"frac_elderly_75plus":7.1,"old_age_dependency_ratio":0.266,"has_data":true},"geometry":{"type":"Polygon","coordinates":[[[-71.378762,42.683005],[-71.374014,42.68937],[-71.374367,42.693264],[-71.3697250416668,42.69857703283],[-71.367434834859,42.6985227596573],[-71.3651866518468,42.6984694823618],[-71.351874,42.698154],[-71.3517972926831,42.6981505873245],[-71.3516242384972,42.6981428882182],[-71.350298,42.695177],[-71.350376,42.693429],[-71.354246,42.688007],[-71.354994,42.684414],[-71.354431,42.682711],[-71.352941,42.679527],[-71.350899,42.67102],[-71.349599,42.667859],[-71.348799,42.666806],[-71.344583,42.661088],[-71.343117,42.659778],[-71.341801,42.657729],[-71.357523,42.654454],[-71.368882,42.661753],[-71.366434,42.666678],[-71.369626,42.669334],[-71.371579,42.664145],[-71.373365,42.666123],[-71.376726,42.678065],[-71.378762,42.683005]]]}},{"type":"Feature","properties":{"unit_id":"25017361300","name":"Census Tract 3613 \u2014 Middlesex","native_id":"25017361300","source":"census_tract_2025","adm3_name":"Middlesex County","adm3_id":"25017","area_sqm":33926663,"split":false,"population":6707.0,"days_covered":18,"daytime_peak_f":86.9,"heat_anomaly_f":2.9,"extreme_pct":17.0,"nighttime_stress_f":-6.0,"daytime_peak_f_climrel":0.1747,"heat_anomaly_f_climrel":0.1747,"nighttime_stress_f_climrel":-0.3,"extreme_pct_climrel":0.425,"ref_daytime_hi_mean":84.0,"ref_daytime_hi_p95":96.5,"rwi_mean":null,"health_per_10k":1.4909795735798421,"built_frac":0.028,"tree_frac":0.796,"canopy_frac_over_3m":0.644,"viirs_mean":3.1,"gdl_hdi":0.961,"gdl_region":"Massachusetts","ghsl_smod":12,"lst_anomaly_c":-7.23,"lst_anomaly_c_climrel":0,"worldpop_pop_total":6402.0,"frac_under5":3.5,"frac_elderly_65plus":22.2,"frac_elderly_75plus":9.7,"old_age_dependency_ratio":0.367,"has_data":true},"geometry":{"type":"Polygon","coordinates":[[[-71.408132,42.470036],[-71.393882,42.491215],[-71.384957,42.504466],[-71.369926,42.503723],[-71.353624,42.50292],[-71.317538,42.502425],[-71.318305,42.498194],[-71.318585,42.491157],[-71.319303,42.486289],[-71.316987,42.484181],[-71.317214,42.483561],[-71.318488,42.482673],[-71.320806,42.482184],[-71.321268,42.480515],[-71.318636,42.478622],[-71.318562,42.478538],[-71.316947,42.476682],[-71.313768,42.474182],[-71.309465,42.476404],[-71.306552,42.474427],[-71.303804,42.47444],[-71.301868,42.473266],[-71.304106,42.473039],[-71.304315,42.4714],[-71.302553,42.471264],[-71.299777,42.466833],[-71.301172,42.466001],[-71.298845,42.462669],[-71.302282,42.46201],[-71.303191,42.461254],[-71.304804,42.45276],[-71.309594,42.453107],[-71.310778,42.453504],[-71.311323,42.453754],[-71.312667,42.454566],[-71.313618,42.455023],[-71.32013,42.449866],[-71.333575,42.439249],[-71.334284,42.440145],[-71.339305,42.443371],[-71.343394,42.449128],[-71.349791,42.45262],[-71.356078,42.456015],[-71.359008,42.458639],[-71.35605,42.462036],[-71.35837,42.463957],[-71.357974,42.465404],[-71.3622,42.464572],[-71.363729,42.46586],[-71.363653,42.46746],[-71.362561,42.46944],[-71.362755,42.470593],[-71.365228,42.470995],[-71.368955,42.472584],[-71.370919,42.472208],[-71.373226,42.47069],[-71.376941,42.471275],[-71.378575,42.470807],[-71.380422,42.469041],[-71.383596,42.468859],[-71.385962,42.467108],[-71.39127,42.4658],[-71.391393,42.465761],[-71.396689,42.466945],[-71.397793,42.466464],[-71.397744,42.467494],[-71.408455,42.469552],[-71.408132,42.470036]]]}},{"type":"Feature","properties":{"unit_id":"25017320106","name":"Census Tract 3201.06 \u2014 Middlesex","native_id":"25017320106","source":"census_tract_2025","adm3_name":"Middlesex County","adm3_id":"25017","area_sqm":17823576,"split":false,"population":6157.0,"days_covered":18,"daytime_peak_f":86.4,"heat_anomaly_f":2.3,"extreme_pct":17.0,"nighttime_stress_f":-6.0,"daytime_peak_f_climrel":0.1402,"heat_anomaly_f_climrel":0.1402,"nighttime_stress_f_climrel":-0.3,"extreme_pct_climrel":0.425,"ref_daytime_hi_mean":84.0,"ref_daytime_hi_p95":96.3,"rwi_mean":null,"health_per_10k":9.74500568458665,"built_frac":0.058,"tree_frac":0.867,"canopy_frac_over_3m":0.733,"viirs_mean":5.3,"gdl_hdi":0.961,"gdl_region":"Massachusetts","ghsl_smod":12,"lst_anomaly_c":-6.97,"lst_anomaly_c_climrel":0,"worldpop_pop_total":6783.0,"frac_under5":5.1,"frac_elderly_65plus":14.9,"frac_elderly_75plus":5.8,"old_age_dependency_ratio":0.231,"has_data":true},"geometry":{"type":"Polygon","coordinates":[[[-71.5511,42.230007],[-71.544678,42.228702],[-71.54282,42.228208],[-71.540064,42.227804],[-71.536814,42.225805],[-71.535341,42.225459],[-71.529879,42.225109],[-71.522781,42.228267],[-71.519074,42.22924],[-71.517951,42.230003],[-71.516364,42.231791],[-71.513264,42.233057],[-71.508855,42.234868],[-71.508241,42.233209],[-71.503234,42.232129],[-71.502637,42.229405],[-71.501714,42.228758],[-71.504146,42.226751],[-71.502172,42.224795],[-71.498121,42.222659],[-71.496883,42.221452],[-71.497058,42.219666],[-71.494686,42.218488],[-71.496651,42.215411],[-71.495716,42.21],[-71.482966,42.207523],[-71.480798,42.206039],[-71.479593,42.205559],[-71.482345,42.204035],[-71.496335,42.195058],[-71.502626,42.191416],[-71.506894,42.188927],[-71.523219,42.189332],[-71.53589,42.189649],[-71.538914,42.197971],[-71.541956,42.203899],[-71.544159,42.209611],[-71.546473,42.213923],[-71.549963,42.220999],[-71.5511,42.230007]]]}},{"type":"Feature","properties":{"unit_id":"25017315200","name":"Census Tract 3152 \u2014 Middlesex","native_id":"25017315200","source":"census_tract_2025","adm3_name":"Middlesex County","adm3_id":"25017","area_sqm":15224830,"split":false,"population":8603.0,"days_covered":18,"daytime_peak_f":86.6,"heat_anomaly_f":2.5,"extreme_pct":17.0,"nighttime_stress_f":-5.3,"daytime_peak_f_climrel":0.1456,"heat_anomaly_f_climrel":0.1456,"nighttime_stress_f_climrel":-0.3,"extreme_pct_climrel":0.425,"ref_daytime_hi_mean":84.1,"ref_daytime_hi_p95":97.1,"rwi_mean":null,"health_per_10k":0.0,"built_frac":0.105,"tree_frac":0.749,"canopy_frac_over_3m":0.503,"viirs_mean":9.4,"gdl_hdi":0.961,"gdl_region":"Massachusetts","ghsl_smod":21,"lst_anomaly_c":-5.82,"lst_anomaly_c_climrel":0,"worldpop_pop_total":8824.0,"frac_under5":4.8,"frac_elderly_65plus":23.9,"frac_elderly_75plus":11.5,"old_age_dependency_ratio":0.386,"has_data":true},"geometry":{"type":"Polygon","coordinates":[[[-71.265473,42.603838],[-71.26078,42.605617],[-71.257986,42.608288],[-71.252776,42.611731],[-71.250671,42.612829],[-71.248339,42.617409],[-71.248157,42.618445],[-71.246664,42.622022],[-71.240403,42.638744],[-71.23829,42.642564],[-71.239065,42.648915],[-71.229261,42.644207],[-71.198951,42.629652],[-71.200732,42.627746],[-71.201444,42.625734],[-71.204704,42.623402],[-71.208618,42.622044],[-71.210457,42.62066],[-71.21408,42.620369],[-71.215498,42.618051],[-71.215135,42.616372],[-71.215167,42.612717],[-71.215684,42.612709],[-71.221277,42.611728],[-71.225775,42.607618],[-71.226174,42.606501],[-71.224612,42.604434],[-71.227863,42.604002],[-71.228092,42.603528],[-71.228587,42.601914],[-71.229409,42.600647],[-71.235394,42.597517],[-71.240747,42.592285],[-71.240784,42.590567],[-71.237027,42.585311],[-71.251331,42.591909],[-71.262263,42.596947],[-71.272883,42.601853],[-71.265473,42.603838]]]}},{"type":"Feature","properties":{"unit_id":"25017330202","name":"Census Tract 3302.02 \u2014 Middlesex","native_id":"25017330202","source":"census_tract_2025","adm3_name":"Middlesex County","adm3_id":"25017","area_sqm":7280682,"split":false,"population":5705.0,"days_covered":18,"daytime_peak_f":86.4,"heat_anomaly_f":2.8,"extreme_pct":17.0,"nighttime_stress_f":-4.9,"daytime_peak_f_climrel":0.1604,"heat_anomaly_f_climrel":0.1604,"nighttime_stress_f_climrel":-0.2853,"extreme_pct_climrel":0.425,"ref_daytime_hi_mean":83.7,"ref_daytime_hi_p95":96.3,"rwi_mean":null,"health_per_10k":5.258545135845749,"built_frac":0.148,"tree_frac":0.722,"canopy_frac_over_3m":0.489,"viirs_mean":13.7,"gdl_hdi":0.961,"gdl_region":"Massachusetts","ghsl_smod":21,"lst_anomaly_c":-5.29,"lst_anomaly_c_climrel":0,"worldpop_pop_total":4169.0,"frac_under5":4.9,"frac_elderly_65plus":19.0,"frac_elderly_75plus":8.1,"old_age_dependency_ratio":0.287,"has_data":true},"geometry":{"type":"Polygon","coordinates":[[[-71.136742,42.553464],[-71.131635,42.577893],[-71.130543,42.583117],[-71.135456,42.599116],[-71.12136,42.60028],[-71.119661,42.595312],[-71.116318,42.58906],[-71.112752,42.582288],[-71.110607,42.57462],[-71.107784,42.564573],[-71.110284,42.561412],[-71.113135,42.560869],[-71.11603,42.561961],[-71.12069,42.560562],[-71.123017,42.558565],[-71.12728,42.554262],[-71.129483,42.554519],[-71.13128,42.552685],[-71.136478,42.552367],[-71.136742,42.553464]]]}},{"type":"Feature","properties":{"unit_id":"25017388200","name":"Census Tract 3882 \u2014 Middlesex","native_id":"25017388200","source":"census_tract_2025","adm3_name":"Middlesex County","adm3_id":"25017","area_sqm":40966099,"split":false,"population":6937.0,"days_covered":18,"daytime_peak_f":87.2,"heat_anomaly_f":2.7,"extreme_pct":17.0,"nighttime_stress_f":-7.4,"daytime_peak_f_climrel":0.1649,"heat_anomaly_f_climrel":0.1649,"nighttime_stress_f_climrel":-0.3,"extreme_pct_climrel":0.425,"ref_daytime_hi_mean":84.5,"ref_daytime_hi_p95":96.5,"rwi_mean":null,"health_per_10k":0.0,"built_frac":0.039,"tree_frac":0.835,"canopy_frac_over_3m":0.723,"viirs_mean":2.5,"gdl_hdi":0.961,"gdl_region":"Massachusetts","ghsl_smod":12,"lst_anomaly_c":-6.72,"lst_anomaly_c_climrel":0,"worldpop_pop_total":7074.0,"frac_under5":3.8,"frac_elderly_65plus":17.5,"frac_elderly_75plus":6.4,"old_age_dependency_ratio":0.251,"has_data":true},"geometry":{"type":"Polygon","coordinates":[[[-71.677691,42.539411],[-71.671902,42.571403],[-71.668029,42.592719],[-71.664601,42.611598],[-71.660473,42.635088],[-71.659039,42.634032],[-71.658242,42.634544],[-71.657686,42.633281],[-71.653085,42.630555],[-71.651761,42.630319],[-71.650361,42.629024],[-71.649602,42.62729],[-71.647935,42.624904],[-71.64714,42.626575],[-71.645895,42.625704],[-71.646038,42.623652],[-71.64421,42.622242],[-71.64373,42.619618],[-71.64467,42.618104],[-71.643303,42.616875],[-71.644019,42.616482],[-71.642322,42.614611],[-71.638025,42.613482],[-71.635713,42.612409],[-71.633844,42.612518],[-71.635375,42.610751],[-71.634804,42.609272],[-71.632269,42.607562],[-71.630077,42.607107],[-71.630346,42.603725],[-71.628927,42.602294],[-71.627606,42.602883],[-71.628311,42.600268],[-71.62619,42.598404],[-71.626038,42.596006],[-71.626647,42.594773],[-71.626036,42.593566],[-71.623308,42.592833],[-71.624138,42.590955],[-71.620367,42.587576],[-71.61888,42.587584],[-71.619303,42.585521],[-71.618253,42.586248],[-71.615594,42.586236],[-71.613832,42.585439],[-71.614802,42.584367],[-71.613297,42.582939],[-71.61348,42.581561],[-71.610827,42.582592],[-71.61085,42.581141],[-71.609192,42.581215],[-71.609943,42.57978],[-71.6096,42.578115],[-71.612924,42.577022],[-71.614672,42.575092],[-71.615964,42.574931],[-71.614125,42.572115],[-71.612481,42.571841],[-71.611257,42.568379],[-71.606626,42.566316],[-71.60861,42.565456],[-71.609027,42.563975],[-71.6114,42.561738],[-71.612509,42.558921],[-71.610834,42.554759],[-71.611476,42.55384],[-71.615548,42.553645],[-71.619927,42.552502],[-71.621097,42.551934],[-71.625126,42.550099],[-71.628475,42.548001],[-71.632017,42.544518],[-71.634011,42.540876],[-71.635885,42.540001],[-71.636432,42.534367],[-71.63665,42.533127],[-71.639206,42.530957],[-71.638938,42.528783],[-71.635869,42.524024],[-71.665328,42.528397],[-71.675741,42.529951],[-71.678969,42.53043],[-71.677691,42.539411]]]}},{"type":"Feature","properties":{"unit_id":"25025091100","name":"Census Tract 911 \u2014 Suffolk","native_id":"25025091100","source":"census_tract_2025","adm3_name":"Suffolk County","adm3_id":"25025","area_sqm":422042,"split":false,"population":2834.0,"days_covered":18,"daytime_peak_f":87.3,"heat_anomaly_f":2.9,"extreme_pct":17.0,"nighttime_stress_f":-5.1,"daytime_peak_f_climrel":0.1686,"heat_anomaly_f_climrel":0.1686,"nighttime_stress_f_climrel":-0.3,"extreme_pct_climrel":0.425,"ref_daytime_hi_mean":84.4,"ref_daytime_hi_p95":98.1,"rwi_mean":null,"health_per_10k":0.0,"built_frac":0.889,"tree_frac":0.11,"canopy_frac_over_3m":0.086,"viirs_mean":62.8,"gdl_hdi":0.961,"gdl_region":"Massachusetts","ghsl_smod":30,"lst_anomaly_c":4.24,"lst_anomaly_c_climrel":0.53,"worldpop_pop_total":4584.0,"frac_under5":4.1,"frac_elderly_65plus":11.5,"frac_elderly_75plus":4.1,"old_age_dependency_ratio":0.148,"has_data":true},"geometry":{"type":"Polygon","coordinates":[[[-71.060018,42.314738],[-71.059623,42.315986],[-71.059544,42.316202],[-71.058834,42.3186],[-71.058717,42.318738],[-71.056726,42.31849],[-71.056724,42.318663],[-71.05257,42.319363],[-71.052166,42.318815],[-71.051981,42.314975],[-71.052165,42.313844],[-71.05315,42.311336],[-71.054983,42.312331],[-71.055387,42.312569],[-71.057207,42.31296],[-71.058881,42.312771],[-71.05996,42.314264],[-71.060018,42.314738]]]}},{"type":"Feature","properties":{"unit_id":"25017374400","name":"Census Tract 3744 \u2014 Middlesex","native_id":"25017374400","source":"census_tract_2025","adm3_name":"Middlesex County","adm3_id":"25017","area_sqm":4258902,"split":false,"population":5083.0,"days_covered":18,"daytime_peak_f":87.1,"heat_anomaly_f":2.7,"extreme_pct":17.0,"nighttime_stress_f":-5.4,"daytime_peak_f_climrel":0.1532,"heat_anomaly_f_climrel":0.1532,"nighttime_stress_f_climrel":-0.3,"extreme_pct_climrel":0.425,"ref_daytime_hi_mean":84.4,"ref_daytime_hi_p95":98.1,"rwi_mean":null,"health_per_10k":0.0,"built_frac":0.107,"tree_frac":0.757,"canopy_frac_over_3m":0.48,"viirs_mean":12.5,"gdl_hdi":0.961,"gdl_region":"Massachusetts","ghsl_smod":30,"lst_anomaly_c":-3.83,"lst_anomaly_c_climrel":0,"worldpop_pop_total":5877.0,"frac_under5":4.2,"frac_elderly_65plus":25.4,"frac_elderly_75plus":11.6,"old_age_dependency_ratio":0.457,"has_data":true},"geometry":{"type":"Polygon","coordinates":[[[-71.243948,42.334405],[-71.240689,42.334222],[-71.241037,42.337582],[-71.239556,42.340063],[-71.238625,42.341047],[-71.236415,42.343196],[-71.234514,42.344555],[-71.231853,42.342504],[-71.227102,42.345246],[-71.228951,42.347867],[-71.225158,42.348197],[-71.222953,42.348469],[-71.214386,42.350211],[-71.210748,42.350697],[-71.210803,42.350556],[-71.210699,42.34913],[-71.211239,42.344185],[-71.211546,42.342407],[-71.211573,42.33802],[-71.21547,42.336925],[-71.21708,42.337037],[-71.217586,42.333886],[-71.218047,42.333062],[-71.21711,42.331993],[-71.214698,42.332059],[-71.21408,42.331064],[-71.218062,42.330646],[-71.218868,42.330564],[-71.226344,42.328995],[-71.228163,42.328234],[-71.229547,42.327457],[-71.231194,42.326252],[-71.233321,42.327832],[-71.238108,42.330313],[-71.244888,42.3337],[-71.243948,42.334405]]]}},{"type":"Feature","properties":{"unit_id":"25017367100","name":"Census Tract 3671 \u2014 Middlesex","native_id":"25017367100","source":"census_tract_2025","adm3_name":"Middlesex County","adm3_id":"25017","area_sqm":17694946,"split":false,"population":4166.0,"days_covered":18,"daytime_peak_f":87.0,"heat_anomaly_f":2.7,"extreme_pct":17.0,"nighttime_stress_f":-5.7,"daytime_peak_f_climrel":0.1573,"heat_anomaly_f_climrel":0.1573,"nighttime_stress_f_climrel":-0.3,"extreme_pct_climrel":0.425,"ref_daytime_hi_mean":84.4,"ref_daytime_hi_p95":97.5,"rwi_mean":null,"health_per_10k":0.0,"built_frac":0.022,"tree_frac":0.931,"canopy_frac_over_3m":0.764,"viirs_mean":3.6,"gdl_hdi":0.961,"gdl_region":"Massachusetts","ghsl_smod":12,"lst_anomaly_c":-7.78,"lst_anomaly_c_climrel":0,"worldpop_pop_total":4579.0,"frac_under5":4.6,"frac_elderly_65plus":22.6,"frac_elderly_75plus":11.1,"old_age_dependency_ratio":0.387,"has_data":true},"geometry":{"type":"Polygon","coordinates":[[[-71.335878,42.393942],[-71.334569,42.396114],[-71.321524,42.392683],[-71.317749,42.392169],[-71.315244,42.39348],[-71.313524,42.39628],[-71.312223,42.395824],[-71.311018,42.397845],[-71.309941,42.399633],[-71.29952,42.401274],[-71.293379,42.402241],[-71.282825,42.399728],[-71.279583,42.398752],[-71.276172,42.392916],[-71.267761,42.390141],[-71.275992,42.375888],[-71.276517,42.374965],[-71.273623,42.373736],[-71.27075,42.369514],[-71.274458,42.367652],[-71.278974,42.36731],[-71.288045,42.367708],[-71.296626,42.366744],[-71.302018,42.364952],[-71.309902,42.363953],[-71.311784,42.364018],[-71.314113,42.364573],[-71.316327,42.364833],[-71.322461,42.364448],[-71.332195,42.361756],[-71.332887,42.367818],[-71.334986,42.386237],[-71.335878,42.393942]]]}},{"type":"Feature","properties":{"unit_id":"25017360300","name":"Census Tract 3603 \u2014 Middlesex","native_id":"25017360300","source":"census_tract_2025","adm3_name":"Middlesex County","adm3_id":"25017","area_sqm":36038216,"split":false,"population":7762.0,"days_covered":18,"daytime_peak_f":87.0,"heat_anomaly_f":2.7,"extreme_pct":17.0,"nighttime_stress_f":-5.7,"daytime_peak_f_climrel":0.1573,"heat_anomaly_f_climrel":0.1573,"nighttime_stress_f_climrel":-0.3,"extreme_pct_climrel":0.425,"ref_daytime_hi_mean":84.4,"ref_daytime_hi_p95":97.5,"rwi_mean":null,"health_per_10k":1.2883277505797475,"built_frac":0.035,"tree_frac":0.83,"canopy_frac_over_3m":0.713,"viirs_mean":3.6,"gdl_hdi":0.961,"gdl_region":"Massachusetts","ghsl_smod":12,"lst_anomaly_c":-7.91,"lst_anomaly_c_climrel":0,"worldpop_pop_total":7020.0,"frac_under5":5.6,"frac_elderly_65plus":27.0,"frac_elderly_75plus":14.7,"old_age_dependency_ratio":0.496,"has_data":true},"geometry":{"type":"Polygon","coordinates":[[[-71.365212,42.413353],[-71.363928,42.416022],[-71.364573,42.420079],[-71.362562,42.421056],[-71.359152,42.420666],[-71.357084,42.419826],[-71.354507,42.422046],[-71.35256,42.426923],[-71.335379,42.437776],[-71.333575,42.439249],[-71.32013,42.449866],[-71.313618,42.455023],[-71.312667,42.454566],[-71.311323,42.453754],[-71.310778,42.453504],[-71.309594,42.453107],[-71.304804,42.45276],[-71.303191,42.461254],[-71.302282,42.46201],[-71.298845,42.462669],[-71.296496,42.457902],[-71.295229,42.458047],[-71.289582,42.457402],[-71.287705,42.457397],[-71.287301,42.457323],[-71.283841,42.458396],[-71.280401,42.460021],[-71.280354,42.460047],[-71.280121,42.460059],[-71.277889,42.46071],[-71.272695,42.459704],[-71.271244,42.452115],[-71.270955,42.450611],[-71.27052,42.448333],[-71.269018,42.440494],[-71.266669,42.431997],[-71.26615,42.429916],[-71.26723,42.424438],[-71.271765,42.416775],[-71.273865,42.410901],[-71.274421,42.409877],[-71.281416,42.41218],[-71.286031,42.404097],[-71.281205,42.402691],[-71.282825,42.399728],[-71.293379,42.402241],[-71.29952,42.401274],[-71.309941,42.399633],[-71.311018,42.397845],[-71.312223,42.395824],[-71.313524,42.39628],[-71.315244,42.39348],[-71.317749,42.392169],[-71.321524,42.392683],[-71.334569,42.396114],[-71.332599,42.399441],[-71.341222,42.402839],[-71.36634,42.41272],[-71.365212,42.413353]]]}},{"type":"Feature","properties":{"unit_id":"25025092000","name":"Census Tract 920 \u2014 Suffolk","native_id":"25025092000","source":"census_tract_2025","adm3_name":"Suffolk County","adm3_id":"25025","area_sqm":489739,"split":false,"population":2807.5727135413927,"days_covered":18,"daytime_peak_f":87.3,"heat_anomaly_f":2.9,"extreme_pct":17.0,"nighttime_stress_f":-5.1,"daytime_peak_f_climrel":0.1686,"heat_anomaly_f_climrel":0.1686,"nighttime_stress_f_climrel":-0.3,"extreme_pct_climrel":0.425,"ref_daytime_hi_mean":84.4,"ref_daytime_hi_p95":98.1,"rwi_mean":null,"health_per_10k":0.0,"built_frac":0.774,"tree_frac":0.215,"canopy_frac_over_3m":0.124,"viirs_mean":48.3,"gdl_hdi":0.961,"gdl_region":"Massachusetts","ghsl_smod":30,"lst_anomaly_c":3.34,"lst_anomaly_c_climrel":0.4175,"worldpop_pop_total":5177.0,"frac_under5":5.3,"frac_elderly_65plus":14.1,"frac_elderly_75plus":6.3,"old_age_dependency_ratio":0.208,"has_data":true},"geometry":{"type":"Polygon","coordinates":[[[-71.073641,42.299371],[-71.072927,42.299579],[-71.072299,42.299937],[-71.072011,42.301464],[-71.071569,42.30243],[-71.071426,42.303407],[-71.067367,42.301007],[-71.063465,42.301999],[-71.060576,42.303145],[-71.060149,42.30215],[-71.059796,42.301538],[-71.060015,42.300759],[-71.060163,42.300302],[-71.063426,42.299588],[-71.06432,42.299205],[-71.065538,42.298313],[-71.066413,42.297022],[-71.070249,42.295996],[-71.072117,42.295513],[-71.072269,42.296675],[-71.073072,42.298586],[-71.073641,42.299371]]]}},{"type":"Feature","properties":{"unit_id":"25025000301","name":"Census Tract 3.01 \u2014 Suffolk","native_id":"25025000301","source":"census_tract_2025","adm3_name":"Suffolk County","adm3_id":"25025","area_sqm":571431,"split":false,"population":1766.0,"days_covered":18,"daytime_peak_f":87.1,"heat_anomaly_f":3.0,"extreme_pct":17.0,"nighttime_stress_f":-5.1,"daytime_peak_f_climrel":0.1716,"heat_anomaly_f_climrel":0.1716,"nighttime_stress_f_climrel":-0.3,"extreme_pct_climrel":0.425,"ref_daytime_hi_mean":84.1,"ref_daytime_hi_p95":97.6,"rwi_mean":null,"health_per_10k":0.0,"built_frac":0.569,"tree_frac":0.423,"canopy_frac_over_3m":0.299,"viirs_mean":22.7,"gdl_hdi":0.961,"gdl_region":"Massachusetts","ghsl_smod":30,"lst_anomaly_c":0.24,"lst_anomaly_c_climrel":0.03,"worldpop_pop_total":3145.0,"frac_under5":4.0,"frac_elderly_65plus":12.7,"frac_elderly_75plus":7.2,"old_age_dependency_ratio":0.159,"has_data":true},"geometry":{"type":"Polygon","coordinates":[[[-71.173935,42.353397],[-71.171387,42.356089],[-71.169474,42.358047],[-71.162894,42.357953],[-71.161769,42.35818],[-71.162557,42.355534],[-71.162785,42.354822],[-71.164216,42.355519],[-71.165196,42.353316],[-71.167643,42.353787],[-71.167806,42.352837],[-71.167584,42.351212],[-71.167605,42.350604],[-71.168111,42.350663],[-71.169702,42.349411],[-71.174798,42.350265],[-71.173935,42.353397]]]}},{"type":"Feature","properties":{"unit_id":"25017359303","name":"Census Tract 3593.03 \u2014 Middlesex","native_id":"25017359303","source":"census_tract_2025","adm3_name":"Middlesex County","adm3_id":"25017","area_sqm":20538148,"split":false,"population":9528.0,"days_covered":18,"daytime_peak_f":86.9,"heat_anomaly_f":2.9,"extreme_pct":17.0,"nighttime_stress_f":-6.0,"daytime_peak_f_climrel":0.1747,"heat_anomaly_f_climrel":0.1747,"nighttime_stress_f_climrel":-0.3,"extreme_pct_climrel":0.425,"ref_daytime_hi_mean":84.0,"ref_daytime_hi_p95":96.5,"rwi_mean":null,"health_per_10k":5.247691015952981,"built_frac":0.1,"tree_frac":0.78,"canopy_frac_over_3m":0.638,"viirs_mean":6.7,"gdl_hdi":0.961,"gdl_region":"Massachusetts","ghsl_smod":21,"lst_anomaly_c":-5.95,"lst_anomaly_c_climrel":0,"worldpop_pop_total":7950.0,"frac_under5":4.6,"frac_elderly_65plus":19.0,"frac_elderly_75plus":8.6,"old_age_dependency_ratio":0.31,"has_data":true},"geometry":{"type":"Polygon","coordinates":[[[-71.320806,42.482184],[-71.318488,42.482673],[-71.317214,42.483561],[-71.316987,42.484181],[-71.319303,42.486289],[-71.318585,42.491157],[-71.318305,42.498194],[-71.317538,42.502425],[-71.317708,42.504796],[-71.316606,42.507091],[-71.31409,42.509086],[-71.308658,42.513254],[-71.306653,42.514051],[-71.306233,42.514564],[-71.306904,42.517492],[-71.306699,42.520593],[-71.304127,42.519954],[-71.303508,42.520069],[-71.283478,42.525674],[-71.282117,42.519461],[-71.275905,42.514752],[-71.275548,42.513802],[-71.275397,42.510473],[-71.276653,42.504023],[-71.275445,42.501512],[-71.275593,42.499131],[-71.275086,42.495019],[-71.276101,42.491189],[-71.276535,42.487097],[-71.277504,42.486088],[-71.277485,42.485809],[-71.275215,42.485642],[-71.273618,42.484869],[-71.262424,42.474903],[-71.26331,42.473591],[-71.264787,42.471408],[-71.265314,42.470601],[-71.267654,42.467162],[-71.272695,42.459704],[-71.277889,42.46071],[-71.280121,42.460059],[-71.280354,42.460047],[-71.280584,42.459994],[-71.28184,42.45964],[-71.28294,42.461171],[-71.287468,42.464539],[-71.289676,42.466182],[-71.29872,42.472909],[-71.300818,42.473652],[-71.301868,42.473266],[-71.303804,42.47444],[-71.306552,42.474427],[-71.309465,42.476404],[-71.313768,42.474182],[-71.316947,42.476682],[-71.318562,42.478538],[-71.318636,42.478622],[-71.321268,42.480515],[-71.320806,42.482184]]]}},{"type":"Feature","properties":{"unit_id":"25025100603","name":"Census Tract 1006.03 \u2014 Suffolk","native_id":"25025100603","source":"census_tract_2025","adm3_name":"Suffolk County","adm3_id":"25025","area_sqm":872496,"split":false,"population":2970.0,"days_covered":18,"daytime_peak_f":86.6,"heat_anomaly_f":4.2,"extreme_pct":28.0,"nighttime_stress_f":-3.3,"daytime_peak_f_climrel":0.2575,"heat_anomaly_f_climrel":0.2575,"nighttime_stress_f_climrel":-0.196,"extreme_pct_climrel":0.7,"ref_daytime_hi_mean":82.4,"ref_daytime_hi_p95":95.6,"rwi_mean":null,"health_per_10k":0.0,"built_frac":0.695,"tree_frac":0.146,"canopy_frac_over_3m":0.081,"viirs_mean":65.8,"gdl_hdi":0.961,"gdl_region":"Massachusetts","ghsl_smod":30,"lst_anomaly_c":1.08,"lst_anomaly_c_climrel":0.135,"worldpop_pop_total":2201.0,"frac_under5":6.3,"frac_elderly_65plus":12.6,"frac_elderly_75plus":6.3,"old_age_dependency_ratio":0.172,"has_data":true},"geometry":{"type":"Polygon","coordinates":[[[-71.051472,42.289314],[-71.048418,42.290058],[-71.050633,42.292782],[-71.047986,42.293079],[-71.047456,42.293594],[-71.048293,42.298315],[-71.046786,42.298107],[-71.0437321577228,42.2929582753061],[-71.043697,42.292899],[-71.03988,42.292455],[-71.037974,42.288675],[-71.039306,42.285495],[-71.0381271228924,42.284715047516],[-71.03908,42.283966],[-71.041659,42.285415],[-71.043027,42.285922],[-71.04415,42.286455],[-71.048515,42.286135],[-71.04937,42.288012],[-71.051472,42.289314]]]}},{"type":"Feature","properties":{"unit_id":"25017315402","name":"Census Tract 3154.02 \u2014 Middlesex","native_id":"25017315402","source":"census_tract_2025","adm3_name":"Middlesex County","adm3_id":"25017","area_sqm":7847646,"split":false,"population":3015.0,"days_covered":18,"daytime_peak_f":86.6,"heat_anomaly_f":2.5,"extreme_pct":17.0,"nighttime_stress_f":-5.3,"daytime_peak_f_climrel":0.1456,"heat_anomaly_f_climrel":0.1456,"nighttime_stress_f_climrel":-0.3,"extreme_pct_climrel":0.425,"ref_daytime_hi_mean":84.1,"ref_daytime_hi_p95":97.1,"rwi_mean":null,"health_per_10k":0.0,"built_frac":0.11,"tree_frac":0.753,"canopy_frac_over_3m":0.541,"viirs_mean":8.0,"gdl_hdi":0.961,"gdl_region":"Massachusetts","ghsl_smod":21,"lst_anomaly_c":-5.96,"lst_anomaly_c_climrel":0,"worldpop_pop_total":3372.0,"frac_under5":3.8,"frac_elderly_65plus":21.0,"frac_elderly_75plus":8.6,"old_age_dependency_ratio":0.318,"has_data":true},"geometry":{"type":"Polygon","coordinates":[[[-71.215498,42.618051],[-71.21408,42.620369],[-71.210457,42.62066],[-71.208618,42.622044],[-71.204704,42.623402],[-71.201444,42.625734],[-71.200732,42.627746],[-71.198951,42.629652],[-71.176213,42.618724],[-71.175996,42.618621],[-71.171758,42.616545],[-71.17296,42.615012],[-71.176116,42.614611],[-71.178388,42.610799],[-71.177495,42.608958],[-71.182023,42.608431],[-71.181349,42.608373],[-71.164879,42.598021],[-71.165557,42.597622],[-71.175195,42.592266],[-71.180597,42.583629],[-71.186003,42.584985],[-71.186711,42.584915],[-71.186821,42.589751],[-71.184646,42.593615],[-71.182646,42.595092],[-71.184787,42.59761],[-71.186729,42.597582],[-71.189648,42.599438],[-71.190675,42.601847],[-71.192786,42.600802],[-71.193062,42.599741],[-71.193559,42.600014],[-71.193944,42.600796],[-71.191542,42.603091],[-71.193549,42.607265],[-71.195708,42.609705],[-71.195953,42.609948],[-71.201906,42.61246],[-71.202335,42.612525],[-71.209193,42.612269],[-71.215167,42.612717],[-71.215135,42.616372],[-71.215498,42.618051]]]}},{"type":"Feature","properties":{"unit_id":"25017314200","name":"Census Tract 3142 \u2014 Middlesex","native_id":"25017314200","source":"census_tract_2025","adm3_name":"Middlesex County","adm3_id":"25017","area_sqm":7426702,"split":false,"population":5164.0,"days_covered":18,"daytime_peak_f":86.6,"heat_anomaly_f":2.7,"extreme_pct":17.0,"nighttime_stress_f":-5.7,"daytime_peak_f_climrel":0.1535,"heat_anomaly_f_climrel":0.1535,"nighttime_stress_f_climrel":-0.3,"extreme_pct_climrel":0.425,"ref_daytime_hi_mean":83.9,"ref_daytime_hi_p95":96.4,"rwi_mean":null,"health_per_10k":0.0,"built_frac":0.149,"tree_frac":0.713,"canopy_frac_over_3m":0.529,"viirs_mean":8.0,"gdl_hdi":0.961,"gdl_region":"Massachusetts","ghsl_smod":21,"lst_anomaly_c":-3.95,"lst_anomaly_c_climrel":0,"worldpop_pop_total":5603.0,"frac_under5":4.9,"frac_elderly_65plus":18.0,"frac_elderly_75plus":7.6,"old_age_dependency_ratio":0.273,"has_data":true},"geometry":{"type":"Polygon","coordinates":[[[-71.334339,42.676059],[-71.333365,42.677032],[-71.33213,42.68125],[-71.334229,42.683838],[-71.334694,42.68541],[-71.333145,42.6876],[-71.331127,42.689074],[-71.331065,42.690882],[-71.329931,42.694682],[-71.3303306369927,42.6971955450462],[-71.330206,42.69719],[-71.3134922158094,42.6970971482225],[-71.313446645429,42.6970968950608],[-71.311631,42.689781],[-71.311456,42.687099],[-71.304744,42.671881],[-71.303298,42.668935],[-71.303372,42.665724],[-71.312315,42.663876],[-71.319131,42.662442],[-71.322191,42.661809],[-71.325311,42.661165],[-71.327889,42.660629],[-71.329361,42.660319],[-71.332406,42.662196],[-71.331001,42.663905],[-71.331378,42.664623],[-71.331702,42.666791],[-71.332543,42.670421],[-71.332168,42.672829],[-71.334845,42.67499],[-71.334339,42.676059]]]}},{"type":"Feature","properties":{"unit_id":"25017387100","name":"Census Tract 3871 \u2014 Middlesex","native_id":"25017387100","source":"census_tract_2025","adm3_name":"Middlesex County","adm3_id":"25017","area_sqm":15847967,"split":false,"population":5996.0,"days_covered":18,"daytime_peak_f":86.6,"heat_anomaly_f":2.4,"extreme_pct":17.0,"nighttime_stress_f":-6.0,"daytime_peak_f_climrel":0.1474,"heat_anomaly_f_climrel":0.1474,"nighttime_stress_f_climrel":-0.3,"extreme_pct_climrel":0.425,"ref_daytime_hi_mean":84.2,"ref_daytime_hi_p95":96.3,"rwi_mean":null,"health_per_10k":0.0,"built_frac":0.059,"tree_frac":0.797,"canopy_frac_over_3m":0.598,"viirs_mean":4.1,"gdl_hdi":0.961,"gdl_region":"Massachusetts","ghsl_smod":12,"lst_anomaly_c":null,"lst_anomaly_c_climrel":null,"worldpop_pop_total":4177.0,"frac_under5":5.0,"frac_elderly_65plus":19.3,"frac_elderly_75plus":7.7,"old_age_dependency_ratio":0.316,"has_data":true},"geometry":{"type":"Polygon","coordinates":[[[-71.478096,42.158661],[-71.474535,42.162598],[-71.474411,42.163409],[-71.471667,42.170879],[-71.471705,42.172168],[-71.468591,42.174406],[-71.464094,42.175659],[-71.458655,42.178237],[-71.456599,42.178918],[-71.448629,42.180129],[-71.447554,42.180626],[-71.445145,42.1827],[-71.440636,42.185485],[-71.440204,42.186181],[-71.439488,42.189202],[-71.437357,42.191068],[-71.435276,42.188841],[-71.431307,42.192387],[-71.428588,42.195585],[-71.424946,42.200146],[-71.422904,42.203279],[-71.418375,42.208428],[-71.417762,42.209658],[-71.417756,42.209844],[-71.418644,42.211911],[-71.420659,42.213476],[-71.418076,42.215002],[-71.412541,42.216997],[-71.410268,42.218359],[-71.410022,42.218749],[-71.409285,42.218611],[-71.407331,42.218164],[-71.401953,42.21542],[-71.403709,42.214861],[-71.402227,42.213131],[-71.397529,42.210302],[-71.397044,42.207861],[-71.393923,42.207089],[-71.391706,42.209742],[-71.389606,42.208614],[-71.388206,42.204303],[-71.380182,42.201759],[-71.384765,42.192014],[-71.404427,42.188433],[-71.403139,42.18261],[-71.402295,42.178794],[-71.42355,42.178131],[-71.42373,42.179253],[-71.426624,42.179312],[-71.430174,42.179386],[-71.444067,42.174889],[-71.464005,42.158199],[-71.472744,42.156873],[-71.478119,42.156782],[-71.478096,42.158661]]]}},{"type":"Feature","properties":{"unit_id":"25017373400","name":"Census Tract 3734 \u2014 Middlesex","native_id":"25017373400","source":"census_tract_2025","adm3_name":"Middlesex County","adm3_id":"25017","area_sqm":1200532,"split":false,"population":3307.0,"days_covered":18,"daytime_peak_f":87.1,"heat_anomaly_f":2.7,"extreme_pct":17.0,"nighttime_stress_f":-5.4,"daytime_peak_f_climrel":0.1532,"heat_anomaly_f_climrel":0.1532,"nighttime_stress_f_climrel":-0.3,"extreme_pct_climrel":0.425,"ref_daytime_hi_mean":84.4,"ref_daytime_hi_p95":98.1,"rwi_mean":null,"health_per_10k":0.0,"built_frac":0.341,"tree_frac":0.589,"canopy_frac_over_3m":0.4,"viirs_mean":19.5,"gdl_hdi":0.961,"gdl_region":"Massachusetts","ghsl_smod":30,"lst_anomaly_c":-1.18,"lst_anomaly_c_climrel":0,"worldpop_pop_total":3268.0,"frac_under5":4.4,"frac_elderly_65plus":21.5,"frac_elderly_75plus":10.5,"old_age_dependency_ratio":0.345,"has_data":true},"geometry":{"type":"Polygon","coordinates":[[[-71.210699,42.34913],[-71.210803,42.350556],[-71.206481,42.351217],[-71.202044,42.352284],[-71.196806,42.353808],[-71.195494,42.351674],[-71.192857,42.351306],[-71.195278,42.347043],[-71.19385,42.345043],[-71.196274,42.343436],[-71.198697,42.343198],[-71.199422,42.344952],[-71.205756,42.344207],[-71.205922,42.343759],[-71.211239,42.344185],[-71.210699,42.34913]]]}},{"type":"Feature","properties":{"unit_id":"25017327103","name":"Census Tract 3271.03 \u2014 Middlesex","native_id":"25017327103","source":"census_tract_2025","adm3_name":"Middlesex County","adm3_id":"25017","area_sqm":22841738,"split":false,"population":2783.0,"days_covered":18,"daytime_peak_f":87.2,"heat_anomaly_f":3.0,"extreme_pct":17.0,"nighttime_stress_f":-7.3,"daytime_peak_f_climrel":0.1835,"heat_anomaly_f_climrel":0.1835,"nighttime_stress_f_climrel":-0.3,"extreme_pct_climrel":0.425,"ref_daytime_hi_mean":84.1,"ref_daytime_hi_p95":96.4,"rwi_mean":null,"health_per_10k":0.0,"built_frac":0.017,"tree_frac":0.814,"canopy_frac_over_3m":0.684,"viirs_mean":1.0,"gdl_hdi":0.961,"gdl_region":"Massachusetts","ghsl_smod":12,"lst_anomaly_c":-7.88,"lst_anomaly_c_climrel":0,"worldpop_pop_total":3296.0,"frac_under5":4.6,"frac_elderly_65plus":24.2,"frac_elderly_75plus":9.4,"old_age_dependency_ratio":0.39,"has_data":true},"geometry":{"type":"Polygon","coordinates":[[[-71.65793,42.649944],[-71.653497,42.675142],[-71.651454,42.674613],[-71.650996,42.673477],[-71.645284,42.671372],[-71.645209,42.670321],[-71.641677,42.670298],[-71.636719,42.671998],[-71.6345,42.67325],[-71.630463,42.671343],[-71.620747,42.67121],[-71.616092,42.670767],[-71.609984,42.669301],[-71.606526,42.668488],[-71.60576,42.667694],[-71.602508,42.666714],[-71.598173,42.667837],[-71.577596,42.664843],[-71.575696,42.665332],[-71.577532,42.663551],[-71.57924,42.65667],[-71.578887,42.654414],[-71.57941,42.653442],[-71.5791,42.651385],[-71.579929,42.649289],[-71.57985,42.647911],[-71.582961,42.644138],[-71.583823,42.646029],[-71.586477,42.646419],[-71.58715,42.644963],[-71.586151,42.644169],[-71.587327,42.639415],[-71.588839,42.637151],[-71.59175,42.637398],[-71.592426,42.636567],[-71.591262,42.635728],[-71.593087,42.63383],[-71.592752,42.63295],[-71.589216,42.632915],[-71.587919,42.630833],[-71.592952,42.629272],[-71.593704,42.628035],[-71.593127,42.62651],[-71.597975,42.625898],[-71.600654,42.626113],[-71.603562,42.629864],[-71.60603,42.630969],[-71.607251,42.630219],[-71.608245,42.627392],[-71.61418,42.628498],[-71.615525,42.629273],[-71.630784,42.635163],[-71.64074,42.639266],[-71.64261,42.64073],[-71.646949,42.644152],[-71.648988,42.64423],[-71.652466,42.645755],[-71.656412,42.649723],[-71.65793,42.649944]]]}},{"type":"Feature","properties":{"unit_id":"25017374100","name":"Census Tract 3741 \u2014 Middlesex","native_id":"25017374100","source":"census_tract_2025","adm3_name":"Middlesex County","adm3_id":"25017","area_sqm":2242813,"split":false,"population":3772.0,"days_covered":18,"daytime_peak_f":87.1,"heat_anomaly_f":2.7,"extreme_pct":17.0,"nighttime_stress_f":-5.4,"daytime_peak_f_climrel":0.1532,"heat_anomaly_f_climrel":0.1532,"nighttime_stress_f_climrel":-0.3,"extreme_pct_climrel":0.425,"ref_daytime_hi_mean":84.4,"ref_daytime_hi_p95":98.1,"rwi_mean":null,"health_per_10k":5.302226935312832,"built_frac":0.384,"tree_frac":0.577,"canopy_frac_over_3m":0.395,"viirs_mean":23.6,"gdl_hdi":0.961,"gdl_region":"Massachusetts","ghsl_smod":30,"lst_anomaly_c":-0.12,"lst_anomaly_c_climrel":0,"worldpop_pop_total":4903.0,"frac_under5":5.6,"frac_elderly_65plus":20.2,"frac_elderly_75plus":9.4,"old_age_dependency_ratio":0.323,"has_data":true},"geometry":{"type":"Polygon","coordinates":[[[-71.228035,42.316838],[-71.225777,42.317066],[-71.212518,42.318787],[-71.21195,42.318883],[-71.209663,42.319199],[-71.208569,42.319308],[-71.207731,42.319356],[-71.204084,42.3192],[-71.202893,42.317785],[-71.202675,42.317242],[-71.205014,42.315552],[-71.206318,42.315918],[-71.20612,42.313514],[-71.209106,42.313567],[-71.209103,42.312327],[-71.205565,42.305763],[-71.211289,42.303106],[-71.213275,42.306161],[-71.21819,42.306796],[-71.220508,42.306407],[-71.22411,42.3073],[-71.226688,42.30825],[-71.226311,42.310284],[-71.227068,42.312398],[-71.226286,42.314117],[-71.227543,42.3154],[-71.228035,42.316838]]]}},{"type":"Feature","properties":{"unit_id":"25025130402","name":"Census Tract 1304.02 \u2014 Suffolk","native_id":"25025130402","source":"census_tract_2025","adm3_name":"Suffolk County","adm3_id":"25025","area_sqm":1863872,"split":false,"population":5278.0,"days_covered":18,"daytime_peak_f":87.1,"heat_anomaly_f":2.7,"extreme_pct":17.0,"nighttime_stress_f":-5.4,"daytime_peak_f_climrel":0.1532,"heat_anomaly_f_climrel":0.1532,"nighttime_stress_f_climrel":-0.3,"extreme_pct_climrel":0.425,"ref_daytime_hi_mean":84.4,"ref_daytime_hi_p95":98.1,"rwi_mean":null,"health_per_10k":1.8946570670708602,"built_frac":0.575,"tree_frac":0.375,"canopy_frac_over_3m":0.273,"viirs_mean":34.1,"gdl_hdi":0.961,"gdl_region":"Massachusetts","ghsl_smod":30,"lst_anomaly_c":2.0,"lst_anomaly_c_climrel":0.25,"worldpop_pop_total":4772.0,"frac_under5":4.9,"frac_elderly_65plus":19.9,"frac_elderly_75plus":9.5,"old_age_dependency_ratio":0.3,"has_data":true},"geometry":{"type":"Polygon","coordinates":[[[-71.175549,42.280318],[-71.171218,42.279784],[-71.163369,42.279176],[-71.161901,42.279768],[-71.161148,42.280341],[-71.161006,42.280057],[-71.159434,42.278834],[-71.159775,42.27845],[-71.160225,42.274799],[-71.161836,42.271147],[-71.162,42.269239],[-71.161852,42.268879],[-71.16271,42.267748],[-71.163536,42.262238],[-71.163393,42.259023],[-71.167393,42.262197],[-71.168604,42.26316],[-71.171541,42.266142],[-71.174154,42.267021],[-71.174609,42.268373],[-71.172953,42.270298],[-71.173342,42.270849],[-71.173583,42.271415],[-71.174847,42.273729],[-71.174418,42.275042],[-71.174565,42.275576],[-71.173223,42.275352],[-71.172382,42.276867],[-71.174941,42.278088],[-71.177016,42.280401],[-71.175549,42.280318]]]}},{"type":"Feature","properties":{"unit_id":"25025070700","name":"Census Tract 707 \u2014 Suffolk","native_id":"25025070700","source":"census_tract_2025","adm3_name":"Suffolk County","adm3_id":"25025","area_sqm":162696,"split":false,"population":4145.228990439025,"days_covered":18,"daytime_peak_f":87.3,"heat_anomaly_f":2.9,"extreme_pct":17.0,"nighttime_stress_f":-5.1,"daytime_peak_f_climrel":0.1686,"heat_anomaly_f_climrel":0.1686,"nighttime_stress_f_climrel":-0.3,"extreme_pct_climrel":0.425,"ref_daytime_hi_mean":84.4,"ref_daytime_hi_p95":98.1,"rwi_mean":null,"health_per_10k":4.824823923148762,"built_frac":0.754,"tree_frac":0.243,"canopy_frac_over_3m":0.117,"viirs_mean":112.0,"gdl_hdi":0.961,"gdl_region":"Massachusetts","ghsl_smod":30,"lst_anomaly_c":4.14,"lst_anomaly_c_climrel":0.5175,"worldpop_pop_total":2379.0,"frac_under5":4.8,"frac_elderly_65plus":17.1,"frac_elderly_75plus":6.5,"old_age_dependency_ratio":0.238,"has_data":true},"geometry":{"type":"Polygon","coordinates":[[[-71.080082,42.344219],[-71.078086,42.345821],[-71.076028,42.347309],[-71.076201,42.347911],[-71.075096,42.348159],[-71.072,42.349022],[-71.072692,42.347931],[-71.075253,42.345884],[-71.074872,42.345105],[-71.074488,42.344297],[-71.075936,42.343915],[-71.0782,42.343266],[-71.078561,42.343211],[-71.080082,42.344219]]]}},{"type":"Feature","properties":{"unit_id":"25017339300","name":"Census Tract 3393 \u2014 Middlesex","native_id":"25017339300","source":"census_tract_2025","adm3_name":"Middlesex County","adm3_id":"25017","area_sqm":677153,"split":false,"population":4087.0,"days_covered":18,"daytime_peak_f":86.4,"heat_anomaly_f":3.6,"extreme_pct":22.0,"nighttime_stress_f":-3.6,"daytime_peak_f_climrel":0.1994,"heat_anomaly_f_climrel":0.1994,"nighttime_stress_f_climrel":-0.2085,"extreme_pct_climrel":0.55,"ref_daytime_hi_mean":82.8,"ref_daytime_hi_p95":97.0,"rwi_mean":null,"health_per_10k":4.893564962074872,"built_frac":0.555,"tree_frac":0.416,"canopy_frac_over_3m":0.309,"viirs_mean":15.9,"gdl_hdi":0.961,"gdl_region":"Massachusetts","ghsl_smod":30,"lst_anomaly_c":1.89,"lst_anomaly_c_climrel":0.2362,"worldpop_pop_total":2943.0,"frac_under5":4.6,"frac_elderly_65plus":20.7,"frac_elderly_75plus":8.9,"old_age_dependency_ratio":0.308,"has_data":true},"geometry":{"type":"Polygon","coordinates":[[[-71.14292,42.42058],[-71.136862,42.421441],[-71.136236,42.42168],[-71.132565,42.421197],[-71.131315,42.421075],[-71.126949,42.421723],[-71.12582,42.418886],[-71.127435,42.418135],[-71.131629,42.416622],[-71.131584,42.41579],[-71.132435,42.415216],[-71.133106,42.415392],[-71.138361,42.41549],[-71.140084,42.416432],[-71.14109,42.417674],[-71.141544,42.418384],[-71.142855,42.419537],[-71.14292,42.42058]]]}},{"type":"Feature","properties":{"unit_id":"25025000202","name":"Census Tract 2.02 \u2014 Suffolk","native_id":"25025000202","source":"census_tract_2025","adm3_name":"Suffolk County","adm3_id":"25025","area_sqm":601636,"split":false,"population":2232.0,"days_covered":18,"daytime_peak_f":87.1,"heat_anomaly_f":3.0,"extreme_pct":17.0,"nighttime_stress_f":-5.1,"daytime_peak_f_climrel":0.1716,"heat_anomaly_f_climrel":0.1716,"nighttime_stress_f_climrel":-0.3,"extreme_pct_climrel":0.425,"ref_daytime_hi_mean":84.1,"ref_daytime_hi_p95":97.6,"rwi_mean":null,"health_per_10k":8.960573476702509,"built_frac":0.649,"tree_frac":0.329,"canopy_frac_over_3m":0.221,"viirs_mean":34.8,"gdl_hdi":0.961,"gdl_region":"Massachusetts","ghsl_smod":30,"lst_anomaly_c":1.24,"lst_anomaly_c_climrel":0.155,"worldpop_pop_total":4066.0,"frac_under5":4.2,"frac_elderly_65plus":11.2,"frac_elderly_75plus":4.7,"old_age_dependency_ratio":0.148,"has_data":true},"geometry":{"type":"Polygon","coordinates":[[[-71.160565,42.352671],[-71.158594,42.353813],[-71.158059,42.354074],[-71.156709,42.354735],[-71.156135,42.355353],[-71.154266,42.356072],[-71.153762,42.357525],[-71.153194,42.357226],[-71.149082,42.356151],[-71.150358,42.354193],[-71.150881,42.35335],[-71.146743,42.352294],[-71.147862,42.350345],[-71.151915,42.35164],[-71.152384,42.350903],[-71.153421,42.349458],[-71.153449,42.349146],[-71.155746,42.349114],[-71.159612,42.348891],[-71.160437,42.348916],[-71.160304,42.352141],[-71.160565,42.352671]]]}},{"type":"Feature","properties":{"unit_id":"25017385102","name":"Census Tract 3851.02 \u2014 Middlesex","native_id":"25017385102","source":"census_tract_2025","adm3_name":"Middlesex County","adm3_id":"25017","area_sqm":10675019,"split":false,"population":4985.0,"days_covered":18,"daytime_peak_f":86.3,"heat_anomaly_f":2.3,"extreme_pct":17.0,"nighttime_stress_f":-6.4,"daytime_peak_f_climrel":0.144,"heat_anomaly_f_climrel":0.144,"nighttime_stress_f_climrel":-0.3,"extreme_pct_climrel":0.425,"ref_daytime_hi_mean":84.0,"ref_daytime_hi_p95":95.8,"rwi_mean":null,"health_per_10k":0.0,"built_frac":0.053,"tree_frac":0.912,"canopy_frac_over_3m":0.747,"viirs_mean":5.2,"gdl_hdi":0.961,"gdl_region":"Massachusetts","ghsl_smod":21,"lst_anomaly_c":-7.34,"lst_anomaly_c_climrel":0,"worldpop_pop_total":4656.0,"frac_under5":5.3,"frac_elderly_65plus":16.0,"frac_elderly_75plus":6.3,"old_age_dependency_ratio":0.241,"has_data":true},"geometry":{"type":"Polygon","coordinates":[[[-71.505928,42.266578],[-71.505882,42.272938],[-71.499575,42.284992],[-71.499015,42.286062],[-71.497046,42.289829],[-71.491426,42.288162],[-71.460859,42.279096],[-71.445672,42.271136],[-71.444617,42.270588],[-71.448592,42.264458],[-71.450865,42.26206],[-71.452509,42.261128],[-71.45579,42.259956],[-71.460032,42.259652],[-71.464503,42.260011],[-71.464056,42.259539],[-71.467119,42.255688],[-71.467522,42.256358],[-71.467576,42.258975],[-71.467736,42.260311],[-71.484073,42.261664],[-71.488969,42.262084],[-71.498735,42.265193],[-71.501345,42.265635],[-71.504023,42.265423],[-71.506478,42.264276],[-71.505928,42.266578]]]}},{"type":"Feature","properties":{"unit_id":"25017384003","name":"Census Tract 3840.03 \u2014 Middlesex","native_id":"25017384003","source":"census_tract_2025","adm3_name":"Middlesex County","adm3_id":"25017","area_sqm":7462965,"split":false,"population":6925.0,"days_covered":18,"daytime_peak_f":86.3,"heat_anomaly_f":2.3,"extreme_pct":17.0,"nighttime_stress_f":-6.4,"daytime_peak_f_climrel":0.144,"heat_anomaly_f_climrel":0.144,"nighttime_stress_f_climrel":-0.3,"extreme_pct_climrel":0.425,"ref_daytime_hi_mean":84.0,"ref_daytime_hi_p95":95.8,"rwi_mean":null,"health_per_10k":1.444043321299639,"built_frac":0.172,"tree_frac":0.633,"canopy_frac_over_3m":0.482,"viirs_mean":17.2,"gdl_hdi":0.961,"gdl_region":"Massachusetts","ghsl_smod":21,"lst_anomaly_c":-3.78,"lst_anomaly_c_climrel":0,"worldpop_pop_total":5634.0,"frac_under5":5.4,"frac_elderly_65plus":16.5,"frac_elderly_75plus":7.7,"old_age_dependency_ratio":0.236,"has_data":true},"geometry":{"type":"Polygon","coordinates":[[[-71.493182,42.297282],[-71.489897,42.303655],[-71.489448,42.303447],[-71.487934,42.302494],[-71.485311,42.302965],[-71.482909,42.304299],[-71.476405,42.306473],[-71.474899,42.306461],[-71.472336,42.305637],[-71.471558,42.303892],[-71.470596,42.302454],[-71.469975,42.299489],[-71.464435,42.295788],[-71.460864,42.294507],[-71.457625,42.294347],[-71.450155,42.297886],[-71.449705,42.298038],[-71.449594,42.297924],[-71.447406,42.295434],[-71.448985,42.293658],[-71.444031,42.292379],[-71.448106,42.290495],[-71.450543,42.286773],[-71.450466,42.285656],[-71.44781,42.284833],[-71.443084,42.281463],[-71.443008,42.27726],[-71.444231,42.272643],[-71.445672,42.271136],[-71.460859,42.279096],[-71.491426,42.288162],[-71.497046,42.289829],[-71.493182,42.297282]]]}},{"type":"Feature","properties":{"unit_id":"25017323102","name":"Census Tract 3231.02 \u2014 Middlesex","native_id":"25017323102","source":"census_tract_2025","adm3_name":"Middlesex County","adm3_id":"25017","area_sqm":20581163,"split":false,"population":3033.0,"days_covered":18,"daytime_peak_f":87.1,"heat_anomaly_f":2.9,"extreme_pct":17.0,"nighttime_stress_f":-6.7,"daytime_peak_f_climrel":0.1862,"heat_anomaly_f_climrel":0.1862,"nighttime_stress_f_climrel":-0.3,"extreme_pct_climrel":0.425,"ref_daytime_hi_mean":84.1,"ref_daytime_hi_p95":96.0,"rwi_mean":null,"health_per_10k":0.0,"built_frac":0.023,"tree_frac":0.843,"canopy_frac_over_3m":0.72,"viirs_mean":1.6,"gdl_hdi":0.961,"gdl_region":"Massachusetts","ghsl_smod":12,"lst_anomaly_c":-8.13,"lst_anomaly_c_climrel":0,"worldpop_pop_total":3415.0,"frac_under5":4.7,"frac_elderly_65plus":21.2,"frac_elderly_75plus":8.1,"old_age_dependency_ratio":0.349,"has_data":true},"geometry":{"type":"Polygon","coordinates":[[[-71.5591,42.411943],[-71.550702,42.441067],[-71.548903,42.447308],[-71.543394,42.466452],[-71.52298,42.465235],[-71.518783,42.464979],[-71.498546,42.463775],[-71.48807,42.459658],[-71.464349,42.4503],[-71.478382,42.437104],[-71.477598,42.434126],[-71.474809,42.423276],[-71.477795,42.426144],[-71.48069,42.426703],[-71.482955,42.429468],[-71.483241,42.431399],[-71.484521,42.432607],[-71.482748,42.440432],[-71.476869,42.444432],[-71.480566,42.447846],[-71.482741,42.448305],[-71.500698,42.442076],[-71.503116,42.444147],[-71.506377,42.444922],[-71.507574,42.445955],[-71.511122,42.447344],[-71.511659,42.443408],[-71.510554,42.44109],[-71.511918,42.436862],[-71.514757,42.436764],[-71.520548,42.435547],[-71.525512,42.434319],[-71.529229,42.434618],[-71.531375,42.430327],[-71.534508,42.426135],[-71.538952,42.42163],[-71.54099,42.415332],[-71.544451,42.415193],[-71.546993,42.41376],[-71.549554,42.413328],[-71.551273,42.412263],[-71.551051,42.409239],[-71.5591,42.411943]]]}},{"type":"Feature","properties":{"unit_id":"25025170601","name":"Census Tract 1706.01 \u2014 Suffolk","native_id":"25025170601","source":"census_tract_2025","adm3_name":"Suffolk County","adm3_id":"25025","area_sqm":1287845,"split":false,"population":5243.0,"days_covered":18,"daytime_peak_f":86.8,"heat_anomaly_f":3.9,"extreme_pct":22.0,"nighttime_stress_f":-3.5,"daytime_peak_f_climrel":0.2108,"heat_anomaly_f_climrel":0.2108,"nighttime_stress_f_climrel":-0.1981,"extreme_pct_climrel":0.55,"ref_daytime_hi_mean":82.9,"ref_daytime_hi_p95":97.6,"rwi_mean":null,"health_per_10k":0.0,"built_frac":0.673,"tree_frac":0.194,"canopy_frac_over_3m":0.132,"viirs_mean":45.5,"gdl_hdi":0.961,"gdl_region":"Massachusetts","ghsl_smod":30,"lst_anomaly_c":2.58,"lst_anomaly_c_climrel":0.3225,"worldpop_pop_total":6541.0,"frac_under5":5.7,"frac_elderly_65plus":15.1,"frac_elderly_75plus":6.4,"old_age_dependency_ratio":0.224,"has_data":true},"geometry":{"type":"Polygon","coordinates":[[[-71.018126,42.403378],[-71.014545,42.406491],[-71.014192,42.407046],[-71.013549,42.408154],[-71.011234,42.411781],[-71.009869,42.413936],[-71.008379,42.416113],[-71.004744,42.415956],[-71.00439,42.416599],[-71.003215,42.416552],[-71.003685,42.414773],[-71.00206,42.41074],[-71.001295,42.409397],[-71.000172,42.409624],[-71.000208,42.409573],[-71.002521,42.406767],[-71.002611,42.406667],[-71.003476,42.405592],[-71.004279,42.404928],[-71.011272,42.396589],[-71.013395,42.397398],[-71.012434,42.398105],[-71.009629,42.400167],[-71.009377,42.40085],[-71.009396,42.401183],[-71.010861,42.401689],[-71.010892,42.401795],[-71.013007,42.402864],[-71.017826,42.402883],[-71.018126,42.403378]]]}},{"type":"Feature","properties":{"unit_id":"25017339600","name":"Census Tract 3396 \u2014 Middlesex","native_id":"25017339600","source":"census_tract_2025","adm3_name":"Middlesex County","adm3_id":"25017","area_sqm":822665,"split":false,"population":3542.0,"days_covered":18,"daytime_peak_f":86.4,"heat_anomaly_f":3.6,"extreme_pct":22.0,"nighttime_stress_f":-3.6,"daytime_peak_f_climrel":0.1994,"heat_anomaly_f_climrel":0.1994,"nighttime_stress_f_climrel":-0.2085,"extreme_pct_climrel":0.55,"ref_daytime_hi_mean":82.8,"ref_daytime_hi_p95":97.0,"rwi_mean":null,"health_per_10k":2.82326369282891,"built_frac":0.792,"tree_frac":0.105,"canopy_frac_over_3m":0.108,"viirs_mean":35.9,"gdl_hdi":0.961,"gdl_region":"Massachusetts","ghsl_smod":30,"lst_anomaly_c":5.02,"lst_anomaly_c_climrel":0.6275,"worldpop_pop_total":5515.0,"frac_under5":3.7,"frac_elderly_65plus":11.3,"frac_elderly_75plus":5.5,"old_age_dependency_ratio":0.141,"has_data":true},"geometry":{"type":"Polygon","coordinates":[[[-71.113384,42.410519],[-71.110122,42.41031],[-71.109157,42.408113],[-71.108887,42.407472],[-71.108239,42.40584],[-71.107927,42.405129],[-71.107587,42.404324],[-71.106883,42.402857],[-71.105934,42.401798],[-71.104466,42.400684],[-71.099608,42.397121],[-71.100394,42.396224],[-71.101763,42.396681],[-71.104464,42.397584],[-71.11075,42.399703],[-71.113868,42.400985],[-71.114916,42.402167],[-71.113229,42.403044],[-71.11644,42.407323],[-71.113384,42.410519]]]}},{"type":"Feature","properties":{"unit_id":"25017339200","name":"Census Tract 3392 \u2014 Middlesex","native_id":"25017339200","source":"census_tract_2025","adm3_name":"Middlesex County","adm3_id":"25017","area_sqm":2611658,"split":false,"population":3296.0,"days_covered":18,"daytime_peak_f":86.4,"heat_anomaly_f":3.6,"extreme_pct":22.0,"nighttime_stress_f":-3.6,"daytime_peak_f_climrel":0.1994,"heat_anomaly_f_climrel":0.1994,"nighttime_stress_f_climrel":-0.2085,"extreme_pct_climrel":0.55,"ref_daytime_hi_mean":82.8,"ref_daytime_hi_p95":97.0,"rwi_mean":null,"health_per_10k":3.0339805825242716,"built_frac":0.229,"tree_frac":0.592,"canopy_frac_over_3m":0.4,"viirs_mean":9.2,"gdl_hdi":0.961,"gdl_region":"Massachusetts","ghsl_smod":30,"lst_anomaly_c":-1.84,"lst_anomaly_c_climrel":0,"worldpop_pop_total":5093.0,"frac_under5":5.5,"frac_elderly_65plus":21.8,"frac_elderly_75plus":9.3,"old_age_dependency_ratio":0.345,"has_data":true},"geometry":{"type":"Polygon","coordinates":[[[-71.149886,42.43584],[-71.145997,42.435749],[-71.14533,42.435756],[-71.129767,42.435559],[-71.129061,42.435552],[-71.129041,42.435599],[-71.128852,42.434972],[-71.131905,42.4339],[-71.131012,42.431714],[-71.12947,42.429582],[-71.126508,42.427794],[-71.125752,42.427363],[-71.123324,42.425656],[-71.122905,42.425352],[-71.121033,42.423904],[-71.1179,42.421341],[-71.117942,42.419096],[-71.12499,42.419115],[-71.12582,42.418886],[-71.126949,42.421723],[-71.131315,42.421075],[-71.132565,42.421197],[-71.136236,42.42168],[-71.136862,42.421441],[-71.14292,42.42058],[-71.142757,42.42193],[-71.145997,42.423735],[-71.146784,42.425262],[-71.149886,42.43584]]]}},{"type":"Feature","properties":{"unit_id":"25017366100","name":"Census Tract 3661 \u2014 Middlesex","native_id":"25017366100","source":"census_tract_2025","adm3_name":"Middlesex County","adm3_id":"25017","area_sqm":5952034,"split":false,"population":3658.0,"days_covered":18,"daytime_peak_f":86.4,"heat_anomaly_f":2.4,"extreme_pct":17.0,"nighttime_stress_f":-5.7,"daytime_peak_f_climrel":0.1507,"heat_anomaly_f_climrel":0.1507,"nighttime_stress_f_climrel":-0.3,"extreme_pct_climrel":0.425,"ref_daytime_hi_mean":84.0,"ref_daytime_hi_p95":96.2,"rwi_mean":null,"health_per_10k":2.7337342810278837,"built_frac":0.063,"tree_frac":0.779,"canopy_frac_over_3m":0.51,"viirs_mean":4.7,"gdl_hdi":0.961,"gdl_region":"Massachusetts","ghsl_smod":21,"lst_anomaly_c":-5.71,"lst_anomaly_c_climrel":0,"worldpop_pop_total":4877.0,"frac_under5":5.7,"frac_elderly_65plus":20.2,"frac_elderly_75plus":9.0,"old_age_dependency_ratio":0.337,"has_data":true},"geometry":{"type":"Polygon","coordinates":[[[-71.394874,42.338654],[-71.394761,42.339569],[-71.394452,42.339401],[-71.392856,42.339469],[-71.391955,42.339303],[-71.390786,42.338696],[-71.390378,42.337958],[-71.385443,42.338117],[-71.381141,42.339117],[-71.380047,42.338623],[-71.37887,42.338351],[-71.378606,42.338222],[-71.37785,42.337585],[-71.377297,42.3374],[-71.376472,42.337352],[-71.37551,42.33708],[-71.374472,42.336706],[-71.372774,42.33784],[-71.370152,42.336894],[-71.367043,42.337544],[-71.365603,42.336665],[-71.363523,42.333171],[-71.361358,42.332678],[-71.361494,42.331837],[-71.358015,42.329286],[-71.355671,42.328722],[-71.349275,42.329263],[-71.348079,42.327129],[-71.344575,42.325719],[-71.344561,42.324546],[-71.338764,42.324896],[-71.337524,42.325134],[-71.338523,42.323216],[-71.33903,42.322617],[-71.342161,42.319108],[-71.345888,42.314929],[-71.355199,42.31717],[-71.35991,42.317149],[-71.363085,42.315846],[-71.364093,42.315906],[-71.368493,42.312811],[-71.370613,42.310262],[-71.373395,42.309855],[-71.377687,42.314669],[-71.381804,42.32852],[-71.388832,42.336269],[-71.393895,42.335538],[-71.394948,42.338653],[-71.394874,42.338654]]]}},{"type":"Feature","properties":{"unit_id":"25017320105","name":"Census Tract 3201.05 \u2014 Middlesex","native_id":"25017320105","source":"census_tract_2025","adm3_name":"Middlesex County","adm3_id":"25017","area_sqm":13058264,"split":false,"population":3008.0,"days_covered":18,"daytime_peak_f":86.4,"heat_anomaly_f":2.3,"extreme_pct":17.0,"nighttime_stress_f":-6.0,"daytime_peak_f_climrel":0.1402,"heat_anomaly_f_climrel":0.1402,"nighttime_stress_f_climrel":-0.3,"extreme_pct_climrel":0.425,"ref_daytime_hi_mean":84.0,"ref_daytime_hi_p95":96.3,"rwi_mean":null,"health_per_10k":0.0,"built_frac":0.033,"tree_frac":0.887,"canopy_frac_over_3m":0.789,"viirs_mean":4.1,"gdl_hdi":0.961,"gdl_region":"Massachusetts","ghsl_smod":12,"lst_anomaly_c":-7.92,"lst_anomaly_c_climrel":0,"worldpop_pop_total":2559.0,"frac_under5":5.7,"frac_elderly_65plus":13.7,"frac_elderly_75plus":5.4,"old_age_dependency_ratio":0.21,"has_data":true},"geometry":{"type":"Polygon","coordinates":[[[-71.564564,42.266866],[-71.558533,42.267819],[-71.558503,42.267538],[-71.556584,42.268134],[-71.552412,42.267431],[-71.550115,42.266023],[-71.547949,42.265937],[-71.544618,42.264476],[-71.541692,42.263966],[-71.539632,42.262793],[-71.538011,42.264563],[-71.533937,42.265266],[-71.532255,42.266106],[-71.527995,42.266525],[-71.524931,42.265905],[-71.522385,42.266437],[-71.522178,42.266454],[-71.522757,42.255207],[-71.513221,42.253068],[-71.516732,42.253478],[-71.518806,42.252221],[-71.518287,42.248724],[-71.520311,42.248187],[-71.521309,42.245094],[-71.517808,42.245678],[-71.516728,42.245174],[-71.516035,42.243013],[-71.517058,42.241413],[-71.517205,42.239598],[-71.515713,42.236696],[-71.515662,42.234718],[-71.513264,42.233057],[-71.516364,42.231791],[-71.517951,42.230003],[-71.519074,42.22924],[-71.522781,42.228267],[-71.529879,42.225109],[-71.535341,42.225459],[-71.536814,42.225805],[-71.540064,42.227804],[-71.54282,42.228208],[-71.544678,42.228702],[-71.5511,42.230007],[-71.551591,42.23388],[-71.552542,42.236801],[-71.555124,42.242041],[-71.5574,42.249052],[-71.56338,42.262544],[-71.564564,42.266866]]]}},{"type":"Feature","properties":{"unit_id":"25017342402","name":"Census Tract 3424.02 \u2014 Middlesex","native_id":"25017342402","source":"census_tract_2025","adm3_name":"Middlesex County","adm3_id":"25017","area_sqm":3516736,"split":false,"population":6024.0,"days_covered":18,"daytime_peak_f":86.4,"heat_anomaly_f":3.6,"extreme_pct":22.0,"nighttime_stress_f":-3.6,"daytime_peak_f_climrel":0.1994,"heat_anomaly_f_climrel":0.1994,"nighttime_stress_f_climrel":-0.2085,"extreme_pct_climrel":0.55,"ref_daytime_hi_mean":82.8,"ref_daytime_hi_p95":97.0,"rwi_mean":null,"health_per_10k":1.6600265604249667,"built_frac":0.707,"tree_frac":0.071,"canopy_frac_over_3m":0.044,"viirs_mean":124.1,"gdl_hdi":0.961,"gdl_region":"Massachusetts","ghsl_smod":30,"lst_anomaly_c":2.35,"lst_anomaly_c_climrel":0.2938,"worldpop_pop_total":4205.0,"frac_under5":5.8,"frac_elderly_65plus":7.0,"frac_elderly_75plus":2.8,"old_age_dependency_ratio":0.089,"has_data":true},"geometry":{"type":"Polygon","coordinates":[[[-71.075988,42.399706],[-71.072807,42.40381],[-71.071297,42.406922],[-71.073552,42.409393],[-71.07199,42.411883],[-71.073196,42.412996],[-71.072825,42.41488],[-71.071124,42.414974],[-71.068133,42.415121],[-71.068129,42.415072],[-71.068608,42.413274],[-71.066523,42.410415],[-71.064962,42.409619],[-71.064208,42.40822],[-71.064978,42.408164],[-71.063416,42.404344],[-71.063857,42.401575],[-71.061724,42.401745],[-71.061043,42.401953],[-71.05976,42.402385],[-71.0573,42.403062],[-71.052962,42.403024],[-71.047629,42.402393],[-71.041505,42.401657],[-71.040887,42.401749],[-71.046148,42.398044],[-71.046161,42.398035],[-71.048145,42.396634],[-71.051945,42.397619],[-71.053297,42.396178],[-71.050002,42.393471],[-71.050695,42.391996],[-71.055295,42.387097],[-71.055524,42.387119],[-71.057395,42.387297],[-71.065695,42.386596],[-71.070896,42.388996],[-71.070696,42.389596],[-71.067082,42.39405],[-71.066944,42.394755],[-71.069322,42.394022],[-71.072696,42.390796],[-71.073496,42.391796],[-71.075586,42.395247],[-71.075996,42.396396],[-71.075988,42.399706]]]}},{"type":"Feature","properties":{"unit_id":"25017316101","name":"Census Tract 3161.01 \u2014 Middlesex","native_id":"25017316101","source":"census_tract_2025","adm3_name":"Middlesex County","adm3_id":"25017","area_sqm":7233937,"split":false,"population":2885.0,"days_covered":18,"daytime_peak_f":86.6,"heat_anomaly_f":2.5,"extreme_pct":17.0,"nighttime_stress_f":-5.3,"daytime_peak_f_climrel":0.1456,"heat_anomaly_f_climrel":0.1456,"nighttime_stress_f_climrel":-0.3,"extreme_pct_climrel":0.425,"ref_daytime_hi_mean":84.1,"ref_daytime_hi_p95":97.1,"rwi_mean":null,"health_per_10k":0.0,"built_frac":0.078,"tree_frac":0.809,"canopy_frac_over_3m":0.558,"viirs_mean":5.0,"gdl_hdi":0.961,"gdl_region":"Massachusetts","ghsl_smod":21,"lst_anomaly_c":-5.73,"lst_anomaly_c_climrel":0,"worldpop_pop_total":4538.0,"frac_under5":4.5,"frac_elderly_65plus":19.2,"frac_elderly_75plus":8.3,"old_age_dependency_ratio":0.29,"has_data":true},"geometry":{"type":"Polygon","coordinates":[[[-71.262347,42.575786],[-71.257139,42.581298],[-71.255918,42.584303],[-71.25428,42.585745],[-71.254171,42.587751],[-71.253961,42.588427],[-71.251331,42.591909],[-71.237027,42.585311],[-71.225669,42.580036],[-71.211296,42.57339],[-71.211127,42.573313],[-71.213681,42.571178],[-71.215128,42.570536],[-71.215082,42.568018],[-71.214425,42.564957],[-71.215072,42.565035],[-71.215742,42.562555],[-71.217948,42.56157],[-71.218672,42.561651],[-71.220946,42.560811],[-71.219898,42.558918],[-71.220349,42.557379],[-71.22311,42.557433],[-71.221992,42.555219],[-71.222936,42.548711],[-71.224048,42.549915],[-71.229139,42.560257],[-71.232305,42.559728],[-71.235757,42.55733],[-71.237816,42.560076],[-71.236461,42.560874],[-71.239028,42.565387],[-71.240888,42.564701],[-71.242821,42.566606],[-71.240988,42.569513],[-71.238656,42.567122],[-71.234937,42.567512],[-71.241229,42.574011],[-71.241836,42.573651],[-71.241038,42.574734],[-71.255052,42.575457],[-71.255676,42.572845],[-71.257611,42.574825],[-71.26206,42.574493],[-71.262347,42.575786]]]}},{"type":"Feature","properties":{"unit_id":"25017359100","name":"Census Tract 3591 \u2014 Middlesex","native_id":"25017359100","source":"census_tract_2025","adm3_name":"Middlesex County","adm3_id":"25017","area_sqm":14847545,"split":false,"population":12556.0,"days_covered":18,"daytime_peak_f":86.9,"heat_anomaly_f":2.9,"extreme_pct":17.0,"nighttime_stress_f":-6.0,"daytime_peak_f_climrel":0.1747,"heat_anomaly_f_climrel":0.1747,"nighttime_stress_f_climrel":-0.3,"extreme_pct_climrel":0.425,"ref_daytime_hi_mean":84.0,"ref_daytime_hi_p95":96.5,"rwi_mean":null,"health_per_10k":6.371455877668048,"built_frac":0.159,"tree_frac":0.771,"canopy_frac_over_3m":0.632,"viirs_mean":15.1,"gdl_hdi":0.961,"gdl_region":"Massachusetts","ghsl_smod":21,"lst_anomaly_c":-5.13,"lst_anomaly_c_climrel":0,"worldpop_pop_total":6387.0,"frac_under5":4.3,"frac_elderly_65plus":26.9,"frac_elderly_75plus":15.3,"old_age_dependency_ratio":0.476,"has_data":true},"geometry":{"type":"Polygon","coordinates":[[[-71.283478,42.525674],[-71.281051,42.526348],[-71.278107,42.526713],[-71.265803,42.524373],[-71.264098,42.524081],[-71.258233,42.524017],[-71.254572,42.522593],[-71.25249,42.524078],[-71.250142,42.52573],[-71.24949,42.525244],[-71.242576,42.51994],[-71.241441,42.520692],[-71.240056,42.519716],[-71.236924,42.511491],[-71.233544,42.508693],[-71.231897,42.506367],[-71.232084,42.506029],[-71.237348,42.496457],[-71.240906,42.490013],[-71.244177,42.488539],[-71.251986,42.485015],[-71.256693,42.478456],[-71.261515,42.476246],[-71.262424,42.474903],[-71.273618,42.484869],[-71.275215,42.485642],[-71.277485,42.485809],[-71.277504,42.486088],[-71.276535,42.487097],[-71.276101,42.491189],[-71.275086,42.495019],[-71.275593,42.499131],[-71.275445,42.501512],[-71.276653,42.504023],[-71.275397,42.510473],[-71.275548,42.513802],[-71.275905,42.514752],[-71.282117,42.519461],[-71.283478,42.525674]]]}},{"type":"Feature","properties":{"unit_id":"25017318400","name":"Census Tract 3184 \u2014 Middlesex","native_id":"25017318400","source":"census_tract_2025","adm3_name":"Middlesex County","adm3_id":"25017","area_sqm":21983719,"split":false,"population":8493.0,"days_covered":18,"daytime_peak_f":86.7,"heat_anomaly_f":2.7,"extreme_pct":17.0,"nighttime_stress_f":-6.5,"daytime_peak_f_climrel":0.1616,"heat_anomaly_f_climrel":0.1616,"nighttime_stress_f_climrel":-0.3,"extreme_pct_climrel":0.425,"ref_daytime_hi_mean":84.1,"ref_daytime_hi_p95":96.1,"rwi_mean":null,"health_per_10k":10.596962204168138,"built_frac":0.089,"tree_frac":0.791,"canopy_frac_over_3m":0.666,"viirs_mean":8.1,"gdl_hdi":0.961,"gdl_region":"Massachusetts","ghsl_smod":12,"lst_anomaly_c":-6.28,"lst_anomaly_c_climrel":0,"worldpop_pop_total":4813.0,"frac_under5":4.9,"frac_elderly_65plus":19.0,"frac_elderly_75plus":9.0,"old_age_dependency_ratio":0.304,"has_data":true},"geometry":{"type":"Polygon","coordinates":[[[-71.449905,42.556046],[-71.445525,42.557028],[-71.440506,42.558787],[-71.437516,42.560553],[-71.425922,42.5694],[-71.421088,42.573137],[-71.417947,42.575131],[-71.413754,42.577079],[-71.397668,42.582668],[-71.390666,42.558046],[-71.388359,42.549949],[-71.38474,42.538699],[-71.395115,42.535411],[-71.399515,42.534015],[-71.423794,42.526189],[-71.428535,42.528804],[-71.444767,42.538044],[-71.468842,42.551746],[-71.449905,42.556046]]]}},{"type":"Feature","properties":{"unit_id":"25025010801","name":"Census Tract 108.01 \u2014 Suffolk","native_id":"25025010801","source":"census_tract_2025","adm3_name":"Suffolk County","adm3_id":"25025","area_sqm":132039,"split":false,"population":5164.0,"days_covered":18,"daytime_peak_f":86.4,"heat_anomaly_f":3.6,"extreme_pct":22.0,"nighttime_stress_f":-3.6,"daytime_peak_f_climrel":0.1994,"heat_anomaly_f_climrel":0.1994,"nighttime_stress_f_climrel":-0.2085,"extreme_pct_climrel":0.55,"ref_daytime_hi_mean":82.8,"ref_daytime_hi_p95":97.0,"rwi_mean":null,"health_per_10k":1.9364833462432225,"built_frac":0.848,"tree_frac":0.145,"canopy_frac_over_3m":0.107,"viirs_mean":62.5,"gdl_hdi":0.961,"gdl_region":"Massachusetts","ghsl_smod":30,"lst_anomaly_c":1.76,"lst_anomaly_c_climrel":0.22,"worldpop_pop_total":2709.0,"frac_under5":1.8,"frac_elderly_65plus":20.9,"frac_elderly_75plus":9.3,"old_age_dependency_ratio":0.281,"has_data":true},"geometry":{"type":"Polygon","coordinates":[[[-71.081595,42.353704],[-71.079464,42.354275],[-71.077357,42.354938],[-71.075219,42.355507],[-71.073464,42.356121],[-71.072564,42.355439],[-71.072055,42.354655],[-71.074401,42.354022],[-71.076583,42.353425],[-71.080862,42.352267],[-71.081595,42.353704]]]}},{"type":"Feature","properties":{"unit_id":"25025081900","name":"Census Tract 819 \u2014 Suffolk","native_id":"25025081900","source":"census_tract_2025","adm3_name":"Suffolk County","adm3_id":"25025","area_sqm":433381,"split":false,"population":2508.5218486317426,"days_covered":18,"daytime_peak_f":87.3,"heat_anomaly_f":2.9,"extreme_pct":17.0,"nighttime_stress_f":-5.1,"daytime_peak_f_climrel":0.1686,"heat_anomaly_f_climrel":0.1686,"nighttime_stress_f_climrel":-0.3,"extreme_pct_climrel":0.425,"ref_daytime_hi_mean":84.4,"ref_daytime_hi_p95":98.1,"rwi_mean":null,"health_per_10k":0.0,"built_frac":0.679,"tree_frac":0.3,"canopy_frac_over_3m":0.177,"viirs_mean":57.8,"gdl_hdi":0.961,"gdl_region":"Massachusetts","ghsl_smod":30,"lst_anomaly_c":3.34,"lst_anomaly_c_climrel":0.4175,"worldpop_pop_total":3847.0,"frac_under5":6.7,"frac_elderly_65plus":13.0,"frac_elderly_75plus":4.7,"old_age_dependency_ratio":0.197,"has_data":true},"geometry":{"type":"Polygon","coordinates":[[[-71.094088,42.314142],[-71.093821,42.314541],[-71.093559,42.315515],[-71.092964,42.316751],[-71.091619,42.316997],[-71.091294,42.317605],[-71.090238,42.319213],[-71.086225,42.318237],[-71.086017,42.319164],[-71.081917,42.318021],[-71.082367,42.317233],[-71.08285,42.316362],[-71.084582,42.316792],[-71.086508,42.317053],[-71.086903,42.316392],[-71.088331,42.31461],[-71.089399,42.313257],[-71.08993,42.312629],[-71.092172,42.309859],[-71.093132,42.31072],[-71.093603,42.31215],[-71.095145,42.313282],[-71.094088,42.314142]]]}},{"type":"Feature","properties":{"unit_id":"25017310300","name":"Census Tract 3103 \u2014 Middlesex","native_id":"25017310300","source":"census_tract_2025","adm3_name":"Middlesex County","adm3_id":"25017","area_sqm":1077954,"split":false,"population":6939.0,"days_covered":18,"daytime_peak_f":86.6,"heat_anomaly_f":2.7,"extreme_pct":17.0,"nighttime_stress_f":-5.7,"daytime_peak_f_climrel":0.1535,"heat_anomaly_f_climrel":0.1535,"nighttime_stress_f_climrel":-0.3,"extreme_pct_climrel":0.425,"ref_daytime_hi_mean":83.9,"ref_daytime_hi_p95":96.4,"rwi_mean":null,"health_per_10k":0.0,"built_frac":0.588,"tree_frac":0.363,"canopy_frac_over_3m":0.261,"viirs_mean":20.7,"gdl_hdi":0.961,"gdl_region":"Massachusetts","ghsl_smod":30,"lst_anomaly_c":2.97,"lst_anomaly_c_climrel":0.3713,"worldpop_pop_total":6841.0,"frac_under5":7.2,"frac_elderly_65plus":11.3,"frac_elderly_75plus":4.3,"old_age_dependency_ratio":0.167,"has_data":true},"geometry":{"type":"Polygon","coordinates":[[[-71.322191,42.661809],[-71.319131,42.662442],[-71.312315,42.663876],[-71.303372,42.665724],[-71.303514,42.660479],[-71.303496,42.657516],[-71.302626,42.655079],[-71.302309,42.653694],[-71.302982,42.651873],[-71.305366,42.652609],[-71.306446,42.653752],[-71.307341,42.653886],[-71.311561,42.656639],[-71.310903,42.656984],[-71.311887,42.658337],[-71.313296,42.660238],[-71.314916,42.659143],[-71.316614,42.660516],[-71.318743,42.659996],[-71.321051,42.661388],[-71.322191,42.661809]]]}},{"type":"Feature","properties":{"unit_id":"25017373800","name":"Census Tract 3738 \u2014 Middlesex","native_id":"25017373800","source":"census_tract_2025","adm3_name":"Middlesex County","adm3_id":"25017","area_sqm":2557476,"split":false,"population":10132.0,"days_covered":18,"daytime_peak_f":87.1,"heat_anomaly_f":2.7,"extreme_pct":17.0,"nighttime_stress_f":-5.4,"daytime_peak_f_climrel":0.1532,"heat_anomaly_f_climrel":0.1532,"nighttime_stress_f_climrel":-0.3,"extreme_pct_climrel":0.425,"ref_daytime_hi_mean":84.4,"ref_daytime_hi_p95":98.1,"rwi_mean":null,"health_per_10k":5.921831819976313,"built_frac":0.172,"tree_frac":0.766,"canopy_frac_over_3m":0.524,"viirs_mean":15.8,"gdl_hdi":0.961,"gdl_region":"Massachusetts","ghsl_smod":30,"lst_anomaly_c":-4.0,"lst_anomaly_c_climrel":0,"worldpop_pop_total":5641.0,"frac_under5":4.7,"frac_elderly_65plus":25.8,"frac_elderly_75plus":12.6,"old_age_dependency_ratio":0.454,"has_data":true},"geometry":{"type":"Polygon","coordinates":[[[-71.207015,42.330824],[-71.194842,42.330063],[-71.192233,42.330445],[-71.186061,42.331474],[-71.186051,42.330356],[-71.178026,42.328838],[-71.175812,42.326654],[-71.176626,42.323935],[-71.178459,42.323923],[-71.179189,42.320667],[-71.181086,42.319342],[-71.179064,42.319401],[-71.181841,42.319194],[-71.183161,42.319095],[-71.186954,42.318611],[-71.187721,42.318577],[-71.194388,42.318951],[-71.202011,42.319177],[-71.202843,42.321832],[-71.20143,42.322772],[-71.203343,42.327004],[-71.206173,42.327839],[-71.20618,42.328041],[-71.207015,42.330824]]]}},{"type":"Feature","properties":{"unit_id":"25017332300","name":"Census Tract 3323 \u2014 Middlesex","native_id":"25017332300","source":"census_tract_2025","adm3_name":"Middlesex County","adm3_id":"25017","area_sqm":5170814,"split":false,"population":4632.0,"days_covered":18,"daytime_peak_f":87.1,"heat_anomaly_f":3.0,"extreme_pct":17.0,"nighttime_stress_f":-5.1,"daytime_peak_f_climrel":0.1737,"heat_anomaly_f_climrel":0.1737,"nighttime_stress_f_climrel":-0.3,"extreme_pct_climrel":0.425,"ref_daytime_hi_mean":84.0,"ref_daytime_hi_p95":97.5,"rwi_mean":null,"health_per_10k":0.0,"built_frac":0.162,"tree_frac":0.769,"canopy_frac_over_3m":0.501,"viirs_mean":12.9,"gdl_hdi":0.961,"gdl_region":"Massachusetts","ghsl_smod":21,"lst_anomaly_c":-2.19,"lst_anomaly_c_climrel":0,"worldpop_pop_total":6849.0,"frac_under5":5.7,"frac_elderly_65plus":19.5,"frac_elderly_75plus":9.7,"old_age_dependency_ratio":0.31,"has_data":true},"geometry":{"type":"Polygon","coordinates":[[[-71.231897,42.506367],[-71.227912,42.513847],[-71.221918,42.525143],[-71.220917,42.524808],[-71.211796,42.519676],[-71.210089,42.518445],[-71.206656,42.515793],[-71.203673,42.514204],[-71.201156,42.511104],[-71.199411,42.510105],[-71.195779,42.506449],[-71.195862,42.504992],[-71.200364,42.504898],[-71.202326,42.50428],[-71.206909,42.504051],[-71.20794,42.503466],[-71.208724,42.501972],[-71.212303,42.499993],[-71.216507,42.499015],[-71.223865,42.496746],[-71.225345,42.494006],[-71.229573,42.501792],[-71.231881,42.504818],[-71.232084,42.506029],[-71.231897,42.506367]]]}},{"type":"Feature","properties":{"unit_id":"25017317202","name":"Census Tract 3172.02 \u2014 Middlesex","native_id":"25017317202","source":"census_tract_2025","adm3_name":"Middlesex County","adm3_id":"25017","area_sqm":5683081,"split":false,"population":2317.0,"days_covered":18,"daytime_peak_f":86.7,"heat_anomaly_f":2.7,"extreme_pct":17.0,"nighttime_stress_f":-6.5,"daytime_peak_f_climrel":0.1616,"heat_anomaly_f_climrel":0.1616,"nighttime_stress_f_climrel":-0.3,"extreme_pct_climrel":0.425,"ref_daytime_hi_mean":84.1,"ref_daytime_hi_p95":96.1,"rwi_mean":null,"health_per_10k":0.0,"built_frac":0.078,"tree_frac":0.842,"canopy_frac_over_3m":0.613,"viirs_mean":5.6,"gdl_hdi":0.961,"gdl_region":"Massachusetts","ghsl_smod":21,"lst_anomaly_c":-5.06,"lst_anomaly_c_climrel":0,"worldpop_pop_total":3194.0,"frac_under5":5.1,"frac_elderly_65plus":23.0,"frac_elderly_75plus":10.9,"old_age_dependency_ratio":0.379,"has_data":true},"geometry":{"type":"Polygon","coordinates":[[[-71.392819,42.605208],[-71.386056,42.60818],[-71.388628,42.609286],[-71.389121,42.613111],[-71.387925,42.613933],[-71.389417,42.615477],[-71.391336,42.614863],[-71.392811,42.617587],[-71.392002,42.620152],[-71.386947,42.620047],[-71.380424,42.620097],[-71.379044,42.619479],[-71.374145,42.618451],[-71.370554,42.61941],[-71.36698,42.621805],[-71.365734,42.621583],[-71.366063,42.619975],[-71.363561,42.616035],[-71.362098,42.614984],[-71.359908,42.612933],[-71.35789,42.610851],[-71.357094,42.607565],[-71.354968,42.605314],[-71.353946,42.603152],[-71.353747,42.601803],[-71.355121,42.599083],[-71.355799,42.599941],[-71.36078,42.60086],[-71.363245,42.601099],[-71.36495,42.600875],[-71.367072,42.600882],[-71.368165,42.60076],[-71.370809,42.601902],[-71.371844,42.60059],[-71.376641,42.598788],[-71.379343,42.599744],[-71.381816,42.598855],[-71.384535,42.600592],[-71.386697,42.598322],[-71.388973,42.597826],[-71.391168,42.603061],[-71.392819,42.605208]]]}},{"type":"Feature","properties":{"unit_id":"25025092200","name":"Census Tract 922 \u2014 Suffolk","native_id":"25025092200","source":"census_tract_2025","adm3_name":"Suffolk County","adm3_id":"25025","area_sqm":582526,"split":false,"population":6839.0,"days_covered":18,"daytime_peak_f":87.3,"heat_anomaly_f":2.9,"extreme_pct":17.0,"nighttime_stress_f":-5.1,"daytime_peak_f_climrel":0.1686,"heat_anomaly_f_climrel":0.1686,"nighttime_stress_f_climrel":-0.3,"extreme_pct_climrel":0.425,"ref_daytime_hi_mean":84.4,"ref_daytime_hi_p95":98.1,"rwi_mean":null,"health_per_10k":1.4622020763269483,"built_frac":0.572,"tree_frac":0.396,"canopy_frac_over_3m":0.195,"viirs_mean":40.8,"gdl_hdi":0.961,"gdl_region":"Massachusetts","ghsl_smod":30,"lst_anomaly_c":2.62,"lst_anomaly_c_climrel":0.3275,"worldpop_pop_total":3700.0,"frac_under5":5.1,"frac_elderly_65plus":15.6,"frac_elderly_75plus":5.6,"old_age_dependency_ratio":0.228,"has_data":true},"geometry":{"type":"Polygon","coordinates":[[[-71.072117,42.295513],[-71.070249,42.295996],[-71.066413,42.297022],[-71.065538,42.298313],[-71.06432,42.299205],[-71.063426,42.299588],[-71.060163,42.300302],[-71.060653,42.298647],[-71.061371,42.296066],[-71.062259,42.29301],[-71.06459,42.292347],[-71.065544,42.292043],[-71.067578,42.291426],[-71.070779,42.290148],[-71.071602,42.290218],[-71.071769,42.292298],[-71.071913,42.293933],[-71.072117,42.295513]]]}},{"type":"Feature","properties":{"unit_id":"25017374000","name":"Census Tract 3740 \u2014 Middlesex","native_id":"25017374000","source":"census_tract_2025","adm3_name":"Middlesex County","adm3_id":"25017","area_sqm":4957318,"split":false,"population":5887.0,"days_covered":18,"daytime_peak_f":87.1,"heat_anomaly_f":2.7,"extreme_pct":17.0,"nighttime_stress_f":-5.4,"daytime_peak_f_climrel":0.1532,"heat_anomaly_f_climrel":0.1532,"nighttime_stress_f_climrel":-0.3,"extreme_pct_climrel":0.425,"ref_daytime_hi_mean":84.4,"ref_daytime_hi_p95":98.1,"rwi_mean":null,"health_per_10k":1.6986580601324952,"built_frac":0.159,"tree_frac":0.703,"canopy_frac_over_3m":0.505,"viirs_mean":14.0,"gdl_hdi":0.961,"gdl_region":"Massachusetts","ghsl_smod":30,"lst_anomaly_c":null,"lst_anomaly_c_climrel":null,"worldpop_pop_total":3924.0,"frac_under5":3.9,"frac_elderly_65plus":27.2,"frac_elderly_75plus":12.3,"old_age_dependency_ratio":0.489,"has_data":true},"geometry":{"type":"Polygon","coordinates":[[[-71.211253,42.302266],[-71.211289,42.303106],[-71.205565,42.305763],[-71.209103,42.312327],[-71.209106,42.313567],[-71.20612,42.313514],[-71.206318,42.315918],[-71.205014,42.315552],[-71.202675,42.317242],[-71.202893,42.317785],[-71.204084,42.3192],[-71.202011,42.319177],[-71.194388,42.318951],[-71.195478,42.314664],[-71.198167,42.308341],[-71.195731,42.307109],[-71.192097,42.303564],[-71.187487,42.299539],[-71.184948,42.29814],[-71.183557,42.297776],[-71.181035,42.296397],[-71.179986,42.295715],[-71.178971,42.294864],[-71.178636,42.294595],[-71.190904,42.283248],[-71.191247,42.282992],[-71.190886,42.285823],[-71.19322,42.288014],[-71.195268,42.287965],[-71.195793,42.286196],[-71.196732,42.286078],[-71.20159,42.288633],[-71.202975,42.288574],[-71.20524,42.289568],[-71.20635,42.294267],[-71.207881,42.297157],[-71.211565,42.29973],[-71.211253,42.302266]]]}},{"type":"Feature","properties":{"unit_id":"25017342401","name":"Census Tract 3424.01 \u2014 Middlesex","native_id":"25017342401","source":"census_tract_2025","adm3_name":"Middlesex County","adm3_id":"25017","area_sqm":496102,"split":false,"population":3350.0,"days_covered":18,"daytime_peak_f":86.4,"heat_anomaly_f":3.6,"extreme_pct":22.0,"nighttime_stress_f":-3.6,"daytime_peak_f_climrel":0.1994,"heat_anomaly_f_climrel":0.1994,"nighttime_stress_f_climrel":-0.2085,"extreme_pct_climrel":0.55,"ref_daytime_hi_mean":82.8,"ref_daytime_hi_p95":97.0,"rwi_mean":null,"health_per_10k":0.0,"built_frac":0.896,"tree_frac":0.079,"canopy_frac_over_3m":0.099,"viirs_mean":56.5,"gdl_hdi":0.961,"gdl_region":"Massachusetts","ghsl_smod":30,"lst_anomaly_c":3.85,"lst_anomaly_c_climrel":0.4813,"worldpop_pop_total":4686.0,"frac_under5":6.2,"frac_elderly_65plus":13.1,"frac_elderly_75plus":6.2,"old_age_dependency_ratio":0.19,"has_data":true},"geometry":{"type":"Polygon","coordinates":[[[-71.064208,42.40822],[-71.062215,42.408336],[-71.062236,42.40849],[-71.060835,42.408619],[-71.059303,42.408897],[-71.056113,42.409534],[-71.053599,42.411921],[-71.052025,42.410811],[-71.052173,42.410646],[-71.055152,42.407462],[-71.055567,42.407057],[-71.059419,42.402987],[-71.059751,42.402546],[-71.05976,42.402385],[-71.061043,42.401953],[-71.061724,42.401745],[-71.063857,42.401575],[-71.063416,42.404344],[-71.064978,42.408164],[-71.064208,42.40822]]]}},{"type":"Feature","properties":{"unit_id":"25017339900","name":"Census Tract 3399 \u2014 Middlesex","native_id":"25017339900","source":"census_tract_2025","adm3_name":"Middlesex County","adm3_id":"25017","area_sqm":957324,"split":false,"population":5583.0,"days_covered":18,"daytime_peak_f":86.4,"heat_anomaly_f":3.6,"extreme_pct":22.0,"nighttime_stress_f":-3.6,"daytime_peak_f_climrel":0.1994,"heat_anomaly_f_climrel":0.1994,"nighttime_stress_f_climrel":-0.2085,"extreme_pct_climrel":0.55,"ref_daytime_hi_mean":82.8,"ref_daytime_hi_p95":97.0,"rwi_mean":null,"health_per_10k":1.7911517105498835,"built_frac":0.807,"tree_frac":0.165,"canopy_frac_over_3m":0.167,"viirs_mean":26.5,"gdl_hdi":0.961,"gdl_region":"Massachusetts","ghsl_smod":30,"lst_anomaly_c":4.93,"lst_anomaly_c_climrel":0.6162,"worldpop_pop_total":5295.0,"frac_under5":5.1,"frac_elderly_65plus":15.2,"frac_elderly_75plus":7.2,"old_age_dependency_ratio":0.213,"has_data":true},"geometry":{"type":"Polygon","coordinates":[[[-71.104199,42.418745],[-71.103371,42.418921],[-71.098579,42.420894],[-71.096702,42.421634],[-71.096011,42.42177],[-71.092568,42.422405],[-71.091666,42.422798],[-71.089745,42.424092],[-71.088065,42.423351],[-71.087672,42.422371],[-71.086542,42.41956],[-71.085924,42.418021],[-71.084277,42.416565],[-71.084221,42.415474],[-71.084371,42.414117],[-71.093021,42.415603],[-71.096898,42.416193],[-71.099708,42.416849],[-71.104161,42.417374],[-71.104199,42.418745]]]}},{"type":"Feature","properties":{"unit_id":"25017337102","name":"Census Tract 3371.02 \u2014 Middlesex","native_id":"25017337102","source":"census_tract_2025","adm3_name":"Middlesex County","adm3_id":"25017","area_sqm":5500342,"split":false,"population":5077.0,"days_covered":18,"daytime_peak_f":86.5,"heat_anomaly_f":4.0,"extreme_pct":17.0,"nighttime_stress_f":-3.3,"daytime_peak_f_climrel":0.2318,"heat_anomaly_f_climrel":0.2318,"nighttime_stress_f_climrel":-0.1839,"extreme_pct_climrel":0.425,"ref_daytime_hi_mean":82.5,"ref_daytime_hi_p95":96.1,"rwi_mean":null,"health_per_10k":1.9696671262556626,"built_frac":0.139,"tree_frac":0.642,"canopy_frac_over_3m":0.515,"viirs_mean":9.3,"gdl_hdi":0.961,"gdl_region":"Massachusetts","ghsl_smod":30,"lst_anomaly_c":-5.64,"lst_anomaly_c_climrel":0,"worldpop_pop_total":5358.0,"frac_under5":5.1,"frac_elderly_65plus":24.2,"frac_elderly_75plus":11.5,"old_age_dependency_ratio":0.398,"has_data":true},"geometry":{"type":"Polygon","coordinates":[[[-71.102352,42.457186],[-71.102237,42.459037],[-71.10135,42.460206],[-71.101668,42.463049],[-71.100847,42.46578],[-71.100485,42.467214],[-71.096596,42.467242],[-71.097925,42.46974],[-71.097037,42.473755],[-71.094799,42.474559],[-71.094844,42.475822],[-71.094071,42.476841],[-71.093443,42.479113],[-71.094606,42.481327],[-71.093871,42.481218],[-71.091042,42.481547],[-71.08031,42.482705],[-71.075814,42.483573],[-71.076599,42.477492],[-71.077707,42.477391],[-71.078152,42.47402],[-71.078443,42.470612],[-71.07891,42.464979],[-71.079245,42.461321],[-71.079797,42.457977],[-71.080595,42.453141],[-71.082116,42.44394],[-71.085639,42.444688],[-71.104722,42.448847],[-71.102352,42.457186]]]}},{"type":"Feature","properties":{"unit_id":"25017356703","name":"Census Tract 3567.03 \u2014 Middlesex","native_id":"25017356703","source":"census_tract_2025","adm3_name":"Middlesex County","adm3_id":"25017","area_sqm":1106008,"split":false,"population":419.0,"days_covered":18,"daytime_peak_f":87.1,"heat_anomaly_f":3.0,"extreme_pct":17.0,"nighttime_stress_f":-5.1,"daytime_peak_f_climrel":0.1716,"heat_anomaly_f_climrel":0.1716,"nighttime_stress_f_climrel":-0.3,"extreme_pct_climrel":0.425,"ref_daytime_hi_mean":84.1,"ref_daytime_hi_p95":97.6,"rwi_mean":null,"health_per_10k":71.59904534606206,"built_frac":0.23,"tree_frac":0.482,"canopy_frac_over_3m":0.294,"viirs_mean":14.0,"gdl_hdi":0.961,"gdl_region":"Massachusetts","ghsl_smod":30,"lst_anomaly_c":-1.91,"lst_anomaly_c_climrel":0,"worldpop_pop_total":3155.0,"frac_under5":3.7,"frac_elderly_65plus":29.4,"frac_elderly_75plus":14.8,"old_age_dependency_ratio":0.524,"has_data":true},"geometry":{"type":"Polygon","coordinates":[[[-71.167046,42.408342],[-71.161573,42.412014],[-71.161035,42.41298],[-71.159413,42.414435],[-71.157898,42.416434],[-71.157693,42.417815],[-71.157204,42.419023],[-71.153065,42.419295],[-71.151986,42.419467],[-71.150867,42.4176],[-71.151407,42.416647],[-71.153287,42.415441],[-71.155702,42.41349],[-71.153205,42.411282],[-71.151496,42.41151],[-71.149831,42.410402],[-71.148815,42.405968],[-71.151339,42.407349],[-71.150044,42.403772],[-71.156468,42.402568],[-71.156389,42.402527],[-71.157473,42.402434],[-71.164054,42.405463],[-71.163925,42.405715],[-71.163304,42.406025],[-71.16711,42.407845],[-71.167046,42.408342]]]}},{"type":"Feature","properties":{"unit_id":"25025170101","name":"Census Tract 1701.01 \u2014 Suffolk","native_id":"25025170101","source":"census_tract_2025","adm3_name":"Suffolk County","adm3_id":"25025","area_sqm":778407,"split":false,"population":4305.0,"days_covered":18,"daytime_peak_f":86.8,"heat_anomaly_f":3.9,"extreme_pct":22.0,"nighttime_stress_f":-3.5,"daytime_peak_f_climrel":0.2108,"heat_anomaly_f_climrel":0.2108,"nighttime_stress_f_climrel":-0.1981,"extreme_pct_climrel":0.55,"ref_daytime_hi_mean":82.9,"ref_daytime_hi_p95":97.6,"rwi_mean":null,"health_per_10k":0.0,"built_frac":0.565,"tree_frac":0.372,"canopy_frac_over_3m":0.251,"viirs_mean":45.7,"gdl_hdi":0.961,"gdl_region":"Massachusetts","ghsl_smod":30,"lst_anomaly_c":2.1,"lst_anomaly_c_climrel":0.2625,"worldpop_pop_total":4136.0,"frac_under5":5.7,"frac_elderly_65plus":18.1,"frac_elderly_75plus":9.4,"old_age_dependency_ratio":0.278,"has_data":true},"geometry":{"type":"Polygon","coordinates":[[[-71.0304,42.412701],[-71.028653,42.413017],[-71.019213,42.410408],[-71.014532,42.409133],[-71.013549,42.408154],[-71.014192,42.407046],[-71.014545,42.406491],[-71.018126,42.403378],[-71.020828,42.403513],[-71.021634,42.405194],[-71.023928,42.405361],[-71.026468,42.406124],[-71.026888,42.40655],[-71.029013,42.410319],[-71.031355,42.412512],[-71.0304,42.412701]]]}},{"type":"Feature","properties":{"unit_id":"25017382500","name":"Census Tract 3825 \u2014 Middlesex","native_id":"25017382500","source":"census_tract_2025","adm3_name":"Middlesex County","adm3_id":"25017","area_sqm":4841996,"split":false,"population":7158.0,"days_covered":18,"daytime_peak_f":86.4,"heat_anomaly_f":2.4,"extreme_pct":17.0,"nighttime_stress_f":-5.7,"daytime_peak_f_climrel":0.1507,"heat_anomaly_f_climrel":0.1507,"nighttime_stress_f_climrel":-0.3,"extreme_pct_climrel":0.425,"ref_daytime_hi_mean":84.0,"ref_daytime_hi_p95":96.2,"rwi_mean":null,"health_per_10k":4.191114836546522,"built_frac":0.215,"tree_frac":0.479,"canopy_frac_over_3m":0.331,"viirs_mean":17.7,"gdl_hdi":0.961,"gdl_region":"Massachusetts","ghsl_smod":21,"lst_anomaly_c":-3.87,"lst_anomaly_c_climrel":0,"worldpop_pop_total":5940.0,"frac_under5":5.3,"frac_elderly_65plus":16.9,"frac_elderly_75plus":7.3,"old_age_dependency_ratio":0.252,"has_data":true},"geometry":{"type":"Polygon","coordinates":[[[-71.38232,42.30873],[-71.379763,42.311988],[-71.377687,42.314669],[-71.373395,42.309855],[-71.370613,42.310262],[-71.368493,42.312811],[-71.364093,42.315906],[-71.363085,42.315846],[-71.362093,42.315074],[-71.360374,42.314057],[-71.360369,42.312347],[-71.361278,42.309659],[-71.361791,42.307447],[-71.36152,42.30407],[-71.359944,42.300026],[-71.359887,42.299933],[-71.359582,42.299286],[-71.35916,42.297432],[-71.35689,42.291981],[-71.354714,42.290481],[-71.352153,42.290149],[-71.348895,42.286261],[-71.347592,42.285659],[-71.347634,42.285248],[-71.347276,42.283783],[-71.347244,42.283405],[-71.352121,42.281723],[-71.353043,42.281445],[-71.355742,42.280886],[-71.358196,42.280337],[-71.361184,42.279634],[-71.363797,42.279358],[-71.370457,42.278168],[-71.376303,42.278155],[-71.376317,42.279597],[-71.375864,42.282574],[-71.375381,42.283805],[-71.375199,42.28787],[-71.376621,42.292618],[-71.376841,42.296214],[-71.377919,42.297528],[-71.381648,42.303993],[-71.383149,42.307674],[-71.38232,42.30873]]]}},{"type":"Feature","properties":{"unit_id":"25017385101","name":"Census Tract 3851.01 \u2014 Middlesex","native_id":"25017385101","source":"census_tract_2025","adm3_name":"Middlesex County","adm3_id":"25017","area_sqm":6688816,"split":false,"population":2410.0,"days_covered":18,"daytime_peak_f":86.3,"heat_anomaly_f":2.3,"extreme_pct":17.0,"nighttime_stress_f":-6.4,"daytime_peak_f_climrel":0.144,"heat_anomaly_f_climrel":0.144,"nighttime_stress_f_climrel":-0.3,"extreme_pct_climrel":0.425,"ref_daytime_hi_mean":84.0,"ref_daytime_hi_p95":95.8,"rwi_mean":null,"health_per_10k":0.0,"built_frac":0.055,"tree_frac":0.805,"canopy_frac_over_3m":0.637,"viirs_mean":4.6,"gdl_hdi":0.961,"gdl_region":"Massachusetts","ghsl_smod":21,"lst_anomaly_c":-6.41,"lst_anomaly_c_climrel":0,"worldpop_pop_total":3228.0,"frac_under5":5.9,"frac_elderly_65plus":15.0,"frac_elderly_75plus":6.1,"old_age_dependency_ratio":0.224,"has_data":true},"geometry":{"type":"Polygon","coordinates":[[[-71.522178,42.266454],[-71.518221,42.267715],[-71.513882,42.267585],[-71.51054,42.266227],[-71.510226,42.265518],[-71.508985,42.264486],[-71.506478,42.264276],[-71.504023,42.265423],[-71.501345,42.265635],[-71.498735,42.265193],[-71.488969,42.262084],[-71.484073,42.261664],[-71.467736,42.260311],[-71.467576,42.258975],[-71.467522,42.256358],[-71.467119,42.255688],[-71.467387,42.255253],[-71.471953,42.251243],[-71.476407,42.24575],[-71.486111,42.241332],[-71.486001,42.24696],[-71.513221,42.253068],[-71.522757,42.255207],[-71.522178,42.266454]]]}},{"type":"Feature","properties":{"unit_id":"25025110607","name":"Census Tract 1106.07 \u2014 Suffolk","native_id":"25025110607","source":"census_tract_2025","adm3_name":"Suffolk County","adm3_id":"25025","area_sqm":1124028,"split":false,"population":6418.0,"days_covered":18,"daytime_peak_f":87.3,"heat_anomaly_f":2.9,"extreme_pct":17.0,"nighttime_stress_f":-5.1,"daytime_peak_f_climrel":0.1686,"heat_anomaly_f_climrel":0.1686,"nighttime_stress_f_climrel":-0.3,"extreme_pct_climrel":0.425,"ref_daytime_hi_mean":84.4,"ref_daytime_hi_p95":98.1,"rwi_mean":null,"health_per_10k":1.558117793705204,"built_frac":0.539,"tree_frac":0.422,"canopy_frac_over_3m":0.301,"viirs_mean":22.9,"gdl_hdi":0.961,"gdl_region":"Massachusetts","ghsl_smod":30,"lst_anomaly_c":null,"lst_anomaly_c_climrel":null,"worldpop_pop_total":5229.0,"frac_under5":5.8,"frac_elderly_65plus":24.0,"frac_elderly_75plus":13.3,"old_age_dependency_ratio":0.385,"has_data":true},"geometry":{"type":"Polygon","coordinates":[[[-71.147746,42.286654],[-71.147322,42.287412],[-71.145124,42.288114],[-71.143052,42.288604],[-71.139746,42.291299],[-71.137305,42.293356],[-71.13601,42.294429],[-71.132978,42.296829],[-71.130068,42.298184],[-71.129332,42.296362],[-71.130463,42.293156],[-71.127847,42.291],[-71.12618,42.290089],[-71.127139,42.289161],[-71.125965,42.288482],[-71.126312,42.288149],[-71.127045,42.28746],[-71.127659,42.287057],[-71.137424,42.286251],[-71.140547,42.286135],[-71.147775,42.285995],[-71.147746,42.286654]]]}},{"type":"Feature","properties":{"unit_id":"25025051101","name":"Census Tract 511.01 \u2014 Suffolk","native_id":"25025051101","source":"census_tract_2025","adm3_name":"Suffolk County","adm3_id":"25025","area_sqm":1159397,"split":false,"population":2923.0,"days_covered":18,"daytime_peak_f":86.8,"heat_anomaly_f":3.9,"extreme_pct":22.0,"nighttime_stress_f":-3.5,"daytime_peak_f_climrel":0.2108,"heat_anomaly_f_climrel":0.2108,"nighttime_stress_f_climrel":-0.1981,"extreme_pct_climrel":0.55,"ref_daytime_hi_mean":82.9,"ref_daytime_hi_p95":97.6,"rwi_mean":null,"health_per_10k":3.421142661648991,"built_frac":0.447,"tree_frac":0.133,"canopy_frac_over_3m":0.095,"viirs_mean":39.6,"gdl_hdi":0.961,"gdl_region":"Massachusetts","ghsl_smod":30,"lst_anomaly_c":-3.6,"lst_anomaly_c_climrel":0,"worldpop_pop_total":6232.0,"frac_under5":4.9,"frac_elderly_65plus":14.2,"frac_elderly_75plus":6.3,"old_age_dependency_ratio":0.2,"has_data":true},"geometry":{"type":"Polygon","coordinates":[[[-71.013395,42.382899],[-71.010149,42.3851],[-71.010842,42.386132],[-71.008046,42.38712],[-71.011829,42.390088],[-71.012662,42.390976],[-71.013048,42.391468],[-71.011609,42.393493],[-71.008579,42.393387],[-71.005972,42.392821],[-71.004015,42.392589],[-70.998233,42.390266],[-70.995047,42.393566],[-70.994454,42.393316],[-70.996729,42.390291],[-70.995347,42.389362],[-70.999388,42.388331],[-71.001134,42.387097],[-70.995645,42.385088],[-70.996423,42.384351],[-71.000018,42.385629],[-71.00076,42.384512],[-70.994634,42.382711],[-70.994648,42.38115],[-70.997994,42.378197],[-71.000206,42.377754],[-71.002914,42.378534],[-71.011268,42.380653],[-71.013395,42.382899]]]}},{"type":"Feature","properties":{"unit_id":"25025040600","name":"Census Tract 406 \u2014 Suffolk","native_id":"25025040600","source":"census_tract_2025","adm3_name":"Suffolk County","adm3_id":"25025","area_sqm":1434873,"split":false,"population":5958.0,"days_covered":18,"daytime_peak_f":86.4,"heat_anomaly_f":3.6,"extreme_pct":22.0,"nighttime_stress_f":-3.6,"daytime_peak_f_climrel":0.1994,"heat_anomaly_f_climrel":0.1994,"nighttime_stress_f_climrel":-0.2085,"extreme_pct_climrel":0.55,"ref_daytime_hi_mean":82.8,"ref_daytime_hi_p95":97.0,"rwi_mean":null,"health_per_10k":0.0,"built_frac":0.629,"tree_frac":0.056,"canopy_frac_over_3m":0.025,"viirs_mean":107.8,"gdl_hdi":0.961,"gdl_region":"Massachusetts","ghsl_smod":30,"lst_anomaly_c":1.81,"lst_anomaly_c_climrel":0.2263,"worldpop_pop_total":4124.0,"frac_under5":6.7,"frac_elderly_65plus":9.0,"frac_elderly_75plus":3.4,"old_age_dependency_ratio":0.115,"has_data":true},"geometry":{"type":"Polygon","coordinates":[[[-71.080932,42.382133],[-71.079428,42.38332],[-71.078727,42.384306],[-71.077638,42.385838],[-71.077405,42.386167],[-71.073496,42.391796],[-71.072696,42.390796],[-71.069322,42.394022],[-71.066944,42.394755],[-71.067082,42.39405],[-71.070696,42.389596],[-71.070896,42.388996],[-71.065695,42.386596],[-71.057395,42.387297],[-71.055524,42.387119],[-71.058504,42.3845],[-71.061596,42.380789],[-71.062356,42.381102],[-71.064195,42.381867],[-71.065339,42.380298],[-71.06494,42.379316],[-71.067928,42.380498],[-71.069106,42.37941],[-71.069987,42.380309],[-71.070901,42.379871],[-71.068217,42.375124],[-71.067907,42.374627],[-71.070545,42.372356],[-71.072466,42.372658],[-71.072689,42.373222],[-71.075657,42.380196],[-71.080701,42.381039],[-71.080932,42.382133]]]}},{"type":"Feature","properties":{"unit_id":"25017335200","name":"Census Tract 3352 \u2014 Middlesex","native_id":"25017335200","source":"census_tract_2025","adm3_name":"Middlesex County","adm3_id":"25017","area_sqm":3312992,"split":false,"population":6574.0,"days_covered":18,"daytime_peak_f":86.5,"heat_anomaly_f":4.0,"extreme_pct":17.0,"nighttime_stress_f":-3.3,"daytime_peak_f_climrel":0.2318,"heat_anomaly_f_climrel":0.2318,"nighttime_stress_f_climrel":-0.1839,"extreme_pct_climrel":0.425,"ref_daytime_hi_mean":82.5,"ref_daytime_hi_p95":96.1,"rwi_mean":null,"health_per_10k":0.0,"built_frac":0.216,"tree_frac":0.652,"canopy_frac_over_3m":0.388,"viirs_mean":15.6,"gdl_hdi":0.961,"gdl_region":"Massachusetts","ghsl_smod":30,"lst_anomaly_c":-1.96,"lst_anomaly_c_climrel":0,"worldpop_pop_total":6348.0,"frac_under5":5.7,"frac_elderly_65plus":21.7,"frac_elderly_75plus":10.7,"old_age_dependency_ratio":0.352,"has_data":true},"geometry":{"type":"Polygon","coordinates":[[[-71.099645,42.506431],[-71.094289,42.507087],[-71.097463,42.510246],[-71.095841,42.512624],[-71.093057,42.515529],[-71.089068,42.513773],[-71.086389,42.512198],[-71.080636,42.507806],[-71.078742,42.505758],[-71.076251,42.502906],[-71.075189,42.501696],[-71.071563,42.497529],[-71.070305,42.495553],[-71.069322,42.490795],[-71.069427,42.489686],[-71.070764,42.490221],[-71.073972,42.489767],[-71.071009,42.487372],[-71.071612,42.486593],[-71.07524,42.488008],[-71.085365,42.492203],[-71.085546,42.492343],[-71.086382,42.493976],[-71.090073,42.50118],[-71.100727,42.502242],[-71.099645,42.506431]]]}},{"type":"Feature","properties":{"unit_id":"25017365202","name":"Census Tract 3652.02 \u2014 Middlesex","native_id":"25017365202","source":"census_tract_2025","adm3_name":"Middlesex County","adm3_id":"25017","area_sqm":17395782,"split":false,"population":5829.0,"days_covered":18,"daytime_peak_f":86.7,"heat_anomaly_f":2.9,"extreme_pct":17.0,"nighttime_stress_f":-5.9,"daytime_peak_f_climrel":0.179,"heat_anomaly_f_climrel":0.179,"nighttime_stress_f_climrel":-0.3,"extreme_pct_climrel":0.425,"ref_daytime_hi_mean":83.8,"ref_daytime_hi_p95":96.1,"rwi_mean":null,"health_per_10k":10.293360782295421,"built_frac":0.044,"tree_frac":0.868,"canopy_frac_over_3m":0.678,"viirs_mean":4.6,"gdl_hdi":0.961,"gdl_region":"Massachusetts","ghsl_smod":12,"lst_anomaly_c":-6.14,"lst_anomaly_c_climrel":0,"worldpop_pop_total":5205.0,"frac_under5":4.9,"frac_elderly_65plus":22.6,"frac_elderly_75plus":11.1,"old_age_dependency_ratio":0.395,"has_data":true},"geometry":{"type":"Polygon","coordinates":[[[-71.482433,42.356186],[-71.475533,42.380529],[-71.475505,42.380632],[-71.475498,42.380655],[-71.456738,42.374484],[-71.437764,42.368334],[-71.422009,42.363212],[-71.413479,42.359618],[-71.410894,42.359337],[-71.40645,42.360255],[-71.403298,42.360274],[-71.391671,42.36098],[-71.390809,42.355237],[-71.389891,42.353892],[-71.388961,42.350022],[-71.387939,42.348636],[-71.387718,42.344829],[-71.391369,42.345209],[-71.393878,42.343971],[-71.397982,42.343215],[-71.396717,42.341045],[-71.402494,42.341852],[-71.415469,42.343684],[-71.424714,42.344966],[-71.437293,42.346714],[-71.483298,42.35313],[-71.482433,42.356186]]]}},{"type":"Feature","properties":{"unit_id":"25025061202","name":"Census Tract 612.02 \u2014 Suffolk","native_id":"25025061202","source":"census_tract_2025","adm3_name":"Suffolk County","adm3_id":"25025","area_sqm":380810,"split":false,"population":1744.0,"days_covered":18,"daytime_peak_f":87.3,"heat_anomaly_f":2.9,"extreme_pct":17.0,"nighttime_stress_f":-5.1,"daytime_peak_f_climrel":0.1686,"heat_anomaly_f_climrel":0.1686,"nighttime_stress_f_climrel":-0.3,"extreme_pct_climrel":0.425,"ref_daytime_hi_mean":84.4,"ref_daytime_hi_p95":98.1,"rwi_mean":null,"health_per_10k":0.0,"built_frac":0.96,"tree_frac":0.009,"canopy_frac_over_3m":0.0,"viirs_mean":125.6,"gdl_hdi":0.961,"gdl_region":"Massachusetts","ghsl_smod":30,"lst_anomaly_c":5.42,"lst_anomaly_c_climrel":0.6775,"worldpop_pop_total":null,"frac_under5":null,"frac_elderly_65plus":null,"frac_elderly_75plus":null,"old_age_dependency_ratio":null,"has_data":true},"geometry":{"type":"Polygon","coordinates":[[[-71.06529,42.337074],[-71.062215,42.342915],[-71.061716,42.343964],[-71.060609,42.343718],[-71.059487,42.34358],[-71.059952,42.34232],[-71.059702,42.336859],[-71.060042,42.336564],[-71.061009,42.334782],[-71.062798,42.331973],[-71.064613,42.334009],[-71.065414,42.335441],[-71.06529,42.337074]]]}},{"type":"Feature","properties":{"unit_id":"25017374500","name":"Census Tract 3745 \u2014 Middlesex","native_id":"25017374500","source":"census_tract_2025","adm3_name":"Middlesex County","adm3_id":"25017","area_sqm":1808934,"split":false,"population":6157.0,"days_covered":18,"daytime_peak_f":87.1,"heat_anomaly_f":3.0,"extreme_pct":17.0,"nighttime_stress_f":-5.1,"daytime_peak_f_climrel":0.1716,"heat_anomaly_f_climrel":0.1716,"nighttime_stress_f_climrel":-0.3,"extreme_pct_climrel":0.425,"ref_daytime_hi_mean":84.1,"ref_daytime_hi_p95":97.6,"rwi_mean":null,"health_per_10k":1.6241676140977748,"built_frac":0.346,"tree_frac":0.598,"canopy_frac_over_3m":0.345,"viirs_mean":18.0,"gdl_hdi":0.961,"gdl_region":"Massachusetts","ghsl_smod":30,"lst_anomaly_c":-0.16,"lst_anomaly_c_climrel":0,"worldpop_pop_total":4598.0,"frac_under5":4.5,"frac_elderly_65plus":19.8,"frac_elderly_75plus":9.4,"old_age_dependency_ratio":0.318,"has_data":true},"geometry":{"type":"Polygon","coordinates":[[[-71.237605,42.346906],[-71.235213,42.346978],[-71.232135,42.347566],[-71.231897,42.348016],[-71.226335,42.349391],[-71.226362,42.351275],[-71.22401,42.353257],[-71.223688,42.355502],[-71.222406,42.35941],[-71.222698,42.360191],[-71.223293,42.361113],[-71.226229,42.363872],[-71.21719,42.366534],[-71.217061,42.366569],[-71.216341,42.365848],[-71.213283,42.364959],[-71.21359,42.364566],[-71.214055,42.363409],[-71.216523,42.360966],[-71.216966,42.359874],[-71.216734,42.35986],[-71.216944,42.359221],[-71.213611,42.354153],[-71.214386,42.350211],[-71.222953,42.348469],[-71.225158,42.348197],[-71.228951,42.347867],[-71.227102,42.345246],[-71.231853,42.342504],[-71.234514,42.344555],[-71.236415,42.343196],[-71.2396,42.344493],[-71.237605,42.346906]]]}},{"type":"Feature","properties":{"unit_id":"25017374300","name":"Census Tract 3743 \u2014 Middlesex","native_id":"25017374300","source":"census_tract_2025","adm3_name":"Middlesex County","adm3_id":"25017","area_sqm":2530160,"split":false,"population":4245.0,"days_covered":18,"daytime_peak_f":87.1,"heat_anomaly_f":2.7,"extreme_pct":17.0,"nighttime_stress_f":-5.4,"daytime_peak_f_climrel":0.1532,"heat_anomaly_f_climrel":0.1532,"nighttime_stress_f_climrel":-0.3,"extreme_pct_climrel":0.425,"ref_daytime_hi_mean":84.4,"ref_daytime_hi_p95":98.1,"rwi_mean":null,"health_per_10k":2.3557126030624262,"built_frac":0.124,"tree_frac":0.857,"canopy_frac_over_3m":0.592,"viirs_mean":13.5,"gdl_hdi":0.961,"gdl_region":"Massachusetts","ghsl_smod":30,"lst_anomaly_c":-4.12,"lst_anomaly_c_climrel":0,"worldpop_pop_total":3784.0,"frac_under5":4.7,"frac_elderly_65plus":24.2,"frac_elderly_75plus":10.3,"old_age_dependency_ratio":0.44,"has_data":true},"geometry":{"type":"Polygon","coordinates":[[[-71.258474,42.3253],[-71.25453,42.326441],[-71.2518,42.328365],[-71.250118,42.329442],[-71.248785,42.329902],[-71.246877,42.332126],[-71.244888,42.3337],[-71.238108,42.330313],[-71.233321,42.327832],[-71.231194,42.326252],[-71.229547,42.327457],[-71.228163,42.328234],[-71.226344,42.328995],[-71.218868,42.330564],[-71.218367,42.328327],[-71.221045,42.323251],[-71.218622,42.322346],[-71.220915,42.321003],[-71.226746,42.323585],[-71.226875,42.322617],[-71.225777,42.317066],[-71.228035,42.316838],[-71.228256,42.318846],[-71.230913,42.320727],[-71.23442,42.320809],[-71.238421,42.321791],[-71.240789,42.320898],[-71.246146,42.321013],[-71.246799,42.321061],[-71.24919,42.323638],[-71.252937,42.326756],[-71.254594,42.325286],[-71.257396,42.324482],[-71.258474,42.3253]]]}},{"type":"Feature","properties":{"unit_id":"25017333602","name":"Census Tract 3336.02 \u2014 Middlesex","native_id":"25017333602","source":"census_tract_2025","adm3_name":"Middlesex County","adm3_id":"25017","area_sqm":4343606,"split":false,"population":6167.0,"days_covered":18,"daytime_peak_f":87.1,"heat_anomaly_f":3.0,"extreme_pct":17.0,"nighttime_stress_f":-5.1,"daytime_peak_f_climrel":0.1737,"heat_anomaly_f_climrel":0.1737,"nighttime_stress_f_climrel":-0.3,"extreme_pct_climrel":0.425,"ref_daytime_hi_mean":84.0,"ref_daytime_hi_p95":97.5,"rwi_mean":null,"health_per_10k":1.6215339711366954,"built_frac":0.273,"tree_frac":0.63,"canopy_frac_over_3m":0.396,"viirs_mean":20.2,"gdl_hdi":0.961,"gdl_region":"Massachusetts","ghsl_smod":30,"lst_anomaly_c":-0.45,"lst_anomaly_c_climrel":0,"worldpop_pop_total":7171.0,"frac_under5":6.1,"frac_elderly_65plus":15.9,"frac_elderly_75plus":7.0,"old_age_dependency_ratio":0.233,"has_data":true},"geometry":{"type":"Polygon","coordinates":[[[-71.170033,42.515537],[-71.15808,42.520547],[-71.149179,42.524263],[-71.145393,42.516823],[-71.147699,42.514054],[-71.147189,42.511978],[-71.150661,42.51055],[-71.151907,42.507925],[-71.148568,42.506449],[-71.146052,42.506837],[-71.146754,42.505566],[-71.141081,42.503184],[-71.142242,42.501282],[-71.148539,42.500471],[-71.158103,42.499219],[-71.16849,42.497475],[-71.168464,42.497939],[-71.168985,42.504166],[-71.169923,42.506731],[-71.169395,42.507311],[-71.169671,42.507503],[-71.16954,42.510242],[-71.170033,42.515537]]]}},{"type":"Feature","properties":{"unit_id":"25017322100","name":"Census Tract 3221 \u2014 Middlesex","native_id":"25017322100","source":"census_tract_2025","adm3_name":"Middlesex County","adm3_id":"25017","area_sqm":14081915,"split":false,"population":4625.0,"days_covered":18,"daytime_peak_f":87.1,"heat_anomaly_f":2.9,"extreme_pct":17.0,"nighttime_stress_f":-6.7,"daytime_peak_f_climrel":0.1862,"heat_anomaly_f_climrel":0.1862,"nighttime_stress_f_climrel":-0.3,"extreme_pct_climrel":0.425,"ref_daytime_hi_mean":84.1,"ref_daytime_hi_p95":96.0,"rwi_mean":null,"health_per_10k":0.0,"built_frac":0.072,"tree_frac":0.762,"canopy_frac_over_3m":0.595,"viirs_mean":5.5,"gdl_hdi":0.961,"gdl_region":"Massachusetts","ghsl_smod":12,"lst_anomaly_c":-5.49,"lst_anomaly_c_climrel":0,"worldpop_pop_total":4241.0,"frac_under5":4.9,"frac_elderly_65plus":20.6,"frac_elderly_75plus":8.3,"old_age_dependency_ratio":0.325,"has_data":true},"geometry":{"type":"Polygon","coordinates":[[[-71.555492,42.39081],[-71.547291,42.39463],[-71.547617,42.395165],[-71.549079,42.396571],[-71.548515,42.39821],[-71.545905,42.399727],[-71.544114,42.4015],[-71.536738,42.403376],[-71.534995,42.403423],[-71.534422,42.403657],[-71.528049,42.401524],[-71.526822,42.396065],[-71.52396,42.396739],[-71.517924,42.398154],[-71.510805,42.397524],[-71.503848,42.397482],[-71.500452,42.395421],[-71.492977,42.396398],[-71.490885,42.395229],[-71.489919,42.396332],[-71.486949,42.396024],[-71.487738,42.394968],[-71.486116,42.393271],[-71.472678,42.390025],[-71.475498,42.380655],[-71.475505,42.380632],[-71.515118,42.376501],[-71.52142,42.375837],[-71.528309,42.375119],[-71.529399,42.374998],[-71.554078,42.372416],[-71.553433,42.377102],[-71.548992,42.380411],[-71.548928,42.38635],[-71.549298,42.387768],[-71.559779,42.389228],[-71.555492,42.39081]]]}},{"type":"Feature","properties":{"unit_id":"25017318100","name":"Census Tract 3181 \u2014 Middlesex","native_id":"25017318100","source":"census_tract_2025","adm3_name":"Middlesex County","adm3_id":"25017","area_sqm":15689696,"split":false,"population":5109.0,"days_covered":18,"daytime_peak_f":86.7,"heat_anomaly_f":2.7,"extreme_pct":17.0,"nighttime_stress_f":-6.5,"daytime_peak_f_climrel":0.1616,"heat_anomaly_f_climrel":0.1616,"nighttime_stress_f_climrel":-0.3,"extreme_pct_climrel":0.425,"ref_daytime_hi_mean":84.1,"ref_daytime_hi_p95":96.1,"rwi_mean":null,"health_per_10k":0.0,"built_frac":0.057,"tree_frac":0.753,"canopy_frac_over_3m":0.597,"viirs_mean":2.7,"gdl_hdi":0.961,"gdl_region":"Massachusetts","ghsl_smod":21,"lst_anomaly_c":-6.51,"lst_anomaly_c_climrel":0,"worldpop_pop_total":6452.0,"frac_under5":4.1,"frac_elderly_65plus":17.2,"frac_elderly_75plus":8.4,"old_age_dependency_ratio":0.263,"has_data":true},"geometry":{"type":"Polygon","coordinates":[[[-71.465165,42.631008],[-71.42211,42.651635],[-71.417642,42.653774],[-71.414394,42.64228],[-71.410899,42.629919],[-71.40709,42.616432],[-71.405401,42.610393],[-71.410242,42.607636],[-71.410992,42.609978],[-71.420108,42.603219],[-71.422631,42.601619],[-71.431731,42.597623],[-71.432615,42.59743],[-71.435126,42.597318],[-71.438,42.601201],[-71.438828,42.603236],[-71.441466,42.605903],[-71.443998,42.607029],[-71.444331,42.609067],[-71.44541,42.610763],[-71.447895,42.613014],[-71.451139,42.614381],[-71.45201,42.615182],[-71.457567,42.619489],[-71.459593,42.623369],[-71.45963,42.62459],[-71.465165,42.631008]]]}},{"type":"Feature","properties":{"unit_id":"25025160601","name":"Census Tract 1606.01 \u2014 Suffolk","native_id":"25025160601","source":"census_tract_2025","adm3_name":"Suffolk County","adm3_id":"25025","area_sqm":673912,"split":false,"population":2305.0,"days_covered":18,"daytime_peak_f":86.8,"heat_anomaly_f":3.9,"extreme_pct":22.0,"nighttime_stress_f":-3.5,"daytime_peak_f_climrel":0.2108,"heat_anomaly_f_climrel":0.2108,"nighttime_stress_f_climrel":-0.1981,"extreme_pct_climrel":0.55,"ref_daytime_hi_mean":82.9,"ref_daytime_hi_p95":97.6,"rwi_mean":null,"health_per_10k":13.015184381778742,"built_frac":0.687,"tree_frac":0.289,"canopy_frac_over_3m":0.222,"viirs_mean":78.2,"gdl_hdi":0.961,"gdl_region":"Massachusetts","ghsl_smod":30,"lst_anomaly_c":2.69,"lst_anomaly_c_climrel":0.3362,"worldpop_pop_total":4163.0,"frac_under5":6.3,"frac_elderly_65plus":14.7,"frac_elderly_75plus":7.1,"old_age_dependency_ratio":0.22,"has_data":true},"geometry":{"type":"Polygon","coordinates":[[[-71.036232,42.402455],[-71.035195,42.403225],[-71.029449,42.404105],[-71.02874,42.404333],[-71.026468,42.406124],[-71.023928,42.405361],[-71.021634,42.405194],[-71.020828,42.403513],[-71.018126,42.403378],[-71.019735,42.401968],[-71.020457,42.402434],[-71.023089,42.400129],[-71.024158,42.399322],[-71.026753,42.397834],[-71.028433,42.399468],[-71.029168,42.399058],[-71.029941,42.399695],[-71.030996,42.400217],[-71.032188,42.399399],[-71.035357,42.402119],[-71.036232,42.402455]]]}},{"type":"Feature","properties":{"unit_id":"25017383502","name":"Census Tract 3835.02 \u2014 Middlesex","native_id":"25017383502","source":"census_tract_2025","adm3_name":"Middlesex County","adm3_id":"25017","area_sqm":1733751,"split":false,"population":5123.0,"days_covered":18,"daytime_peak_f":86.4,"heat_anomaly_f":2.4,"extreme_pct":17.0,"nighttime_stress_f":-5.7,"daytime_peak_f_climrel":0.1507,"heat_anomaly_f_climrel":0.1507,"nighttime_stress_f_climrel":-0.3,"extreme_pct_climrel":0.425,"ref_daytime_hi_mean":84.0,"ref_daytime_hi_p95":96.2,"rwi_mean":null,"health_per_10k":0.0,"built_frac":0.324,"tree_frac":0.591,"canopy_frac_over_3m":0.37,"viirs_mean":24.0,"gdl_hdi":0.961,"gdl_region":"Massachusetts","ghsl_smod":23,"lst_anomaly_c":-0.6,"lst_anomaly_c_climrel":0,"worldpop_pop_total":3502.0,"frac_under5":3.3,"frac_elderly_65plus":12.7,"frac_elderly_75plus":5.5,"old_age_dependency_ratio":0.163,"has_data":true},"geometry":{"type":"Polygon","coordinates":[[[-71.449705,42.298038],[-71.442786,42.299206],[-71.442196,42.299651],[-71.445481,42.301566],[-71.446086,42.303903],[-71.44322,42.301971],[-71.437162,42.300256],[-71.435846,42.300284],[-71.434512,42.300124],[-71.426841,42.298775],[-71.42747,42.292785],[-71.426604,42.291646],[-71.427945,42.291076],[-71.431221,42.288947],[-71.433199,42.289748],[-71.435396,42.291058],[-71.439292,42.28976],[-71.441869,42.291582],[-71.444031,42.292379],[-71.448985,42.293658],[-71.447406,42.295434],[-71.449594,42.297924],[-71.449705,42.298038]]]}},{"type":"Feature","properties":{"unit_id":"25017315403","name":"Census Tract 3154.03 \u2014 Middlesex","native_id":"25017315403","source":"census_tract_2025","adm3_name":"Middlesex County","adm3_id":"25017","area_sqm":2519656,"split":false,"population":1281.0,"days_covered":18,"daytime_peak_f":86.6,"heat_anomaly_f":2.5,"extreme_pct":17.0,"nighttime_stress_f":-5.3,"daytime_peak_f_climrel":0.1456,"heat_anomaly_f_climrel":0.1456,"nighttime_stress_f_climrel":-0.3,"extreme_pct_climrel":0.425,"ref_daytime_hi_mean":84.1,"ref_daytime_hi_p95":97.1,"rwi_mean":null,"health_per_10k":0.0,"built_frac":0.098,"tree_frac":0.856,"canopy_frac_over_3m":0.63,"viirs_mean":6.8,"gdl_hdi":0.961,"gdl_region":"Massachusetts","ghsl_smod":21,"lst_anomaly_c":-6.39,"lst_anomaly_c_climrel":0,"worldpop_pop_total":1437.0,"frac_under5":5.2,"frac_elderly_65plus":21.5,"frac_elderly_75plus":10.8,"old_age_dependency_ratio":0.34,"has_data":true},"geometry":{"type":"Polygon","coordinates":[[[-71.197848,42.587583],[-71.19521,42.589026],[-71.194916,42.591498],[-71.19234,42.593074],[-71.195079,42.594233],[-71.194971,42.596855],[-71.193062,42.599741],[-71.192786,42.600802],[-71.190675,42.601847],[-71.189648,42.599438],[-71.186729,42.597582],[-71.184787,42.59761],[-71.182646,42.595092],[-71.184646,42.593615],[-71.186821,42.589751],[-71.186711,42.584915],[-71.186003,42.584985],[-71.180597,42.583629],[-71.188558,42.570894],[-71.189312,42.571825],[-71.191811,42.57367],[-71.192785,42.574974],[-71.193691,42.579601],[-71.193848,42.579905],[-71.196765,42.583412],[-71.200501,42.587771],[-71.197848,42.587583]]]}},{"type":"Feature","properties":{"unit_id":"25017352101","name":"Census Tract 3521.01 \u2014 Middlesex","native_id":"25017352101","source":"census_tract_2025","adm3_name":"Middlesex County","adm3_id":"25017","area_sqm":400468,"split":false,"population":5101.0,"days_covered":18,"daytime_peak_f":86.4,"heat_anomaly_f":3.6,"extreme_pct":22.0,"nighttime_stress_f":-3.6,"daytime_peak_f_climrel":0.1994,"heat_anomaly_f_climrel":0.1994,"nighttime_stress_f_climrel":-0.2085,"extreme_pct_climrel":0.55,"ref_daytime_hi_mean":82.8,"ref_daytime_hi_p95":97.0,"rwi_mean":null,"health_per_10k":0.0,"built_frac":0.799,"tree_frac":0.073,"canopy_frac_over_3m":0.009,"viirs_mean":109.2,"gdl_hdi":0.961,"gdl_region":"Massachusetts","ghsl_smod":30,"lst_anomaly_c":1.79,"lst_anomaly_c_climrel":0.2238,"worldpop_pop_total":5620.0,"frac_under5":3.7,"frac_elderly_65plus":4.5,"frac_elderly_75plus":1.7,"old_age_dependency_ratio":0.051,"has_data":true},"geometry":{"type":"Polygon","coordinates":[[[-71.081963,42.373616],[-71.080984,42.374043],[-71.076209,42.373985],[-71.074946,42.372918],[-71.074353,42.37255],[-71.072689,42.373222],[-71.072466,42.372658],[-71.070545,42.372356],[-71.067115,42.371816],[-71.064059,42.369001],[-71.069478,42.369046],[-71.070575,42.368015],[-71.070644,42.367949],[-71.073113,42.369131],[-71.074835,42.369935],[-71.075569,42.370361],[-71.07606,42.370713],[-71.078654,42.371934],[-71.081037,42.37315],[-71.081963,42.373616]]]}},{"type":"Feature","properties":{"unit_id":"25017336300","name":"Census Tract 3363 \u2014 Middlesex","native_id":"25017336300","source":"census_tract_2025","adm3_name":"Middlesex County","adm3_id":"25017","area_sqm":4000990,"split":false,"population":6821.0,"days_covered":18,"daytime_peak_f":85.5,"heat_anomaly_f":5.2,"extreme_pct":22.0,"nighttime_stress_f":-1.7,"daytime_peak_f_climrel":0.2946,"heat_anomaly_f_climrel":0.2946,"nighttime_stress_f_climrel":-0.0951,"extreme_pct_climrel":0.55,"ref_daytime_hi_mean":80.4,"ref_daytime_hi_p95":95.2,"rwi_mean":null,"health_per_10k":2.9321213898255385,"built_frac":0.202,"tree_frac":0.683,"canopy_frac_over_3m":0.508,"viirs_mean":11.3,"gdl_hdi":0.961,"gdl_region":"Massachusetts","ghsl_smod":30,"lst_anomaly_c":-3.77,"lst_anomaly_c_climrel":0,"worldpop_pop_total":6891.0,"frac_under5":6.5,"frac_elderly_65plus":18.2,"frac_elderly_75plus":8.3,"old_age_dependency_ratio":0.29,"has_data":true},"geometry":{"type":"Polygon","coordinates":[[[-71.064669,42.456147],[-71.064048,42.456208],[-71.061207,42.456977],[-71.053,42.458304],[-71.047082,42.459214],[-71.042377,42.45995],[-71.039968,42.460735],[-71.027572,42.446678],[-71.025836,42.444709],[-71.03368,42.443904],[-71.036828,42.443581],[-71.044176,42.442827],[-71.050272,42.4422],[-71.051961,42.442915],[-71.054832,42.443383],[-71.056515,42.444684],[-71.058043,42.447762],[-71.059202,42.447492],[-71.05959,42.449231],[-71.059717,42.449785],[-71.06174,42.452033],[-71.063295,42.453306],[-71.066458,42.453135],[-71.064669,42.456147]]]}},{"type":"Feature","properties":{"unit_id":"25017354601","name":"Census Tract 3546.01 \u2014 Middlesex","native_id":"25017354601","source":"census_tract_2025","adm3_name":"Middlesex County","adm3_id":"25017","area_sqm":767347,"split":false,"population":2659.7032407843276,"days_covered":18,"daytime_peak_f":86.4,"heat_anomaly_f":3.6,"extreme_pct":22.0,"nighttime_stress_f":-3.6,"daytime_peak_f_climrel":0.1994,"heat_anomaly_f_climrel":0.1994,"nighttime_stress_f_climrel":-0.2085,"extreme_pct_climrel":0.55,"ref_daytime_hi_mean":82.8,"ref_daytime_hi_p95":97.0,"rwi_mean":null,"health_per_10k":18.799089775615474,"built_frac":0.817,"tree_frac":0.153,"canopy_frac_over_3m":0.143,"viirs_mean":55.8,"gdl_hdi":0.961,"gdl_region":"Massachusetts","ghsl_smod":30,"lst_anomaly_c":4.84,"lst_anomaly_c_climrel":0.605,"worldpop_pop_total":2007.0,"frac_under5":4.3,"frac_elderly_65plus":18.4,"frac_elderly_75plus":10.1,"old_age_dependency_ratio":0.259,"has_data":true},"geometry":{"type":"Polygon","coordinates":[[[-71.158387,42.394593],[-71.156385,42.395823],[-71.156362,42.395852],[-71.152306,42.395471],[-71.14428,42.392638],[-71.141121,42.392092],[-71.137663,42.391504],[-71.135437,42.391123],[-71.138678,42.390657],[-71.141637,42.38719],[-71.14164,42.387051],[-71.143724,42.388284],[-71.144134,42.38868],[-71.148087,42.389628],[-71.157255,42.390948],[-71.157317,42.390953],[-71.158387,42.394593]]]}},{"type":"Feature","properties":{"unit_id":"25017370302","name":"Census Tract 3703.02 \u2014 Middlesex","native_id":"25017370302","source":"census_tract_2025","adm3_name":"Middlesex County","adm3_id":"25017","area_sqm":1158346,"split":false,"population":4296.0,"days_covered":18,"daytime_peak_f":87.1,"heat_anomaly_f":3.0,"extreme_pct":17.0,"nighttime_stress_f":-5.1,"daytime_peak_f_climrel":0.1716,"heat_anomaly_f_climrel":0.1716,"nighttime_stress_f_climrel":-0.3,"extreme_pct_climrel":0.425,"ref_daytime_hi_mean":84.1,"ref_daytime_hi_p95":97.6,"rwi_mean":null,"health_per_10k":2.3277467411545625,"built_frac":0.583,"tree_frac":0.288,"canopy_frac_over_3m":0.247,"viirs_mean":61.9,"gdl_hdi":0.961,"gdl_region":"Massachusetts","ghsl_smod":30,"lst_anomaly_c":1.81,"lst_anomaly_c_climrel":0.2263,"worldpop_pop_total":1598.0,"frac_under5":4.4,"frac_elderly_65plus":36.9,"frac_elderly_75plus":24.3,"old_age_dependency_ratio":0.694,"has_data":true},"geometry":{"type":"Polygon","coordinates":[[[-71.171374,42.36424],[-71.16701,42.36386],[-71.166857,42.364113],[-71.161062,42.364388],[-71.159201,42.364956],[-71.157583,42.36582],[-71.155839,42.367823],[-71.15399,42.370448],[-71.149994,42.368934],[-71.147032,42.365432],[-71.1439,42.365628],[-71.143667,42.365081],[-71.144492,42.364822],[-71.14717,42.361754],[-71.148332,42.361119],[-71.154475,42.360036],[-71.159746,42.359781],[-71.161508,42.358972],[-71.1672,42.362219],[-71.171445,42.362953],[-71.171374,42.36424]]]}},{"type":"Feature","properties":{"unit_id":"25017310101","name":"Census Tract 3101.01 \u2014 Middlesex","native_id":"25017310101","source":"census_tract_2025","adm3_name":"Middlesex County","adm3_id":"25017","area_sqm":507958,"split":false,"population":3750.0,"days_covered":18,"daytime_peak_f":86.9,"heat_anomaly_f":2.6,"extreme_pct":17.0,"nighttime_stress_f":-6.2,"daytime_peak_f_climrel":0.155,"heat_anomaly_f_climrel":0.155,"nighttime_stress_f_climrel":-0.3,"extreme_pct_climrel":0.425,"ref_daytime_hi_mean":84.3,"ref_daytime_hi_p95":96.8,"rwi_mean":null,"health_per_10k":13.333333333333332,"built_frac":0.805,"tree_frac":0.088,"canopy_frac_over_3m":0.09,"viirs_mean":73.3,"gdl_hdi":0.961,"gdl_region":"Massachusetts","ghsl_smod":30,"lst_anomaly_c":4.39,"lst_anomaly_c_climrel":0.5487,"worldpop_pop_total":3818.0,"frac_under5":4.1,"frac_elderly_65plus":13.6,"frac_elderly_75plus":4.8,"old_age_dependency_ratio":0.182,"has_data":true},"geometry":{"type":"Polygon","coordinates":[[[-71.31678,42.640632],[-71.316772,42.641212],[-71.314798,42.64352],[-71.31362,42.644877],[-71.312893,42.644675],[-71.308445,42.644336],[-71.306793,42.646257],[-71.305173,42.648113],[-71.302832,42.647281],[-71.302131,42.647091],[-71.302424,42.646523],[-71.305769,42.644382],[-71.302928,42.641745],[-71.304511,42.641627],[-71.304356,42.64029],[-71.308855,42.639248],[-71.308752,42.641054],[-71.315768,42.638302],[-71.315812,42.638381],[-71.316518,42.639206],[-71.317841,42.640015],[-71.31678,42.640632]]]}},{"type":"Feature","properties":{"unit_id":"25025000807","name":"Census Tract 8.07 \u2014 Suffolk","native_id":"25025000807","source":"census_tract_2025","adm3_name":"Suffolk County","adm3_id":"25025","area_sqm":218594,"split":false,"population":2057.925147316066,"days_covered":18,"daytime_peak_f":86.4,"heat_anomaly_f":3.6,"extreme_pct":22.0,"nighttime_stress_f":-3.6,"daytime_peak_f_climrel":0.1994,"heat_anomaly_f_climrel":0.1994,"nighttime_stress_f_climrel":-0.2085,"extreme_pct_climrel":0.55,"ref_daytime_hi_mean":82.8,"ref_daytime_hi_p95":97.0,"rwi_mean":null,"health_per_10k":4.859263230755473,"built_frac":0.902,"tree_frac":0.035,"canopy_frac_over_3m":0.054,"viirs_mean":54.7,"gdl_hdi":0.961,"gdl_region":"Massachusetts","ghsl_smod":30,"lst_anomaly_c":4.12,"lst_anomaly_c_climrel":0.515,"worldpop_pop_total":1235.0,"frac_under5":0.2,"frac_elderly_65plus":0.3,"frac_elderly_75plus":0.1,"old_age_dependency_ratio":0.003,"has_data":true},"geometry":{"type":"Polygon","coordinates":[[[-71.12126,42.351872],[-71.120729,42.354615],[-71.120022,42.354717],[-71.118126,42.355092],[-71.114119,42.35239],[-71.110732,42.351819],[-71.110936,42.350446],[-71.115808,42.351017],[-71.120286,42.351557],[-71.121311,42.351675],[-71.12126,42.351872]]]}},{"type":"Feature","properties":{"unit_id":"25017334200","name":"Census Tract 3342 \u2014 Middlesex","native_id":"25017334200","source":"census_tract_2025","adm3_name":"Middlesex County","adm3_id":"25017","area_sqm":2441662,"split":false,"population":4295.0,"days_covered":18,"daytime_peak_f":86.5,"heat_anomaly_f":4.0,"extreme_pct":17.0,"nighttime_stress_f":-3.3,"daytime_peak_f_climrel":0.2318,"heat_anomaly_f_climrel":0.2318,"nighttime_stress_f_climrel":-0.1839,"extreme_pct_climrel":0.425,"ref_daytime_hi_mean":82.5,"ref_daytime_hi_p95":96.1,"rwi_mean":null,"health_per_10k":6.984866123399302,"built_frac":0.221,"tree_frac":0.761,"canopy_frac_over_3m":0.476,"viirs_mean":12.1,"gdl_hdi":0.961,"gdl_region":"Massachusetts","ghsl_smod":30,"lst_anomaly_c":-1.76,"lst_anomaly_c_climrel":0,"worldpop_pop_total":3807.0,"frac_under5":6.1,"frac_elderly_65plus":18.4,"frac_elderly_75plus":8.0,"old_age_dependency_ratio":0.29,"has_data":true},"geometry":{"type":"Polygon","coordinates":[[[-71.131295,42.53182],[-71.132482,42.536525],[-71.130594,42.53621],[-71.129585,42.535993],[-71.119142,42.531943],[-71.11418,42.529796],[-71.111306,42.528945],[-71.108534,42.528131],[-71.106197,42.527093],[-71.1035,42.525784],[-71.103018,42.525438],[-71.102791,42.524082],[-71.102989,42.523536],[-71.103048,42.523263],[-71.103212,42.521113],[-71.105803,42.520871],[-71.107585,42.521573],[-71.114776,42.518449],[-71.119635,42.51744],[-71.119801,42.517945],[-71.12061,42.519741],[-71.124549,42.524395],[-71.124916,42.525615],[-71.126206,42.527467],[-71.128547,42.527893],[-71.132516,42.531286],[-71.131295,42.53182]]]}},{"type":"Feature","properties":{"unit_id":"25017313101","name":"Census Tract 3131.01 \u2014 Middlesex","native_id":"25017313101","source":"census_tract_2025","adm3_name":"Middlesex County","adm3_id":"25017","area_sqm":28808323,"split":false,"population":7011.0,"days_covered":18,"daytime_peak_f":87.0,"heat_anomaly_f":2.8,"extreme_pct":17.0,"nighttime_stress_f":-6.4,"daytime_peak_f_climrel":0.1637,"heat_anomaly_f_climrel":0.1637,"nighttime_stress_f_climrel":-0.3,"extreme_pct_climrel":0.425,"ref_daytime_hi_mean":84.2,"ref_daytime_hi_p95":96.4,"rwi_mean":null,"health_per_10k":11.410640422193696,"built_frac":0.073,"tree_frac":0.771,"canopy_frac_over_3m":0.64,"viirs_mean":5.2,"gdl_hdi":0.961,"gdl_region":"Massachusetts","ghsl_smod":12,"lst_anomaly_c":-6.72,"lst_anomaly_c_climrel":0,"worldpop_pop_total":6600.0,"frac_under5":4.8,"frac_elderly_65plus":17.4,"frac_elderly_75plus":6.4,"old_age_dependency_ratio":0.264,"has_data":true},"geometry":{"type":"Polygon","coordinates":[[[-71.497478,42.641667],[-71.496484,42.649802],[-71.496296,42.649769],[-71.49246,42.649102],[-71.489029,42.649197],[-71.482511,42.65103],[-71.479484,42.658794],[-71.477153,42.654379],[-71.475902,42.652008],[-71.474784,42.649889],[-71.457188,42.658369],[-71.458683,42.659755],[-71.45493,42.660105],[-71.455438,42.661211],[-71.449754,42.661827],[-71.446956,42.663168],[-71.447835,42.66661],[-71.448618,42.667735],[-71.452343,42.669743],[-71.446418,42.67041],[-71.447285,42.677496],[-71.447962,42.680605],[-71.450282,42.685296],[-71.452088,42.687154],[-71.456121,42.686352],[-71.457027,42.690657],[-71.459235,42.690606],[-71.459577,42.690468],[-71.461033,42.691969],[-71.456336,42.695849],[-71.457687763627,42.7006615677213],[-71.4517143448072,42.7005200100288],[-71.4491741670486,42.7004598130607],[-71.4323540138531,42.700061210159],[-71.432335697233,42.7000607760929],[-71.431181,42.698035],[-71.429537,42.696764],[-71.427672,42.695637],[-71.422736,42.694245],[-71.41569,42.690873],[-71.414055,42.689001],[-71.412659,42.686412],[-71.412594,42.683905],[-71.41378,42.682719],[-71.418016,42.682623],[-71.418684,42.682096],[-71.420914,42.676761],[-71.420774,42.674114],[-71.419626,42.672245],[-71.418261,42.671494],[-71.406516,42.666829],[-71.404865,42.66565],[-71.401769,42.661717],[-71.39966,42.657973],[-71.396747,42.657394],[-71.39418,42.653746],[-71.389208,42.649004],[-71.394341,42.648474],[-71.396968,42.649637],[-71.398995,42.652467],[-71.400631,42.652024],[-71.40211,42.651603],[-71.402033,42.6511],[-71.4011,42.649115],[-71.399014,42.646276],[-71.39832,42.645494],[-71.39889,42.644949],[-71.402782,42.646771],[-71.404028,42.648406],[-71.409764,42.648785],[-71.411978,42.647974],[-71.412309,42.64941],[-71.417642,42.653774],[-71.42211,42.651635],[-71.465165,42.631008],[-71.493528,42.617404],[-71.498593,42.638792],[-71.497478,42.641667]]]}},{"type":"Feature","properties":{"unit_id":"25017354500","name":"Census Tract 3545 \u2014 Middlesex","native_id":"25017354500","source":"census_tract_2025","adm3_name":"Middlesex County","adm3_id":"25017","area_sqm":334459,"split":false,"population":5816.0,"days_covered":18,"daytime_peak_f":86.4,"heat_anomaly_f":3.6,"extreme_pct":22.0,"nighttime_stress_f":-3.6,"daytime_peak_f_climrel":0.1994,"heat_anomaly_f_climrel":0.1994,"nighttime_stress_f_climrel":-0.2085,"extreme_pct_climrel":0.55,"ref_daytime_hi_mean":82.8,"ref_daytime_hi_p95":97.0,"rwi_mean":null,"health_per_10k":3.43878954607978,"built_frac":0.32,"tree_frac":0.679,"canopy_frac_over_3m":0.462,"viirs_mean":33.2,"gdl_hdi":0.961,"gdl_region":"Massachusetts","ghsl_smod":30,"lst_anomaly_c":0.2,"lst_anomaly_c_climrel":0.025,"worldpop_pop_total":2200.0,"frac_under5":5.0,"frac_elderly_65plus":23.5,"frac_elderly_75plus":11.4,"old_age_dependency_ratio":0.366,"has_data":true},"geometry":{"type":"Polygon","coordinates":[[[-71.13041,42.382918],[-71.130224,42.383065],[-71.129777,42.383461],[-71.128513,42.385691],[-71.126943,42.386351],[-71.124206,42.387207],[-71.121656,42.387909],[-71.119464,42.388156],[-71.119229,42.387022],[-71.119464,42.38483],[-71.121375,42.384448],[-71.123272,42.385522],[-71.124235,42.384443],[-71.124887,42.382889],[-71.1267,42.382045],[-71.126117,42.38138],[-71.127503,42.380407],[-71.128855,42.381133],[-71.129775,42.381685],[-71.131023,42.38241],[-71.13041,42.382918]]]}},{"type":"Feature","properties":{"unit_id":"25025092101","name":"Census Tract 921.01 \u2014 Suffolk","native_id":"25025092101","source":"census_tract_2025","adm3_name":"Suffolk County","adm3_id":"25025","area_sqm":1306107,"split":false,"population":3373.0,"days_covered":18,"daytime_peak_f":87.3,"heat_anomaly_f":2.9,"extreme_pct":17.0,"nighttime_stress_f":-5.1,"daytime_peak_f_climrel":0.1686,"heat_anomaly_f_climrel":0.1686,"nighttime_stress_f_climrel":-0.3,"extreme_pct_climrel":0.425,"ref_daytime_hi_mean":84.4,"ref_daytime_hi_p95":98.1,"rwi_mean":null,"health_per_10k":0.0,"built_frac":0.761,"tree_frac":0.191,"canopy_frac_over_3m":0.097,"viirs_mean":59.5,"gdl_hdi":0.961,"gdl_region":"Massachusetts","ghsl_smod":30,"lst_anomaly_c":2.66,"lst_anomaly_c_climrel":0.3325,"worldpop_pop_total":6934.0,"frac_under5":5.2,"frac_elderly_65plus":14.3,"frac_elderly_75plus":5.8,"old_age_dependency_ratio":0.205,"has_data":true},"geometry":{"type":"Polygon","coordinates":[[[-71.062259,42.29301],[-71.061371,42.296066],[-71.060653,42.298647],[-71.060163,42.300302],[-71.060015,42.300759],[-71.059796,42.301538],[-71.059429,42.303127],[-71.055973,42.304517],[-71.055432,42.304323],[-71.052564,42.302937],[-71.049268,42.301197],[-71.047478,42.304424],[-71.0474393475483,42.3037469777322],[-71.047616,42.303378],[-71.044495,42.301496],[-71.045971080436,42.2993124833707],[-71.046786,42.298107],[-71.048293,42.298315],[-71.047456,42.293594],[-71.047986,42.293079],[-71.050633,42.292782],[-71.052431,42.294476],[-71.054651,42.293703],[-71.057296,42.293125],[-71.06036,42.292351],[-71.062611,42.291809],[-71.062259,42.29301]]]}},{"type":"Feature","properties":{"unit_id":"25017341901","name":"Census Tract 3419.01 \u2014 Middlesex","native_id":"25017341901","source":"census_tract_2025","adm3_name":"Middlesex County","adm3_id":"25017","area_sqm":1058078,"split":false,"population":2359.0,"days_covered":18,"daytime_peak_f":86.8,"heat_anomaly_f":3.9,"extreme_pct":22.0,"nighttime_stress_f":-3.5,"daytime_peak_f_climrel":0.2108,"heat_anomaly_f_climrel":0.2108,"nighttime_stress_f_climrel":-0.1981,"extreme_pct_climrel":0.55,"ref_daytime_hi_mean":82.9,"ref_daytime_hi_p95":97.6,"rwi_mean":null,"health_per_10k":4.23908435777872,"built_frac":0.261,"tree_frac":0.268,"canopy_frac_over_3m":0.237,"viirs_mean":21.6,"gdl_hdi":0.961,"gdl_region":"Massachusetts","ghsl_smod":30,"lst_anomaly_c":1.55,"lst_anomaly_c_climrel":0.1938,"worldpop_pop_total":1526.0,"frac_under5":4.9,"frac_elderly_65plus":15.1,"frac_elderly_75plus":6.4,"old_age_dependency_ratio":0.218,"has_data":true},"geometry":{"type":"Polygon","coordinates":[[[-71.04226,42.424786],[-71.039955,42.430965],[-71.031891,42.431535],[-71.027153,42.432073],[-71.025997,42.432392],[-71.024042,42.433082],[-71.023002,42.433521],[-71.023036,42.43346],[-71.024088,42.431582],[-71.028227,42.424202],[-71.040934,42.42345],[-71.042793,42.423341],[-71.04226,42.424786]]]}},{"type":"Feature","properties":{"unit_id":"25025071101","name":"Census Tract 711.01 \u2014 Suffolk","native_id":"25025071101","source":"census_tract_2025","adm3_name":"Suffolk County","adm3_id":"25025","area_sqm":359031,"split":false,"population":12418.0,"days_covered":18,"daytime_peak_f":87.3,"heat_anomaly_f":2.9,"extreme_pct":17.0,"nighttime_stress_f":-5.1,"daytime_peak_f_climrel":0.1686,"heat_anomaly_f_climrel":0.1686,"nighttime_stress_f_climrel":-0.3,"extreme_pct_climrel":0.425,"ref_daytime_hi_mean":84.4,"ref_daytime_hi_p95":98.1,"rwi_mean":null,"health_per_10k":1.6105653084232565,"built_frac":0.819,"tree_frac":0.155,"canopy_frac_over_3m":0.064,"viirs_mean":98.0,"gdl_hdi":0.961,"gdl_region":"Massachusetts","ghsl_smod":30,"lst_anomaly_c":3.74,"lst_anomaly_c_climrel":0.4675,"worldpop_pop_total":4064.0,"frac_under5":4.2,"frac_elderly_65plus":14.5,"frac_elderly_75plus":6.7,"old_age_dependency_ratio":0.187,"has_data":true},"geometry":{"type":"Polygon","coordinates":[[[-71.076941,42.336527],[-71.075668,42.337475],[-71.074995,42.337931],[-71.072504,42.339615],[-71.070949,42.338306],[-71.070365,42.338783],[-71.068351,42.337172],[-71.069414,42.336414],[-71.068477,42.335722],[-71.067131,42.335291],[-71.072152,42.332727],[-71.07337,42.33361],[-71.074357,42.332847],[-71.075037,42.33349],[-71.076119,42.332813],[-71.075783,42.334493],[-71.077621,42.336001],[-71.076941,42.336527]]]}},{"type":"Feature","properties":{"unit_id":"25025130300","name":"Census Tract 1303 \u2014 Suffolk","native_id":"25025130300","source":"census_tract_2025","adm3_name":"Suffolk County","adm3_id":"25025","area_sqm":1442464,"split":false,"population":1965.0,"days_covered":18,"daytime_peak_f":87.1,"heat_anomaly_f":2.7,"extreme_pct":17.0,"nighttime_stress_f":-5.4,"daytime_peak_f_climrel":0.1532,"heat_anomaly_f_climrel":0.1532,"nighttime_stress_f_climrel":-0.3,"extreme_pct_climrel":0.425,"ref_daytime_hi_mean":84.4,"ref_daytime_hi_p95":98.1,"rwi_mean":null,"health_per_10k":10.178117048346056,"built_frac":0.41,"tree_frac":0.566,"canopy_frac_over_3m":0.331,"viirs_mean":22.0,"gdl_hdi":0.961,"gdl_region":"Massachusetts","ghsl_smod":30,"lst_anomaly_c":null,"lst_anomaly_c_climrel":null,"worldpop_pop_total":4170.0,"frac_under5":5.7,"frac_elderly_65plus":20.7,"frac_elderly_75plus":8.6,"old_age_dependency_ratio":0.331,"has_data":true},"geometry":{"type":"Polygon","coordinates":[[[-71.161148,42.280341],[-71.159808,42.28152],[-71.158894,42.282141],[-71.156374,42.283563],[-71.154983,42.284355],[-71.149901,42.286762],[-71.150071,42.28729],[-71.148686,42.287152],[-71.147746,42.286654],[-71.147775,42.285995],[-71.147504,42.284177],[-71.147025,42.283278],[-71.145519,42.281804],[-71.143956,42.280502],[-71.142485,42.27757],[-71.145231,42.276332],[-71.145705,42.27505],[-71.143664,42.272847],[-71.147289,42.269994],[-71.149893,42.272228],[-71.150778,42.273551],[-71.153504,42.275976],[-71.156772,42.277048],[-71.159434,42.278834],[-71.161006,42.280057],[-71.161148,42.280341]]]}},{"type":"Feature","properties":{"unit_id":"25017383401","name":"Census Tract 3834.01 \u2014 Middlesex","native_id":"25017383401","source":"census_tract_2025","adm3_name":"Middlesex County","adm3_id":"25017","area_sqm":837750,"split":false,"population":5675.0,"days_covered":18,"daytime_peak_f":86.4,"heat_anomaly_f":2.4,"extreme_pct":17.0,"nighttime_stress_f":-5.7,"daytime_peak_f_climrel":0.1507,"heat_anomaly_f_climrel":0.1507,"nighttime_stress_f_climrel":-0.3,"extreme_pct_climrel":0.425,"ref_daytime_hi_mean":84.0,"ref_daytime_hi_p95":96.2,"rwi_mean":null,"health_per_10k":3.524229074889868,"built_frac":0.479,"tree_frac":0.353,"canopy_frac_over_3m":0.245,"viirs_mean":38.4,"gdl_hdi":0.961,"gdl_region":"Massachusetts","ghsl_smod":23,"lst_anomaly_c":0.94,"lst_anomaly_c_climrel":0.1175,"worldpop_pop_total":2539.0,"frac_under5":5.3,"frac_elderly_65plus":8.9,"frac_elderly_75plus":2.9,"old_age_dependency_ratio":0.119,"has_data":true},"geometry":{"type":"Polygon","coordinates":[[[-71.424032,42.289535],[-71.418845,42.290672],[-71.415558,42.289648],[-71.414749,42.288118],[-71.410154,42.287481],[-71.410741,42.286625],[-71.412754,42.283778],[-71.414812,42.282496],[-71.406225,42.279236],[-71.414969,42.277353],[-71.416799,42.276966],[-71.416744,42.279064],[-71.419466,42.282385],[-71.42437,42.288716],[-71.424032,42.289535]]]}},{"type":"Feature","properties":{"unit_id":"25025081700","name":"Census Tract 817 \u2014 Suffolk","native_id":"25025081700","source":"census_tract_2025","adm3_name":"Suffolk County","adm3_id":"25025","area_sqm":633875,"split":false,"population":3097.0,"days_covered":18,"daytime_peak_f":87.3,"heat_anomaly_f":2.9,"extreme_pct":17.0,"nighttime_stress_f":-5.1,"daytime_peak_f_climrel":0.1686,"heat_anomaly_f_climrel":0.1686,"nighttime_stress_f_climrel":-0.3,"extreme_pct_climrel":0.425,"ref_daytime_hi_mean":84.4,"ref_daytime_hi_p95":98.1,"rwi_mean":null,"health_per_10k":0.0,"built_frac":0.671,"tree_frac":0.292,"canopy_frac_over_3m":0.203,"viirs_mean":64.5,"gdl_hdi":0.961,"gdl_region":"Massachusetts","ghsl_smod":30,"lst_anomaly_c":3.41,"lst_anomaly_c_climrel":0.4263,"worldpop_pop_total":4068.0,"frac_under5":6.4,"frac_elderly_65plus":16.7,"frac_elderly_75plus":7.4,"old_age_dependency_ratio":0.264,"has_data":true},"geometry":{"type":"Polygon","coordinates":[[[-71.092476,42.321307],[-71.0896,42.323394],[-71.088788,42.324218],[-71.08789,42.32571],[-71.086996,42.327782],[-71.0851,42.328899],[-71.083448,42.32865],[-71.08311,42.32812],[-71.08327,42.326127],[-71.083308,42.325959],[-71.081923,42.321727],[-71.081621,42.320732],[-71.081385,42.319802],[-71.081789,42.31827],[-71.081917,42.318021],[-71.086017,42.319164],[-71.086225,42.318237],[-71.090238,42.319213],[-71.091606,42.320652],[-71.092476,42.321307]]]}},{"type":"Feature","properties":{"unit_id":"25025081800","name":"Census Tract 818 \u2014 Suffolk","native_id":"25025081800","source":"census_tract_2025","adm3_name":"Suffolk County","adm3_id":"25025","area_sqm":373922,"split":false,"population":3286.0,"days_covered":18,"daytime_peak_f":87.3,"heat_anomaly_f":2.9,"extreme_pct":17.0,"nighttime_stress_f":-5.1,"daytime_peak_f_climrel":0.1686,"heat_anomaly_f_climrel":0.1686,"nighttime_stress_f_climrel":-0.3,"extreme_pct_climrel":0.425,"ref_daytime_hi_mean":84.4,"ref_daytime_hi_p95":98.1,"rwi_mean":null,"health_per_10k":0.0,"built_frac":0.688,"tree_frac":0.309,"canopy_frac_over_3m":0.17,"viirs_mean":65.9,"gdl_hdi":0.961,"gdl_region":"Massachusetts","ghsl_smod":30,"lst_anomaly_c":3.71,"lst_anomaly_c_climrel":0.4637,"worldpop_pop_total":3735.0,"frac_under5":5.4,"frac_elderly_65plus":13.0,"frac_elderly_75plus":4.6,"old_age_dependency_ratio":0.189,"has_data":true},"geometry":{"type":"Polygon","coordinates":[[[-71.083308,42.325959],[-71.081605,42.325549],[-71.0796,42.324161],[-71.077516,42.323261],[-71.076664,42.322889],[-71.077146,42.322196],[-71.077746,42.320431],[-71.077749,42.319284],[-71.077814,42.318296],[-71.078215,42.315871],[-71.078823,42.314608],[-71.080998,42.315755],[-71.08285,42.316362],[-71.082367,42.317233],[-71.081917,42.318021],[-71.081789,42.31827],[-71.081385,42.319802],[-71.081621,42.320732],[-71.081923,42.321727],[-71.083308,42.325959]]]}},{"type":"Feature","properties":{"unit_id":"25017333400","name":"Census Tract 3334 \u2014 Middlesex","native_id":"25017333400","source":"census_tract_2025","adm3_name":"Middlesex County","adm3_id":"25017","area_sqm":4886856,"split":false,"population":7835.0,"days_covered":18,"daytime_peak_f":86.5,"heat_anomaly_f":4.0,"extreme_pct":17.0,"nighttime_stress_f":-3.3,"daytime_peak_f_climrel":0.2318,"heat_anomaly_f_climrel":0.2318,"nighttime_stress_f_climrel":-0.1839,"extreme_pct_climrel":0.425,"ref_daytime_hi_mean":82.5,"ref_daytime_hi_p95":96.1,"rwi_mean":null,"health_per_10k":0.0,"built_frac":0.351,"tree_frac":0.574,"canopy_frac_over_3m":0.38,"viirs_mean":21.5,"gdl_hdi":0.961,"gdl_region":"Massachusetts","ghsl_smod":30,"lst_anomaly_c":0.47,"lst_anomaly_c_climrel":0.0587,"worldpop_pop_total":6397.0,"frac_under5":5.5,"frac_elderly_65plus":19.0,"frac_elderly_75plus":8.5,"old_age_dependency_ratio":0.29,"has_data":true},"geometry":{"type":"Polygon","coordinates":[[[-71.146622,42.480947],[-71.140266,42.482158],[-71.137257,42.482061],[-71.136121,42.481478],[-71.133078,42.481007],[-71.133149,42.481992],[-71.135734,42.487734],[-71.135218,42.487921],[-71.132466,42.489041],[-71.129301,42.491187],[-71.124448,42.495142],[-71.124051,42.495534],[-71.121496,42.498538],[-71.116775,42.49455],[-71.115644,42.489593],[-71.113168,42.478697],[-71.112056,42.47382],[-71.123772,42.473395],[-71.133926,42.469942],[-71.137902,42.468581],[-71.141456,42.470517],[-71.14338,42.474297],[-71.143796,42.475599],[-71.144325,42.478426],[-71.146622,42.480947]]]}},{"type":"Feature","properties":{"unit_id":"25025091800","name":"Census Tract 918 \u2014 Suffolk","native_id":"25025091800","source":"census_tract_2025","adm3_name":"Suffolk County","adm3_id":"25025","area_sqm":432066,"split":false,"population":3695.0,"days_covered":18,"daytime_peak_f":87.3,"heat_anomaly_f":2.9,"extreme_pct":17.0,"nighttime_stress_f":-5.1,"daytime_peak_f_climrel":0.1686,"heat_anomaly_f_climrel":0.1686,"nighttime_stress_f_climrel":-0.3,"extreme_pct_climrel":0.425,"ref_daytime_hi_mean":84.4,"ref_daytime_hi_p95":98.1,"rwi_mean":null,"health_per_10k":0.0,"built_frac":0.721,"tree_frac":0.259,"canopy_frac_over_3m":0.148,"viirs_mean":45.1,"gdl_hdi":0.961,"gdl_region":"Massachusetts","ghsl_smod":30,"lst_anomaly_c":2.9,"lst_anomaly_c_climrel":0.3625,"worldpop_pop_total":3836.0,"frac_under5":5.6,"frac_elderly_65plus":13.2,"frac_elderly_75plus":5.9,"old_age_dependency_ratio":0.197,"has_data":true},"geometry":{"type":"Polygon","coordinates":[[[-71.076782,42.305189],[-71.073912,42.307681],[-71.073346,42.30847],[-71.072822,42.309471],[-71.072564,42.310067],[-71.072334,42.310213],[-71.070217,42.311334],[-71.068416,42.31066],[-71.066298,42.309163],[-71.06503,42.30808],[-71.066494,42.306709],[-71.067008,42.306245],[-71.068344,42.305206],[-71.068798,42.304888],[-71.070001,42.30407],[-71.071426,42.303407],[-71.073117,42.304672],[-71.074161,42.30491],[-71.076185,42.305046],[-71.076782,42.305189]]]}},{"type":"Feature","properties":{"unit_id":"25017368500","name":"Census Tract 3685 \u2014 Middlesex","native_id":"25017368500","source":"census_tract_2025","adm3_name":"Middlesex County","adm3_id":"25017","area_sqm":465881,"split":false,"population":3366.0,"days_covered":18,"daytime_peak_f":87.1,"heat_anomaly_f":3.0,"extreme_pct":17.0,"nighttime_stress_f":-5.1,"daytime_peak_f_climrel":0.1716,"heat_anomaly_f_climrel":0.1716,"nighttime_stress_f_climrel":-0.3,"extreme_pct_climrel":0.425,"ref_daytime_hi_mean":84.1,"ref_daytime_hi_p95":97.6,"rwi_mean":null,"health_per_10k":8.9126559714795,"built_frac":0.754,"tree_frac":0.151,"canopy_frac_over_3m":0.161,"viirs_mean":42.4,"gdl_hdi":0.961,"gdl_region":"Massachusetts","ghsl_smod":30,"lst_anomaly_c":4.66,"lst_anomaly_c_climrel":0.5825,"worldpop_pop_total":3419.0,"frac_under5":3.7,"frac_elderly_65plus":12.2,"frac_elderly_75plus":4.6,"old_age_dependency_ratio":0.155,"has_data":true},"geometry":{"type":"Polygon","coordinates":[[[-71.243681,42.368847],[-71.240963,42.371649],[-71.236581,42.373153],[-71.236609,42.373008],[-71.23484,42.37248],[-71.233116,42.37284],[-71.231322,42.370472],[-71.233716,42.371018],[-71.234277,42.368309],[-71.234486,42.367395],[-71.234945,42.365992],[-71.237972,42.366335],[-71.238121,42.365847],[-71.240901,42.36637],[-71.243136,42.366801],[-71.242436,42.368458],[-71.243681,42.368847]]]}},{"type":"Feature","properties":{"unit_id":"25017324102","name":"Census Tract 3241.02 \u2014 Middlesex","native_id":"25017324102","source":"census_tract_2025","adm3_name":"Middlesex County","adm3_id":"25017","area_sqm":20122793,"split":false,"population":5130.0,"days_covered":18,"daytime_peak_f":86.7,"heat_anomaly_f":2.7,"extreme_pct":17.0,"nighttime_stress_f":-6.7,"daytime_peak_f_climrel":0.1665,"heat_anomaly_f_climrel":0.1665,"nighttime_stress_f_climrel":-0.3,"extreme_pct_climrel":0.425,"ref_daytime_hi_mean":84.1,"ref_daytime_hi_p95":95.7,"rwi_mean":null,"health_per_10k":1.949317738791423,"built_frac":0.085,"tree_frac":0.708,"canopy_frac_over_3m":0.545,"viirs_mean":6.1,"gdl_hdi":0.961,"gdl_region":"Massachusetts","ghsl_smod":12,"lst_anomaly_c":-5.96,"lst_anomaly_c_climrel":0,"worldpop_pop_total":4618.0,"frac_under5":5.5,"frac_elderly_65plus":18.1,"frac_elderly_75plus":7.7,"old_age_dependency_ratio":0.286,"has_data":true},"geometry":{"type":"Polygon","coordinates":[[[-71.542323,42.550334],[-71.533031,42.55273],[-71.532379,42.553829],[-71.52788,42.556226],[-71.523187,42.559826],[-71.520892,42.564311],[-71.511459,42.569386],[-71.511412,42.569416],[-71.506411,42.572172],[-71.503037,42.575468],[-71.498006,42.576862],[-71.483765,42.573788],[-71.481833,42.565688],[-71.481193,42.562997],[-71.48002,42.558094],[-71.477379,42.5566],[-71.477341,42.55657],[-71.468842,42.551746],[-71.478084,42.549579],[-71.483977,42.547272],[-71.489955,42.543294],[-71.493214,42.539823],[-71.499318,42.531425],[-71.504901,42.524437],[-71.507979,42.520743],[-71.516221,42.513444],[-71.517807,42.515616],[-71.529841,42.519841],[-71.531377,42.520352],[-71.53376,42.527654],[-71.53878,42.54303],[-71.542323,42.550334]]]}},{"type":"Feature","properties":{"unit_id":"25025070202","name":"Census Tract 702.02 \u2014 Suffolk","native_id":"25025070202","source":"census_tract_2025","adm3_name":"Suffolk County","adm3_id":"25025","area_sqm":178542,"split":false,"population":7067.372356281474,"days_covered":18,"daytime_peak_f":86.4,"heat_anomaly_f":3.6,"extreme_pct":22.0,"nighttime_stress_f":-3.6,"daytime_peak_f_climrel":0.1994,"heat_anomaly_f_climrel":0.1994,"nighttime_stress_f_climrel":-0.2085,"extreme_pct_climrel":0.55,"ref_daytime_hi_mean":82.8,"ref_daytime_hi_p95":97.0,"rwi_mean":null,"health_per_10k":1.414953039952962,"built_frac":0.987,"tree_frac":0.008,"canopy_frac_over_3m":0.002,"viirs_mean":140.5,"gdl_hdi":0.961,"gdl_region":"Massachusetts","ghsl_smod":30,"lst_anomaly_c":4.03,"lst_anomaly_c_climrel":0.5038,"worldpop_pop_total":6033.0,"frac_under5":3.6,"frac_elderly_65plus":11.2,"frac_elderly_75plus":5.0,"old_age_dependency_ratio":0.143,"has_data":true},"geometry":{"type":"Polygon","coordinates":[[[-71.064562,42.352383],[-71.062575,42.352399],[-71.061051,42.352516],[-71.059828,42.352548],[-71.058009,42.35235],[-71.059508,42.351149],[-71.061193,42.34793],[-71.062451,42.346985],[-71.063039,42.34685],[-71.064434,42.347186],[-71.06415,42.348405],[-71.062761,42.351508],[-71.064562,42.352383]]]}},{"type":"Feature","properties":{"unit_id":"25017311700","name":"Census Tract 3117 \u2014 Middlesex","native_id":"25017311700","source":"census_tract_2025","adm3_name":"Middlesex County","adm3_id":"25017","area_sqm":749316,"split":false,"population":5812.0,"days_covered":18,"daytime_peak_f":86.9,"heat_anomaly_f":2.6,"extreme_pct":17.0,"nighttime_stress_f":-6.2,"daytime_peak_f_climrel":0.155,"heat_anomaly_f_climrel":0.155,"nighttime_stress_f_climrel":-0.3,"extreme_pct_climrel":0.425,"ref_daytime_hi_mean":84.3,"ref_daytime_hi_p95":96.8,"rwi_mean":null,"health_per_10k":0.0,"built_frac":0.789,"tree_frac":0.198,"canopy_frac_over_3m":0.162,"viirs_mean":29.7,"gdl_hdi":0.961,"gdl_region":"Massachusetts","ghsl_smod":30,"lst_anomaly_c":4.84,"lst_anomaly_c_climrel":0.605,"worldpop_pop_total":4948.0,"frac_under5":6.9,"frac_elderly_65plus":12.5,"frac_elderly_75plus":4.7,"old_age_dependency_ratio":0.187,"has_data":true},"geometry":{"type":"Polygon","coordinates":[[[-71.330989,42.634519],[-71.328976,42.634773],[-71.327234,42.634974],[-71.325139,42.635408],[-71.325145,42.633292],[-71.3244,42.632901],[-71.322247,42.632247],[-71.319936,42.631899],[-71.321241,42.63018],[-71.318924,42.630171],[-71.318002,42.62828],[-71.31877,42.627325],[-71.319143,42.62496],[-71.321356,42.625603],[-71.323007,42.626083],[-71.32432,42.626429],[-71.329561,42.626748],[-71.329808,42.627909],[-71.330217,42.629813],[-71.330442,42.631011],[-71.330668,42.633522],[-71.330989,42.634519]]]}},{"type":"Feature","properties":{"unit_id":"25017339700","name":"Census Tract 3397 \u2014 Middlesex","native_id":"25017339700","source":"census_tract_2025","adm3_name":"Middlesex County","adm3_id":"25017","area_sqm":1268220,"split":false,"population":4668.0,"days_covered":18,"daytime_peak_f":86.4,"heat_anomaly_f":3.6,"extreme_pct":22.0,"nighttime_stress_f":-3.6,"daytime_peak_f_climrel":0.1994,"heat_anomaly_f_climrel":0.1994,"nighttime_stress_f_climrel":-0.2085,"extreme_pct_climrel":0.55,"ref_daytime_hi_mean":82.8,"ref_daytime_hi_p95":97.0,"rwi_mean":null,"health_per_10k":2.1422450728363325,"built_frac":0.685,"tree_frac":0.187,"canopy_frac_over_3m":0.168,"viirs_mean":43.8,"gdl_hdi":0.961,"gdl_region":"Massachusetts","ghsl_smod":30,"lst_anomaly_c":2.74,"lst_anomaly_c_climrel":0.3425,"worldpop_pop_total":3636.0,"frac_under5":3.9,"frac_elderly_65plus":14.1,"frac_elderly_75plus":7.4,"old_age_dependency_ratio":0.187,"has_data":true},"geometry":{"type":"Polygon","coordinates":[[[-71.110501,42.417078],[-71.10396,42.413712],[-71.104016,42.414769],[-71.103299,42.414751],[-71.101066,42.41296],[-71.099771,42.408299],[-71.093929,42.404054],[-71.095526,42.400114],[-71.096301,42.400341],[-71.098349,42.39856],[-71.099608,42.397121],[-71.104466,42.400684],[-71.105934,42.401798],[-71.106883,42.402857],[-71.107587,42.404324],[-71.107927,42.405129],[-71.108239,42.40584],[-71.108887,42.407472],[-71.109157,42.408113],[-71.110122,42.41031],[-71.106658,42.411127],[-71.105902,42.412863],[-71.107698,42.415302],[-71.110599,42.416632],[-71.110501,42.417078]]]}},{"type":"Feature","properties":{"unit_id":"25025091300","name":"Census Tract 913 \u2014 Suffolk","native_id":"25025091300","source":"census_tract_2025","adm3_name":"Suffolk County","adm3_id":"25025","area_sqm":262560,"split":false,"population":3059.0,"days_covered":18,"daytime_peak_f":87.3,"heat_anomaly_f":2.9,"extreme_pct":17.0,"nighttime_stress_f":-5.1,"daytime_peak_f_climrel":0.1686,"heat_anomaly_f_climrel":0.1686,"nighttime_stress_f_climrel":-0.3,"extreme_pct_climrel":0.425,"ref_daytime_hi_mean":84.4,"ref_daytime_hi_p95":98.1,"rwi_mean":null,"health_per_10k":0.0,"built_frac":0.85,"tree_frac":0.106,"canopy_frac_over_3m":0.073,"viirs_mean":67.0,"gdl_hdi":0.961,"gdl_region":"Massachusetts","ghsl_smod":30,"lst_anomaly_c":4.28,"lst_anomaly_c_climrel":0.535,"worldpop_pop_total":2694.0,"frac_under5":6.3,"frac_elderly_65plus":12.5,"frac_elderly_75plus":4.8,"old_age_dependency_ratio":0.183,"has_data":true},"geometry":{"type":"Polygon","coordinates":[[[-71.072204,42.321359],[-71.069842,42.321567],[-71.068061,42.321281],[-71.067507,42.323297],[-71.06594,42.321499],[-71.065383,42.321234],[-71.062131,42.320557],[-71.061481,42.3205],[-71.06211,42.320189],[-71.063572,42.318618],[-71.064643,42.31737],[-71.0652,42.317071],[-71.066837,42.317816],[-71.068747,42.318594],[-71.069698,42.318947],[-71.071276,42.32016],[-71.072204,42.321359]]]}},{"type":"Feature","properties":{"unit_id":"25017316201","name":"Census Tract 3162.01 \u2014 Middlesex","native_id":"25017316201","source":"census_tract_2025","adm3_name":"Middlesex County","adm3_id":"25017","area_sqm":7158354,"split":false,"population":4150.0,"days_covered":18,"daytime_peak_f":87.1,"heat_anomaly_f":3.0,"extreme_pct":17.0,"nighttime_stress_f":-5.1,"daytime_peak_f_climrel":0.1737,"heat_anomaly_f_climrel":0.1737,"nighttime_stress_f_climrel":-0.3,"extreme_pct_climrel":0.425,"ref_daytime_hi_mean":84.0,"ref_daytime_hi_p95":97.5,"rwi_mean":null,"health_per_10k":0.0,"built_frac":0.107,"tree_frac":0.765,"canopy_frac_over_3m":0.561,"viirs_mean":8.0,"gdl_hdi":0.961,"gdl_region":"Massachusetts","ghsl_smod":21,"lst_anomaly_c":-4.13,"lst_anomaly_c_climrel":0,"worldpop_pop_total":3989.0,"frac_under5":4.1,"frac_elderly_65plus":22.8,"frac_elderly_75plus":10.4,"old_age_dependency_ratio":0.366,"has_data":true},"geometry":{"type":"Polygon","coordinates":[[[-71.252498,42.544358],[-71.247272,42.546588],[-71.248351,42.551075],[-71.246655,42.553785],[-71.241998,42.554514],[-71.240985,42.554575],[-71.236951,42.555117],[-71.235757,42.55733],[-71.232305,42.559728],[-71.229139,42.560257],[-71.224048,42.549915],[-71.222936,42.548711],[-71.221992,42.555219],[-71.22311,42.557433],[-71.220349,42.557379],[-71.219898,42.558918],[-71.220946,42.560811],[-71.218672,42.561651],[-71.218017,42.561018],[-71.211352,42.556295],[-71.216248,42.554309],[-71.218538,42.551339],[-71.216516,42.547895],[-71.21787,42.54505],[-71.220024,42.544217],[-71.220681,42.543818],[-71.230162,42.534348],[-71.231729,42.533301],[-71.233478,42.534506],[-71.237462,42.535102],[-71.236862,42.532896],[-71.238154,42.528045],[-71.235533,42.526375],[-71.238421,42.522904],[-71.241441,42.520692],[-71.242576,42.51994],[-71.24949,42.525244],[-71.248973,42.526351],[-71.248761,42.530226],[-71.249207,42.532729],[-71.250904,42.535817],[-71.252485,42.540079],[-71.252489,42.542546],[-71.252498,42.544358]]]}},{"type":"Feature","properties":{"unit_id":"25025981800","name":"Census Tract 9818 \u2014 Suffolk","native_id":"25025981800","source":"census_tract_2025","adm3_name":"Suffolk County","adm3_id":"25025","area_sqm":714668,"split":false,"population":5382.0,"days_covered":18,"daytime_peak_f":87.3,"heat_anomaly_f":2.9,"extreme_pct":17.0,"nighttime_stress_f":-5.1,"daytime_peak_f_climrel":0.1686,"heat_anomaly_f_climrel":0.1686,"nighttime_stress_f_climrel":-0.3,"extreme_pct_climrel":0.425,"ref_daytime_hi_mean":84.4,"ref_daytime_hi_p95":98.1,"rwi_mean":null,"health_per_10k":0.0,"built_frac":0.077,"tree_frac":0.584,"canopy_frac_over_3m":0.408,"viirs_mean":68.2,"gdl_hdi":0.961,"gdl_region":"Massachusetts","ghsl_smod":30,"lst_anomaly_c":-2.91,"lst_anomaly_c_climrel":0,"worldpop_pop_total":245.0,"frac_under5":3.1,"frac_elderly_65plus":9.5,"frac_elderly_75plus":5.1,"old_age_dependency_ratio":0.112,"has_data":true},"geometry":{"type":"Polygon","coordinates":[[[-71.12572,42.318427],[-71.119817,42.321579],[-71.119515,42.322055],[-71.119539,42.322745],[-71.116537,42.323939],[-71.115929,42.325855],[-71.115563,42.32678],[-71.114547,42.328372],[-71.113271,42.332217],[-71.111413,42.334525],[-71.110808,42.335586],[-71.110751,42.336168],[-71.111551,42.337299],[-71.110597,42.340405],[-71.108225,42.342272],[-71.105516,42.343812],[-71.104344,42.344169],[-71.104307,42.344082],[-71.102519,42.343375],[-71.101823,42.342503],[-71.099062,42.34061],[-71.098408,42.340791],[-71.096493,42.341843],[-71.094611,42.34294],[-71.094644,42.344549],[-71.094451,42.345189],[-71.094303,42.345577],[-71.092044,42.34685],[-71.090902,42.346544],[-71.090844,42.344077],[-71.092205,42.341335],[-71.093217,42.340889],[-71.09621,42.339827],[-71.096885,42.339026],[-71.098988,42.339095],[-71.100603,42.340204],[-71.103275,42.342741],[-71.104722,42.343371],[-71.110001,42.340317],[-71.110697,42.337183],[-71.110063,42.336307],[-71.109894,42.335379],[-71.113016,42.331932],[-71.113147,42.331319],[-71.112284,42.329808],[-71.112828,42.325876],[-71.115078,42.323573],[-71.116737,42.322627],[-71.11657,42.321021],[-71.117107,42.319978],[-71.116468,42.318583],[-71.116736,42.317636],[-71.117003,42.315579],[-71.1185,42.314498],[-71.121007,42.31316],[-71.121905,42.312907],[-71.124431,42.317297],[-71.12572,42.318427]]]}},{"type":"Feature","properties":{"unit_id":"25017326101","name":"Census Tract 3261.01 \u2014 Middlesex","native_id":"25017326101","source":"census_tract_2025","adm3_name":"Middlesex County","adm3_id":"25017","area_sqm":36017060,"split":false,"population":4497.0,"days_covered":18,"daytime_peak_f":87.2,"heat_anomaly_f":2.7,"extreme_pct":17.0,"nighttime_stress_f":-7.4,"daytime_peak_f_climrel":0.1649,"heat_anomaly_f_climrel":0.1649,"nighttime_stress_f_climrel":-0.3,"extreme_pct_climrel":0.425,"ref_daytime_hi_mean":84.5,"ref_daytime_hi_p95":96.5,"rwi_mean":null,"health_per_10k":11.118523460084502,"built_frac":0.019,"tree_frac":0.8,"canopy_frac_over_3m":0.697,"viirs_mean":1.8,"gdl_hdi":0.961,"gdl_region":"Massachusetts","ghsl_smod":12,"lst_anomaly_c":-7.59,"lst_anomaly_c_climrel":0,"worldpop_pop_total":4649.0,"frac_under5":4.4,"frac_elderly_65plus":16.1,"frac_elderly_75plus":6.6,"old_age_dependency_ratio":0.247,"has_data":true},"geometry":{"type":"Polygon","coordinates":[[[-71.660473,42.635088],[-71.657978,42.649659],[-71.65793,42.649944],[-71.656412,42.649723],[-71.652466,42.645755],[-71.648988,42.64423],[-71.646949,42.644152],[-71.64261,42.64073],[-71.64074,42.639266],[-71.630784,42.635163],[-71.615525,42.629273],[-71.61418,42.628498],[-71.608245,42.627392],[-71.607251,42.630219],[-71.60603,42.630969],[-71.603562,42.629864],[-71.600654,42.626113],[-71.597975,42.625898],[-71.593127,42.62651],[-71.590919,42.625235],[-71.58424,42.618759],[-71.584165,42.618681],[-71.581417,42.615689],[-71.578741,42.614184],[-71.576244,42.612379],[-71.575542,42.611665],[-71.56928,42.606712],[-71.568478,42.605886],[-71.567951,42.605135],[-71.567475,42.601843],[-71.566272,42.599955],[-71.562931,42.59765],[-71.561502,42.59745],[-71.558561,42.596239],[-71.553877,42.596888],[-71.549465,42.595191],[-71.547814,42.593913],[-71.541459,42.594279],[-71.540141,42.593709],[-71.538278,42.590395],[-71.535768,42.588719],[-71.533052,42.58633],[-71.528295,42.583125],[-71.52421,42.581336],[-71.520721,42.579035],[-71.516533,42.573493],[-71.511412,42.569416],[-71.511459,42.569386],[-71.563178,42.577281],[-71.586244,42.580783],[-71.600847,42.582998],[-71.602362,42.58202],[-71.607257,42.582938],[-71.609192,42.581215],[-71.61085,42.581141],[-71.610827,42.582592],[-71.61348,42.581561],[-71.613297,42.582939],[-71.614802,42.584367],[-71.613832,42.585439],[-71.615594,42.586236],[-71.618253,42.586248],[-71.619303,42.585521],[-71.61888,42.587584],[-71.620367,42.587576],[-71.624138,42.590955],[-71.623308,42.592833],[-71.626036,42.593566],[-71.626647,42.594773],[-71.626038,42.596006],[-71.62619,42.598404],[-71.628311,42.600268],[-71.627606,42.602883],[-71.628927,42.602294],[-71.630346,42.603725],[-71.630077,42.607107],[-71.632269,42.607562],[-71.634804,42.609272],[-71.635375,42.610751],[-71.633844,42.612518],[-71.635713,42.612409],[-71.638025,42.613482],[-71.642322,42.614611],[-71.644019,42.616482],[-71.643303,42.616875],[-71.64467,42.618104],[-71.64373,42.619618],[-71.64421,42.622242],[-71.646038,42.623652],[-71.645895,42.625704],[-71.64714,42.626575],[-71.647935,42.624904],[-71.649602,42.62729],[-71.650361,42.629024],[-71.651761,42.630319],[-71.653085,42.630555],[-71.657686,42.633281],[-71.658242,42.634544],[-71.659039,42.634032],[-71.660473,42.635088]]]}},{"type":"Feature","properties":{"unit_id":"25017316300","name":"Census Tract 3163 \u2014 Middlesex","native_id":"25017316300","source":"census_tract_2025","adm3_name":"Middlesex County","adm3_id":"25017","area_sqm":10387608,"split":false,"population":7802.0,"days_covered":18,"daytime_peak_f":86.9,"heat_anomaly_f":2.9,"extreme_pct":17.0,"nighttime_stress_f":-6.0,"daytime_peak_f_climrel":0.1747,"heat_anomaly_f_climrel":0.1747,"nighttime_stress_f_climrel":-0.3,"extreme_pct_climrel":0.425,"ref_daytime_hi_mean":84.0,"ref_daytime_hi_p95":96.5,"rwi_mean":null,"health_per_10k":0.0,"built_frac":0.174,"tree_frac":0.707,"canopy_frac_over_3m":0.541,"viirs_mean":9.5,"gdl_hdi":0.961,"gdl_region":"Massachusetts","ghsl_smod":21,"lst_anomaly_c":-4.26,"lst_anomaly_c_climrel":0,"worldpop_pop_total":8324.0,"frac_under5":5.4,"frac_elderly_65plus":16.2,"frac_elderly_75plus":6.7,"old_age_dependency_ratio":0.237,"has_data":true},"geometry":{"type":"Polygon","coordinates":[[[-71.306745,42.522689],[-71.304997,42.526477],[-71.30461,42.529285],[-71.299443,42.534874],[-71.296763,42.536728],[-71.296594,42.540659],[-71.295982,42.541545],[-71.291056,42.545492],[-71.287233,42.547896],[-71.283667,42.543333],[-71.283466,42.543007],[-71.281858,42.547459],[-71.280717,42.548134],[-71.278842,42.549036],[-71.274866,42.549087],[-71.271578,42.553454],[-71.267835,42.554594],[-71.265806,42.55507],[-71.264234,42.553084],[-71.264154,42.552873],[-71.263159,42.550679],[-71.260276,42.548475],[-71.256984,42.54803],[-71.256283,42.547734],[-71.252489,42.542546],[-71.252485,42.540079],[-71.250904,42.535817],[-71.249207,42.532729],[-71.248761,42.530226],[-71.248973,42.526351],[-71.24949,42.525244],[-71.250142,42.52573],[-71.25249,42.524078],[-71.254572,42.522593],[-71.258233,42.524017],[-71.264098,42.524081],[-71.265803,42.524373],[-71.278107,42.526713],[-71.281051,42.526348],[-71.283478,42.525674],[-71.303508,42.520069],[-71.304127,42.519954],[-71.306699,42.520593],[-71.306745,42.522689]]]}},{"type":"Feature","properties":{"unit_id":"25017383300","name":"Census Tract 3833 \u2014 Middlesex","native_id":"25017383300","source":"census_tract_2025","adm3_name":"Middlesex County","adm3_id":"25017","area_sqm":2844746,"split":false,"population":4101.0,"days_covered":18,"daytime_peak_f":86.4,"heat_anomaly_f":2.4,"extreme_pct":17.0,"nighttime_stress_f":-5.7,"daytime_peak_f_climrel":0.1507,"heat_anomaly_f_climrel":0.1507,"nighttime_stress_f_climrel":-0.3,"extreme_pct_climrel":0.425,"ref_daytime_hi_mean":84.0,"ref_daytime_hi_p95":96.2,"rwi_mean":null,"health_per_10k":7.31528895391368,"built_frac":0.215,"tree_frac":0.429,"canopy_frac_over_3m":0.292,"viirs_mean":13.6,"gdl_hdi":0.961,"gdl_region":"Massachusetts","ghsl_smod":21,"lst_anomaly_c":-2.51,"lst_anomaly_c_climrel":0,"worldpop_pop_total":3185.0,"frac_under5":5.1,"frac_elderly_65plus":20.7,"frac_elderly_75plus":11.7,"old_age_dependency_ratio":0.324,"has_data":true},"geometry":{"type":"Polygon","coordinates":[[[-71.450543,42.286773],[-71.448106,42.290495],[-71.444031,42.292379],[-71.441869,42.291582],[-71.439292,42.28976],[-71.435396,42.291058],[-71.433199,42.289748],[-71.431221,42.288947],[-71.427945,42.291076],[-71.426604,42.291646],[-71.42437,42.288716],[-71.419466,42.282385],[-71.416744,42.279064],[-71.416799,42.276966],[-71.416786,42.276724],[-71.420706,42.275626],[-71.423435,42.275188],[-71.426829,42.275027],[-71.437125,42.274511],[-71.439706,42.273926],[-71.443154,42.272069],[-71.444617,42.270588],[-71.445672,42.271136],[-71.444231,42.272643],[-71.443008,42.27726],[-71.443084,42.281463],[-71.44781,42.284833],[-71.450466,42.285656],[-71.450543,42.286773]]]}},{"type":"Feature","properties":{"unit_id":"25017350107","name":"Census Tract 3501.07 \u2014 Middlesex","native_id":"25017350107","source":"census_tract_2025","adm3_name":"Middlesex County","adm3_id":"25017","area_sqm":259259,"split":false,"population":4894.0,"days_covered":18,"daytime_peak_f":86.4,"heat_anomaly_f":3.6,"extreme_pct":22.0,"nighttime_stress_f":-3.6,"daytime_peak_f_climrel":0.1994,"heat_anomaly_f_climrel":0.1994,"nighttime_stress_f_climrel":-0.2085,"extreme_pct_climrel":0.55,"ref_daytime_hi_mean":82.8,"ref_daytime_hi_p95":97.0,"rwi_mean":null,"health_per_10k":2.043318348998774,"built_frac":0.94,"tree_frac":0.055,"canopy_frac_over_3m":0.043,"viirs_mean":81.4,"gdl_hdi":0.961,"gdl_region":"Massachusetts","ghsl_smod":30,"lst_anomaly_c":6.09,"lst_anomaly_c_climrel":0.7612,"worldpop_pop_total":1262.0,"frac_under5":4.7,"frac_elderly_65plus":9.9,"frac_elderly_75plus":4.1,"old_age_dependency_ratio":0.127,"has_data":true},"geometry":{"type":"Polygon","coordinates":[[[-71.086179,42.391755],[-71.085748,42.392883],[-71.085607,42.393587],[-71.082683,42.390611],[-71.077405,42.386167],[-71.077638,42.385838],[-71.080808,42.386741],[-71.082343,42.387175],[-71.084185,42.387801],[-71.08597,42.388626],[-71.088199,42.389604],[-71.086179,42.391755]]]}},{"type":"Feature","properties":{"unit_id":"25025040300","name":"Census Tract 403 \u2014 Suffolk","native_id":"25025040300","source":"census_tract_2025","adm3_name":"Suffolk County","adm3_id":"25025","area_sqm":279606,"split":false,"population":5258.0,"days_covered":18,"daytime_peak_f":86.4,"heat_anomaly_f":3.6,"extreme_pct":22.0,"nighttime_stress_f":-3.6,"daytime_peak_f_climrel":0.1994,"heat_anomaly_f_climrel":0.1994,"nighttime_stress_f_climrel":-0.2085,"extreme_pct_climrel":0.55,"ref_daytime_hi_mean":82.8,"ref_daytime_hi_p95":97.0,"rwi_mean":null,"health_per_10k":1.9018638265500192,"built_frac":0.927,"tree_frac":0.073,"canopy_frac_over_3m":0.071,"viirs_mean":81.7,"gdl_hdi":0.961,"gdl_region":"Massachusetts","ghsl_smod":30,"lst_anomaly_c":5.83,"lst_anomaly_c_climrel":0.7288,"worldpop_pop_total":4818.0,"frac_under5":9.1,"frac_elderly_65plus":9.0,"frac_elderly_75plus":3.3,"old_age_dependency_ratio":0.125,"has_data":true},"geometry":{"type":"Polygon","coordinates":[[[-71.067928,42.380498],[-71.06494,42.379316],[-71.065339,42.380298],[-71.064195,42.381867],[-71.062356,42.381102],[-71.061596,42.380789],[-71.06139,42.380696],[-71.058956,42.379668],[-71.05989,42.378061],[-71.060492,42.376923],[-71.061235,42.377154],[-71.061873,42.375951],[-71.063092,42.374689],[-71.064259,42.376844],[-71.06497,42.377305],[-71.065503,42.377791],[-71.067827,42.378206],[-71.069106,42.37941],[-71.067928,42.380498]]]}},{"type":"Feature","properties":{"unit_id":"25017316500","name":"Census Tract 3165 \u2014 Middlesex","native_id":"25017316500","source":"census_tract_2025","adm3_name":"Middlesex County","adm3_id":"25017","area_sqm":13404585,"split":false,"population":7082.0,"days_covered":18,"daytime_peak_f":86.9,"heat_anomaly_f":2.6,"extreme_pct":17.0,"nighttime_stress_f":-6.2,"daytime_peak_f_climrel":0.155,"heat_anomaly_f_climrel":0.155,"nighttime_stress_f_climrel":-0.3,"extreme_pct_climrel":0.425,"ref_daytime_hi_mean":84.3,"ref_daytime_hi_p95":96.8,"rwi_mean":null,"health_per_10k":2.8240609997175943,"built_frac":0.179,"tree_frac":0.721,"canopy_frac_over_3m":0.563,"viirs_mean":12.2,"gdl_hdi":0.961,"gdl_region":"Massachusetts","ghsl_smod":21,"lst_anomaly_c":-4.75,"lst_anomaly_c_climrel":0,"worldpop_pop_total":6892.0,"frac_under5":5.3,"frac_elderly_65plus":17.7,"frac_elderly_75plus":7.9,"old_age_dependency_ratio":0.26,"has_data":true},"geometry":{"type":"Polygon","coordinates":[[[-71.310764,42.586258],[-71.298264,42.600884],[-71.294566,42.605185],[-71.295092,42.606344],[-71.297028,42.613011],[-71.296319,42.612667],[-71.280226,42.60524],[-71.272883,42.601853],[-71.262263,42.596947],[-71.251331,42.591909],[-71.253961,42.588427],[-71.254171,42.587751],[-71.25428,42.585745],[-71.255918,42.584303],[-71.257139,42.581298],[-71.262347,42.575786],[-71.26206,42.574493],[-71.264353,42.574592],[-71.267847,42.573172],[-71.276253,42.570975],[-71.276321,42.570183],[-71.278667,42.573317],[-71.280465,42.574144],[-71.281471,42.574661],[-71.282705,42.574109],[-71.294551,42.572153],[-71.296796,42.569331],[-71.297259,42.566538],[-71.297431,42.564627],[-71.297093,42.562995],[-71.296962,42.561679],[-71.297006,42.560265],[-71.300507,42.564969],[-71.301588,42.56693],[-71.308402,42.582357],[-71.310764,42.586258]]]}},{"type":"Feature","properties":{"unit_id":"25017322400","name":"Census Tract 3224 \u2014 Middlesex","native_id":"25017322400","source":"census_tract_2025","adm3_name":"Middlesex County","adm3_id":"25017","area_sqm":3750068,"split":false,"population":2773.0,"days_covered":18,"daytime_peak_f":86.7,"heat_anomaly_f":2.2,"extreme_pct":17.0,"nighttime_stress_f":-7.7,"daytime_peak_f_climrel":0.1352,"heat_anomaly_f_climrel":0.1352,"nighttime_stress_f_climrel":-0.3,"extreme_pct_climrel":0.425,"ref_daytime_hi_mean":84.5,"ref_daytime_hi_p95":96.2,"rwi_mean":null,"health_per_10k":7.21240533717995,"built_frac":0.21,"tree_frac":0.635,"canopy_frac_over_3m":0.419,"viirs_mean":10.1,"gdl_hdi":0.961,"gdl_region":"Massachusetts","ghsl_smod":21,"lst_anomaly_c":-1.84,"lst_anomaly_c_climrel":0,"worldpop_pop_total":4433.0,"frac_under5":4.5,"frac_elderly_65plus":19.3,"frac_elderly_75plus":9.1,"old_age_dependency_ratio":0.295,"has_data":true},"geometry":{"type":"Polygon","coordinates":[[[-71.571367,42.394102],[-71.569884,42.393703],[-71.564972,42.39339],[-71.565206,42.395638],[-71.566766,42.396377],[-71.564936,42.399997],[-71.564584,42.410928],[-71.5591,42.411943],[-71.551051,42.409239],[-71.544561,42.407064],[-71.534422,42.403657],[-71.534995,42.403423],[-71.536738,42.403376],[-71.544114,42.4015],[-71.545905,42.399727],[-71.548515,42.39821],[-71.549079,42.396571],[-71.547617,42.395165],[-71.547291,42.39463],[-71.555492,42.39081],[-71.559779,42.389228],[-71.559523,42.388358],[-71.561534,42.387299],[-71.565368,42.38835],[-71.570229,42.390438],[-71.57003,42.391003],[-71.571159,42.392945],[-71.571367,42.394102]]]}},{"type":"Feature","properties":{"unit_id":"25025081102","name":"Census Tract 811.02 \u2014 Suffolk","native_id":"25025081102","source":"census_tract_2025","adm3_name":"Suffolk County","adm3_id":"25025","area_sqm":376868,"split":false,"population":6286.0,"days_covered":18,"daytime_peak_f":87.3,"heat_anomaly_f":2.9,"extreme_pct":17.0,"nighttime_stress_f":-5.1,"daytime_peak_f_climrel":0.1686,"heat_anomaly_f_climrel":0.1686,"nighttime_stress_f_climrel":-0.3,"extreme_pct_climrel":0.425,"ref_daytime_hi_mean":84.4,"ref_daytime_hi_p95":98.1,"rwi_mean":null,"health_per_10k":1.590836780146357,"built_frac":0.575,"tree_frac":0.398,"canopy_frac_over_3m":0.339,"viirs_mean":55.5,"gdl_hdi":0.961,"gdl_region":"Massachusetts","ghsl_smod":30,"lst_anomaly_c":2.44,"lst_anomaly_c_climrel":0.305,"worldpop_pop_total":2837.0,"frac_under5":2.8,"frac_elderly_65plus":16.4,"frac_elderly_75plus":7.7,"old_age_dependency_ratio":0.213,"has_data":true},"geometry":{"type":"Polygon","coordinates":[[[-71.112298,42.332003],[-71.110239,42.333044],[-71.109591,42.333199],[-71.109561,42.330967],[-71.108901,42.330715],[-71.108501,42.330597],[-71.106264,42.330616],[-71.101276,42.32935],[-71.099368,42.327995],[-71.100113,42.326418],[-71.101346,42.326419],[-71.104618,42.326092],[-71.105231,42.326114],[-71.107181,42.326898],[-71.108333,42.327318],[-71.110832,42.329073],[-71.111297,42.330066],[-71.112298,42.332003]]]}},{"type":"Feature","properties":{"unit_id":"25025060400","name":"Census Tract 604 \u2014 Suffolk","native_id":"25025060400","source":"census_tract_2025","adm3_name":"Suffolk County","adm3_id":"25025","area_sqm":399279,"split":false,"population":2071.2135283775497,"days_covered":18,"daytime_peak_f":86.6,"heat_anomaly_f":4.2,"extreme_pct":28.0,"nighttime_stress_f":-3.3,"daytime_peak_f_climrel":0.2575,"heat_anomaly_f_climrel":0.2575,"nighttime_stress_f_climrel":-0.196,"extreme_pct_climrel":0.7,"ref_daytime_hi_mean":82.4,"ref_daytime_hi_p95":95.6,"rwi_mean":null,"health_per_10k":0.0,"built_frac":0.845,"tree_frac":0.115,"canopy_frac_over_3m":0.098,"viirs_mean":54.8,"gdl_hdi":0.961,"gdl_region":"Massachusetts","ghsl_smod":30,"lst_anomaly_c":3.23,"lst_anomaly_c_climrel":0.4037,"worldpop_pop_total":5080.0,"frac_under5":3.6,"frac_elderly_65plus":13.5,"frac_elderly_75plus":6.0,"old_age_dependency_ratio":0.168,"has_data":true},"geometry":{"type":"Polygon","coordinates":[[[-71.047508,42.334599],[-71.045695,42.335452],[-71.045444,42.335452],[-71.044269,42.33547],[-71.04155,42.335518],[-71.041511,42.333827],[-71.041479,42.333016],[-71.037336,42.33308],[-71.037314,42.332265],[-71.037291,42.331432],[-71.037248,42.329525],[-71.039542,42.330052],[-71.041528,42.330234],[-71.044053,42.330192],[-71.047384,42.330419],[-71.047415,42.331245],[-71.047456,42.332966],[-71.047508,42.334599]]]}},{"type":"Feature","properties":{"unit_id":"25017367200","name":"Census Tract 3672 \u2014 Middlesex","native_id":"25017367200","source":"census_tract_2025","adm3_name":"Middlesex County","adm3_id":"25017","area_sqm":25869068,"split":false,"population":10296.0,"days_covered":18,"daytime_peak_f":87.0,"heat_anomaly_f":2.5,"extreme_pct":17.0,"nighttime_stress_f":-5.9,"daytime_peak_f_climrel":0.1496,"heat_anomaly_f_climrel":0.1496,"nighttime_stress_f_climrel":-0.3,"extreme_pct_climrel":0.425,"ref_daytime_hi_mean":84.4,"ref_daytime_hi_p95":97.5,"rwi_mean":null,"health_per_10k":0.9712509712509713,"built_frac":0.057,"tree_frac":0.832,"canopy_frac_over_3m":0.663,"viirs_mean":5.3,"gdl_hdi":0.961,"gdl_region":"Massachusetts","ghsl_smod":12,"lst_anomaly_c":-7.19,"lst_anomaly_c_climrel":0,"worldpop_pop_total":6834.0,"frac_under5":3.6,"frac_elderly_65plus":20.9,"frac_elderly_75plus":11.2,"old_age_dependency_ratio":0.337,"has_data":true},"geometry":{"type":"Polygon","coordinates":[[[-71.332195,42.361756],[-71.322461,42.364448],[-71.316327,42.364833],[-71.314113,42.364573],[-71.311784,42.364018],[-71.309902,42.363953],[-71.302018,42.364952],[-71.296626,42.366744],[-71.288045,42.367708],[-71.278974,42.36731],[-71.274458,42.367652],[-71.27075,42.369514],[-71.270224,42.36827],[-71.273491,42.366106],[-71.271275,42.363373],[-71.269517,42.362844],[-71.268917,42.359881],[-71.26438,42.354888],[-71.260385,42.353633],[-71.258631,42.350052],[-71.260185,42.348378],[-71.259759,42.346111],[-71.26188,42.342152],[-71.260919,42.340982],[-71.258248,42.34119],[-71.25583,42.338996],[-71.258581,42.336834],[-71.259204,42.335419],[-71.26122,42.334605],[-71.263852,42.334721],[-71.26513,42.33183],[-71.267819,42.330575],[-71.269767,42.331181],[-71.269958,42.328086],[-71.28137,42.325226],[-71.291793,42.322602],[-71.305981,42.319069],[-71.317208,42.316257],[-71.327327,42.313746],[-71.327444,42.321114],[-71.328414,42.328928],[-71.328779,42.331683],[-71.332195,42.361756]]]}},{"type":"Feature","properties":{"unit_id":"25017311400","name":"Census Tract 3114 \u2014 Middlesex","native_id":"25017311400","source":"census_tract_2025","adm3_name":"Middlesex County","adm3_id":"25017","area_sqm":2142624,"split":false,"population":5695.0,"days_covered":18,"daytime_peak_f":86.7,"heat_anomaly_f":2.7,"extreme_pct":17.0,"nighttime_stress_f":-6.5,"daytime_peak_f_climrel":0.1616,"heat_anomaly_f_climrel":0.1616,"nighttime_stress_f_climrel":-0.3,"extreme_pct_climrel":0.425,"ref_daytime_hi_mean":84.1,"ref_daytime_hi_p95":96.1,"rwi_mean":null,"health_per_10k":5.267778753292362,"built_frac":0.421,"tree_frac":0.347,"canopy_frac_over_3m":0.258,"viirs_mean":30.0,"gdl_hdi":0.961,"gdl_region":"Massachusetts","ghsl_smod":30,"lst_anomaly_c":0.5,"lst_anomaly_c_climrel":0.0625,"worldpop_pop_total":6652.0,"frac_under5":7.6,"frac_elderly_65plus":12.3,"frac_elderly_75plus":4.9,"old_age_dependency_ratio":0.177,"has_data":true},"geometry":{"type":"Polygon","coordinates":[[[-71.364738,42.637598],[-71.362554,42.637767],[-71.356845,42.638642],[-71.35471,42.638991],[-71.352813,42.639053],[-71.343544,42.64029],[-71.343672,42.638838],[-71.341253,42.638302],[-71.340113,42.63337],[-71.339002,42.630334],[-71.341659,42.630024],[-71.343899,42.631194],[-71.34455,42.629116],[-71.348073,42.628455],[-71.348659,42.630134],[-71.349797,42.629553],[-71.350292,42.626344],[-71.351799,42.622777],[-71.359943,42.625972],[-71.363103,42.633677],[-71.363847,42.635461],[-71.364345,42.636698],[-71.364738,42.637598]]]}},{"type":"Feature","properties":{"unit_id":"25017368902","name":"Census Tract 3689.02 \u2014 Middlesex","native_id":"25017368902","source":"census_tract_2025","adm3_name":"Middlesex County","adm3_id":"25017","area_sqm":1048924,"split":false,"population":4751.0,"days_covered":18,"daytime_peak_f":87.1,"heat_anomaly_f":3.0,"extreme_pct":17.0,"nighttime_stress_f":-5.1,"daytime_peak_f_climrel":0.1716,"heat_anomaly_f_climrel":0.1716,"nighttime_stress_f_climrel":-0.3,"extreme_pct_climrel":0.425,"ref_daytime_hi_mean":84.1,"ref_daytime_hi_p95":97.6,"rwi_mean":null,"health_per_10k":4.209640075773521,"built_frac":0.482,"tree_frac":0.443,"canopy_frac_over_3m":0.319,"viirs_mean":38.3,"gdl_hdi":0.961,"gdl_region":"Massachusetts","ghsl_smod":30,"lst_anomaly_c":1.67,"lst_anomaly_c_climrel":0.2087,"worldpop_pop_total":3669.0,"frac_under5":6.2,"frac_elderly_65plus":12.8,"frac_elderly_75plus":5.9,"old_age_dependency_ratio":0.181,"has_data":true},"geometry":{"type":"Polygon","coordinates":[[[-71.239473,42.379407],[-71.236012,42.379788],[-71.236064,42.380054],[-71.237029,42.383478],[-71.238101,42.386761],[-71.236575,42.386324],[-71.232815,42.385507],[-71.230646,42.383955],[-71.228553,42.385157],[-71.227589,42.385499],[-71.225872,42.384488],[-71.225296,42.382481],[-71.223993,42.381934],[-71.222455,42.383637],[-71.220118,42.381815],[-71.219458,42.380764],[-71.224881,42.378166],[-71.225562,42.377711],[-71.229167,42.377286],[-71.230406,42.377118],[-71.231894,42.376946],[-71.233011,42.37683],[-71.23494,42.376489],[-71.236801,42.376207],[-71.238987,42.376179],[-71.239473,42.379407]]]}},{"type":"Feature","properties":{"unit_id":"25017311500","name":"Census Tract 3115 \u2014 Middlesex","native_id":"25017311500","source":"census_tract_2025","adm3_name":"Middlesex County","adm3_id":"25017","area_sqm":557030,"split":false,"population":1701.0,"days_covered":18,"daytime_peak_f":86.9,"heat_anomaly_f":2.6,"extreme_pct":17.0,"nighttime_stress_f":-6.2,"daytime_peak_f_climrel":0.155,"heat_anomaly_f_climrel":0.155,"nighttime_stress_f_climrel":-0.3,"extreme_pct_climrel":0.425,"ref_daytime_hi_mean":84.3,"ref_daytime_hi_p95":96.8,"rwi_mean":null,"health_per_10k":0.0,"built_frac":0.715,"tree_frac":0.186,"canopy_frac_over_3m":0.212,"viirs_mean":20.1,"gdl_hdi":0.961,"gdl_region":"Massachusetts","ghsl_smod":30,"lst_anomaly_c":3.53,"lst_anomaly_c_climrel":0.4412,"worldpop_pop_total":3251.0,"frac_under5":7.2,"frac_elderly_65plus":13.8,"frac_elderly_75plus":5.2,"old_age_dependency_ratio":0.205,"has_data":true},"geometry":{"type":"Polygon","coordinates":[[[-71.340113,42.63337],[-71.336467,42.633825],[-71.335936,42.633893],[-71.333801,42.634164],[-71.330989,42.634519],[-71.330668,42.633522],[-71.330442,42.631011],[-71.330217,42.629813],[-71.329808,42.627909],[-71.329561,42.626748],[-71.331584,42.627286],[-71.332203,42.627342],[-71.333285,42.627073],[-71.335489,42.626784],[-71.337687,42.626541],[-71.339002,42.630334],[-71.340113,42.63337]]]}},{"type":"Feature","properties":{"unit_id":"25017352102","name":"Census Tract 3521.02 \u2014 Middlesex","native_id":"25017352102","source":"census_tract_2025","adm3_name":"Middlesex County","adm3_id":"25017","area_sqm":413262,"split":false,"population":6343.0,"days_covered":18,"daytime_peak_f":86.4,"heat_anomaly_f":3.6,"extreme_pct":22.0,"nighttime_stress_f":-3.6,"daytime_peak_f_climrel":0.1994,"heat_anomaly_f_climrel":0.1994,"nighttime_stress_f_climrel":-0.2085,"extreme_pct_climrel":0.55,"ref_daytime_hi_mean":82.8,"ref_daytime_hi_p95":97.0,"rwi_mean":null,"health_per_10k":7.882705344474224,"built_frac":0.657,"tree_frac":0.096,"canopy_frac_over_3m":0.058,"viirs_mean":84.9,"gdl_hdi":0.961,"gdl_region":"Massachusetts","ghsl_smod":30,"lst_anomaly_c":0.38,"lst_anomaly_c_climrel":0.0475,"worldpop_pop_total":2807.0,"frac_under5":4.2,"frac_elderly_65plus":23.0,"frac_elderly_75plus":11.7,"old_age_dependency_ratio":0.337,"has_data":true},"geometry":{"type":"Polygon","coordinates":[[[-71.083464,42.370068],[-71.082814,42.372813],[-71.081037,42.37315],[-71.078654,42.371934],[-71.07606,42.370713],[-71.075569,42.370361],[-71.074835,42.369935],[-71.073113,42.369131],[-71.070644,42.367949],[-71.071537,42.36711],[-71.074792,42.363773],[-71.075657,42.361613],[-71.078237,42.361818],[-71.078822,42.362627],[-71.078235,42.365216],[-71.077388,42.368576],[-71.079061,42.36879],[-71.08031,42.368966],[-71.083625,42.369381],[-71.083464,42.370068]]]}},{"type":"Feature","properties":{"unit_id":"25025110601","name":"Census Tract 1106.01 \u2014 Suffolk","native_id":"25025110601","source":"census_tract_2025","adm3_name":"Suffolk County","adm3_id":"25025","area_sqm":1406478,"split":false,"population":1591.0,"days_covered":18,"daytime_peak_f":87.3,"heat_anomaly_f":2.9,"extreme_pct":17.0,"nighttime_stress_f":-5.1,"daytime_peak_f_climrel":0.1686,"heat_anomaly_f_climrel":0.1686,"nighttime_stress_f_climrel":-0.3,"extreme_pct_climrel":0.425,"ref_daytime_hi_mean":84.4,"ref_daytime_hi_p95":98.1,"rwi_mean":null,"health_per_10k":0.0,"built_frac":0.205,"tree_frac":0.784,"canopy_frac_over_3m":0.6,"viirs_mean":15.7,"gdl_hdi":0.961,"gdl_region":"Massachusetts","ghsl_smod":30,"lst_anomaly_c":-3.41,"lst_anomaly_c_climrel":0,"worldpop_pop_total":2094.0,"frac_under5":4.5,"frac_elderly_65plus":34.1,"frac_elderly_75plus":19.9,"old_age_dependency_ratio":0.641,"has_data":true},"geometry":{"type":"Polygon","coordinates":[[[-71.1503,42.29553],[-71.146883,42.29728],[-71.140135,42.302147],[-71.136917,42.301189],[-71.134866,42.301723],[-71.130904,42.301275],[-71.127925,42.300157],[-71.129622,42.298529],[-71.130068,42.298184],[-71.132978,42.296829],[-71.13601,42.294429],[-71.137305,42.293356],[-71.139746,42.291299],[-71.143052,42.288604],[-71.145124,42.288114],[-71.145495,42.288805],[-71.147059,42.29013],[-71.148085,42.290973],[-71.149376,42.293096],[-71.1503,42.29553]]]}},{"type":"Feature","properties":{"unit_id":"25017383902","name":"Census Tract 3839.02 \u2014 Middlesex","native_id":"25017383902","source":"census_tract_2025","adm3_name":"Middlesex County","adm3_id":"25017","area_sqm":11771579,"split":false,"population":3662.0,"days_covered":18,"daytime_peak_f":86.3,"heat_anomaly_f":2.3,"extreme_pct":17.0,"nighttime_stress_f":-6.4,"daytime_peak_f_climrel":0.144,"heat_anomaly_f_climrel":0.144,"nighttime_stress_f_climrel":-0.3,"extreme_pct_climrel":0.425,"ref_daytime_hi_mean":84.0,"ref_daytime_hi_p95":95.8,"rwi_mean":null,"health_per_10k":2.7307482250136537,"built_frac":0.033,"tree_frac":0.842,"canopy_frac_over_3m":0.637,"viirs_mean":4.3,"gdl_hdi":0.961,"gdl_region":"Massachusetts","ghsl_smod":21,"lst_anomaly_c":-6.47,"lst_anomaly_c_climrel":0,"worldpop_pop_total":5133.0,"frac_under5":4.8,"frac_elderly_65plus":22.9,"frac_elderly_75plus":9.1,"old_age_dependency_ratio":0.374,"has_data":true},"geometry":{"type":"Polygon","coordinates":[[[-71.489897,42.303655],[-71.48635,42.310449],[-71.485109,42.323164],[-71.486744,42.329937],[-71.485089,42.330408],[-71.482829,42.329659],[-71.477012,42.331038],[-71.47427,42.332215],[-71.471154,42.334715],[-71.466707,42.335968],[-71.458484,42.337305],[-71.455014,42.335981],[-71.452333,42.333486],[-71.445553,42.329826],[-71.443926,42.329139],[-71.443245,42.329021],[-71.435881,42.32877],[-71.433853,42.32896],[-71.431459,42.329615],[-71.432064,42.328102],[-71.435361,42.323365],[-71.444675,42.311414],[-71.445383,42.310568],[-71.44666,42.308285],[-71.446086,42.303903],[-71.451483,42.304695],[-71.461238,42.304028],[-71.464895,42.305161],[-71.468451,42.306748],[-71.469258,42.306618],[-71.471558,42.303892],[-71.472336,42.305637],[-71.474899,42.306461],[-71.476405,42.306473],[-71.482909,42.304299],[-71.485311,42.302965],[-71.487934,42.302494],[-71.489448,42.303447],[-71.489897,42.303655]]]}},{"type":"Feature","properties":{"unit_id":"25017382200","name":"Census Tract 3822 \u2014 Middlesex","native_id":"25017382200","source":"census_tract_2025","adm3_name":"Middlesex County","adm3_id":"25017","area_sqm":4371887,"split":false,"population":5645.0,"days_covered":18,"daytime_peak_f":87.0,"heat_anomaly_f":2.5,"extreme_pct":17.0,"nighttime_stress_f":-5.9,"daytime_peak_f_climrel":0.1496,"heat_anomaly_f_climrel":0.1496,"nighttime_stress_f_climrel":-0.3,"extreme_pct_climrel":0.425,"ref_daytime_hi_mean":84.4,"ref_daytime_hi_p95":97.5,"rwi_mean":null,"health_per_10k":0.0,"built_frac":0.166,"tree_frac":0.785,"canopy_frac_over_3m":0.499,"viirs_mean":12.1,"gdl_hdi":0.961,"gdl_region":"Massachusetts","ghsl_smod":21,"lst_anomaly_c":-3.34,"lst_anomaly_c_climrel":0,"worldpop_pop_total":5390.0,"frac_under5":5.6,"frac_elderly_65plus":17.0,"frac_elderly_75plus":6.6,"old_age_dependency_ratio":0.261,"has_data":true},"geometry":{"type":"Polygon","coordinates":[[[-71.359887,42.299933],[-71.352312,42.30076],[-71.341035,42.301972],[-71.33636,42.302482],[-71.332607,42.303371],[-71.332043,42.303503],[-71.329617,42.304051],[-71.326351,42.304289],[-71.323662,42.297415],[-71.321658,42.293894],[-71.321541,42.293686],[-71.331244,42.288704],[-71.340092,42.285204],[-71.340809,42.285025],[-71.341954,42.284795],[-71.347276,42.283783],[-71.347634,42.285248],[-71.347592,42.285659],[-71.348895,42.286261],[-71.352153,42.290149],[-71.354714,42.290481],[-71.35689,42.291981],[-71.35916,42.297432],[-71.359582,42.299286],[-71.359887,42.299933]]]}},{"type":"Feature","properties":{"unit_id":"25017353300","name":"Census Tract 3533 \u2014 Middlesex","native_id":"25017353300","source":"census_tract_2025","adm3_name":"Middlesex County","adm3_id":"25017","area_sqm":474775,"split":false,"population":5092.0,"days_covered":18,"daytime_peak_f":86.4,"heat_anomaly_f":3.6,"extreme_pct":22.0,"nighttime_stress_f":-3.6,"daytime_peak_f_climrel":0.1994,"heat_anomaly_f_climrel":0.1994,"nighttime_stress_f_climrel":-0.2085,"extreme_pct_climrel":0.55,"ref_daytime_hi_mean":82.8,"ref_daytime_hi_p95":97.0,"rwi_mean":null,"health_per_10k":0.0,"built_frac":0.455,"tree_frac":0.349,"canopy_frac_over_3m":0.278,"viirs_mean":45.4,"gdl_hdi":0.961,"gdl_region":"Massachusetts","ghsl_smod":30,"lst_anomaly_c":1.52,"lst_anomaly_c_climrel":0.19,"worldpop_pop_total":3735.0,"frac_under5":4.9,"frac_elderly_65plus":15.5,"frac_elderly_75plus":6.0,"old_age_dependency_ratio":0.215,"has_data":true},"geometry":{"type":"Polygon","coordinates":[[[-71.117165,42.356997],[-71.116681,42.358736],[-71.113815,42.359196],[-71.11278,42.36013],[-71.110928,42.361735],[-71.110326,42.362214],[-71.109753,42.362716],[-71.108241,42.36405],[-71.106679,42.364557],[-71.105702,42.363979],[-71.104306,42.363136],[-71.106541,42.361085],[-71.107667,42.360057],[-71.109585,42.358263],[-71.112039,42.355995],[-71.110303,42.35512],[-71.110589,42.352616],[-71.113196,42.35311],[-71.116852,42.355385],[-71.117165,42.356997]]]}},{"type":"Feature","properties":{"unit_id":"25017363105","name":"Census Tract 3631.05 \u2014 Middlesex","native_id":"25017363105","source":"census_tract_2025","adm3_name":"Middlesex County","adm3_id":"25017","area_sqm":8742311,"split":false,"population":2589.0,"days_covered":18,"daytime_peak_f":86.7,"heat_anomaly_f":2.7,"extreme_pct":17.0,"nighttime_stress_f":-6.3,"daytime_peak_f_climrel":0.1629,"heat_anomaly_f_climrel":0.1629,"nighttime_stress_f_climrel":-0.3,"extreme_pct_climrel":0.425,"ref_daytime_hi_mean":84.0,"ref_daytime_hi_p95":96.5,"rwi_mean":null,"health_per_10k":7.72499034376207,"built_frac":0.062,"tree_frac":0.871,"canopy_frac_over_3m":0.745,"viirs_mean":4.7,"gdl_hdi":0.961,"gdl_region":"Massachusetts","ghsl_smod":12,"lst_anomaly_c":-7.24,"lst_anomaly_c_climrel":0,"worldpop_pop_total":3798.0,"frac_under5":3.8,"frac_elderly_65plus":17.4,"frac_elderly_75plus":7.9,"old_age_dependency_ratio":0.265,"has_data":true},"geometry":{"type":"Polygon","coordinates":[[[-71.418859,42.502854],[-71.41701,42.504285],[-71.413821,42.50787],[-71.412985,42.51142],[-71.407045,42.514677],[-71.404679,42.518568],[-71.402167,42.519608],[-71.399855,42.524141],[-71.397941,42.526277],[-71.391563,42.50682],[-71.384957,42.504466],[-71.393882,42.491215],[-71.408132,42.470036],[-71.41148,42.475761],[-71.414924,42.479159],[-71.41762,42.485867],[-71.418014,42.489797],[-71.41869,42.492831],[-71.418631,42.496169],[-71.41816,42.498754],[-71.419486,42.501934],[-71.418859,42.502854]]]}},{"type":"Feature","properties":{"unit_id":"25017352200","name":"Census Tract 3522 \u2014 Middlesex","native_id":"25017352200","source":"census_tract_2025","adm3_name":"Middlesex County","adm3_id":"25017","area_sqm":145606,"split":false,"population":7386.0,"days_covered":18,"daytime_peak_f":86.4,"heat_anomaly_f":3.6,"extreme_pct":22.0,"nighttime_stress_f":-3.6,"daytime_peak_f_climrel":0.1994,"heat_anomaly_f_climrel":0.1994,"nighttime_stress_f_climrel":-0.2085,"extreme_pct_climrel":0.55,"ref_daytime_hi_mean":82.8,"ref_daytime_hi_p95":97.0,"rwi_mean":null,"health_per_10k":1.3539128080151637,"built_frac":0.864,"tree_frac":0.099,"canopy_frac_over_3m":0.106,"viirs_mean":68.1,"gdl_hdi":0.961,"gdl_region":"Massachusetts","ghsl_smod":30,"lst_anomaly_c":6.28,"lst_anomaly_c_climrel":0.785,"worldpop_pop_total":2000.0,"frac_under5":3.9,"frac_elderly_65plus":20.1,"frac_elderly_75plus":8.6,"old_age_dependency_ratio":0.279,"has_data":true},"geometry":{"type":"Polygon","coordinates":[[[-71.087866,42.372044],[-71.087512,42.373402],[-71.086985,42.373275],[-71.085443,42.374045],[-71.081963,42.373616],[-71.081037,42.37315],[-71.082814,42.372813],[-71.083464,42.370068],[-71.088259,42.370645],[-71.087866,42.372044]]]}},{"type":"Feature","properties":{"unit_id":"25017368101","name":"Census Tract 3681.01 \u2014 Middlesex","native_id":"25017368101","source":"census_tract_2025","adm3_name":"Middlesex County","adm3_id":"25017","area_sqm":2307692,"split":false,"population":4113.0,"days_covered":18,"daytime_peak_f":87.1,"heat_anomaly_f":3.0,"extreme_pct":17.0,"nighttime_stress_f":-5.1,"daytime_peak_f_climrel":0.1716,"heat_anomaly_f_climrel":0.1716,"nighttime_stress_f_climrel":-0.3,"extreme_pct_climrel":0.425,"ref_daytime_hi_mean":84.1,"ref_daytime_hi_p95":97.6,"rwi_mean":null,"health_per_10k":7.293946024799417,"built_frac":0.295,"tree_frac":0.601,"canopy_frac_over_3m":0.354,"viirs_mean":18.2,"gdl_hdi":0.961,"gdl_region":"Massachusetts","ghsl_smod":23,"lst_anomaly_c":-1.96,"lst_anomaly_c_climrel":0,"worldpop_pop_total":5639.0,"frac_under5":5.6,"frac_elderly_65plus":18.4,"frac_elderly_75plus":9.0,"old_age_dependency_ratio":0.27,"has_data":true},"geometry":{"type":"Polygon","coordinates":[[[-71.257128,42.415293],[-71.256688,42.418509],[-71.256987,42.42108],[-71.232915,42.413179],[-71.233442,42.412005],[-71.23377,42.410966],[-71.234126,42.409838],[-71.23438,42.408928],[-71.234057,42.402123],[-71.236609,42.40262],[-71.236843,42.402696],[-71.239404,42.403585],[-71.24851,42.405146],[-71.249765,42.405622],[-71.254765,42.410499],[-71.257499,42.412713],[-71.257128,42.415293]]]}},{"type":"Feature","properties":{"unit_id":"25025100200","name":"Census Tract 1002 \u2014 Suffolk","native_id":"25025100200","source":"census_tract_2025","adm3_name":"Suffolk County","adm3_id":"25025","area_sqm":350641,"split":false,"population":1670.8839824635122,"days_covered":18,"daytime_peak_f":87.3,"heat_anomaly_f":2.9,"extreme_pct":17.0,"nighttime_stress_f":-5.1,"daytime_peak_f_climrel":0.1686,"heat_anomaly_f_climrel":0.1686,"nighttime_stress_f_climrel":-0.3,"extreme_pct_climrel":0.425,"ref_daytime_hi_mean":84.4,"ref_daytime_hi_p95":98.1,"rwi_mean":null,"health_per_10k":0.0,"built_frac":0.67,"tree_frac":0.329,"canopy_frac_over_3m":0.166,"viirs_mean":53.2,"gdl_hdi":0.961,"gdl_region":"Massachusetts","ghsl_smod":30,"lst_anomaly_c":2.53,"lst_anomaly_c_climrel":0.3162,"worldpop_pop_total":2846.0,"frac_under5":6.0,"frac_elderly_65plus":12.7,"frac_elderly_75plus":5.3,"old_age_dependency_ratio":0.192,"has_data":true},"geometry":{"type":"Polygon","coordinates":[[[-71.091106,42.285564],[-71.085991,42.28673],[-71.085775,42.286774],[-71.081252,42.287794],[-71.079187,42.288137],[-71.079862,42.28726],[-71.082052,42.285272],[-71.082796,42.284533],[-71.083818,42.283238],[-71.085504,42.280991],[-71.087048,42.281565],[-71.089108,42.283134],[-71.089298,42.283573],[-71.089785,42.283936],[-71.091569,42.284214],[-71.091106,42.285564]]]}},{"type":"Feature","properties":{"unit_id":"25025060200","name":"Census Tract 602 \u2014 Suffolk","native_id":"25025060200","source":"census_tract_2025","adm3_name":"Suffolk County","adm3_id":"25025","area_sqm":170385,"split":false,"population":612.9887226516888,"days_covered":18,"daytime_peak_f":86.6,"heat_anomaly_f":4.2,"extreme_pct":28.0,"nighttime_stress_f":-3.3,"daytime_peak_f_climrel":0.2575,"heat_anomaly_f_climrel":0.2575,"nighttime_stress_f_climrel":-0.196,"extreme_pct_climrel":0.7,"ref_daytime_hi_mean":82.4,"ref_daytime_hi_p95":95.6,"rwi_mean":null,"health_per_10k":0.0,"built_frac":0.921,"tree_frac":0.078,"canopy_frac_over_3m":0.05,"viirs_mean":42.2,"gdl_hdi":0.961,"gdl_region":"Massachusetts","ghsl_smod":30,"lst_anomaly_c":4.68,"lst_anomaly_c_climrel":0.585,"worldpop_pop_total":2309.0,"frac_under5":3.8,"frac_elderly_65plus":10.0,"frac_elderly_75plus":3.6,"old_age_dependency_ratio":0.121,"has_data":true},"geometry":{"type":"Polygon","coordinates":[[[-71.035296,42.332293],[-71.033262,42.332329],[-71.03328,42.333146],[-71.0333,42.333978],[-71.033346,42.335661],[-71.029234,42.335729],[-71.031283,42.334832],[-71.031254,42.334002],[-71.031226,42.333186],[-71.031191,42.33236],[-71.031143,42.330653],[-71.034314,42.329492],[-71.035207,42.32935],[-71.035296,42.332293]]]}},{"type":"Feature","properties":{"unit_id":"25025070501","name":"Census Tract 705.01 \u2014 Suffolk","native_id":"25025070501","source":"census_tract_2025","adm3_name":"Suffolk County","adm3_id":"25025","area_sqm":122863,"split":false,"population":2161.0871486586166,"days_covered":18,"daytime_peak_f":87.3,"heat_anomaly_f":2.9,"extreme_pct":17.0,"nighttime_stress_f":-5.1,"daytime_peak_f_climrel":0.1686,"heat_anomaly_f_climrel":0.1686,"nighttime_stress_f_climrel":-0.3,"extreme_pct_climrel":0.425,"ref_daytime_hi_mean":84.4,"ref_daytime_hi_p95":98.1,"rwi_mean":null,"health_per_10k":4.627300664948651,"built_frac":0.653,"tree_frac":0.321,"canopy_frac_over_3m":0.178,"viirs_mean":86.3,"gdl_hdi":0.961,"gdl_region":"Massachusetts","ghsl_smod":30,"lst_anomaly_c":4.24,"lst_anomaly_c_climrel":0.53,"worldpop_pop_total":2191.0,"frac_under5":4.5,"frac_elderly_65plus":13.4,"frac_elderly_75plus":5.3,"old_age_dependency_ratio":0.174,"has_data":true},"geometry":{"type":"Polygon","coordinates":[[[-71.072075,42.341286],[-71.069897,42.342552],[-71.071584,42.343976],[-71.070205,42.344864],[-71.069855,42.345266],[-71.067073,42.344308],[-71.06593,42.343936],[-71.068084,42.342014],[-71.070707,42.34079],[-71.072075,42.341286]]]}},{"type":"Feature","properties":{"unit_id":"25025010403","name":"Census Tract 104.03 \u2014 Suffolk","native_id":"25025010403","source":"census_tract_2025","adm3_name":"Suffolk County","adm3_id":"25025","area_sqm":88555,"split":false,"population":14765.0,"days_covered":18,"daytime_peak_f":87.3,"heat_anomaly_f":2.9,"extreme_pct":17.0,"nighttime_stress_f":-5.1,"daytime_peak_f_climrel":0.1686,"heat_anomaly_f_climrel":0.1686,"nighttime_stress_f_climrel":-0.3,"extreme_pct_climrel":0.425,"ref_daytime_hi_mean":84.4,"ref_daytime_hi_p95":98.1,"rwi_mean":null,"health_per_10k":2.031832035218422,"built_frac":0.945,"tree_frac":0.034,"canopy_frac_over_3m":0.027,"viirs_mean":128.6,"gdl_hdi":0.961,"gdl_region":"Massachusetts","ghsl_smod":30,"lst_anomaly_c":4.57,"lst_anomaly_c_climrel":0.5713,"worldpop_pop_total":3063.0,"frac_under5":1.8,"frac_elderly_65plus":17.3,"frac_elderly_75plus":9.7,"old_age_dependency_ratio":0.22,"has_data":true},"geometry":{"type":"Polygon","coordinates":[[[-71.089548,42.34541],[-71.089264,42.346887],[-71.087758,42.3473],[-71.087455,42.346635],[-71.085796,42.343332],[-71.086805,42.343436],[-71.089965,42.34392],[-71.089548,42.34541]]]}},{"type":"Feature","properties":{"unit_id":"25025000102","name":"Census Tract 1.02 \u2014 Suffolk","native_id":"25025000102","source":"census_tract_2025","adm3_name":"Suffolk County","adm3_id":"25025","area_sqm":1067435,"split":false,"population":2913.0,"days_covered":18,"daytime_peak_f":86.4,"heat_anomaly_f":3.6,"extreme_pct":22.0,"nighttime_stress_f":-3.6,"daytime_peak_f_climrel":0.1994,"heat_anomaly_f_climrel":0.1994,"nighttime_stress_f_climrel":-0.2085,"extreme_pct_climrel":0.55,"ref_daytime_hi_mean":82.8,"ref_daytime_hi_p95":97.0,"rwi_mean":null,"health_per_10k":13.731548232063165,"built_frac":0.884,"tree_frac":0.072,"canopy_frac_over_3m":0.094,"viirs_mean":83.3,"gdl_hdi":0.961,"gdl_region":"Massachusetts","ghsl_smod":30,"lst_anomaly_c":4.36,"lst_anomaly_c_climrel":0.545,"worldpop_pop_total":4101.0,"frac_under5":4.8,"frac_elderly_65plus":11.2,"frac_elderly_75plus":5.1,"old_age_dependency_ratio":0.149,"has_data":true},"geometry":{"type":"Polygon","coordinates":[[[-71.15478,42.359162],[-71.147218,42.360891],[-71.144226,42.363024],[-71.139551,42.363698],[-71.135452,42.364849],[-71.135331,42.363175],[-71.136273,42.360903],[-71.136596,42.360161],[-71.136961,42.359315],[-71.137979,42.357608],[-71.139066,42.353791],[-71.140681,42.354004],[-71.144176,42.354889],[-71.149082,42.356151],[-71.153194,42.357226],[-71.153762,42.357525],[-71.154693,42.358139],[-71.160899,42.358625],[-71.15478,42.359162]]]}},{"type":"Feature","properties":{"unit_id":"25017352500","name":"Census Tract 3525 \u2014 Middlesex","native_id":"25017352500","source":"census_tract_2025","adm3_name":"Middlesex County","adm3_id":"25017","area_sqm":240701,"split":false,"population":3086.2617607597413,"days_covered":18,"daytime_peak_f":86.4,"heat_anomaly_f":3.6,"extreme_pct":22.0,"nighttime_stress_f":-3.6,"daytime_peak_f_climrel":0.1994,"heat_anomaly_f_climrel":0.1994,"nighttime_stress_f_climrel":-0.2085,"extreme_pct_climrel":0.55,"ref_daytime_hi_mean":82.8,"ref_daytime_hi_p95":97.0,"rwi_mean":null,"health_per_10k":0.0,"built_frac":0.738,"tree_frac":0.261,"canopy_frac_over_3m":0.255,"viirs_mean":62.6,"gdl_hdi":0.961,"gdl_region":"Massachusetts","ghsl_smod":30,"lst_anomaly_c":4.86,"lst_anomaly_c_climrel":0.6075,"worldpop_pop_total":3317.0,"frac_under5":4.3,"frac_elderly_65plus":9.9,"frac_elderly_75plus":3.1,"old_age_dependency_ratio":0.125,"has_data":true},"geometry":{"type":"Polygon","coordinates":[[[-71.10101,42.369317],[-71.098979,42.37219],[-71.094785,42.368766],[-71.095419,42.367111],[-71.096275,42.364881],[-71.098802,42.365406],[-71.100719,42.366029],[-71.099001,42.36852],[-71.10101,42.369317]]]}},{"type":"Feature","properties":{"unit_id":"25017382400","name":"Census Tract 3824 \u2014 Middlesex","native_id":"25017382400","source":"census_tract_2025","adm3_name":"Middlesex County","adm3_id":"25017","area_sqm":4662565,"split":false,"population":4868.0,"days_covered":18,"daytime_peak_f":86.4,"heat_anomaly_f":2.4,"extreme_pct":17.0,"nighttime_stress_f":-5.7,"daytime_peak_f_climrel":0.1507,"heat_anomaly_f_climrel":0.1507,"nighttime_stress_f_climrel":-0.3,"extreme_pct_climrel":0.425,"ref_daytime_hi_mean":84.0,"ref_daytime_hi_p95":96.2,"rwi_mean":null,"health_per_10k":0.0,"built_frac":0.119,"tree_frac":0.761,"canopy_frac_over_3m":0.476,"viirs_mean":5.8,"gdl_hdi":0.961,"gdl_region":"Massachusetts","ghsl_smod":21,"lst_anomaly_c":-4.02,"lst_anomaly_c_climrel":0,"worldpop_pop_total":5531.0,"frac_under5":5.0,"frac_elderly_65plus":21.2,"frac_elderly_75plus":8.9,"old_age_dependency_ratio":0.348,"has_data":true},"geometry":{"type":"Polygon","coordinates":[[[-71.379993,42.272024],[-71.376303,42.278155],[-71.370457,42.278168],[-71.363797,42.279358],[-71.361184,42.279634],[-71.358196,42.280337],[-71.355742,42.280886],[-71.353043,42.281445],[-71.352121,42.281723],[-71.347244,42.283405],[-71.34729,42.280741],[-71.346982,42.279116],[-71.346531,42.276844],[-71.345419,42.274055],[-71.34508,42.268566],[-71.343069,42.265345],[-71.342319,42.258735],[-71.345346,42.259384],[-71.349641,42.259065],[-71.355534,42.259749],[-71.356412,42.259558],[-71.357109,42.261594],[-71.356607,42.263035],[-71.361243,42.264815],[-71.376833,42.269489],[-71.381728,42.270383],[-71.379993,42.272024]]]}},{"type":"Feature","properties":{"unit_id":"25025100800","name":"Census Tract 1008 \u2014 Suffolk","native_id":"25025100800","source":"census_tract_2025","adm3_name":"Suffolk County","adm3_id":"25025","area_sqm":1746759,"split":false,"population":6152.0,"days_covered":18,"daytime_peak_f":87.3,"heat_anomaly_f":2.9,"extreme_pct":17.0,"nighttime_stress_f":-5.1,"daytime_peak_f_climrel":0.1686,"heat_anomaly_f_climrel":0.1686,"nighttime_stress_f_climrel":-0.3,"extreme_pct_climrel":0.425,"ref_daytime_hi_mean":84.4,"ref_daytime_hi_p95":98.1,"rwi_mean":null,"health_per_10k":0.0,"built_frac":0.355,"tree_frac":0.373,"canopy_frac_over_3m":0.226,"viirs_mean":28.6,"gdl_hdi":0.961,"gdl_region":"Massachusetts","ghsl_smod":30,"lst_anomaly_c":-2.15,"lst_anomaly_c_climrel":0,"worldpop_pop_total":5649.0,"frac_under5":4.7,"frac_elderly_65plus":19.6,"frac_elderly_75plus":8.4,"old_age_dependency_ratio":0.291,"has_data":true},"geometry":{"type":"Polygon","coordinates":[[[-71.068018,42.272216],[-71.067189,42.275504],[-71.066503,42.277904],[-71.06592,42.279928],[-71.064787,42.283999],[-71.064303,42.285699],[-71.063796,42.287492],[-71.060489,42.288294],[-71.058624,42.288442],[-71.055703,42.289158],[-71.055347,42.288242],[-71.054547,42.286615],[-71.054963,42.285575],[-71.056001,42.282921],[-71.056536,42.282583],[-71.057275,42.282449],[-71.058932,42.281991],[-71.058528,42.280061],[-71.054694,42.28034],[-71.053748,42.277996],[-71.053284,42.277502],[-71.055575,42.275052],[-71.053494,42.272458],[-71.053836,42.271699],[-71.062189,42.267159],[-71.064695,42.268607],[-71.065097,42.270659],[-71.067815,42.271396],[-71.06814,42.271],[-71.068018,42.272216]]]}},{"type":"Feature","properties":{"unit_id":"25017374800","name":"Census Tract 3748 \u2014 Middlesex","native_id":"25017374800","source":"census_tract_2025","adm3_name":"Middlesex County","adm3_id":"25017","area_sqm":3149115,"split":false,"population":7512.0,"days_covered":18,"daytime_peak_f":87.0,"heat_anomaly_f":2.5,"extreme_pct":17.0,"nighttime_stress_f":-5.9,"daytime_peak_f_climrel":0.1496,"heat_anomaly_f_climrel":0.1496,"nighttime_stress_f_climrel":-0.3,"extreme_pct_climrel":0.425,"ref_daytime_hi_mean":84.4,"ref_daytime_hi_p95":97.5,"rwi_mean":null,"health_per_10k":0.0,"built_frac":0.183,"tree_frac":0.631,"canopy_frac_over_3m":0.453,"viirs_mean":16.8,"gdl_hdi":0.961,"gdl_region":"Massachusetts","ghsl_smod":30,"lst_anomaly_c":-2.76,"lst_anomaly_c_climrel":0,"worldpop_pop_total":4827.0,"frac_under5":3.8,"frac_elderly_65plus":20.8,"frac_elderly_75plus":11.7,"old_age_dependency_ratio":0.318,"has_data":true},"geometry":{"type":"Polygon","coordinates":[[[-71.269767,42.331181],[-71.267819,42.330575],[-71.26513,42.33183],[-71.263852,42.334721],[-71.26122,42.334605],[-71.259204,42.335419],[-71.258581,42.336834],[-71.25583,42.338996],[-71.258248,42.34119],[-71.260919,42.340982],[-71.25435,42.343292],[-71.251931,42.344838],[-71.249824,42.345685],[-71.246671,42.346101],[-71.237605,42.346906],[-71.2396,42.344493],[-71.236415,42.343196],[-71.238625,42.341047],[-71.239556,42.340063],[-71.241037,42.337582],[-71.240689,42.334222],[-71.243948,42.334405],[-71.244888,42.3337],[-71.246877,42.332126],[-71.248785,42.329902],[-71.250118,42.329442],[-71.2518,42.328365],[-71.25453,42.326441],[-71.258474,42.3253],[-71.258999,42.326341],[-71.263092,42.326052],[-71.265687,42.327242],[-71.269958,42.328086],[-71.269767,42.331181]]]}},{"type":"Feature","properties":{"unit_id":"25017370101","name":"Census Tract 3701.01 \u2014 Middlesex","native_id":"25017370101","source":"census_tract_2025","adm3_name":"Middlesex County","adm3_id":"25017","area_sqm":1419322,"split":false,"population":1778.0,"days_covered":18,"daytime_peak_f":87.1,"heat_anomaly_f":3.0,"extreme_pct":17.0,"nighttime_stress_f":-5.1,"daytime_peak_f_climrel":0.1716,"heat_anomaly_f_climrel":0.1716,"nighttime_stress_f_climrel":-0.3,"extreme_pct_climrel":0.425,"ref_daytime_hi_mean":84.1,"ref_daytime_hi_p95":97.6,"rwi_mean":null,"health_per_10k":5.62429696287964,"built_frac":0.517,"tree_frac":0.399,"canopy_frac_over_3m":0.225,"viirs_mean":18.7,"gdl_hdi":0.961,"gdl_region":"Massachusetts","ghsl_smod":30,"lst_anomaly_c":1.97,"lst_anomaly_c_climrel":0.2462,"worldpop_pop_total":6753.0,"frac_under5":5.8,"frac_elderly_65plus":18.8,"frac_elderly_75plus":8.6,"old_age_dependency_ratio":0.284,"has_data":true},"geometry":{"type":"Polygon","coordinates":[[[-71.205355,42.376526],[-71.202899,42.378612],[-71.198354,42.382477],[-71.194177,42.386031],[-71.192801,42.384559],[-71.190225,42.381786],[-71.189241,42.380727],[-71.190503,42.379867],[-71.189883,42.379202],[-71.18804,42.377353],[-71.191541,42.374945],[-71.189376,42.37429],[-71.189735,42.373694],[-71.190597,42.372658],[-71.190891,42.371604],[-71.194368,42.372731],[-71.195332,42.371011],[-71.199414,42.371987],[-71.201127,42.372796],[-71.203133,42.373318],[-71.208515,42.37385],[-71.205355,42.376526]]]}},{"type":"Feature","properties":{"unit_id":"25025120103","name":"Census Tract 1201.03 \u2014 Suffolk","native_id":"25025120103","source":"census_tract_2025","adm3_name":"Suffolk County","adm3_id":"25025","area_sqm":340186,"split":false,"population":1048.0,"days_covered":18,"daytime_peak_f":87.3,"heat_anomaly_f":2.9,"extreme_pct":17.0,"nighttime_stress_f":-5.1,"daytime_peak_f_climrel":0.1686,"heat_anomaly_f_climrel":0.1686,"nighttime_stress_f_climrel":-0.3,"extreme_pct_climrel":0.425,"ref_daytime_hi_mean":84.4,"ref_daytime_hi_p95":98.1,"rwi_mean":null,"health_per_10k":19.083969465648853,"built_frac":0.415,"tree_frac":0.583,"canopy_frac_over_3m":0.357,"viirs_mean":21.0,"gdl_hdi":0.961,"gdl_region":"Massachusetts","ghsl_smod":30,"lst_anomaly_c":1.01,"lst_anomaly_c_climrel":0.1263,"worldpop_pop_total":1593.0,"frac_under5":5.7,"frac_elderly_65plus":21.4,"frac_elderly_75plus":7.3,"old_age_dependency_ratio":0.332,"has_data":true},"geometry":{"type":"Polygon","coordinates":[[[-71.121905,42.312907],[-71.121007,42.31316],[-71.1185,42.314498],[-71.117003,42.315579],[-71.115673,42.315131],[-71.116293,42.314067],[-71.1141,42.313229],[-71.114397,42.311621],[-71.115133,42.310111],[-71.115472,42.309675],[-71.118254,42.308767],[-71.120727,42.309009],[-71.121612,42.309798],[-71.121905,42.312907]]]}},{"type":"Feature","properties":{"unit_id":"25017341903","name":"Census Tract 3419.03 \u2014 Middlesex","native_id":"25017341903","source":"census_tract_2025","adm3_name":"Middlesex County","adm3_id":"25017","area_sqm":1392267,"split":false,"population":7083.0,"days_covered":18,"daytime_peak_f":86.8,"heat_anomaly_f":3.9,"extreme_pct":22.0,"nighttime_stress_f":-3.5,"daytime_peak_f_climrel":0.2108,"heat_anomaly_f_climrel":0.2108,"nighttime_stress_f_climrel":-0.1981,"extreme_pct_climrel":0.55,"ref_daytime_hi_mean":82.9,"ref_daytime_hi_p95":97.6,"rwi_mean":null,"health_per_10k":1.4118311449950587,"built_frac":0.459,"tree_frac":0.484,"canopy_frac_over_3m":0.324,"viirs_mean":22.9,"gdl_hdi":0.961,"gdl_region":"Massachusetts","ghsl_smod":30,"lst_anomaly_c":0.45,"lst_anomaly_c_climrel":0.0563,"worldpop_pop_total":7272.0,"frac_under5":6.8,"frac_elderly_65plus":10.5,"frac_elderly_75plus":4.0,"old_age_dependency_ratio":0.141,"has_data":true},"geometry":{"type":"Polygon","coordinates":[[[-71.044176,42.442827],[-71.036828,42.443581],[-71.03368,42.443904],[-71.025836,42.444709],[-71.024996,42.443715],[-71.020377,42.43825],[-71.021005,42.437117],[-71.021348,42.436505],[-71.025122,42.437628],[-71.028031,42.435792],[-71.029432,42.435181],[-71.031319,42.434723],[-71.032345,42.434632],[-71.036123,42.434635],[-71.03693,42.436934],[-71.037129,42.436856],[-71.040791,42.438144],[-71.042135,42.438224],[-71.041387,42.440553],[-71.044176,42.442827]]]}},{"type":"Feature","properties":{"unit_id":"25017354100","name":"Census Tract 3541 \u2014 Middlesex","native_id":"25017354100","source":"census_tract_2025","adm3_name":"Middlesex County","adm3_id":"25017","area_sqm":633922,"split":false,"population":3008.0,"days_covered":18,"daytime_peak_f":86.4,"heat_anomaly_f":3.6,"extreme_pct":22.0,"nighttime_stress_f":-3.6,"daytime_peak_f_climrel":0.1994,"heat_anomaly_f_climrel":0.1994,"nighttime_stress_f_climrel":-0.2085,"extreme_pct_climrel":0.55,"ref_daytime_hi_mean":82.8,"ref_daytime_hi_p95":97.0,"rwi_mean":null,"health_per_10k":6.648936170212766,"built_frac":0.438,"tree_frac":0.468,"canopy_frac_over_3m":0.349,"viirs_mean":42.3,"gdl_hdi":0.961,"gdl_region":"Massachusetts","ghsl_smod":30,"lst_anomaly_c":0.76,"lst_anomaly_c_climrel":0.095,"worldpop_pop_total":2949.0,"frac_under5":2.5,"frac_elderly_65plus":28.0,"frac_elderly_75plus":15.9,"old_age_dependency_ratio":0.431,"has_data":true},"geometry":{"type":"Polygon","coordinates":[[[-71.130579,42.374705],[-71.130145,42.377841],[-71.129855,42.377805],[-71.129639,42.380842],[-71.128855,42.381133],[-71.127503,42.380407],[-71.123718,42.378337],[-71.122151,42.376534],[-71.119141,42.375151],[-71.118822,42.374355],[-71.118581,42.373366],[-71.120151,42.372577],[-71.120965,42.371634],[-71.122454,42.369816],[-71.123204,42.368938],[-71.128203,42.373572],[-71.130997,42.373892],[-71.130579,42.374705]]]}},{"type":"Feature","properties":{"unit_id":"25025180500","name":"Census Tract 1805 \u2014 Suffolk","native_id":"25025180500","source":"census_tract_2025","adm3_name":"Suffolk County","adm3_id":"25025","area_sqm":823354,"split":false,"population":1504.0,"days_covered":18,"daytime_peak_f":86.8,"heat_anomaly_f":3.9,"extreme_pct":22.0,"nighttime_stress_f":-3.5,"daytime_peak_f_climrel":0.2108,"heat_anomaly_f_climrel":0.2108,"nighttime_stress_f_climrel":-0.1981,"extreme_pct_climrel":0.55,"ref_daytime_hi_mean":82.9,"ref_daytime_hi_p95":97.6,"rwi_mean":null,"health_per_10k":0.0,"built_frac":0.589,"tree_frac":0.05,"canopy_frac_over_3m":0.054,"viirs_mean":11.7,"gdl_hdi":0.961,"gdl_region":"Massachusetts","ghsl_smod":30,"lst_anomaly_c":-3.54,"lst_anomaly_c_climrel":0,"worldpop_pop_total":3769.0,"frac_under5":4.8,"frac_elderly_65plus":16.8,"frac_elderly_75plus":6.1,"old_age_dependency_ratio":0.239,"has_data":true},"geometry":{"type":"Polygon","coordinates":[[[-70.975377,42.362286],[-70.9740053452562,42.3646975185054],[-70.9712837210795,42.3694824303768],[-70.97066,42.370579],[-70.972828,42.371928],[-70.9729669644569,42.3718969736873],[-70.971154,42.372718],[-70.972424,42.374523],[-70.974817,42.378072],[-70.974944,42.380882],[-70.9725474871818,42.3811464941589],[-70.971573,42.377381],[-70.970474068748,42.3752075779403],[-70.9673378283052,42.3690048476509],[-70.966627,42.367599],[-70.969214,42.364254],[-70.9687847373272,42.3618301210265],[-70.968034,42.357591],[-70.9668748754428,42.3570563182718],[-70.967048,42.356954],[-70.967257,42.357069],[-70.968935,42.355925],[-70.9700244514225,42.3552840314789],[-70.972406,42.35722],[-70.97454,42.35925],[-70.975377,42.362286]]]}},{"type":"Feature","properties":{"unit_id":"25025070902","name":"Census Tract 709.02 \u2014 Suffolk","native_id":"25025070902","source":"census_tract_2025","adm3_name":"Suffolk County","adm3_id":"25025","area_sqm":110956,"split":false,"population":1684.267850903606,"days_covered":18,"daytime_peak_f":87.3,"heat_anomaly_f":2.9,"extreme_pct":17.0,"nighttime_stress_f":-5.1,"daytime_peak_f_climrel":0.1686,"heat_anomaly_f_climrel":0.1686,"nighttime_stress_f_climrel":-0.3,"extreme_pct_climrel":0.425,"ref_daytime_hi_mean":84.4,"ref_daytime_hi_p95":98.1,"rwi_mean":null,"health_per_10k":0.0,"built_frac":0.823,"tree_frac":0.176,"canopy_frac_over_3m":0.129,"viirs_mean":97.5,"gdl_hdi":0.961,"gdl_region":"Massachusetts","ghsl_smod":30,"lst_anomaly_c":4.81,"lst_anomaly_c_climrel":0.6012,"worldpop_pop_total":2409.0,"frac_under5":5.0,"frac_elderly_65plus":11.3,"frac_elderly_75plus":4.7,"old_age_dependency_ratio":0.145,"has_data":true},"geometry":{"type":"Polygon","coordinates":[[[-71.079637,42.33975],[-71.078827,42.340115],[-71.077339,42.340948],[-71.075269,42.339211],[-71.074995,42.337931],[-71.075668,42.337475],[-71.076941,42.336527],[-71.080349,42.339363],[-71.079637,42.33975]]]}},{"type":"Feature","properties":{"unit_id":"25017350108","name":"Census Tract 3501.08 \u2014 Middlesex","native_id":"25017350108","source":"census_tract_2025","adm3_name":"Middlesex County","adm3_id":"25017","area_sqm":412320,"split":false,"population":4176.0,"days_covered":18,"daytime_peak_f":86.4,"heat_anomaly_f":3.6,"extreme_pct":22.0,"nighttime_stress_f":-3.6,"daytime_peak_f_climrel":0.1994,"heat_anomaly_f_climrel":0.1994,"nighttime_stress_f_climrel":-0.2085,"extreme_pct_climrel":0.55,"ref_daytime_hi_mean":82.8,"ref_daytime_hi_p95":97.0,"rwi_mean":null,"health_per_10k":2.3946360153256703,"built_frac":0.809,"tree_frac":0.179,"canopy_frac_over_3m":0.161,"viirs_mean":39.4,"gdl_hdi":0.961,"gdl_region":"Massachusetts","ghsl_smod":30,"lst_anomaly_c":3.91,"lst_anomaly_c_climrel":0.4888,"worldpop_pop_total":4137.0,"frac_under5":4.4,"frac_elderly_65plus":9.9,"frac_elderly_75plus":4.0,"old_age_dependency_ratio":0.133,"has_data":true},"geometry":{"type":"Polygon","coordinates":[[[-71.099608,42.397121],[-71.098349,42.39856],[-71.096301,42.400341],[-71.095526,42.400114],[-71.093883,42.399632],[-71.093007,42.39923],[-71.090881,42.397567],[-71.089843,42.396503],[-71.092022,42.394342],[-71.093417,42.392557],[-71.097649,42.394728],[-71.098647,42.395272],[-71.100394,42.396224],[-71.099608,42.397121]]]}},{"type":"Feature","properties":{"unit_id":"25017312100","name":"Census Tract 3121 \u2014 Middlesex","native_id":"25017312100","source":"census_tract_2025","adm3_name":"Middlesex County","adm3_id":"25017","area_sqm":680160,"split":false,"population":2422.0,"days_covered":18,"daytime_peak_f":86.9,"heat_anomaly_f":2.6,"extreme_pct":17.0,"nighttime_stress_f":-6.2,"daytime_peak_f_climrel":0.155,"heat_anomaly_f_climrel":0.155,"nighttime_stress_f_climrel":-0.3,"extreme_pct_climrel":0.425,"ref_daytime_hi_mean":84.3,"ref_daytime_hi_p95":96.8,"rwi_mean":null,"health_per_10k":0.0,"built_frac":0.601,"tree_frac":0.338,"canopy_frac_over_3m":0.234,"viirs_mean":34.2,"gdl_hdi":0.961,"gdl_region":"Massachusetts","ghsl_smod":30,"lst_anomaly_c":2.85,"lst_anomaly_c_climrel":0.3563,"worldpop_pop_total":3582.0,"frac_under5":6.0,"frac_elderly_65plus":10.8,"frac_elderly_75plus":4.4,"old_age_dependency_ratio":0.16,"has_data":true},"geometry":{"type":"Polygon","coordinates":[[[-71.31253,42.632524],[-71.308951,42.63162],[-71.30552,42.631742],[-71.304917,42.632594],[-71.304085,42.633807],[-71.302642,42.634241],[-71.303389,42.636128],[-71.30149,42.636024],[-71.301211,42.636053],[-71.300507,42.634005],[-71.298487,42.631911],[-71.297482,42.626956],[-71.296064,42.625937],[-71.296305,42.625969],[-71.297781,42.626153],[-71.299731,42.625993],[-71.30164,42.625946],[-71.303132,42.626307],[-71.304692,42.62669],[-71.3081,42.628348],[-71.311575,42.631297],[-71.31253,42.632524]]]}},{"type":"Feature","properties":{"unit_id":"25017334100","name":"Census Tract 3341 \u2014 Middlesex","native_id":"25017334100","source":"census_tract_2025","adm3_name":"Middlesex County","adm3_id":"25017","area_sqm":4410077,"split":false,"population":6892.0,"days_covered":18,"daytime_peak_f":86.5,"heat_anomaly_f":4.0,"extreme_pct":17.0,"nighttime_stress_f":-3.3,"daytime_peak_f_climrel":0.2318,"heat_anomaly_f_climrel":0.2318,"nighttime_stress_f_climrel":-0.1839,"extreme_pct_climrel":0.425,"ref_daytime_hi_mean":82.5,"ref_daytime_hi_p95":96.1,"rwi_mean":null,"health_per_10k":2.901915264074289,"built_frac":0.168,"tree_frac":0.798,"canopy_frac_over_3m":0.526,"viirs_mean":15.9,"gdl_hdi":0.961,"gdl_region":"Massachusetts","ghsl_smod":30,"lst_anomaly_c":-2.09,"lst_anomaly_c_climrel":0,"worldpop_pop_total":6948.0,"frac_under5":5.2,"frac_elderly_65plus":22.0,"frac_elderly_75plus":10.0,"old_age_dependency_ratio":0.365,"has_data":true},"geometry":{"type":"Polygon","coordinates":[[[-71.132516,42.531286],[-71.128547,42.527893],[-71.126206,42.527467],[-71.124916,42.525615],[-71.124549,42.524395],[-71.12061,42.519741],[-71.119801,42.517945],[-71.119635,42.51744],[-71.114776,42.518449],[-71.107585,42.521573],[-71.105803,42.520871],[-71.103212,42.521113],[-71.103305,42.520019],[-71.104195,42.507983],[-71.103362,42.505597],[-71.101786,42.502134],[-71.11976,42.500292],[-71.122395,42.504153],[-71.12419,42.508317],[-71.129932,42.519384],[-71.135454,42.530001],[-71.132516,42.531286]]]}},{"type":"Feature","properties":{"unit_id":"25017353102","name":"Census Tract 3531.02 \u2014 Middlesex","native_id":"25017353102","source":"census_tract_2025","adm3_name":"Middlesex County","adm3_id":"25017","area_sqm":983737,"split":false,"population":27410.0,"days_covered":18,"daytime_peak_f":86.4,"heat_anomaly_f":3.6,"extreme_pct":22.0,"nighttime_stress_f":-3.6,"daytime_peak_f_climrel":0.1994,"heat_anomaly_f_climrel":0.1994,"nighttime_stress_f_climrel":-0.2085,"extreme_pct_climrel":0.55,"ref_daytime_hi_mean":82.8,"ref_daytime_hi_p95":97.0,"rwi_mean":null,"health_per_10k":0.36483035388544327,"built_frac":0.461,"tree_frac":0.07,"canopy_frac_over_3m":0.067,"viirs_mean":64.6,"gdl_hdi":0.961,"gdl_region":"Massachusetts","ghsl_smod":30,"lst_anomaly_c":-3.57,"lst_anomaly_c_climrel":0,"worldpop_pop_total":6343.0,"frac_under5":2.5,"frac_elderly_65plus":0.9,"frac_elderly_75plus":0.4,"old_age_dependency_ratio":0.009,"has_data":true},"geometry":{"type":"Polygon","coordinates":[[[-71.108279,42.354059],[-71.09934,42.35856],[-71.095412,42.360501],[-71.090785,42.362746],[-71.090351,42.363175],[-71.089704,42.364891],[-71.089432,42.36479],[-71.087331,42.363952],[-71.084389,42.362713],[-71.083456,42.362226],[-71.078237,42.361818],[-71.075657,42.361613],[-71.076092,42.36038],[-71.077952,42.358735],[-71.085175,42.356333],[-71.087511,42.355557],[-71.091235,42.354338],[-71.093002,42.353894],[-71.09789,42.35312],[-71.103032,42.352514],[-71.104316,42.352403],[-71.110358,42.352586],[-71.108279,42.354059]]]}},{"type":"Feature","properties":{"unit_id":"25017351204","name":"Census Tract 3512.04 \u2014 Middlesex","native_id":"25017351204","source":"census_tract_2025","adm3_name":"Middlesex County","adm3_id":"25017","area_sqm":579327,"split":false,"population":6016.0,"days_covered":18,"daytime_peak_f":86.4,"heat_anomaly_f":3.6,"extreme_pct":22.0,"nighttime_stress_f":-3.6,"daytime_peak_f_climrel":0.1994,"heat_anomaly_f_climrel":0.1994,"nighttime_stress_f_climrel":-0.2085,"extreme_pct_climrel":0.55,"ref_daytime_hi_mean":82.8,"ref_daytime_hi_p95":97.0,"rwi_mean":null,"health_per_10k":8.311170212765958,"built_frac":0.846,"tree_frac":0.137,"canopy_frac_over_3m":0.138,"viirs_mean":39.4,"gdl_hdi":0.961,"gdl_region":"Massachusetts","ghsl_smod":30,"lst_anomaly_c":6.33,"lst_anomaly_c_climrel":0.7913,"worldpop_pop_total":4233.0,"frac_under5":4.7,"frac_elderly_65plus":8.4,"frac_elderly_75plus":3.2,"old_age_dependency_ratio":0.102,"has_data":true},"geometry":{"type":"Polygon","coordinates":[[[-71.111775,42.384554],[-71.110644,42.384831],[-71.109152,42.385135],[-71.106386,42.384152],[-71.106699,42.383688],[-71.102723,42.383621],[-71.101243,42.383195],[-71.100403,42.384362],[-71.097507,42.381481],[-71.097172,42.381019],[-71.095919,42.379656],[-71.096387,42.379635],[-71.099478,42.37932],[-71.101428,42.379403],[-71.102797,42.379153],[-71.107272,42.378087],[-71.108457,42.379112],[-71.107855,42.379374],[-71.109649,42.380833],[-71.110643,42.38164],[-71.112661,42.383385],[-71.111775,42.384554]]]}},{"type":"Feature","properties":{"unit_id":"25025010701","name":"Census Tract 107.01 \u2014 Suffolk","native_id":"25025010701","source":"census_tract_2025","adm3_name":"Suffolk County","adm3_id":"25025","area_sqm":202021,"split":false,"population":3368.3887272352276,"days_covered":18,"daytime_peak_f":87.3,"heat_anomaly_f":2.9,"extreme_pct":17.0,"nighttime_stress_f":-5.1,"daytime_peak_f_climrel":0.1686,"heat_anomaly_f_climrel":0.1686,"nighttime_stress_f_climrel":-0.3,"extreme_pct_climrel":0.425,"ref_daytime_hi_mean":84.4,"ref_daytime_hi_p95":98.1,"rwi_mean":null,"health_per_10k":23.750227921485763,"built_frac":0.796,"tree_frac":0.201,"canopy_frac_over_3m":0.117,"viirs_mean":92.0,"gdl_hdi":0.961,"gdl_region":"Massachusetts","ghsl_smod":30,"lst_anomaly_c":3.69,"lst_anomaly_c_climrel":0.4612,"worldpop_pop_total":2364.0,"frac_under5":2.0,"frac_elderly_65plus":12.0,"frac_elderly_75plus":5.1,"old_age_dependency_ratio":0.145,"has_data":true},"geometry":{"type":"Polygon","coordinates":[[[-71.08871,42.349252],[-71.086243,42.34991],[-71.084699,42.350297],[-71.085125,42.351144],[-71.083173,42.351651],[-71.080862,42.352267],[-71.080296,42.351121],[-71.07986,42.350304],[-71.079508,42.349508],[-71.083749,42.34838],[-71.085602,42.347884],[-71.087758,42.3473],[-71.087916,42.347461],[-71.08871,42.349252]]]}},{"type":"Feature","properties":{"unit_id":"25025000601","name":"Census Tract 6.01 \u2014 Suffolk","native_id":"25025000601","source":"census_tract_2025","adm3_name":"Suffolk County","adm3_id":"25025","area_sqm":495266,"split":false,"population":3623.0,"days_covered":18,"daytime_peak_f":86.4,"heat_anomaly_f":3.6,"extreme_pct":22.0,"nighttime_stress_f":-3.6,"daytime_peak_f_climrel":0.1994,"heat_anomaly_f_climrel":0.1994,"nighttime_stress_f_climrel":-0.2085,"extreme_pct_climrel":0.55,"ref_daytime_hi_mean":82.8,"ref_daytime_hi_p95":97.0,"rwi_mean":null,"health_per_10k":5.520287054926857,"built_frac":0.785,"tree_frac":0.193,"canopy_frac_over_3m":0.158,"viirs_mean":76.4,"gdl_hdi":0.961,"gdl_region":"Massachusetts","ghsl_smod":30,"lst_anomaly_c":2.73,"lst_anomaly_c_climrel":0.3412,"worldpop_pop_total":3686.0,"frac_under5":4.2,"frac_elderly_65plus":11.4,"frac_elderly_75plus":6.1,"old_age_dependency_ratio":0.141,"has_data":true},"geometry":{"type":"Polygon","coordinates":[[[-71.153992,42.347932],[-71.153449,42.349146],[-71.153421,42.349458],[-71.152384,42.350903],[-71.151915,42.35164],[-71.147862,42.350345],[-71.146743,42.352294],[-71.150881,42.35335],[-71.150358,42.354193],[-71.149082,42.356151],[-71.144176,42.354889],[-71.140681,42.354004],[-71.139066,42.353791],[-71.137341,42.35359],[-71.140266,42.352543],[-71.143981,42.351433],[-71.145612,42.350786],[-71.147079,42.350165],[-71.149943,42.349036],[-71.149755,42.348185],[-71.151235,42.345813],[-71.153067,42.346154],[-71.153786,42.347256],[-71.153992,42.347932]]]}},{"type":"Feature","properties":{"unit_id":"25017338400","name":"Census Tract 3384 \u2014 Middlesex","native_id":"25017338400","source":"census_tract_2025","adm3_name":"Middlesex County","adm3_id":"25017","area_sqm":6100904,"split":false,"population":5799.0,"days_covered":18,"daytime_peak_f":87.1,"heat_anomaly_f":3.0,"extreme_pct":17.0,"nighttime_stress_f":-5.1,"daytime_peak_f_climrel":0.1716,"heat_anomaly_f_climrel":0.1716,"nighttime_stress_f_climrel":-0.3,"extreme_pct_climrel":0.425,"ref_daytime_hi_mean":84.1,"ref_daytime_hi_p95":97.6,"rwi_mean":null,"health_per_10k":0.0,"built_frac":0.077,"tree_frac":0.783,"canopy_frac_over_3m":0.516,"viirs_mean":7.8,"gdl_hdi":0.961,"gdl_region":"Massachusetts","ghsl_smod":21,"lst_anomaly_c":-4.43,"lst_anomaly_c_climrel":0,"worldpop_pop_total":6216.0,"frac_under5":4.8,"frac_elderly_65plus":20.8,"frac_elderly_75plus":10.0,"old_age_dependency_ratio":0.36,"has_data":true},"geometry":{"type":"Polygon","coordinates":[[[-71.189635,42.44983],[-71.175673,42.455313],[-71.164343,42.459758],[-71.160047,42.456858],[-71.159036,42.454265],[-71.157034,42.451664],[-71.156411,42.450852],[-71.154135,42.447344],[-71.148106,42.449678],[-71.14741,42.448845],[-71.144042,42.446978],[-71.140103,42.444911],[-71.142098,42.442395],[-71.14533,42.435756],[-71.145997,42.435749],[-71.149886,42.43584],[-71.155677,42.435833],[-71.164854,42.43599],[-71.173708,42.436137],[-71.182277,42.436279],[-71.177885,42.440201],[-71.182378,42.443499],[-71.183486,42.444117],[-71.183459,42.444187],[-71.183948,42.444289],[-71.185713,42.445004],[-71.189635,42.44983]]]}},{"type":"Feature","properties":{"unit_id":"25017370202","name":"Census Tract 3702.02 \u2014 Middlesex","native_id":"25017370202","source":"census_tract_2025","adm3_name":"Middlesex County","adm3_id":"25017","area_sqm":1066365,"split":false,"population":6819.0,"days_covered":18,"daytime_peak_f":87.1,"heat_anomaly_f":3.0,"extreme_pct":17.0,"nighttime_stress_f":-5.1,"daytime_peak_f_climrel":0.1716,"heat_anomaly_f_climrel":0.1716,"nighttime_stress_f_climrel":-0.3,"extreme_pct_climrel":0.425,"ref_daytime_hi_mean":84.1,"ref_daytime_hi_p95":97.6,"rwi_mean":null,"health_per_10k":0.0,"built_frac":0.521,"tree_frac":0.44,"canopy_frac_over_3m":0.267,"viirs_mean":19.2,"gdl_hdi":0.961,"gdl_region":"Massachusetts","ghsl_smod":30,"lst_anomaly_c":1.47,"lst_anomaly_c_climrel":0.1837,"worldpop_pop_total":3845.0,"frac_under5":5.1,"frac_elderly_65plus":19.6,"frac_elderly_75plus":7.9,"old_age_dependency_ratio":0.292,"has_data":true},"geometry":{"type":"Polygon","coordinates":[[[-71.191541,42.374945],[-71.18804,42.377353],[-71.189883,42.379202],[-71.190503,42.379867],[-71.189241,42.380727],[-71.187109,42.380363],[-71.186461,42.380328],[-71.185162,42.380391],[-71.183,42.380319],[-71.181106,42.380184],[-71.179532,42.380173],[-71.177654,42.379739],[-71.175485,42.379384],[-71.175688,42.379138],[-71.17764,42.374748],[-71.179284,42.369741],[-71.17829,42.368174],[-71.179831,42.367467],[-71.181256,42.368569],[-71.182558,42.369499],[-71.18329,42.370034],[-71.184664,42.371038],[-71.187482,42.373107],[-71.189376,42.37429],[-71.191541,42.374945]]]}},{"type":"Feature","properties":{"unit_id":"25025160102","name":"Census Tract 1601.02 \u2014 Suffolk","native_id":"25025160102","source":"census_tract_2025","adm3_name":"Suffolk County","adm3_id":"25025","area_sqm":225365,"split":false,"population":1106.3201996625546,"days_covered":18,"daytime_peak_f":86.8,"heat_anomaly_f":3.9,"extreme_pct":22.0,"nighttime_stress_f":-3.5,"daytime_peak_f_climrel":0.2108,"heat_anomaly_f_climrel":0.2108,"nighttime_stress_f_climrel":-0.1981,"extreme_pct_climrel":0.55,"ref_daytime_hi_mean":82.9,"ref_daytime_hi_p95":97.6,"rwi_mean":null,"health_per_10k":0.0,"built_frac":0.841,"tree_frac":0.138,"canopy_frac_over_3m":0.057,"viirs_mean":119.0,"gdl_hdi":0.961,"gdl_region":"Massachusetts","ghsl_smod":30,"lst_anomaly_c":5.84,"lst_anomaly_c_climrel":0.73,"worldpop_pop_total":3677.0,"frac_under5":7.5,"frac_elderly_65plus":6.6,"frac_elderly_75plus":2.2,"old_age_dependency_ratio":0.095,"has_data":true},"geometry":{"type":"Polygon","coordinates":[[[-71.032723,42.393547],[-71.032154,42.393878],[-71.030379,42.394883],[-71.028921,42.394365],[-71.026185,42.392384],[-71.025489,42.391336],[-71.025002,42.390527],[-71.02288,42.390144],[-71.023086,42.389468],[-71.029344,42.390663],[-71.032634,42.391592],[-71.032301,42.392216],[-71.03295,42.393099],[-71.032723,42.393547]]]}},{"type":"Feature","properties":{"unit_id":"25017351002","name":"Census Tract 3510.02 \u2014 Middlesex","native_id":"25017351002","source":"census_tract_2025","adm3_name":"Middlesex County","adm3_id":"25017","area_sqm":273796,"split":false,"population":1945.1579744229416,"days_covered":18,"daytime_peak_f":86.4,"heat_anomaly_f":3.6,"extreme_pct":22.0,"nighttime_stress_f":-3.6,"daytime_peak_f_climrel":0.1994,"heat_anomaly_f_climrel":0.1994,"nighttime_stress_f_climrel":-0.2085,"extreme_pct_climrel":0.55,"ref_daytime_hi_mean":82.8,"ref_daytime_hi_p95":97.0,"rwi_mean":null,"health_per_10k":0.0,"built_frac":0.751,"tree_frac":0.249,"canopy_frac_over_3m":0.234,"viirs_mean":31.7,"gdl_hdi":0.961,"gdl_region":"Massachusetts","ghsl_smod":30,"lst_anomaly_c":3.68,"lst_anomaly_c_climrel":0.46,"worldpop_pop_total":2851.0,"frac_under5":3.8,"frac_elderly_65plus":8.8,"frac_elderly_75plus":3.5,"old_age_dependency_ratio":0.107,"has_data":true},"geometry":{"type":"Polygon","coordinates":[[[-71.115142,42.392783],[-71.114898,42.393292],[-71.113676,42.39483],[-71.11109,42.394013],[-71.111243,42.393767],[-71.106662,42.392069],[-71.107942,42.390203],[-71.109409,42.390866],[-71.110372,42.389462],[-71.109623,42.387794],[-71.11167,42.389123],[-71.11362,42.390473],[-71.114983,42.391414],[-71.115738,42.391839],[-71.115142,42.392783]]]}},{"type":"Feature","properties":{"unit_id":"25017342502","name":"Census Tract 3425.02 \u2014 Middlesex","native_id":"25017342502","source":"census_tract_2025","adm3_name":"Middlesex County","adm3_id":"25017","area_sqm":265318,"split":false,"population":4670.0,"days_covered":18,"daytime_peak_f":86.8,"heat_anomaly_f":3.9,"extreme_pct":22.0,"nighttime_stress_f":-3.5,"daytime_peak_f_climrel":0.2108,"heat_anomaly_f_climrel":0.2108,"nighttime_stress_f_climrel":-0.1981,"extreme_pct_climrel":0.55,"ref_daytime_hi_mean":82.9,"ref_daytime_hi_p95":97.6,"rwi_mean":null,"health_per_10k":4.282655246252676,"built_frac":0.877,"tree_frac":0.122,"canopy_frac_over_3m":0.125,"viirs_mean":45.9,"gdl_hdi":0.961,"gdl_region":"Massachusetts","ghsl_smod":30,"lst_anomaly_c":4.99,"lst_anomaly_c_climrel":0.6238,"worldpop_pop_total":3195.0,"frac_under5":6.1,"frac_elderly_65plus":10.1,"frac_elderly_75plus":4.2,"old_age_dependency_ratio":0.144,"has_data":true},"geometry":{"type":"Polygon","coordinates":[[[-71.052025,42.410811],[-71.050484,42.412524],[-71.050091,42.41292],[-71.048196,42.415147],[-71.046228,42.413425],[-71.045673,42.412424],[-71.04567,42.410119],[-71.046189,42.408406],[-71.046478,42.407752],[-71.048792,42.408201],[-71.052173,42.410646],[-71.052025,42.410811]]]}},{"type":"Feature","properties":{"unit_id":"25025070402","name":"Census Tract 704.02 \u2014 Suffolk","native_id":"25025070402","source":"census_tract_2025","adm3_name":"Suffolk County","adm3_id":"25025","area_sqm":247190,"split":false,"population":8532.0,"days_covered":18,"daytime_peak_f":87.3,"heat_anomaly_f":2.9,"extreme_pct":17.0,"nighttime_stress_f":-5.1,"daytime_peak_f_climrel":0.1686,"heat_anomaly_f_climrel":0.1686,"nighttime_stress_f_climrel":-0.3,"extreme_pct_climrel":0.425,"ref_daytime_hi_mean":84.4,"ref_daytime_hi_p95":98.1,"rwi_mean":null,"health_per_10k":1.1720581340834506,"built_frac":0.949,"tree_frac":0.047,"canopy_frac_over_3m":0.077,"viirs_mean":123.4,"gdl_hdi":0.961,"gdl_region":"Massachusetts","ghsl_smod":30,"lst_anomaly_c":2.75,"lst_anomaly_c_climrel":0.3438,"worldpop_pop_total":4370.0,"frac_under5":3.3,"frac_elderly_65plus":15.7,"frac_elderly_75plus":7.4,"old_age_dependency_ratio":0.203,"has_data":true},"geometry":{"type":"Polygon","coordinates":[[[-71.068503,42.347602],[-71.068193,42.347866],[-71.066158,42.347589],[-71.064434,42.347186],[-71.063039,42.34685],[-71.060705,42.346253],[-71.060911,42.345709],[-71.061716,42.343964],[-71.062215,42.342915],[-71.062529,42.343009],[-71.064406,42.343501],[-71.06593,42.343936],[-71.067073,42.344308],[-71.069855,42.345266],[-71.068503,42.347602]]]}},{"type":"Feature","properties":{"unit_id":"25017352800","name":"Census Tract 3528 \u2014 Middlesex","native_id":"25017352800","source":"census_tract_2025","adm3_name":"Middlesex County","adm3_id":"25017","area_sqm":144694,"split":false,"population":6918.0,"days_covered":18,"daytime_peak_f":86.4,"heat_anomaly_f":3.6,"extreme_pct":22.0,"nighttime_stress_f":-3.6,"daytime_peak_f_climrel":0.1994,"heat_anomaly_f_climrel":0.1994,"nighttime_stress_f_climrel":-0.2085,"extreme_pct_climrel":0.55,"ref_daytime_hi_mean":82.8,"ref_daytime_hi_p95":97.0,"rwi_mean":null,"health_per_10k":2.891008962127783,"built_frac":0.884,"tree_frac":0.116,"canopy_frac_over_3m":0.131,"viirs_mean":47.4,"gdl_hdi":0.961,"gdl_region":"Massachusetts","ghsl_smod":30,"lst_anomaly_c":6.19,"lst_anomaly_c_climrel":0.7738,"worldpop_pop_total":1867.0,"frac_under5":3.9,"frac_elderly_65plus":9.0,"frac_elderly_75plus":4.3,"old_age_dependency_ratio":0.113,"has_data":true},"geometry":{"type":"Polygon","coordinates":[[[-71.100834,42.373748],[-71.093279,42.372754],[-71.094785,42.368766],[-71.098979,42.37219],[-71.100834,42.373748]]]}},{"type":"Feature","properties":{"unit_id":"25017357400","name":"Census Tract 3574 \u2014 Middlesex","native_id":"25017357400","source":"census_tract_2025","adm3_name":"Middlesex County","adm3_id":"25017","area_sqm":669600,"split":false,"population":1347.0,"days_covered":18,"daytime_peak_f":87.1,"heat_anomaly_f":3.0,"extreme_pct":17.0,"nighttime_stress_f":-5.1,"daytime_peak_f_climrel":0.1716,"heat_anomaly_f_climrel":0.1716,"nighttime_stress_f_climrel":-0.3,"extreme_pct_climrel":0.425,"ref_daytime_hi_mean":84.1,"ref_daytime_hi_p95":97.6,"rwi_mean":null,"health_per_10k":7.423904974016332,"built_frac":0.329,"tree_frac":0.601,"canopy_frac_over_3m":0.311,"viirs_mean":15.7,"gdl_hdi":0.961,"gdl_region":"Massachusetts","ghsl_smod":30,"lst_anomaly_c":-0.0,"lst_anomaly_c_climrel":0,"worldpop_pop_total":2215.0,"frac_under5":4.1,"frac_elderly_65plus":20.6,"frac_elderly_75plus":9.6,"old_age_dependency_ratio":0.34,"has_data":true},"geometry":{"type":"Polygon","coordinates":[[[-71.175599,42.379436],[-71.174593,42.380509],[-71.175015,42.381863],[-71.170777,42.383199],[-71.169405,42.386436],[-71.167535,42.386402],[-71.165259,42.385999],[-71.165328,42.385652],[-71.163536,42.382479],[-71.163338,42.381771],[-71.163496,42.377024],[-71.163363,42.376802],[-71.164483,42.376886],[-71.166466,42.377177],[-71.169996,42.377814],[-71.171229,42.378279],[-71.171371,42.378291],[-71.173424,42.378916],[-71.175485,42.379384],[-71.175461,42.379413],[-71.175599,42.379436]]]}},{"type":"Feature","properties":{"unit_id":"25025050700","name":"Census Tract 507 \u2014 Suffolk","native_id":"25025050700","source":"census_tract_2025","adm3_name":"Suffolk County","adm3_id":"25025","area_sqm":267935,"split":false,"population":1954.3004079958876,"days_covered":18,"daytime_peak_f":86.8,"heat_anomaly_f":3.9,"extreme_pct":22.0,"nighttime_stress_f":-3.5,"daytime_peak_f_climrel":0.2108,"heat_anomaly_f_climrel":0.2108,"nighttime_stress_f_climrel":-0.1981,"extreme_pct_climrel":0.55,"ref_daytime_hi_mean":82.9,"ref_daytime_hi_p95":97.6,"rwi_mean":null,"health_per_10k":0.0,"built_frac":0.783,"tree_frac":0.135,"canopy_frac_over_3m":0.032,"viirs_mean":75.0,"gdl_hdi":0.961,"gdl_region":"Massachusetts","ghsl_smod":30,"lst_anomaly_c":3.79,"lst_anomaly_c_climrel":0.4738,"worldpop_pop_total":4081.0,"frac_under5":6.0,"frac_elderly_65plus":6.5,"frac_elderly_75plus":2.6,"old_age_dependency_ratio":0.086,"has_data":true},"geometry":{"type":"Polygon","coordinates":[[[-71.03878,42.374927],[-71.035834,42.376031],[-71.036256,42.376652],[-71.034096,42.37745],[-71.033678,42.376827],[-71.031044,42.37732],[-71.03054,42.377006],[-71.029191,42.378128],[-71.027727,42.377211],[-71.032102,42.373495],[-71.033536,42.372623],[-71.034449,42.372711],[-71.037901,42.374452],[-71.03878,42.374927]]]}},{"type":"Feature","properties":{"unit_id":"25017383700","name":"Census Tract 3837 \u2014 Middlesex","native_id":"25017383700","source":"census_tract_2025","adm3_name":"Middlesex County","adm3_id":"25017","area_sqm":4293519,"split":false,"population":8602.0,"days_covered":18,"daytime_peak_f":86.4,"heat_anomaly_f":2.4,"extreme_pct":17.0,"nighttime_stress_f":-5.7,"daytime_peak_f_climrel":0.1507,"heat_anomaly_f_climrel":0.1507,"nighttime_stress_f_climrel":-0.3,"extreme_pct_climrel":0.425,"ref_daytime_hi_mean":84.0,"ref_daytime_hi_p95":96.2,"rwi_mean":null,"health_per_10k":0.0,"built_frac":0.24,"tree_frac":0.622,"canopy_frac_over_3m":0.382,"viirs_mean":15.0,"gdl_hdi":0.961,"gdl_region":"Massachusetts","ghsl_smod":21,"lst_anomaly_c":-2.39,"lst_anomaly_c_climrel":0,"worldpop_pop_total":4950.0,"frac_under5":5.3,"frac_elderly_65plus":20.2,"frac_elderly_75plus":9.4,"old_age_dependency_ratio":0.316,"has_data":true},"geometry":{"type":"Polygon","coordinates":[[[-71.41666,42.312345],[-71.415953,42.313044],[-71.415439,42.314538],[-71.41504,42.316207],[-71.411504,42.320139],[-71.407643,42.322455],[-71.405215,42.322996],[-71.400849,42.324965],[-71.399918,42.325209],[-71.399726,42.325091],[-71.395995,42.325043],[-71.3912,42.326188],[-71.386109,42.325961],[-71.384896,42.326978],[-71.381804,42.32852],[-71.377687,42.314669],[-71.379763,42.311988],[-71.38232,42.30873],[-71.383149,42.307674],[-71.38352,42.308545],[-71.384986,42.310526],[-71.389988,42.311536],[-71.392114,42.312452],[-71.401007,42.307822],[-71.401804,42.309709],[-71.402023,42.311938],[-71.404453,42.310495],[-71.406304,42.309792],[-71.407485,42.309684],[-71.411244,42.309107],[-71.411811,42.309152],[-71.413437,42.309703],[-71.417017,42.311236],[-71.41666,42.312345]]]}},{"type":"Feature","properties":{"unit_id":"25025060603","name":"Census Tract 606.03 \u2014 Suffolk","native_id":"25025060603","source":"census_tract_2025","adm3_name":"Suffolk County","adm3_id":"25025","area_sqm":398230,"split":false,"population":4305.0,"days_covered":18,"daytime_peak_f":86.6,"heat_anomaly_f":4.2,"extreme_pct":28.0,"nighttime_stress_f":-3.3,"daytime_peak_f_climrel":0.2575,"heat_anomaly_f_climrel":0.2575,"nighttime_stress_f_climrel":-0.196,"extreme_pct_climrel":0.7,"ref_daytime_hi_mean":82.4,"ref_daytime_hi_p95":95.6,"rwi_mean":null,"health_per_10k":0.0,"built_frac":0.895,"tree_frac":0.028,"canopy_frac_over_3m":0.01,"viirs_mean":170.0,"gdl_hdi":0.961,"gdl_region":"Massachusetts","ghsl_smod":30,"lst_anomaly_c":1.03,"lst_anomaly_c_climrel":0.1288,"worldpop_pop_total":2008.0,"frac_under5":2.9,"frac_elderly_65plus":4.4,"frac_elderly_75plus":0.8,"old_age_dependency_ratio":0.049,"has_data":true},"geometry":{"type":"Polygon","coordinates":[[[-71.047636,42.348963],[-71.04557,42.351705],[-71.035987,42.347703],[-71.035134,42.3466],[-71.037451,42.343214],[-71.039493,42.344487],[-71.042081,42.346167],[-71.046084,42.348255],[-71.047636,42.348963]]]}},{"type":"Feature","properties":{"unit_id":"25017331200","name":"Census Tract 3312 \u2014 Middlesex","native_id":"25017331200","source":"census_tract_2025","adm3_name":"Middlesex County","adm3_id":"25017","area_sqm":6337629,"split":false,"population":4725.0,"days_covered":18,"daytime_peak_f":86.6,"heat_anomaly_f":2.5,"extreme_pct":17.0,"nighttime_stress_f":-5.3,"daytime_peak_f_climrel":0.1456,"heat_anomaly_f_climrel":0.1456,"nighttime_stress_f_climrel":-0.3,"extreme_pct_climrel":0.425,"ref_daytime_hi_mean":84.1,"ref_daytime_hi_p95":97.1,"rwi_mean":null,"health_per_10k":2.1164021164021163,"built_frac":0.11,"tree_frac":0.82,"canopy_frac_over_3m":0.589,"viirs_mean":7.6,"gdl_hdi":0.961,"gdl_region":"Massachusetts","ghsl_smod":21,"lst_anomaly_c":-6.13,"lst_anomaly_c_climrel":0,"worldpop_pop_total":5191.0,"frac_under5":6.0,"frac_elderly_65plus":16.2,"frac_elderly_75plus":6.3,"old_age_dependency_ratio":0.247,"has_data":true},"geometry":{"type":"Polygon","coordinates":[[[-71.213681,42.571178],[-71.211127,42.573313],[-71.198854,42.56752],[-71.192646,42.564583],[-71.190824,42.567269],[-71.188558,42.570894],[-71.180597,42.583629],[-71.175195,42.592266],[-71.165557,42.597622],[-71.166467,42.591532],[-71.168025,42.583848],[-71.169898,42.572011],[-71.171941,42.56013],[-71.175379,42.549139],[-71.176388,42.549049],[-71.178845,42.551992],[-71.185672,42.556855],[-71.191989,42.5613],[-71.206125,42.566729],[-71.215128,42.570536],[-71.213681,42.571178]]]}}]}